selection_rank,target_state,candidate_id,pair_id,generator_route_id,generator_family,model_id,assigned_voice_id,assigned_speaker_id,assigned_emotion_id,terminal_state,actual_voice_id,actual_speaker_id,actual_emotion_id,actual_seed,generation_attempts,retry_errors,raw_relative_path,raw_audio_sha256,duration_s,original_sr,device,error
4,target,xlsr_sls_model_v4_kk_spoof:Train/tv_news/5fe2a6f316cff,v4:kk:Train/tv_news/5fe2a6f316cff,kk-piper-issai-high-v1,piper_neural_tts,piper_kk_issai_high,ISSAI_KazakhTTS2_M2,,,succeeded,ISSAI_KazakhTTS2_M2,,,743628347,1,[],raw/v4/xlsr_sls_model_v4_kk_spoof_raw_v1/kk-piper-issai-high-v1/94/94965d5e61463cc52ef5ebfc12aa3325878172112382c5fc9cafe013335def7a.wav,e6fe1c2499e70169dabf74f7bd7b7f52c0e39625fb3a0e30407a468bed32647b,4.133151927437642,22050,local_cpu_piper,
8,target,xlsr_sls_model_v4_kk_spoof:Train/talkshow/01_03_117,v4:kk:Train/talkshow/01_03_117,kk-piper-issai-high-v1,piper_neural_tts,piper_kk_issai_high,ISSAI_KazakhTTS_M1_Iseke,1,,succeeded,ISSAI_KazakhTTS_M1_Iseke,1,,1872061089,1,[],raw/v4/xlsr_sls_model_v4_kk_spoof_raw_v1/kk-piper-issai-high-v1/fd/fdd57611fc82e8f1f0769e5dcf6155c0e2bdcd1f6b1d85ef8e1ebeb3aa99a56a.wav,02fca0e30c7675d15bef1b262672a349d041ffa310c3f69fbdfe94fee2fabb9b,10.24,22050,local_cpu_piper,
12,target,xlsr_sls_model_v4_kk_spoof:Train/radio/01_55_261,v4:kk:Train/radio/01_55_261,kk-piper-issai-high-v1,piper_neural_tts,piper_kk_issai_high,ISSAI_KazakhTTS2_F3,2,,succeeded,ISSAI_KazakhTTS2_F3,2,,1175463924,1,[],raw/v4/xlsr_sls_model_v4_kk_spoof_raw_v1/kk-piper-issai-high-v1/08/08a438a039c2bfa9962adea4a2020b8689c12a9b2ab57b52d7cbb467204fa26c.wav,302a843dfd5db200f0ffa9fa115e03f977bf6f2d925f83fd99814de1d96860d2,1.172607709750567,22050,local_cpu_piper,
16,target,xlsr_sls_model_v4_kk_spoof:Train/parliament/mazhilis_20_355,v4:kk:Train/parliament/mazhilis_20_355,kk-piper-issai-high-v1,piper_neural_tts,piper_kk_issai_high,ISSAI_KazakhTTS_F1_Raya,3,,succeeded,ISSAI_KazakhTTS_F1_Raya,3,,1483782515,1,[],raw/v4/xlsr_sls_model_v4_kk_spoof_raw_v1/kk-piper-issai-high-v1/db/db931b09375c2548dcf282ef969d197ac2bcbdd1a83a06f51c99968a6d81e292.wav,64d9b09e13b4ff6b443ba51e94742fc56218b21e19162a9ebb016431fe870a47,4.748480725623582,22050,local_cpu_piper,
20,target,xlsr_sls_model_v4_kk_spoof:Train/talkshow/01_05_360,v4:kk:Train/talkshow/01_05_360,kk-piper-issai-high-v1,piper_neural_tts,piper_kk_issai_high,ISSAI_KazakhTTS2_F1,4,,succeeded,ISSAI_KazakhTTS2_F1,4,,308427311,1,[],raw/v4/xlsr_sls_model_v4_kk_spoof_raw_v1/kk-piper-issai-high-v1/78/78827aa18009ff8e87ea5703c48bf4945e38806b2db1fefb2c7c77672ffb3a8f.wav,a87318b26ac9d4928e99de6c2af4e50be85c16158cc169e953e5ca95414eaa88,6.942766439909297,22050,local_cpu_piper,
24,target,xlsr_sls_model_v4_kk_spoof:Train/parliament/senate_10_314,v4:kk:Train/parliament/senate_10_314,kk-piper-issai-high-v1,piper_neural_tts,piper_kk_issai_high,ISSAI_KazakhTTS2_F2,5,,succeeded,ISSAI_KazakhTTS2_F2,5,,235550087,1,[],raw/v4/xlsr_sls_model_v4_kk_spoof_raw_v1/kk-piper-issai-high-v1/8a/8a5c5edac21c7f594b74b8c6020f8d5ef218ed8ce8384f03f2d309705774f1a4.wav,8e8bd5494d1777e636c440501dbcbb9762b84cb94c209fa56b64776155ac22cb,6.594467120181406,22050,local_cpu_piper,
28,target,xlsr_sls_model_v4_kk_spoof:Train/parliament/mazhilis_03_809,v4:kk:Train/parliament/mazhilis_03_809,kk-piper-issai-high-v1,piper_neural_tts,piper_kk_issai_high,ISSAI_KazakhTTS2_M2,,,succeeded,ISSAI_KazakhTTS2_M2,,,1771953399,1,[],raw/v4/xlsr_sls_model_v4_kk_spoof_raw_v1/kk-piper-issai-high-v1/22/22d10094229c3dacae0f665ff8a9e51474883330137b00963c6a43f862ede08c.wav,f3f92d8415b7aa9982cc39e1a709d5e54accdb2d0bdc41d377a235e8066dd327,2.9837641723356008,22050,local_cpu_piper,
32,target,xlsr_sls_model_v4_kk_spoof:Train/parliament/mazhilis_27_538,v4:kk:Train/parliament/mazhilis_27_538,kk-piper-issai-high-v1,piper_neural_tts,piper_kk_issai_high,ISSAI_KazakhTTS_M1_Iseke,1,,succeeded,ISSAI_KazakhTTS_M1_Iseke,1,,85483767,1,[],raw/v4/xlsr_sls_model_v4_kk_spoof_raw_v1/kk-piper-issai-high-v1/91/917a1a9368d060aa17a64283fad0938537f357c21713b1c3bf7cd3a80dc4dde8.wav,d8cb53cebd765318bb21f1c6aa9dfdfb194a10430d951591d03ef244584bdd9e,9.961360544217687,22050,local_cpu_piper,
36,target,xlsr_sls_model_v4_kk_spoof:Train/radio/01_52_130,v4:kk:Train/radio/01_52_130,kk-piper-issai-high-v1,piper_neural_tts,piper_kk_issai_high,ISSAI_KazakhTTS2_F3,2,,succeeded,ISSAI_KazakhTTS2_F3,2,,428535876,1,[],raw/v4/xlsr_sls_model_v4_kk_spoof_raw_v1/kk-piper-issai-high-v1/d2/d295bd245a6e6cbe2273ef23cf48f03fbd7af94e1de2b67d6a27fee73fc02dcd.wav,222fe54a13f540e800dc2a48afbd9f6eda85ae6677ad75789734fac3bbb6aec1,5.7817687074829935,22050,local_cpu_piper,
40,target,xlsr_sls_model_v4_kk_spoof:Train/radio/01_83_384,v4:kk:Train/radio/01_83_384,kk-piper-issai-high-v1,piper_neural_tts,piper_kk_issai_high,ISSAI_KazakhTTS_F1_Raya,3,,succeeded,ISSAI_KazakhTTS_F1_Raya,3,,1158361477,1,[],raw/v4/xlsr_sls_model_v4_kk_spoof_raw_v1/kk-piper-issai-high-v1/0d/0d47bd51a67222d4995693963daa6a8991e3eeb27dfba0e4110a3c1768686186.wav,6be1eef801943f2a9ef7faefae59350c4ecb36a5ef349c9da81718fd2131844f,6.548027210884354,22050,local_cpu_piper,
44,target,xlsr_sls_model_v4_kk_spoof:Train/tv_news/5fd0383408c60,v4:kk:Train/tv_news/5fd0383408c60,kk-piper-issai-high-v1,piper_neural_tts,piper_kk_issai_high,ISSAI_KazakhTTS2_F1,4,,succeeded,ISSAI_KazakhTTS2_F1,4,,11586787,1,[],raw/v4/xlsr_sls_model_v4_kk_spoof_raw_v1/kk-piper-issai-high-v1/d1/d176126094416f616421e515080d59a251828fce1e3b129a69cb401c182d6f8b.wav,54a6bcdd5e6ca3188a3d306727e0c99782aed2d813a03b112c3305f176f2c746,5.143219954648526,22050,local_cpu_piper,
48,target,xlsr_sls_model_v4_kk_spoof:Train/podcasts/04_09_408,v4:kk:Train/podcasts/04_09_408,kk-piper-issai-high-v1,piper_neural_tts,piper_kk_issai_high,ISSAI_KazakhTTS2_F2,5,,succeeded,ISSAI_KazakhTTS2_F2,5,,1433409691,1,[],raw/v4/xlsr_sls_model_v4_kk_spoof_raw_v1/kk-piper-issai-high-v1/f2/f2472f218bad854fa0c4940b904de500926fc30e2b38cb7e533892e03370c8c9.wav,682b47193b7a698bc14dad958894860940524c831ec358f8082ed2e036616642,6.757006802721088,22050,local_cpu_piper,
52,target,xlsr_sls_model_v4_kk_spoof:Train/podcasts/06_10_086,v4:kk:Train/podcasts/06_10_086,kk-piper-issai-high-v1,piper_neural_tts,piper_kk_issai_high,ISSAI_KazakhTTS2_M2,,,succeeded,ISSAI_KazakhTTS2_M2,,,198563386,1,[],raw/v4/xlsr_sls_model_v4_kk_spoof_raw_v1/kk-piper-issai-high-v1/27/2721caa2a6042a75ddebe4704770a3bc54cfe6821c231f12403a40be7f2c813f.wav,957a9825ba8aa17da0dfcded1e3efd9e5c2bd1d9ba5241ce548f1f4ab34cedf1,6.8034467120181406,22050,local_cpu_piper,
56,target,xlsr_sls_model_v4_kk_spoof:Train/podcasts/01_01_057,v4:kk:Train/podcasts/01_01_057,kk-piper-issai-high-v1,piper_neural_tts,piper_kk_issai_high,ISSAI_KazakhTTS_M1_Iseke,1,,succeeded,ISSAI_KazakhTTS_M1_Iseke,1,,968385702,1,[],raw/v4/xlsr_sls_model_v4_kk_spoof_raw_v1/kk-piper-issai-high-v1/d6/d65de0197c9fd16e238cb07a559ed4a20e334534c486ab0ff0601c6341404e3c.wav,16f8c4a3b91c3cb0d07e38f6af899558a8cf84da773c1291085626d61d7db648,3.9938321995464854,22050,local_cpu_piper,
60,target,xlsr_sls_model_v4_kk_spoof:Train/parliament/senate_22_052,v4:kk:Train/parliament/senate_22_052,kk-piper-issai-high-v1,piper_neural_tts,piper_kk_issai_high,ISSAI_KazakhTTS2_F3,2,,succeeded,ISSAI_KazakhTTS2_F3,2,,680996897,1,[],raw/v4/xlsr_sls_model_v4_kk_spoof_raw_v1/kk-piper-issai-high-v1/b3/b3a7efd5b0784a42e23a7a656c151f2e40f6ebe0e9f38774c742e4f967f9cca3.wav,93fcf9157789a7de0d0bab8470cc85718eb6a2b8510352e6afce4d44a38ae230,3.111473922902494,22050,local_cpu_piper,
64,target,xlsr_sls_model_v4_kk_spoof:Train/podcasts/06_08_109,v4:kk:Train/podcasts/06_08_109,kk-piper-issai-high-v1,piper_neural_tts,piper_kk_issai_high,ISSAI_KazakhTTS_F1_Raya,3,,succeeded,ISSAI_KazakhTTS_F1_Raya,3,,1236747623,1,[],raw/v4/xlsr_sls_model_v4_kk_spoof_raw_v1/kk-piper-issai-high-v1/95/956d4f9f3e43212dc6d432ba28f6fdfdae640d41539e9250ddc1263f74cf3234.wav,3e261d9e81fb4c2f32e79e909a8af391abc60c1b3d4d7d7283605c78cce06c26,1.3467573696145125,22050,local_cpu_piper,
68,target,xlsr_sls_model_v4_kk_spoof:Train/talkshow/01_16_284,v4:kk:Train/talkshow/01_16_284,kk-piper-issai-high-v1,piper_neural_tts,piper_kk_issai_high,ISSAI_KazakhTTS2_F1,4,,succeeded,ISSAI_KazakhTTS2_F1,4,,1950456835,1,[],raw/v4/xlsr_sls_model_v4_kk_spoof_raw_v1/kk-piper-issai-high-v1/96/96aefe1bed631346fafb68fb8bac08ddc8c97d123731e4b94ad647a2811ff911.wav,4f44ded471cd9f316a7af8f191adf81856cf89e9aaf27c8fa9cc54faf515588a,8.904852607709751,22050,local_cpu_piper,
72,target,xlsr_sls_model_v4_kk_spoof:Train/tv_news/5f834dc80e247,v4:kk:Train/tv_news/5f834dc80e247,kk-piper-issai-high-v1,piper_neural_tts,piper_kk_issai_high,ISSAI_KazakhTTS2_F2,5,,succeeded,ISSAI_KazakhTTS2_F2,5,,1217881221,1,[],raw/v4/xlsr_sls_model_v4_kk_spoof_raw_v1/kk-piper-issai-high-v1/9b/9b573facb6dc20a7867e35a57dfb6474d3cc9eb04e7c22f886eebf8b5715127a.wav,d73d1ce8e9d7f3857c0b1f6c1fcd39f6b1d60edd8d9bc007029e902709ac5322,7.801904761904762,22050,local_cpu_piper,
76,target,xlsr_sls_model_v4_kk_spoof:Train/radio/01_07_005,v4:kk:Train/radio/01_07_005,kk-piper-issai-high-v1,piper_neural_tts,piper_kk_issai_high,ISSAI_KazakhTTS2_M2,,,succeeded,ISSAI_KazakhTTS2_M2,,,534164593,1,[],raw/v4/xlsr_sls_model_v4_kk_spoof_raw_v1/kk-piper-issai-high-v1/3f/3f7363870c98492c272cd9c0ac3a3a0b06cc7cad0044327f6f72a735c91f0d25.wav,c391863314f1d1e101e1ee038ff4db90af7c3d2d7df17e26e6b58922c770fee4,1.7414965986394557,22050,local_cpu_piper,
80,target,xlsr_sls_model_v4_kk_spoof:Train/tv_news/5f71cf48f1c8e,v4:kk:Train/tv_news/5f71cf48f1c8e,kk-piper-issai-high-v1,piper_neural_tts,piper_kk_issai_high,ISSAI_KazakhTTS_M1_Iseke,1,,succeeded,ISSAI_KazakhTTS_M1_Iseke,1,,960119787,1,[],raw/v4/xlsr_sls_model_v4_kk_spoof_raw_v1/kk-piper-issai-high-v1/67/67b3f3d893e1428df97f6310a29ef34d5c3777a64d78a42e0e8befd433b3705a.wav,072fb4c6033e7f56131a0c453783f838b27778ef7c50dba64a9503adf67a3a59,8.208253968253969,22050,local_cpu_piper,
84,target,xlsr_sls_model_v4_kk_spoof:Train/parliament/senate_09_510,v4:kk:Train/parliament/senate_09_510,kk-piper-issai-high-v1,piper_neural_tts,piper_kk_issai_high,ISSAI_KazakhTTS2_F3,2,,succeeded,ISSAI_KazakhTTS2_F3,2,,2013028230,1,[],raw/v4/xlsr_sls_model_v4_kk_spoof_raw_v1/kk-piper-issai-high-v1/88/880871c6ebdc61c94bafe260cc76700aa9910db9ed17e75158d3e500d2e3df2a.wav,d549b78dfeb3daafe9cabc6d7f2212c2c70c6a596a17010f858cba94c610c864,3.4133333333333336,22050,local_cpu_piper,
88,target,xlsr_sls_model_v4_kk_spoof:Train/parliament/mazhilis_17_2_272,v4:kk:Train/parliament/mazhilis_17_2_272,kk-piper-issai-high-v1,piper_neural_tts,piper_kk_issai_high,ISSAI_KazakhTTS_F1_Raya,3,,succeeded,ISSAI_KazakhTTS_F1_Raya,3,,626252671,1,[],raw/v4/xlsr_sls_model_v4_kk_spoof_raw_v1/kk-piper-issai-high-v1/65/6544217c729d505ed4b258a0c39f67e5a2b6b2b4b83ecb19b1e858482a082c6d.wav,a086f97e9c3e06b03df7d5ce2b63f2a9041be6ea5275b9db726410c3cc415160,12.503945578231292,22050,local_cpu_piper,
92,target,xlsr_sls_model_v4_kk_spoof:Train/podcasts/01_05_139,v4:kk:Train/podcasts/01_05_139,kk-piper-issai-high-v1,piper_neural_tts,piper_kk_issai_high,ISSAI_KazakhTTS2_F1,4,,succeeded,ISSAI_KazakhTTS2_F1,4,,1865731216,1,[],raw/v4/xlsr_sls_model_v4_kk_spoof_raw_v1/kk-piper-issai-high-v1/b0/b0d82eea63342f75ff912352996382f207528f2f1ad24a70ead4281543a5bca8.wav,10f6f998f910fb1de7d513645655c70e985189f6356e1e9c8c964da3d77ea76b,4.760090702947846,22050,local_cpu_piper,
96,target,xlsr_sls_model_v4_kk_spoof:Train/talkshow/01_25_087,v4:kk:Train/talkshow/01_25_087,kk-piper-issai-high-v1,piper_neural_tts,piper_kk_issai_high,ISSAI_KazakhTTS2_F2,5,,succeeded,ISSAI_KazakhTTS2_F2,5,,1414398634,1,[],raw/v4/xlsr_sls_model_v4_kk_spoof_raw_v1/kk-piper-issai-high-v1/97/978c87b1b197fcc2dd363d07cb170b986170944b6b5fa60c7eea4c93d0324c8d.wav,6bbe69ddef23821644233bb572067a449779cb8c21a73032b737349f739541cd,3.4481632653061225,22050,local_cpu_piper,
100,target,xlsr_sls_model_v4_kk_spoof:Train/tv_news/5f71d1792c233,v4:kk:Train/tv_news/5f71d1792c233,kk-piper-issai-high-v1,piper_neural_tts,piper_kk_issai_high,ISSAI_KazakhTTS2_M2,,,succeeded,ISSAI_KazakhTTS2_M2,,,1900538307,1,[],raw/v4/xlsr_sls_model_v4_kk_spoof_raw_v1/kk-piper-issai-high-v1/d5/d5da0dbd74501a997ce5148fd984dcbc4e962ebbce4f9ea596ef1b1c8622e6fa.wav,644b8279c652ec1e87579d755e81c91759388a9cc476dee6adaa7ee7f2903893,1.18421768707483,22050,local_cpu_piper,
104,target,xlsr_sls_model_v4_kk_spoof:Train/talkshow/01_44_477,v4:kk:Train/talkshow/01_44_477,kk-piper-issai-high-v1,piper_neural_tts,piper_kk_issai_high,ISSAI_KazakhTTS_M1_Iseke,1,,succeeded,ISSAI_KazakhTTS_M1_Iseke,1,,1627846386,1,[],raw/v4/xlsr_sls_model_v4_kk_spoof_raw_v1/kk-piper-issai-high-v1/fa/fa13ea75f067edcbcf640e8c74ffec0bdf36fc58249388885e65a2cc516f42fb.wav,737436e0b7e83ecdffb2431f3f840ee8ad96c0af29f2995861511d25464f2cd4,6.339047619047619,22050,local_cpu_piper,
108,target,xlsr_sls_model_v4_kk_spoof:Train/radio/01_14_160,v4:kk:Train/radio/01_14_160,kk-piper-issai-high-v1,piper_neural_tts,piper_kk_issai_high,ISSAI_KazakhTTS2_F3,2,,succeeded,ISSAI_KazakhTTS2_F3,2,,2076418714,1,[],raw/v4/xlsr_sls_model_v4_kk_spoof_raw_v1/kk-piper-issai-high-v1/b5/b50cd943fe6c3bd9995aff1c50620334e84be9df49bf7cf45ed618ed244ba499.wav,dad2158efaa3d11bd4cf0e3d1baf6dc843c77c179d44e381607e7af5651b0098,3.7616326530612243,22050,local_cpu_piper,
112,target,xlsr_sls_model_v4_kk_spoof:Train/parliament/mazhilis_25_571,v4:kk:Train/parliament/mazhilis_25_571,kk-piper-issai-high-v1,piper_neural_tts,piper_kk_issai_high,ISSAI_KazakhTTS_F1_Raya,3,,succeeded,ISSAI_KazakhTTS_F1_Raya,3,,476145316,1,[],raw/v4/xlsr_sls_model_v4_kk_spoof_raw_v1/kk-piper-issai-high-v1/93/938f3a5cba1780fce232ecccee913f6e0fac782d569ce837580fd1013abb9723.wav,31de140fbbe69243262056c0b57d32cbbe7185637f0fc90c9a05265dc3122639,11.888616780045352,22050,local_cpu_piper,
116,target,xlsr_sls_model_v4_kk_spoof:Train/podcasts/06_07_083,v4:kk:Train/podcasts/06_07_083,kk-piper-issai-high-v1,piper_neural_tts,piper_kk_issai_high,ISSAI_KazakhTTS2_F1,4,,succeeded,ISSAI_KazakhTTS2_F1,4,,632136818,1,[],raw/v4/xlsr_sls_model_v4_kk_spoof_raw_v1/kk-piper-issai-high-v1/1a/1a8a0f42a69a00f495475ea32795437fe43fe538656d2e10550becfa13f898c8.wav,f8aab2fb988feac64c90e2fa787adc00e9b5a845e5ea175632f150c403ea0718,4.272471655328798,22050,local_cpu_piper,
120,target,xlsr_sls_model_v4_kk_spoof:Train/talkshow/01_46_475,v4:kk:Train/talkshow/01_46_475,kk-piper-issai-high-v1,piper_neural_tts,piper_kk_issai_high,ISSAI_KazakhTTS2_F2,5,,succeeded,ISSAI_KazakhTTS2_F2,5,,1300315860,1,[],raw/v4/xlsr_sls_model_v4_kk_spoof_raw_v1/kk-piper-issai-high-v1/51/51a7367f58901153886ebc544fb068c8d86c96a675edc4f4ed33ee66e1e169cb.wav,0c92759ff3bd8fca8738e470cfc9db5b5d4605a7191a201bde3a4e5be1013965,6.30421768707483,22050,local_cpu_piper,
124,target,xlsr_sls_model_v4_kk_spoof:Train/tv_news/5fa2e7e295dc4,v4:kk:Train/tv_news/5fa2e7e295dc4,kk-piper-issai-high-v1,piper_neural_tts,piper_kk_issai_high,ISSAI_KazakhTTS2_M2,,,succeeded,ISSAI_KazakhTTS2_M2,,,821523945,1,[],raw/v4/xlsr_sls_model_v4_kk_spoof_raw_v1/kk-piper-issai-high-v1/55/55446abc6f4c2ea17295fce58c84d81433bd3e6a27aa6635fbbf634fca96a5aa.wav,b36e517cafd390c006dad109c8c598ba9f9393cb179ef0d681701ae19cce5970,2.147845804988662,22050,local_cpu_piper,
128,target,xlsr_sls_model_v4_kk_spoof:Train/tv_news/5f71d0e1cf123,v4:kk:Train/tv_news/5f71d0e1cf123,kk-piper-issai-high-v1,piper_neural_tts,piper_kk_issai_high,ISSAI_KazakhTTS_M1_Iseke,1,,succeeded,ISSAI_KazakhTTS_M1_Iseke,1,,1508038899,1,[],raw/v4/xlsr_sls_model_v4_kk_spoof_raw_v1/kk-piper-issai-high-v1/10/10792c09659669dc53ae52fba7b543b2cbddc60eac64e7c0f2c84a9a5e7b4f1c.wav,9b57f0eb0caffb21266bb36daf007a51ae417667cefe5a72b3bd932001b0b74b,2.647074829931973,22050,local_cpu_piper,
132,target,xlsr_sls_model_v4_kk_spoof:Train/radio/01_89_425,v4:kk:Train/radio/01_89_425,kk-piper-issai-high-v1,piper_neural_tts,piper_kk_issai_high,ISSAI_KazakhTTS2_F3,2,,succeeded,ISSAI_KazakhTTS2_F3,2,,943400110,1,[],raw/v4/xlsr_sls_model_v4_kk_spoof_raw_v1/kk-piper-issai-high-v1/b1/b13237da24555ee559ade2827e20e08214d1cb57462ebdfbe5f601a3f3889466.wav,1c6042c168af429cd5075f3b5efe3bb514e4bb81fb342fb8c3b4e4a7c0f01175,2.2291156462585033,22050,local_cpu_piper,
136,target,xlsr_sls_model_v4_kk_spoof:Train/parliament/senate_20_0716,v4:kk:Train/parliament/senate_20_0716,kk-piper-issai-high-v1,piper_neural_tts,piper_kk_issai_high,ISSAI_KazakhTTS_F1_Raya,3,,succeeded,ISSAI_KazakhTTS_F1_Raya,3,,1710373112,1,[],raw/v4/xlsr_sls_model_v4_kk_spoof_raw_v1/kk-piper-issai-high-v1/f6/f6fe971905d3ba88e93bb5cdbf8b1d57b8d1dc4abb76a764c45658cbb051afbb.wav,55a21650aa9597b939229c81a8ebc7599cb477d876c896b15ba418b87755f945,6.664126984126984,22050,local_cpu_piper,
140,target,xlsr_sls_model_v4_kk_spoof:Train/podcasts/01_04_747,v4:kk:Train/podcasts/01_04_747,kk-piper-issai-high-v1,piper_neural_tts,piper_kk_issai_high,ISSAI_KazakhTTS2_F1,4,,succeeded,ISSAI_KazakhTTS2_F1,4,,144855716,1,[],raw/v4/xlsr_sls_model_v4_kk_spoof_raw_v1/kk-piper-issai-high-v1/44/44f8e611719281c5dd1a1e2c4a79f6d364304d0f335f64384f1c3d1fa743b31d.wav,65435ebcbcd86513d6500b83ba56ff9f0b57f9377c120a860ba8d0df3940e986,8.870022675736962,22050,local_cpu_piper,
144,target,xlsr_sls_model_v4_kk_spoof:Train/tv_news/5f834debb1256,v4:kk:Train/tv_news/5f834debb1256,kk-piper-issai-high-v1,piper_neural_tts,piper_kk_issai_high,ISSAI_KazakhTTS2_F2,5,,succeeded,ISSAI_KazakhTTS2_F2,5,,1023635494,1,[],raw/v4/xlsr_sls_model_v4_kk_spoof_raw_v1/kk-piper-issai-high-v1/7b/7b241643d4ec39fdb0ed9e1f0a42de99780d8fe51989108078dc011021000ecf.wav,014c9f92e98da293aa6661e6baaa338c8cc13af362d95184068dddf5565c9c75,7.87156462585034,22050,local_cpu_piper,
148,target,xlsr_sls_model_v4_kk_spoof:Train/tv_news/5f834deb6b119,v4:kk:Train/tv_news/5f834deb6b119,kk-piper-issai-high-v1,piper_neural_tts,piper_kk_issai_high,ISSAI_KazakhTTS2_M2,,,succeeded,ISSAI_KazakhTTS2_M2,,,153975577,1,[],raw/v4/xlsr_sls_model_v4_kk_spoof_raw_v1/kk-piper-issai-high-v1/a5/a5ea3571294fb5041e41feceff3e08f0b760ad86ca0beac80d75fc229d095f0c.wav,3b9bd2a7cda68c1d4c625dc9c1c5d5578645ef7457ce5cd99c261aabc4d9858b,6.849886621315193,22050,local_cpu_piper,
152,target,xlsr_sls_model_v4_kk_spoof:Train/talkshow/01_42_171,v4:kk:Train/talkshow/01_42_171,kk-piper-issai-high-v1,piper_neural_tts,piper_kk_issai_high,ISSAI_KazakhTTS_M1_Iseke,1,,succeeded,ISSAI_KazakhTTS_M1_Iseke,1,,1763654037,1,[],raw/v4/xlsr_sls_model_v4_kk_spoof_raw_v1/kk-piper-issai-high-v1/ef/ef906f4add0e43b047f4cee60d400178de10ae437d7449890673adbb430ee394.wav,acbb4829414e35f4b2963aedae7b876929c56980bd5f1c7eb08da2c38a3666fa,10.042630385487529,22050,local_cpu_piper,
156,target,xlsr_sls_model_v4_kk_spoof:Train/parliament/senate_15_869,v4:kk:Train/parliament/senate_15_869,kk-piper-issai-high-v1,piper_neural_tts,piper_kk_issai_high,ISSAI_KazakhTTS2_F3,2,,succeeded,ISSAI_KazakhTTS2_F3,2,,1284261077,1,[],raw/v4/xlsr_sls_model_v4_kk_spoof_raw_v1/kk-piper-issai-high-v1/c2/c21c174cc7ea6352b6491b02d675629f08005780101ed0de6605d062db77285e.wav,143e286a95009640902c61d0342a583fd4c429aa75bd5d65233baedf870796d7,4.051882086167801,22050,local_cpu_piper,
160,target,xlsr_sls_model_v4_kk_spoof:Train/talkshow/01_44_337,v4:kk:Train/talkshow/01_44_337,kk-piper-issai-high-v1,piper_neural_tts,piper_kk_issai_high,ISSAI_KazakhTTS_F1_Raya,3,,succeeded,ISSAI_KazakhTTS_F1_Raya,3,,909556600,1,[],raw/v4/xlsr_sls_model_v4_kk_spoof_raw_v1/kk-piper-issai-high-v1/36/36d0224872f03fc09bdd2115118e9432686748cc87f683869bffaafd4fbe4624.wav,adcde6ceca460e460108555b4d6096c6bda3b277b7d19fdb0ba6aba0fc0b4ac4,3.0998639455782313,22050,local_cpu_piper,
164,target,xlsr_sls_model_v4_kk_spoof:Train/podcasts/01_11_022,v4:kk:Train/podcasts/01_11_022,kk-piper-issai-high-v1,piper_neural_tts,piper_kk_issai_high,ISSAI_KazakhTTS2_F1,4,,succeeded,ISSAI_KazakhTTS2_F1,4,,1741646088,1,[],raw/v4/xlsr_sls_model_v4_kk_spoof_raw_v1/kk-piper-issai-high-v1/d0/d0c167f5c2236121d4787b29dda8c8ec1e0be3bc96c9c5b568c50ea5f07e4996.wav,53300ff5b2251e1140e15b177733331ac05745e213a73c4464cd4b9ad020bbb1,7.7090249433106575,22050,local_cpu_piper,
168,target,xlsr_sls_model_v4_kk_spoof:Train/radio/01_48_133,v4:kk:Train/radio/01_48_133,kk-piper-issai-high-v1,piper_neural_tts,piper_kk_issai_high,ISSAI_KazakhTTS2_F2,5,,succeeded,ISSAI_KazakhTTS2_F2,5,,808625361,1,[],raw/v4/xlsr_sls_model_v4_kk_spoof_raw_v1/kk-piper-issai-high-v1/15/15935f1657f76a15158af8ce1b0ecf7889fbe7cdc853e83f638d89dbde0a4c92.wav,8711a6754ae0c9d99995ac96d19945bff574c1a5ffba6e694053baf7c92db647,3.680362811791383,22050,local_cpu_piper,
172,target,xlsr_sls_model_v4_kk_spoof:Train/talkshow/01_21_526,v4:kk:Train/talkshow/01_21_526,kk-piper-issai-high-v1,piper_neural_tts,piper_kk_issai_high,ISSAI_KazakhTTS2_M2,,,succeeded,ISSAI_KazakhTTS2_M2,,,529690592,1,[],raw/v4/xlsr_sls_model_v4_kk_spoof_raw_v1/kk-piper-issai-high-v1/d9/d9583e3b10f5382a3f9ff2ea32132cc11275c7fa4d9a857c166908ca4877f2af.wav,a1d4a44fd9314ddac91d7b33a678654f2c5a25a584dc4b909dbbcbbe4adcbbff,1.6602267573696146,22050,local_cpu_piper,
176,target,xlsr_sls_model_v4_kk_spoof:Train/podcasts/05_00_135,v4:kk:Train/podcasts/05_00_135,kk-piper-issai-high-v1,piper_neural_tts,piper_kk_issai_high,ISSAI_KazakhTTS_M1_Iseke,1,,succeeded,ISSAI_KazakhTTS_M1_Iseke,1,,1429932767,1,[],raw/v4/xlsr_sls_model_v4_kk_spoof_raw_v1/kk-piper-issai-high-v1/ab/abfa8ea53dbbe1b0f5da2a17a54d190a030ebc5a78c955e1298da56ab6f7ebc4.wav,d7c0ff4a7b3da15313d476c644a58d561e9b8890c2d999be44cc19037da9a30c,8.185034013605442,22050,local_cpu_piper,
180,target,xlsr_sls_model_v4_kk_spoof:Train/parliament/senate_13_314,v4:kk:Train/parliament/senate_13_314,kk-piper-issai-high-v1,piper_neural_tts,piper_kk_issai_high,ISSAI_KazakhTTS2_F3,2,,succeeded,ISSAI_KazakhTTS2_F3,2,,223348063,1,[],raw/v4/xlsr_sls_model_v4_kk_spoof_raw_v1/kk-piper-issai-high-v1/93/9364a0b5a152a2aa2cf2ebbc310d1c5d68545a03cf2faef94a6bdc18750637be.wav,2fc26c138003bb4c8b70402959fbd6ae5507026e42166d62611bf55d9176cf72,2.391655328798186,22050,local_cpu_piper,
184,target,xlsr_sls_model_v4_kk_spoof:Train/tv_news/5f834dc3ba600,v4:kk:Train/tv_news/5f834dc3ba600,kk-piper-issai-high-v1,piper_neural_tts,piper_kk_issai_high,ISSAI_KazakhTTS_F1_Raya,3,,succeeded,ISSAI_KazakhTTS_F1_Raya,3,,1646700644,1,[],raw/v4/xlsr_sls_model_v4_kk_spoof_raw_v1/kk-piper-issai-high-v1/51/512c077192bb833c783f22de34c3668edc820ab9eec5bf6dff43d0ae82866bbe.wav,133fe0a0c566a4509c7df5cc0df55ff840dd603c1ded537546b7a98f8ca5720a,2.0549659863945577,22050,local_cpu_piper,
188,target,xlsr_sls_model_v4_kk_spoof:Train/talkshow/01_60_176,v4:kk:Train/talkshow/01_60_176,kk-piper-issai-high-v1,piper_neural_tts,piper_kk_issai_high,ISSAI_KazakhTTS2_F1,4,,succeeded,ISSAI_KazakhTTS2_F1,4,,1736675894,1,[],raw/v4/xlsr_sls_model_v4_kk_spoof_raw_v1/kk-piper-issai-high-v1/cf/cf128dcd2405a32715a595884fdff0355deb03cf77410e25f9a82649f371a0ec.wav,20e52d2ec2c3f0a9e4cb84385d7b37d521f046a493b24eecc922b5dcc4a17ecc,1.6253968253968254,22050,local_cpu_piper,
192,target,xlsr_sls_model_v4_kk_spoof:Train/podcasts/04_10_179,v4:kk:Train/podcasts/04_10_179,kk-piper-issai-high-v1,piper_neural_tts,piper_kk_issai_high,ISSAI_KazakhTTS2_F2,5,,succeeded,ISSAI_KazakhTTS2_F2,5,,141221181,1,[],raw/v4/xlsr_sls_model_v4_kk_spoof_raw_v1/kk-piper-issai-high-v1/62/6240d7655c8c3e3b5a7fc8dbb42282c99fc51392986afcd2e50ce93f2067e2a5.wav,deb37288e5b1cbab2839f3f226d144aad7bf852aa6788cd19d8db5974f7564e2,9.647891156462585,22050,local_cpu_piper,
196,target,xlsr_sls_model_v4_kk_spoof:Train/parliament/mazhilis_14_106,v4:kk:Train/parliament/mazhilis_14_106,kk-piper-issai-high-v1,piper_neural_tts,piper_kk_issai_high,ISSAI_KazakhTTS2_M2,,,succeeded,ISSAI_KazakhTTS2_M2,,,64428899,1,[],raw/v4/xlsr_sls_model_v4_kk_spoof_raw_v1/kk-piper-issai-high-v1/12/125c4f2bbd341ea49eb880c2c88def5a029340ba74d93e141ff1377ed6718b06.wav,d49f6094060ff7089afb234061818395583dba5291fd148d9ca9603405af1f36,11.168798185941043,22050,local_cpu_piper,
200,target,xlsr_sls_model_v4_kk_spoof:Train/tv_news/5f71cf9b4b2ef,v4:kk:Train/tv_news/5f71cf9b4b2ef,kk-piper-issai-high-v1,piper_neural_tts,piper_kk_issai_high,ISSAI_KazakhTTS_M1_Iseke,1,,succeeded,ISSAI_KazakhTTS_M1_Iseke,1,,783499221,1,[],raw/v4/xlsr_sls_model_v4_kk_spoof_raw_v1/kk-piper-issai-high-v1/70/70f28b907c4d6decccf2cbb0cbba8ea64becd9fcd21671c5c6a768eae7d2bd84.wav,c7495d326f21430cb5582d99e00bc3c909b26e97f16521e0e012dcda84c8ca3d,5.23609977324263,22050,local_cpu_piper,
204,target,xlsr_sls_model_v4_kk_spoof:Train/radio/01_90_226,v4:kk:Train/radio/01_90_226,kk-piper-issai-high-v1,piper_neural_tts,piper_kk_issai_high,ISSAI_KazakhTTS2_F3,2,,succeeded,ISSAI_KazakhTTS2_F3,2,,580187634,1,[],raw/v4/xlsr_sls_model_v4_kk_spoof_raw_v1/kk-piper-issai-high-v1/de/dedb84afafa690e2cac60028649bfeb30e2cbcf74c88571045a924dfe0d8634f.wav,31f611e816b4fb30724808e4a8543dd9ff71a4ad7162cf29ee870c1c9d72e7c7,2.681904761904762,22050,local_cpu_piper,
208,target,xlsr_sls_model_v4_kk_spoof:Train/tv_news/5f71038a04e14,v4:kk:Train/tv_news/5f71038a04e14,kk-piper-issai-high-v1,piper_neural_tts,piper_kk_issai_high,ISSAI_KazakhTTS_F1_Raya,3,,succeeded,ISSAI_KazakhTTS_F1_Raya,3,,580821422,1,[],raw/v4/xlsr_sls_model_v4_kk_spoof_raw_v1/kk-piper-issai-high-v1/65/65aec1dffcfdfc59b8af5d863e26d9f5997fbff6f331e33a017fdd833bddc9b1.wav,9aab4e600e6beb4380374e4e62e1da415355d286ad5d519d0d0ef3e46844626f,5.909478458049887,22050,local_cpu_piper,
212,target,xlsr_sls_model_v4_kk_spoof:Train/podcasts/01_07_144,v4:kk:Train/podcasts/01_07_144,kk-piper-issai-high-v1,piper_neural_tts,piper_kk_issai_high,ISSAI_KazakhTTS2_F1,4,,succeeded,ISSAI_KazakhTTS2_F1,4,,1677989628,1,[],raw/v4/xlsr_sls_model_v4_kk_spoof_raw_v1/kk-piper-issai-high-v1/bb/bb3aeade482d474fe8e9abc679591b950535563de0cbcd220fed3d0f835d6b6f.wav,cc9b483b24728940c441ce7270ea254c04a8af72cc1b7da48b4e102d5c187ef4,2.809614512471655,22050,local_cpu_piper,
216,target,xlsr_sls_model_v4_kk_spoof:Train/talkshow/01_47_098,v4:kk:Train/talkshow/01_47_098,kk-piper-issai-high-v1,piper_neural_tts,piper_kk_issai_high,ISSAI_KazakhTTS2_F2,5,,succeeded,ISSAI_KazakhTTS2_F2,5,,1159140346,1,[],raw/v4/xlsr_sls_model_v4_kk_spoof_raw_v1/kk-piper-issai-high-v1/70/70807e5acf779249a30639ec42dd91ffac4e4896cc9d4f9656bfecb0438f79cf.wav,cb3184de6367d796581eb7e4dc6ab7fdb58fef58cb554d5472d9eb0fb64029e8,4.295691609977324,22050,local_cpu_piper,
220,target,xlsr_sls_model_v4_kk_spoof:Train/talkshow/01_75_476,v4:kk:Train/talkshow/01_75_476,kk-piper-issai-high-v1,piper_neural_tts,piper_kk_issai_high,ISSAI_KazakhTTS2_M2,,,succeeded,ISSAI_KazakhTTS2_M2,,,120793749,1,[],raw/v4/xlsr_sls_model_v4_kk_spoof_raw_v1/kk-piper-issai-high-v1/a1/a13263d25bc12eb26577b610ba964094310201ca9d42dafac176db6e4d7fad28.wav,3499c5b525fa74ed6378e3b24b36b0687ad78c1d040cffe160eee8aa77e4aa79,2.809614512471655,22050,local_cpu_piper,
224,target,xlsr_sls_model_v4_kk_spoof:Train/talkshow/01_45_260,v4:kk:Train/talkshow/01_45_260,kk-piper-issai-high-v1,piper_neural_tts,piper_kk_issai_high,ISSAI_KazakhTTS_M1_Iseke,1,,succeeded,ISSAI_KazakhTTS_M1_Iseke,1,,1580675885,1,[],raw/v4/xlsr_sls_model_v4_kk_spoof_raw_v1/kk-piper-issai-high-v1/97/9795ab7a1745bbb0d9b50d9db860f9a1efc959dc287893310a90f93fdbc74278.wav,811969bffd1d67e7bbad1bf7fbb20045bbfeacb6243af6117de5c7ac5940cd07,1.7531065759637188,22050,local_cpu_piper,
228,target,xlsr_sls_model_v4_kk_spoof:Train/talkshow/01_04_535,v4:kk:Train/talkshow/01_04_535,kk-piper-issai-high-v1,piper_neural_tts,piper_kk_issai_high,ISSAI_KazakhTTS2_F3,2,,succeeded,ISSAI_KazakhTTS2_F3,2,,1443820072,1,[],raw/v4/xlsr_sls_model_v4_kk_spoof_raw_v1/kk-piper-issai-high-v1/c4/c4cb000fde0665937e7717f5ef06d47d9c58986b3853044c562880287a89858a.wav,9de3ffbc7b4c4a2bfaf094eaffc9cbf547b837ce7217757ad57d31745762442c,5.5495691609977325,22050,local_cpu_piper,
232,target,xlsr_sls_model_v4_kk_spoof:Train/podcasts/03_45_017,v4:kk:Train/podcasts/03_45_017,kk-piper-issai-high-v1,piper_neural_tts,piper_kk_issai_high,ISSAI_KazakhTTS_F1_Raya,3,,succeeded,ISSAI_KazakhTTS_F1_Raya,3,,243816580,1,[],raw/v4/xlsr_sls_model_v4_kk_spoof_raw_v1/kk-piper-issai-high-v1/8f/8f210929be7e71f2262a399a5430940069179c3be3eac37615f0c42e379ef9bf.wav,1cfc85908a1ea317ba34c95c7bac1969d0ba09bb4a2aa509b35e67a6233835f8,4.400181405895691,22050,local_cpu_piper,
236,target,xlsr_sls_model_v4_kk_spoof:Train/talkshow/01_67_292,v4:kk:Train/talkshow/01_67_292,kk-piper-issai-high-v1,piper_neural_tts,piper_kk_issai_high,ISSAI_KazakhTTS2_F1,4,,succeeded,ISSAI_KazakhTTS2_F1,4,,451865111,1,[],raw/v4/xlsr_sls_model_v4_kk_spoof_raw_v1/kk-piper-issai-high-v1/c2/c27d521ec85018dc99a069d8c70585aa03c689f3180469b22caa024040a526ac.wav,edee979e4a5d4f8b8b3cfd72ecb69386c519f5caf63e167e6af73ca0fdb85b55,4.96907029478458,22050,local_cpu_piper,
240,target,xlsr_sls_model_v4_kk_spoof:Train/podcasts/01_06_451,v4:kk:Train/podcasts/01_06_451,kk-piper-issai-high-v1,piper_neural_tts,piper_kk_issai_high,ISSAI_KazakhTTS2_F2,5,,succeeded,ISSAI_KazakhTTS2_F2,5,,1748321617,1,[],raw/v4/xlsr_sls_model_v4_kk_spoof_raw_v1/kk-piper-issai-high-v1/6c/6c1b9c21ac150c16c4a90b5da7d228788de65e49fe99ee8cd1b99526d9801fe6.wav,6b804e80dbe03b3b3e8ad14e37d2bcd62eaa68d39ede4c39d835f6b805184742,4.725260770975057,22050,local_cpu_piper,
244,target,xlsr_sls_model_v4_kk_spoof:Train/podcasts/01_02_151,v4:kk:Train/podcasts/01_02_151,kk-piper-issai-high-v1,piper_neural_tts,piper_kk_issai_high,ISSAI_KazakhTTS2_M2,,,succeeded,ISSAI_KazakhTTS2_M2,,,371088855,1,[],raw/v4/xlsr_sls_model_v4_kk_spoof_raw_v1/kk-piper-issai-high-v1/10/1015b38e7e68337bc87c9669af571f46d8d321937226d6302d0a4845bb92c270.wav,a90117371d74cfce26d613766ff130872ca1d3e889dafec91783a3f57741a1e9,3.517823129251701,22050,local_cpu_piper,
248,target,xlsr_sls_model_v4_kk_spoof:Train/radio/01_63_276,v4:kk:Train/radio/01_63_276,kk-piper-issai-high-v1,piper_neural_tts,piper_kk_issai_high,ISSAI_KazakhTTS_M1_Iseke,1,,succeeded,ISSAI_KazakhTTS_M1_Iseke,1,,1732425814,1,[],raw/v4/xlsr_sls_model_v4_kk_spoof_raw_v1/kk-piper-issai-high-v1/4f/4fc95fc7057ac6fd12352ac48d92d302047b127791ffb47695f83d20e2c2ff1d.wav,4e246cf74e06547298f4e38feb36e1fe225df995c95cb8489a44db81adac0ca9,7.349115646258503,22050,local_cpu_piper,
252,target,xlsr_sls_model_v4_kk_spoof:Train/talkshow/01_72_621,v4:kk:Train/talkshow/01_72_621,kk-piper-issai-high-v1,piper_neural_tts,piper_kk_issai_high,ISSAI_KazakhTTS2_F3,2,,succeeded,ISSAI_KazakhTTS2_F3,2,,2035895677,1,[],raw/v4/xlsr_sls_model_v4_kk_spoof_raw_v1/kk-piper-issai-high-v1/05/0535f2645a4e649c7794d2370f1085dfa27ac4ffbf4d25699dbd350764f16514.wav,ddcef8e3e7c0772cebf130af4c2d01adc97bf0685d3fee752ee5bf2b21941e07,3.9938321995464854,22050,local_cpu_piper,
256,target,xlsr_sls_model_v4_kk_spoof:Train/parliament/mazhilis_29_777,v4:kk:Train/parliament/mazhilis_29_777,kk-piper-issai-high-v1,piper_neural_tts,piper_kk_issai_high,ISSAI_KazakhTTS_F1_Raya,3,,succeeded,ISSAI_KazakhTTS_F1_Raya,3,,1574498060,1,[],raw/v4/xlsr_sls_model_v4_kk_spoof_raw_v1/kk-piper-issai-high-v1/bb/bb1c5e4d36b0100f4ba5cd447d3e02a5efc3e26432803f740c9c85dbc3bbd03d.wav,0251bad87f7eee15c5cc4bbb2bc2a9ccec88931ef37b5fba3b222367958fb0ef,4.876190476190477,22050,local_cpu_piper,
260,target,xlsr_sls_model_v4_kk_spoof:Train/tv_news/5fa2e6de82043,v4:kk:Train/tv_news/5fa2e6de82043,kk-piper-issai-high-v1,piper_neural_tts,piper_kk_issai_high,ISSAI_KazakhTTS2_F1,4,,succeeded,ISSAI_KazakhTTS2_F1,4,,541264819,1,[],raw/v4/xlsr_sls_model_v4_kk_spoof_raw_v1/kk-piper-issai-high-v1/a8/a8fe3f099ea55425b446b5be08828e5c5fb9dca064ff3d489531bdb1da3b7cde.wav,5fe8e287c5f8a572c1721320ce3edd7a5e73ccb3c2aee9e424f2df4b1a1be79e,4.864580498866213,22050,local_cpu_piper,
264,target,xlsr_sls_model_v4_kk_spoof:Train/podcasts/06_09_466,v4:kk:Train/podcasts/06_09_466,kk-piper-issai-high-v1,piper_neural_tts,piper_kk_issai_high,ISSAI_KazakhTTS2_F2,5,,succeeded,ISSAI_KazakhTTS2_F2,5,,1829244758,1,[],raw/v4/xlsr_sls_model_v4_kk_spoof_raw_v1/kk-piper-issai-high-v1/b6/b682d7ee78905eaf7e2fd935b53673e818d7ddeaf5dce7352f3472dd3866fc22.wav,c29b12e2007c6c4a3357fe394a060199c1cd02d96b9d0ca929c61f9d39388f84,3.8545124716553287,22050,local_cpu_piper,
268,target,xlsr_sls_model_v4_kk_spoof:Train/podcasts/06_04_083,v4:kk:Train/podcasts/06_04_083,kk-piper-issai-high-v1,piper_neural_tts,piper_kk_issai_high,ISSAI_KazakhTTS2_M2,,,succeeded,ISSAI_KazakhTTS2_M2,,,1414756810,1,[],raw/v4/xlsr_sls_model_v4_kk_spoof_raw_v1/kk-piper-issai-high-v1/01/0162104632bc1f4e5b76d2e07aa1417a1c54bc3177f3e420432c340f3456856f.wav,30e704f25fc469322a20bd7aeca827c063ad8f84ea9ad2a73b3270ed54aa2882,7.174965986394557,22050,local_cpu_piper,
272,target,xlsr_sls_model_v4_kk_spoof:Train/parliament/mazhilis_16_2_348,v4:kk:Train/parliament/mazhilis_16_2_348,kk-piper-issai-high-v1,piper_neural_tts,piper_kk_issai_high,ISSAI_KazakhTTS_M1_Iseke,1,,succeeded,ISSAI_KazakhTTS_M1_Iseke,1,,1204553147,1,[],raw/v4/xlsr_sls_model_v4_kk_spoof_raw_v1/kk-piper-issai-high-v1/33/333b671eb8a1c3d1584eea928a99c0b52b6c8650a07e592e5ea67ea92321830c.wav,4c2ee57b4c40a3753f6690e30aef4780295a98eea880c4aaafc3364d1e56fe8d,10.170340136054422,22050,local_cpu_piper,
276,target,xlsr_sls_model_v4_kk_spoof:Train/tv_news/5fa2e834d9d6b,v4:kk:Train/tv_news/5fa2e834d9d6b,kk-piper-issai-high-v1,piper_neural_tts,piper_kk_issai_high,ISSAI_KazakhTTS2_F3,2,,succeeded,ISSAI_KazakhTTS2_F3,2,,406567431,1,[],raw/v4/xlsr_sls_model_v4_kk_spoof_raw_v1/kk-piper-issai-high-v1/68/68e591aa7f02421234ab0d99bdace9fe5cf06ee788f60d0a6c145ea2e26cfce8.wav,815355170eeef8fc6f78cdbd46d03b28f2c9779b36d7d36639d04ba60976194b,3.7848526077097504,22050,local_cpu_piper,
280,target,xlsr_sls_model_v4_kk_spoof:Train/tv_news/5f71d0de5b185,v4:kk:Train/tv_news/5f71d0de5b185,kk-piper-issai-high-v1,piper_neural_tts,piper_kk_issai_high,ISSAI_KazakhTTS_F1_Raya,3,,succeeded,ISSAI_KazakhTTS_F1_Raya,3,,1706292350,1,[],raw/v4/xlsr_sls_model_v4_kk_spoof_raw_v1/kk-piper-issai-high-v1/f3/f392d15b0c3169c57bf9f26955cd2a71c02d85e5f9ec674facb1d82506a4f099.wav,4243ed8f0fcc532f3ee47fcad864641df289a82cded694351158a7a4c1ecfb4e,4.179591836734694,22050,local_cpu_piper,
284,target,xlsr_sls_model_v4_kk_spoof:Train/podcasts/04_04_278,v4:kk:Train/podcasts/04_04_278,kk-piper-issai-high-v1,piper_neural_tts,piper_kk_issai_high,ISSAI_KazakhTTS2_F1,4,,succeeded,ISSAI_KazakhTTS2_F1,4,,300289088,1,[],raw/v4/xlsr_sls_model_v4_kk_spoof_raw_v1/kk-piper-issai-high-v1/eb/ebb201df289d9fb156839f53a1e2e43afd0f771b26ce1b34a881fdbd7faca14f.wav,21d85916b18968924846e307e4f483784573492af1412939b1661534d4f405b0,2.9605442176870747,22050,local_cpu_piper,
288,target,xlsr_sls_model_v4_kk_spoof:Train/parliament/senate_13_121,v4:kk:Train/parliament/senate_13_121,kk-piper-issai-high-v1,piper_neural_tts,piper_kk_issai_high,ISSAI_KazakhTTS2_F2,5,,succeeded,ISSAI_KazakhTTS2_F2,5,,1768507681,1,[],raw/v4/xlsr_sls_model_v4_kk_spoof_raw_v1/kk-piper-issai-high-v1/05/05c3e48336c711d2dc8dcbf89e2bec2006c12bcc06a442a367be6adc23a1ef26.wav,f64cc305eea48215e553ddb508c334647976dfcef294589bc0db4a2c25ad409c,7.395555555555555,22050,local_cpu_piper,
292,target,xlsr_sls_model_v4_kk_spoof:Train/talkshow/01_04_191,v4:kk:Train/talkshow/01_04_191,kk-piper-issai-high-v1,piper_neural_tts,piper_kk_issai_high,ISSAI_KazakhTTS2_M2,,,succeeded,ISSAI_KazakhTTS2_M2,,,269169295,1,[],raw/v4/xlsr_sls_model_v4_kk_spoof_raw_v1/kk-piper-issai-high-v1/4a/4a3c91ff6d43e61160680566e7d3cae77e008804b3dd0bccc45292da21fdc9b9.wav,bb7ccd1b111a2df5e3d830550648672c843ba1f25905df7b87ebaafd75999109,7.627755102040816,22050,local_cpu_piper,
296,target,xlsr_sls_model_v4_kk_spoof:Train/talkshow/01_49_201,v4:kk:Train/talkshow/01_49_201,kk-piper-issai-high-v1,piper_neural_tts,piper_kk_issai_high,ISSAI_KazakhTTS_M1_Iseke,1,,succeeded,ISSAI_KazakhTTS_M1_Iseke,1,,758864239,1,[],raw/v4/xlsr_sls_model_v4_kk_spoof_raw_v1/kk-piper-issai-high-v1/0d/0dc62e4f869802b13eb67f501397cea029d06ed7f5b4b9b86861fefccddd51f4.wav,9fde6536d988503cdb91e303e15c6ecfd3329516e1163735159479a800dbfaf5,5.328979591836735,22050,local_cpu_piper,
300,target,xlsr_sls_model_v4_kk_spoof:Train/radio/01_63_240,v4:kk:Train/radio/01_63_240,kk-piper-issai-high-v1,piper_neural_tts,piper_kk_issai_high,ISSAI_KazakhTTS2_F3,2,,succeeded,ISSAI_KazakhTTS2_F3,2,,1269144657,1,[],raw/v4/xlsr_sls_model_v4_kk_spoof_raw_v1/kk-piper-issai-high-v1/a8/a810fa7bb4e0b8827d33867f210b6f2b644688051cdf93a82a50bca9b533ca70.wav,f325ad50b034e3e49345e7eaeaf8f131835ad0ab346caa75b900f423fa5b74da,3.645532879818594,22050,local_cpu_piper,
304,target,xlsr_sls_model_v4_kk_spoof:Train/radio/01_43_104,v4:kk:Train/radio/01_43_104,kk-piper-issai-high-v1,piper_neural_tts,piper_kk_issai_high,ISSAI_KazakhTTS_F1_Raya,3,,succeeded,ISSAI_KazakhTTS_F1_Raya,3,,1163111430,1,[],raw/v4/xlsr_sls_model_v4_kk_spoof_raw_v1/kk-piper-issai-high-v1/a9/a957f595470f0b4d3e067be1198d48853ca881f61a0835cad71ff0dc81481648.wav,bd02c4370877569c255a28973de78d2fc45c6bc820ec0a5a3d734d41f0061196,2.3219954648526078,22050,local_cpu_piper,
308,target,xlsr_sls_model_v4_kk_spoof:Train/radio/01_08_257,v4:kk:Train/radio/01_08_257,kk-piper-issai-high-v1,piper_neural_tts,piper_kk_issai_high,ISSAI_KazakhTTS2_F1,4,,succeeded,ISSAI_KazakhTTS2_F1,4,,1420111883,1,[],raw/v4/xlsr_sls_model_v4_kk_spoof_raw_v1/kk-piper-issai-high-v1/cd/cddff419ed493c4a48681ddaf337d6e048c079dcd6a5779a6310cbfaa60a41bc.wav,163901b24a087d04c08a5abec43290c6ee8529ca27a40a064d452f76dbf8d90e,1.5673469387755101,22050,local_cpu_piper,
312,target,xlsr_sls_model_v4_kk_spoof:Train/podcasts/08_00_091,v4:kk:Train/podcasts/08_00_091,kk-piper-issai-high-v1,piper_neural_tts,piper_kk_issai_high,ISSAI_KazakhTTS2_F2,5,,succeeded,ISSAI_KazakhTTS2_F2,5,,1662507508,1,[],raw/v4/xlsr_sls_model_v4_kk_spoof_raw_v1/kk-piper-issai-high-v1/97/97736bafc262d385924293336e42ceb35e4d35d7820ab4377cb4b29caea70c3c.wav,0a3c836a7c02ba474e616652a72718605c761ee71abe7dc0210c8a14d023499f,4.167981859410431,22050,local_cpu_piper,
316,target,xlsr_sls_model_v4_kk_spoof:Train/tv_news/5fa2e8c796a20,v4:kk:Train/tv_news/5fa2e8c796a20,kk-piper-issai-high-v1,piper_neural_tts,piper_kk_issai_high,ISSAI_KazakhTTS2_M2,,,succeeded,ISSAI_KazakhTTS2_M2,,,721916500,1,[],raw/v4/xlsr_sls_model_v4_kk_spoof_raw_v1/kk-piper-issai-high-v1/be/be598e3f20e7a451c30df70a86b259cbc7b05df27fd01bcd7a78632f80bdd1bd.wav,e1f013890ab11dbae7336c328a80457380fb083e9a19b8d4138f828c8c30a3b8,1.9620861678004535,22050,local_cpu_piper,
320,target,xlsr_sls_model_v4_kk_spoof:Train/podcasts/05_10_122,v4:kk:Train/podcasts/05_10_122,kk-piper-issai-high-v1,piper_neural_tts,piper_kk_issai_high,ISSAI_KazakhTTS_M1_Iseke,1,,succeeded,ISSAI_KazakhTTS_M1_Iseke,1,,425740588,1,[],raw/v4/xlsr_sls_model_v4_kk_spoof_raw_v1/kk-piper-issai-high-v1/5a/5ab241648b87d3e1b7f5a27ea68b2ab4e835f319ce1589bad9969e5b1016f1ec.wav,5db95cf4fbba9711ab9562baf55dce3dc6b9cd27c6ab7d6ec92d1220dc3a3d80,7.929614512471655,22050,local_cpu_piper,
324,target,xlsr_sls_model_v4_kk_spoof:Train/talkshow/01_51_235,v4:kk:Train/talkshow/01_51_235,kk-piper-issai-high-v1,piper_neural_tts,piper_kk_issai_high,ISSAI_KazakhTTS2_F3,2,,succeeded,ISSAI_KazakhTTS2_F3,2,,1448675012,1,[],raw/v4/xlsr_sls_model_v4_kk_spoof_raw_v1/kk-piper-issai-high-v1/ef/ef153984ab24992c42b2e09b8b2ba54ff3a5082d2cea1040d42aaedb7efb4f76.wav,1ab41d19652e266e2ef965a9759ec9e5c10615a657d5c44bc8a1729de597f002,2.8560544217687074,22050,local_cpu_piper,
328,target,xlsr_sls_model_v4_kk_spoof:Train/parliament/senate_23_077,v4:kk:Train/parliament/senate_23_077,kk-piper-issai-high-v1,piper_neural_tts,piper_kk_issai_high,ISSAI_KazakhTTS_F1_Raya,3,,succeeded,ISSAI_KazakhTTS_F1_Raya,3,,1506216103,1,[],raw/v4/xlsr_sls_model_v4_kk_spoof_raw_v1/kk-piper-issai-high-v1/ef/ef7077fc00263ecea66597745aed93d4b3b610aa0ece3a3e9fb1605d36ee9517.wav,f4a3870b9fb29b858f9d791e2452bc938bb27e83250d8267d5f886474c9560a6,4.179591836734694,22050,local_cpu_piper,
332,target,xlsr_sls_model_v4_kk_spoof:Train/radio/01_60_181,v4:kk:Train/radio/01_60_181,kk-piper-issai-high-v1,piper_neural_tts,piper_kk_issai_high,ISSAI_KazakhTTS2_F1,4,,succeeded,ISSAI_KazakhTTS2_F1,4,,1291912189,1,[],raw/v4/xlsr_sls_model_v4_kk_spoof_raw_v1/kk-piper-issai-high-v1/bd/bdf0dd7e4fe8c479e0876cafa95bb32440c7ce06cbd29cf062832c19a6d3834b.wav,d4fd001a34efa45fe821d7e6ff0cc2f76d087ab689d54126f29324b90953a83d,2.159455782312925,22050,local_cpu_piper,
336,target,xlsr_sls_model_v4_kk_spoof:Train/tv_news/5fa2e905e6e94,v4:kk:Train/tv_news/5fa2e905e6e94,kk-piper-issai-high-v1,piper_neural_tts,piper_kk_issai_high,ISSAI_KazakhTTS2_F2,5,,succeeded,ISSAI_KazakhTTS2_F2,5,,288939485,1,[],raw/v4/xlsr_sls_model_v4_kk_spoof_raw_v1/kk-piper-issai-high-v1/6b/6bdfb5169215c9f330c3f73fdb18e1e9177b25440c42d294f71994e15eeee20e.wav,9b2760cd97140b67cbdecc5ff102bf43856007b13575959c61b0d345aea2fce4,2.089795918367347,22050,local_cpu_piper,
340,target,xlsr_sls_model_v4_kk_spoof:Train/talkshow/01_81_023,v4:kk:Train/talkshow/01_81_023,kk-piper-issai-high-v1,piper_neural_tts,piper_kk_issai_high,ISSAI_KazakhTTS2_M2,,,succeeded,ISSAI_KazakhTTS2_M2,,,362638066,1,[],raw/v4/xlsr_sls_model_v4_kk_spoof_raw_v1/kk-piper-issai-high-v1/d9/d9a40d159697bde4f77cf4269ea71574c07b88224a668ba31c1e804c91d84589.wav,bdea03f6f6826748a46cfa351dae9196ec1491b3fd44ac286086d619bd4d0de9,7.395555555555555,22050,local_cpu_piper,
344,target,xlsr_sls_model_v4_kk_spoof:Train/parliament/mazhilis_17_2_034,v4:kk:Train/parliament/mazhilis_17_2_034,kk-piper-issai-high-v1,piper_neural_tts,piper_kk_issai_high,ISSAI_KazakhTTS_M1_Iseke,1,,succeeded,ISSAI_KazakhTTS_M1_Iseke,1,,1656841391,1,[],raw/v4/xlsr_sls_model_v4_kk_spoof_raw_v1/kk-piper-issai-high-v1/70/708fb4127995ac43c784abd65662ca006e485edb0ad07acdc61cd853b416bd8a.wav,662505bf8bebc147444fdc5312ad1875dcd1f17b49b8ca96fbe90de37949c6fb,4.388571428571429,22050,local_cpu_piper,
348,target,xlsr_sls_model_v4_kk_spoof:Train/podcasts/01_03_464,v4:kk:Train/podcasts/01_03_464,kk-piper-issai-high-v1,piper_neural_tts,piper_kk_issai_high,ISSAI_KazakhTTS2_F3,2,,succeeded,ISSAI_KazakhTTS2_F3,2,,1054488288,1,[],raw/v4/xlsr_sls_model_v4_kk_spoof_raw_v1/kk-piper-issai-high-v1/87/8789da7ab49c0693a9d5be7fdb3d54c46b5a146b539ab0fbf46c7f0679368b36.wav,c376d155d469919b803395b20a987ed7e1ebd345c542714ce5ea3a6ee34b8710,6.524807256235827,22050,local_cpu_piper,
352,target,xlsr_sls_model_v4_kk_spoof:Train/tv_news/5fa2e8d9d7df8,v4:kk:Train/tv_news/5fa2e8d9d7df8,kk-piper-issai-high-v1,piper_neural_tts,piper_kk_issai_high,ISSAI_KazakhTTS_F1_Raya,3,,succeeded,ISSAI_KazakhTTS_F1_Raya,3,,243122083,1,[],raw/v4/xlsr_sls_model_v4_kk_spoof_raw_v1/kk-piper-issai-high-v1/86/8683ae7787495bc0dca67ddd445235599202dde8df1b8b1494869ea2ca5d7c61.wav,20ed1fce184498cc3d2c4a17a5a11326974eb0566ec4a2f5590cb3a2fc6171dd,2.5541950113378684,22050,local_cpu_piper,
356,target,xlsr_sls_model_v4_kk_spoof:Train/tv_news/5f7107e143f4b,v4:kk:Train/tv_news/5f7107e143f4b,kk-piper-issai-high-v1,piper_neural_tts,piper_kk_issai_high,ISSAI_KazakhTTS2_F1,4,,succeeded,ISSAI_KazakhTTS2_F1,4,,811044362,1,[],raw/v4/xlsr_sls_model_v4_kk_spoof_raw_v1/kk-piper-issai-high-v1/8f/8f9b2171548b4fd74a7a0279cc32c623e15b4a949b9855e1ce4d10702ab32cd4.wav,5d510ee239da5e0b280a55a956d2cfff874df1c219e1f9830670555eeab9c52d,2.182675736961451,22050,local_cpu_piper,
360,target,xlsr_sls_model_v4_kk_spoof:Train/parliament/senate_09_014,v4:kk:Train/parliament/senate_09_014,kk-piper-issai-high-v1,piper_neural_tts,piper_kk_issai_high,ISSAI_KazakhTTS2_F2,5,,succeeded,ISSAI_KazakhTTS2_F2,5,,1461252306,1,[],raw/v4/xlsr_sls_model_v4_kk_spoof_raw_v1/kk-piper-issai-high-v1/73/73d92f99af726deffb0bb4a90d00cb100418a223207625ec7e48b0eeda0a306b.wav,a1ca990a03688a0f97e51bee0773308c926fe370ae68a1332d565256533f33f7,2.5425850340136056,22050,local_cpu_piper,
364,target,xlsr_sls_model_v4_kk_spoof:Train/parliament/senate_19_810,v4:kk:Train/parliament/senate_19_810,kk-piper-issai-high-v1,piper_neural_tts,piper_kk_issai_high,ISSAI_KazakhTTS2_M2,,,succeeded,ISSAI_KazakhTTS2_M2,,,32786747,1,[],raw/v4/xlsr_sls_model_v4_kk_spoof_raw_v1/kk-piper-issai-high-v1/13/135b78596a2cece5a0dab7c626cef4b1d740eaf40a96cf501279b8ccd23c8040.wav,e95cadb5f1571458188e47f22d51869a51a5b1c951c73d9285f5a9da702732d7,10.541859410430838,22050,local_cpu_piper,
368,target,xlsr_sls_model_v4_kk_spoof:Train/radio/01_45_122,v4:kk:Train/radio/01_45_122,kk-piper-issai-high-v1,piper_neural_tts,piper_kk_issai_high,ISSAI_KazakhTTS_M1_Iseke,1,,succeeded,ISSAI_KazakhTTS_M1_Iseke,1,,1503639990,1,[],raw/v4/xlsr_sls_model_v4_kk_spoof_raw_v1/kk-piper-issai-high-v1/f7/f7aab6394413a272beba8d362cb96aa6d8a584b45165c434f1ba47db0257aad2.wav,a5ab95471b21cddf220a7c430f30de99e6e59eb0247dea28f8829dc38a70c1b1,3.030204081632653,22050,local_cpu_piper,
372,target,xlsr_sls_model_v4_kk_spoof:Train/tv_news/5f71d1478a9cf,v4:kk:Train/tv_news/5f71d1478a9cf,kk-piper-issai-high-v1,piper_neural_tts,piper_kk_issai_high,ISSAI_KazakhTTS2_F3,2,,succeeded,ISSAI_KazakhTTS2_F3,2,,639169074,1,[],raw/v4/xlsr_sls_model_v4_kk_spoof_raw_v1/kk-piper-issai-high-v1/35/358c4a57d10d00fa7bef1a038893e587e8654e33f592d5b82e5df765ca6bd236.wav,10816a46f97c2642bac79b594aa861eeafb19d82201336faec755fea74484e10,3.982222222222222,22050,local_cpu_piper,
376,target,xlsr_sls_model_v4_kk_spoof:Train/podcasts/04_10_811,v4:kk:Train/podcasts/04_10_811,kk-piper-issai-high-v1,piper_neural_tts,piper_kk_issai_high,ISSAI_KazakhTTS_F1_Raya,3,,succeeded,ISSAI_KazakhTTS_F1_Raya,3,,99490138,1,[],raw/v4/xlsr_sls_model_v4_kk_spoof_raw_v1/kk-piper-issai-high-v1/38/38891a745b116ee7e6888c8b120162bd0c0a5547059e03abfd80857686426fc8.wav,9d0d13e2e1e741867467b66659f5240e509c7bad7d4c7de4164bbae310e5e13c,1.555736961451247,22050,local_cpu_piper,
380,target,xlsr_sls_model_v4_kk_spoof:Train/parliament/mazhilis_17_2_236,v4:kk:Train/parliament/mazhilis_17_2_236,kk-piper-issai-high-v1,piper_neural_tts,piper_kk_issai_high,ISSAI_KazakhTTS2_F1,4,,succeeded,ISSAI_KazakhTTS2_F1,4,,796934554,1,[],raw/v4/xlsr_sls_model_v4_kk_spoof_raw_v1/kk-piper-issai-high-v1/16/16e9244e59cd2c04129ca61cb59f7b83745c172990ff313570417b6349fbd3b2.wav,1511b26631404b503013de5bfea51f815ecff1bcb3357b07c4e98b9f022ecf3b,8.835192743764173,22050,local_cpu_piper,
384,target,xlsr_sls_model_v4_kk_spoof:Train/radio/01_88_097,v4:kk:Train/radio/01_88_097,kk-piper-issai-high-v1,piper_neural_tts,piper_kk_issai_high,ISSAI_KazakhTTS2_F2,5,,succeeded,ISSAI_KazakhTTS2_F2,5,,1995478754,1,[],raw/v4/xlsr_sls_model_v4_kk_spoof_raw_v1/kk-piper-issai-high-v1/e0/e03beaf044349a127348905cba3d4e2bd67e43cbcd0947b5d89142e1e6128400.wav,9981283c75665c751f74182d57c2da81921a12bc43a0a2af3400a00c3e6c45b4,12.527165532879819,22050,local_cpu_piper,
388,target,xlsr_sls_model_v4_kk_spoof:Train/podcasts/04_02_297,v4:kk:Train/podcasts/04_02_297,kk-piper-issai-high-v1,piper_neural_tts,piper_kk_issai_high,ISSAI_KazakhTTS2_M2,,,succeeded,ISSAI_KazakhTTS2_M2,,,1728017112,1,[],raw/v4/xlsr_sls_model_v4_kk_spoof_raw_v1/kk-piper-issai-high-v1/ac/acdb4ff82a6c7c8afebf29c604c5c9eaae9bc84b4a5bab06c3a832827e8ad551.wav,69402fe1742cf950069f89f024e21dfbfec7f8a34e1a6827c24b1c44515c1414,1.6021768707482993,22050,local_cpu_piper,
392,target,xlsr_sls_model_v4_kk_spoof:Train/tv_news/5f834ecfdb1e5,v4:kk:Train/tv_news/5f834ecfdb1e5,kk-piper-issai-high-v1,piper_neural_tts,piper_kk_issai_high,ISSAI_KazakhTTS_M1_Iseke,1,,succeeded,ISSAI_KazakhTTS_M1_Iseke,1,,905647318,1,[],raw/v4/xlsr_sls_model_v4_kk_spoof_raw_v1/kk-piper-issai-high-v1/8b/8beafc402f87e0d3696e36ffcfab7624e38c418671162d56900994f54d3c6718.wav,464e3d5982162d699c62a49bb35016e0665879ee29af9dd583e9e508bfb7fb16,5.839818594104308,22050,local_cpu_piper,
396,target,xlsr_sls_model_v4_kk_spoof:Train/talkshow/01_61_171,v4:kk:Train/talkshow/01_61_171,kk-piper-issai-high-v1,piper_neural_tts,piper_kk_issai_high,ISSAI_KazakhTTS2_F3,2,,succeeded,ISSAI_KazakhTTS2_F3,2,,667576681,1,[],raw/v4/xlsr_sls_model_v4_kk_spoof_raw_v1/kk-piper-issai-high-v1/06/069245df5695a8b3239f09373980d2198c366227c07a39ec2974137056c8ef40.wav,a04b5ba982044146045a05ae21733c506bd66124a59b6fb90db39c2a0527efd2,6.327437641723356,22050,local_cpu_piper,
400,target,xlsr_sls_model_v4_kk_spoof:Train/podcasts/04_07_117,v4:kk:Train/podcasts/04_07_117,kk-piper-issai-high-v1,piper_neural_tts,piper_kk_issai_high,ISSAI_KazakhTTS_F1_Raya,3,,succeeded,ISSAI_KazakhTTS_F1_Raya,3,,1025026389,1,[],raw/v4/xlsr_sls_model_v4_kk_spoof_raw_v1/kk-piper-issai-high-v1/cd/cd6443397cdae4928bd59202f7b95a4caf4082cb5eb781a6b0439349c6ca3fe9.wav,f09aef8824c76e26dba4e279f787fc3d2ec620696f718a9f7726e46744f4dd5d,6.861496598639456,22050,local_cpu_piper,
404,target,xlsr_sls_model_v4_kk_spoof:Train/parliament/mazhilis_24_384,v4:kk:Train/parliament/mazhilis_24_384,kk-piper-issai-high-v1,piper_neural_tts,piper_kk_issai_high,ISSAI_KazakhTTS2_F1,4,,succeeded,ISSAI_KazakhTTS2_F1,4,,959550930,1,[],raw/v4/xlsr_sls_model_v4_kk_spoof_raw_v1/kk-piper-issai-high-v1/09/09c9242de0ca770bd6d29f8dec985fa3ac3e8cc7f55232c2833e426efba15378.wav,678e3898fb7b32cb5e974bf1aca4c82977a98d9d9abf950c3166657ff0a3fe57,7.337505668934241,22050,local_cpu_piper,
408,target,xlsr_sls_model_v4_kk_spoof:Train/radio/01_45_150,v4:kk:Train/radio/01_45_150,kk-piper-issai-high-v1,piper_neural_tts,piper_kk_issai_high,ISSAI_KazakhTTS2_F2,5,,succeeded,ISSAI_KazakhTTS2_F2,5,,740599961,1,[],raw/v4/xlsr_sls_model_v4_kk_spoof_raw_v1/kk-piper-issai-high-v1/12/12f76cd18617da1abfa096dbe861de0fd041ea59d9b3bf55f8d5caf4288ac6e8.wav,f8a7b78cc4f4ee0abbc13f697b6519e031ea03160469c37a79fc6f3df9ec1571,4.3769614512471655,22050,local_cpu_piper,
412,target,xlsr_sls_model_v4_kk_spoof:Train/podcasts/08_01_011,v4:kk:Train/podcasts/08_01_011,kk-piper-issai-high-v1,piper_neural_tts,piper_kk_issai_high,ISSAI_KazakhTTS2_M2,,,succeeded,ISSAI_KazakhTTS2_M2,,,978971032,1,[],raw/v4/xlsr_sls_model_v4_kk_spoof_raw_v1/kk-piper-issai-high-v1/c2/c2c017d77c63a3565e05685c803bbecd620a3ef2be89c7351db1d0fbbd9fb49f.wav,42e365562f13d97de45f1e96ef86d44789447446ad5a028fd09105ae4ff762e9,6.013968253968254,22050,local_cpu_piper,
416,target,xlsr_sls_model_v4_kk_spoof:Train/radio/01_56_481,v4:kk:Train/radio/01_56_481,kk-piper-issai-high-v1,piper_neural_tts,piper_kk_issai_high,ISSAI_KazakhTTS_M1_Iseke,1,,succeeded,ISSAI_KazakhTTS_M1_Iseke,1,,51362815,1,[],raw/v4/xlsr_sls_model_v4_kk_spoof_raw_v1/kk-piper-issai-high-v1/dc/dcb42c45587594581d3eecd4d856f959e651c2ed62ab4fb00385c77c676422e1.wav,af3d762dbecee19104480e5f3ab9cbe69f9a8c296402ff1235814e1d4f252a41,1.242267573696145,22050,local_cpu_piper,
420,target,xlsr_sls_model_v4_kk_spoof:Train/podcasts/03_49_045,v4:kk:Train/podcasts/03_49_045,kk-piper-issai-high-v1,piper_neural_tts,piper_kk_issai_high,ISSAI_KazakhTTS2_F3,2,,succeeded,ISSAI_KazakhTTS2_F3,2,,1217940049,1,[],raw/v4/xlsr_sls_model_v4_kk_spoof_raw_v1/kk-piper-issai-high-v1/6a/6afe172aabe1251ee67bb1e1635f14cefc442d3a70345b64d1228a098179ca0e.wav,2aeb638d74b4961bba0a8e844596e179079c20a646d9371fcd2c8a3596a5e919,3.1346938775510202,22050,local_cpu_piper,
424,target,xlsr_sls_model_v4_kk_spoof:Train/talkshow/01_39_338,v4:kk:Train/talkshow/01_39_338,kk-piper-issai-high-v1,piper_neural_tts,piper_kk_issai_high,ISSAI_KazakhTTS_F1_Raya,3,,succeeded,ISSAI_KazakhTTS_F1_Raya,3,,1006003534,1,[],raw/v4/xlsr_sls_model_v4_kk_spoof_raw_v1/kk-piper-issai-high-v1/e2/e28b5faa7d73d7794a23485f61c8f38a10101f221af002ece966878581279b69.wav,b725f97bb24f6f36a14aba6515f955eeee72c72d83fb00b072cd189b9717b5be,2.5309750566893423,22050,local_cpu_piper,
428,target,xlsr_sls_model_v4_kk_spoof:Train/talkshow/01_14_162,v4:kk:Train/talkshow/01_14_162,kk-piper-issai-high-v1,piper_neural_tts,piper_kk_issai_high,ISSAI_KazakhTTS2_F1,4,,succeeded,ISSAI_KazakhTTS2_F1,4,,1534375726,1,[],raw/v4/xlsr_sls_model_v4_kk_spoof_raw_v1/kk-piper-issai-high-v1/d3/d396ad819305d77146dfcbeb55fb95723f7b18b4828fc4b85974ce6298452e71.wav,a3e00bc3ada312d1ecc768440943b46f19f362deabff02af6ed5d4cefe752743,5.085170068027211,22050,local_cpu_piper,
432,target,xlsr_sls_model_v4_kk_spoof:Train/parliament/mazhilis_17_2_035,v4:kk:Train/parliament/mazhilis_17_2_035,kk-piper-issai-high-v1,piper_neural_tts,piper_kk_issai_high,ISSAI_KazakhTTS2_F2,5,,succeeded,ISSAI_KazakhTTS2_F2,5,,712763240,1,[],raw/v4/xlsr_sls_model_v4_kk_spoof_raw_v1/kk-piper-issai-high-v1/74/74f266f295c48bc43a51c170c4d9e62d0e06b962b046dfb32b3bb8e5a6cbc965.wav,d0a8a7f189577ad23c640882e1d5a6b36b03d5c7cd7404d7327b04ec74be2757,2.2871655328798184,22050,local_cpu_piper,
436,target,xlsr_sls_model_v4_kk_spoof:Train/podcasts/06_05_186,v4:kk:Train/podcasts/06_05_186,kk-piper-issai-high-v1,piper_neural_tts,piper_kk_issai_high,ISSAI_KazakhTTS2_M2,,,succeeded,ISSAI_KazakhTTS2_M2,,,1747416775,1,[],raw/v4/xlsr_sls_model_v4_kk_spoof_raw_v1/kk-piper-issai-high-v1/62/625ab7a9e2eba0f07d30b768ed5730b5a56cbd858d2b232c301f1d4c8d3e5360.wav,908f73db526fc502b2a5f0bd5024c3894e61e96e53bfcc0d86da24badf73187c,4.307301587301588,22050,local_cpu_piper,
440,target,xlsr_sls_model_v4_kk_spoof:Train/parliament/mazhilis_04_366,v4:kk:Train/parliament/mazhilis_04_366,kk-piper-issai-high-v1,piper_neural_tts,piper_kk_issai_high,ISSAI_KazakhTTS_M1_Iseke,1,,succeeded,ISSAI_KazakhTTS_M1_Iseke,1,,1118162521,1,[],raw/v4/xlsr_sls_model_v4_kk_spoof_raw_v1/kk-piper-issai-high-v1/d4/d4d4c19d64da9410f34f4accac34db23293cf9b6c9f240181d3cca6a2029cef5.wav,b8964f0b260c1760ef9ce73383207c79980c39dfe0ce13ca287a7c0467f319d8,7.1401360544217685,22050,local_cpu_piper,
444,target,xlsr_sls_model_v4_kk_spoof:Train/radio/01_14_252,v4:kk:Train/radio/01_14_252,kk-piper-issai-high-v1,piper_neural_tts,piper_kk_issai_high,ISSAI_KazakhTTS2_F3,2,,succeeded,ISSAI_KazakhTTS2_F3,2,,1390721528,1,[],raw/v4/xlsr_sls_model_v4_kk_spoof_raw_v1/kk-piper-issai-high-v1/e5/e50b8b2ed8053f5250e04406c9d7ee1494da5e86e1363223d8b9302a4e28d96f.wav,d61d2a52f5d11783fa39baafc4220937aae893b2a9243629735359d60cd64d00,1.3699773242630386,22050,local_cpu_piper,
448,target,xlsr_sls_model_v4_kk_spoof:Train/talkshow/01_49_003,v4:kk:Train/talkshow/01_49_003,kk-piper-issai-high-v1,piper_neural_tts,piper_kk_issai_high,ISSAI_KazakhTTS_F1_Raya,3,,succeeded,ISSAI_KazakhTTS_F1_Raya,3,,1433898178,1,[],raw/v4/xlsr_sls_model_v4_kk_spoof_raw_v1/kk-piper-issai-high-v1/2f/2f84b97c5385d4fdcb0c09ee7fefab63d4592065d46637233f41135ed69c1f85.wav,6cfe9911de3c3bd97b0e594aaaf721832d5f1d6bd9f8743ad4bf85b395bf0fe8,5.688888888888889,22050,local_cpu_piper,
452,target,xlsr_sls_model_v4_kk_spoof:Train/talkshow/01_75_244,v4:kk:Train/talkshow/01_75_244,kk-piper-issai-high-v1,piper_neural_tts,piper_kk_issai_high,ISSAI_KazakhTTS2_F1,4,,succeeded,ISSAI_KazakhTTS2_F1,4,,1547255196,1,[],raw/v4/xlsr_sls_model_v4_kk_spoof_raw_v1/kk-piper-issai-high-v1/01/01916929a3ec9a4f6eba394bd516593526b37f893f17aa481542b533e2d481ce.wav,0f0c09a92e9f52637789189dc62eb21109898288b3eb256b8f6b5c448c5b33bc,9.1718820861678,22050,local_cpu_piper,
456,target,xlsr_sls_model_v4_kk_spoof:Train/tv_news/5f71045b0fe3d,v4:kk:Train/tv_news/5f71045b0fe3d,kk-piper-issai-high-v1,piper_neural_tts,piper_kk_issai_high,ISSAI_KazakhTTS2_F2,5,,succeeded,ISSAI_KazakhTTS2_F2,5,,1252194531,1,[],raw/v4/xlsr_sls_model_v4_kk_spoof_raw_v1/kk-piper-issai-high-v1/dd/dda52224e15818c46544318861846fec78d6c994ad35a685bb3675e7073eced0.wav,431fac2d94e9df1db312b98010dfb5d2decc2802ef75478e0c00ce9cdc364887,1.6021768707482993,22050,local_cpu_piper,
460,target,xlsr_sls_model_v4_kk_spoof:Train/tv_news/5f71061705e78,v4:kk:Train/tv_news/5f71061705e78,kk-piper-issai-high-v1,piper_neural_tts,piper_kk_issai_high,ISSAI_KazakhTTS2_M2,,,succeeded,ISSAI_KazakhTTS2_M2,,,908985848,1,[],raw/v4/xlsr_sls_model_v4_kk_spoof_raw_v1/kk-piper-issai-high-v1/93/93e78ab044c6bf03afe964be9999c1c3e3e0685ae92d27c005d887dce2a2c5c9.wav,37851c25bb6083219afabdd47ba64a24fde3609a65c21e9b6f70990a36405bbc,0.8823582766439909,22050,local_cpu_piper,
464,target,xlsr_sls_model_v4_kk_spoof:Train/tv_news/5f71063cb4a23,v4:kk:Train/tv_news/5f71063cb4a23,kk-piper-issai-high-v1,piper_neural_tts,piper_kk_issai_high,ISSAI_KazakhTTS_M1_Iseke,1,,succeeded,ISSAI_KazakhTTS_M1_Iseke,1,,1868856857,1,[],raw/v4/xlsr_sls_model_v4_kk_spoof_raw_v1/kk-piper-issai-high-v1/0a/0abad787bcfceeb167829eea0966066fd2ffaca7a10955a8b880d467099832d4.wav,4b151cc07654a03e3e2d1fb80164c02868d7b6cca7949c8646bb559e311b2a9d,5.015510204081632,22050,local_cpu_piper,
468,target,xlsr_sls_model_v4_kk_spoof:Train/parliament/mazhilis_17_2_581,v4:kk:Train/parliament/mazhilis_17_2_581,kk-piper-issai-high-v1,piper_neural_tts,piper_kk_issai_high,ISSAI_KazakhTTS2_F3,2,,succeeded,ISSAI_KazakhTTS2_F3,2,,761802173,1,[],raw/v4/xlsr_sls_model_v4_kk_spoof_raw_v1/kk-piper-issai-high-v1/5e/5e068bf49a4b63a82085aaeb9d5ffcfcac5e771dc945917f1a9435f88ef177d5.wav,c39d9201378ef59a5b675fbec50f5e4bce94ec6fe5990e87f6b211f562f69edd,17.635555555555555,22050,local_cpu_piper,
472,target,xlsr_sls_model_v4_kk_spoof:Train/parliament/senate_11_035,v4:kk:Train/parliament/senate_11_035,kk-piper-issai-high-v1,piper_neural_tts,piper_kk_issai_high,ISSAI_KazakhTTS_F1_Raya,3,,succeeded,ISSAI_KazakhTTS_F1_Raya,3,,492897448,1,[],raw/v4/xlsr_sls_model_v4_kk_spoof_raw_v1/kk-piper-issai-high-v1/d1/d1e4aedc5d0e6322c0a96e9e17c3d46d7192eaf8f3771ab3da4e2cdda7c232c2.wav,5c196eefa82138d45d7b5df62767efde56d5392d5c28c7d073bb58d4719763dc,4.46984126984127,22050,local_cpu_piper,
476,target,xlsr_sls_model_v4_kk_spoof:Train/tv_news/5f71cf5b70b02,v4:kk:Train/tv_news/5f71cf5b70b02,kk-piper-issai-high-v1,piper_neural_tts,piper_kk_issai_high,ISSAI_KazakhTTS2_F1,4,,succeeded,ISSAI_KazakhTTS2_F1,4,,1191575749,1,[],raw/v4/xlsr_sls_model_v4_kk_spoof_raw_v1/kk-piper-issai-high-v1/a7/a77e30d31874cf18fcdcb9e98f2e00ff10fc574a81761b55cd55de55859c02f0.wav,246f922e07fa867e2617bd54d9d1915fc3141523e3f7a4053805fe309592a1fb,5.839818594104308,22050,local_cpu_piper,
480,target,xlsr_sls_model_v4_kk_spoof:Train/parliament/senate_11_146,v4:kk:Train/parliament/senate_11_146,kk-piper-issai-high-v1,piper_neural_tts,piper_kk_issai_high,ISSAI_KazakhTTS2_F2,5,,succeeded,ISSAI_KazakhTTS2_F2,5,,983280733,1,[],raw/v4/xlsr_sls_model_v4_kk_spoof_raw_v1/kk-piper-issai-high-v1/8d/8df9dcf4b0cf24e79f81b2812040d3f13022f7c3c9c30c0ad9e42b866aee57db.wav,8a9e4657dc479daf915c3ccd7219a04ea5a18b90639c108e75c19bb958c702fd,7.534875283446712,22050,local_cpu_piper,
484,target,xlsr_sls_model_v4_kk_spoof:Train/talkshow/01_41_371,v4:kk:Train/talkshow/01_41_371,kk-piper-issai-high-v1,piper_neural_tts,piper_kk_issai_high,ISSAI_KazakhTTS2_M2,,,succeeded,ISSAI_KazakhTTS2_M2,,,1777288989,1,[],raw/v4/xlsr_sls_model_v4_kk_spoof_raw_v1/kk-piper-issai-high-v1/54/546160b01ed1aff4552562441990d49965da9efe6aa0147bae9406e3100eed38.wav,a9261cf11941671b9bdad65f5dc92a27918bf415290fd0b1aa0a4755d83f60a5,4.6788208616780045,22050,local_cpu_piper,
488,target,xlsr_sls_model_v4_kk_spoof:Train/parliament/senate_09_500,v4:kk:Train/parliament/senate_09_500,kk-piper-issai-high-v1,piper_neural_tts,piper_kk_issai_high,ISSAI_KazakhTTS_M1_Iseke,1,,succeeded,ISSAI_KazakhTTS_M1_Iseke,1,,765430048,1,[],raw/v4/xlsr_sls_model_v4_kk_spoof_raw_v1/kk-piper-issai-high-v1/c8/c8d5874a87eaa0ad4ea007fc444f61b70995eff1ba020e6b47ef2e6cba2b044e.wav,2e631602a0ee9da27530000ea2dbed41d9770eb1020ba8d3d646b62c5920d765,10.7740589569161,22050,local_cpu_piper,
492,target,xlsr_sls_model_v4_kk_spoof:Train/podcasts/04_10_555,v4:kk:Train/podcasts/04_10_555,kk-piper-issai-high-v1,piper_neural_tts,piper_kk_issai_high,ISSAI_KazakhTTS2_F3,2,,succeeded,ISSAI_KazakhTTS2_F3,2,,702542580,1,[],raw/v4/xlsr_sls_model_v4_kk_spoof_raw_v1/kk-piper-issai-high-v1/27/2712654fd1b02d2cb55c34ed47367fc9c2798ce3b9c8988a9f2242e0505330e3.wav,90b1bc116076933ed32bafbb4588431cdd3dbe39de27a22c95a962da4f83506d,6.292607709750567,22050,local_cpu_piper,
496,target,xlsr_sls_model_v4_kk_spoof:Train/podcasts/01_07_575,v4:kk:Train/podcasts/01_07_575,kk-piper-issai-high-v1,piper_neural_tts,piper_kk_issai_high,ISSAI_KazakhTTS_F1_Raya,3,,succeeded,ISSAI_KazakhTTS_F1_Raya,3,,2132366797,1,[],raw/v4/xlsr_sls_model_v4_kk_spoof_raw_v1/kk-piper-issai-high-v1/f3/f3d7ab68dc8f7264e53445b2d30a4c42441880eb665cadf14e06c4a1fbf1af9d.wav,f74af0c4d08f5875304bd0722b6d1609655c6a93f01dc4dfdef78a40e82584a2,6.466757369614513,22050,local_cpu_piper,
500,target,xlsr_sls_model_v4_kk_spoof:Train/tv_news/5fd037bb86b65,v4:kk:Train/tv_news/5fd037bb86b65,kk-piper-issai-high-v1,piper_neural_tts,piper_kk_issai_high,ISSAI_KazakhTTS2_F1,4,,succeeded,ISSAI_KazakhTTS2_F1,4,,5448862,1,[],raw/v4/xlsr_sls_model_v4_kk_spoof_raw_v1/kk-piper-issai-high-v1/38/387882a6d82bc447afab602c2f8170d19c63899c2b05c6dcc9fb6a212e28040d.wav,05f285fd5b3b533cbf243b389c2d2518753be15268ca175c24cdd567a9cd27d3,2.136235827664399,22050,local_cpu_piper,
504,target,xlsr_sls_model_v4_kk_spoof:Train/parliament/senate_22_160,v4:kk:Train/parliament/senate_22_160,kk-piper-issai-high-v1,piper_neural_tts,piper_kk_issai_high,ISSAI_KazakhTTS2_F2,5,,succeeded,ISSAI_KazakhTTS2_F2,5,,176698335,1,[],raw/v4/xlsr_sls_model_v4_kk_spoof_raw_v1/kk-piper-issai-high-v1/b5/b56c172e950796e36072f46d61b93f60ac90920991414e724671d4415b21a782.wav,631ef024c902be61f210b352c1b0ec1de58b9b8428336f641ffe5c75561cf30a,6.757006802721088,22050,local_cpu_piper,
508,target,xlsr_sls_model_v4_kk_spoof:Train/podcasts/03_19_43,v4:kk:Train/podcasts/03_19_43,kk-piper-issai-high-v1,piper_neural_tts,piper_kk_issai_high,ISSAI_KazakhTTS2_M2,,,succeeded,ISSAI_KazakhTTS2_M2,,,1273361086,1,[],raw/v4/xlsr_sls_model_v4_kk_spoof_raw_v1/kk-piper-issai-high-v1/97/975d323312e62b6df19fbbe0f10695ca58e6c9b57293011cd5659cf61d74f8b2.wav,f7b8de70a087cbe6d52fa62710e6e1f9336cf1a160430b177fef8d7c0ababd65,1.9388662131519274,22050,local_cpu_piper,
512,target,xlsr_sls_model_v4_kk_spoof:Train/parliament/mazhilis_27_681,v4:kk:Train/parliament/mazhilis_27_681,kk-piper-issai-high-v1,piper_neural_tts,piper_kk_issai_high,ISSAI_KazakhTTS_M1_Iseke,1,,succeeded,ISSAI_KazakhTTS_M1_Iseke,1,,812765383,1,[],raw/v4/xlsr_sls_model_v4_kk_spoof_raw_v1/kk-piper-issai-high-v1/c9/c9fb14e6c3df31d574a4efc4468aa5439cb69ea9f85239edda15f1493cec387f.wav,ec7fdfc5aa2e527d31b4a6afc8f42a0fff106630621b463a5d4dd0a7ec856699,12.956734693877552,22050,local_cpu_piper,
516,target,xlsr_sls_model_v4_kk_spoof:Train/talkshow/01_62_244,v4:kk:Train/talkshow/01_62_244,kk-piper-issai-high-v1,piper_neural_tts,piper_kk_issai_high,ISSAI_KazakhTTS2_F3,2,,succeeded,ISSAI_KazakhTTS2_F3,2,,516303010,1,[],raw/v4/xlsr_sls_model_v4_kk_spoof_raw_v1/kk-piper-issai-high-v1/9b/9b635743e322d95c4853a2f38903814c25efbd6dbf82c60ba48ceb149e0bcac3.wav,d3d3c63e3400abca97739245fbcbea5b8060c9f5309ae9b12dc59408833b01f8,10.495419501133787,22050,local_cpu_piper,
520,target,xlsr_sls_model_v4_kk_spoof:Train/radio/01_71_322,v4:kk:Train/radio/01_71_322,kk-piper-issai-high-v1,piper_neural_tts,piper_kk_issai_high,ISSAI_KazakhTTS_F1_Raya,3,,succeeded,ISSAI_KazakhTTS_F1_Raya,3,,1207186751,1,[],raw/v4/xlsr_sls_model_v4_kk_spoof_raw_v1/kk-piper-issai-high-v1/5f/5f741e1a5636e29637773a6a6983be22a7ebcc9f05131b7a0ff3dcda9ad4272a.wav,6d925613119880b4f04d1aae9a230fc5ca036e44a6eb29aeb0aaeebbdadae195,2.147845804988662,22050,local_cpu_piper,
524,target,xlsr_sls_model_v4_kk_spoof:Train/radio/01_67_040,v4:kk:Train/radio/01_67_040,kk-piper-issai-high-v1,piper_neural_tts,piper_kk_issai_high,ISSAI_KazakhTTS2_F1,4,,succeeded,ISSAI_KazakhTTS2_F1,4,,1441995044,1,[],raw/v4/xlsr_sls_model_v4_kk_spoof_raw_v1/kk-piper-issai-high-v1/70/7006f82102d9b3b3ec41ac03390064137f4a3b1dd71f564de5bc6714bfcb16be.wav,7aeb19c5b25bedfc98ca716af96863add59083fda30ab318977541f414d560db,7.314285714285714,22050,local_cpu_piper,
528,target,xlsr_sls_model_v4_kk_spoof:Train/talkshow/01_69_314,v4:kk:Train/talkshow/01_69_314,kk-piper-issai-high-v1,piper_neural_tts,piper_kk_issai_high,ISSAI_KazakhTTS2_F2,5,,succeeded,ISSAI_KazakhTTS2_F2,5,,2077660575,1,[],raw/v4/xlsr_sls_model_v4_kk_spoof_raw_v1/kk-piper-issai-high-v1/a3/a39a1d300cfeb9c5d04c7e220e0863d26620b71d9939be3d5a4b99288069e36b.wav,5176e37370a18f2161d97670a3b7e8530b43dddb65b55b043c679b3697c5c387,2.995374149659864,22050,local_cpu_piper,
532,target,xlsr_sls_model_v4_kk_spoof:Train/talkshow/01_24_204,v4:kk:Train/talkshow/01_24_204,kk-piper-issai-high-v1,piper_neural_tts,piper_kk_issai_high,ISSAI_KazakhTTS2_M2,,,succeeded,ISSAI_KazakhTTS2_M2,,,2127455284,1,[],raw/v4/xlsr_sls_model_v4_kk_spoof_raw_v1/kk-piper-issai-high-v1/9c/9c340e5c9041a2264ed4eeca26de101d54b0d526567dc92a749b22910578c2e4.wav,a3f63b8237d0549792ad777429af4d3b50ae91cf26881c7637441dbcd5e03241,6.907936507936508,22050,local_cpu_piper,
536,target,xlsr_sls_model_v4_kk_spoof:Train/parliament/mazhilis_16_2_550,v4:kk:Train/parliament/mazhilis_16_2_550,kk-piper-issai-high-v1,piper_neural_tts,piper_kk_issai_high,ISSAI_KazakhTTS_M1_Iseke,1,,succeeded,ISSAI_KazakhTTS_M1_Iseke,1,,1430923634,1,[],raw/v4/xlsr_sls_model_v4_kk_spoof_raw_v1/kk-piper-issai-high-v1/c9/c91dd5ab01d164954b8bd10c51919f9db7efc67f8c66a8e8165da7e40fd94453.wav,06c9623a3aa802d6183315a46c2277d1b4c06af778efe8d2599a93c43924318e,6.188117913832199,22050,local_cpu_piper,
540,target,xlsr_sls_model_v4_kk_spoof:Train/tv_news/5fd037e305b31,v4:kk:Train/tv_news/5fd037e305b31,kk-piper-issai-high-v1,piper_neural_tts,piper_kk_issai_high,ISSAI_KazakhTTS2_F3,2,,succeeded,ISSAI_KazakhTTS2_F3,2,,1604908690,1,[],raw/v4/xlsr_sls_model_v4_kk_spoof_raw_v1/kk-piper-issai-high-v1/83/831e48d969f458fd048dd9c1feaa719809685899cf8aab6e65fd1e605474430a.wav,bee9710f76723be98868179db08dde27ac486a62f10a37a98f64037c2f2a8171,4.5859410430839,22050,local_cpu_piper,
544,target,xlsr_sls_model_v4_kk_spoof:Train/talkshow/01_42_475,v4:kk:Train/talkshow/01_42_475,kk-piper-issai-high-v1,piper_neural_tts,piper_kk_issai_high,ISSAI_KazakhTTS_F1_Raya,3,,succeeded,ISSAI_KazakhTTS_F1_Raya,3,,494862745,1,[],raw/v4/xlsr_sls_model_v4_kk_spoof_raw_v1/kk-piper-issai-high-v1/85/8501753aa4c597eff0e61083812baf7fa928369dcd8f043ee5e5aa434ac3dbbe.wav,1d3d81676055d98b74f081df9c4128444ba8fc071f8e400f67ce8ebd10bf3182,2.3103854875283445,22050,local_cpu_piper,
548,target,xlsr_sls_model_v4_kk_spoof:Train/radio/01_11_097,v4:kk:Train/radio/01_11_097,kk-piper-issai-high-v1,piper_neural_tts,piper_kk_issai_high,ISSAI_KazakhTTS2_F1,4,,succeeded,ISSAI_KazakhTTS2_F1,4,,1705708580,1,[],raw/v4/xlsr_sls_model_v4_kk_spoof_raw_v1/kk-piper-issai-high-v1/ba/bac3092264f013d6b49d64c8b1df62d3acde86272b92d027fb1b5e90567c743a.wav,836d8377ec59902e1ee81296c8d6d78e6c68c247508fb54ab0fa06476089c306,4.08671201814059,22050,local_cpu_piper,
552,target,xlsr_sls_model_v4_kk_spoof:Train/podcasts/03_46_450,v4:kk:Train/podcasts/03_46_450,kk-piper-issai-high-v1,piper_neural_tts,piper_kk_issai_high,ISSAI_KazakhTTS2_F2,5,,succeeded,ISSAI_KazakhTTS2_F2,5,,1994459288,1,[],raw/v4/xlsr_sls_model_v4_kk_spoof_raw_v1/kk-piper-issai-high-v1/1e/1ee85d25203bbd0e042f093083b845a6405821586d4601b638dab5192b76a7b1.wav,2d7abaca8b5f97aa6faad327fa0700c0b355d56f505e5ad698227cb3840efe55,1.9969160997732427,22050,local_cpu_piper,
556,target,xlsr_sls_model_v4_kk_spoof:Train/radio/01_84_200,v4:kk:Train/radio/01_84_200,kk-piper-issai-high-v1,piper_neural_tts,piper_kk_issai_high,ISSAI_KazakhTTS2_M2,,,succeeded,ISSAI_KazakhTTS2_M2,,,1616189406,1,[],raw/v4/xlsr_sls_model_v4_kk_spoof_raw_v1/kk-piper-issai-high-v1/80/80c642fd496a3a0ad3cfb6a855ed7e64e7e25761e1dc3e3849d5d0b271c1f2b2.wav,e5c1d999e519d328bb635fe04768b5b6a318807cda4097bc236cb975dd92bf6e,4.330521541950113,22050,local_cpu_piper,
560,target,xlsr_sls_model_v4_kk_spoof:Train/tv_news/5f71cfa6e0079,v4:kk:Train/tv_news/5f71cfa6e0079,kk-piper-issai-high-v1,piper_neural_tts,piper_kk_issai_high,ISSAI_KazakhTTS_M1_Iseke,1,,succeeded,ISSAI_KazakhTTS_M1_Iseke,1,,1557328852,1,[],raw/v4/xlsr_sls_model_v4_kk_spoof_raw_v1/kk-piper-issai-high-v1/f0/f0eeff4efdf2cad92c6765dcf7149ddd671649b2357f0f26a9746d4d1c2a8859.wav,c5813ace2b2b57363c8273bc4a704ef6d572ee472d982aaea38270e84195a635,8.312743764172335,22050,local_cpu_piper,
564,target,xlsr_sls_model_v4_kk_spoof:Train/tv_news/5fa2e898727e5,v4:kk:Train/tv_news/5fa2e898727e5,kk-piper-issai-high-v1,piper_neural_tts,piper_kk_issai_high,ISSAI_KazakhTTS2_F3,2,,succeeded,ISSAI_KazakhTTS2_F3,2,,739160033,1,[],raw/v4/xlsr_sls_model_v4_kk_spoof_raw_v1/kk-piper-issai-high-v1/53/536ec7596f95b6046fbaf387f21f44a952cd6f76ee9b1bc4e7fb004891a4f104.wav,943fbc8a64356769cafe11a1797ffe914028e7959d30dde9b426e3e2f13764ba,3.7035827664399092,22050,local_cpu_piper,
568,target,xlsr_sls_model_v4_kk_spoof:Train/parliament/senate_23_073,v4:kk:Train/parliament/senate_23_073,kk-piper-issai-high-v1,piper_neural_tts,piper_kk_issai_high,ISSAI_KazakhTTS_F1_Raya,3,,succeeded,ISSAI_KazakhTTS_F1_Raya,3,,808694397,1,[],raw/v4/xlsr_sls_model_v4_kk_spoof_raw_v1/kk-piper-issai-high-v1/cb/cb51d7e8106578cce3b56749ff3813ff702533dfeb8b50f9043a60986d570f1d.wav,d3fe83001c6a7efca26701915e2339cde46c3e15c383737915d45bbcdaeaf9c7,12.515555555555556,22050,local_cpu_piper,
572,target,xlsr_sls_model_v4_kk_spoof:Train/radio/01_73_345,v4:kk:Train/radio/01_73_345,kk-piper-issai-high-v1,piper_neural_tts,piper_kk_issai_high,ISSAI_KazakhTTS2_F1,4,,succeeded,ISSAI_KazakhTTS2_F1,4,,1581267730,1,[],raw/v4/xlsr_sls_model_v4_kk_spoof_raw_v1/kk-piper-issai-high-v1/f5/f537658466f4634da8854c8f47180e6d5b86ffb8585d86ae323ecd75d672fc8f.wav,915bef37480d417555f04a8abfcf9a6829d0f56c8f3096fabfd0b4f934c01faf,2.136235827664399,22050,local_cpu_piper,
576,target,xlsr_sls_model_v4_kk_spoof:Train/tv_news/5f71d104e688f,v4:kk:Train/tv_news/5f71d104e688f,kk-piper-issai-high-v1,piper_neural_tts,piper_kk_issai_high,ISSAI_KazakhTTS2_F2,5,,succeeded,ISSAI_KazakhTTS2_F2,5,,1927129148,1,[],raw/v4/xlsr_sls_model_v4_kk_spoof_raw_v1/kk-piper-issai-high-v1/50/50c17bda3bcddbc5e61b8a605baba0e37ceb426f95b511760dd70c8991aba305.wav,5ee559f304fd07f0a1353e80f5fe928cfa58e4c91d65db4db6c1634bd8488e30,2.0085260770975055,22050,local_cpu_piper,
580,target,xlsr_sls_model_v4_kk_spoof:Train/talkshow/01_77_388,v4:kk:Train/talkshow/01_77_388,kk-piper-issai-high-v1,piper_neural_tts,piper_kk_issai_high,ISSAI_KazakhTTS2_M2,,,succeeded,ISSAI_KazakhTTS2_M2,,,1462400583,1,[],raw/v4/xlsr_sls_model_v4_kk_spoof_raw_v1/kk-piper-issai-high-v1/12/12f2151203399db01e6c94d0aed2189b24dde71e1685e3caa728bddd819558f2.wav,84bc328edd864600e1625de5efcfd1cb2be6ffcc233c38f8edde1efe5cbc048e,1.207437641723356,22050,local_cpu_piper,
584,target,xlsr_sls_model_v4_kk_spoof:Train/radio/01_77_125,v4:kk:Train/radio/01_77_125,kk-piper-issai-high-v1,piper_neural_tts,piper_kk_issai_high,ISSAI_KazakhTTS_M1_Iseke,1,,succeeded,ISSAI_KazakhTTS_M1_Iseke,1,,2092821212,1,[],raw/v4/xlsr_sls_model_v4_kk_spoof_raw_v1/kk-piper-issai-high-v1/95/95b75ba5bf873fc4ebe9b1c372df712e399973356b607e4137372a9ec517ecbb.wav,f376c0a1a1c603a1dba20e6fe895f7b2186fac886714f33f197127267d8c7fe6,0.9636281179138322,22050,local_cpu_piper,
588,target,xlsr_sls_model_v4_kk_spoof:Train/parliament/senate_08_335,v4:kk:Train/parliament/senate_08_335,kk-piper-issai-high-v1,piper_neural_tts,piper_kk_issai_high,ISSAI_KazakhTTS2_F3,2,,succeeded,ISSAI_KazakhTTS2_F3,2,,1635639384,1,[],raw/v4/xlsr_sls_model_v4_kk_spoof_raw_v1/kk-piper-issai-high-v1/9f/9fc4eddc75c67823859e3d03ab3d280c630f8a5885d69fa8890cc20fc2ebc58e.wav,a1ca713f97c113caee01c30c34629db4948897e4f0255aee1bd91238fc739f14,4.911020408163266,22050,local_cpu_piper,
592,target,xlsr_sls_model_v4_kk_spoof:Train/radio/01_65_432,v4:kk:Train/radio/01_65_432,kk-piper-issai-high-v1,piper_neural_tts,piper_kk_issai_high,ISSAI_KazakhTTS_F1_Raya,3,,succeeded,ISSAI_KazakhTTS_F1_Raya,3,,591159745,1,[],raw/v4/xlsr_sls_model_v4_kk_spoof_raw_v1/kk-piper-issai-high-v1/f7/f7e380158ca21332f96c4d8c7e5d8f94d274b230e4fc4f9a1c419477e96ee0c9.wav,ad4d326ed68c05ef16c6142456d5e33f5afdd3becb2874ae8cc8e5065e8e766b,4.887800453514739,22050,local_cpu_piper,
596,target,xlsr_sls_model_v4_kk_spoof:Train/talkshow/01_33_450,v4:kk:Train/talkshow/01_33_450,kk-piper-issai-high-v1,piper_neural_tts,piper_kk_issai_high,ISSAI_KazakhTTS2_F1,4,,succeeded,ISSAI_KazakhTTS2_F1,4,,1575068105,1,[],raw/v4/xlsr_sls_model_v4_kk_spoof_raw_v1/kk-piper-issai-high-v1/c4/c4959aaede38eb2b02bf3b7853ffe3d1356354fa9b22155ea65ee4e9a52b39e9.wav,8adce3946cf814f293ced7da5e899ba7c7756ba0f8954b67c84d0478d8bdee54,2.089795918367347,22050,local_cpu_piper,
600,target,xlsr_sls_model_v4_kk_spoof:Train/tv_news/6023daa62bf62,v4:kk:Train/tv_news/6023daa62bf62,kk-piper-issai-high-v1,piper_neural_tts,piper_kk_issai_high,ISSAI_KazakhTTS2_F2,5,,succeeded,ISSAI_KazakhTTS2_F2,5,,1585388954,1,[],raw/v4/xlsr_sls_model_v4_kk_spoof_raw_v1/kk-piper-issai-high-v1/b1/b139f7e7bd3625898a5111075b56ab6bee2ce26dc1694235326f0ba34d0eaee2.wav,956932de4d75d90ef3e674990be654550def576d0c3ab52368711c23ed49779d,1.0797278911564625,22050,local_cpu_piper,
604,target,xlsr_sls_model_v4_kk_spoof:Train/tv_news/5f834d877d70f,v4:kk:Train/tv_news/5f834d877d70f,kk-piper-issai-high-v1,piper_neural_tts,piper_kk_issai_high,ISSAI_KazakhTTS2_M2,,,succeeded,ISSAI_KazakhTTS2_M2,,,664822810,1,[],raw/v4/xlsr_sls_model_v4_kk_spoof_raw_v1/kk-piper-issai-high-v1/f5/f546b7608bd9b51aa698f5604dbece7bf7ccfa384c02256af092967c03fb3b0e.wav,6fd43fa0d3f9f0dbdb64a13b88d9a8b018ab40f2ddb105e2500a79d41b20d65c,7.63936507936508,22050,local_cpu_piper,
608,target,xlsr_sls_model_v4_kk_spoof:Train/tv_news/5f71cfdde131c,v4:kk:Train/tv_news/5f71cfdde131c,kk-piper-issai-high-v1,piper_neural_tts,piper_kk_issai_high,ISSAI_KazakhTTS_M1_Iseke,1,,succeeded,ISSAI_KazakhTTS_M1_Iseke,1,,438462774,1,[],raw/v4/xlsr_sls_model_v4_kk_spoof_raw_v1/kk-piper-issai-high-v1/27/27c562038443b4775d22007a8c1fbe06ca366e3a25cfc351dddc93e0382201c9.wav,d4f2d7c942ff1a86e77f3852f5e3c5b2165451c39db25cd574c8ea8ff741d940,4.063492063492063,22050,local_cpu_piper,
612,target,xlsr_sls_model_v4_kk_spoof:Train/talkshow/01_62_400,v4:kk:Train/talkshow/01_62_400,kk-piper-issai-high-v1,piper_neural_tts,piper_kk_issai_high,ISSAI_KazakhTTS2_F3,2,,succeeded,ISSAI_KazakhTTS2_F3,2,,2069937469,1,[],raw/v4/xlsr_sls_model_v4_kk_spoof_raw_v1/kk-piper-issai-high-v1/21/211a7117b9c569634d9a5d82751e1f11a60bbc59aa6a9ddab59e46dacb56a546.wav,461972587aa62dda076726163e0b85f8451aab86ee0f19be0fa586294b5908a7,7.894784580498866,22050,local_cpu_piper,
616,target,xlsr_sls_model_v4_kk_spoof:Train/podcasts/04_01_079,v4:kk:Train/podcasts/04_01_079,kk-piper-issai-high-v1,piper_neural_tts,piper_kk_issai_high,ISSAI_KazakhTTS_F1_Raya,3,,succeeded,ISSAI_KazakhTTS_F1_Raya,3,,2038892526,1,[],raw/v4/xlsr_sls_model_v4_kk_spoof_raw_v1/kk-piper-issai-high-v1/02/02df876a27f3007c287dcbbcb0946a64f1fe7b9d32548430c484040e6fdc463b.wav,e1fcafb2306047ca147a8450e8c3339e9bba23c436197a906f12feac4306a320,6.141678004535147,22050,local_cpu_piper,
620,target,xlsr_sls_model_v4_kk_spoof:Train/radio/01_20_356,v4:kk:Train/radio/01_20_356,kk-piper-issai-high-v1,piper_neural_tts,piper_kk_issai_high,ISSAI_KazakhTTS2_F1,4,,succeeded,ISSAI_KazakhTTS2_F1,4,,2049366690,1,[],raw/v4/xlsr_sls_model_v4_kk_spoof_raw_v1/kk-piper-issai-high-v1/c3/c346ec7a2e7381dd737c6206da0785cc2574d6f1cb43110bffd9d8c193a6774c.wav,94f14ddc83b186dcb69430bca2dd7092a23d28a24b17c59078e5fabb25a3e35f,2.7399546485260773,22050,local_cpu_piper,
624,target,xlsr_sls_model_v4_kk_spoof:Train/podcasts/01_07_124,v4:kk:Train/podcasts/01_07_124,kk-piper-issai-high-v1,piper_neural_tts,piper_kk_issai_high,ISSAI_KazakhTTS2_F2,5,,succeeded,ISSAI_KazakhTTS2_F2,5,,825868621,1,[],raw/v4/xlsr_sls_model_v4_kk_spoof_raw_v1/kk-piper-issai-high-v1/fa/fa4570f8c3cac17839dedbaab35762f80b519802f1ff439cfa910a6c60d18e91.wav,a25bace00853d98a28ef4d47132da25ec341dc58db256f76176fd2b83f44ea37,7.024036281179138,22050,local_cpu_piper,
628,target,xlsr_sls_model_v4_kk_spoof:Train/tv_news/5f71046d65915,v4:kk:Train/tv_news/5f71046d65915,kk-piper-issai-high-v1,piper_neural_tts,piper_kk_issai_high,ISSAI_KazakhTTS2_M2,,,succeeded,ISSAI_KazakhTTS2_M2,,,962379001,1,[],raw/v4/xlsr_sls_model_v4_kk_spoof_raw_v1/kk-piper-issai-high-v1/2c/2c6fd4f948c680b59bd9dfaa41524e65591284c5b6ae1c21b4f0508550db737d.wav,406441dc728b52ac5b676e053d41ccabeb7996c3c053731c445675b9ea545927,6.339047619047619,22050,local_cpu_piper,
632,target,xlsr_sls_model_v4_kk_spoof:Train/parliament/senate_19_025,v4:kk:Train/parliament/senate_19_025,kk-piper-issai-high-v1,piper_neural_tts,piper_kk_issai_high,ISSAI_KazakhTTS_M1_Iseke,1,,succeeded,ISSAI_KazakhTTS_M1_Iseke,1,,2131447223,1,[],raw/v4/xlsr_sls_model_v4_kk_spoof_raw_v1/kk-piper-issai-high-v1/34/34f1404a0d4db8a4b884b6c9f3ca9387aead165f35c40eb204e3b60e8742919b.wav,2953a7669715bc40d461d55c912200fa66f15a864525db616f2bd57274f58e22,4.911020408163266,22050,local_cpu_piper,
636,target,xlsr_sls_model_v4_kk_spoof:Train/parliament/mazhilis_15_2_128,v4:kk:Train/parliament/mazhilis_15_2_128,kk-piper-issai-high-v1,piper_neural_tts,piper_kk_issai_high,ISSAI_KazakhTTS2_F3,2,,succeeded,ISSAI_KazakhTTS2_F3,2,,1222736197,1,[],raw/v4/xlsr_sls_model_v4_kk_spoof_raw_v1/kk-piper-issai-high-v1/e2/e23ff578e399a481ca7a4b45a66629038cc1f15032dd524b5115ef28e6f7d199.wav,b6820f5fd3d39ed9f8c6e609562bf137f62111be73573642d5e316e183ddad52,8.870022675736962,22050,local_cpu_piper,
640,target,xlsr_sls_model_v4_kk_spoof:Train/podcasts/03_48_54,v4:kk:Train/podcasts/03_48_54,kk-piper-issai-high-v1,piper_neural_tts,piper_kk_issai_high,ISSAI_KazakhTTS_F1_Raya,3,,succeeded,ISSAI_KazakhTTS_F1_Raya,3,,681043381,1,[],raw/v4/xlsr_sls_model_v4_kk_spoof_raw_v1/kk-piper-issai-high-v1/60/6020d2d130c9ec924e9bebd08a1c2b1913cf3d81256efc0426865d3f3ccd4091.wav,733ff9c4b55580ac2f9fce69f7b43a672a3811876317b6875c56b98184dea2e0,5.317369614512471,22050,local_cpu_piper,
644,target,xlsr_sls_model_v4_kk_spoof:Train/talkshow/01_73_478,v4:kk:Train/talkshow/01_73_478,kk-piper-issai-high-v1,piper_neural_tts,piper_kk_issai_high,ISSAI_KazakhTTS2_F1,4,,succeeded,ISSAI_KazakhTTS2_F1,4,,2006438938,1,[],raw/v4/xlsr_sls_model_v4_kk_spoof_raw_v1/kk-piper-issai-high-v1/09/091ad2ff8cc6752a4e14fdf76953433bb334cf5810a810d20e42c9a2bcbf731f.wav,09f90b5d4f01f2b70d3049eb8206dd9ceebe6c94a85d810f9aada9bbd76d317f,3.5062131519274375,22050,local_cpu_piper,
648,target,xlsr_sls_model_v4_kk_spoof:Train/parliament/mazhilis_18_1_188,v4:kk:Train/parliament/mazhilis_18_1_188,kk-piper-issai-high-v1,piper_neural_tts,piper_kk_issai_high,ISSAI_KazakhTTS2_F2,5,,succeeded,ISSAI_KazakhTTS2_F2,5,,730795479,1,[],raw/v4/xlsr_sls_model_v4_kk_spoof_raw_v1/kk-piper-issai-high-v1/b3/b31984cb7649a805bc2cd91503cbf366fca4bbd1d74536bf0b2c1e673e127497.wav,c4d591d6323e42e3f5f061e0b093bb0af920533f30db1dc3201cf94fc9f5f391,3.4597732426303853,22050,local_cpu_piper,
652,target,xlsr_sls_model_v4_kk_spoof:Train/radio/01_58_547,v4:kk:Train/radio/01_58_547,kk-piper-issai-high-v1,piper_neural_tts,piper_kk_issai_high,ISSAI_KazakhTTS2_M2,,,succeeded,ISSAI_KazakhTTS2_M2,,,1175983512,1,[],raw/v4/xlsr_sls_model_v4_kk_spoof_raw_v1/kk-piper-issai-high-v1/1e/1e5100b970a870543b8ef0bdf58c7c0dcb88120cd48b1ee79eff54b7a1a9c7c5.wav,b320ee846811f51de8b1ee7d7bb2cf938746d8eb8dab6b3b113f95d1ded41faf,15.905668934240364,22050,local_cpu_piper,
656,target,xlsr_sls_model_v4_kk_spoof:Train/radio/01_55_238,v4:kk:Train/radio/01_55_238,kk-piper-issai-high-v1,piper_neural_tts,piper_kk_issai_high,ISSAI_KazakhTTS_M1_Iseke,1,,succeeded,ISSAI_KazakhTTS_M1_Iseke,1,,190983333,1,[],raw/v4/xlsr_sls_model_v4_kk_spoof_raw_v1/kk-piper-issai-high-v1/03/03da32ae3d7897a86588dc318be3a73cc00364804580ea4ff0594f3e3050aefe.wav,e73d6be70358f04b45e4bc630cd49c4dac798364cf186d8f2828787dec23eff8,4.249251700680272,22050,local_cpu_piper,
660,target,xlsr_sls_model_v4_kk_spoof:Train/radio/01_88_145,v4:kk:Train/radio/01_88_145,kk-piper-issai-high-v1,piper_neural_tts,piper_kk_issai_high,ISSAI_KazakhTTS2_F3,2,,succeeded,ISSAI_KazakhTTS2_F3,2,,910893369,1,[],raw/v4/xlsr_sls_model_v4_kk_spoof_raw_v1/kk-piper-issai-high-v1/6e/6e85418b247077ac93f19f93a6d092cfa41df6257841b2f15963cfaea9449546.wav,e2754dffaa1d46f06f88077afa30fad762708901e9b74485fa0ffdc1190bdf23,7.894784580498866,22050,local_cpu_piper,
664,target,xlsr_sls_model_v4_kk_spoof:Train/tv_news/5f71d03724bcb,v4:kk:Train/tv_news/5f71d03724bcb,kk-piper-issai-high-v1,piper_neural_tts,piper_kk_issai_high,ISSAI_KazakhTTS_F1_Raya,3,,succeeded,ISSAI_KazakhTTS_F1_Raya,3,,627277551,1,[],raw/v4/xlsr_sls_model_v4_kk_spoof_raw_v1/kk-piper-issai-high-v1/02/02cc76679ac28008a32382dc0e93c075f1564f0755b05ec6d01585ca338a7baa.wav,53b3d8c460540e9bb91d45ae1f5bf1699abf62e3d2fe55d2bf0d06543b56102b,5.7817687074829935,22050,local_cpu_piper,
668,target,xlsr_sls_model_v4_kk_spoof:Train/radio/01_75_334,v4:kk:Train/radio/01_75_334,kk-piper-issai-high-v1,piper_neural_tts,piper_kk_issai_high,ISSAI_KazakhTTS2_F1,4,,succeeded,ISSAI_KazakhTTS2_F1,4,,893564044,1,[],raw/v4/xlsr_sls_model_v4_kk_spoof_raw_v1/kk-piper-issai-high-v1/28/282428db9abd4dff3f3d07ec480af790051278b65ceee50c09c2531589e33049.wav,f283b66544e78a3a5fea79518fee00e792b114b356e5706d7f24221efdf2f521,1.6602267573696146,22050,local_cpu_piper,
672,target,xlsr_sls_model_v4_kk_spoof:Train/podcasts/01_11_097,v4:kk:Train/podcasts/01_11_097,kk-piper-issai-high-v1,piper_neural_tts,piper_kk_issai_high,ISSAI_KazakhTTS2_F2,5,,succeeded,ISSAI_KazakhTTS2_F2,5,,40435825,1,[],raw/v4/xlsr_sls_model_v4_kk_spoof_raw_v1/kk-piper-issai-high-v1/ed/ed311cbd1348559a8b0042f06b37e29349983d6e8362291a8975e39c08b17f95.wav,7b49b57a9b474fdeca403f9313d82474a1e50478d3813d9d794175ca38fa9f73,2.75156462585034,22050,local_cpu_piper,
676,target,xlsr_sls_model_v4_kk_spoof:Train/talkshow/01_49_155,v4:kk:Train/talkshow/01_49_155,kk-piper-issai-high-v1,piper_neural_tts,piper_kk_issai_high,ISSAI_KazakhTTS2_M2,,,succeeded,ISSAI_KazakhTTS2_M2,,,421204835,1,[],raw/v4/xlsr_sls_model_v4_kk_spoof_raw_v1/kk-piper-issai-high-v1/56/565277b4479ea74c9f2ffee504a6ed40022f8d20ca302764f6403bf188cfcc81.wav,8a51b0eee3f669ae11c52264b872db0951d9e4038cdc1f59f8b7685060b97834,3.4946031746031747,22050,local_cpu_piper,
680,target,xlsr_sls_model_v4_kk_spoof:Train/talkshow/01_06_022,v4:kk:Train/talkshow/01_06_022,kk-piper-issai-high-v1,piper_neural_tts,piper_kk_issai_high,ISSAI_KazakhTTS_M1_Iseke,1,,succeeded,ISSAI_KazakhTTS_M1_Iseke,1,,1382037619,1,[],raw/v4/xlsr_sls_model_v4_kk_spoof_raw_v1/kk-piper-issai-high-v1/38/3880dad1cf753965389e10b26b672aeaaaab8d08aa2f0903de0040497470d9f0.wav,a601e89cce59ed6df043ef4afcc3497de2131d3c7ea576ad2c9c0a766c28be93,8.057324263038549,22050,local_cpu_piper,
684,target,xlsr_sls_model_v4_kk_spoof:Train/tv_news/5f71cde9a7884,v4:kk:Train/tv_news/5f71cde9a7884,kk-piper-issai-high-v1,piper_neural_tts,piper_kk_issai_high,ISSAI_KazakhTTS2_F3,2,,succeeded,ISSAI_KazakhTTS2_F3,2,,1094365303,1,[],raw/v4/xlsr_sls_model_v4_kk_spoof_raw_v1/kk-piper-issai-high-v1/1a/1afb826cd0d703a704bccf6569a0dc8127fd8600b9e06710561c1cc688f373c0.wav,412522cbfe978d41e64a29da86ed935752f0caeac56f1bcfc83406f22420e12a,3.5526530612244898,22050,local_cpu_piper,
688,target,xlsr_sls_model_v4_kk_spoof:Train/radio/01_10_228,v4:kk:Train/radio/01_10_228,kk-piper-issai-high-v1,piper_neural_tts,piper_kk_issai_high,ISSAI_KazakhTTS_F1_Raya,3,,succeeded,ISSAI_KazakhTTS_F1_Raya,3,,1753361006,1,[],raw/v4/xlsr_sls_model_v4_kk_spoof_raw_v1/kk-piper-issai-high-v1/7a/7a593355be08e946b80ccb08d34406ab3fe15f40688ef9a92e96c4aac07d0dd5.wav,fd790c84aebff0e555e2f7f35a1492d631de65a50d20c05ad5b3e3d1650ed49f,5.677278911564626,22050,local_cpu_piper,
692,target,xlsr_sls_model_v4_kk_spoof:Train/radio/01_80_139,v4:kk:Train/radio/01_80_139,kk-piper-issai-high-v1,piper_neural_tts,piper_kk_issai_high,ISSAI_KazakhTTS2_F1,4,,succeeded,ISSAI_KazakhTTS2_F1,4,,340640899,1,[],raw/v4/xlsr_sls_model_v4_kk_spoof_raw_v1/kk-piper-issai-high-v1/95/958402396bc65c20d7907bb3b6a1802c55112c4f1762f051de6ab9e5b4903758.wav,6e560c5538d4c8d36d2ce9159cada0be7cedcd6de0aaa35ce845c66d3f9d5e2a,2.972154195011338,22050,local_cpu_piper,
696,target,xlsr_sls_model_v4_kk_spoof:Train/radio/01_56_171,v4:kk:Train/radio/01_56_171,kk-piper-issai-high-v1,piper_neural_tts,piper_kk_issai_high,ISSAI_KazakhTTS2_F2,5,,succeeded,ISSAI_KazakhTTS2_F2,5,,1340244848,1,[],raw/v4/xlsr_sls_model_v4_kk_spoof_raw_v1/kk-piper-issai-high-v1/a3/a31d87502ffa8bf33ae2b52bdcd877eddc45cc16bf1f725a7342e50fcb4b9b4b.wav,94bebf6594cfdb24dadea76185bff7175838421d94e48014c9be8870028296d7,3.912562358276644,22050,local_cpu_piper,
700,target,xlsr_sls_model_v4_kk_spoof:Train/radio/01_51_539,v4:kk:Train/radio/01_51_539,kk-piper-issai-high-v1,piper_neural_tts,piper_kk_issai_high,ISSAI_KazakhTTS2_M2,,,succeeded,ISSAI_KazakhTTS2_M2,,,752277087,1,[],raw/v4/xlsr_sls_model_v4_kk_spoof_raw_v1/kk-piper-issai-high-v1/11/11573a2e5a223c8b97a15b0cadc4740b905f53e160066ba28c7cb0d0ce90e84d.wav,3fd4fe83f667736b8738c33259418b46ea9677b9b636d2019ae1ff7c5e19d887,1.3931972789115645,22050,local_cpu_piper,
704,target,xlsr_sls_model_v4_kk_spoof:Train/parliament/senate_20_0537,v4:kk:Train/parliament/senate_20_0537,kk-piper-issai-high-v1,piper_neural_tts,piper_kk_issai_high,ISSAI_KazakhTTS_M1_Iseke,1,,succeeded,ISSAI_KazakhTTS_M1_Iseke,1,,475019209,1,[],raw/v4/xlsr_sls_model_v4_kk_spoof_raw_v1/kk-piper-issai-high-v1/b5/b51561286bb2aef23fb3d221029069d9b10347a949ddabd9c2478ab34fc514d9.wav,5ed28ba79f23923dd5e987e17206e8f08a80fbd5806b3a3539c6c6fb36a667a1,12.26013605442177,22050,local_cpu_piper,
708,target,xlsr_sls_model_v4_kk_spoof:Train/podcasts/04_01_486,v4:kk:Train/podcasts/04_01_486,kk-piper-issai-high-v1,piper_neural_tts,piper_kk_issai_high,ISSAI_KazakhTTS2_F3,2,,succeeded,ISSAI_KazakhTTS2_F3,2,,1671614577,1,[],raw/v4/xlsr_sls_model_v4_kk_spoof_raw_v1/kk-piper-issai-high-v1/77/771c8e80a2e1ca3ae2f2f8b9223e3a9cc2e2993e428d4e0593e6d87f9e64c9e5.wav,3e13d0f8cc2cb147bd1c526ccf7378690949fd7a820911e1b811b29317d56f3d,9.044172335600907,22050,local_cpu_piper,
712,target,xlsr_sls_model_v4_kk_spoof:Train/tv_news/5fa2e812a8769,v4:kk:Train/tv_news/5fa2e812a8769,kk-piper-issai-high-v1,piper_neural_tts,piper_kk_issai_high,ISSAI_KazakhTTS_F1_Raya,3,,succeeded,ISSAI_KazakhTTS_F1_Raya,3,,1523007401,1,[],raw/v4/xlsr_sls_model_v4_kk_spoof_raw_v1/kk-piper-issai-high-v1/cc/ccb24d93ed14d12e0ea7fd87c69130ca91713ccbe825a85ced9b636c5f0ea9a9.wav,b57a7921602193c53d90f5279146032a70c0884046df1d9c40c26993c399f251,4.423401360544218,22050,local_cpu_piper,
716,target,xlsr_sls_model_v4_kk_spoof:Train/parliament/mazhilis_16_2_214,v4:kk:Train/parliament/mazhilis_16_2_214,kk-piper-issai-high-v1,piper_neural_tts,piper_kk_issai_high,ISSAI_KazakhTTS2_F1,4,,succeeded,ISSAI_KazakhTTS2_F1,4,,1141842967,1,[],raw/v4/xlsr_sls_model_v4_kk_spoof_raw_v1/kk-piper-issai-high-v1/54/548d23b1d64a8825a91959d8fb591eba39e54106448a45715e9904bfaef2d931.wav,caa069cb6b506f33e6e9756799e4c9bbfce2b73baaba671228dd00073628d87a,7.337505668934241,22050,local_cpu_piper,
720,target,xlsr_sls_model_v4_kk_spoof:Train/podcasts/01_02_042,v4:kk:Train/podcasts/01_02_042,kk-piper-issai-high-v1,piper_neural_tts,piper_kk_issai_high,ISSAI_KazakhTTS2_F2,5,,succeeded,ISSAI_KazakhTTS2_F2,5,,2095974714,1,[],raw/v4/xlsr_sls_model_v4_kk_spoof_raw_v1/kk-piper-issai-high-v1/90/903a2c441163699c47cb073b716e9b338c0d363c518063e96bb27c3cb179624d.wav,278a574a09bf7c804a740ed69df8d7b201f9a09dc283f7960385d4a2eab1318e,6.664126984126984,22050,local_cpu_piper,
724,target,xlsr_sls_model_v4_kk_spoof:Train/podcasts/04_06_588,v4:kk:Train/podcasts/04_06_588,kk-piper-issai-high-v1,piper_neural_tts,piper_kk_issai_high,ISSAI_KazakhTTS2_M2,,,succeeded,ISSAI_KazakhTTS2_M2,,,1359360200,1,[],raw/v4/xlsr_sls_model_v4_kk_spoof_raw_v1/kk-piper-issai-high-v1/78/78f81a80135e91e50a909681bca31ef0cdb33fa4f6556f34eaa68f7fbb88a72b.wav,e5c6ee1f8b24b1c0ec6788b13ece54e2a5541ee7c1f6324ff45d27774eb0d62e,3.877732426303855,22050,local_cpu_piper,
728,target,xlsr_sls_model_v4_kk_spoof:Train/parliament/senate_13_029,v4:kk:Train/parliament/senate_13_029,kk-piper-issai-high-v1,piper_neural_tts,piper_kk_issai_high,ISSAI_KazakhTTS_M1_Iseke,1,,succeeded,ISSAI_KazakhTTS_M1_Iseke,1,,1090567983,1,[],raw/v4/xlsr_sls_model_v4_kk_spoof_raw_v1/kk-piper-issai-high-v1/c1/c1a641771f042f345bbe1773d5be20f4bb13768e1344494dcb9fa83a1006c13a.wav,16c8255b1076222fbd6d2b08a8b77c8bbe2203d1a5b4bdd47ca54a5cc3d94b32,6.9543764172335605,22050,local_cpu_piper,
732,target,xlsr_sls_model_v4_kk_spoof:Train/tv_news/5f71cfb6b1703,v4:kk:Train/tv_news/5f71cfb6b1703,kk-piper-issai-high-v1,piper_neural_tts,piper_kk_issai_high,ISSAI_KazakhTTS2_F3,2,,succeeded,ISSAI_KazakhTTS2_F3,2,,2072555125,1,[],raw/v4/xlsr_sls_model_v4_kk_spoof_raw_v1/kk-piper-issai-high-v1/4d/4d535917bcbf2feab6667ddf367d620990e3b1998d3566fbaf0080740975902d.wav,7a70eadecae7ab6a754e6f6c093bf59a1ec57ed76c82ab63a951a903195bc4d3,3.215963718820862,22050,local_cpu_piper,
736,target,xlsr_sls_model_v4_kk_spoof:Train/tv_news/5f71d096caac6,v4:kk:Train/tv_news/5f71d096caac6,kk-piper-issai-high-v1,piper_neural_tts,piper_kk_issai_high,ISSAI_KazakhTTS_F1_Raya,3,,succeeded,ISSAI_KazakhTTS_F1_Raya,3,,1691787813,1,[],raw/v4/xlsr_sls_model_v4_kk_spoof_raw_v1/kk-piper-issai-high-v1/d9/d936ee22d2d8731c5d7bebf2b89a4b815f4c16922f107a04debf94c1e794b2d4.wav,d1a5ac6e91da60053d0ebb128b259a2037bec531bef766ae12d2856ec42c03fb,3.332063492063492,22050,local_cpu_piper,
740,target,xlsr_sls_model_v4_kk_spoof:Train/parliament/mazhilis_27_326,v4:kk:Train/parliament/mazhilis_27_326,kk-piper-issai-high-v1,piper_neural_tts,piper_kk_issai_high,ISSAI_KazakhTTS2_F1,4,,succeeded,ISSAI_KazakhTTS2_F1,4,,1355235180,1,[],raw/v4/xlsr_sls_model_v4_kk_spoof_raw_v1/kk-piper-issai-high-v1/c6/c613c86ea2987fc6a0f3e0385df77153c289d708b66bb390e0141dd4b0cc9336.wav,86edf8ba11d68d066465bcc56ce733671b1106f397687f2e6b6182a9711eb9bf,3.01859410430839,22050,local_cpu_piper,
744,target,xlsr_sls_model_v4_kk_spoof:Train/talkshow/01_41_398,v4:kk:Train/talkshow/01_41_398,kk-piper-issai-high-v1,piper_neural_tts,piper_kk_issai_high,ISSAI_KazakhTTS2_F2,5,,succeeded,ISSAI_KazakhTTS2_F2,5,,343148727,1,[],raw/v4/xlsr_sls_model_v4_kk_spoof_raw_v1/kk-piper-issai-high-v1/38/3890f15e8ff7f7acbfe842fe42175fa02a772907ba4c1c18b7af88b003d1c1e5.wav,0f56fa511ce4f935c84944a09a01c1a57c2bf2033519fe83efe27fe7fff557b7,4.005442176870749,22050,local_cpu_piper,
748,target,xlsr_sls_model_v4_kk_spoof:Train/parliament/senate_20_0714,v4:kk:Train/parliament/senate_20_0714,kk-piper-issai-high-v1,piper_neural_tts,piper_kk_issai_high,ISSAI_KazakhTTS2_M2,,,succeeded,ISSAI_KazakhTTS2_M2,,,1330691691,1,[],raw/v4/xlsr_sls_model_v4_kk_spoof_raw_v1/kk-piper-issai-high-v1/f8/f8c10611631c9d3e4bf5ce7fcc3db621febd0fa0bd8ea0eb079d7e39ea934f15.wav,45b4d347e3d3c7fb97cfef4bdb61788f978e76578c0a9455e867992a56205bc4,13.618503401360543,22050,local_cpu_piper,
752,target,xlsr_sls_model_v4_kk_spoof:Train/talkshow/01_50_229,v4:kk:Train/talkshow/01_50_229,kk-piper-issai-high-v1,piper_neural_tts,piper_kk_issai_high,ISSAI_KazakhTTS_M1_Iseke,1,,succeeded,ISSAI_KazakhTTS_M1_Iseke,1,,1141248547,1,[],raw/v4/xlsr_sls_model_v4_kk_spoof_raw_v1/kk-piper-issai-high-v1/92/92079ae4029f35ea46f53f36669737cfd0cd0ff8a0a7df9afe6b3d5b16dbb0ae.wav,f92c88140487550e6ee7f46a7a1a853fd4d41bb052fc12f9054a44a0a7bcb696,5.433469387755102,22050,local_cpu_piper,
756,target,xlsr_sls_model_v4_kk_spoof:Train/talkshow/01_59_228,v4:kk:Train/talkshow/01_59_228,kk-piper-issai-high-v1,piper_neural_tts,piper_kk_issai_high,ISSAI_KazakhTTS2_F3,2,,succeeded,ISSAI_KazakhTTS2_F3,2,,642327535,1,[],raw/v4/xlsr_sls_model_v4_kk_spoof_raw_v1/kk-piper-issai-high-v1/b6/b61986addad0c6e6583a0eb5988bacdd52d64a470cec0650530adcf566712b77.wav,c80f69dc74a90461bde1c35286dd078af247bd5cbeaf1d53dd421184f22a43d3,4.73687074829932,22050,local_cpu_piper,
760,target,xlsr_sls_model_v4_kk_spoof:Train/podcasts/01_01_619,v4:kk:Train/podcasts/01_01_619,kk-piper-issai-high-v1,piper_neural_tts,piper_kk_issai_high,ISSAI_KazakhTTS_F1_Raya,3,,succeeded,ISSAI_KazakhTTS_F1_Raya,3,,2068578321,1,[],raw/v4/xlsr_sls_model_v4_kk_spoof_raw_v1/kk-piper-issai-high-v1/64/6492124e5794b2d271a8e28682109272250c1f26cd79dc29d0f3e6efa3176e3f.wav,603ce016881597f11fd4e9acfaea6c0ca61ad3d43423012f8f1aa6c33973bf59,3.355283446712018,22050,local_cpu_piper,
764,target,xlsr_sls_model_v4_kk_spoof:Train/talkshow/01_41_494,v4:kk:Train/talkshow/01_41_494,kk-piper-issai-high-v1,piper_neural_tts,piper_kk_issai_high,ISSAI_KazakhTTS2_F1,4,,succeeded,ISSAI_KazakhTTS2_F1,4,,896781489,1,[],raw/v4/xlsr_sls_model_v4_kk_spoof_raw_v1/kk-piper-issai-high-v1/f5/f500a9123550dd77c571fceadcbab6dd20566abe7862bae8d785e801d2c45d5c.wav,50c4cc0c4e3b33626000795bb6799ebeedeadb674672ef11ea4cfc1c6bc79eb5,5.259319727891157,22050,local_cpu_piper,
768,target,xlsr_sls_model_v4_kk_spoof:Train/podcasts/01_07_479,v4:kk:Train/podcasts/01_07_479,kk-piper-issai-high-v1,piper_neural_tts,piper_kk_issai_high,ISSAI_KazakhTTS2_F2,5,,succeeded,ISSAI_KazakhTTS2_F2,5,,37932535,1,[],raw/v4/xlsr_sls_model_v4_kk_spoof_raw_v1/kk-piper-issai-high-v1/22/2228142647d919d548e3b455e6444e5cbf11920f7be898a05d9aca1c53be71fc.wav,da40915fd9207d0d67eab146305d0393426bce21d964e0af92cb79afac8ae04f,2.948934240362812,22050,local_cpu_piper,
772,target,xlsr_sls_model_v4_kk_spoof:Train/talkshow/01_72_609,v4:kk:Train/talkshow/01_72_609,kk-piper-issai-high-v1,piper_neural_tts,piper_kk_issai_high,ISSAI_KazakhTTS2_M2,,,succeeded,ISSAI_KazakhTTS2_M2,,,114251197,1,[],raw/v4/xlsr_sls_model_v4_kk_spoof_raw_v1/kk-piper-issai-high-v1/d4/d4a34775c51138c02f2eb1ddc246232b61d25563762ffd71b508dc67f3a58faa.wav,077152510303126529bbb6abc5e04014efd6cf5b11db7e3165e870a2a4b99bfc,2.4380952380952383,22050,local_cpu_piper,
776,target,xlsr_sls_model_v4_kk_spoof:Train/tv_news/5f834dbe8a514,v4:kk:Train/tv_news/5f834dbe8a514,kk-piper-issai-high-v1,piper_neural_tts,piper_kk_issai_high,ISSAI_KazakhTTS_M1_Iseke,1,,succeeded,ISSAI_KazakhTTS_M1_Iseke,1,,1633087852,1,[],raw/v4/xlsr_sls_model_v4_kk_spoof_raw_v1/kk-piper-issai-high-v1/e4/e400dceed7c063f60bd06f5b9c8034b2d315f41bd63006edfefe4962b218d6ee.wav,6e8e777fcd808b96391fa21e835c40861642acf31533c3c4e651f315317d4886,9.299591836734693,22050,local_cpu_piper,
780,target,xlsr_sls_model_v4_kk_spoof:Train/parliament/mazhilis_15_1_697,v4:kk:Train/parliament/mazhilis_15_1_697,kk-piper-issai-high-v1,piper_neural_tts,piper_kk_issai_high,ISSAI_KazakhTTS2_F3,2,,succeeded,ISSAI_KazakhTTS2_F3,2,,943815160,1,[],raw/v4/xlsr_sls_model_v4_kk_spoof_raw_v1/kk-piper-issai-high-v1/58/58366c2c1b58fa5ce2316ced7d6ff1578841ed00eda450174d4fed1cfd0fa581.wav,ec95ab8d24cd3a65d84649c6cb9780b3cffdd939dca81d8613dae5b28112bb2d,3.2856235827664397,22050,local_cpu_piper,
784,target,xlsr_sls_model_v4_kk_spoof:Train/podcasts/04_05_505,v4:kk:Train/podcasts/04_05_505,kk-piper-issai-high-v1,piper_neural_tts,piper_kk_issai_high,ISSAI_KazakhTTS_F1_Raya,3,,succeeded,ISSAI_KazakhTTS_F1_Raya,3,,1651803006,1,[],raw/v4/xlsr_sls_model_v4_kk_spoof_raw_v1/kk-piper-issai-high-v1/4d/4d4c954ea55bb9595490d16461e267f83c8a7f6e7af6d298135220692e9f21e5.wav,8ae5104416448f8a28cd9a624197a76db3e4207c066b927fb45f8ed8cff1cf1a,7.511655328798186,22050,local_cpu_piper,
788,target,xlsr_sls_model_v4_kk_spoof:Train/radio/01_49_143,v4:kk:Train/radio/01_49_143,kk-piper-issai-high-v1,piper_neural_tts,piper_kk_issai_high,ISSAI_KazakhTTS2_F1,4,,succeeded,ISSAI_KazakhTTS2_F1,4,,2040969346,1,[],raw/v4/xlsr_sls_model_v4_kk_spoof_raw_v1/kk-piper-issai-high-v1/4a/4a72d9feb65aed7ba34e9eccda726a5466a56a08fe34f59b8da3a82712d47036.wav,f4580b6dd7147641007e93f145ccb5ec4fcaede8e0dd5bad2dc10d2b0cba308f,3.912562358276644,22050,local_cpu_piper,
792,target,xlsr_sls_model_v4_kk_spoof:Train/radio/01_51_527,v4:kk:Train/radio/01_51_527,kk-piper-issai-high-v1,piper_neural_tts,piper_kk_issai_high,ISSAI_KazakhTTS2_F2,5,,succeeded,ISSAI_KazakhTTS2_F2,5,,1460185927,1,[],raw/v4/xlsr_sls_model_v4_kk_spoof_raw_v1/kk-piper-issai-high-v1/20/2067f0a6ebdc8a63109eb1a33e58ffd936d57f58c33170d8b4bb46514e0f7890.wav,60a3b00dc49177a77c4bec21ebe1bfbd93364b4a0020dd0ec5257539b4de436f,2.2639455782312927,22050,local_cpu_piper,
796,target,xlsr_sls_model_v4_kk_spoof:Train/parliament/senate_15_478,v4:kk:Train/parliament/senate_15_478,kk-piper-issai-high-v1,piper_neural_tts,piper_kk_issai_high,ISSAI_KazakhTTS2_M2,,,succeeded,ISSAI_KazakhTTS2_M2,,,2122761949,1,[],raw/v4/xlsr_sls_model_v4_kk_spoof_raw_v1/kk-piper-issai-high-v1/c5/c5740ba1336a438c47c9fafaf7c6122ffa691a32818d5b138e6de5a69b04524e.wav,3b3a9dc3ae169b78b9aab8a3b472b357b5bd746c02de624ec16eeb6dc85b1e08,10.042630385487529,22050,local_cpu_piper,
800,target,xlsr_sls_model_v4_kk_spoof:Train/radio/01_49_154,v4:kk:Train/radio/01_49_154,kk-piper-issai-high-v1,piper_neural_tts,piper_kk_issai_high,ISSAI_KazakhTTS_M1_Iseke,1,,succeeded,ISSAI_KazakhTTS_M1_Iseke,1,,689770221,1,[],raw/v4/xlsr_sls_model_v4_kk_spoof_raw_v1/kk-piper-issai-high-v1/38/38dd73af64aa32f612edabe2e6ba981e9cf7a124aa2f639ed6f08743e4298c8c.wav,97def495d301e0eafd91dd45cf5240d83a7d5c24cfe50794a75c71df7481bf26,1.7066666666666668,22050,local_cpu_piper,
804,target,xlsr_sls_model_v4_kk_spoof:Train/talkshow/01_78_073,v4:kk:Train/talkshow/01_78_073,kk-piper-issai-high-v1,piper_neural_tts,piper_kk_issai_high,ISSAI_KazakhTTS2_F3,2,,succeeded,ISSAI_KazakhTTS2_F3,2,,1829528629,1,[],raw/v4/xlsr_sls_model_v4_kk_spoof_raw_v1/kk-piper-issai-high-v1/cf/cf71fb25ab7bbba91b326dfc8c77881a5d893f4a914c5c1eeecf67fbc7d1ac29.wav,acd29880b4050ca11173f51168fc1a02cc501cd0920d3137c3e4b2501ce4969d,3.436553287981859,22050,local_cpu_piper,
808,target,xlsr_sls_model_v4_kk_spoof:Train/tv_news/5fe2a5fae7148,v4:kk:Train/tv_news/5fe2a5fae7148,kk-piper-issai-high-v1,piper_neural_tts,piper_kk_issai_high,ISSAI_KazakhTTS_F1_Raya,3,,succeeded,ISSAI_KazakhTTS_F1_Raya,3,,762660714,1,[],raw/v4/xlsr_sls_model_v4_kk_spoof_raw_v1/kk-piper-issai-high-v1/8e/8e77d95adaa3115664ce184096cc3500947bcef83e8ea45ea4bd1a825305ac79.wav,5833ee3e5b4c5880afa65c2713aa19eafec308cb576cf7c1b568ef89aa223942,5.027120181405896,22050,local_cpu_piper,
812,target,xlsr_sls_model_v4_kk_spoof:Train/tv_news/5fe2a68e7b6bf,v4:kk:Train/tv_news/5fe2a68e7b6bf,kk-piper-issai-high-v1,piper_neural_tts,piper_kk_issai_high,ISSAI_KazakhTTS2_F1,4,,succeeded,ISSAI_KazakhTTS2_F1,4,,1870100251,1,[],raw/v4/xlsr_sls_model_v4_kk_spoof_raw_v1/kk-piper-issai-high-v1/c1/c1ea58822ac7ea6934548bcc76b489bf8f256a84ed379da035fc1fda01294a57.wav,28ac7f15655e82e745b0bb664980d501a48898ea4f0867ed1086d66f952ce96f,5.189659863945578,22050,local_cpu_piper,
816,target,xlsr_sls_model_v4_kk_spoof:Train/podcasts/06_06_062,v4:kk:Train/podcasts/06_06_062,kk-piper-issai-high-v1,piper_neural_tts,piper_kk_issai_high,ISSAI_KazakhTTS2_F2,5,,succeeded,ISSAI_KazakhTTS2_F2,5,,1733263735,1,[],raw/v4/xlsr_sls_model_v4_kk_spoof_raw_v1/kk-piper-issai-high-v1/54/5419b88e36a59c217e45a21013128ab846209e94ad6d35ee3c9e3f3f25c1fd26.wav,66af95e0627dda5ffadd1438d36f356898c06b3c79a9c0dd7e3931200e3d7a78,3.912562358276644,22050,local_cpu_piper,
820,target,xlsr_sls_model_v4_kk_spoof:Train/podcasts/04_09_612,v4:kk:Train/podcasts/04_09_612,kk-piper-issai-high-v1,piper_neural_tts,piper_kk_issai_high,ISSAI_KazakhTTS2_M2,,,succeeded,ISSAI_KazakhTTS2_M2,,,1295594977,1,[],raw/v4/xlsr_sls_model_v4_kk_spoof_raw_v1/kk-piper-issai-high-v1/2e/2e2eba36928f783e293dbe696772fa291c9a1d9489075fc0c508e206f6cc83b1.wav,4268bfe9aa3aa039db7cb814dcd310eb5368b1ecb94656fcaefc9eade74f011e,15.731519274376417,22050,local_cpu_piper,
824,target,xlsr_sls_model_v4_kk_spoof:Train/parliament/senate_09_856,v4:kk:Train/parliament/senate_09_856,kk-piper-issai-high-v1,piper_neural_tts,piper_kk_issai_high,ISSAI_KazakhTTS_M1_Iseke,1,,succeeded,ISSAI_KazakhTTS_M1_Iseke,1,,1631343268,1,[],raw/v4/xlsr_sls_model_v4_kk_spoof_raw_v1/kk-piper-issai-high-v1/dc/dcd450e6129f719023fadae152b5356641a60ff58d4e646b866c11341ec8744e.wav,3c84bfe1d9eb99fe049eab4a2d4d6bff9cb0f093779d37d0f84d2ac43cb0928a,4.9806802721088435,22050,local_cpu_piper,
828,target,xlsr_sls_model_v4_kk_spoof:Train/parliament/mazhilis_24_773,v4:kk:Train/parliament/mazhilis_24_773,kk-piper-issai-high-v1,piper_neural_tts,piper_kk_issai_high,ISSAI_KazakhTTS2_F3,2,,succeeded,ISSAI_KazakhTTS2_F3,2,,1272615284,1,[],raw/v4/xlsr_sls_model_v4_kk_spoof_raw_v1/kk-piper-issai-high-v1/83/83501aa8d94d9a7ee55d59da1390e498187efb7bdfa8fa763d70984e40337980.wav,e239c2d710cc7f7ab5024ac4b4e185e7c16070bacf7e51c18da861242ca74296,9.229931972789116,22050,local_cpu_piper,
832,target,xlsr_sls_model_v4_kk_spoof:Train/talkshow/01_51_409,v4:kk:Train/talkshow/01_51_409,kk-piper-issai-high-v1,piper_neural_tts,piper_kk_issai_high,ISSAI_KazakhTTS_F1_Raya,3,,succeeded,ISSAI_KazakhTTS_F1_Raya,3,,1718152383,1,[],raw/v4/xlsr_sls_model_v4_kk_spoof_raw_v1/kk-piper-issai-high-v1/fb/fbe82ef5f18d3611e843223ab5ab3d0d48e539ca77279b1ca91425f2b5350408.wav,40b996113e2af7638717ff2834bd306f8c472b3c36944b2cd9e41f3e4f0eab49,3.3901133786848074,22050,local_cpu_piper,
836,target,xlsr_sls_model_v4_kk_spoof:Train/tv_news/5fa2e7aa1a983,v4:kk:Train/tv_news/5fa2e7aa1a983,kk-piper-issai-high-v1,piper_neural_tts,piper_kk_issai_high,ISSAI_KazakhTTS2_F1,4,,succeeded,ISSAI_KazakhTTS2_F1,4,,1802881493,1,[],raw/v4/xlsr_sls_model_v4_kk_spoof_raw_v1/kk-piper-issai-high-v1/3d/3d80324a8f7dde8ec8c2ced13be47ba7f644883bafe12538c5cf3bdd3508bc56.wav,4f41a70e29ad3dd0d8fcdc1cfc9ab8f3c607bd4137641e10641dd4ff88fee2cd,4.9806802721088435,22050,local_cpu_piper,
840,target,xlsr_sls_model_v4_kk_spoof:Train/podcasts/06_04_100,v4:kk:Train/podcasts/06_04_100,kk-piper-issai-high-v1,piper_neural_tts,piper_kk_issai_high,ISSAI_KazakhTTS2_F2,5,,succeeded,ISSAI_KazakhTTS2_F2,5,,611165260,1,[],raw/v4/xlsr_sls_model_v4_kk_spoof_raw_v1/kk-piper-issai-high-v1/69/69de79d66646a5b95fb829035d73ff9f7e9d70200c7ca08dfe89c8e409f7ba1f.wav,6440041371c7ba16f81fcac6fa1ca8c1f02de119cb8f6870f5ebf83c9dc0a996,5.166439909297052,22050,local_cpu_piper,
844,target,xlsr_sls_model_v4_kk_spoof:Train/podcasts/04_11_178,v4:kk:Train/podcasts/04_11_178,kk-piper-issai-high-v1,piper_neural_tts,piper_kk_issai_high,ISSAI_KazakhTTS2_M2,,,succeeded,ISSAI_KazakhTTS2_M2,,,39222395,1,[],raw/v4/xlsr_sls_model_v4_kk_spoof_raw_v1/kk-piper-issai-high-v1/27/275e520fdc2ac1561fc663942137dc8cf637f46e178b86aa0db1a17a1f1b0ab8.wav,f6b3271be2b6a37ecfbef53e938c9520aabc5a6fa82d993e3bc6699f78ea1611,2.8328344671201813,22050,local_cpu_piper,
848,target,xlsr_sls_model_v4_kk_spoof:Train/parliament/senate_15_556,v4:kk:Train/parliament/senate_15_556,kk-piper-issai-high-v1,piper_neural_tts,piper_kk_issai_high,ISSAI_KazakhTTS_M1_Iseke,1,,succeeded,ISSAI_KazakhTTS_M1_Iseke,1,,1949860573,1,[],raw/v4/xlsr_sls_model_v4_kk_spoof_raw_v1/kk-piper-issai-high-v1/01/019f099f1e3451cc28dd9380c1413cf10eda1616a9ce1417aa416be67e832f93.wav,12a046049fff8bc922ed13165fce50688fccc4f7bdaf191fbd8a5abbfc354d1c,8.997732426303855,22050,local_cpu_piper,
852,target,xlsr_sls_model_v4_kk_spoof:Train/parliament/mazhilis_17_1_514,v4:kk:Train/parliament/mazhilis_17_1_514,kk-piper-issai-high-v1,piper_neural_tts,piper_kk_issai_high,ISSAI_KazakhTTS2_F3,2,,succeeded,ISSAI_KazakhTTS2_F3,2,,515718091,1,[],raw/v4/xlsr_sls_model_v4_kk_spoof_raw_v1/kk-piper-issai-high-v1/6a/6a7d6e0acebbd295484cda5f4a4cd9d00da9f4619961a417f1f6c848fcfb0d58.wav,231a261360f6ac30126d37c0d1d01b8f469214fcc29d5c87614e44cc4528c38a,9.729160997732427,22050,local_cpu_piper,
856,target,xlsr_sls_model_v4_kk_spoof:Train/tv_news/5fe2a69d99ae2,v4:kk:Train/tv_news/5fe2a69d99ae2,kk-piper-issai-high-v1,piper_neural_tts,piper_kk_issai_high,ISSAI_KazakhTTS_F1_Raya,3,,succeeded,ISSAI_KazakhTTS_F1_Raya,3,,1513586930,1,[],raw/v4/xlsr_sls_model_v4_kk_spoof_raw_v1/kk-piper-issai-high-v1/3c/3c924765e0e0c80d9ee2af0893e1fd7d4b159051bc6bbd112504890d1b0abfa1.wav,b8f6652761d34bbb0f86c02b761a4ce0fcab434a8aa83788538791f27b38e722,7.894784580498866,22050,local_cpu_piper,
860,target,xlsr_sls_model_v4_kk_spoof:Train/tv_news/5f71d19ccb687,v4:kk:Train/tv_news/5f71d19ccb687,kk-piper-issai-high-v1,piper_neural_tts,piper_kk_issai_high,ISSAI_KazakhTTS2_F1,4,,succeeded,ISSAI_KazakhTTS2_F1,4,,222762657,1,[],raw/v4/xlsr_sls_model_v4_kk_spoof_raw_v1/kk-piper-issai-high-v1/96/963347e2cd20ab93af5110838d53af96ed83793b8b0095e4b7b1eb0c2fc18c82.wav,c4a350d7d2ebc1c2a2f4779106a74ae522364ac17cc3273fe0d6884a563d0d61,2.147845804988662,22050,local_cpu_piper,
864,target,xlsr_sls_model_v4_kk_spoof:Train/tv_news/5f834f14d2a56,v4:kk:Train/tv_news/5f834f14d2a56,kk-piper-issai-high-v1,piper_neural_tts,piper_kk_issai_high,ISSAI_KazakhTTS2_F2,5,,succeeded,ISSAI_KazakhTTS2_F2,5,,104895666,1,[],raw/v4/xlsr_sls_model_v4_kk_spoof_raw_v1/kk-piper-issai-high-v1/ee/ee18d65ae12c9e312d32c17b487bd1ee336949a466bd15d792c0528782879238.wav,d648f1d3bcb5f56916569f53a503286576cd6ac46232f1953f9e9c0931a7cb58,3.297233560090703,22050,local_cpu_piper,
868,target,xlsr_sls_model_v4_kk_spoof:Train/podcasts/04_11_007,v4:kk:Train/podcasts/04_11_007,kk-piper-issai-high-v1,piper_neural_tts,piper_kk_issai_high,ISSAI_KazakhTTS2_M2,,,succeeded,ISSAI_KazakhTTS2_M2,,,677168729,1,[],raw/v4/xlsr_sls_model_v4_kk_spoof_raw_v1/kk-piper-issai-high-v1/84/8449edb4b19a7232b83db674be06b63d04a4e860c0709ef88bb0a8d730d7ea61.wav,8c6c17203b1ee1b4c9200447c4206c01254f220f286665cbe5e55383ffe5c61d,9.578231292517007,22050,local_cpu_piper,
872,target,xlsr_sls_model_v4_kk_spoof:Train/parliament/senate_11_541,v4:kk:Train/parliament/senate_11_541,kk-piper-issai-high-v1,piper_neural_tts,piper_kk_issai_high,ISSAI_KazakhTTS_M1_Iseke,1,,succeeded,ISSAI_KazakhTTS_M1_Iseke,1,,2008275028,1,[],raw/v4/xlsr_sls_model_v4_kk_spoof_raw_v1/kk-piper-issai-high-v1/cb/cbf45745787369228719983b4692e53d987e66e6783445f6310dae4a2ab94dd9.wav,00d8939148c490249746de4ae7fc486a985bc7558991b74f1ae12fb11b7e5ed3,13.212154195011339,22050,local_cpu_piper,
876,target,xlsr_sls_model_v4_kk_spoof:Train/talkshow/01_19_122,v4:kk:Train/talkshow/01_19_122,kk-piper-issai-high-v1,piper_neural_tts,piper_kk_issai_high,ISSAI_KazakhTTS2_F3,2,,succeeded,ISSAI_KazakhTTS2_F3,2,,588315218,1,[],raw/v4/xlsr_sls_model_v4_kk_spoof_raw_v1/kk-piper-issai-high-v1/c3/c3e897bead49b822e61feff77a2547658a8b8ecb39779e145bf346bae1d66047.wav,d21c3af04e741de499b9e38449bc353a21fe62b6963d0c2d8eb5726ef3eccaeb,4.725260770975057,22050,local_cpu_piper,
880,target,xlsr_sls_model_v4_kk_spoof:Train/radio/01_89_091,v4:kk:Train/radio/01_89_091,kk-piper-issai-high-v1,piper_neural_tts,piper_kk_issai_high,ISSAI_KazakhTTS_F1_Raya,3,,succeeded,ISSAI_KazakhTTS_F1_Raya,3,,498486486,1,[],raw/v4/xlsr_sls_model_v4_kk_spoof_raw_v1/kk-piper-issai-high-v1/f1/f11576e64a1e3bb53620c607546377ab774891eefe7bfb79bef8427cda9419f4.wav,a61e10733d8c63e886c2f1814273c629887bb66e0d456251931e7a6af073b83a,3.01859410430839,22050,local_cpu_piper,
884,target,xlsr_sls_model_v4_kk_spoof:Train/tv_news/5fe2a6e0b3cb2,v4:kk:Train/tv_news/5fe2a6e0b3cb2,kk-piper-issai-high-v1,piper_neural_tts,piper_kk_issai_high,ISSAI_KazakhTTS2_F1,4,,succeeded,ISSAI_KazakhTTS2_F1,4,,393025760,1,[],raw/v4/xlsr_sls_model_v4_kk_spoof_raw_v1/kk-piper-issai-high-v1/aa/aa383e98c7fd00569bdcfaed81dbe88723a71b1d8adfdf32cf6c190d689f86ac.wav,cc1d8d209ff4ac3067cbf27b970b1d75f1bd9b7054d340013906fb67de1bcfbb,2.8328344671201813,22050,local_cpu_piper,
888,target,xlsr_sls_model_v4_kk_spoof:Train/talkshow/01_24_362,v4:kk:Train/talkshow/01_24_362,kk-piper-issai-high-v1,piper_neural_tts,piper_kk_issai_high,ISSAI_KazakhTTS2_F2,5,,succeeded,ISSAI_KazakhTTS2_F2,5,,263508012,1,[],raw/v4/xlsr_sls_model_v4_kk_spoof_raw_v1/kk-piper-issai-high-v1/6f/6f60182318b1a9d6ba3f45548ff356566c82b0233ea5ce64435ea8a4125642b4.wav,694459534ae780fcd5a225f5dab50e7cf29cc6315cf0822f216238416aa05807,3.436553287981859,22050,local_cpu_piper,
892,target,xlsr_sls_model_v4_kk_spoof:Train/radio/01_26_247,v4:kk:Train/radio/01_26_247,kk-piper-issai-high-v1,piper_neural_tts,piper_kk_issai_high,ISSAI_KazakhTTS2_M2,,,succeeded,ISSAI_KazakhTTS2_M2,,,1882181760,1,[],raw/v4/xlsr_sls_model_v4_kk_spoof_raw_v1/kk-piper-issai-high-v1/c5/c5e14f36894d4055a95b97978bec9781a72ebf6a207756673bc98a13589ca539.wav,281d9e93c35841b0b8bd1f44736d1b12f421fd567ab70ce20190abbb05834f37,1.3235374149659864,22050,local_cpu_piper,
896,target,xlsr_sls_model_v4_kk_spoof:Train/radio/01_53_003,v4:kk:Train/radio/01_53_003,kk-piper-issai-high-v1,piper_neural_tts,piper_kk_issai_high,ISSAI_KazakhTTS_M1_Iseke,1,,succeeded,ISSAI_KazakhTTS_M1_Iseke,1,,1914831859,1,[],raw/v4/xlsr_sls_model_v4_kk_spoof_raw_v1/kk-piper-issai-high-v1/fc/fc247f9d0884c540263d3e47e1bf10e8cae542ad4ae5cbc59abd58a53abe9323.wav,73ceeccc257e91edd3705a824b11eb87d20fe5965f573c7e6bed175485b17bfc,2.0317460317460316,22050,local_cpu_piper,
900,target,xlsr_sls_model_v4_kk_spoof:Train/parliament/mazhilis_20_379,v4:kk:Train/parliament/mazhilis_20_379,kk-piper-issai-high-v1,piper_neural_tts,piper_kk_issai_high,ISSAI_KazakhTTS2_F3,2,,succeeded,ISSAI_KazakhTTS2_F3,2,,60653899,1,[],raw/v4/xlsr_sls_model_v4_kk_spoof_raw_v1/kk-piper-issai-high-v1/cc/cc54d09c2acf3aef49183ca19aecb97d97b73664d1545e02a56e9e960b936de8.wav,f718ca468365c894b55f42d4c9717c52b25d5262291c9519257224dc22095f5c,6.780226757369615,22050,local_cpu_piper,
904,target,xlsr_sls_model_v4_kk_spoof:Train/podcasts/06_06_361,v4:kk:Train/podcasts/06_06_361,kk-piper-issai-high-v1,piper_neural_tts,piper_kk_issai_high,ISSAI_KazakhTTS_F1_Raya,3,,succeeded,ISSAI_KazakhTTS_F1_Raya,3,,247643266,1,[],raw/v4/xlsr_sls_model_v4_kk_spoof_raw_v1/kk-piper-issai-high-v1/e9/e9e51a448fa65286d96f43c4f560d2404c4654cf79853930d43a2ed765337b09.wav,1e8fc4b18f5552a6e0e50dc0cdd0e21797fd160b283f706ef57ce53115eefffa,6.698956916099773,22050,local_cpu_piper,
908,target,xlsr_sls_model_v4_kk_spoof:Train/talkshow/01_47_368,v4:kk:Train/talkshow/01_47_368,kk-piper-issai-high-v1,piper_neural_tts,piper_kk_issai_high,ISSAI_KazakhTTS2_F1,4,,succeeded,ISSAI_KazakhTTS2_F1,4,,1671030148,1,[],raw/v4/xlsr_sls_model_v4_kk_spoof_raw_v1/kk-piper-issai-high-v1/9f/9ff03f9709a32f15e7592c48c838ad06fbae8ced6ba81cdb3a0e4bfd6fd2f659.wav,54865365bff0d0849a39e5eb7887ec0bca2f5ab05acedbdd9c1c75a2d44e7595,2.2523356009070294,22050,local_cpu_piper,
912,target,xlsr_sls_model_v4_kk_spoof:Train/talkshow/01_40_403,v4:kk:Train/talkshow/01_40_403,kk-piper-issai-high-v1,piper_neural_tts,piper_kk_issai_high,ISSAI_KazakhTTS2_F2,5,,succeeded,ISSAI_KazakhTTS2_F2,5,,288405455,1,[],raw/v4/xlsr_sls_model_v4_kk_spoof_raw_v1/kk-piper-issai-high-v1/0e/0e85d9f6dea4282bd2d8bdbf33662188d31a9237fb41914bfd4e4b517f582196.wav,fcaaa74a313c69c1af87a70c62c4264c083656f88b51ab732c01307e01d01ca5,7.209795918367347,22050,local_cpu_piper,
916,target,xlsr_sls_model_v4_kk_spoof:Train/talkshow/01_36_487,v4:kk:Train/talkshow/01_36_487,kk-piper-issai-high-v1,piper_neural_tts,piper_kk_issai_high,ISSAI_KazakhTTS2_M2,,,succeeded,ISSAI_KazakhTTS2_M2,,,1726023689,1,[],raw/v4/xlsr_sls_model_v4_kk_spoof_raw_v1/kk-piper-issai-high-v1/b9/b9330886510c4130d7f9e2b51a6c04ee0cd196120cb2fc4755d56b7c80d089d1.wav,b6494b13fbf09173d46cb324f8cda233c5d1cd06b0fda46f1a59444de2505c2a,1.5789569160997732,22050,local_cpu_piper,
920,target,xlsr_sls_model_v4_kk_spoof:Train/tv_news/5f71d12b8fe6c,v4:kk:Train/tv_news/5f71d12b8fe6c,kk-piper-issai-high-v1,piper_neural_tts,piper_kk_issai_high,ISSAI_KazakhTTS_M1_Iseke,1,,succeeded,ISSAI_KazakhTTS_M1_Iseke,1,,451009311,1,[],raw/v4/xlsr_sls_model_v4_kk_spoof_raw_v1/kk-piper-issai-high-v1/bb/bbcb9ccb8645c63ab8988be87522c3af35499798843c184ed26a6b90512056f9.wav,9442216d8e532701bb538d093e5802392359753459bf1220b0644fa03e8fbb94,5.00390022675737,22050,local_cpu_piper,
924,target,xlsr_sls_model_v4_kk_spoof:Train/podcasts/03_29_22,v4:kk:Train/podcasts/03_29_22,kk-piper-issai-high-v1,piper_neural_tts,piper_kk_issai_high,ISSAI_KazakhTTS2_F3,2,,succeeded,ISSAI_KazakhTTS2_F3,2,,581181323,1,[],raw/v4/xlsr_sls_model_v4_kk_spoof_raw_v1/kk-piper-issai-high-v1/b3/b39ab0352c87481b27dc61033ad3fc44bd6893c53354ba7d9fd6e7e5f3497b23.wav,c87fcc4c01af48dcb5683d78adf428019caf78f12d334033e04de9f4995ac129,4.051882086167801,22050,local_cpu_piper,
928,target,xlsr_sls_model_v4_kk_spoof:Train/parliament/mazhilis_04_452,v4:kk:Train/parliament/mazhilis_04_452,kk-piper-issai-high-v1,piper_neural_tts,piper_kk_issai_high,ISSAI_KazakhTTS_F1_Raya,3,,succeeded,ISSAI_KazakhTTS_F1_Raya,3,,1445169831,1,[],raw/v4/xlsr_sls_model_v4_kk_spoof_raw_v1/kk-piper-issai-high-v1/9a/9a958ec1768f59e70e8135b125110dfe7ec10b7e44d14e308a6aba624da8d4e6.wav,d1b5eec0b0fcc9751c2e3154985a191035a6e21edb1a13f730d49d909f5e4e71,18.494693877551022,22050,local_cpu_piper,
932,target,xlsr_sls_model_v4_kk_spoof:Train/talkshow/01_07_014,v4:kk:Train/talkshow/01_07_014,kk-piper-issai-high-v1,piper_neural_tts,piper_kk_issai_high,ISSAI_KazakhTTS2_F1,4,,succeeded,ISSAI_KazakhTTS2_F1,4,,1669674065,1,[],raw/v4/xlsr_sls_model_v4_kk_spoof_raw_v1/kk-piper-issai-high-v1/08/0807e8560d47db6dfc116df6da00066f500f0bcb96bb73a2838df4cfb732adf9.wav,ad2bb0cc99bee67f3adaecb3696f2554209f982469b65861837787ec7b8e451a,6.466757369614513,22050,local_cpu_piper,
936,target,xlsr_sls_model_v4_kk_spoof:Train/radio/01_93_107,v4:kk:Train/radio/01_93_107,kk-piper-issai-high-v1,piper_neural_tts,piper_kk_issai_high,ISSAI_KazakhTTS2_F2,5,,succeeded,ISSAI_KazakhTTS2_F2,5,,1189079648,1,[],raw/v4/xlsr_sls_model_v4_kk_spoof_raw_v1/kk-piper-issai-high-v1/3d/3d03d681b6d98eba216eff12032585f760ad0b0d42aefdfe087103808e76bedb.wav,2b7624d5553ed12bd2e34067eef3b4263b0cdc167fd7f44888446de049ea0d5f,6.791836734693877,22050,local_cpu_piper,
940,target,xlsr_sls_model_v4_kk_spoof:Train/parliament/mazhilis_27_702,v4:kk:Train/parliament/mazhilis_27_702,kk-piper-issai-high-v1,piper_neural_tts,piper_kk_issai_high,ISSAI_KazakhTTS2_M2,,,succeeded,ISSAI_KazakhTTS2_M2,,,1865203807,1,[],raw/v4/xlsr_sls_model_v4_kk_spoof_raw_v1/kk-piper-issai-high-v1/5c/5cf80da91ec9abf97b0ef7712ffb828bc1368b4f8b4ca62441818efcd7dd066a.wav,e6f56fb7134d3055edc7fc5324aa279210933781fec180cc08b8867b2dcee60c,9.392471655328798,22050,local_cpu_piper,
944,target,xlsr_sls_model_v4_kk_spoof:Train/parliament/mazhilis_16_2_525,v4:kk:Train/parliament/mazhilis_16_2_525,kk-piper-issai-high-v1,piper_neural_tts,piper_kk_issai_high,ISSAI_KazakhTTS_M1_Iseke,1,,succeeded,ISSAI_KazakhTTS_M1_Iseke,1,,1997253879,1,[],raw/v4/xlsr_sls_model_v4_kk_spoof_raw_v1/kk-piper-issai-high-v1/76/76a58e62cba6d1a529a0e0838f90b2fcb97a0ed04500f9bfdd4f86fd54251c30.wav,fb338e30c3f753b3b62b8aa689392b795c890c281471556c7f5210d8b7abc194,5.410249433106576,22050,local_cpu_piper,
948,target,xlsr_sls_model_v4_kk_spoof:Train/talkshow/01_22_139,v4:kk:Train/talkshow/01_22_139,kk-piper-issai-high-v1,piper_neural_tts,piper_kk_issai_high,ISSAI_KazakhTTS2_F3,2,,succeeded,ISSAI_KazakhTTS2_F3,2,,912769008,1,[],raw/v4/xlsr_sls_model_v4_kk_spoof_raw_v1/kk-piper-issai-high-v1/32/32bae96e6f9f7493d08a47a3c11ba9113b9794bf92af82319a94529765e48631.wav,7736d8fc1d335d9160c97b742a5e569c54642db39f92f9676a9cf349a3e8aba6,2.0317460317460316,22050,local_cpu_piper,
952,target,xlsr_sls_model_v4_kk_spoof:Train/talkshow/01_72_582,v4:kk:Train/talkshow/01_72_582,kk-piper-issai-high-v1,piper_neural_tts,piper_kk_issai_high,ISSAI_KazakhTTS_F1_Raya,3,,succeeded,ISSAI_KazakhTTS_F1_Raya,3,,1229833414,1,[],raw/v4/xlsr_sls_model_v4_kk_spoof_raw_v1/kk-piper-issai-high-v1/69/69cfac9e45a3a7753d3833d96eaa3fadd487a9ef29a7b1381247d747ad566bf0.wav,f2bde25bcb685628a99a2886c28e53974ba70ca05a6312dee721ed68fc25939e,4.516281179138322,22050,local_cpu_piper,
956,target,xlsr_sls_model_v4_kk_spoof:Train/parliament/senate_09_644,v4:kk:Train/parliament/senate_09_644,kk-piper-issai-high-v1,piper_neural_tts,piper_kk_issai_high,ISSAI_KazakhTTS2_F1,4,,succeeded,ISSAI_KazakhTTS2_F1,4,,1866409189,1,[],raw/v4/xlsr_sls_model_v4_kk_spoof_raw_v1/kk-piper-issai-high-v1/24/2484ededc2dec79661bf80fcc2671f580d87898be8ab65ffa6343e1f625e8b5f.wav,545689460f7758649680ced55fc8a91c86f8b7b142a46669ea3d4d04a0e3e881,9.102222222222222,22050,local_cpu_piper,
960,target,xlsr_sls_model_v4_kk_spoof:Train/talkshow/01_58_343,v4:kk:Train/talkshow/01_58_343,kk-piper-issai-high-v1,piper_neural_tts,piper_kk_issai_high,ISSAI_KazakhTTS2_F2,5,,succeeded,ISSAI_KazakhTTS2_F2,5,,544581505,1,[],raw/v4/xlsr_sls_model_v4_kk_spoof_raw_v1/kk-piper-issai-high-v1/01/0144c9ffdb504e8ae91b009919e53fee13c6e1325b4e1c9760fd1024b2c33c05.wav,5580bf5ef22ba47b4a953b631a092ed8088827ee5e61139a53f1cdbd219b7a0c,4.760090702947846,22050,local_cpu_piper,
964,target,xlsr_sls_model_v4_kk_spoof:Train/tv_news/5fa2e80511ca6,v4:kk:Train/tv_news/5fa2e80511ca6,kk-piper-issai-high-v1,piper_neural_tts,piper_kk_issai_high,ISSAI_KazakhTTS2_M2,,,succeeded,ISSAI_KazakhTTS2_M2,,,513789904,1,[],raw/v4/xlsr_sls_model_v4_kk_spoof_raw_v1/kk-piper-issai-high-v1/cb/cb8884eb649145affec763ac58b95177d45784747aa7728d4d55f30ff10abd5c.wav,870634d264f7037876f9db5f844e530832b4d64996b392f50d76fda8ba89630e,4.632380952380952,22050,local_cpu_piper,
968,target,xlsr_sls_model_v4_kk_spoof:Train/parliament/mazhilis_29_541,v4:kk:Train/parliament/mazhilis_29_541,kk-piper-issai-high-v1,piper_neural_tts,piper_kk_issai_high,ISSAI_KazakhTTS_M1_Iseke,1,,succeeded,ISSAI_KazakhTTS_M1_Iseke,1,,1204472318,1,[],raw/v4/xlsr_sls_model_v4_kk_spoof_raw_v1/kk-piper-issai-high-v1/65/65914eff8d3d65e807ff1257cd52c0d9dc0b872682907866efa798d0309af7fd.wav,a703884d19dd9b76b70696a2cca77c1d8b1dc3a79a96c2c1f506de5a6821d65c,16.579047619047618,22050,local_cpu_piper,
972,target,xlsr_sls_model_v4_kk_spoof:Train/tv_news/5f834da86da45,v4:kk:Train/tv_news/5f834da86da45,kk-piper-issai-high-v1,piper_neural_tts,piper_kk_issai_high,ISSAI_KazakhTTS2_F3,2,,succeeded,ISSAI_KazakhTTS2_F3,2,,528530860,1,[],raw/v4/xlsr_sls_model_v4_kk_spoof_raw_v1/kk-piper-issai-high-v1/72/72696bb303dc1bc226db34381ee63038217f4192ec5aaad0705e313771df7cd6.wav,64c275337c3302965a122f98d710a597ff5f9e95423d74874560f992ddc6fcf5,4.330521541950113,22050,local_cpu_piper,
976,target,xlsr_sls_model_v4_kk_spoof:Train/talkshow/01_72_542,v4:kk:Train/talkshow/01_72_542,kk-piper-issai-high-v1,piper_neural_tts,piper_kk_issai_high,ISSAI_KazakhTTS_F1_Raya,3,,succeeded,ISSAI_KazakhTTS_F1_Raya,3,,669556485,1,[],raw/v4/xlsr_sls_model_v4_kk_spoof_raw_v1/kk-piper-issai-high-v1/45/45d99f44111875434f57c3bcb8af3b561cd038abfe85e2734e854bf234a9213e.wav,b7b0e97723c83793158f83535e8e5558e8cc4a69829bdbb452a5dc80447e7817,4.435011337868481,22050,local_cpu_piper,
980,target,xlsr_sls_model_v4_kk_spoof:Train/parliament/senate_10_486,v4:kk:Train/parliament/senate_10_486,kk-piper-issai-high-v1,piper_neural_tts,piper_kk_issai_high,ISSAI_KazakhTTS2_F1,4,,succeeded,ISSAI_KazakhTTS2_F1,4,,2145586256,1,[],raw/v4/xlsr_sls_model_v4_kk_spoof_raw_v1/kk-piper-issai-high-v1/85/85adada860e8599b49d18244c251f00e2bd8e1d740b4f3a180fc81738b8e79f5.wav,5b7f37f869133a5e2c72d7ab9931fb6b1fc9d05b35412a688575d1d9c2d0f64e,4.5859410430839,22050,local_cpu_piper,
984,target,xlsr_sls_model_v4_kk_spoof:Train/talkshow/01_21_064,v4:kk:Train/talkshow/01_21_064,kk-piper-issai-high-v1,piper_neural_tts,piper_kk_issai_high,ISSAI_KazakhTTS2_F2,5,,succeeded,ISSAI_KazakhTTS2_F2,5,,134591599,1,[],raw/v4/xlsr_sls_model_v4_kk_spoof_raw_v1/kk-piper-issai-high-v1/56/56f9642d0b29ac69540b98f39c6675fbbe3bf7b3ddd5d53ce5c356f82cca69cf.wav,e80f30e3e7a82de5e9553d356fa8e5ccbd09b1bc02c4ae269816abca506d6a40,1.3583673469387756,22050,local_cpu_piper,
988,target,xlsr_sls_model_v4_kk_spoof:Train/talkshow/01_51_133,v4:kk:Train/talkshow/01_51_133,kk-piper-issai-high-v1,piper_neural_tts,piper_kk_issai_high,ISSAI_KazakhTTS2_M2,,,succeeded,ISSAI_KazakhTTS2_M2,,,564103098,1,[],raw/v4/xlsr_sls_model_v4_kk_spoof_raw_v1/kk-piper-issai-high-v1/e7/e7020b8db869fefad10c7ca4a446b2b42ca631d280e207fa95edd87a4b339c02.wav,cc16d3dc2c2948b897a8a94e01798399dba21c766db01bf9cbc49f87fc7d25ea,4.551111111111111,22050,local_cpu_piper,
992,target,xlsr_sls_model_v4_kk_spoof:Train/talkshow/01_40_192,v4:kk:Train/talkshow/01_40_192,kk-piper-issai-high-v1,piper_neural_tts,piper_kk_issai_high,ISSAI_KazakhTTS_M1_Iseke,1,,succeeded,ISSAI_KazakhTTS_M1_Iseke,1,,148142227,1,[],raw/v4/xlsr_sls_model_v4_kk_spoof_raw_v1/kk-piper-issai-high-v1/07/07baf0ed75b3930ee731f09f6eea2f35932245a5c24e4ebdac8df98c90dbc783.wav,b2821e2bdf2de26e1c9ff124ee9f857023554349551e9fe7b0613b9dc0ccefb9,8.231473922902495,22050,local_cpu_piper,
996,target,xlsr_sls_model_v4_kk_spoof:Train/tv_news/5f71063a33350,v4:kk:Train/tv_news/5f71063a33350,kk-piper-issai-high-v1,piper_neural_tts,piper_kk_issai_high,ISSAI_KazakhTTS2_F3,2,,succeeded,ISSAI_KazakhTTS2_F3,2,,1381831861,1,[],raw/v4/xlsr_sls_model_v4_kk_spoof_raw_v1/kk-piper-issai-high-v1/f9/f97b8c2c27f0eca15a1794977fda757afe4beaa6f82b3ab1f25c4701b2a56f25.wav,c1b265aab5094c1bb0064793f85914297ffc79536a73ec8e7f9218d639821709,5.979138321995465,22050,local_cpu_piper,
1000,target,xlsr_sls_model_v4_kk_spoof:Train/radio/01_11_189,v4:kk:Train/radio/01_11_189,kk-piper-issai-high-v1,piper_neural_tts,piper_kk_issai_high,ISSAI_KazakhTTS_F1_Raya,3,,succeeded,ISSAI_KazakhTTS_F1_Raya,3,,1513964159,1,[],raw/v4/xlsr_sls_model_v4_kk_spoof_raw_v1/kk-piper-issai-high-v1/ab/abbbfc157124111be8740632cd7106449273ec06afcc908ce1fcae5c9ffe4c86.wav,85b136b906256c747121df8a38719a62d9554d1392e02d90f19b8e42eea21074,3.3668934240362813,22050,local_cpu_piper,
1004,target,xlsr_sls_model_v4_kk_spoof:Train/tv_news/5f834d9619552,v4:kk:Train/tv_news/5f834d9619552,kk-piper-issai-high-v1,piper_neural_tts,piper_kk_issai_high,ISSAI_KazakhTTS2_F1,4,,succeeded,ISSAI_KazakhTTS2_F1,4,,965765315,1,[],raw/v4/xlsr_sls_model_v4_kk_spoof_raw_v1/kk-piper-issai-high-v1/0f/0f257d91bbf13b6d087e4203e9db28aafe2f170bf18f5e7c0964f3ae62eea54a.wav,a4823fba1351cfb6a45796c29a312f7a6b67c7a26708aadf90a8bb87ed33d33f,6.8382766439909295,22050,local_cpu_piper,
1008,target,xlsr_sls_model_v4_kk_spoof:Train/parliament/mazhilis_24_699,v4:kk:Train/parliament/mazhilis_24_699,kk-piper-issai-high-v1,piper_neural_tts,piper_kk_issai_high,ISSAI_KazakhTTS2_F2,5,,succeeded,ISSAI_KazakhTTS2_F2,5,,917359250,1,[],raw/v4/xlsr_sls_model_v4_kk_spoof_raw_v1/kk-piper-issai-high-v1/61/6165735cf71232815a8fc1fd4ad5505fd9b71a7aff3433ecfd64f9a6bcc1a7a5.wav,27aa0034e0b9e8a6cf4d4c1fc6248d22fef41e16d455d942df55e188d048c29e,9.508571428571429,22050,local_cpu_piper,
1012,target,xlsr_sls_model_v4_kk_spoof:Train/parliament/senate_11_360,v4:kk:Train/parliament/senate_11_360,kk-piper-issai-high-v1,piper_neural_tts,piper_kk_issai_high,ISSAI_KazakhTTS2_M2,,,succeeded,ISSAI_KazakhTTS2_M2,,,1660312938,1,[],raw/v4/xlsr_sls_model_v4_kk_spoof_raw_v1/kk-piper-issai-high-v1/10/1026349370fae76195aa1c39c2978c59131bb8339ba96332fb7880d76b01b1e9.wav,d6b9e410f99eff782dc7b900ece92db048717ed76f0d9f61e7c48371df3ccdc7,4.85297052154195,22050,local_cpu_piper,
1016,target,xlsr_sls_model_v4_kk_spoof:Train/podcasts/04_09_322,v4:kk:Train/podcasts/04_09_322,kk-piper-issai-high-v1,piper_neural_tts,piper_kk_issai_high,ISSAI_KazakhTTS_M1_Iseke,1,,succeeded,ISSAI_KazakhTTS_M1_Iseke,1,,1155161028,1,[],raw/v4/xlsr_sls_model_v4_kk_spoof_raw_v1/kk-piper-issai-high-v1/c2/c23e1ed1d9b98e53f3c432121b7102d439607e6e8cf9144c916fb9c55565ce4e.wav,37b7ff81e94ed86c4a39f4d487d50387a47a22cb965d80467828a6c5248417fc,8.045714285714286,22050,local_cpu_piper,
1020,target,xlsr_sls_model_v4_kk_spoof:Train/podcasts/08_10_120,v4:kk:Train/podcasts/08_10_120,kk-piper-issai-high-v1,piper_neural_tts,piper_kk_issai_high,ISSAI_KazakhTTS2_F3,2,,succeeded,ISSAI_KazakhTTS2_F3,2,,1940339054,1,[],raw/v4/xlsr_sls_model_v4_kk_spoof_raw_v1/kk-piper-issai-high-v1/f3/f30b824b6be536938395378b4182d5d29cd288cdba2f0a6fc6ad251f71668835.wav,c5b365acc8aa7936efc00f19415d2cfbdeb43a77ad17e025273ca7e9e14f8837,2.8908843537414968,22050,local_cpu_piper,
1024,target,xlsr_sls_model_v4_kk_spoof:Train/radio/01_54_448,v4:kk:Train/radio/01_54_448,kk-piper-issai-high-v1,piper_neural_tts,piper_kk_issai_high,ISSAI_KazakhTTS_F1_Raya,3,,succeeded,ISSAI_KazakhTTS_F1_Raya,3,,403144201,1,[],raw/v4/xlsr_sls_model_v4_kk_spoof_raw_v1/kk-piper-issai-high-v1/f5/f5e4196dc8101d2f83d9a6f53533eeeffd2e34e3d115c035e92f6d23bd961090.wav,cf3557c02be572b67a63525f583365ff61746851bea3fe8f0b716d2b3381f634,1.3815873015873017,22050,local_cpu_piper,
1028,target,xlsr_sls_model_v4_kk_spoof:Train/parliament/mazhilis_11_526,v4:kk:Train/parliament/mazhilis_11_526,kk-piper-issai-high-v1,piper_neural_tts,piper_kk_issai_high,ISSAI_KazakhTTS2_F1,4,,succeeded,ISSAI_KazakhTTS2_F1,4,,826833553,1,[],raw/v4/xlsr_sls_model_v4_kk_spoof_raw_v1/kk-piper-issai-high-v1/e1/e1c4566f397b2c806e10e2d67eae65f3c9032cee6badcde65fc299bd02435762.wav,547e12ce536306080cdebe86ea3dbfdbca003e63babd612c75e42528ffc2abb1,11.203628117913832,22050,local_cpu_piper,
1032,target,xlsr_sls_model_v4_kk_spoof:Train/talkshow/01_22_007,v4:kk:Train/talkshow/01_22_007,kk-piper-issai-high-v1,piper_neural_tts,piper_kk_issai_high,ISSAI_KazakhTTS2_F2,5,,succeeded,ISSAI_KazakhTTS2_F2,5,,1127747108,1,[],raw/v4/xlsr_sls_model_v4_kk_spoof_raw_v1/kk-piper-issai-high-v1/f7/f78af43df94251e8411f669400d209a212911f11683b96462e75367ebf4f8b96.wav,d2473f1f4d853a57ac11d1019d2bed9a3acb0d767bfd7989c2d34f39dd54ba8a,2.948934240362812,22050,local_cpu_piper,
1036,target,xlsr_sls_model_v4_kk_spoof:Train/radio/01_52_128,v4:kk:Train/radio/01_52_128,kk-piper-issai-high-v1,piper_neural_tts,piper_kk_issai_high,ISSAI_KazakhTTS2_M2,,,succeeded,ISSAI_KazakhTTS2_M2,,,523033468,1,[],raw/v4/xlsr_sls_model_v4_kk_spoof_raw_v1/kk-piper-issai-high-v1/15/150482a3f3ccc9ac39b803b330f4cf2516f9bb297d62b8f6a76436076de0c067.wav,a2c376017707e881ad2e4c02e21b6e73ccfa7e40ba710642b1b282e0528e9792,4.051882086167801,22050,local_cpu_piper,
1040,target,xlsr_sls_model_v4_kk_spoof:Train/radio/01_13_235,v4:kk:Train/radio/01_13_235,kk-piper-issai-high-v1,piper_neural_tts,piper_kk_issai_high,ISSAI_KazakhTTS_M1_Iseke,1,,succeeded,ISSAI_KazakhTTS_M1_Iseke,1,,153470087,1,[],raw/v4/xlsr_sls_model_v4_kk_spoof_raw_v1/kk-piper-issai-high-v1/33/33313b8e9398ea009008aa6d05d987830089dde644d73f47ffe4623b0356bd4a.wav,255930abe0e3c8a57f1b537a972340528a8e5a5f41a9442b7d59418c8764df90,6.292607709750567,22050,local_cpu_piper,
1044,target,xlsr_sls_model_v4_kk_spoof:Train/tv_news/5fa2e82fd1e0a,v4:kk:Train/tv_news/5fa2e82fd1e0a,kk-piper-issai-high-v1,piper_neural_tts,piper_kk_issai_high,ISSAI_KazakhTTS2_F3,2,,succeeded,ISSAI_KazakhTTS2_F3,2,,820075170,1,[],raw/v4/xlsr_sls_model_v4_kk_spoof_raw_v1/kk-piper-issai-high-v1/c6/c67ca8c86acacd73c689c75d4b68bb4ae36e9b0bd28dd5a533dfdd2c7cbadb99.wav,5206edf2f994f794ddcff8714d187181c3814f620dc73f7fa5e0898eafb8175d,4.771700680272109,22050,local_cpu_piper,
1048,target,xlsr_sls_model_v4_kk_spoof:Train/podcasts/03_49_155,v4:kk:Train/podcasts/03_49_155,kk-piper-issai-high-v1,piper_neural_tts,piper_kk_issai_high,ISSAI_KazakhTTS_F1_Raya,3,,succeeded,ISSAI_KazakhTTS_F1_Raya,3,,150789940,1,[],raw/v4/xlsr_sls_model_v4_kk_spoof_raw_v1/kk-piper-issai-high-v1/40/403695e3d12c173a43d1bd748357abb21f00abeb4fdba144db9fa90127a711e8.wav,4f02c47cdefdaa54cc02b38ce3ec800c1f3ffd637bcf4c4d13daa417962fd068,5.363809523809524,22050,local_cpu_piper,
1052,target,xlsr_sls_model_v4_kk_spoof:Train/podcasts/04_11_332,v4:kk:Train/podcasts/04_11_332,kk-piper-issai-high-v1,piper_neural_tts,piper_kk_issai_high,ISSAI_KazakhTTS2_F1,4,,succeeded,ISSAI_KazakhTTS2_F1,4,,1865200926,1,[],raw/v4/xlsr_sls_model_v4_kk_spoof_raw_v1/kk-piper-issai-high-v1/a1/a12c3689824f7018d8484002a2a2fbea166257247dd6725a1180a4235b01dc81.wav,462ef8359253df8aa60bb26dde6dff9a5ff1916d327142f873f2fe9add95e776,5.456689342403628,22050,local_cpu_piper,
1056,target,xlsr_sls_model_v4_kk_spoof:Train/tv_news/6006d260c58a8,v4:kk:Train/tv_news/6006d260c58a8,kk-piper-issai-high-v1,piper_neural_tts,piper_kk_issai_high,ISSAI_KazakhTTS2_F2,5,,succeeded,ISSAI_KazakhTTS2_F2,5,,1882329983,1,[],raw/v4/xlsr_sls_model_v4_kk_spoof_raw_v1/kk-piper-issai-high-v1/37/370a466537331f95b455aceeeb20f9672e391a66d44ae743a777bf71791091f1.wav,63725d409ceb7043b309c1d4ccab0cac8ab6425b464cef8ba234029cce8f6ef6,6.03718820861678,22050,local_cpu_piper,
1060,target,xlsr_sls_model_v4_kk_spoof:Train/tv_news/6006d2c1920d9,v4:kk:Train/tv_news/6006d2c1920d9,kk-piper-issai-high-v1,piper_neural_tts,piper_kk_issai_high,ISSAI_KazakhTTS2_M2,,,succeeded,ISSAI_KazakhTTS2_M2,,,944679415,1,[],raw/v4/xlsr_sls_model_v4_kk_spoof_raw_v1/kk-piper-issai-high-v1/44/44333fc57673745d31b022ab4aad7b4fc54bbbec60e3b74814a2a13200859852.wav,901f57f4f6ccf4121b3e1b8c94aa4f5887b54f49644816ac17524401ec61da5d,4.922630385487528,22050,local_cpu_piper,
1064,target,xlsr_sls_model_v4_kk_spoof:Train/talkshow/01_40_285,v4:kk:Train/talkshow/01_40_285,kk-piper-issai-high-v1,piper_neural_tts,piper_kk_issai_high,ISSAI_KazakhTTS_M1_Iseke,1,,succeeded,ISSAI_KazakhTTS_M1_Iseke,1,,1293584122,1,[],raw/v4/xlsr_sls_model_v4_kk_spoof_raw_v1/kk-piper-issai-high-v1/b6/b60c61cc15d3a487f3c25d304eb8ee70e7be89041b8057adc906bed9fba54805.wav,b3ffe9716dd81a42886fbb8dfad30a590488c736a02489cd6488c69d48f4c305,13.908752834467121,22050,local_cpu_piper,
1068,target,xlsr_sls_model_v4_kk_spoof:Train/talkshow/01_91_129,v4:kk:Train/talkshow/01_91_129,kk-piper-issai-high-v1,piper_neural_tts,piper_kk_issai_high,ISSAI_KazakhTTS2_F3,2,,succeeded,ISSAI_KazakhTTS2_F3,2,,1250210381,1,[],raw/v4/xlsr_sls_model_v4_kk_spoof_raw_v1/kk-piper-issai-high-v1/a8/a8fe0e31b4a6bd32d7e131afb8aad258626725189f9168b2086b32d5bf0c639d.wav,33e3b58662ac078d378549a0c5c3b408cab3e669ee81706cc80ffc5e9f5986f3,10.12390022675737,22050,local_cpu_piper,
1072,target,xlsr_sls_model_v4_kk_spoof:Train/podcasts/01_04_339,v4:kk:Train/podcasts/01_04_339,kk-piper-issai-high-v1,piper_neural_tts,piper_kk_issai_high,ISSAI_KazakhTTS_F1_Raya,3,,succeeded,ISSAI_KazakhTTS_F1_Raya,3,,682216308,1,[],raw/v4/xlsr_sls_model_v4_kk_spoof_raw_v1/kk-piper-issai-high-v1/57/57bb7e5f06212a8e17ed15b9481408327b913ab8715ef5e17bc1cea10172b6e5.wav,cb2d8ec4f181d3ba8155c77a6f0c98fa360c1eb0e30ff388120825757ac008f8,4.3769614512471655,22050,local_cpu_piper,
1076,target,xlsr_sls_model_v4_kk_spoof:Train/parliament/mazhilis_04_288,v4:kk:Train/parliament/mazhilis_04_288,kk-piper-issai-high-v1,piper_neural_tts,piper_kk_issai_high,ISSAI_KazakhTTS2_F1,4,,succeeded,ISSAI_KazakhTTS2_F1,4,,1964663825,1,[],raw/v4/xlsr_sls_model_v4_kk_spoof_raw_v1/kk-piper-issai-high-v1/cd/cddba539fa88b9b535700cfa640bb0d69010080303d880456b2fa4921bb6d2ae.wav,4412d680eb3d71956592c9d8caa9465144d26da65f1b51177a49398aec982902,1.7763265306122449,22050,local_cpu_piper,
1080,target,xlsr_sls_model_v4_kk_spoof:Train/talkshow/01_77_053,v4:kk:Train/talkshow/01_77_053,kk-piper-issai-high-v1,piper_neural_tts,piper_kk_issai_high,ISSAI_KazakhTTS2_F2,5,,succeeded,ISSAI_KazakhTTS2_F2,5,,395664980,1,[],raw/v4/xlsr_sls_model_v4_kk_spoof_raw_v1/kk-piper-issai-high-v1/41/41d5086bba6be675a5386125581f09592338edf3b4dd3aaef226b197e90252ab.wav,1c33b4481eba2b261da7227bb82610bb7066cf8db189f720a04452c537025a87,2.681904761904762,22050,local_cpu_piper,
1084,target,xlsr_sls_model_v4_kk_spoof:Train/radio/01_45_149,v4:kk:Train/radio/01_45_149,kk-piper-issai-high-v1,piper_neural_tts,piper_kk_issai_high,ISSAI_KazakhTTS2_M2,,,succeeded,ISSAI_KazakhTTS2_M2,,,2065002279,1,[],raw/v4/xlsr_sls_model_v4_kk_spoof_raw_v1/kk-piper-issai-high-v1/78/7896682baacad7d7e496d3935219c68550b9f27fb019d4e8e55fbb2a3837e1e9.wav,923efcac3b5ee758df4780c0c453691209646e90313999b9cd6a6225083e273e,12.654875283446712,22050,local_cpu_piper,
1088,target,xlsr_sls_model_v4_kk_spoof:Train/radio/01_77_363,v4:kk:Train/radio/01_77_363,kk-piper-issai-high-v1,piper_neural_tts,piper_kk_issai_high,ISSAI_KazakhTTS_M1_Iseke,1,,succeeded,ISSAI_KazakhTTS_M1_Iseke,1,,1903930030,1,[],raw/v4/xlsr_sls_model_v4_kk_spoof_raw_v1/kk-piper-issai-high-v1/7f/7f4581d322c7e2e5570728d03a300bee4da9314ea7519b9316e3e59201d4322c.wav,49a8940c12aa04b8c0817ac1fa44eac6b2e54b881a8155dc962c0b8f5dee9145,5.572789115646258,22050,local_cpu_piper,
1092,target,xlsr_sls_model_v4_kk_spoof:Train/podcasts/06_11_359,v4:kk:Train/podcasts/06_11_359,kk-piper-issai-high-v1,piper_neural_tts,piper_kk_issai_high,ISSAI_KazakhTTS2_F3,2,,succeeded,ISSAI_KazakhTTS2_F3,2,,1375099809,1,[],raw/v4/xlsr_sls_model_v4_kk_spoof_raw_v1/kk-piper-issai-high-v1/52/52e1b0fc447e7cb647b7f42bea4a88090142e221b3484d7c71401ad15524cc4f.wav,6658f7dd9054ae79aff4370f9c5ec327b0258a3c9c9ca8747a7a0f2befcc9dff,12.747755102040816,22050,local_cpu_piper,
1096,target,xlsr_sls_model_v4_kk_spoof:Train/parliament/mazhilis_18_1_087,v4:kk:Train/parliament/mazhilis_18_1_087,kk-piper-issai-high-v1,piper_neural_tts,piper_kk_issai_high,ISSAI_KazakhTTS_F1_Raya,3,,succeeded,ISSAI_KazakhTTS_F1_Raya,3,,1037738999,1,[],raw/v4/xlsr_sls_model_v4_kk_spoof_raw_v1/kk-piper-issai-high-v1/e1/e1ee0245f0688004042707f4847118a8b4bdd64a9873e911ba1a1764a0478ecd.wav,aec141ed34dd3983904cb4cfad6868b95ef2d8ef7b924a10d4fd6b412376b256,2.8212244897959184,22050,local_cpu_piper,
1100,target,xlsr_sls_model_v4_kk_spoof:Train/tv_news/5fa2e6f948ba9,v4:kk:Train/tv_news/5fa2e6f948ba9,kk-piper-issai-high-v1,piper_neural_tts,piper_kk_issai_high,ISSAI_KazakhTTS2_F1,4,,succeeded,ISSAI_KazakhTTS2_F1,4,,2127995800,1,[],raw/v4/xlsr_sls_model_v4_kk_spoof_raw_v1/kk-piper-issai-high-v1/8c/8c36e44559fd15c4b7bd5137174a181d2eb34c27f8cd31cd56936d8ca839ae67.wav,f2a9ba736f6b1c035041b913207d02ddd0d87b6a214809bc4089cca62e89e2c4,2.9373242630385485,22050,local_cpu_piper,
1104,target,xlsr_sls_model_v4_kk_spoof:Train/tv_news/5f71d17ec0bd4,v4:kk:Train/tv_news/5f71d17ec0bd4,kk-piper-issai-high-v1,piper_neural_tts,piper_kk_issai_high,ISSAI_KazakhTTS2_F2,5,,succeeded,ISSAI_KazakhTTS2_F2,5,,136251564,1,[],raw/v4/xlsr_sls_model_v4_kk_spoof_raw_v1/kk-piper-issai-high-v1/d4/d495e13e1e6f0c69acaa325993b28b4d875e2534d1407eceef4d5f9bc053770b.wav,41c06a4c04e5a12309805a41b06349dc19cc4abed459cf6d36a5b1e5163129b2,3.7848526077097504,22050,local_cpu_piper,
1108,target,xlsr_sls_model_v4_kk_spoof:Train/radio/01_23_089,v4:kk:Train/radio/01_23_089,kk-piper-issai-high-v1,piper_neural_tts,piper_kk_issai_high,ISSAI_KazakhTTS2_M2,,,succeeded,ISSAI_KazakhTTS2_M2,,,1203795637,1,[],raw/v4/xlsr_sls_model_v4_kk_spoof_raw_v1/kk-piper-issai-high-v1/74/740b33b1e7d5c4b3666def8364d59df5919b083aac7ae1c97f661d6857436bbe.wav,f1975ec7860cc051a70604b62641589db63235b55218a8851a1211ac5b413d61,2.124625850340136,22050,local_cpu_piper,
1112,target,xlsr_sls_model_v4_kk_spoof:Train/tv_news/5fd7394336e09,v4:kk:Train/tv_news/5fd7394336e09,kk-piper-issai-high-v1,piper_neural_tts,piper_kk_issai_high,ISSAI_KazakhTTS_M1_Iseke,1,,succeeded,ISSAI_KazakhTTS_M1_Iseke,1,,1693497589,1,[],raw/v4/xlsr_sls_model_v4_kk_spoof_raw_v1/kk-piper-issai-high-v1/29/296b4ac4616a149bb2029988d4363141a0c652a726d16024cb17466012d3294c.wav,382bb5837067ec63e306c8b2fb1f33b7c722f3fa8cd352037700214ebada2aca,2.9605442176870747,22050,local_cpu_piper,
1116,target,xlsr_sls_model_v4_kk_spoof:Train/parliament/mazhilis_20_163,v4:kk:Train/parliament/mazhilis_20_163,kk-piper-issai-high-v1,piper_neural_tts,piper_kk_issai_high,ISSAI_KazakhTTS2_F3,2,,succeeded,ISSAI_KazakhTTS2_F3,2,,789407374,1,[],raw/v4/xlsr_sls_model_v4_kk_spoof_raw_v1/kk-piper-issai-high-v1/66/663ca129b9ac7b539fa8fffe6bd03d83f75fb0674a26191296121151281787d0.wav,d15d13b65c19b55750e1b056b3e78c8d7bafac875cd8006c749e9a5f6f205916,8.579773242630386,22050,local_cpu_piper,
1120,target,xlsr_sls_model_v4_kk_spoof:Train/parliament/senate_05_237,v4:kk:Train/parliament/senate_05_237,kk-piper-issai-high-v1,piper_neural_tts,piper_kk_issai_high,ISSAI_KazakhTTS_F1_Raya,3,,succeeded,ISSAI_KazakhTTS_F1_Raya,3,,1619896444,1,[],raw/v4/xlsr_sls_model_v4_kk_spoof_raw_v1/kk-piper-issai-high-v1/89/892eb094a4060e52b273df136fd27552a55c0c8d832aa12956fefd9f95d09d5f.wav,cec8a37ac9bc45c37a682ba2faa66c810af157ee34f68c9cabea7340e958c86f,9.264761904761905,22050,local_cpu_piper,
1124,target,xlsr_sls_model_v4_kk_spoof:Train/parliament/mazhilis_18_1_162,v4:kk:Train/parliament/mazhilis_18_1_162,kk-piper-issai-high-v1,piper_neural_tts,piper_kk_issai_high,ISSAI_KazakhTTS2_F1,4,,succeeded,ISSAI_KazakhTTS2_F1,4,,1094614775,1,[],raw/v4/xlsr_sls_model_v4_kk_spoof_raw_v1/kk-piper-issai-high-v1/91/9154bdb56270627b392940ea060040f7824e1bafd43c8c81bb04b1367f7f6e37.wav,122fdc2728f2fb707ea6842e097dcf1bb5504b80acb83d031fbd165d6b430322,10.332879818594105,22050,local_cpu_piper,
1128,target,xlsr_sls_model_v4_kk_spoof:Train/podcasts/01_04_030,v4:kk:Train/podcasts/01_04_030,kk-piper-issai-high-v1,piper_neural_tts,piper_kk_issai_high,ISSAI_KazakhTTS2_F2,5,,succeeded,ISSAI_KazakhTTS2_F2,5,,417430804,1,[],raw/v4/xlsr_sls_model_v4_kk_spoof_raw_v1/kk-piper-issai-high-v1/11/11519f30f3eaf69b6ce4d1ec17939fe7a26f23073c869d5f32da0bb2bbaf3574.wav,b6e34f588b085ebc6b6619bc8441db4ab41044f490eef11ba39d1284313c01ae,10.356099773242631,22050,local_cpu_piper,
1132,target,xlsr_sls_model_v4_kk_spoof:Train/radio/01_68_264,v4:kk:Train/radio/01_68_264,kk-piper-issai-high-v1,piper_neural_tts,piper_kk_issai_high,ISSAI_KazakhTTS2_M2,,,succeeded,ISSAI_KazakhTTS2_M2,,,1389058710,1,[],raw/v4/xlsr_sls_model_v4_kk_spoof_raw_v1/kk-piper-issai-high-v1/41/41aa93aa0f0ecb6dd7f3619e886d164d647a13b90aa590a16b91f2ab1534a4ee.wav,ea5354f73c674645be16526367293e4ecccff154227bdd93037efe818f391c68,9.079002267573696,22050,local_cpu_piper,
1136,target,xlsr_sls_model_v4_kk_spoof:Train/radio/01_12_091,v4:kk:Train/radio/01_12_091,kk-piper-issai-high-v1,piper_neural_tts,piper_kk_issai_high,ISSAI_KazakhTTS_M1_Iseke,1,,succeeded,ISSAI_KazakhTTS_M1_Iseke,1,,394079296,1,[],raw/v4/xlsr_sls_model_v4_kk_spoof_raw_v1/kk-piper-issai-high-v1/b4/b4aafe85bd7f3552307afadf613502655cfe4eaf11ca95758d9467b867509dff.wav,4deb3c688074e000e8d5000234e89612f6c79476f94d4c62c14c5342e5757f60,10.692789115646258,22050,local_cpu_piper,
1140,target,xlsr_sls_model_v4_kk_spoof:Train/parliament/mazhilis_18_1_177,v4:kk:Train/parliament/mazhilis_18_1_177,kk-piper-issai-high-v1,piper_neural_tts,piper_kk_issai_high,ISSAI_KazakhTTS2_F3,2,,succeeded,ISSAI_KazakhTTS2_F3,2,,1488041455,1,[],raw/v4/xlsr_sls_model_v4_kk_spoof_raw_v1/kk-piper-issai-high-v1/d5/d5bc2aff6032cb30dee945e8d3f05d760b9aa86dea55fe6bba16e4d0f8274726.wav,315d96348b957d4b413a1b208bbc936d488aec3ca43893df36d0687c733218b5,1.3583673469387756,22050,local_cpu_piper,
1144,target,xlsr_sls_model_v4_kk_spoof:Train/tv_news/5f71d0fc939bb,v4:kk:Train/tv_news/5f71d0fc939bb,kk-piper-issai-high-v1,piper_neural_tts,piper_kk_issai_high,ISSAI_KazakhTTS_F1_Raya,3,,succeeded,ISSAI_KazakhTTS_F1_Raya,3,,646145683,1,[],raw/v4/xlsr_sls_model_v4_kk_spoof_raw_v1/kk-piper-issai-high-v1/3e/3ebe94d5e599685f7ad4b93a1412aeff359a3b9784f9bf156391d32de763f620.wav,9eb8d6098d9ae0812c628a7f631bf64eb3504cde6f4bbd8095e45acab025d7d9,3.7500226757369615,22050,local_cpu_piper,
1148,target,xlsr_sls_model_v4_kk_spoof:Train/parliament/mazhilis_18_1_099,v4:kk:Train/parliament/mazhilis_18_1_099,kk-piper-issai-high-v1,piper_neural_tts,piper_kk_issai_high,ISSAI_KazakhTTS2_F1,4,,succeeded,ISSAI_KazakhTTS2_F1,4,,1012050134,1,[],raw/v4/xlsr_sls_model_v4_kk_spoof_raw_v1/kk-piper-issai-high-v1/8d/8de7e4b2e4a25dbd1a99a770265e5717592482d96907720c71400e972fe34063.wav,aea656aae4f100189d4c0b370b419e36956030942eb4a5ac28cd76d69a8ac839,5.073560090702948,22050,local_cpu_piper,
1152,target,xlsr_sls_model_v4_kk_spoof:Train/radio/01_82_423,v4:kk:Train/radio/01_82_423,kk-piper-issai-high-v1,piper_neural_tts,piper_kk_issai_high,ISSAI_KazakhTTS2_F2,5,,succeeded,ISSAI_KazakhTTS2_F2,5,,1351547328,1,[],raw/v4/xlsr_sls_model_v4_kk_spoof_raw_v1/kk-piper-issai-high-v1/57/57f92350990eb9a0c027ec09418add599cb5d6e9f80672ad85ea6e5216346275.wav,addbba0b86e65bb7273eaa97f673710aaae676e98243dcd7fb95276b18c3509b,1.4048072562358276,22050,local_cpu_piper,
1156,target,xlsr_sls_model_v4_kk_spoof:Train/parliament/mazhilis_13_007,v4:kk:Train/parliament/mazhilis_13_007,kk-piper-issai-high-v1,piper_neural_tts,piper_kk_issai_high,ISSAI_KazakhTTS2_M2,,,succeeded,ISSAI_KazakhTTS2_M2,,,1533371392,1,[],raw/v4/xlsr_sls_model_v4_kk_spoof_raw_v1/kk-piper-issai-high-v1/d1/d1f0c012805e845afe1115d40d3040f5983ad628f75c19e3eb1a8d6ea65e449d.wav,5045e432a61bb2d215b33cb00fad074325239ff84d2b2677cac2e808b2073db7,5.224489795918367,22050,local_cpu_piper,
1160,target,xlsr_sls_model_v4_kk_spoof:Train/parliament/senate_02_460,v4:kk:Train/parliament/senate_02_460,kk-piper-issai-high-v1,piper_neural_tts,piper_kk_issai_high,ISSAI_KazakhTTS_M1_Iseke,1,,succeeded,ISSAI_KazakhTTS_M1_Iseke,1,,843200934,1,[],raw/v4/xlsr_sls_model_v4_kk_spoof_raw_v1/kk-piper-issai-high-v1/92/926b6991c07d18eba88861d5c5a1ca35d5968e9aa50341872aa99a3ae134847d.wav,b4d92ebfc5ecd9167709b302a0b373620c4ddb7ea63ec5f00712262ce381dbd7,7.302675736961452,22050,local_cpu_piper,
1164,target,xlsr_sls_model_v4_kk_spoof:Train/podcasts/01_05_005,v4:kk:Train/podcasts/01_05_005,kk-piper-issai-high-v1,piper_neural_tts,piper_kk_issai_high,ISSAI_KazakhTTS2_F3,2,,succeeded,ISSAI_KazakhTTS2_F3,2,,413918114,1,[],raw/v4/xlsr_sls_model_v4_kk_spoof_raw_v1/kk-piper-issai-high-v1/b2/b233ecf2f56024ab21bdf78f2f058679c07715ffd1aaa6da2977c8a93e057ba2.wav,174b2549d87093166bceaac3080b852fff79dd463c512d41103f045bc9aeb373,1.6718367346938776,22050,local_cpu_piper,
1168,target,xlsr_sls_model_v4_kk_spoof:Train/parliament/mazhilis_27_069,v4:kk:Train/parliament/mazhilis_27_069,kk-piper-issai-high-v1,piper_neural_tts,piper_kk_issai_high,ISSAI_KazakhTTS_F1_Raya,3,,succeeded,ISSAI_KazakhTTS_F1_Raya,3,,1191398125,1,[],raw/v4/xlsr_sls_model_v4_kk_spoof_raw_v1/kk-piper-issai-high-v1/40/407cdec34a36e243013c88742c3f63f6ffa058d6c40d0dc6e4c6cd52907acc27.wav,b7feddd19d8abd05c60cfcb05cb1c44dd030eb1bbfd75d57f0786b8043248de3,1.1609977324263039,22050,local_cpu_piper,
1172,target,xlsr_sls_model_v4_kk_spoof:Train/parliament/mazhilis_14_055,v4:kk:Train/parliament/mazhilis_14_055,kk-piper-issai-high-v1,piper_neural_tts,piper_kk_issai_high,ISSAI_KazakhTTS2_F1,4,,succeeded,ISSAI_KazakhTTS2_F1,4,,1764607990,1,[],raw/v4/xlsr_sls_model_v4_kk_spoof_raw_v1/kk-piper-issai-high-v1/33/33624721438e72ba5be27e4ff7c6990aa645e7cab8c39307432201124b06114a.wav,969e308c62448cf785c19e3ece65d8ded882e02534b656195d83970052765041,4.260861678004535,22050,local_cpu_piper,
1176,target,xlsr_sls_model_v4_kk_spoof:Train/podcasts/04_11_139,v4:kk:Train/podcasts/04_11_139,kk-piper-issai-high-v1,piper_neural_tts,piper_kk_issai_high,ISSAI_KazakhTTS2_F2,5,,succeeded,ISSAI_KazakhTTS2_F2,5,,1966725723,1,[],raw/v4/xlsr_sls_model_v4_kk_spoof_raw_v1/kk-piper-issai-high-v1/e0/e0a250ff1b55e26a56403d2eeb1962232645631ada0669caf9be974d1050a3c7.wav,6ff3999ead1d5fafc253b7dbeb164e9a6576549f28de89c829272dd7c71a079c,3.9706122448979593,22050,local_cpu_piper,
1180,target,xlsr_sls_model_v4_kk_spoof:Train/tv_news/5fa2e8fe3d761,v4:kk:Train/tv_news/5fa2e8fe3d761,kk-piper-issai-high-v1,piper_neural_tts,piper_kk_issai_high,ISSAI_KazakhTTS2_M2,,,succeeded,ISSAI_KazakhTTS2_M2,,,971593387,1,[],raw/v4/xlsr_sls_model_v4_kk_spoof_raw_v1/kk-piper-issai-high-v1/a9/a9015b963e87938bc1cc835907443cf924260dbd08aaccc591d57227b2843a34.wav,a8deb11581731731b6022c683b81d702ff0bf0d48ab0c6065480ed5eb246b5db,2.647074829931973,22050,local_cpu_piper,
1184,target,xlsr_sls_model_v4_kk_spoof:Train/radio/01_62_086,v4:kk:Train/radio/01_62_086,kk-piper-issai-high-v1,piper_neural_tts,piper_kk_issai_high,ISSAI_KazakhTTS_M1_Iseke,1,,succeeded,ISSAI_KazakhTTS_M1_Iseke,1,,1897966490,1,[],raw/v4/xlsr_sls_model_v4_kk_spoof_raw_v1/kk-piper-issai-high-v1/43/43b82c96b9e3d5448b93f556010784dbb6afa9ef1a4a74d383c3636e46f18afd.wav,40ce26d66545b81b428e2ac31d6cb1434dd8b4c08880381c28e97584a5653cfa,1.6602267573696146,22050,local_cpu_piper,
1188,target,xlsr_sls_model_v4_kk_spoof:Train/radio/01_58_449,v4:kk:Train/radio/01_58_449,kk-piper-issai-high-v1,piper_neural_tts,piper_kk_issai_high,ISSAI_KazakhTTS2_F3,2,,succeeded,ISSAI_KazakhTTS2_F3,2,,436725208,1,[],raw/v4/xlsr_sls_model_v4_kk_spoof_raw_v1/kk-piper-issai-high-v1/93/9318c0d72adbcfa36ae3c6ac5aee63950ea979ccad8b19f40f78a8752f697499.wav,6cd9b2e875f9c2b12d1e7ba33261ea63babd2222a732c18534a957f7001aba84,2.7747845804988662,22050,local_cpu_piper,
1192,target,xlsr_sls_model_v4_kk_spoof:Train/talkshow/01_07_381,v4:kk:Train/talkshow/01_07_381,kk-piper-issai-high-v1,piper_neural_tts,piper_kk_issai_high,ISSAI_KazakhTTS_F1_Raya,3,,succeeded,ISSAI_KazakhTTS_F1_Raya,3,,1623743255,1,[],raw/v4/xlsr_sls_model_v4_kk_spoof_raw_v1/kk-piper-issai-high-v1/1b/1b7e4204ebcca9e569d284760b4630af518239cdcb93457b6c8851f2795d03ce.wav,dcda11dcc7e4161a33a5696edf198ec9c706c3e2437671342a15613141a09716,6.617687074829932,22050,local_cpu_piper,
1196,target,xlsr_sls_model_v4_kk_spoof:Train/talkshow/01_63_342,v4:kk:Train/talkshow/01_63_342,kk-piper-issai-high-v1,piper_neural_tts,piper_kk_issai_high,ISSAI_KazakhTTS2_F1,4,,succeeded,ISSAI_KazakhTTS2_F1,4,,1081058463,1,[],raw/v4/xlsr_sls_model_v4_kk_spoof_raw_v1/kk-piper-issai-high-v1/1c/1cd139cc7d2314c037d2707369a77a87d77e04cd1e63b0b4dde6a834947d1a55.wav,dfb0f4ef902ff7235139e59ac13dc6b33fbbd8f7897b031ba5378bebf35f7b69,1.6950566893424037,22050,local_cpu_piper,
1200,target,xlsr_sls_model_v4_kk_spoof:Train/talkshow/01_79_227,v4:kk:Train/talkshow/01_79_227,kk-piper-issai-high-v1,piper_neural_tts,piper_kk_issai_high,ISSAI_KazakhTTS2_F2,5,,succeeded,ISSAI_KazakhTTS2_F2,5,,1263379401,1,[],raw/v4/xlsr_sls_model_v4_kk_spoof_raw_v1/kk-piper-issai-high-v1/71/710aae5cc51326a14565087447f99d0f18738cdfc69cf462cfaea8ef431c1fa3.wav,2780821ecae6444c0e7c67a0be1afb8dbd002c02ae95b8c4c2fa156b9689b7b1,4.063492063492063,22050,local_cpu_piper,
1204,target,xlsr_sls_model_v4_kk_spoof:Train/radio/01_44_021,v4:kk:Train/radio/01_44_021,kk-piper-issai-high-v1,piper_neural_tts,piper_kk_issai_high,ISSAI_KazakhTTS2_M2,,,succeeded,ISSAI_KazakhTTS2_M2,,,56676040,1,[],raw/v4/xlsr_sls_model_v4_kk_spoof_raw_v1/kk-piper-issai-high-v1/b7/b7291152ccfdea2f4e731f3f7dadc2e08397853fe0526bc75bde493bec0a052c.wav,59666b5d04a2cefcb00f1d6f754b49107e27fde3591bb0c8cba3c3ae7cff6a72,1.3815873015873017,22050,local_cpu_piper,
1208,target,xlsr_sls_model_v4_kk_spoof:Train/tv_news/5f71d1da4d71e,v4:kk:Train/tv_news/5f71d1da4d71e,kk-piper-issai-high-v1,piper_neural_tts,piper_kk_issai_high,ISSAI_KazakhTTS_M1_Iseke,1,,succeeded,ISSAI_KazakhTTS_M1_Iseke,1,,421645034,1,[],raw/v4/xlsr_sls_model_v4_kk_spoof_raw_v1/kk-piper-issai-high-v1/1f/1f872b301341dfce683b993bbb262f592692c9eba78d69d234617a63b4c317d3.wav,ef44ff6f54867c4b9e196a1c46c8b9653175e37510a19b505dd9bdbfc314e21b,5.932698412698413,22050,local_cpu_piper,
1212,target,xlsr_sls_model_v4_kk_spoof:Train/radio/01_88_279,v4:kk:Train/radio/01_88_279,kk-piper-issai-high-v1,piper_neural_tts,piper_kk_issai_high,ISSAI_KazakhTTS2_F3,2,,succeeded,ISSAI_KazakhTTS2_F3,2,,1125569101,1,[],raw/v4/xlsr_sls_model_v4_kk_spoof_raw_v1/kk-piper-issai-high-v1/50/50db04d1b87443c4a143cfd06286721a81b8d0a1f8170e2496120b279824a580.wav,c3e6a3d01fa5c47cc807fda9b282b94c2c97e3ada9320a19116f7d5af074e4b9,4.539501133786848,22050,local_cpu_piper,
1216,target,xlsr_sls_model_v4_kk_spoof:Train/parliament/senate_10_274,v4:kk:Train/parliament/senate_10_274,kk-piper-issai-high-v1,piper_neural_tts,piper_kk_issai_high,ISSAI_KazakhTTS_F1_Raya,3,,succeeded,ISSAI_KazakhTTS_F1_Raya,3,,1793905373,1,[],raw/v4/xlsr_sls_model_v4_kk_spoof_raw_v1/kk-piper-issai-high-v1/92/923a54f5ecdc0dc043418e1855c77397382247885cde662215d48ac39740a6f7.wav,fbe7bc0400f99e0727cb5f7defc77ad7f8297c3bcd838b9d1c0526b1b9762691,3.4017233560090703,22050,local_cpu_piper,
1220,target,xlsr_sls_model_v4_kk_spoof:Train/podcasts/04_07_076,v4:kk:Train/podcasts/04_07_076,kk-piper-issai-high-v1,piper_neural_tts,piper_kk_issai_high,ISSAI_KazakhTTS2_F1,4,,succeeded,ISSAI_KazakhTTS2_F1,4,,468454214,1,[],raw/v4/xlsr_sls_model_v4_kk_spoof_raw_v1/kk-piper-issai-high-v1/10/10965519ba7fa6801ad9eca6894cb4044429fc6904841755ad936c90ed2fcd5a.wav,dd98d40e8452239ee0440a760387657fe9dc90743af7d0a1c9a237b51b2b0fc4,2.8444444444444446,22050,local_cpu_piper,
1224,target,xlsr_sls_model_v4_kk_spoof:Train/parliament/mazhilis_16_2_007,v4:kk:Train/parliament/mazhilis_16_2_007,kk-piper-issai-high-v1,piper_neural_tts,piper_kk_issai_high,ISSAI_KazakhTTS2_F2,5,,succeeded,ISSAI_KazakhTTS2_F2,5,,1133543195,1,[],raw/v4/xlsr_sls_model_v4_kk_spoof_raw_v1/kk-piper-issai-high-v1/48/48dcafc6be1182f7e80f0a7927c7438f060fb204430eedc290428b8bbf10a3f9.wav,6db3f2579fcbd650f6fc55f03b70ae7ee216c7fcedd4d45286bc64e917f2b801,7.465215419501134,22050,local_cpu_piper,
1228,target,xlsr_sls_model_v4_kk_spoof:Train/parliament/mazhilis_13_125,v4:kk:Train/parliament/mazhilis_13_125,kk-piper-issai-high-v1,piper_neural_tts,piper_kk_issai_high,ISSAI_KazakhTTS2_M2,,,succeeded,ISSAI_KazakhTTS2_M2,,,1354588900,1,[],raw/v4/xlsr_sls_model_v4_kk_spoof_raw_v1/kk-piper-issai-high-v1/4c/4cf34befec7a5c4fe06d9f63eb51a093200c0f3f9e2bc6a6f1db4e8f38977b0c.wav,603f79ec32ef972293b7b712f95b14afe0538a2448ac85af30fbc722225c2f14,5.015510204081632,22050,local_cpu_piper,
1232,target,xlsr_sls_model_v4_kk_spoof:Train/parliament/senate_13_421,v4:kk:Train/parliament/senate_13_421,kk-piper-issai-high-v1,piper_neural_tts,piper_kk_issai_high,ISSAI_KazakhTTS_M1_Iseke,1,,succeeded,ISSAI_KazakhTTS_M1_Iseke,1,,1246565764,1,[],raw/v4/xlsr_sls_model_v4_kk_spoof_raw_v1/kk-piper-issai-high-v1/85/85b078d7ff847b365f5d3c505fb51548a3457317153b638a05147b2f3b399c60.wav,24a4ee9e34a1212c4e9efb7be07e0d338a1840a81c218c0c8160af35149234f9,7.116916099773243,22050,local_cpu_piper,
1236,target,xlsr_sls_model_v4_kk_spoof:Train/podcasts/06_11_310,v4:kk:Train/podcasts/06_11_310,kk-piper-issai-high-v1,piper_neural_tts,piper_kk_issai_high,ISSAI_KazakhTTS2_F3,2,,succeeded,ISSAI_KazakhTTS2_F3,2,,484170398,1,[],raw/v4/xlsr_sls_model_v4_kk_spoof_raw_v1/kk-piper-issai-high-v1/6a/6a6a9beaaf7ae22cc48200c5d51a57330b8b070e17dbbe746c92140654d52bfa.wav,7066d5677ffa679d988973013830d13960c0b268163a4d48b9a0d1d22e48f932,2.5193650793650795,22050,local_cpu_piper,
1240,target,xlsr_sls_model_v4_kk_spoof:Train/radio/01_84_162,v4:kk:Train/radio/01_84_162,kk-piper-issai-high-v1,piper_neural_tts,piper_kk_issai_high,ISSAI_KazakhTTS_F1_Raya,3,,succeeded,ISSAI_KazakhTTS_F1_Raya,3,,109688844,1,[],raw/v4/xlsr_sls_model_v4_kk_spoof_raw_v1/kk-piper-issai-high-v1/b4/b40c1789605cb5c5d98cb1bf5e8dd294b907c6bb7daec83e8bd02ddfff678651.wav,c992785c9cde8516d0721a9851179711a43f1cc290a56b65076281d7ad5d521d,3.01859410430839,22050,local_cpu_piper,
1244,target,xlsr_sls_model_v4_kk_spoof:Train/talkshow/01_34_217,v4:kk:Train/talkshow/01_34_217,kk-piper-issai-high-v1,piper_neural_tts,piper_kk_issai_high,ISSAI_KazakhTTS2_F1,4,,succeeded,ISSAI_KazakhTTS2_F1,4,,273092842,1,[],raw/v4/xlsr_sls_model_v4_kk_spoof_raw_v1/kk-piper-issai-high-v1/e6/e6554ca5c388cd54b53d8c0c5bf02f165f676aa081db21f00e192bb3e6d3985a.wav,1ed11052805168ff3af6f46375a10f9b34b13ca8213388476048844faeb3b174,4.133151927437642,22050,local_cpu_piper,
1248,target,xlsr_sls_model_v4_kk_spoof:Train/tv_news/5f71d129a8beb,v4:kk:Train/tv_news/5f71d129a8beb,kk-piper-issai-high-v1,piper_neural_tts,piper_kk_issai_high,ISSAI_KazakhTTS2_F2,5,,succeeded,ISSAI_KazakhTTS2_F2,5,,1916393069,1,[],raw/v4/xlsr_sls_model_v4_kk_spoof_raw_v1/kk-piper-issai-high-v1/e3/e3a5729b2693ca330c0fadb83f44fbae5ab2db3fed2ff020c790b5b916922f35.wav,f3f7756ca71b9ecf893283623623e8dc52426841c392cb03d1e04600fca6e8be,6.246167800453515,22050,local_cpu_piper,
1252,target,xlsr_sls_model_v4_kk_spoof:Train/tv_news/5f834d8f9841a,v4:kk:Train/tv_news/5f834d8f9841a,kk-piper-issai-high-v1,piper_neural_tts,piper_kk_issai_high,ISSAI_KazakhTTS2_M2,,,succeeded,ISSAI_KazakhTTS2_M2,,,1505782374,1,[],raw/v4/xlsr_sls_model_v4_kk_spoof_raw_v1/kk-piper-issai-high-v1/93/937019598f27d399dd5b6981aa02dcca42751fc79b499d5280288efb101f6e86.wav,299605292967e655c7f1a618b16fcea56a6a41d2e4feffd12f55af08f836a9db,4.063492063492063,22050,local_cpu_piper,
1256,target,xlsr_sls_model_v4_kk_spoof:Train/podcasts/04_09_165,v4:kk:Train/podcasts/04_09_165,kk-piper-issai-high-v1,piper_neural_tts,piper_kk_issai_high,ISSAI_KazakhTTS_M1_Iseke,1,,succeeded,ISSAI_KazakhTTS_M1_Iseke,1,,935533783,1,[],raw/v4/xlsr_sls_model_v4_kk_spoof_raw_v1/kk-piper-issai-high-v1/c0/c04b7aabacd230116d6de923f4e3d24f3c9beffd2295a05f185e8e846df0106f.wav,afa1d91dc2ae4db1df1e4b14d0a8a0565d8f2f9605bc11e270b625e244afceb6,10.042630385487529,22050,local_cpu_piper,
1260,target,xlsr_sls_model_v4_kk_spoof:Train/tv_news/5fd037d4b52f8,v4:kk:Train/tv_news/5fd037d4b52f8,kk-piper-issai-high-v1,piper_neural_tts,piper_kk_issai_high,ISSAI_KazakhTTS2_F3,2,,succeeded,ISSAI_KazakhTTS2_F3,2,,1073649575,1,[],raw/v4/xlsr_sls_model_v4_kk_spoof_raw_v1/kk-piper-issai-high-v1/46/4634f21c0a59d9ba433070834c1379ff12f83e6fa9c0aacc95e23ab25ba4924c.wav,a617a6067d5883602d25df4062c096fcf5dd467d6d55d9b7d15bd3731090284a,2.043356009070295,22050,local_cpu_piper,
1264,target,xlsr_sls_model_v4_kk_spoof:Train/parliament/senate_15_336,v4:kk:Train/parliament/senate_15_336,kk-piper-issai-high-v1,piper_neural_tts,piper_kk_issai_high,ISSAI_KazakhTTS_F1_Raya,3,,succeeded,ISSAI_KazakhTTS_F1_Raya,3,,1275161356,1,[],raw/v4/xlsr_sls_model_v4_kk_spoof_raw_v1/kk-piper-issai-high-v1/d5/d5f36f933341d9ad7b6e2a19bbf7a8a3bef48c603d2b01e56f63b4dc43872804.wav,9b44abb5727e1ebf8af50cd10dc0d1cf64973ef7790fbbc5930c50d7478b386c,5.897868480725624,22050,local_cpu_piper,
1268,target,xlsr_sls_model_v4_kk_spoof:Train/parliament/senate_20_0477,v4:kk:Train/parliament/senate_20_0477,kk-piper-issai-high-v1,piper_neural_tts,piper_kk_issai_high,ISSAI_KazakhTTS2_F1,4,,succeeded,ISSAI_KazakhTTS2_F1,4,,221389078,1,[],raw/v4/xlsr_sls_model_v4_kk_spoof_raw_v1/kk-piper-issai-high-v1/63/63d2e1405eea862839427c033275c235be411382d6c595a952060e480bdf5958.wav,566653c7c8a3462910df00bced87ec8e560e25d2336f6ca9cd71ac834adca4ba,13.606893424036281,22050,local_cpu_piper,
1272,target,xlsr_sls_model_v4_kk_spoof:Train/podcasts/05_06_073,v4:kk:Train/podcasts/05_06_073,kk-piper-issai-high-v1,piper_neural_tts,piper_kk_issai_high,ISSAI_KazakhTTS2_F2,5,,succeeded,ISSAI_KazakhTTS2_F2,5,,1139213512,1,[],raw/v4/xlsr_sls_model_v4_kk_spoof_raw_v1/kk-piper-issai-high-v1/4a/4afc463670fa5d199b50740e58a9c70d0d2dd9a9f74e515e48051ea814edbd7c.wav,0a6408b34e510088aab761b829a013bb50bb0dff1a9eedc47b91977d371ff759,7.546485260770975,22050,local_cpu_piper,
1276,target,xlsr_sls_model_v4_kk_spoof:Train/talkshow/01_15_040,v4:kk:Train/talkshow/01_15_040,kk-piper-issai-high-v1,piper_neural_tts,piper_kk_issai_high,ISSAI_KazakhTTS2_M2,,,succeeded,ISSAI_KazakhTTS2_M2,,,682488916,1,[],raw/v4/xlsr_sls_model_v4_kk_spoof_raw_v1/kk-piper-issai-high-v1/8d/8dae094fa104a8640a1b3e18bd8bd9d31ea57501b4b8b5660301d39919e66723.wav,80f14d10b939473d65de13bf61072d9aad452b1a611ae248bf8ddbc5386d0b48,3.01859410430839,22050,local_cpu_piper,
1280,target,xlsr_sls_model_v4_kk_spoof:Train/talkshow/01_33_013,v4:kk:Train/talkshow/01_33_013,kk-piper-issai-high-v1,piper_neural_tts,piper_kk_issai_high,ISSAI_KazakhTTS_M1_Iseke,1,,succeeded,ISSAI_KazakhTTS_M1_Iseke,1,,1489422603,1,[],raw/v4/xlsr_sls_model_v4_kk_spoof_raw_v1/kk-piper-issai-high-v1/de/de2fb8926c70527592ae07e74e3d5906362d46182f6f6def9394411402bbfbb5.wav,88658c0cc234a5567f472a57b8a8d00014f96e85c84a4e33b3cf8499e1be355e,2.6238548752834467,22050,local_cpu_piper,
1284,target,xlsr_sls_model_v4_kk_spoof:Train/radio/01_55_319,v4:kk:Train/radio/01_55_319,kk-piper-issai-high-v1,piper_neural_tts,piper_kk_issai_high,ISSAI_KazakhTTS2_F3,2,,succeeded,ISSAI_KazakhTTS2_F3,2,,1622075823,1,[],raw/v4/xlsr_sls_model_v4_kk_spoof_raw_v1/kk-piper-issai-high-v1/f6/f62509575e59a74fd55575096b999a3be26bc1f94112718c8fd224cba778fab8.wav,7aef71af3f9861d216edfbbe061ff888ff7aaf8e3f5b40a327e35bd0a51f2392,3.320453514739229,22050,local_cpu_piper,
1288,target,xlsr_sls_model_v4_kk_spoof:Train/parliament/mazhilis_17_1_195,v4:kk:Train/parliament/mazhilis_17_1_195,kk-piper-issai-high-v1,piper_neural_tts,piper_kk_issai_high,ISSAI_KazakhTTS_F1_Raya,3,,succeeded,ISSAI_KazakhTTS_F1_Raya,3,,954089265,1,[],raw/v4/xlsr_sls_model_v4_kk_spoof_raw_v1/kk-piper-issai-high-v1/85/854e8dcce7fd8a66a403e5aca0ef2aa5e48eca83ae1134b860a04dec3722988b.wav,c057ec6889b138e4f4cfbfc370674364f148c3c02d16e61e0f571d238a2feb62,5.3986394557823125,22050,local_cpu_piper,
1292,target,xlsr_sls_model_v4_kk_spoof:Train/parliament/senate_12_120,v4:kk:Train/parliament/senate_12_120,kk-piper-issai-high-v1,piper_neural_tts,piper_kk_issai_high,ISSAI_KazakhTTS2_F1,4,,succeeded,ISSAI_KazakhTTS2_F1,4,,1540946137,1,[],raw/v4/xlsr_sls_model_v4_kk_spoof_raw_v1/kk-piper-issai-high-v1/b3/b35cbd64440d8e07af7883f50d9618b43e1c3aaad45bd5a2ffd029626a09da51.wav,70a5e3e84812d12dec204715ad734434e7da288052a3adbd0f64fc808d422b3f,2.786394557823129,22050,local_cpu_piper,
1296,target,xlsr_sls_model_v4_kk_spoof:Train/talkshow/01_58_437,v4:kk:Train/talkshow/01_58_437,kk-piper-issai-high-v1,piper_neural_tts,piper_kk_issai_high,ISSAI_KazakhTTS2_F2,5,,succeeded,ISSAI_KazakhTTS2_F2,5,,723834372,1,[],raw/v4/xlsr_sls_model_v4_kk_spoof_raw_v1/kk-piper-issai-high-v1/b1/b11ab3b60aacdf9251d77a0f31f5008151794b2781236825dab15718198dbec2.wav,1ea81d995fc37ff2c892b099055f624a9ebc676719028c27db15f807bd249478,2.5774149659863945,22050,local_cpu_piper,
1300,target,xlsr_sls_model_v4_kk_spoof:Train/tv_news/5f71d17e5835b,v4:kk:Train/tv_news/5f71d17e5835b,kk-piper-issai-high-v1,piper_neural_tts,piper_kk_issai_high,ISSAI_KazakhTTS2_M2,,,succeeded,ISSAI_KazakhTTS2_M2,,,680049205,1,[],raw/v4/xlsr_sls_model_v4_kk_spoof_raw_v1/kk-piper-issai-high-v1/0d/0dd9daa12842b2685962c5b4f268c356ff31eb928d05857aa53beb6aed1e0c00.wav,16db9a8fd60f4ed82cc542c6b4bd5a9d573c244c8168ab56c8c28fd36b3ded17,1.9272562358276644,22050,local_cpu_piper,
1304,target,xlsr_sls_model_v4_kk_spoof:Train/podcasts/03_74_37,v4:kk:Train/podcasts/03_74_37,kk-piper-issai-high-v1,piper_neural_tts,piper_kk_issai_high,ISSAI_KazakhTTS_M1_Iseke,1,,succeeded,ISSAI_KazakhTTS_M1_Iseke,1,,293638907,1,[],raw/v4/xlsr_sls_model_v4_kk_spoof_raw_v1/kk-piper-issai-high-v1/de/dea7eed5b73aac5dc0249d8aba57fa289df5e1262df53d184a9d0dfa7b43a5fd.wav,98d1b5314ef42d1d777ef035b1ec4421b17236f938fb45bae140c4084618360b,8.335963718820862,22050,local_cpu_piper,
1308,target,xlsr_sls_model_v4_kk_spoof:Train/talkshow/01_08_001,v4:kk:Train/talkshow/01_08_001,kk-piper-issai-high-v1,piper_neural_tts,piper_kk_issai_high,ISSAI_KazakhTTS2_F3,2,,succeeded,ISSAI_KazakhTTS2_F3,2,,1150677042,1,[],raw/v4/xlsr_sls_model_v4_kk_spoof_raw_v1/kk-piper-issai-high-v1/d3/d3765b5fde603cb012228800b57bf625fd9a721ab27e28d1147079ce81fc732d.wav,fc5bf997b3e71a630f81e9acae0c5a08961a2f437fe736b16d5b5f36d64ae06f,4.539501133786848,22050,local_cpu_piper,
1312,target,xlsr_sls_model_v4_kk_spoof:Train/podcasts/03_39_050,v4:kk:Train/podcasts/03_39_050,kk-piper-issai-high-v1,piper_neural_tts,piper_kk_issai_high,ISSAI_KazakhTTS_F1_Raya,3,,succeeded,ISSAI_KazakhTTS_F1_Raya,3,,6824643,1,[],raw/v4/xlsr_sls_model_v4_kk_spoof_raw_v1/kk-piper-issai-high-v1/28/280822cb69caf12a94e8c84f2573ba43b36390f0d357d8aa35a2488e77e05133.wav,c1bf08b57c5b1298d6185be4a5b6f9d0aaba0fcf62bcc57252bcd749b65bcdb0,5.50312925170068,22050,local_cpu_piper,
1316,target,xlsr_sls_model_v4_kk_spoof:Train/tv_news/5f71ce0848b94,v4:kk:Train/tv_news/5f71ce0848b94,kk-piper-issai-high-v1,piper_neural_tts,piper_kk_issai_high,ISSAI_KazakhTTS2_F1,4,,succeeded,ISSAI_KazakhTTS2_F1,4,,949468192,1,[],raw/v4/xlsr_sls_model_v4_kk_spoof_raw_v1/kk-piper-issai-high-v1/84/84a047509aa8156944e42327fcde9addef7497727a02356c2bc6308211a41f9b.wav,5c091ee925a01eeca15ca321224651f9da53af728db4cf9a3b9ce8fc96237992,9.148662131519274,22050,local_cpu_piper,
1320,target,xlsr_sls_model_v4_kk_spoof:Train/parliament/mazhilis_15_2_477,v4:kk:Train/parliament/mazhilis_15_2_477,kk-piper-issai-high-v1,piper_neural_tts,piper_kk_issai_high,ISSAI_KazakhTTS2_F2,5,,succeeded,ISSAI_KazakhTTS2_F2,5,,1545027180,1,[],raw/v4/xlsr_sls_model_v4_kk_spoof_raw_v1/kk-piper-issai-high-v1/f9/f9d852084d63c5ce64c4aba0848af0eb18519a98ed7408d00886a18f6b09b389.wav,2fefb3e8995d3de6faf7c696bebfaa2e4b75a97d59635b2c7d02cddd8da94007,5.375419501133787,22050,local_cpu_piper,
1324,target,xlsr_sls_model_v4_kk_spoof:Train/parliament/senate_23_178,v4:kk:Train/parliament/senate_23_178,kk-piper-issai-high-v1,piper_neural_tts,piper_kk_issai_high,ISSAI_KazakhTTS2_M2,,,succeeded,ISSAI_KazakhTTS2_M2,,,298479631,1,[],raw/v4/xlsr_sls_model_v4_kk_spoof_raw_v1/kk-piper-issai-high-v1/63/634a4eca6a4f34692000881e9439562bcc1b49477962a892ef8c90c32e8146da.wav,17f3b84488a29405f9bbae7e219a8b05f0ac7e8ddd69a74ae804c57030f71087,8.40562358276644,22050,local_cpu_piper,
1328,target,xlsr_sls_model_v4_kk_spoof:Train/parliament/mazhilis_17_1_276,v4:kk:Train/parliament/mazhilis_17_1_276,kk-piper-issai-high-v1,piper_neural_tts,piper_kk_issai_high,ISSAI_KazakhTTS_M1_Iseke,1,,succeeded,ISSAI_KazakhTTS_M1_Iseke,1,,1485032458,1,[],raw/v4/xlsr_sls_model_v4_kk_spoof_raw_v1/kk-piper-issai-high-v1/f0/f05770a8080b2fc51b582c73dd4507a4d7a55528c6bda77678af76f309aaf9d8.wav,adf0ba4cbc216633a80d23e4fb2a959eff062802b760976618056a18fd6bf67d,17.821315192743764,22050,local_cpu_piper,
1332,target,xlsr_sls_model_v4_kk_spoof:Train/podcasts/01_06_081,v4:kk:Train/podcasts/01_06_081,kk-piper-issai-high-v1,piper_neural_tts,piper_kk_issai_high,ISSAI_KazakhTTS2_F3,2,,succeeded,ISSAI_KazakhTTS2_F3,2,,205424173,1,[],raw/v4/xlsr_sls_model_v4_kk_spoof_raw_v1/kk-piper-issai-high-v1/ed/edb842c72b4c5bb5f6884804fc7d3770ad516117be8a5d83d9ee43c0e63ae686.wav,f5ca7cad1151261a41891b197bd3ab951ed8534bda07173771a6393c5ad1a6ae,8.347573696145124,22050,local_cpu_piper,
1336,target,xlsr_sls_model_v4_kk_spoof:Train/parliament/senate_13_687,v4:kk:Train/parliament/senate_13_687,kk-piper-issai-high-v1,piper_neural_tts,piper_kk_issai_high,ISSAI_KazakhTTS_F1_Raya,3,,succeeded,ISSAI_KazakhTTS_F1_Raya,3,,1731805858,1,[],raw/v4/xlsr_sls_model_v4_kk_spoof_raw_v1/kk-piper-issai-high-v1/fd/fd9f5fb096e275a2fa041701a9b6db070abdbed7fc02c27696bac756cb2bb53a.wav,b763260f47fd940b64084a13503ccb3a802c9133dd72340deb908f44272cfb04,8.359183673469389,22050,local_cpu_piper,
1340,target,xlsr_sls_model_v4_kk_spoof:Train/tv_news/5fa2e8c374264,v4:kk:Train/tv_news/5fa2e8c374264,kk-piper-issai-high-v1,piper_neural_tts,piper_kk_issai_high,ISSAI_KazakhTTS2_F1,4,,succeeded,ISSAI_KazakhTTS2_F1,4,,376811935,1,[],raw/v4/xlsr_sls_model_v4_kk_spoof_raw_v1/kk-piper-issai-high-v1/5e/5ec11131f52b7b7093f9435a2697c343ea4091e6d92d01b52917cd5a17fcc2a7.wav,92b4d258c91cd2eaea842e6257c5aa86e1cc2d643a78f00a0c2d6e03d5714042,4.783310657596372,22050,local_cpu_piper,
1344,target,xlsr_sls_model_v4_kk_spoof:Train/tv_news/5f71070596095,v4:kk:Train/tv_news/5f71070596095,kk-piper-issai-high-v1,piper_neural_tts,piper_kk_issai_high,ISSAI_KazakhTTS2_F2,5,,succeeded,ISSAI_KazakhTTS2_F2,5,,647842585,1,[],raw/v4/xlsr_sls_model_v4_kk_spoof_raw_v1/kk-piper-issai-high-v1/ea/eae8bdc2ee9e56d69efa108a922454795724a1e4fabf3c439e97f7bab612aff8.wav,76309abdb94bf38f4aa3cace8b318ca6e7f635943453df75c262c16572aecf5c,2.8328344671201813,22050,local_cpu_piper,
1348,target,xlsr_sls_model_v4_kk_spoof:Train/tv_news/5fd037db31e38,v4:kk:Train/tv_news/5fd037db31e38,kk-piper-issai-high-v1,piper_neural_tts,piper_kk_issai_high,ISSAI_KazakhTTS2_M2,,,succeeded,ISSAI_KazakhTTS2_M2,,,248742185,1,[],raw/v4/xlsr_sls_model_v4_kk_spoof_raw_v1/kk-piper-issai-high-v1/3b/3b2adac206b595db9a4176f3255b9968206ceb14e6e0b63b1b34c5b2ea87f5d3.wav,16797bc0d0b06e8ed9f17454bfeb47eb3600bb697e47fce8ee7db63036767a38,1.9388662131519274,22050,local_cpu_piper,
1352,target,xlsr_sls_model_v4_kk_spoof:Train/radio/01_56_298,v4:kk:Train/radio/01_56_298,kk-piper-issai-high-v1,piper_neural_tts,piper_kk_issai_high,ISSAI_KazakhTTS_M1_Iseke,1,,succeeded,ISSAI_KazakhTTS_M1_Iseke,1,,1548502121,1,[],raw/v4/xlsr_sls_model_v4_kk_spoof_raw_v1/kk-piper-issai-high-v1/cf/cfa755fae42d16e94fc66e6a9af468005888d9c90c3b3c4a2c75f0e21c5d171c.wav,71f3244bca6b114ee1e4e115b0bcb00b1a10f33b3803e19e35f332fa325ea58b,2.693514739229025,22050,local_cpu_piper,
1356,target,xlsr_sls_model_v4_kk_spoof:Train/radio/01_28_033,v4:kk:Train/radio/01_28_033,kk-piper-issai-high-v1,piper_neural_tts,piper_kk_issai_high,ISSAI_KazakhTTS2_F3,2,,succeeded,ISSAI_KazakhTTS2_F3,2,,310539963,1,[],raw/v4/xlsr_sls_model_v4_kk_spoof_raw_v1/kk-piper-issai-high-v1/72/7221d4bb7fd8e548a7b0404c2fc0d9a030f6094998cc218d69c3d5626d35715a.wav,cc84808ce9be4ce8ada1c65a2b3b10de2a11d527d24706398fd04d2487967d90,3.076643990929705,22050,local_cpu_piper,
1360,target,xlsr_sls_model_v4_kk_spoof:Train/talkshow/01_06_240,v4:kk:Train/talkshow/01_06_240,kk-piper-issai-high-v1,piper_neural_tts,piper_kk_issai_high,ISSAI_KazakhTTS_F1_Raya,3,,succeeded,ISSAI_KazakhTTS_F1_Raya,3,,286832995,1,[],raw/v4/xlsr_sls_model_v4_kk_spoof_raw_v1/kk-piper-issai-high-v1/dc/dc38b62cd79f33df12d17b22a8b52e42bb5bdfda9a5d0e691803b7b18a528e30.wav,10468579fd037b2bf0d44610276267c9eaa90ae153de4d04d8c49ce07204e52c,3.4249433106575964,22050,local_cpu_piper,
1364,target,xlsr_sls_model_v4_kk_spoof:Train/parliament/senate_15_453,v4:kk:Train/parliament/senate_15_453,kk-piper-issai-high-v1,piper_neural_tts,piper_kk_issai_high,ISSAI_KazakhTTS2_F1,4,,succeeded,ISSAI_KazakhTTS2_F1,4,,1533581546,1,[],raw/v4/xlsr_sls_model_v4_kk_spoof_raw_v1/kk-piper-issai-high-v1/4b/4b17553c5dc1adc13d9459c359ae62c6b46dc6e46a3b123e7e20976590309b51.wav,3e9cd0f9381394f428055de9ebb70ec3f7d030d572f4e3bc46f2bc3ca5406623,6.327437641723356,22050,local_cpu_piper,
1368,target,xlsr_sls_model_v4_kk_spoof:Train/radio/01_91_261,v4:kk:Train/radio/01_91_261,kk-piper-issai-high-v1,piper_neural_tts,piper_kk_issai_high,ISSAI_KazakhTTS2_F2,5,,succeeded,ISSAI_KazakhTTS2_F2,5,,1092467081,1,[],raw/v4/xlsr_sls_model_v4_kk_spoof_raw_v1/kk-piper-issai-high-v1/dc/dc9e57e6d1ed556a06456479bc1eb94a90287f494db3f9f185782987daa8550b.wav,2774b991278afe117455b150aa564ec3eedc6af03326f05c3dd0e4fd97fe068e,8.835192743764173,22050,local_cpu_piper,
1372,target,xlsr_sls_model_v4_kk_spoof:Train/tv_news/5f71d14aeed09,v4:kk:Train/tv_news/5f71d14aeed09,kk-piper-issai-high-v1,piper_neural_tts,piper_kk_issai_high,ISSAI_KazakhTTS2_M2,,,succeeded,ISSAI_KazakhTTS2_M2,,,1204711559,1,[],raw/v4/xlsr_sls_model_v4_kk_spoof_raw_v1/kk-piper-issai-high-v1/b1/b18e5bf25b63b0d45127c273b0b6347a31ebbc195c7ffddf2297095261f8418a.wav,e6c18c63276648fd3c2bc6edd111808b00ef44ea6e86fe46236eeb880322a5f7,4.423401360544218,22050,local_cpu_piper,
1376,target,xlsr_sls_model_v4_kk_spoof:Train/radio/01_54_447,v4:kk:Train/radio/01_54_447,kk-piper-issai-high-v1,piper_neural_tts,piper_kk_issai_high,ISSAI_KazakhTTS_M1_Iseke,1,,succeeded,ISSAI_KazakhTTS_M1_Iseke,1,,266956959,1,[],raw/v4/xlsr_sls_model_v4_kk_spoof_raw_v1/kk-piper-issai-high-v1/d3/d3846dafc3abefdf87eec5bcb71dced90d73e9fc8b8ac3cd633ece5b8d8f0ec5.wav,78234f5dbfc900a47e98d6f7c404f391c08d1f8efb544ee11147755425d19cd0,8.010884353741497,22050,local_cpu_piper,
1380,target,xlsr_sls_model_v4_kk_spoof:Train/podcasts/03_65_03,v4:kk:Train/podcasts/03_65_03,kk-piper-issai-high-v1,piper_neural_tts,piper_kk_issai_high,ISSAI_KazakhTTS2_F3,2,,succeeded,ISSAI_KazakhTTS2_F3,2,,313033331,1,[],raw/v4/xlsr_sls_model_v4_kk_spoof_raw_v1/kk-piper-issai-high-v1/da/da75fb1d3fccf0c04d2a096926aaa0526af0ced2b2eb3275aa45e5844238a796.wav,1d4c189fd9f70359b7728d0f1ad61f478a7e215d303f50657f0cda379308266c,3.332063492063492,22050,local_cpu_piper,
1384,target,xlsr_sls_model_v4_kk_spoof:Train/talkshow/01_35_125,v4:kk:Train/talkshow/01_35_125,kk-piper-issai-high-v1,piper_neural_tts,piper_kk_issai_high,ISSAI_KazakhTTS_F1_Raya,3,,succeeded,ISSAI_KazakhTTS_F1_Raya,3,,50241960,1,[],raw/v4/xlsr_sls_model_v4_kk_spoof_raw_v1/kk-piper-issai-high-v1/00/00d561af2f2707c4ef94c5c1534e1b53cce966044df50ed540c8e2fb744651d1.wav,68aad0a5599035c152db21546cf378c6b4abd92cc741c228a072470b03c140a9,2.670294784580499,22050,local_cpu_piper,
1388,target,xlsr_sls_model_v4_kk_spoof:Train/talkshow/01_73_331,v4:kk:Train/talkshow/01_73_331,kk-piper-issai-high-v1,piper_neural_tts,piper_kk_issai_high,ISSAI_KazakhTTS2_F1,4,,succeeded,ISSAI_KazakhTTS2_F1,4,,1582625916,1,[],raw/v4/xlsr_sls_model_v4_kk_spoof_raw_v1/kk-piper-issai-high-v1/f4/f476bc0817640c18b59b8e13b4b80801cd874a3915708c5962ecb205672c261a.wav,75d925ad02552164bc4d2705ea400f270f66f036d0cce64016d13df487f65e00,1.6718367346938776,22050,local_cpu_piper,
1392,target,xlsr_sls_model_v4_kk_spoof:Train/podcasts/01_07_022,v4:kk:Train/podcasts/01_07_022,kk-piper-issai-high-v1,piper_neural_tts,piper_kk_issai_high,ISSAI_KazakhTTS2_F2,5,,succeeded,ISSAI_KazakhTTS2_F2,5,,307764734,1,[],raw/v4/xlsr_sls_model_v4_kk_spoof_raw_v1/kk-piper-issai-high-v1/4f/4f9dc2c45850052dfaecf768720a65a4af4dfc8ef50c8f20a80a29800f57f5b6.wav,a8c0b31de6f70a1ca2300bf161439d1f12c945fbe922234816a25986acad7e9e,3.1230839002267574,22050,local_cpu_piper,
1396,target,xlsr_sls_model_v4_kk_spoof:Train/parliament/senate_11_630,v4:kk:Train/parliament/senate_11_630,kk-piper-issai-high-v1,piper_neural_tts,piper_kk_issai_high,ISSAI_KazakhTTS2_M2,,,succeeded,ISSAI_KazakhTTS2_M2,,,1441696219,1,[],raw/v4/xlsr_sls_model_v4_kk_spoof_raw_v1/kk-piper-issai-high-v1/db/dbde6532924084d6b113bc097746ac6c6f64f2ef80b67d8176a6be14fe09b6f3.wav,c57471d851a29d44edf4ea23e6ba9e98459037fa42f80cf3e128f9003ad2dfdc,1.799546485260771,22050,local_cpu_piper,
1400,target,xlsr_sls_model_v4_kk_spoof:Train/tv_news/5f71ce12d818d,v4:kk:Train/tv_news/5f71ce12d818d,kk-piper-issai-high-v1,piper_neural_tts,piper_kk_issai_high,ISSAI_KazakhTTS_M1_Iseke,1,,succeeded,ISSAI_KazakhTTS_M1_Iseke,1,,2137035560,1,[],raw/v4/xlsr_sls_model_v4_kk_spoof_raw_v1/kk-piper-issai-high-v1/ba/ba9a77ae8f993066bb8bb30cd9bb8621ae7a66c22476524a34e686a34b170b1d.wav,d6d1abc49c45cdfdbbaf9a043e1b143444c40c5984f93b4f2effe4d5cfd5af6c,4.655600907029479,22050,local_cpu_piper,
1404,target,xlsr_sls_model_v4_kk_spoof:Train/talkshow/01_81_164,v4:kk:Train/talkshow/01_81_164,kk-piper-issai-high-v1,piper_neural_tts,piper_kk_issai_high,ISSAI_KazakhTTS2_F3,2,,succeeded,ISSAI_KazakhTTS2_F3,2,,1231583376,1,[],raw/v4/xlsr_sls_model_v4_kk_spoof_raw_v1/kk-piper-issai-high-v1/79/7960c96a75f0e295a84e8509b8f9f152fd260d521686363b7242a0d263689602.wav,e6cd5e9c97e69485a742b41e3ee8bd2be7903344487ca8fe5588c8d8329c8b37,4.702040816326531,22050,local_cpu_piper,
1408,target,xlsr_sls_model_v4_kk_spoof:Train/parliament/senate_23_205,v4:kk:Train/parliament/senate_23_205,kk-piper-issai-high-v1,piper_neural_tts,piper_kk_issai_high,ISSAI_KazakhTTS_F1_Raya,3,,succeeded,ISSAI_KazakhTTS_F1_Raya,3,,332627468,1,[],raw/v4/xlsr_sls_model_v4_kk_spoof_raw_v1/kk-piper-issai-high-v1/0f/0f2da12843bb4289ae83afb6d2079255909081b6dcb5792edf59f4fa6c3a1f4c.wav,8fca3ee74ad4f33d435fd992dfd7c3cbaec3d2c0850ce396d038e2baecf40748,6.942766439909297,22050,local_cpu_piper,
1412,target,xlsr_sls_model_v4_kk_spoof:Train/talkshow/01_07_092,v4:kk:Train/talkshow/01_07_092,kk-piper-issai-high-v1,piper_neural_tts,piper_kk_issai_high,ISSAI_KazakhTTS2_F1,4,,succeeded,ISSAI_KazakhTTS2_F1,4,,1663130863,1,[],raw/v4/xlsr_sls_model_v4_kk_spoof_raw_v1/kk-piper-issai-high-v1/db/dbcd6de853604db61ccf87370f4b874764fde6dec4c1519b5f4a3140e474a6ae.wav,91b2c760c6837760376b46e9fffebeb58ed01fc78e046489e0fa74f172c5ecdc,10.437369614512471,22050,local_cpu_piper,
1416,target,xlsr_sls_model_v4_kk_spoof:Train/parliament/senate_02_128,v4:kk:Train/parliament/senate_02_128,kk-piper-issai-high-v1,piper_neural_tts,piper_kk_issai_high,ISSAI_KazakhTTS2_F2,5,,succeeded,ISSAI_KazakhTTS2_F2,5,,747988300,1,[],raw/v4/xlsr_sls_model_v4_kk_spoof_raw_v1/kk-piper-issai-high-v1/4b/4bd7825bed3fc29fe2fd59402d081a1859531d7525dc619c33f057a3f0f754be.wav,e1b9552d87c72e2c068a7ed78cf043daf43e8aab9fdb7a6accc165cfa123466e,5.5495691609977325,22050,local_cpu_piper,
1420,target,xlsr_sls_model_v4_kk_spoof:Train/radio/01_11_078,v4:kk:Train/radio/01_11_078,kk-piper-issai-high-v1,piper_neural_tts,piper_kk_issai_high,ISSAI_KazakhTTS2_M2,,,succeeded,ISSAI_KazakhTTS2_M2,,,1805574403,1,[],raw/v4/xlsr_sls_model_v4_kk_spoof_raw_v1/kk-piper-issai-high-v1/df/df2dbea9ff5fe3f1b2cfdc3f33b5dae5f426241117dd40529956beee5c49b370.wav,2e4dc332c1476c149e673d0087ffa853a5400b46b6484d61b414cf983f781799,6.884716553287982,22050,local_cpu_piper,
1424,target,xlsr_sls_model_v4_kk_spoof:Train/radio/01_72_312,v4:kk:Train/radio/01_72_312,kk-piper-issai-high-v1,piper_neural_tts,piper_kk_issai_high,ISSAI_KazakhTTS_M1_Iseke,1,,succeeded,ISSAI_KazakhTTS_M1_Iseke,1,,336898408,1,[],raw/v4/xlsr_sls_model_v4_kk_spoof_raw_v1/kk-piper-issai-high-v1/50/505f907c8b3dca16e235d4221b228cf94b32da6496a8d0ccda753b3e9cb0cf5d.wav,215d52839955089adbe42883a149bf97a7dcd6e475f818d4bcd39502172d8b8e,9.369251700680271,22050,local_cpu_piper,
1428,target,xlsr_sls_model_v4_kk_spoof:Train/parliament/senate_05_410,v4:kk:Train/parliament/senate_05_410,kk-piper-issai-high-v1,piper_neural_tts,piper_kk_issai_high,ISSAI_KazakhTTS2_F3,2,,succeeded,ISSAI_KazakhTTS2_F3,2,,461523758,1,[],raw/v4/xlsr_sls_model_v4_kk_spoof_raw_v1/kk-piper-issai-high-v1/a5/a55264d9b882268a6388a4b5c4c0fc613fa4a500f36cb929722f9cc8de57f313.wav,68e3f9b7de39a01b8c5b71e821dbd184d2884ca886bc24b9977afdea8755f52c,6.025578231292517,22050,local_cpu_piper,
1432,target,xlsr_sls_model_v4_kk_spoof:Train/tv_news/5fa2e8454bc89,v4:kk:Train/tv_news/5fa2e8454bc89,kk-piper-issai-high-v1,piper_neural_tts,piper_kk_issai_high,ISSAI_KazakhTTS_F1_Raya,3,,succeeded,ISSAI_KazakhTTS_F1_Raya,3,,407200136,1,[],raw/v4/xlsr_sls_model_v4_kk_spoof_raw_v1/kk-piper-issai-high-v1/1f/1f3b709f63d87cd6a411e7ec0dfd1746d4fce2b7567fcc659436eb69dcbcb700.wav,fb9f9716fb85331f83bd660c3db6754e00d84d23d78a3057a190a46d78bdedec,4.713650793650793,22050,local_cpu_piper,
1436,target,xlsr_sls_model_v4_kk_spoof:Train/podcasts/06_07_138,v4:kk:Train/podcasts/06_07_138,kk-piper-issai-high-v1,piper_neural_tts,piper_kk_issai_high,ISSAI_KazakhTTS2_F1,4,,succeeded,ISSAI_KazakhTTS2_F1,4,,1911742014,1,[],raw/v4/xlsr_sls_model_v4_kk_spoof_raw_v1/kk-piper-issai-high-v1/b5/b577f1008d7d9095d17a25b40292b7fcc08cf49b60d991d7eb5c9b32c68e2c4d.wav,1129edd6aaa1cafe765177a0d013a0fe223ae95b99524bad768013f121f01490,3.889342403628118,22050,local_cpu_piper,
1440,target,xlsr_sls_model_v4_kk_spoof:Train/tv_news/5fd0380ba8bc6,v4:kk:Train/tv_news/5fd0380ba8bc6,kk-piper-issai-high-v1,piper_neural_tts,piper_kk_issai_high,ISSAI_KazakhTTS2_F2,5,,succeeded,ISSAI_KazakhTTS2_F2,5,,1387193788,1,[],raw/v4/xlsr_sls_model_v4_kk_spoof_raw_v1/kk-piper-issai-high-v1/19/1994b4ee39d4a6ca0875b3d41dcbda09d1d7820b85794fd1a4e1f4b526efc940.wav,afd8657209d449725d07f81808ed5624b5321e1b8ba4f4686dd6ee04f0721c14,2.8792743764172335,22050,local_cpu_piper,
1444,target,xlsr_sls_model_v4_kk_spoof:Train/podcasts/05_04_090,v4:kk:Train/podcasts/05_04_090,kk-piper-issai-high-v1,piper_neural_tts,piper_kk_issai_high,ISSAI_KazakhTTS2_M2,,,succeeded,ISSAI_KazakhTTS2_M2,,,2001607868,1,[],raw/v4/xlsr_sls_model_v4_kk_spoof_raw_v1/kk-piper-issai-high-v1/f9/f9d95a3bb824ce48e7fd295ea78e7cae6355d8066f3c8b5af23ae15a173c7a04.wav,f7d646cef74a2d3a1463b81e653864c1295934aa0309f7e83f4189b8aeea8c12,8.823582766439909,22050,local_cpu_piper,
1448,target,xlsr_sls_model_v4_kk_spoof:Train/parliament/senate_13_561,v4:kk:Train/parliament/senate_13_561,kk-piper-issai-high-v1,piper_neural_tts,piper_kk_issai_high,ISSAI_KazakhTTS_M1_Iseke,1,,succeeded,ISSAI_KazakhTTS_M1_Iseke,1,,1086634362,1,[],raw/v4/xlsr_sls_model_v4_kk_spoof_raw_v1/kk-piper-issai-high-v1/92/926ef63ad908287860aa245fa7786a99346ed8dd73368ff8b9f954ffa16326ad.wav,69f40d9435b0423f30ab6b5037d6536636916a601e4e0505c7b27ded3d13e5f5,9.102222222222222,22050,local_cpu_piper,
1452,target,xlsr_sls_model_v4_kk_spoof:Train/podcasts/03_49_149,v4:kk:Train/podcasts/03_49_149,kk-piper-issai-high-v1,piper_neural_tts,piper_kk_issai_high,ISSAI_KazakhTTS2_F3,2,,succeeded,ISSAI_KazakhTTS2_F3,2,,1255998945,1,[],raw/v4/xlsr_sls_model_v4_kk_spoof_raw_v1/kk-piper-issai-high-v1/ad/ad282ed39ac24accaa0fa6025c2f47b518e34028327148c5382fcb53cd84dfb7.wav,0b147a0119cc9750fa7822fd054be3b6c88e1df72215e07251b300d65bc24ba6,2.8560544217687074,22050,local_cpu_piper,
1456,target,xlsr_sls_model_v4_kk_spoof:Train/radio/01_80_259,v4:kk:Train/radio/01_80_259,kk-piper-issai-high-v1,piper_neural_tts,piper_kk_issai_high,ISSAI_KazakhTTS_F1_Raya,3,,succeeded,ISSAI_KazakhTTS_F1_Raya,3,,603082182,1,[],raw/v4/xlsr_sls_model_v4_kk_spoof_raw_v1/kk-piper-issai-high-v1/c4/c4411c1ef4758bf3a1d03de5a7948e2abddef6a91c4be88b52d48b0194e65027.wav,4351b9a2aadc14560d72b90bc3c200cc361ee95f656a91c3f99aa5ba8ed917a2,1.4628571428571429,22050,local_cpu_piper,
1460,target,xlsr_sls_model_v4_kk_spoof:Train/podcasts/03_79_061,v4:kk:Train/podcasts/03_79_061,kk-piper-issai-high-v1,piper_neural_tts,piper_kk_issai_high,ISSAI_KazakhTTS2_F1,4,,succeeded,ISSAI_KazakhTTS2_F1,4,,1255217156,1,[],raw/v4/xlsr_sls_model_v4_kk_spoof_raw_v1/kk-piper-issai-high-v1/ca/cad30788144f9d488912c8bc0abdf07c11fa21d2c9117816cd4efd452c755cd5.wav,7d3c57143e699022599a5b346386f3870b90e403f5fee85046682a5f6d72801d,8.440453514739229,22050,local_cpu_piper,
1464,target,xlsr_sls_model_v4_kk_spoof:Train/tv_news/5fa2e8d395dcb,v4:kk:Train/tv_news/5fa2e8d395dcb,kk-piper-issai-high-v1,piper_neural_tts,piper_kk_issai_high,ISSAI_KazakhTTS2_F2,5,,succeeded,ISSAI_KazakhTTS2_F2,5,,706791216,1,[],raw/v4/xlsr_sls_model_v4_kk_spoof_raw_v1/kk-piper-issai-high-v1/64/6408d5bea25370a7b4a3935e88c07f40888ab096d558cb947852735a6452eef8.wav,fd409024ec8407eb19c1663f3d9344ece675c7e473309e8f45d3e344387681c3,1.9388662131519274,22050,local_cpu_piper,
1468,target,xlsr_sls_model_v4_kk_spoof:Train/podcasts/03_18_13,v4:kk:Train/podcasts/03_18_13,kk-piper-issai-high-v1,piper_neural_tts,piper_kk_issai_high,ISSAI_KazakhTTS2_M2,,,succeeded,ISSAI_KazakhTTS2_M2,,,1144223196,1,[],raw/v4/xlsr_sls_model_v4_kk_spoof_raw_v1/kk-piper-issai-high-v1/11/1135697ffff7bc3c16256d2cd8f5af59ac1a5d818f53dc7d29453278c4fea80c.wav,546bd2f03f770823d1348f37b6f749cdbe7a83176cd311d7608f30408213b50a,1.8575963718820863,22050,local_cpu_piper,
1472,target,xlsr_sls_model_v4_kk_spoof:Train/talkshow/01_07_233,v4:kk:Train/talkshow/01_07_233,kk-piper-issai-high-v1,piper_neural_tts,piper_kk_issai_high,ISSAI_KazakhTTS_M1_Iseke,1,,succeeded,ISSAI_KazakhTTS_M1_Iseke,1,,318205996,1,[],raw/v4/xlsr_sls_model_v4_kk_spoof_raw_v1/kk-piper-issai-high-v1/d1/d137a9a1cc5c9426d3861f554b419d1f85fd52af2815dfc3b208c91bcddced3e.wav,4b2e89b83cda3bbc1e00467630e17965e89b2011692c2bdbbf50d1a2aa3f6a5e,4.365351473922902,22050,local_cpu_piper,
1476,target,xlsr_sls_model_v4_kk_spoof:Train/radio/01_67_172,v4:kk:Train/radio/01_67_172,kk-piper-issai-high-v1,piper_neural_tts,piper_kk_issai_high,ISSAI_KazakhTTS2_F3,2,,succeeded,ISSAI_KazakhTTS2_F3,2,,1724903882,1,[],raw/v4/xlsr_sls_model_v4_kk_spoof_raw_v1/kk-piper-issai-high-v1/26/26307f74c61c833ec0390fde1d88d0303cb5235f88caa82b6a17509b9067774e.wav,2c3ee3ce0d1d624e4f47ec8e20f8d9839609ddcd8eebcccae3de8610dc3e3d41,8.672653061224489,22050,local_cpu_piper,
1480,target,xlsr_sls_model_v4_kk_spoof:Train/parliament/mazhilis_15_2_352,v4:kk:Train/parliament/mazhilis_15_2_352,kk-piper-issai-high-v1,piper_neural_tts,piper_kk_issai_high,ISSAI_KazakhTTS_F1_Raya,3,,succeeded,ISSAI_KazakhTTS_F1_Raya,3,,755462681,1,[],raw/v4/xlsr_sls_model_v4_kk_spoof_raw_v1/kk-piper-issai-high-v1/1b/1bdf9f020db6fe6d2fffec0e823dfb32694dd1d7aa7f920ba0f97691919286a8.wav,e173ef439e69104e414422d6151e47305938984ab6d8b0e1a0f8142dd034fecc,6.315827664399093,22050,local_cpu_piper,
1484,target,xlsr_sls_model_v4_kk_spoof:Train/parliament/senate_23_336,v4:kk:Train/parliament/senate_23_336,kk-piper-issai-high-v1,piper_neural_tts,piper_kk_issai_high,ISSAI_KazakhTTS2_F1,4,,succeeded,ISSAI_KazakhTTS2_F1,4,,610635527,1,[],raw/v4/xlsr_sls_model_v4_kk_spoof_raw_v1/kk-piper-issai-high-v1/4a/4a7c9a4d9cbf51b22bf94f3f6bd8f8de19c0bcc7be48d6c7dbb8509ba42660d3.wav,79d3e420e3d08ba60ebc52379e38e7d3e80c7a7346cb4afd7de7aba39244cc07,8.428843537414966,22050,local_cpu_piper,
1488,target,xlsr_sls_model_v4_kk_spoof:Train/talkshow/01_06_275,v4:kk:Train/talkshow/01_06_275,kk-piper-issai-high-v1,piper_neural_tts,piper_kk_issai_high,ISSAI_KazakhTTS2_F2,5,,succeeded,ISSAI_KazakhTTS2_F2,5,,1219203180,1,[],raw/v4/xlsr_sls_model_v4_kk_spoof_raw_v1/kk-piper-issai-high-v1/73/7395b564c2bc52b7148ef038601f8800ec8948ae3f4f04f5c1f92cee0a30e5aa.wav,9e5a0b9764ad33961d3470a6b4896fabe7be72ec2a7ffed5acd2ddaefbb748f3,4.365351473922902,22050,local_cpu_piper,
1492,target,xlsr_sls_model_v4_kk_spoof:Train/podcasts/03_27_47,v4:kk:Train/podcasts/03_27_47,kk-piper-issai-high-v1,piper_neural_tts,piper_kk_issai_high,ISSAI_KazakhTTS2_M2,,,succeeded,ISSAI_KazakhTTS2_M2,,,1298825593,1,[],raw/v4/xlsr_sls_model_v4_kk_spoof_raw_v1/kk-piper-issai-high-v1/a3/a35bd0b67aa73c461c2ff4d6aebee96edd256621c4fe1541d33a0a644f679072.wav,1313bf8c1b43df4061ae63fde41fc94a6cd276ac61de770f3c2b70f98e5f9aad,2.1710657596371883,22050,local_cpu_piper,
1496,target,xlsr_sls_model_v4_kk_spoof:Train/talkshow/01_55_230,v4:kk:Train/talkshow/01_55_230,kk-piper-issai-high-v1,piper_neural_tts,piper_kk_issai_high,ISSAI_KazakhTTS_M1_Iseke,1,,succeeded,ISSAI_KazakhTTS_M1_Iseke,1,,2001591888,1,[],raw/v4/xlsr_sls_model_v4_kk_spoof_raw_v1/kk-piper-issai-high-v1/45/45d783963390385b8ce7722ffa9d093e28fb6efc0813340292749c11fff56cc7.wav,92a5e59d629d12fdbf1e63326a9aca87cf9aa44e681dcf4968709aa54e3b491d,4.028662131519274,22050,local_cpu_piper,
1500,target,xlsr_sls_model_v4_kk_spoof:Train/podcasts/01_00_292,v4:kk:Train/podcasts/01_00_292,kk-piper-issai-high-v1,piper_neural_tts,piper_kk_issai_high,ISSAI_KazakhTTS2_F3,2,,succeeded,ISSAI_KazakhTTS2_F3,2,,1379070683,1,[],raw/v4/xlsr_sls_model_v4_kk_spoof_raw_v1/kk-piper-issai-high-v1/12/1239c0fd2ca3e7f7f0a691d5fc781c8cdaf46db885b4d8c0cc763c6097ff2910.wav,c704a1d5243519fb9ee325e904131e15ecf1b1626f6c01556650b480f8a1ac7f,5.932698412698413,22050,local_cpu_piper,
1504,target,xlsr_sls_model_v4_kk_spoof:Train/parliament/mazhilis_15_2_257,v4:kk:Train/parliament/mazhilis_15_2_257,kk-piper-issai-high-v1,piper_neural_tts,piper_kk_issai_high,ISSAI_KazakhTTS_F1_Raya,3,,succeeded,ISSAI_KazakhTTS_F1_Raya,3,,361552258,1,[],raw/v4/xlsr_sls_model_v4_kk_spoof_raw_v1/kk-piper-issai-high-v1/b2/b2d52972abf7fee11c22cad7b17de6ea37a09210da9ec616a70d04ae97b5a10d.wav,823b283b38e110966dee7b2004bc0af853d3c6b272a308ae96f5b7f05904acef,6.6525170068027215,22050,local_cpu_piper,
1508,target,xlsr_sls_model_v4_kk_spoof:Train/radio/01_17_71,v4:kk:Train/radio/01_17_71,kk-piper-issai-high-v1,piper_neural_tts,piper_kk_issai_high,ISSAI_KazakhTTS2_F1,4,,succeeded,ISSAI_KazakhTTS2_F1,4,,13104247,1,[],raw/v4/xlsr_sls_model_v4_kk_spoof_raw_v1/kk-piper-issai-high-v1/01/01ffc20b25019f258b92dba14c7973d73263945b183c6ab90bd37d34ff1541e5.wav,ed4cd799e09ca6ee60d8147088e5a789383cb24c9d48ec7147e3e991bde04075,6.8382766439909295,22050,local_cpu_piper,
1512,target,xlsr_sls_model_v4_kk_spoof:Train/tv_news/5fd037e8930f8,v4:kk:Train/tv_news/5fd037e8930f8,kk-piper-issai-high-v1,piper_neural_tts,piper_kk_issai_high,ISSAI_KazakhTTS2_F2,5,,succeeded,ISSAI_KazakhTTS2_F2,5,,203990929,1,[],raw/v4/xlsr_sls_model_v4_kk_spoof_raw_v1/kk-piper-issai-high-v1/89/891c1d02f3206f8b368515f8280757f80a7d6bec1105a31da5493279eb789d34.wav,4469c4a4738b84d3033a3f7a45be6cb39c1a65a4e6e05610ecece0e9759597b6,2.681904761904762,22050,local_cpu_piper,
1516,target,xlsr_sls_model_v4_kk_spoof:Train/talkshow/01_64_083,v4:kk:Train/talkshow/01_64_083,kk-piper-issai-high-v1,piper_neural_tts,piper_kk_issai_high,ISSAI_KazakhTTS2_M2,,,succeeded,ISSAI_KazakhTTS2_M2,,,169538276,1,[],raw/v4/xlsr_sls_model_v4_kk_spoof_raw_v1/kk-piper-issai-high-v1/9f/9f15b7c805c1874b03b0eff3998f9ed23303dd1f396e44a8d981f0f806d1b173.wav,b554d3cd6acf6a9771e9a4c70e0b16a82faac146aadad762387956aefc4d6160,9.02095238095238,22050,local_cpu_piper,
1520,target,xlsr_sls_model_v4_kk_spoof:Train/tv_news/5f71d1a22b00e,v4:kk:Train/tv_news/5f71d1a22b00e,kk-piper-issai-high-v1,piper_neural_tts,piper_kk_issai_high,ISSAI_KazakhTTS_M1_Iseke,1,,succeeded,ISSAI_KazakhTTS_M1_Iseke,1,,2145033035,1,[],raw/v4/xlsr_sls_model_v4_kk_spoof_raw_v1/kk-piper-issai-high-v1/31/3129fba677da4dc92083954075db518e381d02cb8e4134ba0cc0afb333069026.wav,6c3f79824dceafa9c384d88d82af1c80a34252b56220626e5062f200d015c7de,2.670294784580499,22050,local_cpu_piper,
1524,target,xlsr_sls_model_v4_kk_spoof:Train/podcasts/01_03_344,v4:kk:Train/podcasts/01_03_344,kk-piper-issai-high-v1,piper_neural_tts,piper_kk_issai_high,ISSAI_KazakhTTS2_F3,2,,succeeded,ISSAI_KazakhTTS2_F3,2,,1205799537,1,[],raw/v4/xlsr_sls_model_v4_kk_spoof_raw_v1/kk-piper-issai-high-v1/7d/7d9d7d866c2000303c72c230b39382ce8f22daa243fa140eee8da7e157748e91.wav,05f219970f46e9fc45cccfcea024accb1799e14d06b7ad6431afae1ed0355c86,9.32281179138322,22050,local_cpu_piper,
1528,target,xlsr_sls_model_v4_kk_spoof:Train/tv_news/5fe2a5fd2703b,v4:kk:Train/tv_news/5fe2a5fd2703b,kk-piper-issai-high-v1,piper_neural_tts,piper_kk_issai_high,ISSAI_KazakhTTS_F1_Raya,3,,succeeded,ISSAI_KazakhTTS_F1_Raya,3,,1103150338,1,[],raw/v4/xlsr_sls_model_v4_kk_spoof_raw_v1/kk-piper-issai-high-v1/f0/f0132516419e6d4df6b9bce3677c87c8683d0cae05514c827f67fa0bfa5ea95d.wav,aa1fda1b08e1199ebd32233a87c4e71c4bc6dffa4d50309e98b6c4c7713a1b56,6.582857142857143,22050,local_cpu_piper,
1532,target,xlsr_sls_model_v4_kk_spoof:Train/parliament/mazhilis_16_2_256,v4:kk:Train/parliament/mazhilis_16_2_256,kk-piper-issai-high-v1,piper_neural_tts,piper_kk_issai_high,ISSAI_KazakhTTS2_F1,4,,succeeded,ISSAI_KazakhTTS2_F1,4,,1973334362,1,[],raw/v4/xlsr_sls_model_v4_kk_spoof_raw_v1/kk-piper-issai-high-v1/e1/e1f2a08a6ff410cc42714234464ff758b01a6899d9a84f00e0343505b2d7d0eb.wav,19bc00975768b64ce401dfefeb86f46137fb3070e3c4f038b567205a7075d663,2.7631746031746034,22050,local_cpu_piper,
1536,target,xlsr_sls_model_v4_kk_spoof:Train/podcasts/08_09_033,v4:kk:Train/podcasts/08_09_033,kk-piper-issai-high-v1,piper_neural_tts,piper_kk_issai_high,ISSAI_KazakhTTS2_F2,5,,succeeded,ISSAI_KazakhTTS2_F2,5,,1387467535,1,[],raw/v4/xlsr_sls_model_v4_kk_spoof_raw_v1/kk-piper-issai-high-v1/7e/7e480788a4529b250aada92170cd871a03426b1c4d3e4671b2023383c1b7ad68.wav,70d1e576765c0a88c30b49df0edc65fd11fe80c1baac5b6f5473b0ee863a8744,8.045714285714286,22050,local_cpu_piper,
1540,target,xlsr_sls_model_v4_kk_spoof:Train/podcasts/04_09_246,v4:kk:Train/podcasts/04_09_246,kk-piper-issai-high-v1,piper_neural_tts,piper_kk_issai_high,ISSAI_KazakhTTS2_M2,,,succeeded,ISSAI_KazakhTTS2_M2,,,1811198362,1,[],raw/v4/xlsr_sls_model_v4_kk_spoof_raw_v1/kk-piper-issai-high-v1/38/386350b2acf2320bccb07d3b5629c9c520939d6326c48f6278818eff03136155.wav,a7fb16b185281f8023a7bc3e6b81b35be161a90cc4939b2e754e5c30d426f82c,4.179591836734694,22050,local_cpu_piper,
1544,target,xlsr_sls_model_v4_kk_spoof:Train/podcasts/08_04_100,v4:kk:Train/podcasts/08_04_100,kk-piper-issai-high-v1,piper_neural_tts,piper_kk_issai_high,ISSAI_KazakhTTS_M1_Iseke,1,,succeeded,ISSAI_KazakhTTS_M1_Iseke,1,,551045846,1,[],raw/v4/xlsr_sls_model_v4_kk_spoof_raw_v1/kk-piper-issai-high-v1/1f/1f2b99168e9c102fe08ee8a82be5d06798f11cfe0e90897671dfbb5ad895e7c1.wav,de66d474ba188593ed717ca4ddb4ded7b698c45efa6d05139291c3a139a3dafb,5.921088435374149,22050,local_cpu_piper,
1548,target,xlsr_sls_model_v4_kk_spoof:Train/parliament/mazhilis_18_1_090,v4:kk:Train/parliament/mazhilis_18_1_090,kk-piper-issai-high-v1,piper_neural_tts,piper_kk_issai_high,ISSAI_KazakhTTS2_F3,2,,succeeded,ISSAI_KazakhTTS2_F3,2,,2104965813,1,[],raw/v4/xlsr_sls_model_v4_kk_spoof_raw_v1/kk-piper-issai-high-v1/63/634bbf050b465e5b9c39cc127e413827448320006254d05e1f7d6cb4ac7c8b28.wav,ecf6e4f75c92f49bfc6c3bf33a94bab882395ee94e08ab7e948ab250a2e6e611,5.2128798185941045,22050,local_cpu_piper,
1552,target,xlsr_sls_model_v4_kk_spoof:Train/radio/01_58_491,v4:kk:Train/radio/01_58_491,kk-piper-issai-high-v1,piper_neural_tts,piper_kk_issai_high,ISSAI_KazakhTTS_F1_Raya,3,,succeeded,ISSAI_KazakhTTS_F1_Raya,3,,1902244576,1,[],raw/v4/xlsr_sls_model_v4_kk_spoof_raw_v1/kk-piper-issai-high-v1/ae/aeaf0f6591878b802e2f81325e28225f8950a96b1436237afef7e184df8a79ac.wav,3946afd40b6fa6104e70399f36efa165f5e228f468a2d2d2ade34c540e16fc4a,1.7298866213151927,22050,local_cpu_piper,
1556,target,xlsr_sls_model_v4_kk_spoof:Train/talkshow/01_14_195,v4:kk:Train/talkshow/01_14_195,kk-piper-issai-high-v1,piper_neural_tts,piper_kk_issai_high,ISSAI_KazakhTTS2_F1,4,,succeeded,ISSAI_KazakhTTS2_F1,4,,1520593242,1,[],raw/v4/xlsr_sls_model_v4_kk_spoof_raw_v1/kk-piper-issai-high-v1/bc/bc52f712aa07c8f313bc5198c3631a15d7e8666994599a65aa9f26a238be0659.wav,7908301803de83b8645f24fc07e9f01c05eecfa868d7f35c9d853d5bfce66d17,4.2260317460317465,22050,local_cpu_piper,
1560,target,xlsr_sls_model_v4_kk_spoof:Train/parliament/mazhilis_24_223,v4:kk:Train/parliament/mazhilis_24_223,kk-piper-issai-high-v1,piper_neural_tts,piper_kk_issai_high,ISSAI_KazakhTTS2_F2,5,,succeeded,ISSAI_KazakhTTS2_F2,5,,1375268893,1,[],raw/v4/xlsr_sls_model_v4_kk_spoof_raw_v1/kk-piper-issai-high-v1/70/70d2e2ffe64b9ad4376aaea7ae6c2750549fcc4ee82d807286de5df4489d6295.wav,0239e5c0a0f6de0f49c810811a5c18d12070d025538c8be2f5d07a82d42cff82,4.017052154195011,22050,local_cpu_piper,
1564,target,xlsr_sls_model_v4_kk_spoof:Train/parliament/mazhilis_03_414,v4:kk:Train/parliament/mazhilis_03_414,kk-piper-issai-high-v1,piper_neural_tts,piper_kk_issai_high,ISSAI_KazakhTTS2_M2,,,succeeded,ISSAI_KazakhTTS2_M2,,,248213882,1,[],raw/v4/xlsr_sls_model_v4_kk_spoof_raw_v1/kk-piper-issai-high-v1/5b/5bf5bc111364d108cb21624ec70e8edd372132fe313d01f919be49fa9650d6fa.wav,1a86a4557f624a379fcce215c4e9db0325ceee1e269febf3a5eaea5db5be8a28,7.987664399092971,22050,local_cpu_piper,
1568,target,xlsr_sls_model_v4_kk_spoof:Train/tv_news/5f834ed69f4a9,v4:kk:Train/tv_news/5f834ed69f4a9,kk-piper-issai-high-v1,piper_neural_tts,piper_kk_issai_high,ISSAI_KazakhTTS_M1_Iseke,1,,succeeded,ISSAI_KazakhTTS_M1_Iseke,1,,1581464182,1,[],raw/v4/xlsr_sls_model_v4_kk_spoof_raw_v1/kk-piper-issai-high-v1/3d/3d27b64fb653b1ed0067089cf1b69875779ebc1c376d0949f7af6f11da184d29.wav,c1e9edaead0639f2973971d7716fc872b568a93780ce307d01755b41f121b4ff,6.710566893424036,22050,local_cpu_piper,
1572,target,xlsr_sls_model_v4_kk_spoof:Train/radio/01_23_124,v4:kk:Train/radio/01_23_124,kk-piper-issai-high-v1,piper_neural_tts,piper_kk_issai_high,ISSAI_KazakhTTS2_F3,2,,succeeded,ISSAI_KazakhTTS2_F3,2,,1518862173,1,[],raw/v4/xlsr_sls_model_v4_kk_spoof_raw_v1/kk-piper-issai-high-v1/1a/1a90b38a3c9e26b844707aa4eb3e023adff20d104ea13f5dfdd05c691f0ddc41.wav,72112119c600151282644a38ad54767836a3f2eb5e8d6a15176d6e0b24f2cab5,2.1130158730158732,22050,local_cpu_piper,
1576,target,xlsr_sls_model_v4_kk_spoof:Train/talkshow/01_15_210,v4:kk:Train/talkshow/01_15_210,kk-piper-issai-high-v1,piper_neural_tts,piper_kk_issai_high,ISSAI_KazakhTTS_F1_Raya,3,,succeeded,ISSAI_KazakhTTS_F1_Raya,3,,1766530202,1,[],raw/v4/xlsr_sls_model_v4_kk_spoof_raw_v1/kk-piper-issai-high-v1/d9/d912d0e0f089b9cda3e2182facdda2c2bf9a86172ce84c62477c4e1ddf813959.wav,3c714aa05301675d385f808a3721e5a4c73cbed89044ec5c853483fe17e40a2b,8.55655328798186,22050,local_cpu_piper,
1580,target,xlsr_sls_model_v4_kk_spoof:Train/radio/01_82_051,v4:kk:Train/radio/01_82_051,kk-piper-issai-high-v1,piper_neural_tts,piper_kk_issai_high,ISSAI_KazakhTTS2_F1,4,,succeeded,ISSAI_KazakhTTS2_F1,4,,631611315,1,[],raw/v4/xlsr_sls_model_v4_kk_spoof_raw_v1/kk-piper-issai-high-v1/b6/b622efc73890adb69918a6ba7e1416e4da9bc875da7efd178b46b926cdd7d3ee.wav,49cac51124dbfab456833cda97e053483619214173553219c0336f6be5878428,1.6950566893424037,22050,local_cpu_piper,
1584,target,xlsr_sls_model_v4_kk_spoof:Train/tv_news/6006d2854451a,v4:kk:Train/tv_news/6006d2854451a,kk-piper-issai-high-v1,piper_neural_tts,piper_kk_issai_high,ISSAI_KazakhTTS2_F2,5,,succeeded,ISSAI_KazakhTTS2_F2,5,,40094302,1,[],raw/v4/xlsr_sls_model_v4_kk_spoof_raw_v1/kk-piper-issai-high-v1/d7/d7b0462dbdb4a5575952db2d028f2cbb1fb06d20bbd3cd13a010e6c752a05e1f.wav,af348dd9086de307d903df59005836582594b34a6a8cf925fe0db14165d777a7,5.2128798185941045,22050,local_cpu_piper,
1588,target,xlsr_sls_model_v4_kk_spoof:Train/podcasts/01_05_357,v4:kk:Train/podcasts/01_05_357,kk-piper-issai-high-v1,piper_neural_tts,piper_kk_issai_high,ISSAI_KazakhTTS2_M2,,,succeeded,ISSAI_KazakhTTS2_M2,,,1573454672,1,[],raw/v4/xlsr_sls_model_v4_kk_spoof_raw_v1/kk-piper-issai-high-v1/ce/ce9b832b50b0e2f230139fa1ac6798e775ceaed0fb30f221294fa27fdff99525.wav,3abe515675cbae0920ceb6e464f6249b9b7c644e2ef89fc5889a9d15a4a0fa8e,1.6602267573696146,22050,local_cpu_piper,
1592,target,xlsr_sls_model_v4_kk_spoof:Train/radio/01_80_406,v4:kk:Train/radio/01_80_406,kk-piper-issai-high-v1,piper_neural_tts,piper_kk_issai_high,ISSAI_KazakhTTS_M1_Iseke,1,,succeeded,ISSAI_KazakhTTS_M1_Iseke,1,,881988623,1,[],raw/v4/xlsr_sls_model_v4_kk_spoof_raw_v1/kk-piper-issai-high-v1/78/7870182ac6f0f6aeb5ba6e695f5d0e29893de9fd621b58ba266c789b81981ab3.wav,b6ea87e22f5d0be573faa205499d73035c84e9d5b6d62f3579af6818433fe8e2,9.984580498866213,22050,local_cpu_piper,
1596,target,xlsr_sls_model_v4_kk_spoof:Train/radio/01_88_233,v4:kk:Train/radio/01_88_233,kk-piper-issai-high-v1,piper_neural_tts,piper_kk_issai_high,ISSAI_KazakhTTS2_F3,2,,succeeded,ISSAI_KazakhTTS2_F3,2,,453048695,1,[],raw/v4/xlsr_sls_model_v4_kk_spoof_raw_v1/kk-piper-issai-high-v1/46/463b1b86cd4ce2c86480b768b7f21e81405fa4bf1152250b3d9f4b5a922ce9ee.wav,23472f3ea05ec3a081b2142441fb4ce0845e7e705c26089d8c8a6a865dbb958e,3.7035827664399092,22050,local_cpu_piper,
1600,target,xlsr_sls_model_v4_kk_spoof:Train/podcasts/01_00_177,v4:kk:Train/podcasts/01_00_177,kk-piper-issai-high-v1,piper_neural_tts,piper_kk_issai_high,ISSAI_KazakhTTS_F1_Raya,3,,succeeded,ISSAI_KazakhTTS_F1_Raya,3,,1070984393,1,[],raw/v4/xlsr_sls_model_v4_kk_spoof_raw_v1/kk-piper-issai-high-v1/58/58f79c44a8b14d81a59dd5949900ca4f4874b517c417486e16d3f917f7d7caba.wav,a222e1dcc450ec10e2acf4198f2e3c34e5106cd839c7e4cc4980f92639747dc9,3.1346938775510202,22050,local_cpu_piper,
1604,target,xlsr_sls_model_v4_kk_spoof:Train/tv_news/5fa2e86680d73,v4:kk:Train/tv_news/5fa2e86680d73,kk-piper-issai-high-v1,piper_neural_tts,piper_kk_issai_high,ISSAI_KazakhTTS2_F1,4,,succeeded,ISSAI_KazakhTTS2_F1,4,,41910925,1,[],raw/v4/xlsr_sls_model_v4_kk_spoof_raw_v1/kk-piper-issai-high-v1/94/949ada3f2febe324b25b82e948da52d5254964193bd5adfbf5947c8446061d8c.wav,bca38cf9e5685a2d35bcfa4ab381e361a05212bc772212dcaf2c33f2c83a806f,3.5874829931972787,22050,local_cpu_piper,
1608,target,xlsr_sls_model_v4_kk_spoof:Train/talkshow/01_71_096,v4:kk:Train/talkshow/01_71_096,kk-piper-issai-high-v1,piper_neural_tts,piper_kk_issai_high,ISSAI_KazakhTTS2_F2,5,,succeeded,ISSAI_KazakhTTS2_F2,5,,1847556210,1,[],raw/v4/xlsr_sls_model_v4_kk_spoof_raw_v1/kk-piper-issai-high-v1/72/72ed98ea40ef74f91dd2ccb50769b609533389a9ebf7b1b3165595dcb566e502.wav,10ad19102d34812ab6d9c993a4ae256d4bea42d9c8f8b729c633fb1556c39788,8.243083900226758,22050,local_cpu_piper,
1612,target,xlsr_sls_model_v4_kk_spoof:Train/radio/01_14_229,v4:kk:Train/radio/01_14_229,kk-piper-issai-high-v1,piper_neural_tts,piper_kk_issai_high,ISSAI_KazakhTTS2_M2,,,succeeded,ISSAI_KazakhTTS2_M2,,,1522595359,1,[],raw/v4/xlsr_sls_model_v4_kk_spoof_raw_v1/kk-piper-issai-high-v1/da/dade270aaeccf43c43f89ac5c42ea486358c4c53db9528f48bac67360dae3cf2.wav,78826d1520e8e60dc9ad4aed467317303d679421b294233d0196ec37b4c15346,5.793378684807256,22050,local_cpu_piper,
1616,target,xlsr_sls_model_v4_kk_spoof:Train/talkshow/01_14_173,v4:kk:Train/talkshow/01_14_173,kk-piper-issai-high-v1,piper_neural_tts,piper_kk_issai_high,ISSAI_KazakhTTS_M1_Iseke,1,,succeeded,ISSAI_KazakhTTS_M1_Iseke,1,,1242406233,1,[],raw/v4/xlsr_sls_model_v4_kk_spoof_raw_v1/kk-piper-issai-high-v1/4a/4a5fd02e9ffd2e8c302ee7b845765387840fa452579ae901412e938c22bacd2a.wav,194271e797cafdaaeeaf12a4772084ce784955bf3978e4697ad5ebc73e532ad9,6.199727891156463,22050,local_cpu_piper,
1620,target,xlsr_sls_model_v4_kk_spoof:Train/podcasts/01_13_040,v4:kk:Train/podcasts/01_13_040,kk-piper-issai-high-v1,piper_neural_tts,piper_kk_issai_high,ISSAI_KazakhTTS2_F3,2,,succeeded,ISSAI_KazakhTTS2_F3,2,,1113217484,1,[],raw/v4/xlsr_sls_model_v4_kk_spoof_raw_v1/kk-piper-issai-high-v1/dd/dd92265558cf230837acdd4e307de2e675f86ebee04586cc53b1a4b76b7c7575.wav,e43775214a1c794e03539e46c0bfedadcd88c7cc246e301005760f52378b0601,9.09061224489796,22050,local_cpu_piper,
1624,target,xlsr_sls_model_v4_kk_spoof:Train/parliament/senate_15_339,v4:kk:Train/parliament/senate_15_339,kk-piper-issai-high-v1,piper_neural_tts,piper_kk_issai_high,ISSAI_KazakhTTS_F1_Raya,3,,succeeded,ISSAI_KazakhTTS_F1_Raya,3,,380064378,1,[],raw/v4/xlsr_sls_model_v4_kk_spoof_raw_v1/kk-piper-issai-high-v1/2d/2da7f6a9c64382218712a3e2ef7c80f5f0e18c9888188120b3b35efc164879d2.wav,e0cef3bdec6581facb3af415ef5d935e16a59780e70ec9615953c0c323e52b35,10.948208616780045,22050,local_cpu_piper,
1628,target,xlsr_sls_model_v4_kk_spoof:Train/tv_news/5fa2e8fe9ae56,v4:kk:Train/tv_news/5fa2e8fe9ae56,kk-piper-issai-high-v1,piper_neural_tts,piper_kk_issai_high,ISSAI_KazakhTTS2_F1,4,,succeeded,ISSAI_KazakhTTS2_F1,4,,981375139,1,[],raw/v4/xlsr_sls_model_v4_kk_spoof_raw_v1/kk-piper-issai-high-v1/01/01aaa1450154e116c49c72b82e00f94ad1bca7aa0665e0a71759fedf8e9f5328.wav,8b6d6ec370e2600f777fe831e8e4daf3b607c177c1ecaa55b1415a3302a5e304,5.073560090702948,22050,local_cpu_piper,
1632,target,xlsr_sls_model_v4_kk_spoof:Train/radio/01_23_050,v4:kk:Train/radio/01_23_050,kk-piper-issai-high-v1,piper_neural_tts,piper_kk_issai_high,ISSAI_KazakhTTS2_F2,5,,succeeded,ISSAI_KazakhTTS2_F2,5,,162734883,1,[],raw/v4/xlsr_sls_model_v4_kk_spoof_raw_v1/kk-piper-issai-high-v1/31/31f42c5d1112f22059c77813aad1ddcf9b011e4a3c4a75df2e50f1e754523acc.wav,b63d1629eb568ccdb6a896475efd7fb62d0c22b0bc44e795669d3905c27233b7,4.458231292517007,22050,local_cpu_piper,
1636,target,xlsr_sls_model_v4_kk_spoof:Train/parliament/mazhilis_17_2_017,v4:kk:Train/parliament/mazhilis_17_2_017,kk-piper-issai-high-v1,piper_neural_tts,piper_kk_issai_high,ISSAI_KazakhTTS2_M2,,,succeeded,ISSAI_KazakhTTS2_M2,,,711040943,1,[],raw/v4/xlsr_sls_model_v4_kk_spoof_raw_v1/kk-piper-issai-high-v1/65/65156ec178dc7e331d36fb92442209528fef3537aa1a5c5d38e9557090b2ec40.wav,b2bc619fed26e384386bbe4febfef94dd2fdb09dd09ceed8b2e7c55b1e59003f,8.904852607709751,22050,local_cpu_piper,
1640,target,xlsr_sls_model_v4_kk_spoof:Train/tv_news/5f71cff4b5d02,v4:kk:Train/tv_news/5f71cff4b5d02,kk-piper-issai-high-v1,piper_neural_tts,piper_kk_issai_high,ISSAI_KazakhTTS_M1_Iseke,1,,succeeded,ISSAI_KazakhTTS_M1_Iseke,1,,700340307,1,[],raw/v4/xlsr_sls_model_v4_kk_spoof_raw_v1/kk-piper-issai-high-v1/d3/d37c1f343426e5481836b976a871b3a85fe3d1576c4423561bc4b69d8ea5b28d.wav,fb389e0f47e6b1091ea7582aee3b161c09327288d1c95e33f3a2bf2de80b7d19,4.713650793650793,22050,local_cpu_piper,
1644,target,xlsr_sls_model_v4_kk_spoof:Train/radio/01_89_332,v4:kk:Train/radio/01_89_332,kk-piper-issai-high-v1,piper_neural_tts,piper_kk_issai_high,ISSAI_KazakhTTS2_F3,2,,succeeded,ISSAI_KazakhTTS2_F3,2,,1700979809,1,[],raw/v4/xlsr_sls_model_v4_kk_spoof_raw_v1/kk-piper-issai-high-v1/a1/a18490518a30804bd713d6b9698c924384733a94668af7402a7518ab9e3956d9.wav,f78c1d69ab93ee294ee3158051da7fb41cd67f6b05c0fb397bc0b82592047923,3.93578231292517,22050,local_cpu_piper,
1648,target,xlsr_sls_model_v4_kk_spoof:Train/podcasts/03_81_185,v4:kk:Train/podcasts/03_81_185,kk-piper-issai-high-v1,piper_neural_tts,piper_kk_issai_high,ISSAI_KazakhTTS_F1_Raya,3,,succeeded,ISSAI_KazakhTTS_F1_Raya,3,,1466289099,1,[],raw/v4/xlsr_sls_model_v4_kk_spoof_raw_v1/kk-piper-issai-high-v1/cc/ccbc251b2dc75b9b33cfc00d44be9de5c7bc69c6b144e247a4f8768a0012f2ea.wav,95d697820b458a1005b0de7eb8e5084c7f115d9e3294e9d2e34a345f14636617,7.558095238095238,22050,local_cpu_piper,
1652,target,xlsr_sls_model_v4_kk_spoof:Train/parliament/senate_12_174,v4:kk:Train/parliament/senate_12_174,kk-piper-issai-high-v1,piper_neural_tts,piper_kk_issai_high,ISSAI_KazakhTTS2_F1,4,,succeeded,ISSAI_KazakhTTS2_F1,4,,299914729,1,[],raw/v4/xlsr_sls_model_v4_kk_spoof_raw_v1/kk-piper-issai-high-v1/61/61ee1a9652749853c13353f683b4a0f1886dd0f7e6358064e21bf8a71c98474f.wav,26d4226ff7badbcb3e45decf92c46d39fd70de3aa216cf14ce611022c988082b,8.080544217687075,22050,local_cpu_piper,
1656,target,xlsr_sls_model_v4_kk_spoof:Train/tv_news/5f834edf2e210,v4:kk:Train/tv_news/5f834edf2e210,kk-piper-issai-high-v1,piper_neural_tts,piper_kk_issai_high,ISSAI_KazakhTTS2_F2,5,,succeeded,ISSAI_KazakhTTS2_F2,5,,152573997,1,[],raw/v4/xlsr_sls_model_v4_kk_spoof_raw_v1/kk-piper-issai-high-v1/27/27852161a01c3472a9e7e39546e712893f371e4696b44fea8e812fa98332e9d1.wav,b2bc6e1a3a6e9ace771b8e2748889b1a57a69b082bea5169a03f688ab21e0ffa,5.317369614512471,22050,local_cpu_piper,
1660,target,xlsr_sls_model_v4_kk_spoof:Train/talkshow/01_37_011,v4:kk:Train/talkshow/01_37_011,kk-piper-issai-high-v1,piper_neural_tts,piper_kk_issai_high,ISSAI_KazakhTTS2_M2,,,succeeded,ISSAI_KazakhTTS2_M2,,,1528420744,1,[],raw/v4/xlsr_sls_model_v4_kk_spoof_raw_v1/kk-piper-issai-high-v1/c1/c123d97ebb7e57234c63492b13ed97d87d5d0e9b5dfb1e0bd4f22751f3033f7b.wav,c4edbd3c6a68875ca6c651f504cd6c7f67faba28d4e87a684a8912f9fa7502b3,2.8560544217687074,22050,local_cpu_piper,
1664,target,xlsr_sls_model_v4_kk_spoof:Train/talkshow/01_50_178,v4:kk:Train/talkshow/01_50_178,kk-piper-issai-high-v1,piper_neural_tts,piper_kk_issai_high,ISSAI_KazakhTTS_M1_Iseke,1,,succeeded,ISSAI_KazakhTTS_M1_Iseke,1,,1121875232,1,[],raw/v4/xlsr_sls_model_v4_kk_spoof_raw_v1/kk-piper-issai-high-v1/f4/f475e5005216d97e13ca8590a3450cc0940446eee9a9edeabed86ab67c75da24.wav,6b3b6d544a3ae026501b9c318e7f236c07c9f09ad4eee5ed720d7c97d77f64eb,4.516281179138322,22050,local_cpu_piper,
1668,target,xlsr_sls_model_v4_kk_spoof:Train/radio/01_11_305,v4:kk:Train/radio/01_11_305,kk-piper-issai-high-v1,piper_neural_tts,piper_kk_issai_high,ISSAI_KazakhTTS2_F3,2,,succeeded,ISSAI_KazakhTTS2_F3,2,,644917669,1,[],raw/v4/xlsr_sls_model_v4_kk_spoof_raw_v1/kk-piper-issai-high-v1/1b/1b0d12cbadd3b7781c60723622c2311bafc101a5150cb7ae0f4447c882681216.wav,a00d5c16527b4064ea07fcf7b40fcdb9b0cf638185f86eae5e0df4ef6d35d44d,2.1710657596371883,22050,local_cpu_piper,
1672,target,xlsr_sls_model_v4_kk_spoof:Train/tv_news/5f71d1a5265b1,v4:kk:Train/tv_news/5f71d1a5265b1,kk-piper-issai-high-v1,piper_neural_tts,piper_kk_issai_high,ISSAI_KazakhTTS_F1_Raya,3,,succeeded,ISSAI_KazakhTTS_F1_Raya,3,,1657021945,1,[],raw/v4/xlsr_sls_model_v4_kk_spoof_raw_v1/kk-piper-issai-high-v1/b5/b5dec33bdef6c198924bc68e02bcc431a1eac779b61fa52bec334a4159848387.wav,bb3510796922ab5c0e9a07e2a38ec3fc200d8552b8d5109aac48c8605fe900cb,3.5526530612244898,22050,local_cpu_piper,
1676,target,xlsr_sls_model_v4_kk_spoof:Train/tv_news/5f71d0c266e21,v4:kk:Train/tv_news/5f71d0c266e21,kk-piper-issai-high-v1,piper_neural_tts,piper_kk_issai_high,ISSAI_KazakhTTS2_F1,4,,succeeded,ISSAI_KazakhTTS2_F1,4,,1723873023,1,[],raw/v4/xlsr_sls_model_v4_kk_spoof_raw_v1/kk-piper-issai-high-v1/af/af220054a46ae9145186138519d3b0815e72230f895d55843d949cfe895b1b18.wav,22d93c8f121f43bfd4098e800cda707f9593db1b5e12fc588f02db6003fd7c5e,6.2345578231292516,22050,local_cpu_piper,
1680,target,xlsr_sls_model_v4_kk_spoof:Train/tv_news/5f7106e830d58,v4:kk:Train/tv_news/5f7106e830d58,kk-piper-issai-high-v1,piper_neural_tts,piper_kk_issai_high,ISSAI_KazakhTTS2_F2,5,,succeeded,ISSAI_KazakhTTS2_F2,5,,638399021,1,[],raw/v4/xlsr_sls_model_v4_kk_spoof_raw_v1/kk-piper-issai-high-v1/ef/efa9db6a8743282fbe5b340f1ca940573edb73357dc17a718212f969439764ba.wav,b48fc9bd0dc1cf0fa86af2049d0c2c7df85035ede3f05daf53cee047ca9b90b5,1.0100680272108844,22050,local_cpu_piper,
1684,target,xlsr_sls_model_v4_kk_spoof:Train/tv_news/5f71063b50d26,v4:kk:Train/tv_news/5f71063b50d26,kk-piper-issai-high-v1,piper_neural_tts,piper_kk_issai_high,ISSAI_KazakhTTS2_M2,,,succeeded,ISSAI_KazakhTTS2_M2,,,471272843,1,[],raw/v4/xlsr_sls_model_v4_kk_spoof_raw_v1/kk-piper-issai-high-v1/2a/2ab35220d062011b1014270c5203b270e47de94a658c6bdcffebdd15747c98a5.wav,98bb65a83e328eb886d593d19ac28ab7b7afd76811cd50ad280a083cbba417e2,3.564263038548753,22050,local_cpu_piper,
1688,target,xlsr_sls_model_v4_kk_spoof:Train/parliament/senate_23_314,v4:kk:Train/parliament/senate_23_314,kk-piper-issai-high-v1,piper_neural_tts,piper_kk_issai_high,ISSAI_KazakhTTS_M1_Iseke,1,,succeeded,ISSAI_KazakhTTS_M1_Iseke,1,,169792093,1,[],raw/v4/xlsr_sls_model_v4_kk_spoof_raw_v1/kk-piper-issai-high-v1/c4/c4f2e15aebe7ef4eeb826297c9a9abe2fcc569a38a6dc1a1077fc7ee8346b4d6.wav,57ad44d42baca66ac41c93ebb54189eba9c006ff04fb2c3f87e77ba6c307149c,10.89015873015873,22050,local_cpu_piper,
1692,target,xlsr_sls_model_v4_kk_spoof:Train/tv_news/5fa2e8a3c3af1,v4:kk:Train/tv_news/5fa2e8a3c3af1,kk-piper-issai-high-v1,piper_neural_tts,piper_kk_issai_high,ISSAI_KazakhTTS2_F3,2,,succeeded,ISSAI_KazakhTTS2_F3,2,,1267215885,1,[],raw/v4/xlsr_sls_model_v4_kk_spoof_raw_v1/kk-piper-issai-high-v1/38/38bcf75e360216a2938fb503f880137160dfeb009d1ea8a82b537f5022bed9e2.wav,1d072250b755a61284180149e10eb9a164d45484705fafc20357fb1e0b917c4e,3.006984126984127,22050,local_cpu_piper,
1696,target,xlsr_sls_model_v4_kk_spoof:Train/tv_news/5f7103d342c86,v4:kk:Train/tv_news/5f7103d342c86,kk-piper-issai-high-v1,piper_neural_tts,piper_kk_issai_high,ISSAI_KazakhTTS_F1_Raya,3,,succeeded,ISSAI_KazakhTTS_F1_Raya,3,,1984395867,1,[],raw/v4/xlsr_sls_model_v4_kk_spoof_raw_v1/kk-piper-issai-high-v1/c9/c91ccd7c52d38d3ccdeacdea3c139c5cc26833b38af194f3313cddfd11ef3f60.wav,50e7d2719b0f33b4efeca62ff236cf42075df841318ec44999b917d7912d292f,3.3901133786848074,22050,local_cpu_piper,
1700,target,xlsr_sls_model_v4_kk_spoof:Train/podcasts/03_11_28,v4:kk:Train/podcasts/03_11_28,kk-piper-issai-high-v1,piper_neural_tts,piper_kk_issai_high,ISSAI_KazakhTTS2_F1,4,,succeeded,ISSAI_KazakhTTS2_F1,4,,414058761,1,[],raw/v4/xlsr_sls_model_v4_kk_spoof_raw_v1/kk-piper-issai-high-v1/94/9432d4cb54a789b95e70fd158ad9c93bc01af854885452421384d952e1d011d9.wav,52574f18e492b9318855210694c74afa6cf3fb7196903dac7113f435716a90ba,2.0549659863945577,22050,local_cpu_piper,
1704,target,xlsr_sls_model_v4_kk_spoof:Train/podcasts/03_44_242,v4:kk:Train/podcasts/03_44_242,kk-piper-issai-high-v1,piper_neural_tts,piper_kk_issai_high,ISSAI_KazakhTTS2_F2,5,,succeeded,ISSAI_KazakhTTS2_F2,5,,1816601431,1,[],raw/v4/xlsr_sls_model_v4_kk_spoof_raw_v1/kk-piper-issai-high-v1/ed/eddae73267a0f2ac640d60841aeae547784d598e014f15be787365c942bd8728.wav,7b4e66933c13e8eb9a0c503df80c2be99f38ab77f10889461168b1c53bf4c713,2.5658049886621317,22050,local_cpu_piper,
1708,target,xlsr_sls_model_v4_kk_spoof:Train/podcasts/03_51_08,v4:kk:Train/podcasts/03_51_08,kk-piper-issai-high-v1,piper_neural_tts,piper_kk_issai_high,ISSAI_KazakhTTS2_M2,,,succeeded,ISSAI_KazakhTTS2_M2,,,1159031391,1,[],raw/v4/xlsr_sls_model_v4_kk_spoof_raw_v1/kk-piper-issai-high-v1/b4/b4a0f1a5cbf1578005abde07fdf85dfec076ca1ade5f39326dd7e5b441fd7aa0.wav,176cc5652802b7780375d0c8fd863d52b03b95a84a82349eb4181916e87c4d0e,3.959002267573696,22050,local_cpu_piper,
1712,target,xlsr_sls_model_v4_kk_spoof:Train/parliament/mazhilis_15_1_421,v4:kk:Train/parliament/mazhilis_15_1_421,kk-piper-issai-high-v1,piper_neural_tts,piper_kk_issai_high,ISSAI_KazakhTTS_M1_Iseke,1,,succeeded,ISSAI_KazakhTTS_M1_Iseke,1,,781546273,1,[],raw/v4/xlsr_sls_model_v4_kk_spoof_raw_v1/kk-piper-issai-high-v1/5f/5f013c66aa56d10bfe0fa9ffcae40d234c1f26c634ec37b12c7fd9391153eed9.wav,d3661d6620b91c2310354147321f59ae58104576338bd74771515e276255a511,14.222222222222221,22050,local_cpu_piper,
1716,target,xlsr_sls_model_v4_kk_spoof:Train/radio/01_71_355,v4:kk:Train/radio/01_71_355,kk-piper-issai-high-v1,piper_neural_tts,piper_kk_issai_high,ISSAI_KazakhTTS2_F3,2,,succeeded,ISSAI_KazakhTTS2_F3,2,,2135347627,1,[],raw/v4/xlsr_sls_model_v4_kk_spoof_raw_v1/kk-piper-issai-high-v1/c6/c65aa8e56ad91ebb4d36e7658ef8f53a60e29d0cfa5d6715e41f18f0b6eda90a.wav,5104a74990b845ce7fd26159b56b6432172f4f1d8cd0d05c67cc85bf4e44db4c,4.121541950113379,22050,local_cpu_piper,
1720,target,xlsr_sls_model_v4_kk_spoof:Train/parliament/senate_23_398,v4:kk:Train/parliament/senate_23_398,kk-piper-issai-high-v1,piper_neural_tts,piper_kk_issai_high,ISSAI_KazakhTTS_F1_Raya,3,,succeeded,ISSAI_KazakhTTS_F1_Raya,3,,1270626053,1,[],raw/v4/xlsr_sls_model_v4_kk_spoof_raw_v1/kk-piper-issai-high-v1/b2/b2092ab242775b37494859397375c1eda12b59e16664a37593dfcbbdd7fb6b8f.wav,193d5935c42099407890f34991200bd902a4b0cc38146dd08b91c20dc3af9117,10.065850340136054,22050,local_cpu_piper,
1724,target,xlsr_sls_model_v4_kk_spoof:Train/talkshow/01_41_086,v4:kk:Train/talkshow/01_41_086,kk-piper-issai-high-v1,piper_neural_tts,piper_kk_issai_high,ISSAI_KazakhTTS2_F1,4,,succeeded,ISSAI_KazakhTTS2_F1,4,,87135956,1,[],raw/v4/xlsr_sls_model_v4_kk_spoof_raw_v1/kk-piper-issai-high-v1/21/218581decf62437aeda0dfaa4bc11535f86e8fd13d1c190ffbffbe922e84f75e.wav,7b990e43298b432ab10a2531dcb5b769206d0e938ab4d8e01c6e6994019b352c,4.9458503401360545,22050,local_cpu_piper,
1728,target,xlsr_sls_model_v4_kk_spoof:Train/tv_news/6006d2ac19a6c,v4:kk:Train/tv_news/6006d2ac19a6c,kk-piper-issai-high-v1,piper_neural_tts,piper_kk_issai_high,ISSAI_KazakhTTS2_F2,5,,succeeded,ISSAI_KazakhTTS2_F2,5,,221303700,1,[],raw/v4/xlsr_sls_model_v4_kk_spoof_raw_v1/kk-piper-issai-high-v1/a9/a9ce490e78b3416f80dd7c54a96b1fb170a74fd816363bbd4ce3b21c479ae1d3.wav,d5d264a9942255f02bf0221b4d2aab503aa3a7a8cc3d26e837f5adeecae0b2b9,3.633922902494331,22050,local_cpu_piper,
1732,target,xlsr_sls_model_v4_kk_spoof:Train/tv_news/5f71cf44273bb,v4:kk:Train/tv_news/5f71cf44273bb,kk-piper-issai-high-v1,piper_neural_tts,piper_kk_issai_high,ISSAI_KazakhTTS2_M2,,,succeeded,ISSAI_KazakhTTS2_M2,,,587345269,1,[],raw/v4/xlsr_sls_model_v4_kk_spoof_raw_v1/kk-piper-issai-high-v1/f3/f313c9205d5fccdfb5198bc901fa29d33f336441d156add80a2b3b6153011c35.wav,8b10e480c490836f56d52f6ee9288dadc58472ebea6c4f522bc92cd832ef4ad1,7.534875283446712,22050,local_cpu_piper,
1736,target,xlsr_sls_model_v4_kk_spoof:Train/radio/01_07_265,v4:kk:Train/radio/01_07_265,kk-piper-issai-high-v1,piper_neural_tts,piper_kk_issai_high,ISSAI_KazakhTTS_M1_Iseke,1,,succeeded,ISSAI_KazakhTTS_M1_Iseke,1,,336398121,1,[],raw/v4/xlsr_sls_model_v4_kk_spoof_raw_v1/kk-piper-issai-high-v1/42/4227a3088ab05830c42f237bf1abade58dc786eb1bff8a7ebda6f72ce286e8a5.wav,b07088a46681ad880e6f5b90810a27891bac4b00aa30da9cb71fa293a81ed82e,3.6919727891156464,22050,local_cpu_piper,
1740,target,xlsr_sls_model_v4_kk_spoof:Train/tv_news/5fa2e843eb1e3,v4:kk:Train/tv_news/5fa2e843eb1e3,kk-piper-issai-high-v1,piper_neural_tts,piper_kk_issai_high,ISSAI_KazakhTTS2_F3,2,,succeeded,ISSAI_KazakhTTS2_F3,2,,349011975,1,[],raw/v4/xlsr_sls_model_v4_kk_spoof_raw_v1/kk-piper-issai-high-v1/20/201c8edf2c8f31d8db5f9cc11cdfc0c681be06ceb7391da1d4cb32f6e7d22373.wav,6affd838910b49c3f7a3d95a2f1920efb77ae366aa253461e6d3e8453313b694,2.705124716553288,22050,local_cpu_piper,
1744,target,xlsr_sls_model_v4_kk_spoof:Train/tv_news/5f71cedd45eab,v4:kk:Train/tv_news/5f71cedd45eab,kk-piper-issai-high-v1,piper_neural_tts,piper_kk_issai_high,ISSAI_KazakhTTS_F1_Raya,3,,succeeded,ISSAI_KazakhTTS_F1_Raya,3,,2062424666,1,[],raw/v4/xlsr_sls_model_v4_kk_spoof_raw_v1/kk-piper-issai-high-v1/3e/3e5eb065c5e88ed1bb34098083257dbf1ba7d465c282ef2dd74ca592e6399b91.wav,857ab3253044a008dc3afc9368f8c0e538d75919d9882881e862a80cdf71f145,7.685804988662132,22050,local_cpu_piper,
1748,target,xlsr_sls_model_v4_kk_spoof:Train/talkshow/01_14_056,v4:kk:Train/talkshow/01_14_056,kk-piper-issai-high-v1,piper_neural_tts,piper_kk_issai_high,ISSAI_KazakhTTS2_F1,4,,succeeded,ISSAI_KazakhTTS2_F1,4,,1172983654,1,[],raw/v4/xlsr_sls_model_v4_kk_spoof_raw_v1/kk-piper-issai-high-v1/86/862956f82eeba39166ea7bff0662deb943ce6a275780b6daa2195701a3fb90e6.wav,528ae468fde5381bb74325c69ef8d52419d149757fc78f67b2b6c18681144d2f,2.36843537414966,22050,local_cpu_piper,
1752,target,xlsr_sls_model_v4_kk_spoof:Train/podcasts/03_31_095,v4:kk:Train/podcasts/03_31_095,kk-piper-issai-high-v1,piper_neural_tts,piper_kk_issai_high,ISSAI_KazakhTTS2_F2,5,,succeeded,ISSAI_KazakhTTS2_F2,5,,1140719554,1,[],raw/v4/xlsr_sls_model_v4_kk_spoof_raw_v1/kk-piper-issai-high-v1/f6/f670f5fa4a1236d197f338df3c920694d8f2c2d984de6cdb43e5812a437423b9.wav,4b932bbc7705567b915e33ef3b0888c5937a4d6540d748bf76ae72bec44bcfed,1.1377777777777778,22050,local_cpu_piper,
1756,target,xlsr_sls_model_v4_kk_spoof:Train/podcasts/01_05_011,v4:kk:Train/podcasts/01_05_011,kk-piper-issai-high-v1,piper_neural_tts,piper_kk_issai_high,ISSAI_KazakhTTS2_M2,,,succeeded,ISSAI_KazakhTTS2_M2,,,714827970,1,[],raw/v4/xlsr_sls_model_v4_kk_spoof_raw_v1/kk-piper-issai-high-v1/b1/b1630fa9eea9c3027a487b0bc91c158271c2f26439231a53ea78954c8bd5cfe5.wav,64254e0697a075961b16b16c4910700938a07449019a10687e92a025295874db,4.911020408163266,22050,local_cpu_piper,
1760,target,xlsr_sls_model_v4_kk_spoof:Train/radio/01_35_020,v4:kk:Train/radio/01_35_020,kk-piper-issai-high-v1,piper_neural_tts,piper_kk_issai_high,ISSAI_KazakhTTS_M1_Iseke,1,,succeeded,ISSAI_KazakhTTS_M1_Iseke,1,,771792770,1,[],raw/v4/xlsr_sls_model_v4_kk_spoof_raw_v1/kk-piper-issai-high-v1/e0/e0db642b6b725ec209a7448ac1799060c53323e47579c1c2099ed4058448819d.wav,95b6e87f5806c91ebfe1aed82426d2d2b73c7d30d09332754351518be16863db,2.1942857142857144,22050,local_cpu_piper,
1764,target,xlsr_sls_model_v4_kk_spoof:Train/parliament/senate_12_311,v4:kk:Train/parliament/senate_12_311,kk-piper-issai-high-v1,piper_neural_tts,piper_kk_issai_high,ISSAI_KazakhTTS2_F3,2,,succeeded,ISSAI_KazakhTTS2_F3,2,,2009407646,1,[],raw/v4/xlsr_sls_model_v4_kk_spoof_raw_v1/kk-piper-issai-high-v1/39/39f493ca14fdf63cbcb5215653c0a14691df03ac083710475b3515469a2fa52d.wav,7933bda3e085539635075b50e4146f008195134cce6b8d92dd65e072cb824c43,6.106848072562358,22050,local_cpu_piper,
1768,target,xlsr_sls_model_v4_kk_spoof:Train/podcasts/01_03_620,v4:kk:Train/podcasts/01_03_620,kk-piper-issai-high-v1,piper_neural_tts,piper_kk_issai_high,ISSAI_KazakhTTS_F1_Raya,3,,succeeded,ISSAI_KazakhTTS_F1_Raya,3,,244606433,1,[],raw/v4/xlsr_sls_model_v4_kk_spoof_raw_v1/kk-piper-issai-high-v1/aa/aad0b74ffff3c60de2b62d81e476a440db1e47cfed6966031b5692bf2115ab98.wav,1e6ffe99d0293b7faf6a18568577ed907a8d0973935e7da72f6a3134e9496781,2.5658049886621317,22050,local_cpu_piper,
1772,target,xlsr_sls_model_v4_kk_spoof:Train/tv_news/5f834db28a12a,v4:kk:Train/tv_news/5f834db28a12a,kk-piper-issai-high-v1,piper_neural_tts,piper_kk_issai_high,ISSAI_KazakhTTS2_F1,4,,succeeded,ISSAI_KazakhTTS2_F1,4,,1654376310,1,[],raw/v4/xlsr_sls_model_v4_kk_spoof_raw_v1/kk-piper-issai-high-v1/6d/6d9f02f3d33c53999a6ae16fb336d588d7b0f996ac70bc5aac4727aa33aeb2e1.wav,090c81b465353d7c34011009543f182e34830c000523008bc6c849d08def27ef,2.9024943310657596,22050,local_cpu_piper,
1776,target,xlsr_sls_model_v4_kk_spoof:Train/talkshow/01_77_247,v4:kk:Train/talkshow/01_77_247,kk-piper-issai-high-v1,piper_neural_tts,piper_kk_issai_high,ISSAI_KazakhTTS2_F2,5,,succeeded,ISSAI_KazakhTTS2_F2,5,,200034588,1,[],raw/v4/xlsr_sls_model_v4_kk_spoof_raw_v1/kk-piper-issai-high-v1/34/340d9d4630ef6422e30458476c89f600b350032e5a786663acce7a173b81c128.wav,8ea4a5f46ecb36c386b897e907161a0b3ee6db5435eaa2e2c93c9c417be68e10,6.791836734693877,22050,local_cpu_piper,
1780,target,xlsr_sls_model_v4_kk_spoof:Train/parliament/mazhilis_16_1_027,v4:kk:Train/parliament/mazhilis_16_1_027,kk-piper-issai-high-v1,piper_neural_tts,piper_kk_issai_high,ISSAI_KazakhTTS2_M2,,,succeeded,ISSAI_KazakhTTS2_M2,,,994949046,1,[],raw/v4/xlsr_sls_model_v4_kk_spoof_raw_v1/kk-piper-issai-high-v1/8d/8d2d52837f72a516144ebf81e5ef3e446e16bba3e92487552a349ac5102bf36c.wav,393e8b42e2a7842fb05dcdc000a703262dfeb66f8ad3c14745f8fc88b6eb3d9a,7.244625850340136,22050,local_cpu_piper,
1784,target,xlsr_sls_model_v4_kk_spoof:Train/talkshow/01_23_229,v4:kk:Train/talkshow/01_23_229,kk-piper-issai-high-v1,piper_neural_tts,piper_kk_issai_high,ISSAI_KazakhTTS_M1_Iseke,1,,succeeded,ISSAI_KazakhTTS_M1_Iseke,1,,1227053870,1,[],raw/v4/xlsr_sls_model_v4_kk_spoof_raw_v1/kk-piper-issai-high-v1/da/da3d07b289003283824408d9d098bce0ba57f9af8281ea7ab73066faddad03f2.wav,ba6bc5231fc24668b9fcb7616a8153781dcc0eb2ea075cebe378a541e4724db1,2.7631746031746034,22050,local_cpu_piper,
1788,target,xlsr_sls_model_v4_kk_spoof:Train/talkshow/01_62_435,v4:kk:Train/talkshow/01_62_435,kk-piper-issai-high-v1,piper_neural_tts,piper_kk_issai_high,ISSAI_KazakhTTS2_F3,2,,succeeded,ISSAI_KazakhTTS2_F3,2,,1607401116,1,[],raw/v4/xlsr_sls_model_v4_kk_spoof_raw_v1/kk-piper-issai-high-v1/a6/a6afa630ff4f36f817af87ec82800055ced6175c22ca2e826385682297685d21.wav,1e9a3c21f645fd6af821e4f95353f0d7e7ee6d1f42b4afe1442af5b50393c4cd,3.982222222222222,22050,local_cpu_piper,
1792,target,xlsr_sls_model_v4_kk_spoof:Train/talkshow/01_51_554,v4:kk:Train/talkshow/01_51_554,kk-piper-issai-high-v1,piper_neural_tts,piper_kk_issai_high,ISSAI_KazakhTTS_F1_Raya,3,,succeeded,ISSAI_KazakhTTS_F1_Raya,3,,1143556755,1,[],raw/v4/xlsr_sls_model_v4_kk_spoof_raw_v1/kk-piper-issai-high-v1/4b/4bf90ea60bc93beda34e0fdd162b31368b2961b016a6473f18eafb62ed3909fa.wav,6b9de8d8cbfcc770bf9dda5c53ceb09a6dac9ee4d9ab488ffb225dd8bebe71e1,3.6687528344671203,22050,local_cpu_piper,
1796,target,xlsr_sls_model_v4_kk_spoof:Train/tv_news/5f834d8ec4b02,v4:kk:Train/tv_news/5f834d8ec4b02,kk-piper-issai-high-v1,piper_neural_tts,piper_kk_issai_high,ISSAI_KazakhTTS2_F1,4,,succeeded,ISSAI_KazakhTTS2_F1,4,,1043689670,1,[],raw/v4/xlsr_sls_model_v4_kk_spoof_raw_v1/kk-piper-issai-high-v1/9d/9df57fda2fec20e56970d8375f8785438dbfd907e0647c67d4bd7f4b6402cefd.wav,699506e0843f42747d83c43c0c2ed11b364838502cce746200f0a3ef27cc27ac,1.799546485260771,22050,local_cpu_piper,
1800,target,xlsr_sls_model_v4_kk_spoof:Train/parliament/mazhilis_11_483,v4:kk:Train/parliament/mazhilis_11_483,kk-piper-issai-high-v1,piper_neural_tts,piper_kk_issai_high,ISSAI_KazakhTTS2_F2,5,,succeeded,ISSAI_KazakhTTS2_F2,5,,871345465,1,[],raw/v4/xlsr_sls_model_v4_kk_spoof_raw_v1/kk-piper-issai-high-v1/be/be8269dd7db77494aa8f3b39f72c6ccc437fb596fd7bed87cdc1750051c94de1.wav,cc299502b41bafa37f6e376ffc19888e296bfd68c02617f10695d75a4b99861e,2.9373242630385485,22050,local_cpu_piper,
1804,target,xlsr_sls_model_v4_kk_spoof:Train/parliament/senate_19_927,v4:kk:Train/parliament/senate_19_927,kk-piper-issai-high-v1,piper_neural_tts,piper_kk_issai_high,ISSAI_KazakhTTS2_M2,,,succeeded,ISSAI_KazakhTTS2_M2,,,833822354,1,[],raw/v4/xlsr_sls_model_v4_kk_spoof_raw_v1/kk-piper-issai-high-v1/3d/3d73edb9ea4d65cb13a155feb3234ff741b7ec069bb5b0e1cb38db6159fc3635.wav,f9f27d1e6240c3864964ec098ce4c9ff7dc17b425a19be8c29cd203f4f8d3961,11.435827664399094,22050,local_cpu_piper,
1808,target,xlsr_sls_model_v4_kk_spoof:Train/tv_news/5f71d026ee48b,v4:kk:Train/tv_news/5f71d026ee48b,kk-piper-issai-high-v1,piper_neural_tts,piper_kk_issai_high,ISSAI_KazakhTTS_M1_Iseke,1,,succeeded,ISSAI_KazakhTTS_M1_Iseke,1,,337871091,1,[],raw/v4/xlsr_sls_model_v4_kk_spoof_raw_v1/kk-piper-issai-high-v1/65/65633d467004660d12ca336baa0bd3972338f325ad470bd885a4ac30017f1784.wav,155303eee071500c0e7e1e90c2fae7e74c35c84019fdbf3be757fc8b0cb61eb1,5.526349206349207,22050,local_cpu_piper,
1812,target,xlsr_sls_model_v4_kk_spoof:Train/tv_news/5fd037e6db194,v4:kk:Train/tv_news/5fd037e6db194,kk-piper-issai-high-v1,piper_neural_tts,piper_kk_issai_high,ISSAI_KazakhTTS2_F3,2,,succeeded,ISSAI_KazakhTTS2_F3,2,,657390889,1,[],raw/v4/xlsr_sls_model_v4_kk_spoof_raw_v1/kk-piper-issai-high-v1/52/5227056fed024cc8f29d603344af87f93543cbba282ee2d449e393168c6ec8be.wav,881492fbe770087501a6686c91d1e01e7ffc6f2fd18f3529adb86409b6b45347,2.9024943310657596,22050,local_cpu_piper,
1816,target,xlsr_sls_model_v4_kk_spoof:Train/radio/01_21_117,v4:kk:Train/radio/01_21_117,kk-piper-issai-high-v1,piper_neural_tts,piper_kk_issai_high,ISSAI_KazakhTTS_F1_Raya,3,,succeeded,ISSAI_KazakhTTS_F1_Raya,3,,619563170,1,[],raw/v4/xlsr_sls_model_v4_kk_spoof_raw_v1/kk-piper-issai-high-v1/32/327a0e84be3ee7f8a9dbf7437a207348510cf7c6b6351e7919be21464e8c4ee7.wav,bc12e9f320a61e423ec58afdf025afb2ff8850c410af5898921c0b8f97a194e1,1.6834467120181407,22050,local_cpu_piper,
1820,target,xlsr_sls_model_v4_kk_spoof:Train/podcasts/06_06_335,v4:kk:Train/podcasts/06_06_335,kk-piper-issai-high-v1,piper_neural_tts,piper_kk_issai_high,ISSAI_KazakhTTS2_F1,4,,succeeded,ISSAI_KazakhTTS2_F1,4,,596098004,1,[],raw/v4/xlsr_sls_model_v4_kk_spoof_raw_v1/kk-piper-issai-high-v1/de/dede950ef5432e1d5a00dcc4003cbeefd8bdf346c5eb3c99f2b465e2636635be.wav,d97fb6679030f1c1cb7e5849479afb73844ef5361f7996811082de31076811ea,1.7182766439909296,22050,local_cpu_piper,
1824,target,xlsr_sls_model_v4_kk_spoof:Train/talkshow/01_16_082,v4:kk:Train/talkshow/01_16_082,kk-piper-issai-high-v1,piper_neural_tts,piper_kk_issai_high,ISSAI_KazakhTTS2_F2,5,,succeeded,ISSAI_KazakhTTS2_F2,5,,98589481,1,[],raw/v4/xlsr_sls_model_v4_kk_spoof_raw_v1/kk-piper-issai-high-v1/a5/a567cf1137d580253ad5d897748c245427ec54a9933d5bb61fe2c4b7650682eb.wav,38980309975f166daf0438c1e61421d5ce85e3a1d3c78d6d4b767396d274e95a,6.1184580498866215,22050,local_cpu_piper,
1828,target,xlsr_sls_model_v4_kk_spoof:Train/tv_news/5fd037ca1d67d,v4:kk:Train/tv_news/5fd037ca1d67d,kk-piper-issai-high-v1,piper_neural_tts,piper_kk_issai_high,ISSAI_KazakhTTS2_M2,,,succeeded,ISSAI_KazakhTTS2_M2,,,865645043,1,[],raw/v4/xlsr_sls_model_v4_kk_spoof_raw_v1/kk-piper-issai-high-v1/1c/1c3ee0b860d9dddfd635f8db4f1ba3bddb4d1882ddfedd08c51c2748867ae034.wav,d32d2ed326da4b4074c404e5f3a883ebf526a010f9ae46b58de8f1c7eeb488f9,2.1130158730158732,22050,local_cpu_piper,
1832,target,xlsr_sls_model_v4_kk_spoof:Train/radio/01_21_362,v4:kk:Train/radio/01_21_362,kk-piper-issai-high-v1,piper_neural_tts,piper_kk_issai_high,ISSAI_KazakhTTS_M1_Iseke,1,,succeeded,ISSAI_KazakhTTS_M1_Iseke,1,,1607548948,1,[],raw/v4/xlsr_sls_model_v4_kk_spoof_raw_v1/kk-piper-issai-high-v1/37/37c28e089c9567bf56565a85fc1f251875d50ac11cfd57569f19c3706e5e5819.wav,0b961f2448001b38c27f94639b4ba8f5f21c4433544680135efaab53c62437e3,3.7268027210884354,22050,local_cpu_piper,
1836,target,xlsr_sls_model_v4_kk_spoof:Train/talkshow/01_79_305,v4:kk:Train/talkshow/01_79_305,kk-piper-issai-high-v1,piper_neural_tts,piper_kk_issai_high,ISSAI_KazakhTTS2_F3,2,,succeeded,ISSAI_KazakhTTS2_F3,2,,1183232769,1,[],raw/v4/xlsr_sls_model_v4_kk_spoof_raw_v1/kk-piper-issai-high-v1/63/63733763363f1103061514513c5ece46034f9ba164f6a4a762da9a482851b7d6.wav,dcca7047bf5661d7b5935d480948b3863a79eadad7b8f3bd5ef11d05e3c84d4a,3.1579138321995464,22050,local_cpu_piper,
1840,target,xlsr_sls_model_v4_kk_spoof:Train/talkshow/01_15_237,v4:kk:Train/talkshow/01_15_237,kk-piper-issai-high-v1,piper_neural_tts,piper_kk_issai_high,ISSAI_KazakhTTS_F1_Raya,3,,succeeded,ISSAI_KazakhTTS_F1_Raya,3,,1479187650,1,[],raw/v4/xlsr_sls_model_v4_kk_spoof_raw_v1/kk-piper-issai-high-v1/db/db6877da6664bccde8485ae8abdb52750870d3ff2424e731a220ff4ea721ca53.wav,407880ab6f555df400c57df1736bae31bfab55881e549365c2bb4db78db5e3ad,4.725260770975057,22050,local_cpu_piper,
1844,target,xlsr_sls_model_v4_kk_spoof:Train/tv_news/5fe2a719ddf11,v4:kk:Train/tv_news/5fe2a719ddf11,kk-piper-issai-high-v1,piper_neural_tts,piper_kk_issai_high,ISSAI_KazakhTTS2_F1,4,,succeeded,ISSAI_KazakhTTS2_F1,4,,1369232366,1,[],raw/v4/xlsr_sls_model_v4_kk_spoof_raw_v1/kk-piper-issai-high-v1/a9/a9e76a594093442e379cd634c281c416990d71cf8bbe06d6a97b86e3b7ed0c54.wav,db577ada9a60c4397d28b41a906210728ebe8b6539f442590917b2ae403e27f5,4.957460317460318,22050,local_cpu_piper,
1848,target,xlsr_sls_model_v4_kk_spoof:Train/tv_news/5fd0852060ed2,v4:kk:Train/tv_news/5fd0852060ed2,kk-piper-issai-high-v1,piper_neural_tts,piper_kk_issai_high,ISSAI_KazakhTTS2_F2,5,,succeeded,ISSAI_KazakhTTS2_F2,5,,92392460,1,[],raw/v4/xlsr_sls_model_v4_kk_spoof_raw_v1/kk-piper-issai-high-v1/35/3599ccd4635c9a7b9c4a33933294a5bf227475754f6d961516e24f4bb125e469.wav,d3f0015c32d2800e878b757310bcf1d23802bc8a8fb932c2d38d2c417a1f47d2,2.3568253968253967,22050,local_cpu_piper,
1852,target,xlsr_sls_model_v4_kk_spoof:Train/tv_news/5fa2e7911d719,v4:kk:Train/tv_news/5fa2e7911d719,kk-piper-issai-high-v1,piper_neural_tts,piper_kk_issai_high,ISSAI_KazakhTTS2_M2,,,succeeded,ISSAI_KazakhTTS2_M2,,,741453883,1,[],raw/v4/xlsr_sls_model_v4_kk_spoof_raw_v1/kk-piper-issai-high-v1/99/99ba29336baa80e145ce556fac17b648a7fedb9cb59c2e00b9ba9f54c1fb65e9.wav,f4c7ad218e4f6406b1cd535e52534ac8b775698e5192b9af992c996185d854c5,4.551111111111111,22050,local_cpu_piper,
1856,target,xlsr_sls_model_v4_kk_spoof:Train/talkshow/01_91_437,v4:kk:Train/talkshow/01_91_437,kk-piper-issai-high-v1,piper_neural_tts,piper_kk_issai_high,ISSAI_KazakhTTS_M1_Iseke,1,,succeeded,ISSAI_KazakhTTS_M1_Iseke,1,,2071466448,1,[],raw/v4/xlsr_sls_model_v4_kk_spoof_raw_v1/kk-piper-issai-high-v1/83/836db6be7a57c049b1648ce9085361d4a1fd6898fe5e250847224b6983c6c7e4.wav,52f5694a5ae40978c2fac98080b8b1b91ada6783879230acfee9326fa9aa6b01,4.934240362811791,22050,local_cpu_piper,
1860,target,xlsr_sls_model_v4_kk_spoof:Train/parliament/mazhilis_13_457,v4:kk:Train/parliament/mazhilis_13_457,kk-piper-issai-high-v1,piper_neural_tts,piper_kk_issai_high,ISSAI_KazakhTTS2_F3,2,,succeeded,ISSAI_KazakhTTS2_F3,2,,2123034119,1,[],raw/v4/xlsr_sls_model_v4_kk_spoof_raw_v1/kk-piper-issai-high-v1/eb/ebb79b75c116b7ad86df74c8c587d4731d9d198178133c2695823fd879555f06.wav,07e309a5aa5ddf3201872a8aa95ced7ce129d7efd9d83a9540f6635789d97652,4.307301587301588,22050,local_cpu_piper,
1864,target,xlsr_sls_model_v4_kk_spoof:Train/podcasts/04_03_128,v4:kk:Train/podcasts/04_03_128,kk-piper-issai-high-v1,piper_neural_tts,piper_kk_issai_high,ISSAI_KazakhTTS_F1_Raya,3,,succeeded,ISSAI_KazakhTTS_F1_Raya,3,,869084693,1,[],raw/v4/xlsr_sls_model_v4_kk_spoof_raw_v1/kk-piper-issai-high-v1/e8/e846f1e5852f4deb6403cc8b53da8a189d9b4e45140a214a07849ac6bdb1da35.wav,f239de89dca586c258e05384bc1afe9c20ec39ca702da175d42b16f14f7237f5,5.282539682539682,22050,local_cpu_piper,
1868,target,xlsr_sls_model_v4_kk_spoof:Train/tv_news/5f71d1a7ebad3,v4:kk:Train/tv_news/5f71d1a7ebad3,kk-piper-issai-high-v1,piper_neural_tts,piper_kk_issai_high,ISSAI_KazakhTTS2_F1,4,,succeeded,ISSAI_KazakhTTS2_F1,4,,1739431709,1,[],raw/v4/xlsr_sls_model_v4_kk_spoof_raw_v1/kk-piper-issai-high-v1/a3/a3618cc038413caf3d19ba758053890ae4858af4333356f7a01cea7ff920ba32.wav,b6c0dbb8950bf57a3087d5969946900566fb67a333f085acc8769ffbbb4ca252,6.5712471655328795,22050,local_cpu_piper,
1872,target,xlsr_sls_model_v4_kk_spoof:Train/podcasts/04_00_045,v4:kk:Train/podcasts/04_00_045,kk-piper-issai-high-v1,piper_neural_tts,piper_kk_issai_high,ISSAI_KazakhTTS2_F2,5,,succeeded,ISSAI_KazakhTTS2_F2,5,,838271464,1,[],raw/v4/xlsr_sls_model_v4_kk_spoof_raw_v1/kk-piper-issai-high-v1/d4/d43c7831f520a236ad2913b00bb091480594e632e64aff1cfd4fd7c6b42416c4.wav,b59ba84ed4da39a88975ecf64ddcd201e58d248955d836c05905ab3c4c1a31e4,2.6586848072562357,22050,local_cpu_piper,
1876,target,xlsr_sls_model_v4_kk_spoof:Train/tv_news/5fd037bab5609,v4:kk:Train/tv_news/5fd037bab5609,kk-piper-issai-high-v1,piper_neural_tts,piper_kk_issai_high,ISSAI_KazakhTTS2_M2,,,succeeded,ISSAI_KazakhTTS2_M2,,,172607251,1,[],raw/v4/xlsr_sls_model_v4_kk_spoof_raw_v1/kk-piper-issai-high-v1/be/be9937c1ca94dd496f5d6dda43ac90651034c6350bc8339d0e8e606b628b7e7c.wav,c9e3e8ab2b909c72648826ca3c350e99895b9b108bf0159a757ea22da8a92579,2.5193650793650795,22050,local_cpu_piper,
1880,target,xlsr_sls_model_v4_kk_spoof:Train/tv_news/5fd037d18cb84,v4:kk:Train/tv_news/5fd037d18cb84,kk-piper-issai-high-v1,piper_neural_tts,piper_kk_issai_high,ISSAI_KazakhTTS_M1_Iseke,1,,succeeded,ISSAI_KazakhTTS_M1_Iseke,1,,539380662,1,[],raw/v4/xlsr_sls_model_v4_kk_spoof_raw_v1/kk-piper-issai-high-v1/5f/5f2838e9a70b5ee390861c1ce50a0a664a1d2f3878276640440105b9a1105bbc.wav,b665c5fa35113f7e3f12ba1d8169b6540c40778c87c987b06123af5643d38f9c,3.7268027210884354,22050,local_cpu_piper,
1884,target,xlsr_sls_model_v4_kk_spoof:Train/podcasts/04_08_302,v4:kk:Train/podcasts/04_08_302,kk-piper-issai-high-v1,piper_neural_tts,piper_kk_issai_high,ISSAI_KazakhTTS2_F3,2,,succeeded,ISSAI_KazakhTTS2_F3,2,,643497747,1,[],raw/v4/xlsr_sls_model_v4_kk_spoof_raw_v1/kk-piper-issai-high-v1/c3/c300d058b73dbf83f654b7193e228f924a36ad78f399b4218bba993909597dbb.wav,259865876c7878a9fb31d46a4c989544c6f38d67daf8b336e50725b69b298db0,4.609160997732427,22050,local_cpu_piper,
1888,target,xlsr_sls_model_v4_kk_spoof:Train/parliament/senate_15_809,v4:kk:Train/parliament/senate_15_809,kk-piper-issai-high-v1,piper_neural_tts,piper_kk_issai_high,ISSAI_KazakhTTS_F1_Raya,3,,succeeded,ISSAI_KazakhTTS_F1_Raya,3,,152755218,1,[],raw/v4/xlsr_sls_model_v4_kk_spoof_raw_v1/kk-piper-issai-high-v1/2f/2fba480217021957e42b4000a517a71ffe21e6f3dff7b48b10b7107f18a82a38.wav,fed442a24ba13bb5ba6573f59ef6dc99ae3948dea5608473c561abbd02d9d298,4.574331065759637,22050,local_cpu_piper,
1892,target,xlsr_sls_model_v4_kk_spoof:Train/tv_news/5fa2e86eccc24,v4:kk:Train/tv_news/5fa2e86eccc24,kk-piper-issai-high-v1,piper_neural_tts,piper_kk_issai_high,ISSAI_KazakhTTS2_F1,4,,succeeded,ISSAI_KazakhTTS2_F1,4,,477552414,1,[],raw/v4/xlsr_sls_model_v4_kk_spoof_raw_v1/kk-piper-issai-high-v1/89/891b240f3979dcc28d72d027ebc99225e656ff37afa0bc8176f9014b91bac216.wav,c4fe6ee021d2d60ce910428c27ee0457eb1eedcc2d3522ba7bfd9de944a40792,2.9024943310657596,22050,local_cpu_piper,
1896,target,xlsr_sls_model_v4_kk_spoof:Train/radio/01_42_399,v4:kk:Train/radio/01_42_399,kk-piper-issai-high-v1,piper_neural_tts,piper_kk_issai_high,ISSAI_KazakhTTS2_F2,5,,succeeded,ISSAI_KazakhTTS2_F2,5,,1552693821,1,[],raw/v4/xlsr_sls_model_v4_kk_spoof_raw_v1/kk-piper-issai-high-v1/4c/4c40e44eaa8774167adf1f5497c256ee5682f41d19bb06030332c6ae23d200f1.wav,20ac1df673e4c9da6b8a4d563889fd83a51035ddc526681c184ddd14940b21ad,4.3769614512471655,22050,local_cpu_piper,
1900,target,xlsr_sls_model_v4_kk_spoof:Train/parliament/senate_19_008,v4:kk:Train/parliament/senate_19_008,kk-piper-issai-high-v1,piper_neural_tts,piper_kk_issai_high,ISSAI_KazakhTTS2_M2,,,succeeded,ISSAI_KazakhTTS2_M2,,,1485062203,1,[],raw/v4/xlsr_sls_model_v4_kk_spoof_raw_v1/kk-piper-issai-high-v1/f6/f6ca9d491a0e61af884a4328f8a69264989cabc8a146bb7b8adf1f02a5dc9a33.wav,203c08e6a28705b58890c1b45a17708129ffc3f2508ed3750cbd0e6e1cece18d,6.1184580498866215,22050,local_cpu_piper,
1904,target,xlsr_sls_model_v4_kk_spoof:Train/radio/01_48_050,v4:kk:Train/radio/01_48_050,kk-piper-issai-high-v1,piper_neural_tts,piper_kk_issai_high,ISSAI_KazakhTTS_M1_Iseke,1,,succeeded,ISSAI_KazakhTTS_M1_Iseke,1,,1017638311,1,[],raw/v4/xlsr_sls_model_v4_kk_spoof_raw_v1/kk-piper-issai-high-v1/b6/b667bdc8ee859b33999de0700e6464d6685945740eedfaf4e6ae25669831f775.wav,53e96c783ef389bafb602f181e468ec381fd884b4fbe019f93dde76a49bcc643,8.196643990929704,22050,local_cpu_piper,
1908,target,xlsr_sls_model_v4_kk_spoof:Train/radio/01_51_534,v4:kk:Train/radio/01_51_534,kk-piper-issai-high-v1,piper_neural_tts,piper_kk_issai_high,ISSAI_KazakhTTS2_F3,2,,succeeded,ISSAI_KazakhTTS2_F3,2,,1166468288,1,[],raw/v4/xlsr_sls_model_v4_kk_spoof_raw_v1/kk-piper-issai-high-v1/7c/7cb337810dfe077ed726a0e21725717bf107d2ebede917cd8dd6905707499501.wav,ef2eaef3721a7f9e5cdf1f26037d1a9348532a1c634935fcc4f0f4e66dd7e90b,1.4628571428571429,22050,local_cpu_piper,
1912,target,xlsr_sls_model_v4_kk_spoof:Train/parliament/mazhilis_29_518,v4:kk:Train/parliament/mazhilis_29_518,kk-piper-issai-high-v1,piper_neural_tts,piper_kk_issai_high,ISSAI_KazakhTTS_F1_Raya,3,,succeeded,ISSAI_KazakhTTS_F1_Raya,3,,1848626866,1,[],raw/v4/xlsr_sls_model_v4_kk_spoof_raw_v1/kk-piper-issai-high-v1/ce/cec8029156db3f47c8c055ca4a23f2b27da9b6babaca7877b106ea9c25277fb0.wav,fbdeb82c078102b1b6e2f9576331afaeae58c18983956185d8e4491491850c61,12.57360544217687,22050,local_cpu_piper,
1916,target,xlsr_sls_model_v4_kk_spoof:Train/parliament/mazhilis_27_217,v4:kk:Train/parliament/mazhilis_27_217,kk-piper-issai-high-v1,piper_neural_tts,piper_kk_issai_high,ISSAI_KazakhTTS2_F1,4,,succeeded,ISSAI_KazakhTTS2_F1,4,,139911377,1,[],raw/v4/xlsr_sls_model_v4_kk_spoof_raw_v1/kk-piper-issai-high-v1/49/49fe9aae86d733b9eec703fcd67ec1323878e9bc740b1a27a1e8c247646945a7.wav,ed96aa73e7d0cc35cdd2b6ea765c37848bd234235b9e2e151fc16ad1ba7b4fce,9.914920634920636,22050,local_cpu_piper,
1920,target,xlsr_sls_model_v4_kk_spoof:Train/parliament/senate_20_1063,v4:kk:Train/parliament/senate_20_1063,kk-piper-issai-high-v1,piper_neural_tts,piper_kk_issai_high,ISSAI_KazakhTTS2_F2,5,,succeeded,ISSAI_KazakhTTS2_F2,5,,1057083056,1,[],raw/v4/xlsr_sls_model_v4_kk_spoof_raw_v1/kk-piper-issai-high-v1/65/6547357827309d7ee5f18ea5892dcb37254e92169242de8e7a34ec45a95917bf.wav,f1e38a97ff866a35707bab6f8ebde3a968d97901c606e53ef1b4609fa277ac52,7.7090249433106575,22050,local_cpu_piper,
1924,target,xlsr_sls_model_v4_kk_spoof:Train/parliament/senate_08_011,v4:kk:Train/parliament/senate_08_011,kk-piper-issai-high-v1,piper_neural_tts,piper_kk_issai_high,ISSAI_KazakhTTS2_M2,,,succeeded,ISSAI_KazakhTTS2_M2,,,2071023574,1,[],raw/v4/xlsr_sls_model_v4_kk_spoof_raw_v1/kk-piper-issai-high-v1/6a/6a9eef98101526967e75d2d4da98aaf47747eb2cecab01bccd394ea6f2eca2f8.wav,1fe23d686a7a7318347703194734786536363ab1a87eaeb309b3601705845e69,17.84453514739229,22050,local_cpu_piper,
1928,target,xlsr_sls_model_v4_kk_spoof:Train/podcasts/03_12_32,v4:kk:Train/podcasts/03_12_32,kk-piper-issai-high-v1,piper_neural_tts,piper_kk_issai_high,ISSAI_KazakhTTS_M1_Iseke,1,,succeeded,ISSAI_KazakhTTS_M1_Iseke,1,,711604285,1,[],raw/v4/xlsr_sls_model_v4_kk_spoof_raw_v1/kk-piper-issai-high-v1/5f/5f246e7391e6cb419423854736f577773c5fcc15d1d37041a77d5d4e619a94d8.wav,20624b1b5ae830227950cc1502598775ff31cffc9953b3cdcb1ae1d8359679ec,4.20281179138322,22050,local_cpu_piper,
1932,target,xlsr_sls_model_v4_kk_spoof:Train/tv_news/5fe2a743686db,v4:kk:Train/tv_news/5fe2a743686db,kk-piper-issai-high-v1,piper_neural_tts,piper_kk_issai_high,ISSAI_KazakhTTS2_F3,2,,succeeded,ISSAI_KazakhTTS2_F3,2,,1426319318,1,[],raw/v4/xlsr_sls_model_v4_kk_spoof_raw_v1/kk-piper-issai-high-v1/47/4768337cfa307996505c79dc5ea19c1f6d33c147891ae2b4c28d182a60162151.wav,cdb6729a8e1c78d69ab4c58b1a54500ddf17f144eb474965ff3c940ee0c3d099,8.93968253968254,22050,local_cpu_piper,
1936,target,xlsr_sls_model_v4_kk_spoof:Train/radio/01_56_250,v4:kk:Train/radio/01_56_250,kk-piper-issai-high-v1,piper_neural_tts,piper_kk_issai_high,ISSAI_KazakhTTS_F1_Raya,3,,succeeded,ISSAI_KazakhTTS_F1_Raya,3,,765107127,1,[],raw/v4/xlsr_sls_model_v4_kk_spoof_raw_v1/kk-piper-issai-high-v1/86/86a4cade30a1458fbf509fb4a53c2b8b9eade9cf56c4005e539ce49017845521.wav,ce0692bab44ccafce6e48db0560b5871a2ca4a51d45e89b7b1ff73d1eeb23e59,3.006984126984127,22050,local_cpu_piper,
1940,target,xlsr_sls_model_v4_kk_spoof:Train/parliament/mazhilis_03_794,v4:kk:Train/parliament/mazhilis_03_794,kk-piper-issai-high-v1,piper_neural_tts,piper_kk_issai_high,ISSAI_KazakhTTS2_F1,4,,succeeded,ISSAI_KazakhTTS2_F1,4,,34920310,1,[],raw/v4/xlsr_sls_model_v4_kk_spoof_raw_v1/kk-piper-issai-high-v1/f8/f8b34b72c569c952a14cfad9b3795c6fd8e03ac1aff7d06cf6db4e9ea3fec85b.wav,bf550e5b2ca1ab40293c2fdfa2b063a0c9082d5d2f943cb029880315808b4b07,13.548843537414966,22050,local_cpu_piper,
1944,target,xlsr_sls_model_v4_kk_spoof:Train/podcasts/08_04_097,v4:kk:Train/podcasts/08_04_097,kk-piper-issai-high-v1,piper_neural_tts,piper_kk_issai_high,ISSAI_KazakhTTS2_F2,5,,succeeded,ISSAI_KazakhTTS2_F2,5,,1171163796,1,[],raw/v4/xlsr_sls_model_v4_kk_spoof_raw_v1/kk-piper-issai-high-v1/d8/d815f8613044cf3d03c261cde1dd11b63eb8fbd65828f2c45320206627c6f9dc.wav,737c71fadc1b0d29cfda6cfd96ce2645e6da051446a8766df498b53ced7e4946,8.382403628117913,22050,local_cpu_piper,
1948,target,xlsr_sls_model_v4_kk_spoof:Train/tv_news/5fa2e8d1443f6,v4:kk:Train/tv_news/5fa2e8d1443f6,kk-piper-issai-high-v1,piper_neural_tts,piper_kk_issai_high,ISSAI_KazakhTTS2_M2,,,succeeded,ISSAI_KazakhTTS2_M2,,,1127957403,1,[],raw/v4/xlsr_sls_model_v4_kk_spoof_raw_v1/kk-piper-issai-high-v1/f2/f2a8510b3a729a8edfff330d5ec4d66df4da25133b4d487cc0d64cf62c3f511f.wav,e468230ef709ffb9419b3bb205faf86e539eab20e733eb51a8503d5cad890408,6.199727891156463,22050,local_cpu_piper,
1952,target,xlsr_sls_model_v4_kk_spoof:Train/tv_news/5fa2e727d83cc,v4:kk:Train/tv_news/5fa2e727d83cc,kk-piper-issai-high-v1,piper_neural_tts,piper_kk_issai_high,ISSAI_KazakhTTS_M1_Iseke,1,,succeeded,ISSAI_KazakhTTS_M1_Iseke,1,,644985009,1,[],raw/v4/xlsr_sls_model_v4_kk_spoof_raw_v1/kk-piper-issai-high-v1/e8/e87f3f6d7e81f546b900dcd263935d99d9232e1cae68aba4ece2bbc77b05ae52.wav,4f113d3ba59096cfae63b5ce1dcd9163883d0a4fa5530ec4153ec1a33af2d76c,5.259319727891157,22050,local_cpu_piper,
1956,target,xlsr_sls_model_v4_kk_spoof:Train/parliament/senate_14_410,v4:kk:Train/parliament/senate_14_410,kk-piper-issai-high-v1,piper_neural_tts,piper_kk_issai_high,ISSAI_KazakhTTS2_F3,2,,succeeded,ISSAI_KazakhTTS2_F3,2,,1085139768,1,[],raw/v4/xlsr_sls_model_v4_kk_spoof_raw_v1/kk-piper-issai-high-v1/4f/4f38e1a58fd8f2870df8d5ad2b1d7f0d88aa015c770db3a1102a42e35c62411a.wav,0b2cdf60bb08f52cbeb78c007f7220528c72f6a411b6d5bdb912e6e453782077,10.425759637188209,22050,local_cpu_piper,
1960,target,xlsr_sls_model_v4_kk_spoof:Train/podcasts/01_09_149,v4:kk:Train/podcasts/01_09_149,kk-piper-issai-high-v1,piper_neural_tts,piper_kk_issai_high,ISSAI_KazakhTTS_F1_Raya,3,,succeeded,ISSAI_KazakhTTS_F1_Raya,3,,747024259,1,[],raw/v4/xlsr_sls_model_v4_kk_spoof_raw_v1/kk-piper-issai-high-v1/ef/ef833a2f118ea0f6d54d49f0a2dce3ab38d2e329fd90e04c8204e9ff05c353b9.wav,17d42fec55eb5dd609beeba0cd5b26820447bd3f2c55ddb8a26e94842b9369b5,8.649433106575964,22050,local_cpu_piper,
1964,target,xlsr_sls_model_v4_kk_spoof:Train/tv_news/5fe2a662e3d7a,v4:kk:Train/tv_news/5fe2a662e3d7a,kk-piper-issai-high-v1,piper_neural_tts,piper_kk_issai_high,ISSAI_KazakhTTS2_F1,4,,succeeded,ISSAI_KazakhTTS2_F1,4,,1263720770,1,[],raw/v4/xlsr_sls_model_v4_kk_spoof_raw_v1/kk-piper-issai-high-v1/4c/4cbc2d973863a3737c4891f74ebe3ad8c2aff842bbcdc7328ff18b79692ddef9.wav,4c540ccaecf41a7dbc2a09fdb869442ad8d7253b8ad84dee830231bff9c83d35,4.667210884353741,22050,local_cpu_piper,
1968,target,xlsr_sls_model_v4_kk_spoof:Train/talkshow/01_70_290,v4:kk:Train/talkshow/01_70_290,kk-piper-issai-high-v1,piper_neural_tts,piper_kk_issai_high,ISSAI_KazakhTTS2_F2,5,,succeeded,ISSAI_KazakhTTS2_F2,5,,1108631928,1,[],raw/v4/xlsr_sls_model_v4_kk_spoof_raw_v1/kk-piper-issai-high-v1/0e/0e60fd1cd5bbf23917acfc9c220e6a0790faea24b4900eac4595b744f5122b8b.wav,62b4e6e0ecfb9a66329eea9975f2f10574f5b6e1a2c680d07eda1b1646eade43,2.9257142857142857,22050,local_cpu_piper,
1972,target,xlsr_sls_model_v4_kk_spoof:Train/radio/01_77_343,v4:kk:Train/radio/01_77_343,kk-piper-issai-high-v1,piper_neural_tts,piper_kk_issai_high,ISSAI_KazakhTTS2_M2,,,succeeded,ISSAI_KazakhTTS2_M2,,,441347010,1,[],raw/v4/xlsr_sls_model_v4_kk_spoof_raw_v1/kk-piper-issai-high-v1/e1/e11f4b3f1702e5483e20819df5bc103654ded69fc8992bb5591260cce687f410.wav,852f088571cddfb37c2f75f7c3ffcf02d8ba60759c0f8bc5c4fcb33a2ccee8b8,3.215963718820862,22050,local_cpu_piper,
1976,target,xlsr_sls_model_v4_kk_spoof:Train/radio/01_50_254,v4:kk:Train/radio/01_50_254,kk-piper-issai-high-v1,piper_neural_tts,piper_kk_issai_high,ISSAI_KazakhTTS_M1_Iseke,1,,succeeded,ISSAI_KazakhTTS_M1_Iseke,1,,1328967937,1,[],raw/v4/xlsr_sls_model_v4_kk_spoof_raw_v1/kk-piper-issai-high-v1/ee/ee344836c71aa0c03e30f57810c3fa468d977c4dc4a81d3069c15741c139facb.wav,3140925c690a1433d6b4082fab718c27003b4c681f668be81826ce18e8031726,5.712108843537415,22050,local_cpu_piper,
1980,target,xlsr_sls_model_v4_kk_spoof:Train/podcasts/03_07_25,v4:kk:Train/podcasts/03_07_25,kk-piper-issai-high-v1,piper_neural_tts,piper_kk_issai_high,ISSAI_KazakhTTS2_F3,2,,succeeded,ISSAI_KazakhTTS2_F3,2,,2019907183,1,[],raw/v4/xlsr_sls_model_v4_kk_spoof_raw_v1/kk-piper-issai-high-v1/71/71553f9b7532d90efd45b1d995bef8ccec906f058e0c470295d31b88b143b657.wav,0d83799458361628d70a8be53a9e0f0d1d60a3e0c05b9997b30b0f99177898c5,2.75156462585034,22050,local_cpu_piper,
1984,target,xlsr_sls_model_v4_kk_spoof:Train/radio/01_24_384,v4:kk:Train/radio/01_24_384,kk-piper-issai-high-v1,piper_neural_tts,piper_kk_issai_high,ISSAI_KazakhTTS_F1_Raya,3,,succeeded,ISSAI_KazakhTTS_F1_Raya,3,,2139277467,1,[],raw/v4/xlsr_sls_model_v4_kk_spoof_raw_v1/kk-piper-issai-high-v1/5d/5d2b298e8fd55d172519fe4cd05e07e065892b4f04bd8ed15120077b38eeadee.wav,8d68aa570589553e2242645323e7baf2ed1135b057ae7e8ba2e0b2aa727952dc,3.877732426303855,22050,local_cpu_piper,
1988,target,xlsr_sls_model_v4_kk_spoof:Train/parliament/mazhilis_17_1_632,v4:kk:Train/parliament/mazhilis_17_1_632,kk-piper-issai-high-v1,piper_neural_tts,piper_kk_issai_high,ISSAI_KazakhTTS2_F1,4,,succeeded,ISSAI_KazakhTTS2_F1,4,,2014261466,1,[],raw/v4/xlsr_sls_model_v4_kk_spoof_raw_v1/kk-piper-issai-high-v1/39/39f569b0e2e6f4ae7da47fcf82ffca4774e56defe436960acfe5239359c7bde2.wav,e2c6370ad7fe8bb373773f8ed95c06fb6f765459e2e5cfb1d7890637f01f1f10,8.893242630385487,22050,local_cpu_piper,
1992,target,xlsr_sls_model_v4_kk_spoof:Train/tv_news/6006d306de537,v4:kk:Train/tv_news/6006d306de537,kk-piper-issai-high-v1,piper_neural_tts,piper_kk_issai_high,ISSAI_KazakhTTS2_F2,5,,succeeded,ISSAI_KazakhTTS2_F2,5,,1759844234,1,[],raw/v4/xlsr_sls_model_v4_kk_spoof_raw_v1/kk-piper-issai-high-v1/eb/eb8ed814c1476ed3c810d7c8ab37dd43575b011990472b98a64e43bc18895190.wav,5f6d3be352737df17e68f8644a6caa5069dec96a7f58070a91ee22e138f35169,5.688888888888889,22050,local_cpu_piper,
1996,target,xlsr_sls_model_v4_kk_spoof:Train/radio/01_47_250,v4:kk:Train/radio/01_47_250,kk-piper-issai-high-v1,piper_neural_tts,piper_kk_issai_high,ISSAI_KazakhTTS2_M2,,,succeeded,ISSAI_KazakhTTS2_M2,,,534414797,1,[],raw/v4/xlsr_sls_model_v4_kk_spoof_raw_v1/kk-piper-issai-high-v1/3f/3f0fd3dc31d5875174840dbfc9f27c2d4ac477c55b965865131b9c703a059da1.wav,20d1e8ab79602d488c85ba194f83226301f2a951925eda7867c0175d13c99e0e,1.5441269841269842,22050,local_cpu_piper,
2000,target,xlsr_sls_model_v4_kk_spoof:Train/talkshow/01_39_390,v4:kk:Train/talkshow/01_39_390,kk-piper-issai-high-v1,piper_neural_tts,piper_kk_issai_high,ISSAI_KazakhTTS_M1_Iseke,1,,succeeded,ISSAI_KazakhTTS_M1_Iseke,1,,123430084,1,[],raw/v4/xlsr_sls_model_v4_kk_spoof_raw_v1/kk-piper-issai-high-v1/1c/1c18c525adec06d40df6c73615603b9da8f9fc85ce22cbfa57e7d5ae5e348701.wav,5548e823e91bb19ca11f1fdc947d6aa35496dddc8f620f64d235468c0d2be155,2.7399546485260773,22050,local_cpu_piper,
2004,target,xlsr_sls_model_v4_kk_spoof:Train/podcasts/01_05_314,v4:kk:Train/podcasts/01_05_314,kk-piper-issai-high-v1,piper_neural_tts,piper_kk_issai_high,ISSAI_KazakhTTS2_F3,2,,succeeded,ISSAI_KazakhTTS2_F3,2,,342702998,1,[],raw/v4/xlsr_sls_model_v4_kk_spoof_raw_v1/kk-piper-issai-high-v1/ce/cea564c7dbd3d55d73a5f936571a6635ba0492337fa3b25830a1f603dc4daaad.wav,0cf92d0f051cea2113ea5f44a2d5141d84997625e804e44e9116e8a3bd1a457b,4.702040816326531,22050,local_cpu_piper,
2008,target,xlsr_sls_model_v4_kk_spoof:Train/radio/01_61_359,v4:kk:Train/radio/01_61_359,kk-piper-issai-high-v1,piper_neural_tts,piper_kk_issai_high,ISSAI_KazakhTTS_F1_Raya,3,,succeeded,ISSAI_KazakhTTS_F1_Raya,3,,1478234060,1,[],raw/v4/xlsr_sls_model_v4_kk_spoof_raw_v1/kk-piper-issai-high-v1/18/18ef32b3f900e23773523b4a998d0e840d7ec2542b017118f481cdef73d362af.wav,58113b2c608740824d38ed2aba8f3f498bfbe84b019334ed68d649923eb389e0,4.423401360544218,22050,local_cpu_piper,
2012,target,xlsr_sls_model_v4_kk_spoof:Train/podcasts/01_04_694,v4:kk:Train/podcasts/01_04_694,kk-piper-issai-high-v1,piper_neural_tts,piper_kk_issai_high,ISSAI_KazakhTTS2_F1,4,,succeeded,ISSAI_KazakhTTS2_F1,4,,356414210,1,[],raw/v4/xlsr_sls_model_v4_kk_spoof_raw_v1/kk-piper-issai-high-v1/aa/aae08e0ad8dbcc1b7de100471e4c1e86b3bbf0bd58f787d449cf6644c2de4b76.wav,c9fc03dc9eacc0ba66d6e897308a5120997cf15d7a3f5e461e54878c0d70beaf,7.209795918367347,22050,local_cpu_piper,
2016,target,xlsr_sls_model_v4_kk_spoof:Train/talkshow/01_06_460,v4:kk:Train/talkshow/01_06_460,kk-piper-issai-high-v1,piper_neural_tts,piper_kk_issai_high,ISSAI_KazakhTTS2_F2,5,,succeeded,ISSAI_KazakhTTS2_F2,5,,31617196,1,[],raw/v4/xlsr_sls_model_v4_kk_spoof_raw_v1/kk-piper-issai-high-v1/3b/3b131c5bc37979c8b125b2066a3343a8795796b56df6f9605f12b6c7d5689c7b.wav,98bfb4eccdea670d80978291afb5ee41f64a00bd5af18c4cb46a9181eb54afae,8.010884353741497,22050,local_cpu_piper,
2020,target,xlsr_sls_model_v4_kk_spoof:Train/podcasts/03_23_39,v4:kk:Train/podcasts/03_23_39,kk-piper-issai-high-v1,piper_neural_tts,piper_kk_issai_high,ISSAI_KazakhTTS2_M2,,,succeeded,ISSAI_KazakhTTS2_M2,,,1045279988,1,[],raw/v4/xlsr_sls_model_v4_kk_spoof_raw_v1/kk-piper-issai-high-v1/40/403f81b7c105e5188663ad4bf51b97a0bd5d501635f34334962d6099620b1c1b.wav,61548fcf2532526f02ff92fa2d15d3fe40db5aa4566583414ce34d099782b886,3.3436734693877552,22050,local_cpu_piper,
2024,target,xlsr_sls_model_v4_kk_spoof:Train/talkshow/01_43_421,v4:kk:Train/talkshow/01_43_421,kk-piper-issai-high-v1,piper_neural_tts,piper_kk_issai_high,ISSAI_KazakhTTS_M1_Iseke,1,,succeeded,ISSAI_KazakhTTS_M1_Iseke,1,,642030955,1,[],raw/v4/xlsr_sls_model_v4_kk_spoof_raw_v1/kk-piper-issai-high-v1/bc/bc66242bad3af828d2dee599f23d6b7c4a9b1a1c58ea8959a16224ef9c651f31.wav,b9854ade69c7151fd66b6dd3be29a735af82f567ed9c43226935e6433c82889c,12.329795918367347,22050,local_cpu_piper,
2028,target,xlsr_sls_model_v4_kk_spoof:Train/parliament/mazhilis_16_1_366,v4:kk:Train/parliament/mazhilis_16_1_366,kk-piper-issai-high-v1,piper_neural_tts,piper_kk_issai_high,ISSAI_KazakhTTS2_F3,2,,succeeded,ISSAI_KazakhTTS2_F3,2,,1144207610,1,[],raw/v4/xlsr_sls_model_v4_kk_spoof_raw_v1/kk-piper-issai-high-v1/64/64f3de4b2dee32505c93d6121a88467d0736977f0b44807c24660ece474a6c7c.wav,0bd0d124354e02cb0023d8e9391c60a44b2ca2b143358dfd7e1839fe55b151fb,9.137052154195011,22050,local_cpu_piper,
2032,target,xlsr_sls_model_v4_kk_spoof:Train/radio/01_42_396,v4:kk:Train/radio/01_42_396,kk-piper-issai-high-v1,piper_neural_tts,piper_kk_issai_high,ISSAI_KazakhTTS_F1_Raya,3,,succeeded,ISSAI_KazakhTTS_F1_Raya,3,,616257240,1,[],raw/v4/xlsr_sls_model_v4_kk_spoof_raw_v1/kk-piper-issai-high-v1/29/298a7883fbd67af2cf47231d3acf58ccdb476131b0ed1b75840ecbb83498dd4a.wav,edddc575c7ef0d8166965ff0edb4d636b1535e4ee94ad3ab61420256d22cbde2,3.7384126984126986,22050,local_cpu_piper,
2036,target,xlsr_sls_model_v4_kk_spoof:Train/tv_news/5f71cfab51bfc,v4:kk:Train/tv_news/5f71cfab51bfc,kk-piper-issai-high-v1,piper_neural_tts,piper_kk_issai_high,ISSAI_KazakhTTS2_F1,4,,succeeded,ISSAI_KazakhTTS2_F1,4,,646400799,1,[],raw/v4/xlsr_sls_model_v4_kk_spoof_raw_v1/kk-piper-issai-high-v1/22/221a9e83019075b01a71d3ae7ad62ec519535af0a2009f9588df146a51020b5c.wav,ee00e1af8e5b08cf42cc62dc9ac6d1b3d18ffda267e0149babe3ad64986336e0,4.46984126984127,22050,local_cpu_piper,
2040,target,xlsr_sls_model_v4_kk_spoof:Train/radio/01_44_102,v4:kk:Train/radio/01_44_102,kk-piper-issai-high-v1,piper_neural_tts,piper_kk_issai_high,ISSAI_KazakhTTS2_F2,5,,succeeded,ISSAI_KazakhTTS2_F2,5,,180159653,1,[],raw/v4/xlsr_sls_model_v4_kk_spoof_raw_v1/kk-piper-issai-high-v1/04/04c6fecdfb3858b2f2ae10b4d4f4591a9ef2f069027baef8560e289c14f3834d.wav,a1b6bef0d4653f10624de22fc73937c33ba280cdf164db746125cada98e5432e,5.537959183673469,22050,local_cpu_piper,
2044,target,xlsr_sls_model_v4_kk_spoof:Train/talkshow/01_59_450,v4:kk:Train/talkshow/01_59_450,kk-piper-issai-high-v1,piper_neural_tts,piper_kk_issai_high,ISSAI_KazakhTTS2_M2,,,succeeded,ISSAI_KazakhTTS2_M2,,,321162317,1,[],raw/v4/xlsr_sls_model_v4_kk_spoof_raw_v1/kk-piper-issai-high-v1/0c/0c34feaa30c3a14e1d43489a47f40d189fdffe2260eeb4e86de96bb6303a1bde.wav,54609d373313b2c20cf642f982f2a77dd9e7ed4c9b7d5798cd349195dc026ecf,8.301133786848073,22050,local_cpu_piper,
2048,target,xlsr_sls_model_v4_kk_spoof:Train/radio/01_32_013,v4:kk:Train/radio/01_32_013,kk-piper-issai-high-v1,piper_neural_tts,piper_kk_issai_high,ISSAI_KazakhTTS_M1_Iseke,1,,succeeded,ISSAI_KazakhTTS_M1_Iseke,1,,1089305606,1,[],raw/v4/xlsr_sls_model_v4_kk_spoof_raw_v1/kk-piper-issai-high-v1/ef/ef5ec429ce83bda80c29f891054bbab690d1d95cdff97bc637ad88fcd3630426.wav,b1572dc18aff5743f68bc29f828fb659cfcdbbd51c0daeea16cd1618381a6dc6,5.154829931972789,22050,local_cpu_piper,
2052,target,xlsr_sls_model_v4_kk_spoof:Train/radio/01_91_236,v4:kk:Train/radio/01_91_236,kk-piper-issai-high-v1,piper_neural_tts,piper_kk_issai_high,ISSAI_KazakhTTS2_F3,2,,succeeded,ISSAI_KazakhTTS2_F3,2,,1091902831,1,[],raw/v4/xlsr_sls_model_v4_kk_spoof_raw_v1/kk-piper-issai-high-v1/63/631c728029792c557e55f5544d82178102ef299d03a0273ced856c0b4f841e3e.wav,14ac43335898f01a2651f55f0e2f2792637466e918c1331e8ba422cc61291f89,6.896326530612245,22050,local_cpu_piper,
2056,target,xlsr_sls_model_v4_kk_spoof:Train/radio/01_12_038,v4:kk:Train/radio/01_12_038,kk-piper-issai-high-v1,piper_neural_tts,piper_kk_issai_high,ISSAI_KazakhTTS_F1_Raya,3,,succeeded,ISSAI_KazakhTTS_F1_Raya,3,,816649469,1,[],raw/v4/xlsr_sls_model_v4_kk_spoof_raw_v1/kk-piper-issai-high-v1/c9/c93fddc6fbd223dc4b903f1a8ad234a2f37e6d8b7d149b867881493282234e54.wav,1c595f84f7f5dfe39d82c6a54745dfeb550c481744a8ccbc01bcd564f3fcb704,3.6919727891156464,22050,local_cpu_piper,
2060,target,xlsr_sls_model_v4_kk_spoof:Train/podcasts/04_01_441,v4:kk:Train/podcasts/04_01_441,kk-piper-issai-high-v1,piper_neural_tts,piper_kk_issai_high,ISSAI_KazakhTTS2_F1,4,,succeeded,ISSAI_KazakhTTS2_F1,4,,2146085105,1,[],raw/v4/xlsr_sls_model_v4_kk_spoof_raw_v1/kk-piper-issai-high-v1/97/97288d97968cdc07d7bfffebfc70e914cd1fcfed6d47552226f29a2cba535ae3.wav,6623860864c688ca109680800eb5cbf200492aebe00857c37c63002503a14175,8.486893424036282,22050,local_cpu_piper,
2064,target,xlsr_sls_model_v4_kk_spoof:Train/podcasts/04_02_266,v4:kk:Train/podcasts/04_02_266,kk-piper-issai-high-v1,piper_neural_tts,piper_kk_issai_high,ISSAI_KazakhTTS2_F2,5,,succeeded,ISSAI_KazakhTTS2_F2,5,,2062667677,1,[],raw/v4/xlsr_sls_model_v4_kk_spoof_raw_v1/kk-piper-issai-high-v1/98/986dc0c22b0fe3a2a5021208fd8eacf6c779a89976f4f6dc4e057570efa4644a.wav,47f11c52768c083495b94358de973ba72ddbf6cd98403377ad85db42f4b37f69,2.0085260770975055,22050,local_cpu_piper,
2068,target,xlsr_sls_model_v4_kk_spoof:Train/talkshow/01_71_164,v4:kk:Train/talkshow/01_71_164,kk-piper-issai-high-v1,piper_neural_tts,piper_kk_issai_high,ISSAI_KazakhTTS2_M2,,,succeeded,ISSAI_KazakhTTS2_M2,,,401061568,1,[],raw/v4/xlsr_sls_model_v4_kk_spoof_raw_v1/kk-piper-issai-high-v1/db/db03bbfdae3b5e4ade36e99b72537939142b8ecce5939780d31221fab3c64dea.wav,6c5573337cfe2187e18ffff5d52aaab88c7c0480271c78ae8a921d5c8d263d45,3.575873015873016,22050,local_cpu_piper,
2072,target,xlsr_sls_model_v4_kk_spoof:Train/tv_news/5f71042d22730,v4:kk:Train/tv_news/5f71042d22730,kk-piper-issai-high-v1,piper_neural_tts,piper_kk_issai_high,ISSAI_KazakhTTS_M1_Iseke,1,,succeeded,ISSAI_KazakhTTS_M1_Iseke,1,,593035538,1,[],raw/v4/xlsr_sls_model_v4_kk_spoof_raw_v1/kk-piper-issai-high-v1/00/0007c44a784b66fff484d82de3cdd3caed659661011711e01e43b661669b0d4d.wav,9fd936c60076c57a5cd598b1d4120eced16c1353905807651c7f705783e2ffed,5.88625850340136,22050,local_cpu_piper,
2076,target,xlsr_sls_model_v4_kk_spoof:Train/talkshow/01_17_257,v4:kk:Train/talkshow/01_17_257,kk-piper-issai-high-v1,piper_neural_tts,piper_kk_issai_high,ISSAI_KazakhTTS2_F3,2,,succeeded,ISSAI_KazakhTTS2_F3,2,,851824865,1,[],raw/v4/xlsr_sls_model_v4_kk_spoof_raw_v1/kk-piper-issai-high-v1/a8/a81e3af425cc3582eacca3e798d7084b55ff2698ad52ca803407b6aa7bee4173.wav,8c0fa61cfb9f669a0bb2b5eac8aabf9b6c954db4119a448d6b874cf90abc1db6,3.889342403628118,22050,local_cpu_piper,
2080,target,xlsr_sls_model_v4_kk_spoof:Train/parliament/senate_12_250,v4:kk:Train/parliament/senate_12_250,kk-piper-issai-high-v1,piper_neural_tts,piper_kk_issai_high,ISSAI_KazakhTTS_F1_Raya,3,,succeeded,ISSAI_KazakhTTS_F1_Raya,3,,1079807126,1,[],raw/v4/xlsr_sls_model_v4_kk_spoof_raw_v1/kk-piper-issai-high-v1/c8/c858aa7c9cf91751acf014a05d36bc19942b7f0986bec5d151e8e89f50016c54.wav,c8bf4df1a1a5af0f261850744bf6d6245a38edad18136132007bc6c4a1258ea5,7.9760544217687075,22050,local_cpu_piper,
2084,target,xlsr_sls_model_v4_kk_spoof:Train/radio/01_23_428,v4:kk:Train/radio/01_23_428,kk-piper-issai-high-v1,piper_neural_tts,piper_kk_issai_high,ISSAI_KazakhTTS2_F1,4,,succeeded,ISSAI_KazakhTTS2_F1,4,,2020580051,1,[],raw/v4/xlsr_sls_model_v4_kk_spoof_raw_v1/kk-piper-issai-high-v1/e5/e536b435989c59598a53bf02b36d7c111f8456cb077b0c86e85d9064767616eb.wav,f54b3cbf9e035f083c12e64a584d03833c56cafc721a97d54fe68c441815f8f1,3.680362811791383,22050,local_cpu_piper,
2088,target,xlsr_sls_model_v4_kk_spoof:Train/parliament/mazhilis_16_2_183,v4:kk:Train/parliament/mazhilis_16_2_183,kk-piper-issai-high-v1,piper_neural_tts,piper_kk_issai_high,ISSAI_KazakhTTS2_F2,5,,succeeded,ISSAI_KazakhTTS2_F2,5,,1204523498,1,[],raw/v4/xlsr_sls_model_v4_kk_spoof_raw_v1/kk-piper-issai-high-v1/f2/f291323a50b0e4ab7ed3f411fd053968761e57eab3b89b70c147daca7ebd03aa.wav,8a1cb31bb17c6cdbc5f6eb0320a677b4ccebfd5ea12a48b567a75a799873303d,10.367709750566894,22050,local_cpu_piper,
2092,target,xlsr_sls_model_v4_kk_spoof:Train/parliament/mazhilis_03_257,v4:kk:Train/parliament/mazhilis_03_257,kk-piper-issai-high-v1,piper_neural_tts,piper_kk_issai_high,ISSAI_KazakhTTS2_M2,,,succeeded,ISSAI_KazakhTTS2_M2,,,167822823,1,[],raw/v4/xlsr_sls_model_v4_kk_spoof_raw_v1/kk-piper-issai-high-v1/76/762d8b969f3eaa09b335d69f694c34aa3d5fd2af61ad2873c171536ccd54a3ae.wav,52895c7a71c546dce0a72fbad5a17018c523711bd58505e6c8cc8b8c546a2c8f,16.66031746031746,22050,local_cpu_piper,
2096,target,xlsr_sls_model_v4_kk_spoof:Train/podcasts/03_71_23,v4:kk:Train/podcasts/03_71_23,kk-piper-issai-high-v1,piper_neural_tts,piper_kk_issai_high,ISSAI_KazakhTTS_M1_Iseke,1,,succeeded,ISSAI_KazakhTTS_M1_Iseke,1,,155879268,1,[],raw/v4/xlsr_sls_model_v4_kk_spoof_raw_v1/kk-piper-issai-high-v1/ae/aee17e9dbe74bcdac725763da58ac4e1a422fd5a19a67ded26a078c891476e9c.wav,f8ecf15d32c58114aa21f9762afc2c8dded332b1c4038d0ae9a0dee2d098cc82,4.713650793650793,22050,local_cpu_piper,
2100,target,xlsr_sls_model_v4_kk_spoof:Train/radio/01_77_263,v4:kk:Train/radio/01_77_263,kk-piper-issai-high-v1,piper_neural_tts,piper_kk_issai_high,ISSAI_KazakhTTS2_F3,2,,succeeded,ISSAI_KazakhTTS2_F3,2,,1309145269,1,[],raw/v4/xlsr_sls_model_v4_kk_spoof_raw_v1/kk-piper-issai-high-v1/08/08db9fed1f5dab6866b6189562858816ff14a45e298bb459066ff8c1655f9e90.wav,fe84bc79df66929ab0e8e512f4b99405e89fadbc1da68dab3c5ffcdf458abc4c,9.113832199546485,22050,local_cpu_piper,
2104,target,xlsr_sls_model_v4_kk_spoof:Train/podcasts/04_03_135,v4:kk:Train/podcasts/04_03_135,kk-piper-issai-high-v1,piper_neural_tts,piper_kk_issai_high,ISSAI_KazakhTTS_F1_Raya,3,,succeeded,ISSAI_KazakhTTS_F1_Raya,3,,2752179,1,[],raw/v4/xlsr_sls_model_v4_kk_spoof_raw_v1/kk-piper-issai-high-v1/42/422970cf4b86d160bd77351552f1490d81d74f652d154647e30ecb8d01eb2b2d.wav,e4d74d452a60c371b3f8cf6b9421c141baa70835c3c02fac42113cc7e29e38fa,8.40562358276644,22050,local_cpu_piper,
2108,target,xlsr_sls_model_v4_kk_spoof:Train/tv_news/5f71d12259d4e,v4:kk:Train/tv_news/5f71d12259d4e,kk-piper-issai-high-v1,piper_neural_tts,piper_kk_issai_high,ISSAI_KazakhTTS2_F1,4,,succeeded,ISSAI_KazakhTTS2_F1,4,,1791713309,1,[],raw/v4/xlsr_sls_model_v4_kk_spoof_raw_v1/kk-piper-issai-high-v1/80/801d16fe8b45843854fe1d7e6611fa22850dcdcd839442ccb17830559af0b29e.wav,46dc7369f49655cfe78ecde4215b293b77cc629fe7339f583c65e3c2cbb67db4,4.435011337868481,22050,local_cpu_piper,
2112,target,xlsr_sls_model_v4_kk_spoof:Train/podcasts/04_01_076,v4:kk:Train/podcasts/04_01_076,kk-piper-issai-high-v1,piper_neural_tts,piper_kk_issai_high,ISSAI_KazakhTTS2_F2,5,,succeeded,ISSAI_KazakhTTS2_F2,5,,1199266779,1,[],raw/v4/xlsr_sls_model_v4_kk_spoof_raw_v1/kk-piper-issai-high-v1/ca/cab1fc5cce470e4d26a4c02dfeed379c7b7fcb72c1d78249564561a9f9106fe0.wav,45a2b85f67716fea8fbba9191599700ec9fd0ea9dd5fa2be464e05fd401499bd,11.679637188208616,22050,local_cpu_piper,
2116,target,xlsr_sls_model_v4_kk_spoof:Train/parliament/senate_15_697,v4:kk:Train/parliament/senate_15_697,kk-piper-issai-high-v1,piper_neural_tts,piper_kk_issai_high,ISSAI_KazakhTTS2_M2,,,succeeded,ISSAI_KazakhTTS2_M2,,,475312088,1,[],raw/v4/xlsr_sls_model_v4_kk_spoof_raw_v1/kk-piper-issai-high-v1/8a/8a4e4f3f21a6a3a2a6d870feecf44faf7a6d448d1fffa63fa15618ce4bae41ae.wav,68fbd200b5b84d310abe6a36564ddd4621a8f3cd85a2723f86098f8d2b8e4378,5.909478458049887,22050,local_cpu_piper,
2120,target,xlsr_sls_model_v4_kk_spoof:Train/podcasts/01_01_096,v4:kk:Train/podcasts/01_01_096,kk-piper-issai-high-v1,piper_neural_tts,piper_kk_issai_high,ISSAI_KazakhTTS_M1_Iseke,1,,succeeded,ISSAI_KazakhTTS_M1_Iseke,1,,616696815,1,[],raw/v4/xlsr_sls_model_v4_kk_spoof_raw_v1/kk-piper-issai-high-v1/d8/d81b1113b914005ee3c04a1be97c541fe8d09f7f9d8481da16e7488715920527.wav,2f2de0c04d6a40bf05851ace4069d666711de38868f6e14f431a9bc6616fef59,5.3986394557823125,22050,local_cpu_piper,
2124,target,xlsr_sls_model_v4_kk_spoof:Train/talkshow/01_17_140,v4:kk:Train/talkshow/01_17_140,kk-piper-issai-high-v1,piper_neural_tts,piper_kk_issai_high,ISSAI_KazakhTTS2_F3,2,,succeeded,ISSAI_KazakhTTS2_F3,2,,795478852,1,[],raw/v4/xlsr_sls_model_v4_kk_spoof_raw_v1/kk-piper-issai-high-v1/6a/6a7030cb9527387fb0cde95660c08b8c19785fb09e3cc7e91318e7a9f5a0ec2e.wav,cb47503d97596fd8b2d1b37a89935984b7ab7b55da9f182ee34d1a7e60de58c2,8.312743764172335,22050,local_cpu_piper,
2128,target,xlsr_sls_model_v4_kk_spoof:Train/podcasts/03_46_294,v4:kk:Train/podcasts/03_46_294,kk-piper-issai-high-v1,piper_neural_tts,piper_kk_issai_high,ISSAI_KazakhTTS_F1_Raya,3,,succeeded,ISSAI_KazakhTTS_F1_Raya,3,,1593619296,1,[],raw/v4/xlsr_sls_model_v4_kk_spoof_raw_v1/kk-piper-issai-high-v1/c9/c9138e02afb804b29fe99ad69be39b8a062e12cf704c73eb3f4a6fae2d41d3ec.wav,3a6e1e4125d6c0a425ba1c03d89691b7adf781164b3d1dd37e79637a5ead2c6c,7.267845804988662,22050,local_cpu_piper,
2132,target,xlsr_sls_model_v4_kk_spoof:Train/parliament/senate_09_379,v4:kk:Train/parliament/senate_09_379,kk-piper-issai-high-v1,piper_neural_tts,piper_kk_issai_high,ISSAI_KazakhTTS2_F1,4,,succeeded,ISSAI_KazakhTTS2_F1,4,,205573446,1,[],raw/v4/xlsr_sls_model_v4_kk_spoof_raw_v1/kk-piper-issai-high-v1/05/051b148bce1d4e68785abc1fd5721fb6b31d2f531e47ff98517dded9b0cdac79.wav,caf05a78867c46a2e23e9debcee7edf9177c75efac0fd480e8576504747d2a13,14.454421768707483,22050,local_cpu_piper,
2136,target,xlsr_sls_model_v4_kk_spoof:Train/parliament/senate_09_358,v4:kk:Train/parliament/senate_09_358,kk-piper-issai-high-v1,piper_neural_tts,piper_kk_issai_high,ISSAI_KazakhTTS2_F2,5,,succeeded,ISSAI_KazakhTTS2_F2,5,,1774920318,1,[],raw/v4/xlsr_sls_model_v4_kk_spoof_raw_v1/kk-piper-issai-high-v1/2c/2c88ed17a5587146d743e6e568c0df203fdfa4212c1b9a11f1620d68ad649ee2.wav,baefcdf25076a81a5a66921d74f56af8e0f1dfcf3ff4c5be0bc07e1940e35332,3.7035827664399092,22050,local_cpu_piper,
2140,target,xlsr_sls_model_v4_kk_spoof:Train/talkshow/01_10_203,v4:kk:Train/talkshow/01_10_203,kk-piper-issai-high-v1,piper_neural_tts,piper_kk_issai_high,ISSAI_KazakhTTS2_M2,,,succeeded,ISSAI_KazakhTTS2_M2,,,377870940,1,[],raw/v4/xlsr_sls_model_v4_kk_spoof_raw_v1/kk-piper-issai-high-v1/e5/e537eff6d14662a045b28124c5bcd6b5733db24532c493edbfd91a15cc5fac55.wav,6cb9cec9aa76f48d0dcfa8d489536a2c0d0e7512a00ac0cb999299d6fbbeee32,6.489977324263038,22050,local_cpu_piper,
2144,target,xlsr_sls_model_v4_kk_spoof:Train/podcasts/04_01_088,v4:kk:Train/podcasts/04_01_088,kk-piper-issai-high-v1,piper_neural_tts,piper_kk_issai_high,ISSAI_KazakhTTS_M1_Iseke,1,,succeeded,ISSAI_KazakhTTS_M1_Iseke,1,,1294312754,1,[],raw/v4/xlsr_sls_model_v4_kk_spoof_raw_v1/kk-piper-issai-high-v1/d4/d4aef2047318b13127331df0fb1d47d09b8a96ee4848bc73983dc45bd1190d51.wav,be92caf50331c5a272744a15f61c806431740df242c7368da23a157dad02b537,8.219863945578231,22050,local_cpu_piper,
2148,target,xlsr_sls_model_v4_kk_spoof:Train/tv_news/5fffdb0059358,v4:kk:Train/tv_news/5fffdb0059358,kk-piper-issai-high-v1,piper_neural_tts,piper_kk_issai_high,ISSAI_KazakhTTS2_F3,2,,succeeded,ISSAI_KazakhTTS2_F3,2,,596053941,1,[],raw/v4/xlsr_sls_model_v4_kk_spoof_raw_v1/kk-piper-issai-high-v1/11/11b6e63475e9e4fc4ea0056ca967d4cc21e58c0e0ce9d02587214f5ff47a0985.wav,065e30bb6690c230f3098f75fd4525e9cb90e60b6d737f90d350dc028f6e4b9a,4.609160997732427,22050,local_cpu_piper,
2152,target,xlsr_sls_model_v4_kk_spoof:Train/parliament/senate_06_271,v4:kk:Train/parliament/senate_06_271,kk-piper-issai-high-v1,piper_neural_tts,piper_kk_issai_high,ISSAI_KazakhTTS_F1_Raya,3,,succeeded,ISSAI_KazakhTTS_F1_Raya,3,,1484082194,1,[],raw/v4/xlsr_sls_model_v4_kk_spoof_raw_v1/kk-piper-issai-high-v1/9d/9d79cefd86fe60ab234ec6cdc5e69f3bf7f5e560eb7be4ce5167a9db15961396.wav,f08eb65180f35018e8c497b6ac8cffcf2cb77efa9dac31bca5468f16c173afff,3.5526530612244898,22050,local_cpu_piper,
2156,target,xlsr_sls_model_v4_kk_spoof:Train/radio/01_77_177,v4:kk:Train/radio/01_77_177,kk-piper-issai-high-v1,piper_neural_tts,piper_kk_issai_high,ISSAI_KazakhTTS2_F1,4,,succeeded,ISSAI_KazakhTTS2_F1,4,,1406412903,1,[],raw/v4/xlsr_sls_model_v4_kk_spoof_raw_v1/kk-piper-issai-high-v1/26/26b1a4e24f88bd61441b5396dd95ebe98af9e6db5767ca64c923f88638309496.wav,5d8f0456cf683e022e7f685c33da6e8802842beebb4fbc34a7ba6eb00f9a864e,3.7151927437641725,22050,local_cpu_piper,
2160,target,xlsr_sls_model_v4_kk_spoof:Train/podcasts/01_07_536,v4:kk:Train/podcasts/01_07_536,kk-piper-issai-high-v1,piper_neural_tts,piper_kk_issai_high,ISSAI_KazakhTTS2_F2,5,,succeeded,ISSAI_KazakhTTS2_F2,5,,210306802,1,[],raw/v4/xlsr_sls_model_v4_kk_spoof_raw_v1/kk-piper-issai-high-v1/30/3062b2adbbf1de584921589a47837054d40aae35be29b49c380383df5418446f.wav,99f7338386db41ccd65dfd351cdc66245476b5b0d07802459955db1f0e9f1d58,9.763990929705216,22050,local_cpu_piper,
2164,target,xlsr_sls_model_v4_kk_spoof:Train/talkshow/01_47_039,v4:kk:Train/talkshow/01_47_039,kk-piper-issai-high-v1,piper_neural_tts,piper_kk_issai_high,ISSAI_KazakhTTS2_M2,,,succeeded,ISSAI_KazakhTTS2_M2,,,901567368,1,[],raw/v4/xlsr_sls_model_v4_kk_spoof_raw_v1/kk-piper-issai-high-v1/52/523232a1a404791b2625a48034ebd5c51ad2b094f6c04113356d06770a9005bb.wav,4d08080432d3584d9059cb0cf20cde02aa7fb383bb39d4eda8538a25abbe737a,3.7500226757369615,22050,local_cpu_piper,
2168,target,xlsr_sls_model_v4_kk_spoof:Train/talkshow/01_81_018,v4:kk:Train/talkshow/01_81_018,kk-piper-issai-high-v1,piper_neural_tts,piper_kk_issai_high,ISSAI_KazakhTTS_M1_Iseke,1,,succeeded,ISSAI_KazakhTTS_M1_Iseke,1,,419554509,1,[],raw/v4/xlsr_sls_model_v4_kk_spoof_raw_v1/kk-piper-issai-high-v1/96/966087a0aa1b4d1836c4495cb8f93d77a687f279faebe09b6a7ca77e4129dfee.wav,2566477d860449f427c37d4ad570166aa9b69361993192d4ceec3b28f081e7be,6.130068027210885,22050,local_cpu_piper,
2172,target,xlsr_sls_model_v4_kk_spoof:Train/parliament/mazhilis_16_1_434,v4:kk:Train/parliament/mazhilis_16_1_434,kk-piper-issai-high-v1,piper_neural_tts,piper_kk_issai_high,ISSAI_KazakhTTS2_F3,2,,succeeded,ISSAI_KazakhTTS2_F3,2,,913942937,1,[],raw/v4/xlsr_sls_model_v4_kk_spoof_raw_v1/kk-piper-issai-high-v1/50/50b6b83458737288c58c98486d76a1a2bda8a32b556870fa9b1af3b77289035c.wav,c9e6663497f2de7e6a49f32c60a18e3e159cc84979cc6bbb032a6ce14760f0d2,7.302675736961452,22050,local_cpu_piper,
2176,target,xlsr_sls_model_v4_kk_spoof:Train/tv_news/5fa2e8da3f3f5,v4:kk:Train/tv_news/5fa2e8da3f3f5,kk-piper-issai-high-v1,piper_neural_tts,piper_kk_issai_high,ISSAI_KazakhTTS_F1_Raya,3,,succeeded,ISSAI_KazakhTTS_F1_Raya,3,,1414486246,1,[],raw/v4/xlsr_sls_model_v4_kk_spoof_raw_v1/kk-piper-issai-high-v1/bd/bd0c646515e8f05782427f109aa2c7eeb8937d93ec7d5f668881b8910315afa7.wav,0a62acc8f041e819506cba491d70dfdd6f5090d7e01a7eb93126d5a3a63fde94,4.760090702947846,22050,local_cpu_piper,
2180,target,xlsr_sls_model_v4_kk_spoof:Train/radio/01_73_192,v4:kk:Train/radio/01_73_192,kk-piper-issai-high-v1,piper_neural_tts,piper_kk_issai_high,ISSAI_KazakhTTS2_F1,4,,succeeded,ISSAI_KazakhTTS2_F1,4,,978335650,1,[],raw/v4/xlsr_sls_model_v4_kk_spoof_raw_v1/kk-piper-issai-high-v1/5b/5b1881ca1daddef836799f8f07bc3f649fe013c3b5c4f9223a407d12cadafa75.wav,c1b7e230e104dfc16a5c2f228381c23512eccb1513dd8bb342502ecaf569ebec,2.693514739229025,22050,local_cpu_piper,
2184,target,xlsr_sls_model_v4_kk_spoof:Train/podcasts/04_09_294,v4:kk:Train/podcasts/04_09_294,kk-piper-issai-high-v1,piper_neural_tts,piper_kk_issai_high,ISSAI_KazakhTTS2_F2,5,,succeeded,ISSAI_KazakhTTS2_F2,5,,1227058467,1,[],raw/v4/xlsr_sls_model_v4_kk_spoof_raw_v1/kk-piper-issai-high-v1/44/44cf01dd37762099c39bd504d4ea649f273a02e8bcb73c811f8f48230d2541d2.wav,b40631d817b634e08bdd8b39e7e892d91e8f110946ce80142e9638ac2fba10af,4.9458503401360545,22050,local_cpu_piper,
2188,target,xlsr_sls_model_v4_kk_spoof:Train/podcasts/05_10_125,v4:kk:Train/podcasts/05_10_125,kk-piper-issai-high-v1,piper_neural_tts,piper_kk_issai_high,ISSAI_KazakhTTS2_M2,,,succeeded,ISSAI_KazakhTTS2_M2,,,546861743,1,[],raw/v4/xlsr_sls_model_v4_kk_spoof_raw_v1/kk-piper-issai-high-v1/4f/4f3637e6969b1144f491001635232c460073c6325e051d0240ab39c8bebbe564.wav,f91f3cc168f18cabac255e6c5cc357792e0d70f7bbd50db2851497903e664ed7,7.244625850340136,22050,local_cpu_piper,
2192,target,xlsr_sls_model_v4_kk_spoof:Train/podcasts/05_08_043,v4:kk:Train/podcasts/05_08_043,kk-piper-issai-high-v1,piper_neural_tts,piper_kk_issai_high,ISSAI_KazakhTTS_M1_Iseke,1,,succeeded,ISSAI_KazakhTTS_M1_Iseke,1,,379937707,1,[],raw/v4/xlsr_sls_model_v4_kk_spoof_raw_v1/kk-piper-issai-high-v1/40/40e29ee8ad775d23a4cb0d0f90aa10102e2c5d2f7eb5d0081cdfc45ad93457f8.wav,a0a5d5e22a2f529a84619499e460ec61d671e3b216332a8042f00d9c980f1951,12.144036281179138,22050,local_cpu_piper,
2196,target,xlsr_sls_model_v4_kk_spoof:Train/podcasts/04_00_409,v4:kk:Train/podcasts/04_00_409,kk-piper-issai-high-v1,piper_neural_tts,piper_kk_issai_high,ISSAI_KazakhTTS2_F3,2,,succeeded,ISSAI_KazakhTTS2_F3,2,,778667422,1,[],raw/v4/xlsr_sls_model_v4_kk_spoof_raw_v1/kk-piper-issai-high-v1/24/2461ed455ad4f1ba1b5098da14d5bd48f603a8659cd1db5ea7dc81edb07d8b32.wav,ea150dfd7d1807ab972f29047bdae3bdeaa94ecc18294476ee4d60714e281c1b,3.4829931972789114,22050,local_cpu_piper,
2200,target,xlsr_sls_model_v4_kk_spoof:Train/podcasts/04_04_144,v4:kk:Train/podcasts/04_04_144,kk-piper-issai-high-v1,piper_neural_tts,piper_kk_issai_high,ISSAI_KazakhTTS_F1_Raya,3,,succeeded,ISSAI_KazakhTTS_F1_Raya,3,,1325315295,1,[],raw/v4/xlsr_sls_model_v4_kk_spoof_raw_v1/kk-piper-issai-high-v1/94/945bc6e832df9bb0598da4b58ddd1901e19c44df541de1faf69173a961785e09.wav,5e951871278bb9a233d51dadddffc7a74e04b2eee3a7fbfd3e382a142dcb34d1,3.7500226757369615,22050,local_cpu_piper,
2204,target,xlsr_sls_model_v4_kk_spoof:Train/tv_news/5ffdad8a49267,v4:kk:Train/tv_news/5ffdad8a49267,kk-piper-issai-high-v1,piper_neural_tts,piper_kk_issai_high,ISSAI_KazakhTTS2_F1,4,,succeeded,ISSAI_KazakhTTS2_F1,4,,1955042077,1,[],raw/v4/xlsr_sls_model_v4_kk_spoof_raw_v1/kk-piper-issai-high-v1/88/8883cc60df301518de13c97c4423a48b15a91f927e92735dcc3f0583a23b5d24.wav,b664ec481f9dd985cb3e89ae3d2636d9c4b31521ba3fdf77d1fb0727573abd75,2.5425850340136056,22050,local_cpu_piper,
2208,target,xlsr_sls_model_v4_kk_spoof:Train/radio/01_60_522,v4:kk:Train/radio/01_60_522,kk-piper-issai-high-v1,piper_neural_tts,piper_kk_issai_high,ISSAI_KazakhTTS2_F2,5,,succeeded,ISSAI_KazakhTTS2_F2,5,,635813986,1,[],raw/v4/xlsr_sls_model_v4_kk_spoof_raw_v1/kk-piper-issai-high-v1/22/223553a7c3529f30697c19098d02af506da585d3894bd69ecae4b5e87c24763a.wav,b966dbcc3218adab77b740d0d6501adb6a6337b8c9849daf69757e1787810d34,1.2770975056689342,22050,local_cpu_piper,
2212,target,xlsr_sls_model_v4_kk_spoof:Train/parliament/mazhilis_15_2_132,v4:kk:Train/parliament/mazhilis_15_2_132,kk-piper-issai-high-v1,piper_neural_tts,piper_kk_issai_high,ISSAI_KazakhTTS2_M2,,,succeeded,ISSAI_KazakhTTS2_M2,,,1525737016,1,[],raw/v4/xlsr_sls_model_v4_kk_spoof_raw_v1/kk-piper-issai-high-v1/a9/a9b7716b277f5bdb55092d50edf9164bbb440adc553b028463560b080a078738.wav,817cbc9b04a5e8cf1f1959eb44b52444e5bb89f572d8d76ff14cdd843c0604b4,5.3986394557823125,22050,local_cpu_piper,
2216,target,xlsr_sls_model_v4_kk_spoof:Train/talkshow/01_14_131,v4:kk:Train/talkshow/01_14_131,kk-piper-issai-high-v1,piper_neural_tts,piper_kk_issai_high,ISSAI_KazakhTTS_M1_Iseke,1,,succeeded,ISSAI_KazakhTTS_M1_Iseke,1,,1292253226,1,[],raw/v4/xlsr_sls_model_v4_kk_spoof_raw_v1/kk-piper-issai-high-v1/ef/efdd705280ade16091b3e1aa13514be015b8cb425fe73273a6a7ffd48f3dca9f.wav,3027fadab0358b3ce74ba62d0741d57a035f0e1505c6995002e930c0a3377ad1,7.453605442176871,22050,local_cpu_piper,
2220,target,xlsr_sls_model_v4_kk_spoof:Train/talkshow/01_46_362,v4:kk:Train/talkshow/01_46_362,kk-piper-issai-high-v1,piper_neural_tts,piper_kk_issai_high,ISSAI_KazakhTTS2_F3,2,,succeeded,ISSAI_KazakhTTS2_F3,2,,1360041363,1,[],raw/v4/xlsr_sls_model_v4_kk_spoof_raw_v1/kk-piper-issai-high-v1/f2/f2ef831c2cf0d0ac9070b709a7f5fd843e77fde069808e8ced07e0b4564704d1.wav,385ae7ce72cc75f4b9cea7a6e510ea148228eafd445e32ea4a088b8bfbf897a2,9.09061224489796,22050,local_cpu_piper,
2224,target,xlsr_sls_model_v4_kk_spoof:Train/podcasts/06_02_001,v4:kk:Train/podcasts/06_02_001,kk-piper-issai-high-v1,piper_neural_tts,piper_kk_issai_high,ISSAI_KazakhTTS_F1_Raya,3,,succeeded,ISSAI_KazakhTTS_F1_Raya,3,,941961050,1,[],raw/v4/xlsr_sls_model_v4_kk_spoof_raw_v1/kk-piper-issai-high-v1/46/465380025ac4c0638b7c825a2d716d9f5e689a1080bef5bfe000b78a46d67ea1.wav,66a7ff92204f1621a63b5f139fc2cfb73fe9d350e5d58b9cbe8105135db6ac5b,2.948934240362812,22050,local_cpu_piper,
2228,target,xlsr_sls_model_v4_kk_spoof:Train/tv_news/5f71065b8f0bb,v4:kk:Train/tv_news/5f71065b8f0bb,kk-piper-issai-high-v1,piper_neural_tts,piper_kk_issai_high,ISSAI_KazakhTTS2_F1,4,,succeeded,ISSAI_KazakhTTS2_F1,4,,129688794,1,[],raw/v4/xlsr_sls_model_v4_kk_spoof_raw_v1/kk-piper-issai-high-v1/2e/2ea5d399ddea6098370e70704b8bef5f4de3a9e49b2ea0aacbb77c9618bd6851.wav,dc3c92aaa3917e7d97657b874006c0a37cf214893a373560d36429743a4d64c8,2.995374149659864,22050,local_cpu_piper,
2232,target,xlsr_sls_model_v4_kk_spoof:Train/parliament/senate_14_335,v4:kk:Train/parliament/senate_14_335,kk-piper-issai-high-v1,piper_neural_tts,piper_kk_issai_high,ISSAI_KazakhTTS2_F2,5,,succeeded,ISSAI_KazakhTTS2_F2,5,,56884262,1,[],raw/v4/xlsr_sls_model_v4_kk_spoof_raw_v1/kk-piper-issai-high-v1/05/05425797ad825c169ace29ac551496886e242592493618e08bfad5ca91191b93.wav,87a25ae03b74edfcbf0ec13e4a87252e70bbf313d0dc1f68b5ccde6e9e2d5e91,10.785668934240363,22050,local_cpu_piper,
2236,target,xlsr_sls_model_v4_kk_spoof:Train/podcasts/06_06_244,v4:kk:Train/podcasts/06_06_244,kk-piper-issai-high-v1,piper_neural_tts,piper_kk_issai_high,ISSAI_KazakhTTS2_M2,,,succeeded,ISSAI_KazakhTTS2_M2,,,997359696,1,[],raw/v4/xlsr_sls_model_v4_kk_spoof_raw_v1/kk-piper-issai-high-v1/49/495a112098d5fd3ab45c807910b6a12d07c0d0d1a0a971f1f42c5425b7eff91d.wav,b2d2272e33ec010a39ecb7db61a4da693338ecb366086e7b4b6e8bdf70137c73,6.2345578231292516,22050,local_cpu_piper,
2240,target,xlsr_sls_model_v4_kk_spoof:Train/talkshow/01_71_110,v4:kk:Train/talkshow/01_71_110,kk-piper-issai-high-v1,piper_neural_tts,piper_kk_issai_high,ISSAI_KazakhTTS_M1_Iseke,1,,succeeded,ISSAI_KazakhTTS_M1_Iseke,1,,1732497151,1,[],raw/v4/xlsr_sls_model_v4_kk_spoof_raw_v1/kk-piper-issai-high-v1/45/45655d82d8deb3498e936901d2ba8af440901075d879b42a3a9257e8c543d0f4.wav,796dc48d59d400c767db90b533f1e7a6aa30f6c3c3fdd8af5f75b28a636ded89,6.989206349206349,22050,local_cpu_piper,
2244,target,xlsr_sls_model_v4_kk_spoof:Train/tv_news/5f71ce516d901,v4:kk:Train/tv_news/5f71ce516d901,kk-piper-issai-high-v1,piper_neural_tts,piper_kk_issai_high,ISSAI_KazakhTTS2_F3,2,,succeeded,ISSAI_KazakhTTS2_F3,2,,920231755,1,[],raw/v4/xlsr_sls_model_v4_kk_spoof_raw_v1/kk-piper-issai-high-v1/50/50e4ef9ea3fe79346e9104a2b4002d45d3c9efdd04d7502f06eadf24b6bc64f5.wav,997307619482cbe444d8effa6a19760e2a7e2eeb7be07e48a1f686663fadc73d,7.778684807256236,22050,local_cpu_piper,
2248,target,xlsr_sls_model_v4_kk_spoof:Train/tv_news/5fa2e8b998ef1,v4:kk:Train/tv_news/5fa2e8b998ef1,kk-piper-issai-high-v1,piper_neural_tts,piper_kk_issai_high,ISSAI_KazakhTTS_F1_Raya,3,,succeeded,ISSAI_KazakhTTS_F1_Raya,3,,511366381,1,[],raw/v4/xlsr_sls_model_v4_kk_spoof_raw_v1/kk-piper-issai-high-v1/52/52c28608d48aca66de51db9bc5a43d94a1742267d137824201c2bfbd54b6273d.wav,25eac41dbc89388e8a2e7d1e03a5544cc1d8aca0921ea16050ce850b1f605bc8,4.005442176870749,22050,local_cpu_piper,
2252,target,xlsr_sls_model_v4_kk_spoof:Train/talkshow/01_44_240,v4:kk:Train/talkshow/01_44_240,kk-piper-issai-high-v1,piper_neural_tts,piper_kk_issai_high,ISSAI_KazakhTTS2_F1,4,,succeeded,ISSAI_KazakhTTS2_F1,4,,1149070072,1,[],raw/v4/xlsr_sls_model_v4_kk_spoof_raw_v1/kk-piper-issai-high-v1/0b/0b935d7aa02321b168d1002aaf12e8592f4fb55de3de57e9b71d819ae5ba1665.wav,4382522e34385d99baa782c3b902e145bda7c77c4ba65a2a85cb3c3b0aa25fca,3.3901133786848074,22050,local_cpu_piper,
2256,target,xlsr_sls_model_v4_kk_spoof:Train/tv_news/5f7107a007b43,v4:kk:Train/tv_news/5f7107a007b43,kk-piper-issai-high-v1,piper_neural_tts,piper_kk_issai_high,ISSAI_KazakhTTS2_F2,5,,succeeded,ISSAI_KazakhTTS2_F2,5,,1423703240,1,[],raw/v4/xlsr_sls_model_v4_kk_spoof_raw_v1/kk-piper-issai-high-v1/04/04f8b39f9c3c3620f0724edcfa3c07727260ba782daea7807d8a9647b71f2ea9.wav,800b8b893e42b2e8698fcf3e742440b5ab321612882bef5818d07930b9486702,3.5062131519274375,22050,local_cpu_piper,
2260,target,xlsr_sls_model_v4_kk_spoof:Train/podcasts/01_06_043,v4:kk:Train/podcasts/01_06_043,kk-piper-issai-high-v1,piper_neural_tts,piper_kk_issai_high,ISSAI_KazakhTTS2_M2,,,succeeded,ISSAI_KazakhTTS2_M2,,,1897818286,1,[],raw/v4/xlsr_sls_model_v4_kk_spoof_raw_v1/kk-piper-issai-high-v1/07/073c911c25abcd3c07ac532cabfbe54dd17b3a1d66e9916783c9cbb5805e367d.wav,bbffb93f912619e9c3b64b4860933ee48ca8e18035a4e575f2fee52d41220d2b,6.861496598639456,22050,local_cpu_piper,
2264,target,xlsr_sls_model_v4_kk_spoof:Train/parliament/senate_05_094,v4:kk:Train/parliament/senate_05_094,kk-piper-issai-high-v1,piper_neural_tts,piper_kk_issai_high,ISSAI_KazakhTTS_M1_Iseke,1,,succeeded,ISSAI_KazakhTTS_M1_Iseke,1,,1420956072,1,[],raw/v4/xlsr_sls_model_v4_kk_spoof_raw_v1/kk-piper-issai-high-v1/66/667b499dc8cab73a4a15ab14a56c1273ca2f8e471b88a9e7b47248233cb75f98.wav,d17003923e7f7eb6960e6fe2a6b06dfffa133c805a9282756046c9dcd3e4dccd,14.245442176870748,22050,local_cpu_piper,
2268,target,xlsr_sls_model_v4_kk_spoof:Train/talkshow/01_24_226,v4:kk:Train/talkshow/01_24_226,kk-piper-issai-high-v1,piper_neural_tts,piper_kk_issai_high,ISSAI_KazakhTTS2_F3,2,,succeeded,ISSAI_KazakhTTS2_F3,2,,1434082535,1,[],raw/v4/xlsr_sls_model_v4_kk_spoof_raw_v1/kk-piper-issai-high-v1/dd/dd7c16827491801092ba4be7e900f16af947c732c08ccf9e795030fbd7eff3f7.wav,fc386e020007f7dd4b5cfc4e02ea482a95db1d9ea78262fc84184f8758a8937a,1.2770975056689342,22050,local_cpu_piper,
2272,target,xlsr_sls_model_v4_kk_spoof:Train/podcasts/06_08_163,v4:kk:Train/podcasts/06_08_163,kk-piper-issai-high-v1,piper_neural_tts,piper_kk_issai_high,ISSAI_KazakhTTS_F1_Raya,3,,succeeded,ISSAI_KazakhTTS_F1_Raya,3,,88456860,1,[],raw/v4/xlsr_sls_model_v4_kk_spoof_raw_v1/kk-piper-issai-high-v1/e1/e12fe2f2a6729dbb9af94cefe0c4f9603f11c6173a88a811db44d7e060638795.wav,7f21b624ec546af7480890c23b72a99d5fe45f16b39360259d907bc4be143334,4.307301587301588,22050,local_cpu_piper,
2276,target,xlsr_sls_model_v4_kk_spoof:Train/podcasts/04_09_227,v4:kk:Train/podcasts/04_09_227,kk-piper-issai-high-v1,piper_neural_tts,piper_kk_issai_high,ISSAI_KazakhTTS2_F1,4,,succeeded,ISSAI_KazakhTTS2_F1,4,,393617664,1,[],raw/v4/xlsr_sls_model_v4_kk_spoof_raw_v1/kk-piper-issai-high-v1/57/576bb2e80ba968d4daabf5baa0f29808bcbd659ac2f31496ea515d71fbbc7da2.wav,1b35dfe5925c64d3d60e6e1b77f7f8e21be5647a251113a44a6c3612659739de,11.087528344671203,22050,local_cpu_piper,
2280,target,xlsr_sls_model_v4_kk_spoof:Train/talkshow/01_65_193,v4:kk:Train/talkshow/01_65_193,kk-piper-issai-high-v1,piper_neural_tts,piper_kk_issai_high,ISSAI_KazakhTTS2_F2,5,,succeeded,ISSAI_KazakhTTS2_F2,5,,1924417822,1,[],raw/v4/xlsr_sls_model_v4_kk_spoof_raw_v1/kk-piper-issai-high-v1/66/666f8fff61a74ea5a8800668c00ea1804dc3e43ab5e648d4816ea88531db6f1a.wav,f09f3392861fa760a2b34b8c147b9a5ac69f2daa5a0da90ed6fc23fb96114e70,2.147845804988662,22050,local_cpu_piper,
2284,target,xlsr_sls_model_v4_kk_spoof:Train/parliament/mazhilis_15_2_064,v4:kk:Train/parliament/mazhilis_15_2_064,kk-piper-issai-high-v1,piper_neural_tts,piper_kk_issai_high,ISSAI_KazakhTTS2_M2,,,succeeded,ISSAI_KazakhTTS2_M2,,,747980838,1,[],raw/v4/xlsr_sls_model_v4_kk_spoof_raw_v1/kk-piper-issai-high-v1/00/00c6d5c34f7e96aed2de241a43c587955aa3b0408d0b213137287a22147a4b25.wav,d65d4e74a4ef4a4f5de5a48495ee5e57c7e97fbb88e6e7fed56ee856bde26e9f,1.7414965986394557,22050,local_cpu_piper,
2288,target,xlsr_sls_model_v4_kk_spoof:Train/tv_news/6006d2b919784,v4:kk:Train/tv_news/6006d2b919784,kk-piper-issai-high-v1,piper_neural_tts,piper_kk_issai_high,ISSAI_KazakhTTS_M1_Iseke,1,,succeeded,ISSAI_KazakhTTS_M1_Iseke,1,,508192227,1,[],raw/v4/xlsr_sls_model_v4_kk_spoof_raw_v1/kk-piper-issai-high-v1/2a/2a750a8d8046071e41c0da04999ae203c909856afaf7e3fcaa9b9954daae87a8.wav,c1c3555cde76af1ccba4d4d79e20db070382865ddc7baaf06438e4a0ad7f26a0,8.463673469387755,22050,local_cpu_piper,
2292,target,xlsr_sls_model_v4_kk_spoof:Train/podcasts/01_05_328,v4:kk:Train/podcasts/01_05_328,kk-piper-issai-high-v1,piper_neural_tts,piper_kk_issai_high,ISSAI_KazakhTTS2_F3,2,,succeeded,ISSAI_KazakhTTS2_F3,2,,1061265676,1,[],raw/v4/xlsr_sls_model_v4_kk_spoof_raw_v1/kk-piper-issai-high-v1/01/0161e97b7aed8a0934abc13c12ffc00aaa18ae0e4e7d56ecd33e770ff8b0d81f.wav,866562ee23c8aafcd1cffebf72336870a8b5124f1e1d68299d1691e8773caab8,9.079002267573696,22050,local_cpu_piper,
2296,target,xlsr_sls_model_v4_kk_spoof:Train/radio/01_80_245,v4:kk:Train/radio/01_80_245,kk-piper-issai-high-v1,piper_neural_tts,piper_kk_issai_high,ISSAI_KazakhTTS_F1_Raya,3,,succeeded,ISSAI_KazakhTTS_F1_Raya,3,,826000407,1,[],raw/v4/xlsr_sls_model_v4_kk_spoof_raw_v1/kk-piper-issai-high-v1/81/81103e20b0d7fb5b005726d5fdaab4468e26a60d4a2d4ae322b6efd6d64a0d7a.wav,5191d2bb5a4d19d11551fd7a34943f9250ab85d48353f0790ff45e5d33e7a986,1.3119274376417234,22050,local_cpu_piper,
2300,target,xlsr_sls_model_v4_kk_spoof:Train/podcasts/04_09_083,v4:kk:Train/podcasts/04_09_083,kk-piper-issai-high-v1,piper_neural_tts,piper_kk_issai_high,ISSAI_KazakhTTS2_F1,4,,succeeded,ISSAI_KazakhTTS2_F1,4,,814780822,1,[],raw/v4/xlsr_sls_model_v4_kk_spoof_raw_v1/kk-piper-issai-high-v1/0a/0a6b11252469633adbe509a0d13412799c8272d89a318df1c5cabd792af6f706.wav,b0fef7669414475ae63e1c57a1c74cafc24666dee67d0e8bf281afac273691ef,1.4048072562358276,22050,local_cpu_piper,
2304,target,xlsr_sls_model_v4_kk_spoof:Train/podcasts/06_11_381,v4:kk:Train/podcasts/06_11_381,kk-piper-issai-high-v1,piper_neural_tts,piper_kk_issai_high,ISSAI_KazakhTTS2_F2,5,,succeeded,ISSAI_KazakhTTS2_F2,5,,1553156850,1,[],raw/v4/xlsr_sls_model_v4_kk_spoof_raw_v1/kk-piper-issai-high-v1/e3/e3de7e78a08a1156907f983afabda816135f779ff8d456abb6d86675a7c6dfed.wav,ebac361b13c1f6b477f05e3200045f499a2efacdbdfabbc227abd01b28a696ec,10.27482993197279,22050,local_cpu_piper,
2308,target,xlsr_sls_model_v4_kk_spoof:Train/podcasts/08_00_062,v4:kk:Train/podcasts/08_00_062,kk-piper-issai-high-v1,piper_neural_tts,piper_kk_issai_high,ISSAI_KazakhTTS2_M2,,,succeeded,ISSAI_KazakhTTS2_M2,,,369184488,1,[],raw/v4/xlsr_sls_model_v4_kk_spoof_raw_v1/kk-piper-issai-high-v1/db/db8237e075f6b756c0bf6be66bc485b088774bef870df9ff48ffbe5b7c88b92c.wav,5fc6087147bee259ef661cf43bb998d546d8b2b471a101def8112dee8f72e4a6,3.5294331065759637,22050,local_cpu_piper,
2312,target,xlsr_sls_model_v4_kk_spoof:Train/talkshow/01_38_651,v4:kk:Train/talkshow/01_38_651,kk-piper-issai-high-v1,piper_neural_tts,piper_kk_issai_high,ISSAI_KazakhTTS_M1_Iseke,1,,succeeded,ISSAI_KazakhTTS_M1_Iseke,1,,2087677050,1,[],raw/v4/xlsr_sls_model_v4_kk_spoof_raw_v1/kk-piper-issai-high-v1/bf/bf4684c1bf83295eae0dd4293d0407c20b5de3739c36b527118987c1571c7917.wav,aec917c5eaabb5494a2788109b43123cab8b7490474dc30b7ddf28bf22d5ae46,5.793378684807256,22050,local_cpu_piper,
2316,target,xlsr_sls_model_v4_kk_spoof:Train/podcasts/04_02_251,v4:kk:Train/podcasts/04_02_251,kk-piper-issai-high-v1,piper_neural_tts,piper_kk_issai_high,ISSAI_KazakhTTS2_F3,2,,succeeded,ISSAI_KazakhTTS2_F3,2,,1863009884,1,[],raw/v4/xlsr_sls_model_v4_kk_spoof_raw_v1/kk-piper-issai-high-v1/a4/a4da5829872018da87c0ac46cc69dd373a0979c811f463792c1133893fc00485.wav,cb7222d6776b04646b4a68be6586c9df773e0d59aeeeea317269a87067177b33,5.410249433106576,22050,local_cpu_piper,
2320,target,xlsr_sls_model_v4_kk_spoof:Train/tv_news/6016a3db1c453,v4:kk:Train/tv_news/6016a3db1c453,kk-piper-issai-high-v1,piper_neural_tts,piper_kk_issai_high,ISSAI_KazakhTTS_F1_Raya,3,,succeeded,ISSAI_KazakhTTS_F1_Raya,3,,471550350,1,[],raw/v4/xlsr_sls_model_v4_kk_spoof_raw_v1/kk-piper-issai-high-v1/6d/6dc4ff3f83e8f5b6ad274ec14ab1a44e59fa05042a87b504a8e85811c586b081.wav,bb259a86fd7007e012f66d513dc26bb7f7826670085badcbaa9fd07439ca180a,3.0998639455782313,22050,local_cpu_piper,
2324,target,xlsr_sls_model_v4_kk_spoof:Train/tv_news/5f71d076f3fed,v4:kk:Train/tv_news/5f71d076f3fed,kk-piper-issai-high-v1,piper_neural_tts,piper_kk_issai_high,ISSAI_KazakhTTS2_F1,4,,succeeded,ISSAI_KazakhTTS2_F1,4,,934340859,1,[],raw/v4/xlsr_sls_model_v4_kk_spoof_raw_v1/kk-piper-issai-high-v1/67/67bfb4ab61aa6f09e05adac4ec87d04da15c809b0bcb8bedaf74dc4e888dd0fd.wav,c8f15365f9258f060e7b3eace39c32e95e3f48df2289af8d1c89afd6b7be1ed2,2.426485260770975,22050,local_cpu_piper,
2328,target,xlsr_sls_model_v4_kk_spoof:Train/parliament/mazhilis_04_550,v4:kk:Train/parliament/mazhilis_04_550,kk-piper-issai-high-v1,piper_neural_tts,piper_kk_issai_high,ISSAI_KazakhTTS2_F2,5,,succeeded,ISSAI_KazakhTTS2_F2,5,,240312290,1,[],raw/v4/xlsr_sls_model_v4_kk_spoof_raw_v1/kk-piper-issai-high-v1/08/08344517c0e9e689518e38c78b0697ee3c159ecce7e4200a8baab46d2e280f7d.wav,3a5dd8dcf792655490043019887378905c0881caf55df07833919339819c73c9,6.582857142857143,22050,local_cpu_piper,
2332,target,xlsr_sls_model_v4_kk_spoof:Train/tv_news/5fd037b85c165,v4:kk:Train/tv_news/5fd037b85c165,kk-piper-issai-high-v1,piper_neural_tts,piper_kk_issai_high,ISSAI_KazakhTTS2_M2,,,succeeded,ISSAI_KazakhTTS2_M2,,,963386401,1,[],raw/v4/xlsr_sls_model_v4_kk_spoof_raw_v1/kk-piper-issai-high-v1/83/83eab2034c4afc17879db17f9e60884882c1ba94affcc677762a3a8947db1a63.wav,b30facc1bd69647a77b0bf1e432c4cadbca1c30c37a187d7b36d2c4253cf52c4,6.292607709750567,22050,local_cpu_piper,
2336,target,xlsr_sls_model_v4_kk_spoof:Train/tv_news/5f71cff7b9800,v4:kk:Train/tv_news/5f71cff7b9800,kk-piper-issai-high-v1,piper_neural_tts,piper_kk_issai_high,ISSAI_KazakhTTS_M1_Iseke,1,,succeeded,ISSAI_KazakhTTS_M1_Iseke,1,,460547971,1,[],raw/v4/xlsr_sls_model_v4_kk_spoof_raw_v1/kk-piper-issai-high-v1/42/42fef76855e9e2479c4538e282bf2ee344f0eb93f94bacc20c018bcf1fa8957b.wav,be062a30c1202121bcc5109609475e05c765aeb34cc4398704d1e47efe15cceb,9.229931972789116,22050,local_cpu_piper,
2340,target,xlsr_sls_model_v4_kk_spoof:Train/parliament/senate_04_088,v4:kk:Train/parliament/senate_04_088,kk-piper-issai-high-v1,piper_neural_tts,piper_kk_issai_high,ISSAI_KazakhTTS2_F3,2,,succeeded,ISSAI_KazakhTTS2_F3,2,,27846429,1,[],raw/v4/xlsr_sls_model_v4_kk_spoof_raw_v1/kk-piper-issai-high-v1/14/14a0fbc390c9371d54a2900d34b4b1fa91d4ef67f2c9de336a6be7ee17bd48bc.wav,bfd71644a99b500de31cbd7fcfea58f7b00279538ab626901cc18e7d91c66a0a,6.431927437641724,22050,local_cpu_piper,
2344,target,xlsr_sls_model_v4_kk_spoof:Train/parliament/senate_09_080,v4:kk:Train/parliament/senate_09_080,kk-piper-issai-high-v1,piper_neural_tts,piper_kk_issai_high,ISSAI_KazakhTTS_F1_Raya,3,,succeeded,ISSAI_KazakhTTS_F1_Raya,3,,580584587,1,[],raw/v4/xlsr_sls_model_v4_kk_spoof_raw_v1/kk-piper-issai-high-v1/fd/fda4d4767436cb5286683fc7b66baa2ea4083e5b01f248540de9209c0fb969c5.wav,d1882849366e5e67fa5571f82e89e26201ba855278b1d56ad26f2950d1dfa08f,1.8575963718820863,22050,local_cpu_piper,
2348,target,xlsr_sls_model_v4_kk_spoof:Train/tv_news/5f71d0f068c5c,v4:kk:Train/tv_news/5f71d0f068c5c,kk-piper-issai-high-v1,piper_neural_tts,piper_kk_issai_high,ISSAI_KazakhTTS2_F1,4,,succeeded,ISSAI_KazakhTTS2_F1,4,,1364332059,1,[],raw/v4/xlsr_sls_model_v4_kk_spoof_raw_v1/kk-piper-issai-high-v1/9f/9f274ad1addd3a969b0868d6dc22ed56f4218ba75b4db76535b56cb193c759f5.wav,b006c860646986cc7dd53586d051f6869bc5fd76b37d9b0e4c89d5b0dceca5d0,5.61922902494331,22050,local_cpu_piper,
2352,target,xlsr_sls_model_v4_kk_spoof:Train/radio/01_55_376,v4:kk:Train/radio/01_55_376,kk-piper-issai-high-v1,piper_neural_tts,piper_kk_issai_high,ISSAI_KazakhTTS2_F2,5,,succeeded,ISSAI_KazakhTTS2_F2,5,,1127706971,1,[],raw/v4/xlsr_sls_model_v4_kk_spoof_raw_v1/kk-piper-issai-high-v1/1d/1db2d9d51479d8e88a8c5723b51472bd74628b96545339170103ea8866ff2540.wav,cfcc9880d668ee6575ac4b63743cbf7e49629fd0d69cb770848bff7d285957d4,1.8575963718820863,22050,local_cpu_piper,
2356,target,xlsr_sls_model_v4_kk_spoof:Train/radio/01_63_642,v4:kk:Train/radio/01_63_642,kk-piper-issai-high-v1,piper_neural_tts,piper_kk_issai_high,ISSAI_KazakhTTS2_M2,,,succeeded,ISSAI_KazakhTTS2_M2,,,1056570050,1,[],raw/v4/xlsr_sls_model_v4_kk_spoof_raw_v1/kk-piper-issai-high-v1/c7/c77fe259d317ee81468dc281c6aebfb04fa19a1dfe7ee8e45c841f3b010bda26.wav,d9b035b51067f31aaf991dcf6955ed2870bddf86ac960650e39f6a01712cdcbd,1.8924263038548752,22050,local_cpu_piper,
2360,target,xlsr_sls_model_v4_kk_spoof:Train/tv_news/5f71cffd35b26,v4:kk:Train/tv_news/5f71cffd35b26,kk-piper-issai-high-v1,piper_neural_tts,piper_kk_issai_high,ISSAI_KazakhTTS_M1_Iseke,1,,succeeded,ISSAI_KazakhTTS_M1_Iseke,1,,1210511218,1,[],raw/v4/xlsr_sls_model_v4_kk_spoof_raw_v1/kk-piper-issai-high-v1/10/1063651c08587adce3bf179e7c329ee7f02a748b91d4e56a1469f418b906ec23.wav,2cbc8228c27e226ea2abbf55c2d0abdd099423589749f4af5ab526a3e11efcee,1.6718367346938776,22050,local_cpu_piper,
2364,target,xlsr_sls_model_v4_kk_spoof:Train/tv_news/5fa2e81a7c82d,v4:kk:Train/tv_news/5fa2e81a7c82d,kk-piper-issai-high-v1,piper_neural_tts,piper_kk_issai_high,ISSAI_KazakhTTS2_F3,2,,succeeded,ISSAI_KazakhTTS2_F3,2,,1365765133,1,[],raw/v4/xlsr_sls_model_v4_kk_spoof_raw_v1/kk-piper-issai-high-v1/a9/a98a71515c9f3262bc5d19c94e17671722fb86011a204be46c694c6a301947ed.wav,7a27f59a4b8524bfcdd21dd0a120ed4a6ed13b586f71d93d0c454ac929a5b417,4.96907029478458,22050,local_cpu_piper,
2368,target,xlsr_sls_model_v4_kk_spoof:Train/talkshow/01_16_030,v4:kk:Train/talkshow/01_16_030,kk-piper-issai-high-v1,piper_neural_tts,piper_kk_issai_high,ISSAI_KazakhTTS_F1_Raya,3,,succeeded,ISSAI_KazakhTTS_F1_Raya,3,,899811779,1,[],raw/v4/xlsr_sls_model_v4_kk_spoof_raw_v1/kk-piper-issai-high-v1/69/6907d2f9bf13d9bea1beff8178337903983fe9b3e5e4c7ac45eb7fe044f64828.wav,d78421aa102a0efcdcd88fa13cdb98d60c75dd070cf682bd358b561b08bbb7b1,6.733786848072563,22050,local_cpu_piper,
2372,target,xlsr_sls_model_v4_kk_spoof:Train/talkshow/01_68_168,v4:kk:Train/talkshow/01_68_168,kk-piper-issai-high-v1,piper_neural_tts,piper_kk_issai_high,ISSAI_KazakhTTS2_F1,4,,succeeded,ISSAI_KazakhTTS2_F1,4,,960353120,1,[],raw/v4/xlsr_sls_model_v4_kk_spoof_raw_v1/kk-piper-issai-high-v1/85/85d64ca51f003532be9e7403da4004df838217f69a88c95e924490b04d02a10f.wav,14438b2e34839cdb6a93ad219388c70225268ba524a33240b8c0a08867d344ac,3.3668934240362813,22050,local_cpu_piper,
2376,target,xlsr_sls_model_v4_kk_spoof:Train/podcasts/03_06_68,v4:kk:Train/podcasts/03_06_68,kk-piper-issai-high-v1,piper_neural_tts,piper_kk_issai_high,ISSAI_KazakhTTS2_F2,5,,succeeded,ISSAI_KazakhTTS2_F2,5,,1752793993,1,[],raw/v4/xlsr_sls_model_v4_kk_spoof_raw_v1/kk-piper-issai-high-v1/ed/ed7a0d89af8175e58664dc3e261bb74dbea67825f3759caa8ab18c76e0f553e8.wav,b162679f2bc1b1b2eaac7bd8adb58bc4f9aef8f29d53ce2e659702a6d5a9e0c9,4.31891156462585,22050,local_cpu_piper,
2380,target,xlsr_sls_model_v4_kk_spoof:Train/talkshow/01_41_062,v4:kk:Train/talkshow/01_41_062,kk-piper-issai-high-v1,piper_neural_tts,piper_kk_issai_high,ISSAI_KazakhTTS2_M2,,,succeeded,ISSAI_KazakhTTS2_M2,,,2032323091,1,[],raw/v4/xlsr_sls_model_v4_kk_spoof_raw_v1/kk-piper-issai-high-v1/9e/9e386e78ef263921e2f9472eaccbfbc2d0eaf74373242e8bc53b57b1f41e1e9b.wav,ae84a62fb9e8958777725535db8faa024671287c7409189ef5064f921711e76a,6.594467120181406,22050,local_cpu_piper,
2384,target,xlsr_sls_model_v4_kk_spoof:Train/tv_news/5fe2a5fe8213e,v4:kk:Train/tv_news/5fe2a5fe8213e,kk-piper-issai-high-v1,piper_neural_tts,piper_kk_issai_high,ISSAI_KazakhTTS_M1_Iseke,1,,succeeded,ISSAI_KazakhTTS_M1_Iseke,1,,455918258,1,[],raw/v4/xlsr_sls_model_v4_kk_spoof_raw_v1/kk-piper-issai-high-v1/bb/bb9ed5d06b55a13135f40c33152a606bdeb3a93c83519d600c8c95c4c12270ae.wav,ea28048e3cb6df833eae00988ce094531da02f5345cb70e344c3cbac0cafc21c,5.607619047619048,22050,local_cpu_piper,
2388,target,xlsr_sls_model_v4_kk_spoof:Train/talkshow/01_75_540,v4:kk:Train/talkshow/01_75_540,kk-piper-issai-high-v1,piper_neural_tts,piper_kk_issai_high,ISSAI_KazakhTTS2_F3,2,,succeeded,ISSAI_KazakhTTS2_F3,2,,378670601,1,[],raw/v4/xlsr_sls_model_v4_kk_spoof_raw_v1/kk-piper-issai-high-v1/7d/7d98005428a7306a55e71a8085a1363b7b14d815fa8d7af365276e741656f46f.wav,891219432b8d96bf64514327cd23a309a283cdd1a9edc78cf108bcb5588472f8,4.864580498866213,22050,local_cpu_piper,
2392,target,xlsr_sls_model_v4_kk_spoof:Train/radio/01_58_344,v4:kk:Train/radio/01_58_344,kk-piper-issai-high-v1,piper_neural_tts,piper_kk_issai_high,ISSAI_KazakhTTS_F1_Raya,3,,succeeded,ISSAI_KazakhTTS_F1_Raya,3,,1907252808,1,[],raw/v4/xlsr_sls_model_v4_kk_spoof_raw_v1/kk-piper-issai-high-v1/fd/fd424c948ab937eb3502b4fb4f26da5d8619a799260dc08fdc79fba109fbe12c.wav,f0446f0793c3fed3925b87b6f228c5d764336e5e02c45b270e9a67e1ee904eaf,2.043356009070295,22050,local_cpu_piper,
2396,target,xlsr_sls_model_v4_kk_spoof:Train/tv_news/5fa2e8a4b5f07,v4:kk:Train/tv_news/5fa2e8a4b5f07,kk-piper-issai-high-v1,piper_neural_tts,piper_kk_issai_high,ISSAI_KazakhTTS2_F1,4,,succeeded,ISSAI_KazakhTTS2_F1,4,,2077416710,1,[],raw/v4/xlsr_sls_model_v4_kk_spoof_raw_v1/kk-piper-issai-high-v1/49/497f596df91942b3ea91c39f4de100e7a6459050fb1540be125f7dc4d5c7694b.wav,c917dc4afcc60b613ca30402eceeef4f4683cd31a3079959f86bfa3860a533ca,5.909478458049887,22050,local_cpu_piper,
2400,target,xlsr_sls_model_v4_kk_spoof:Train/tv_news/5f7106e4a7a57,v4:kk:Train/tv_news/5f7106e4a7a57,kk-piper-issai-high-v1,piper_neural_tts,piper_kk_issai_high,ISSAI_KazakhTTS2_F2,5,,succeeded,ISSAI_KazakhTTS2_F2,5,,1947824514,1,[],raw/v4/xlsr_sls_model_v4_kk_spoof_raw_v1/kk-piper-issai-high-v1/50/5038f1616a6ad8ff1f2df5f2ff29493a9edf3293758bd50aa35cf50fad9f407f.wav,e4549547dcd8e3de9668772f865f3b95fca0e76cb12e207e7d1ff60c0d4ce43d,3.4946031746031747,22050,local_cpu_piper,
2404,target,xlsr_sls_model_v4_kk_spoof:Train/parliament/mazhilis_16_1_402,v4:kk:Train/parliament/mazhilis_16_1_402,kk-piper-issai-high-v1,piper_neural_tts,piper_kk_issai_high,ISSAI_KazakhTTS2_M2,,,succeeded,ISSAI_KazakhTTS2_M2,,,1379505819,1,[],raw/v4/xlsr_sls_model_v4_kk_spoof_raw_v1/kk-piper-issai-high-v1/3b/3ba1bda58146ea833be3205265e2217409db0ce40e4ca2497fff5965366bdcfc.wav,343469ed078e508bff0be960df7949b12c37d746d5a9c86d77affbf8c0c5934d,5.526349206349207,22050,local_cpu_piper,
2408,target,xlsr_sls_model_v4_kk_spoof:Train/podcasts/05_03_048,v4:kk:Train/podcasts/05_03_048,kk-piper-issai-high-v1,piper_neural_tts,piper_kk_issai_high,ISSAI_KazakhTTS_M1_Iseke,1,,succeeded,ISSAI_KazakhTTS_M1_Iseke,1,,1485479855,1,[],raw/v4/xlsr_sls_model_v4_kk_spoof_raw_v1/kk-piper-issai-high-v1/21/2170d8197d05cf6146a4a4b059512a28161515c8f3151dccb651989be575330a.wav,d7e2078d4c5d70bb4d3f674df026033b2a819d16b8b170b5fd91a78f20722f2a,8.394013605442177,22050,local_cpu_piper,
2412,target,xlsr_sls_model_v4_kk_spoof:Train/parliament/senate_20_1185,v4:kk:Train/parliament/senate_20_1185,kk-piper-issai-high-v1,piper_neural_tts,piper_kk_issai_high,ISSAI_KazakhTTS2_F3,2,,succeeded,ISSAI_KazakhTTS2_F3,2,,1592955067,1,[],raw/v4/xlsr_sls_model_v4_kk_spoof_raw_v1/kk-piper-issai-high-v1/7e/7e40ea4b3255d2d5bd6c38a6269075127deeb81d45f88d44ecfd5e6c3644a058.wav,2262b8bea6b89bc32a74dae47702c9e1f32dd12d753012a9e0e9141fa08d4d22,15.464489795918368,22050,local_cpu_piper,
2416,target,xlsr_sls_model_v4_kk_spoof:Train/tv_news/5f71d1190c61e,v4:kk:Train/tv_news/5f71d1190c61e,kk-piper-issai-high-v1,piper_neural_tts,piper_kk_issai_high,ISSAI_KazakhTTS_F1_Raya,3,,succeeded,ISSAI_KazakhTTS_F1_Raya,3,,959718391,1,[],raw/v4/xlsr_sls_model_v4_kk_spoof_raw_v1/kk-piper-issai-high-v1/46/46b3ce4149e61d7261b18f88bbd260574c1440758ab4447a89f9b822f306cd6b.wav,900bb391955eeb52323f27a87ce793833a5c2a810ac7116c9a52b78630707d62,6.199727891156463,22050,local_cpu_piper,
2420,target,xlsr_sls_model_v4_kk_spoof:Train/parliament/mazhilis_27_351,v4:kk:Train/parliament/mazhilis_27_351,kk-piper-issai-high-v1,piper_neural_tts,piper_kk_issai_high,ISSAI_KazakhTTS2_F1,4,,succeeded,ISSAI_KazakhTTS2_F1,4,,1325810980,1,[],raw/v4/xlsr_sls_model_v4_kk_spoof_raw_v1/kk-piper-issai-high-v1/9b/9bb9b7421fd70707bf37a0f72acdd735e210f3200e17d9c4392b985eeb7b5459.wav,04309723a165487888ae229506905d9d85c487622da5f04e937d8d8d7a69e046,12.26013605442177,22050,local_cpu_piper,
2424,target,xlsr_sls_model_v4_kk_spoof:Train/parliament/senate_20_0703,v4:kk:Train/parliament/senate_20_0703,kk-piper-issai-high-v1,piper_neural_tts,piper_kk_issai_high,ISSAI_KazakhTTS2_F2,5,,succeeded,ISSAI_KazakhTTS2_F2,5,,2128467777,1,[],raw/v4/xlsr_sls_model_v4_kk_spoof_raw_v1/kk-piper-issai-high-v1/47/47eb1e1793d33fa6a1c3a34cba6ec36e331924246466565c9ed29dd4cc505cb3.wav,a291b8c86b1803e4e98697a445de2141683348fe96cbb84daea3906967b24a2f,7.2562358276643995,22050,local_cpu_piper,
2428,target,xlsr_sls_model_v4_kk_spoof:Train/radio/01_23_105,v4:kk:Train/radio/01_23_105,kk-piper-issai-high-v1,piper_neural_tts,piper_kk_issai_high,ISSAI_KazakhTTS2_M2,,,succeeded,ISSAI_KazakhTTS2_M2,,,1861535266,1,[],raw/v4/xlsr_sls_model_v4_kk_spoof_raw_v1/kk-piper-issai-high-v1/7e/7ed3b4749dc7f0181a93e41bce3f97ca91101dcb5a66fe3dac9e05a41999dfef.wav,e5d654cdde151fab6a2c8cfc23c00d54bf2e1304dd90a20a089360be52d68c04,4.957460317460318,22050,local_cpu_piper,
2432,target,xlsr_sls_model_v4_kk_spoof:Train/talkshow/01_21_377,v4:kk:Train/talkshow/01_21_377,kk-piper-issai-high-v1,piper_neural_tts,piper_kk_issai_high,ISSAI_KazakhTTS_M1_Iseke,1,,succeeded,ISSAI_KazakhTTS_M1_Iseke,1,,414562538,1,[],raw/v4/xlsr_sls_model_v4_kk_spoof_raw_v1/kk-piper-issai-high-v1/63/630ec7143f1d9c3b18c04913ceb2812064f424e3f9ef4e7d8fd671f63f983ff4.wav,72168f633e2d8050c2e75174258588084e608a10f1a8efc058e09dfc0dcfe894,4.330521541950113,22050,local_cpu_piper,
2436,target,xlsr_sls_model_v4_kk_spoof:Train/tv_news/6006d2dcf27c5,v4:kk:Train/tv_news/6006d2dcf27c5,kk-piper-issai-high-v1,piper_neural_tts,piper_kk_issai_high,ISSAI_KazakhTTS2_F3,2,,succeeded,ISSAI_KazakhTTS2_F3,2,,1729404194,1,[],raw/v4/xlsr_sls_model_v4_kk_spoof_raw_v1/kk-piper-issai-high-v1/aa/aa2f4fc1bbe8ef10d8834c218013bef8a654b4bf6f87fdcef4e2820f2538517e.wav,e0416b47978fe5a7473ff0171c9fa21dfe910f4785e429d44882a944d7d7079e,4.423401360544218,22050,local_cpu_piper,
2440,target,xlsr_sls_model_v4_kk_spoof:Train/talkshow/01_44_444,v4:kk:Train/talkshow/01_44_444,kk-piper-issai-high-v1,piper_neural_tts,piper_kk_issai_high,ISSAI_KazakhTTS_F1_Raya,3,,succeeded,ISSAI_KazakhTTS_F1_Raya,3,,373377501,1,[],raw/v4/xlsr_sls_model_v4_kk_spoof_raw_v1/kk-piper-issai-high-v1/05/0525f64deeb9bc0ea5b5b522b8e488819415cd76fec0488ec4f61225c0e2a0f9.wav,76636ac1d2da962cd92a90a23e5d67b4311a1b095e787aeb871666f1e731bcee,3.866122448979592,22050,local_cpu_piper,
2444,target,xlsr_sls_model_v4_kk_spoof:Train/radio/01_23_212,v4:kk:Train/radio/01_23_212,kk-piper-issai-high-v1,piper_neural_tts,piper_kk_issai_high,ISSAI_KazakhTTS2_F1,4,,succeeded,ISSAI_KazakhTTS2_F1,4,,155156696,1,[],raw/v4/xlsr_sls_model_v4_kk_spoof_raw_v1/kk-piper-issai-high-v1/ae/ae318ca27ea075ec7339efcdf2d515c62d35722c498690dc22b54b56e6fcc53f.wav,eb6ab12e1cd874dc987adbc2ac8e3640b5559fd35dca6f1346d0b5d97d6b65ff,5.178049886621316,22050,local_cpu_piper,
2448,target,xlsr_sls_model_v4_kk_spoof:Train/tv_news/5fe2a68c720b5,v4:kk:Train/tv_news/5fe2a68c720b5,kk-piper-issai-high-v1,piper_neural_tts,piper_kk_issai_high,ISSAI_KazakhTTS2_F2,5,,succeeded,ISSAI_KazakhTTS2_F2,5,,578517843,1,[],raw/v4/xlsr_sls_model_v4_kk_spoof_raw_v1/kk-piper-issai-high-v1/8d/8de3d4c0dfb5e0affc08b5a0332eeb6c28d951215a1cb1d339611186a784a41e.wav,9ac91c0a708745b3dc0518e687adfb8955e1e6c4ee119d980b134987e2661cae,1.9156462585034013,22050,local_cpu_piper,
2452,target,xlsr_sls_model_v4_kk_spoof:Train/radio/01_61_434,v4:kk:Train/radio/01_61_434,kk-piper-issai-high-v1,piper_neural_tts,piper_kk_issai_high,ISSAI_KazakhTTS2_M2,,,succeeded,ISSAI_KazakhTTS2_M2,,,2096158899,1,[],raw/v4/xlsr_sls_model_v4_kk_spoof_raw_v1/kk-piper-issai-high-v1/39/399769b318f484b716e2768e18e35dbbb38106501082386e2dc156725dad587b.wav,73f423dc6d975cacbabe50d35c8a1789acef083bdd6883b77eb69a2dfd9ce873,3.889342403628118,22050,local_cpu_piper,
2456,target,xlsr_sls_model_v4_kk_spoof:Train/talkshow/01_46_357,v4:kk:Train/talkshow/01_46_357,kk-piper-issai-high-v1,piper_neural_tts,piper_kk_issai_high,ISSAI_KazakhTTS_M1_Iseke,1,,succeeded,ISSAI_KazakhTTS_M1_Iseke,1,,668073178,1,[],raw/v4/xlsr_sls_model_v4_kk_spoof_raw_v1/kk-piper-issai-high-v1/81/817d781230b99488b08523ec4d67c7882d043d8f2f4f13ae67084f090c4d2fde.wav,9a3cfaf7c48f58ea5c2c5717c59d1722b35e9df61fb22b732f0e5b3e90776d81,3.0998639455782313,22050,local_cpu_piper,
2460,target,xlsr_sls_model_v4_kk_spoof:Train/talkshow/01_46_455,v4:kk:Train/talkshow/01_46_455,kk-piper-issai-high-v1,piper_neural_tts,piper_kk_issai_high,ISSAI_KazakhTTS2_F3,2,,succeeded,ISSAI_KazakhTTS2_F3,2,,786775821,1,[],raw/v4/xlsr_sls_model_v4_kk_spoof_raw_v1/kk-piper-issai-high-v1/4b/4b203091ed6a275a3c064fbbd9d5f2b7adad65f2f94417a5671c8879d69d9151.wav,856014626aedf17d08b1835dc0ee5ba2d6e66381c68bb5a670abb2469b4117b6,8.753922902494331,22050,local_cpu_piper,
2464,target,xlsr_sls_model_v4_kk_spoof:Train/tv_news/5f71cf79af35d,v4:kk:Train/tv_news/5f71cf79af35d,kk-piper-issai-high-v1,piper_neural_tts,piper_kk_issai_high,ISSAI_KazakhTTS_F1_Raya,3,,succeeded,ISSAI_KazakhTTS_F1_Raya,3,,1481959787,1,[],raw/v4/xlsr_sls_model_v4_kk_spoof_raw_v1/kk-piper-issai-high-v1/db/db5c867ced40024fa8a08e4359ff558aa7ca616f57410f0983d2007e456bd192.wav,a20368163041a0dcb4b07815708d29bcc7853ba4e6e93b94968acfd02271c95a,5.526349206349207,22050,local_cpu_piper,
2468,target,xlsr_sls_model_v4_kk_spoof:Train/podcasts/06_04_116,v4:kk:Train/podcasts/06_04_116,kk-piper-issai-high-v1,piper_neural_tts,piper_kk_issai_high,ISSAI_KazakhTTS2_F1,4,,succeeded,ISSAI_KazakhTTS2_F1,4,,146109824,1,[],raw/v4/xlsr_sls_model_v4_kk_spoof_raw_v1/kk-piper-issai-high-v1/53/530014422b86bad2e8764bbfc0b9c3ef06d4f6391dd6aa2c48d6b461bbfe77f1.wav,f0c361afe58450160be6499144ac90def6adf73872770656829d306dfdd651ce,2.647074829931973,22050,local_cpu_piper,
2472,target,xlsr_sls_model_v4_kk_spoof:Train/podcasts/04_09_402,v4:kk:Train/podcasts/04_09_402,kk-piper-issai-high-v1,piper_neural_tts,piper_kk_issai_high,ISSAI_KazakhTTS2_F2,5,,succeeded,ISSAI_KazakhTTS2_F2,5,,1897156817,1,[],raw/v4/xlsr_sls_model_v4_kk_spoof_raw_v1/kk-piper-issai-high-v1/11/117132e9a855c5c57d6ca613e4cceaa5af33712990053ab44b5e1f0f15a2a252.wav,3ce2ddfd87939519f2baaee443244912475bf2dc902d7d2aac0cd8b82a782813,4.08671201814059,22050,local_cpu_piper,
2476,target,xlsr_sls_model_v4_kk_spoof:Train/podcasts/05_05_055,v4:kk:Train/podcasts/05_05_055,kk-piper-issai-high-v1,piper_neural_tts,piper_kk_issai_high,ISSAI_KazakhTTS2_M2,,,succeeded,ISSAI_KazakhTTS2_M2,,,1257001342,1,[],raw/v4/xlsr_sls_model_v4_kk_spoof_raw_v1/kk-piper-issai-high-v1/ef/ef9dfbc0628f93285cdc0a02ff529d4b13d2d0511238bf58859c6267a7019773.wav,5f8bf9694d227efb169cbab4494d53a686cea8d9f2e217c847526afe5a84392d,6.1184580498866215,22050,local_cpu_piper,
2480,target,xlsr_sls_model_v4_kk_spoof:Train/tv_news/5f834db94dcf1,v4:kk:Train/tv_news/5f834db94dcf1,kk-piper-issai-high-v1,piper_neural_tts,piper_kk_issai_high,ISSAI_KazakhTTS_M1_Iseke,1,,succeeded,ISSAI_KazakhTTS_M1_Iseke,1,,193399152,1,[],raw/v4/xlsr_sls_model_v4_kk_spoof_raw_v1/kk-piper-issai-high-v1/9d/9d73f065ebe6c2b5aca7946c45bb4ddc3852b5eb29c0b3f1e4162da279897b37.wav,a40882bb08210d0dd282d06614a26b29812635643e4a01f7f49e864b4dbaf7b9,8.161814058956915,22050,local_cpu_piper,
2484,target,xlsr_sls_model_v4_kk_spoof:Train/podcasts/04_09_414,v4:kk:Train/podcasts/04_09_414,kk-piper-issai-high-v1,piper_neural_tts,piper_kk_issai_high,ISSAI_KazakhTTS2_F3,2,,succeeded,ISSAI_KazakhTTS2_F3,2,,1242109736,1,[],raw/v4/xlsr_sls_model_v4_kk_spoof_raw_v1/kk-piper-issai-high-v1/ca/cab5531d881f2b8775752681a7cc94b4be8da1c0001e4eb439a7b6d6d49e1e97.wav,5fb30e333069473624483e2cc97c37490a8d2fae6a98d4eacb51119b00cd9ae0,6.060408163265306,22050,local_cpu_piper,
2488,target,xlsr_sls_model_v4_kk_spoof:Train/talkshow/01_72_649,v4:kk:Train/talkshow/01_72_649,kk-piper-issai-high-v1,piper_neural_tts,piper_kk_issai_high,ISSAI_KazakhTTS_F1_Raya,3,,succeeded,ISSAI_KazakhTTS_F1_Raya,3,,332317203,1,[],raw/v4/xlsr_sls_model_v4_kk_spoof_raw_v1/kk-piper-issai-high-v1/8b/8bd72e948a63a4478674067fc0241786ab42862990e1bbdc81a550f54b29f884.wav,581547381ebd16f3dea8c6feb0ba02b8e63669313b0abcd0747e3062fd7c8380,4.481451247165533,22050,local_cpu_piper,
2492,target,xlsr_sls_model_v4_kk_spoof:Train/talkshow/01_40_466,v4:kk:Train/talkshow/01_40_466,kk-piper-issai-high-v1,piper_neural_tts,piper_kk_issai_high,ISSAI_KazakhTTS2_F1,4,,succeeded,ISSAI_KazakhTTS2_F1,4,,1538284295,1,[],raw/v4/xlsr_sls_model_v4_kk_spoof_raw_v1/kk-piper-issai-high-v1/41/411ae7b4b3af31ae113b0b331ed3a51d3a996545a00246b83ec0312c34b48063.wav,634d770be1a361e35bb018b1e0bf78162893e86e8aa5a7a29647765e4c3dfafd,3.3668934240362813,22050,local_cpu_piper,
2496,target,xlsr_sls_model_v4_kk_spoof:Train/podcasts/06_06_221,v4:kk:Train/podcasts/06_06_221,kk-piper-issai-high-v1,piper_neural_tts,piper_kk_issai_high,ISSAI_KazakhTTS2_F2,5,,succeeded,ISSAI_KazakhTTS2_F2,5,,1811347954,1,[],raw/v4/xlsr_sls_model_v4_kk_spoof_raw_v1/kk-piper-issai-high-v1/70/7075c11023ae8065b55a9484c1c216399e6db9a91d995a6de79d2cc285d79ac2.wav,c29afe951c819e14685c1d5bcbc1996c9c568cdeaff4568729514e83f29f6396,10.39092970521542,22050,local_cpu_piper,
2500,target,xlsr_sls_model_v4_kk_spoof:Train/podcasts/04_10_745,v4:kk:Train/podcasts/04_10_745,kk-piper-issai-high-v1,piper_neural_tts,piper_kk_issai_high,ISSAI_KazakhTTS2_M2,,,succeeded,ISSAI_KazakhTTS2_M2,,,1716794123,1,[],raw/v4/xlsr_sls_model_v4_kk_spoof_raw_v1/kk-piper-issai-high-v1/eb/ebe82b055ea6436936f1c1959e6397bc549938139bcf4ee432c0aa9491d11d17.wav,9e1174a2dd9f59786ff15303ff55ee5909ef86850ed91e82e62de44160c16d6b,6.489977324263038,22050,local_cpu_piper,
2504,target,xlsr_sls_model_v4_kk_spoof:Train/radio/01_81_449,v4:kk:Train/radio/01_81_449,kk-piper-issai-high-v1,piper_neural_tts,piper_kk_issai_high,ISSAI_KazakhTTS_M1_Iseke,1,,succeeded,ISSAI_KazakhTTS_M1_Iseke,1,,1804194005,1,[],raw/v4/xlsr_sls_model_v4_kk_spoof_raw_v1/kk-piper-issai-high-v1/fa/fad238dda163086fc3b29fbddcb4b01cbadc8aab05a9d8db2c4dd08ff9f7799c.wav,26646348496b16cc42cd1f11de91b369ab8c72d24def9b70a0a7c4e049561872,3.030204081632653,22050,local_cpu_piper,
2508,target,xlsr_sls_model_v4_kk_spoof:Train/tv_news/5f71cfce402f6,v4:kk:Train/tv_news/5f71cfce402f6,kk-piper-issai-high-v1,piper_neural_tts,piper_kk_issai_high,ISSAI_KazakhTTS2_F3,2,,succeeded,ISSAI_KazakhTTS2_F3,2,,650781022,1,[],raw/v4/xlsr_sls_model_v4_kk_spoof_raw_v1/kk-piper-issai-high-v1/dc/dce43e8059cf2fba12439c39cfe8292fd37334a2478bfc78ec20b3655221256f.wav,14072d548db7823ffd0f9fdd45ffaf15a07d266860254dad5733e80a4cd7dded,5.828208616780046,22050,local_cpu_piper,
2512,target,xlsr_sls_model_v4_kk_spoof:Train/tv_news/5f71ce95c1849,v4:kk:Train/tv_news/5f71ce95c1849,kk-piper-issai-high-v1,piper_neural_tts,piper_kk_issai_high,ISSAI_KazakhTTS_F1_Raya,3,,succeeded,ISSAI_KazakhTTS_F1_Raya,3,,1202600815,1,[],raw/v4/xlsr_sls_model_v4_kk_spoof_raw_v1/kk-piper-issai-high-v1/e0/e0f0c5c1e0898a9c05a505d03eda9e30b176a18d3f75f651be7c6740fbbf8356.wav,4d99c2672c9b15c837996aefed295ee3e30e5ca354df908ee1350c818266412f,5.259319727891157,22050,local_cpu_piper,
2516,target,xlsr_sls_model_v4_kk_spoof:Train/parliament/mazhilis_15_2_426,v4:kk:Train/parliament/mazhilis_15_2_426,kk-piper-issai-high-v1,piper_neural_tts,piper_kk_issai_high,ISSAI_KazakhTTS2_F1,4,,succeeded,ISSAI_KazakhTTS2_F1,4,,1562223408,1,[],raw/v4/xlsr_sls_model_v4_kk_spoof_raw_v1/kk-piper-issai-high-v1/7a/7a7ab1d465a7bbb570fe34435f3d12bad707cc4dbc8d19aae8202c410d787bf2.wav,3e2cf3f5cbe05d25c6886ca887c4e4f043feec57e1d9df2d7b6d1e348f0cf64e,14.106122448979592,22050,local_cpu_piper,
2520,target,xlsr_sls_model_v4_kk_spoof:Train/radio/01_57_079,v4:kk:Train/radio/01_57_079,kk-piper-issai-high-v1,piper_neural_tts,piper_kk_issai_high,ISSAI_KazakhTTS2_F2,5,,succeeded,ISSAI_KazakhTTS2_F2,5,,1142968089,1,[],raw/v4/xlsr_sls_model_v4_kk_spoof_raw_v1/kk-piper-issai-high-v1/95/95a5cb5de6eb454ef7082c6bdc1835b6f90fe44b82e109b0d989f8412320d2da.wav,90bfa5eb367fa701a34fc81bbc17aa490479d9b4987161bc7e2920997f609b6a,15.545759637188208,22050,local_cpu_piper,
2524,target,xlsr_sls_model_v4_kk_spoof:Train/podcasts/04_02_259,v4:kk:Train/podcasts/04_02_259,kk-piper-issai-high-v1,piper_neural_tts,piper_kk_issai_high,ISSAI_KazakhTTS2_M2,,,succeeded,ISSAI_KazakhTTS2_M2,,,294551269,1,[],raw/v4/xlsr_sls_model_v4_kk_spoof_raw_v1/kk-piper-issai-high-v1/22/22f43e957a9e20644e6a797dc802ac084780bc46f13102ae40516ad14bcabc3d.wav,6089c53337428977642f759f3179b050776cef497a9c7ddc18cffa84af3e8dc5,7.500045351473923,22050,local_cpu_piper,
2528,target,xlsr_sls_model_v4_kk_spoof:Train/podcasts/04_00_170,v4:kk:Train/podcasts/04_00_170,kk-piper-issai-high-v1,piper_neural_tts,piper_kk_issai_high,ISSAI_KazakhTTS_M1_Iseke,1,,succeeded,ISSAI_KazakhTTS_M1_Iseke,1,,1247206056,1,[],raw/v4/xlsr_sls_model_v4_kk_spoof_raw_v1/kk-piper-issai-high-v1/98/983fd9a3342ac9beecabd6775e282499cfc9b5b0d71b1e7e1fe3ddc3645b2709.wav,2ba4f272a7a5ca36b3fc584d53201f6477b6d0a28768bc7e5184e3d1d1c6cc6c,2.2639455782312927,22050,local_cpu_piper,
2532,target,xlsr_sls_model_v4_kk_spoof:Train/tv_news/5f7105c888e34,v4:kk:Train/tv_news/5f7105c888e34,kk-piper-issai-high-v1,piper_neural_tts,piper_kk_issai_high,ISSAI_KazakhTTS2_F3,2,,succeeded,ISSAI_KazakhTTS2_F3,2,,1804140308,1,[],raw/v4/xlsr_sls_model_v4_kk_spoof_raw_v1/kk-piper-issai-high-v1/e1/e1e93ed8cf9efc0663ae1bb7303d703c45fcfd5fb8a5552f85227a2bf7f2259a.wav,f2dfa26c1d45cf69d0d1f4994345202d7ba08675d03db458c5afc40a55345395,3.4133333333333336,22050,local_cpu_piper,
2536,target,xlsr_sls_model_v4_kk_spoof:Train/parliament/senate_15_829,v4:kk:Train/parliament/senate_15_829,kk-piper-issai-high-v1,piper_neural_tts,piper_kk_issai_high,ISSAI_KazakhTTS_F1_Raya,3,,succeeded,ISSAI_KazakhTTS_F1_Raya,3,,1838986692,1,[],raw/v4/xlsr_sls_model_v4_kk_spoof_raw_v1/kk-piper-issai-high-v1/54/546a786a71797b51a2a5bab14b5b7cfea7afd2e8acd946b53b2ec12f7cdd27da.wav,6728bdf24ce3da80678ce1dc33977ca427a3788bf235ed61a77dda787c360eee,4.899410430839002,22050,local_cpu_piper,
2540,target,xlsr_sls_model_v4_kk_spoof:Train/parliament/mazhilis_14_341,v4:kk:Train/parliament/mazhilis_14_341,kk-piper-issai-high-v1,piper_neural_tts,piper_kk_issai_high,ISSAI_KazakhTTS2_F1,4,,succeeded,ISSAI_KazakhTTS2_F1,4,,793452898,1,[],raw/v4/xlsr_sls_model_v4_kk_spoof_raw_v1/kk-piper-issai-high-v1/22/22e18aa7ac0346d825c3f6825a9b09dd9429a3da8ff35461e7ada4955d5efa9f.wav,e07c3d59acc6986921c1ebd0c2a1be332a120eef74d5f69def0fead726cb2c79,13.246984126984128,22050,local_cpu_piper,
2544,target,xlsr_sls_model_v4_kk_spoof:Train/radio/01_93_458,v4:kk:Train/radio/01_93_458,kk-piper-issai-high-v1,piper_neural_tts,piper_kk_issai_high,ISSAI_KazakhTTS2_F2,5,,succeeded,ISSAI_KazakhTTS2_F2,5,,510502629,1,[],raw/v4/xlsr_sls_model_v4_kk_spoof_raw_v1/kk-piper-issai-high-v1/e0/e0f86dd446f5ff766f7477c1a2d7676c4ba4ab0842939883982ac9937cb6b68c.wav,0bf9f3b781d39d57d4e8c7430052e7bfef297ff75cfe5505c9aeab4d8d604e57,1.3815873015873017,22050,local_cpu_piper,
2548,target,xlsr_sls_model_v4_kk_spoof:Train/tv_news/5fa2e885748d2,v4:kk:Train/tv_news/5fa2e885748d2,kk-piper-issai-high-v1,piper_neural_tts,piper_kk_issai_high,ISSAI_KazakhTTS2_M2,,,succeeded,ISSAI_KazakhTTS2_M2,,,570456268,1,[],raw/v4/xlsr_sls_model_v4_kk_spoof_raw_v1/kk-piper-issai-high-v1/0c/0ca0b31f9ee8b755c41c1e551d2198733c0eacd308a78b0c5197988ac7ea57d7.wav,fe49e808ecea4ce5798d8fe8480c61e3a4a8782c3160292b2cd44a5e98b6c2a3,6.861496598639456,22050,local_cpu_piper,
2552,target,xlsr_sls_model_v4_kk_spoof:Train/parliament/mazhilis_16_2_113,v4:kk:Train/parliament/mazhilis_16_2_113,kk-piper-issai-high-v1,piper_neural_tts,piper_kk_issai_high,ISSAI_KazakhTTS_M1_Iseke,1,,succeeded,ISSAI_KazakhTTS_M1_Iseke,1,,1053979450,1,[],raw/v4/xlsr_sls_model_v4_kk_spoof_raw_v1/kk-piper-issai-high-v1/e4/e47b02bcb133cd2d6df9ab7ea8d00ddd64c3579d58aad88cefe397f0b15e2206.wav,d2ce379a9c4343cbb58af12638a39ea888681e0460e790a78b88e2230a96927a,7.1053061224489795,22050,local_cpu_piper,
2556,target,xlsr_sls_model_v4_kk_spoof:Train/talkshow/01_24_479,v4:kk:Train/talkshow/01_24_479,kk-piper-issai-high-v1,piper_neural_tts,piper_kk_issai_high,ISSAI_KazakhTTS2_F3,2,,succeeded,ISSAI_KazakhTTS2_F3,2,,1338913080,1,[],raw/v4/xlsr_sls_model_v4_kk_spoof_raw_v1/kk-piper-issai-high-v1/53/53bda7363e0704bc20d48b126aec1d34a3c5614d25c1c47bd6376343b8f07573.wav,a2c84c1c35630be70a259f0fb99dc2c7aae5dad887bf7f754d7c4bfe8d66c51e,1.1609977324263039,22050,local_cpu_piper,
2560,target,xlsr_sls_model_v4_kk_spoof:Train/radio/01_10_233,v4:kk:Train/radio/01_10_233,kk-piper-issai-high-v1,piper_neural_tts,piper_kk_issai_high,ISSAI_KazakhTTS_F1_Raya,3,,succeeded,ISSAI_KazakhTTS_F1_Raya,3,,237247318,1,[],raw/v4/xlsr_sls_model_v4_kk_spoof_raw_v1/kk-piper-issai-high-v1/e1/e122b73d5e3a7793f89a55cca39246acbb6d9ce0923e2b2e8ab8dc2b9118600b.wav,4f1e0c01aed1073bcfae592ceee7ffff054f7114c015fb0b5a7f88b62e582fa6,4.307301587301588,22050,local_cpu_piper,
2564,target,xlsr_sls_model_v4_kk_spoof:Train/parliament/senate_10_322,v4:kk:Train/parliament/senate_10_322,kk-piper-issai-high-v1,piper_neural_tts,piper_kk_issai_high,ISSAI_KazakhTTS2_F1,4,,succeeded,ISSAI_KazakhTTS2_F1,4,,1440707863,1,[],raw/v4/xlsr_sls_model_v4_kk_spoof_raw_v1/kk-piper-issai-high-v1/7b/7bcbf90eb4dfa18df60cfa0175c749c88a5fa896b170d93a11aa5d9cb072e774.wav,d933527a069b9e086cd9c15bd6a4353469107749be467f330803349922a59869,1.5789569160997732,22050,local_cpu_piper,
2568,target,xlsr_sls_model_v4_kk_spoof:Train/parliament/mazhilis_04_712,v4:kk:Train/parliament/mazhilis_04_712,kk-piper-issai-high-v1,piper_neural_tts,piper_kk_issai_high,ISSAI_KazakhTTS2_F2,5,,succeeded,ISSAI_KazakhTTS2_F2,5,,1252318568,1,[],raw/v4/xlsr_sls_model_v4_kk_spoof_raw_v1/kk-piper-issai-high-v1/19/19a2c01736436baa8cfb2565ae17c57f709d57024306ccfc8ad57bf7e2018930.wav,4f7e84f99b7bc01725de67709fdac76c28f0d3851602a6777c20537c0eb8f120,8.730702947845804,22050,local_cpu_piper,
2572,target,xlsr_sls_model_v4_kk_spoof:Train/talkshow/01_61_230,v4:kk:Train/talkshow/01_61_230,kk-piper-issai-high-v1,piper_neural_tts,piper_kk_issai_high,ISSAI_KazakhTTS2_M2,,,succeeded,ISSAI_KazakhTTS2_M2,,,78648643,1,[],raw/v4/xlsr_sls_model_v4_kk_spoof_raw_v1/kk-piper-issai-high-v1/3e/3e8830ca10473728fc79527b6d3b7ab7cbdaf289e4dfde2e0d7b75298f494c60.wav,65104b3eb2ec7ffdfd65b6a74ff3ee054658cab50c5a952a6ed6a6dca95dc6e8,4.284081632653061,22050,local_cpu_piper,
2576,target,xlsr_sls_model_v4_kk_spoof:Train/parliament/senate_13_158,v4:kk:Train/parliament/senate_13_158,kk-piper-issai-high-v1,piper_neural_tts,piper_kk_issai_high,ISSAI_KazakhTTS_M1_Iseke,1,,succeeded,ISSAI_KazakhTTS_M1_Iseke,1,,1538720042,1,[],raw/v4/xlsr_sls_model_v4_kk_spoof_raw_v1/kk-piper-issai-high-v1/4a/4a07d3b88a7b6fae9b0708785a1bbf616c448e694e5842cac914e7349fa8f823.wav,f04f9de267e495d5592cd4d405c3e0e79fa7f8553f1659a93207158361819d2c,6.942766439909297,22050,local_cpu_piper,
2580,target,xlsr_sls_model_v4_kk_spoof:Train/radio/01_35_255,v4:kk:Train/radio/01_35_255,kk-piper-issai-high-v1,piper_neural_tts,piper_kk_issai_high,ISSAI_KazakhTTS2_F3,2,,succeeded,ISSAI_KazakhTTS2_F3,2,,303964444,1,[],raw/v4/xlsr_sls_model_v4_kk_spoof_raw_v1/kk-piper-issai-high-v1/f4/f4a46021889a6970f8c59b3f2bed5b3e6b957dc393a733f33593e69c807eaf2d.wav,31518dfb98a947767af83b6da858031e943f3d2a842dadf48bc05fdd7fa1f72f,8.103764172335602,22050,local_cpu_piper,
2584,target,xlsr_sls_model_v4_kk_spoof:Train/tv_news/5f71ce1d152d2,v4:kk:Train/tv_news/5f71ce1d152d2,kk-piper-issai-high-v1,piper_neural_tts,piper_kk_issai_high,ISSAI_KazakhTTS_F1_Raya,3,,succeeded,ISSAI_KazakhTTS_F1_Raya,3,,1227832552,1,[],raw/v4/xlsr_sls_model_v4_kk_spoof_raw_v1/kk-piper-issai-high-v1/fc/fc8c0684358add6227740b340898eef1426510fbdfc78e474128d8ff02617ada.wav,0d48b15bd096fbf39eab36d656f7294ed61973763066cdfd63e1e97de96ff7c7,3.912562358276644,22050,local_cpu_piper,
2588,target,xlsr_sls_model_v4_kk_spoof:Train/talkshow/01_13_014,v4:kk:Train/talkshow/01_13_014,kk-piper-issai-high-v1,piper_neural_tts,piper_kk_issai_high,ISSAI_KazakhTTS2_F1,4,,succeeded,ISSAI_KazakhTTS2_F1,4,,588925485,1,[],raw/v4/xlsr_sls_model_v4_kk_spoof_raw_v1/kk-piper-issai-high-v1/0f/0fc827b8e4ebc9e92775c1b473ea7a85734e89a115083644c8052f7d37cebaf1.wav,6eaa6e2775381c50507796d3d0ac1fa4ec71cb880abb7e89255daa07fff0f814,5.061950113378685,22050,local_cpu_piper,
2592,target,xlsr_sls_model_v4_kk_spoof:Train/podcasts/04_09_767,v4:kk:Train/podcasts/04_09_767,kk-piper-issai-high-v1,piper_neural_tts,piper_kk_issai_high,ISSAI_KazakhTTS2_F2,5,,succeeded,ISSAI_KazakhTTS2_F2,5,,304965471,1,[],raw/v4/xlsr_sls_model_v4_kk_spoof_raw_v1/kk-piper-issai-high-v1/0b/0b4ace54f0499eef8b3ef4b9a59806be6e1f9a4418a832d12d265cc57ab3024a.wav,efec7472c8bf5943d2886f78cb495230a7f9ae8e471e6f45b057a1fb8a97f42c,8.266303854875284,22050,local_cpu_piper,
2596,target,xlsr_sls_model_v4_kk_spoof:Train/parliament/senate_02_436,v4:kk:Train/parliament/senate_02_436,kk-piper-issai-high-v1,piper_neural_tts,piper_kk_issai_high,ISSAI_KazakhTTS2_M2,,,succeeded,ISSAI_KazakhTTS2_M2,,,1312542839,1,[],raw/v4/xlsr_sls_model_v4_kk_spoof_raw_v1/kk-piper-issai-high-v1/9b/9bbd16f631024aa01b59a95634fbe152b697b2f1f91d78de98d9e34d83e3efa0.wav,6f870d168843c34f2ac11334e93d7221b2ecef1a899ba96b7c055670eb3e5fb1,12.921904761904761,22050,local_cpu_piper,
2600,target,xlsr_sls_model_v4_kk_spoof:Train/talkshow/01_70_062,v4:kk:Train/talkshow/01_70_062,kk-piper-issai-high-v1,piper_neural_tts,piper_kk_issai_high,ISSAI_KazakhTTS_M1_Iseke,1,,succeeded,ISSAI_KazakhTTS_M1_Iseke,1,,1520640029,1,[],raw/v4/xlsr_sls_model_v4_kk_spoof_raw_v1/kk-piper-issai-high-v1/75/7507ea2eea89d2386ed66a8a20c793a1f29bd1851d1a1b962d44e73908ed2889.wav,e681e4eb19f350284d0c318367bf6ce6b3e01931b273d532b8a819ba28e13a3c,10.39092970521542,22050,local_cpu_piper,
2604,target,xlsr_sls_model_v4_kk_spoof:Train/parliament/mazhilis_27_240,v4:kk:Train/parliament/mazhilis_27_240,kk-piper-issai-high-v1,piper_neural_tts,piper_kk_issai_high,ISSAI_KazakhTTS2_F3,2,,succeeded,ISSAI_KazakhTTS2_F3,2,,537323692,1,[],raw/v4/xlsr_sls_model_v4_kk_spoof_raw_v1/kk-piper-issai-high-v1/f1/f12ef15390485f2f15cb7652ca62dd08801dc5f69763ca111516369199d8ed1b.wav,58f47c5a4b57e1fefdf8b79f2c8d928e2ad653b07930b02e703ce14707491c7c,1.6718367346938776,22050,local_cpu_piper,
2608,target,xlsr_sls_model_v4_kk_spoof:Train/radio/01_21_005,v4:kk:Train/radio/01_21_005,kk-piper-issai-high-v1,piper_neural_tts,piper_kk_issai_high,ISSAI_KazakhTTS_F1_Raya,3,,succeeded,ISSAI_KazakhTTS_F1_Raya,3,,268649257,1,[],raw/v4/xlsr_sls_model_v4_kk_spoof_raw_v1/kk-piper-issai-high-v1/7e/7e725055b1d53b44b26c416f71d3a1de07ccbf0565a2cc5138e0b97faa258373.wav,0dac3ead45271e5922618572177a0ad03ffe14fb99c00815b350bea6f07d21fb,2.147845804988662,22050,local_cpu_piper,
2612,target,xlsr_sls_model_v4_kk_spoof:Train/tv_news/5f7103dc118d8,v4:kk:Train/tv_news/5f7103dc118d8,kk-piper-issai-high-v1,piper_neural_tts,piper_kk_issai_high,ISSAI_KazakhTTS2_F1,4,,succeeded,ISSAI_KazakhTTS2_F1,4,,1611459096,1,[],raw/v4/xlsr_sls_model_v4_kk_spoof_raw_v1/kk-piper-issai-high-v1/01/01eb65e5856309900aaea9b41a7e261d0d9621a5650916eefdf2cf8249053432.wav,aeeeabbd4b56a65ea9048852156178175d79e376c66a6e223c30e22d66d0d7e1,3.5062131519274375,22050,local_cpu_piper,
2616,target,xlsr_sls_model_v4_kk_spoof:Train/parliament/mazhilis_25_591,v4:kk:Train/parliament/mazhilis_25_591,kk-piper-issai-high-v1,piper_neural_tts,piper_kk_issai_high,ISSAI_KazakhTTS2_F2,5,,succeeded,ISSAI_KazakhTTS2_F2,5,,1182196597,1,[],raw/v4/xlsr_sls_model_v4_kk_spoof_raw_v1/kk-piper-issai-high-v1/06/068682ff5c82a061fedbff0d33f214d6c7a17682c63d9998ab4e227dd657205b.wav,759210ec961dfdef47c9ca4fc5e5b43a25a6252981e86c0b1bf8011f0110543d,12.910294784580499,22050,local_cpu_piper,
2620,target,xlsr_sls_model_v4_kk_spoof:Train/tv_news/5f71d11a1c5b3,v4:kk:Train/tv_news/5f71d11a1c5b3,kk-piper-issai-high-v1,piper_neural_tts,piper_kk_issai_high,ISSAI_KazakhTTS2_M2,,,succeeded,ISSAI_KazakhTTS2_M2,,,1292870561,1,[],raw/v4/xlsr_sls_model_v4_kk_spoof_raw_v1/kk-piper-issai-high-v1/c7/c74fb970c2d4df00f5f59c046f57c1e6980b8d6c9a5f79e38724ea4e71281c42.wav,f8915ab4b47d9c9b6eb9a260643730a32be34e1b47846f469aa489ab64244515,5.143219954648526,22050,local_cpu_piper,
2624,target,xlsr_sls_model_v4_kk_spoof:Train/tv_news/5fa2e89e94f2d,v4:kk:Train/tv_news/5fa2e89e94f2d,kk-piper-issai-high-v1,piper_neural_tts,piper_kk_issai_high,ISSAI_KazakhTTS_M1_Iseke,1,,succeeded,ISSAI_KazakhTTS_M1_Iseke,1,,889368274,1,[],raw/v4/xlsr_sls_model_v4_kk_spoof_raw_v1/kk-piper-issai-high-v1/4e/4e7cc14937cf641e19ef689abd37bc316a1fad107abdce88bfe51f6e728a4ca8.wav,febe134c6f37efc51860818dff36f98f58784a39bf006a974524c71f1de8d4c7,7.592925170068027,22050,local_cpu_piper,
2628,target,xlsr_sls_model_v4_kk_spoof:Train/talkshow/01_20_295,v4:kk:Train/talkshow/01_20_295,kk-piper-issai-high-v1,piper_neural_tts,piper_kk_issai_high,ISSAI_KazakhTTS2_F3,2,,succeeded,ISSAI_KazakhTTS2_F3,2,,1360336187,1,[],raw/v4/xlsr_sls_model_v4_kk_spoof_raw_v1/kk-piper-issai-high-v1/f0/f02d6be95eefdfdffcad91629f8929a373e526595ef424551e4dc23ca672ff2c.wav,3c59c479be8dd9b05189a71f12ebd3618a9f594a8c15df929e366c18d36c1e82,5.7004988662131515,22050,local_cpu_piper,
2632,target,xlsr_sls_model_v4_kk_spoof:Train/radio/01_36_160,v4:kk:Train/radio/01_36_160,kk-piper-issai-high-v1,piper_neural_tts,piper_kk_issai_high,ISSAI_KazakhTTS_F1_Raya,3,,succeeded,ISSAI_KazakhTTS_F1_Raya,3,,2045479866,1,[],raw/v4/xlsr_sls_model_v4_kk_spoof_raw_v1/kk-piper-issai-high-v1/32/32a09dcb0d725f88b6087baff25c844dd4fbdbe86725165e1e979d1e0c93631d.wav,831f33c98af52000b3752903dfc400de49893d3a31a7e7a218d3b91b5e9c5785,3.3668934240362813,22050,local_cpu_piper,
2636,target,xlsr_sls_model_v4_kk_spoof:Train/tv_news/5fca039452767,v4:kk:Train/tv_news/5fca039452767,kk-piper-issai-high-v1,piper_neural_tts,piper_kk_issai_high,ISSAI_KazakhTTS2_F1,4,,succeeded,ISSAI_KazakhTTS2_F1,4,,1037227897,1,[],raw/v4/xlsr_sls_model_v4_kk_spoof_raw_v1/kk-piper-issai-high-v1/44/44ccb85c0ea5f02dd12cb872c0e8a0999c6421b88c25c295485a89f1b6e5a6ae.wav,5428b8c86c64be047e65a2870c57ba31b7a2e74225214dc30adfeb9df15d2e44,4.0751020408163265,22050,local_cpu_piper,
2640,target,xlsr_sls_model_v4_kk_spoof:Train/radio/01_52_153,v4:kk:Train/radio/01_52_153,kk-piper-issai-high-v1,piper_neural_tts,piper_kk_issai_high,ISSAI_KazakhTTS2_F2,5,,succeeded,ISSAI_KazakhTTS2_F2,5,,927504606,1,[],raw/v4/xlsr_sls_model_v4_kk_spoof_raw_v1/kk-piper-issai-high-v1/7b/7bc12214fee762f0bc768c3eddf424b5a6d26c6abe7f41dff065db1ee9a21214.wav,d253f27243dcee1b50451b13d7dfdde375db78e366ff9608dd0befd317497feb,7.198185941043084,22050,local_cpu_piper,
2644,target,xlsr_sls_model_v4_kk_spoof:Train/parliament/senate_02_188,v4:kk:Train/parliament/senate_02_188,kk-piper-issai-high-v1,piper_neural_tts,piper_kk_issai_high,ISSAI_KazakhTTS2_M2,,,succeeded,ISSAI_KazakhTTS2_M2,,,2035159589,1,[],raw/v4/xlsr_sls_model_v4_kk_spoof_raw_v1/kk-piper-issai-high-v1/f3/f37876fa29fdc9b0a8e22d36cd0fa8c10b12213b6e533144f6c5b9424ffc64c7.wav,708f415867996addddd66ad432602e2df54dc6fd311ee63310f03efaf370df7e,8.533333333333333,22050,local_cpu_piper,
2648,target,xlsr_sls_model_v4_kk_spoof:Train/radio/01_43_000,v4:kk:Train/radio/01_43_000,kk-piper-issai-high-v1,piper_neural_tts,piper_kk_issai_high,ISSAI_KazakhTTS_M1_Iseke,1,,succeeded,ISSAI_KazakhTTS_M1_Iseke,1,,1827080881,1,[],raw/v4/xlsr_sls_model_v4_kk_spoof_raw_v1/kk-piper-issai-high-v1/dd/dd9c327ae41d51fbdc00f97a429ea8dc4ae5dd5a008d1a31cda93efc1ab7e103.wav,a77ef1dc82767991fcd628eaef5facc9bf8f06e4dc5ee7e981762895cb798523,2.066575963718821,22050,local_cpu_piper,
2652,target,xlsr_sls_model_v4_kk_spoof:Train/podcasts/04_10_032,v4:kk:Train/podcasts/04_10_032,kk-piper-issai-high-v1,piper_neural_tts,piper_kk_issai_high,ISSAI_KazakhTTS2_F3,2,,succeeded,ISSAI_KazakhTTS2_F3,2,,1746690909,1,[],raw/v4/xlsr_sls_model_v4_kk_spoof_raw_v1/kk-piper-issai-high-v1/1c/1cbc7e4d65b0e753a699ba631743051be6e859c1e92ceed7a0f95b890de9f9d9.wav,db1a46c0350330b5a085beba50ea432526debb224e55001811c78a61655ee5f7,3.076643990929705,22050,local_cpu_piper,
2656,target,xlsr_sls_model_v4_kk_spoof:Train/radio/01_09_275,v4:kk:Train/radio/01_09_275,kk-piper-issai-high-v1,piper_neural_tts,piper_kk_issai_high,ISSAI_KazakhTTS_F1_Raya,3,,succeeded,ISSAI_KazakhTTS_F1_Raya,3,,1428356401,1,[],raw/v4/xlsr_sls_model_v4_kk_spoof_raw_v1/kk-piper-issai-high-v1/3d/3d2e9a4088e992c4cc4de12b6a0e4732bb18fd3032c67ae1d52d98b8f78e217b.wav,208792f94fe033b48b38c5cd0723e4748df09479c3081a7c6f504e247712337e,3.6919727891156464,22050,local_cpu_piper,
2660,target,xlsr_sls_model_v4_kk_spoof:Train/parliament/mazhilis_15_1_368,v4:kk:Train/parliament/mazhilis_15_1_368,kk-piper-issai-high-v1,piper_neural_tts,piper_kk_issai_high,ISSAI_KazakhTTS2_F1,4,,succeeded,ISSAI_KazakhTTS2_F1,4,,1472104283,1,[],raw/v4/xlsr_sls_model_v4_kk_spoof_raw_v1/kk-piper-issai-high-v1/28/287ec86697e5f496441c5aab27834b9e92075e50d309a3a2423f8f5473cb42d7.wav,152810b1a97b0fd72eec223484b0091234529473be4be367fff30ca4537b24bf,8.335963718820862,22050,local_cpu_piper,
2664,target,xlsr_sls_model_v4_kk_spoof:Train/tv_news/5fa2e7497bacd,v4:kk:Train/tv_news/5fa2e7497bacd,kk-piper-issai-high-v1,piper_neural_tts,piper_kk_issai_high,ISSAI_KazakhTTS2_F2,5,,succeeded,ISSAI_KazakhTTS2_F2,5,,1917658076,1,[],raw/v4/xlsr_sls_model_v4_kk_spoof_raw_v1/kk-piper-issai-high-v1/88/88b8d4e73b9bdec336b350f3781acc9786a67c1be67f92fbb8005e24c805b2be.wav,0f1b7a21ff73f74b31f54333bdaede8d743c58ce42962916281dd56ed18929f7,3.7384126984126986,22050,local_cpu_piper,
2668,target,xlsr_sls_model_v4_kk_spoof:Train/tv_news/5f710577f12af,v4:kk:Train/tv_news/5f710577f12af,kk-piper-issai-high-v1,piper_neural_tts,piper_kk_issai_high,ISSAI_KazakhTTS2_M2,,,succeeded,ISSAI_KazakhTTS2_M2,,,1488824336,1,[],raw/v4/xlsr_sls_model_v4_kk_spoof_raw_v1/kk-piper-issai-high-v1/bf/bf2d2428644d51968fe361e40f8f684cc295f85708d311c1ac226388612a4cfb.wav,cd9ef447d91fd2dbf518fba8df6abadd19ca25a9a9535d4d6092ab8e30423abf,2.7980045351473923,22050,local_cpu_piper,
2672,target,xlsr_sls_model_v4_kk_spoof:Train/tv_news/5fa2e78de72e5,v4:kk:Train/tv_news/5fa2e78de72e5,kk-piper-issai-high-v1,piper_neural_tts,piper_kk_issai_high,ISSAI_KazakhTTS_M1_Iseke,1,,succeeded,ISSAI_KazakhTTS_M1_Iseke,1,,1278810830,1,[],raw/v4/xlsr_sls_model_v4_kk_spoof_raw_v1/kk-piper-issai-high-v1/8c/8c4295160534307bbe90fe681c1d1b38fbfd98ae93cd241f5891a56cb94b037a.wav,e13d04012aff36ebe2bedccec7c35d0a087384f341ab7da75b789fcfae180fc7,4.934240362811791,22050,local_cpu_piper,
2676,target,xlsr_sls_model_v4_kk_spoof:Train/talkshow/01_23_606,v4:kk:Train/talkshow/01_23_606,kk-piper-issai-high-v1,piper_neural_tts,piper_kk_issai_high,ISSAI_KazakhTTS2_F3,2,,succeeded,ISSAI_KazakhTTS2_F3,2,,816932812,1,[],raw/v4/xlsr_sls_model_v4_kk_spoof_raw_v1/kk-piper-issai-high-v1/88/8876551b96289705b73c28826daf9cb8a29fbd9cb0dc725471d3484c277cbe27.wav,97a9e38264aba2749f6d9a499548e2b6383adb7f005bb377071540ae1d7ee178,4.713650793650793,22050,local_cpu_piper,
2680,target,xlsr_sls_model_v4_kk_spoof:Train/tv_news/5f71cfbcbfcd1,v4:kk:Train/tv_news/5f71cfbcbfcd1,kk-piper-issai-high-v1,piper_neural_tts,piper_kk_issai_high,ISSAI_KazakhTTS_F1_Raya,3,,succeeded,ISSAI_KazakhTTS_F1_Raya,3,,1048796464,1,[],raw/v4/xlsr_sls_model_v4_kk_spoof_raw_v1/kk-piper-issai-high-v1/ce/ce633c6ccc60d2364f2c2c7f29bbdfb42f415983787501786e4a185d1a79b924.wav,5138e9febdff8c6c6cc7f364fbf653b9ea0734aba494b805ace27b1dccb75962,4.249251700680272,22050,local_cpu_piper,
2684,target,xlsr_sls_model_v4_kk_spoof:Train/podcasts/01_03_531,v4:kk:Train/podcasts/01_03_531,kk-piper-issai-high-v1,piper_neural_tts,piper_kk_issai_high,ISSAI_KazakhTTS2_F1,4,,succeeded,ISSAI_KazakhTTS2_F1,4,,671872393,1,[],raw/v4/xlsr_sls_model_v4_kk_spoof_raw_v1/kk-piper-issai-high-v1/ff/ff338df20f61c8b37ab369697e5928b1e12cf469ff651ee13d617dd0f56efe46.wav,2a25e872b3486966e9ad6ee348153b9b16350dc36497254cae95cb5bfb25c980,6.1184580498866215,22050,local_cpu_piper,
2688,target,xlsr_sls_model_v4_kk_spoof:Train/radio/01_82_217,v4:kk:Train/radio/01_82_217,kk-piper-issai-high-v1,piper_neural_tts,piper_kk_issai_high,ISSAI_KazakhTTS2_F2,5,,succeeded,ISSAI_KazakhTTS2_F2,5,,1954354705,1,[],raw/v4/xlsr_sls_model_v4_kk_spoof_raw_v1/kk-piper-issai-high-v1/f7/f717962b261432acd82a4264a76c7b83998bf3b83702740da8aefed2833706e1.wav,0fa5a40736e8fba1c84b6e9e1788baaccdf70919124a61450625ad1592d1b576,1.555736961451247,22050,local_cpu_piper,
2692,target,xlsr_sls_model_v4_kk_spoof:Train/tv_news/5f710505f3b3e,v4:kk:Train/tv_news/5f710505f3b3e,kk-piper-issai-high-v1,piper_neural_tts,piper_kk_issai_high,ISSAI_KazakhTTS2_M2,,,succeeded,ISSAI_KazakhTTS2_M2,,,1023654076,1,[],raw/v4/xlsr_sls_model_v4_kk_spoof_raw_v1/kk-piper-issai-high-v1/16/1605cdf18e1a1b537d66e08b134df716ec70084d5e6bd753c623ccbd19484789.wav,3165207f20357d7f46745c02f0ffeb769e98dc444f364b88b8b265d429404f5a,5.456689342403628,22050,local_cpu_piper,
2696,target,xlsr_sls_model_v4_kk_spoof:Train/talkshow/01_48_350,v4:kk:Train/talkshow/01_48_350,kk-piper-issai-high-v1,piper_neural_tts,piper_kk_issai_high,ISSAI_KazakhTTS_M1_Iseke,1,,succeeded,ISSAI_KazakhTTS_M1_Iseke,1,,1267952604,1,[],raw/v4/xlsr_sls_model_v4_kk_spoof_raw_v1/kk-piper-issai-high-v1/44/44e63b380f4b6e14c5c5aa7420d89cf58c28dc57f516d54f7615b2461980e05c.wav,4b3c7f6ff8aa4b11561b00a177d8c5cb4950f5e907b9e6a209a4aaeb25152980,1.3119274376417234,22050,local_cpu_piper,
2700,target,xlsr_sls_model_v4_kk_spoof:Train/parliament/mazhilis_27_540,v4:kk:Train/parliament/mazhilis_27_540,kk-piper-issai-high-v1,piper_neural_tts,piper_kk_issai_high,ISSAI_KazakhTTS2_F3,2,,succeeded,ISSAI_KazakhTTS2_F3,2,,843014564,1,[],raw/v4/xlsr_sls_model_v4_kk_spoof_raw_v1/kk-piper-issai-high-v1/e3/e3a63279aaf204e725e3218e27e91a62761e079385342ce115c82b8675685268.wav,fb7af2b50ec72606ae438b18ecc369539d41ae2e19cf058564129fad9c995402,5.5147392290249435,22050,local_cpu_piper,
2704,target,xlsr_sls_model_v4_kk_spoof:Train/podcasts/04_02_066,v4:kk:Train/podcasts/04_02_066,kk-piper-issai-high-v1,piper_neural_tts,piper_kk_issai_high,ISSAI_KazakhTTS_F1_Raya,3,,succeeded,ISSAI_KazakhTTS_F1_Raya,3,,1646875581,1,[],raw/v4/xlsr_sls_model_v4_kk_spoof_raw_v1/kk-piper-issai-high-v1/d9/d9ed337bdc14b58d28177d2e22cec5a7e5b77f739c020acb221ea53f35ae29e6.wav,a07fe587efbb759ab5a579e27bf12eeb90df6082f580ef6c5e1b3d62ac2395d0,2.2987755102040817,22050,local_cpu_piper,
2708,target,xlsr_sls_model_v4_kk_spoof:Train/tv_news/5f71cde437f79,v4:kk:Train/tv_news/5f71cde437f79,kk-piper-issai-high-v1,piper_neural_tts,piper_kk_issai_high,ISSAI_KazakhTTS2_F1,4,,succeeded,ISSAI_KazakhTTS2_F1,4,,1972708626,1,[],raw/v4/xlsr_sls_model_v4_kk_spoof_raw_v1/kk-piper-issai-high-v1/dc/dcae0d7317a29edc6d64baeaf431dd3eae72cb8135d0a13dc785da66b9e0b271.wav,4fb1cefc1a8982dbcfce6bad7644ac4243dc4bc8adcb8b8b8a28953d2b0f59e7,8.17342403628118,22050,local_cpu_piper,
2712,target,xlsr_sls_model_v4_kk_spoof:Train/talkshow/01_39_139,v4:kk:Train/talkshow/01_39_139,kk-piper-issai-high-v1,piper_neural_tts,piper_kk_issai_high,ISSAI_KazakhTTS2_F2,5,,succeeded,ISSAI_KazakhTTS2_F2,5,,659317494,1,[],raw/v4/xlsr_sls_model_v4_kk_spoof_raw_v1/kk-piper-issai-high-v1/0e/0e33f8fb20d264de512a9de985200ffdb0269650e428c82843efb1745b0a2e19.wav,11229f246a2a392529398c8e2361892889f0b93ee20c217b40ff6b60a772cb0f,7.9412244897959186,22050,local_cpu_piper,
2716,target,xlsr_sls_model_v4_kk_spoof:Train/tv_news/5f7103a38f0a8,v4:kk:Train/tv_news/5f7103a38f0a8,kk-piper-issai-high-v1,piper_neural_tts,piper_kk_issai_high,ISSAI_KazakhTTS2_M2,,,succeeded,ISSAI_KazakhTTS2_M2,,,1221447068,1,[],raw/v4/xlsr_sls_model_v4_kk_spoof_raw_v1/kk-piper-issai-high-v1/d5/d546340671547d985c477e5d8d079328f5e9514cc290bb7ac24babc8dec3e642.wav,99811589c95bc51eb858ee17ac8e341959469bde47836923bee4a92ed1d15683,1.3815873015873017,22050,local_cpu_piper,
2720,target,xlsr_sls_model_v4_kk_spoof:Train/tv_news/5fa2e89bc9918,v4:kk:Train/tv_news/5fa2e89bc9918,kk-piper-issai-high-v1,piper_neural_tts,piper_kk_issai_high,ISSAI_KazakhTTS_M1_Iseke,1,,succeeded,ISSAI_KazakhTTS_M1_Iseke,1,,1896178598,1,[],raw/v4/xlsr_sls_model_v4_kk_spoof_raw_v1/kk-piper-issai-high-v1/bf/bf5e54fc511b9abab14e80adb11e73a9f7626489d5b900d895bfcd5e41c167ee.wav,7aaa90ff9495858a818cce40359abb6232a693d356ed16e6f20fd3307a95e7d0,8.25469387755102,22050,local_cpu_piper,
2724,target,xlsr_sls_model_v4_kk_spoof:Train/parliament/mazhilis_13_445,v4:kk:Train/parliament/mazhilis_13_445,kk-piper-issai-high-v1,piper_neural_tts,piper_kk_issai_high,ISSAI_KazakhTTS2_F3,2,,succeeded,ISSAI_KazakhTTS2_F3,2,,330254394,1,[],raw/v4/xlsr_sls_model_v4_kk_spoof_raw_v1/kk-piper-issai-high-v1/07/079fb92e3f32fd4c06aeca2560f6de99fef73c11c75e6b87ba2cf6b64bc3a084.wav,360bb03d9bad873f47c0e80ad072b0ab8f5fac1688b6e53f83c01212ca1857e6,4.20281179138322,22050,local_cpu_piper,
2728,target,xlsr_sls_model_v4_kk_spoof:Train/podcasts/03_79_103,v4:kk:Train/podcasts/03_79_103,kk-piper-issai-high-v1,piper_neural_tts,piper_kk_issai_high,ISSAI_KazakhTTS_F1_Raya,3,,succeeded,ISSAI_KazakhTTS_F1_Raya,3,,2077673923,1,[],raw/v4/xlsr_sls_model_v4_kk_spoof_raw_v1/kk-piper-issai-high-v1/a8/a873dc41aa06715c91d761669b22cf9333103f095a5e4f8f0a9a74cada31c563.wav,f9daf9da730b655ab0336d66f64e9c6e8fe899dd92bd62f60b8244860df0d779,3.7616326530612243,22050,local_cpu_piper,
2732,target,xlsr_sls_model_v4_kk_spoof:Train/radio/01_62_014,v4:kk:Train/radio/01_62_014,kk-piper-issai-high-v1,piper_neural_tts,piper_kk_issai_high,ISSAI_KazakhTTS2_F1,4,,succeeded,ISSAI_KazakhTTS2_F1,4,,575941339,1,[],raw/v4/xlsr_sls_model_v4_kk_spoof_raw_v1/kk-piper-issai-high-v1/fc/fc833425cace3110bdfc6404e45ebe79eb8915250d9ef5020e8ce0c38a2ce463.wav,07f84206e1430798f8e7ac09b4afaf22b7e3475599dc7a44c9ba58cd24579920,1.6486167800453515,22050,local_cpu_piper,
2736,target,xlsr_sls_model_v4_kk_spoof:Train/podcasts/03_31_083,v4:kk:Train/podcasts/03_31_083,kk-piper-issai-high-v1,piper_neural_tts,piper_kk_issai_high,ISSAI_KazakhTTS2_F2,5,,succeeded,ISSAI_KazakhTTS2_F2,5,,1398726383,1,[],raw/v4/xlsr_sls_model_v4_kk_spoof_raw_v1/kk-piper-issai-high-v1/0f/0f0aba9f1eb7e5d0b59208ed33143f285cb6e709efdd187170cee049660af8f7.wav,1ca6fec40f710f229da35775b06db1d1430db567d19b1a60a77b545053ea8111,1.4164172335600906,22050,local_cpu_piper,
2740,target,xlsr_sls_model_v4_kk_spoof:Train/talkshow/01_37_312,v4:kk:Train/talkshow/01_37_312,kk-piper-issai-high-v1,piper_neural_tts,piper_kk_issai_high,ISSAI_KazakhTTS2_M2,,,succeeded,ISSAI_KazakhTTS2_M2,,,479652725,1,[],raw/v4/xlsr_sls_model_v4_kk_spoof_raw_v1/kk-piper-issai-high-v1/9b/9b5d0df68824e0034c08a41b1773c317b06f64375209d160c2824b5641452df0.wav,7ba6cdc05007c2fe9c5d6b1c105bd942a30bf8c8fd4ca680bb4572a3746beb3b,10.518639455782314,22050,local_cpu_piper,
2744,target,xlsr_sls_model_v4_kk_spoof:Train/talkshow/01_20_203,v4:kk:Train/talkshow/01_20_203,kk-piper-issai-high-v1,piper_neural_tts,piper_kk_issai_high,ISSAI_KazakhTTS_M1_Iseke,1,,succeeded,ISSAI_KazakhTTS_M1_Iseke,1,,1143506502,1,[],raw/v4/xlsr_sls_model_v4_kk_spoof_raw_v1/kk-piper-issai-high-v1/93/932de064875efbb695528fc5cb9c02c5db297144f31da686a7c0236b4869b869.wav,4de282dc75e5efc937bfdda52b09fdf0b3e6a3df0f583f02e4d3bc03025c5314,2.809614512471655,22050,local_cpu_piper,
2748,target,xlsr_sls_model_v4_kk_spoof:Train/talkshow/01_32_023,v4:kk:Train/talkshow/01_32_023,kk-piper-issai-high-v1,piper_neural_tts,piper_kk_issai_high,ISSAI_KazakhTTS2_F3,2,,succeeded,ISSAI_KazakhTTS2_F3,2,,2078590084,1,[],raw/v4/xlsr_sls_model_v4_kk_spoof_raw_v1/kk-piper-issai-high-v1/6e/6ee9bb334883aa13378a1e2e51fc8bad0514d98561f0997b16a4c12d810689f8.wav,d5fb2fb23baa60dea7218977f20668f35b99b95f41ceef0b511fc6a380a0fd6b,1.2887074829931973,22050,local_cpu_piper,
2752,target,xlsr_sls_model_v4_kk_spoof:Train/radio/01_45_213,v4:kk:Train/radio/01_45_213,kk-piper-issai-high-v1,piper_neural_tts,piper_kk_issai_high,ISSAI_KazakhTTS_F1_Raya,3,,succeeded,ISSAI_KazakhTTS_F1_Raya,3,,2042105394,1,[],raw/v4/xlsr_sls_model_v4_kk_spoof_raw_v1/kk-piper-issai-high-v1/7d/7d60a0bb70e4a49738a566d0926e63af7a922eded1090136d9d3b6633bee696c.wav,45327ec9770823729fa420162c67a1ce06c4f87e38648c9e227cd47e35926b2c,10.054240362811791,22050,local_cpu_piper,
2756,target,xlsr_sls_model_v4_kk_spoof:Train/tv_news/5f71cf26bd9d0,v4:kk:Train/tv_news/5f71cf26bd9d0,kk-piper-issai-high-v1,piper_neural_tts,piper_kk_issai_high,ISSAI_KazakhTTS2_F1,4,,succeeded,ISSAI_KazakhTTS2_F1,4,,1511611921,1,[],raw/v4/xlsr_sls_model_v4_kk_spoof_raw_v1/kk-piper-issai-high-v1/36/3655de092f390ef5e6511c057b8f66549385d434044f8732ecf6b31947ecf0c1.wav,238ad8dc43caabab6e8a7b279be409553d9e0e703928ef2f8d8dc7073b50f497,6.30421768707483,22050,local_cpu_piper,
2760,target,xlsr_sls_model_v4_kk_spoof:Train/parliament/mazhilis_13_337,v4:kk:Train/parliament/mazhilis_13_337,kk-piper-issai-high-v1,piper_neural_tts,piper_kk_issai_high,ISSAI_KazakhTTS2_F2,5,,succeeded,ISSAI_KazakhTTS2_F2,5,,1847538092,1,[],raw/v4/xlsr_sls_model_v4_kk_spoof_raw_v1/kk-piper-issai-high-v1/45/456c7165129c1e24b707e2cb5f760d9c94265e24907c70d5d60fe8a5b67a5690.wav,210cabef2af5ee01525134322da5b387b3db8034ec43653af4ff35510f2ab169,2.391655328798186,22050,local_cpu_piper,
2764,target,xlsr_sls_model_v4_kk_spoof:Train/tv_news/5fa2e6be4d0a9,v4:kk:Train/tv_news/5fa2e6be4d0a9,kk-piper-issai-high-v1,piper_neural_tts,piper_kk_issai_high,ISSAI_KazakhTTS2_M2,,,succeeded,ISSAI_KazakhTTS2_M2,,,206396516,1,[],raw/v4/xlsr_sls_model_v4_kk_spoof_raw_v1/kk-piper-issai-high-v1/31/31c4c11f59b2e62da8388d3d1f888579b26b54f310a040f6fcb7db55fc92f072.wav,95e144ac514188e427457bb3a0ba761c2335dae627b423d4d74d39639045a676,5.572789115646258,22050,local_cpu_piper,
2768,target,xlsr_sls_model_v4_kk_spoof:Train/radio/01_58_062,v4:kk:Train/radio/01_58_062,kk-piper-issai-high-v1,piper_neural_tts,piper_kk_issai_high,ISSAI_KazakhTTS_M1_Iseke,1,,succeeded,ISSAI_KazakhTTS_M1_Iseke,1,,2016578308,1,[],raw/v4/xlsr_sls_model_v4_kk_spoof_raw_v1/kk-piper-issai-high-v1/cc/cca20377542cebb0107e042e7ff00e5b679aa402d33d95ec3cd6946eeaa16cfa.wav,95df5d71b23949b1dfa9edb875fd17bb2a9ae1cd99f71a32cae26ef6301d2f8a,5.851428571428571,22050,local_cpu_piper,
2772,target,xlsr_sls_model_v4_kk_spoof:Train/tv_news/5fe2a6fb6125f,v4:kk:Train/tv_news/5fe2a6fb6125f,kk-piper-issai-high-v1,piper_neural_tts,piper_kk_issai_high,ISSAI_KazakhTTS2_F3,2,,succeeded,ISSAI_KazakhTTS2_F3,2,,1274893399,1,[],raw/v4/xlsr_sls_model_v4_kk_spoof_raw_v1/kk-piper-issai-high-v1/f7/f72c23a02c9019de8cf18542f6b969b70b58d9fd7802ba8d1a187e7a4b5582c0.wav,b0d9f81892ce45b1ad7fccae74cc0c8d92cea39adddaf7b9676e383218bc74c8,4.3769614512471655,22050,local_cpu_piper,
2776,target,xlsr_sls_model_v4_kk_spoof:Train/parliament/senate_23_449,v4:kk:Train/parliament/senate_23_449,kk-piper-issai-high-v1,piper_neural_tts,piper_kk_issai_high,ISSAI_KazakhTTS_F1_Raya,3,,succeeded,ISSAI_KazakhTTS_F1_Raya,3,,948010247,1,[],raw/v4/xlsr_sls_model_v4_kk_spoof_raw_v1/kk-piper-issai-high-v1/95/950ec90a1d8c256fce55b25fc2813fa066873f1bbd0d6e8d4e425f4bf85608a3.wav,a67f85211ac264b24483eee410be47c6c024494ee88a90def1623412eedd92be,3.3436734693877552,22050,local_cpu_piper,
2780,target,xlsr_sls_model_v4_kk_spoof:Train/parliament/senate_19_428,v4:kk:Train/parliament/senate_19_428,kk-piper-issai-high-v1,piper_neural_tts,piper_kk_issai_high,ISSAI_KazakhTTS2_F1,4,,succeeded,ISSAI_KazakhTTS2_F1,4,,525756902,1,[],raw/v4/xlsr_sls_model_v4_kk_spoof_raw_v1/kk-piper-issai-high-v1/64/6425437abf36676ad0702ba4a4ecd0adc5ae2be9f6ae15828b40acc0d3bd67b4.wav,4765fb71b546486d21224280839e5b757bc60a41b40d097a1e8da49a039e3b4b,2.159455782312925,22050,local_cpu_piper,
2784,target,xlsr_sls_model_v4_kk_spoof:Train/parliament/mazhilis_15_2_577,v4:kk:Train/parliament/mazhilis_15_2_577,kk-piper-issai-high-v1,piper_neural_tts,piper_kk_issai_high,ISSAI_KazakhTTS2_F2,5,,succeeded,ISSAI_KazakhTTS2_F2,5,,963257617,1,[],raw/v4/xlsr_sls_model_v4_kk_spoof_raw_v1/kk-piper-issai-high-v1/b2/b2f1f46feda4f2f68bce8ea794fe6a1cfc75b920cb145be9a9ffde6a89d7c9ca.wav,32324368d70fb55e839b345f7a0446c35d1b14dec4d230fc5575e11a5d5ac23d,4.446621315192743,22050,local_cpu_piper,
2788,target,xlsr_sls_model_v4_kk_spoof:Train/radio/01_53_504,v4:kk:Train/radio/01_53_504,kk-piper-issai-high-v1,piper_neural_tts,piper_kk_issai_high,ISSAI_KazakhTTS2_M2,,,succeeded,ISSAI_KazakhTTS2_M2,,,1700625792,1,[],raw/v4/xlsr_sls_model_v4_kk_spoof_raw_v1/kk-piper-issai-high-v1/4c/4c5f7c7c117375206b6e199f5f3de33de0a5c0efe292a8baecf2a4fdd7deb94d.wav,4f65a86f27a8e3bf0bc361c696c93f20a5b08b3324194dd8ac2882b28efeba5e,6.350657596371882,22050,local_cpu_piper,
2792,target,xlsr_sls_model_v4_kk_spoof:Train/radio/01_45_255,v4:kk:Train/radio/01_45_255,kk-piper-issai-high-v1,piper_neural_tts,piper_kk_issai_high,ISSAI_KazakhTTS_M1_Iseke,1,,succeeded,ISSAI_KazakhTTS_M1_Iseke,1,,226118987,1,[],raw/v4/xlsr_sls_model_v4_kk_spoof_raw_v1/kk-piper-issai-high-v1/3c/3cf774fd1ac6e8f875f062e86bd1f25f0301740fb87f4cf9835eb7836f6f6077.wav,c6f8e4af1fdcd47cba8e5851c927ae4c50ac5ff2e24b4ad2d1b867f1ede15c8f,6.849886621315193,22050,local_cpu_piper,
2796,target,xlsr_sls_model_v4_kk_spoof:Train/talkshow/01_20_129,v4:kk:Train/talkshow/01_20_129,kk-piper-issai-high-v1,piper_neural_tts,piper_kk_issai_high,ISSAI_KazakhTTS2_F3,2,,succeeded,ISSAI_KazakhTTS2_F3,2,,598513250,1,[],raw/v4/xlsr_sls_model_v4_kk_spoof_raw_v1/kk-piper-issai-high-v1/7c/7c5bc2a030c1bd01106dddeee7fddb7ea60f1354a8aaf6780552ac86adca6c61.wav,095e205ec44dff64f626d9f1f2e525afa2ed27de80067cded4cf5991ee787502,7.325895691609977,22050,local_cpu_piper,
2800,target,xlsr_sls_model_v4_kk_spoof:Train/talkshow/01_59_014,v4:kk:Train/talkshow/01_59_014,kk-piper-issai-high-v1,piper_neural_tts,piper_kk_issai_high,ISSAI_KazakhTTS_F1_Raya,3,,succeeded,ISSAI_KazakhTTS_F1_Raya,3,,2074862799,1,[],raw/v4/xlsr_sls_model_v4_kk_spoof_raw_v1/kk-piper-issai-high-v1/f7/f7180688fd2f559e1f3fd9bba1c2644eb9e7b49b3aa334f70fad4d77fa7b60ee.wav,cfd2ec4a09b211690433283fb2884067f5358abb7551b14a624d7cae358bb1c8,3.5294331065759637,22050,local_cpu_piper,
2804,target,xlsr_sls_model_v4_kk_spoof:Train/radio/01_25_211,v4:kk:Train/radio/01_25_211,kk-piper-issai-high-v1,piper_neural_tts,piper_kk_issai_high,ISSAI_KazakhTTS2_F1,4,,succeeded,ISSAI_KazakhTTS2_F1,4,,4317869,1,[],raw/v4/xlsr_sls_model_v4_kk_spoof_raw_v1/kk-piper-issai-high-v1/d4/d4f2bbe0ae6b71c616067c74405ada49bea0767324b813b3261a5bf8b3a28796.wav,cf7c847b68d895bebe99eb101ea369efab91353509f6241a5f472e0d6e711e16,3.378503401360544,22050,local_cpu_piper,
2808,target,xlsr_sls_model_v4_kk_spoof:Train/parliament/senate_19_365,v4:kk:Train/parliament/senate_19_365,kk-piper-issai-high-v1,piper_neural_tts,piper_kk_issai_high,ISSAI_KazakhTTS2_F2,5,,succeeded,ISSAI_KazakhTTS2_F2,5,,1018667866,1,[],raw/v4/xlsr_sls_model_v4_kk_spoof_raw_v1/kk-piper-issai-high-v1/de/de3d3476a7210971e7fb8c1cba3b56f5a0989f7921bfdf80f865fa2812a9d061.wav,6be3c04de2ccc733e7e274f6a79109bda276563013ddcd3e5d8ab8197ab551dd,6.791836734693877,22050,local_cpu_piper,
2812,target,xlsr_sls_model_v4_kk_spoof:Train/radio/01_85_404,v4:kk:Train/radio/01_85_404,kk-piper-issai-high-v1,piper_neural_tts,piper_kk_issai_high,ISSAI_KazakhTTS2_M2,,,succeeded,ISSAI_KazakhTTS2_M2,,,320902372,1,[],raw/v4/xlsr_sls_model_v4_kk_spoof_raw_v1/kk-piper-issai-high-v1/70/706bcf8c7917959aba84885fcd10359358ec9205f9403d96f90164b11b7c9edf.wav,d2437473cdcedf88e69ec4efeef7a899600fc51fa8738d03e54721795b82f8f4,1.1609977324263039,22050,local_cpu_piper,
2816,target,xlsr_sls_model_v4_kk_spoof:Train/radio/01_40_345,v4:kk:Train/radio/01_40_345,kk-piper-issai-high-v1,piper_neural_tts,piper_kk_issai_high,ISSAI_KazakhTTS_M1_Iseke,1,,succeeded,ISSAI_KazakhTTS_M1_Iseke,1,,1728952421,1,[],raw/v4/xlsr_sls_model_v4_kk_spoof_raw_v1/kk-piper-issai-high-v1/49/492a67d42caca24700a79933138b744ed9ed3c0d7a3d06d2b2bbfd23f344279d.wav,4e818efbaedad69c318a3e4eb374ded41d70dfce68abfeb609b7390abaa618ba,3.308843537414966,22050,local_cpu_piper,
2820,target,xlsr_sls_model_v4_kk_spoof:Train/podcasts/01_10_120,v4:kk:Train/podcasts/01_10_120,kk-piper-issai-high-v1,piper_neural_tts,piper_kk_issai_high,ISSAI_KazakhTTS2_F3,2,,succeeded,ISSAI_KazakhTTS2_F3,2,,515071205,1,[],raw/v4/xlsr_sls_model_v4_kk_spoof_raw_v1/kk-piper-issai-high-v1/c4/c4d54b9081129334c2ea63c4f4871f4526c8f68de8c1df3d7938d19a9e31e9a5.wav,e506a92eb225e2205929a1e092b34e5177871008b470d071b50be094653c5a7b,5.305759637188209,22050,local_cpu_piper,
2824,target,xlsr_sls_model_v4_kk_spoof:Train/podcasts/04_02_437,v4:kk:Train/podcasts/04_02_437,kk-piper-issai-high-v1,piper_neural_tts,piper_kk_issai_high,ISSAI_KazakhTTS_F1_Raya,3,,succeeded,ISSAI_KazakhTTS_F1_Raya,3,,1368297216,1,[],raw/v4/xlsr_sls_model_v4_kk_spoof_raw_v1/kk-piper-issai-high-v1/89/89878b9f1336c48f2b320fa25ccb8376e1be04c6768481f70b3d18a060c1e45b.wav,09cc973b22096e588ae28aa7edf645aa951c2074732c1254051486145c4d9778,1.9156462585034013,22050,local_cpu_piper,
2828,target,xlsr_sls_model_v4_kk_spoof:Train/podcasts/01_03_725,v4:kk:Train/podcasts/01_03_725,kk-piper-issai-high-v1,piper_neural_tts,piper_kk_issai_high,ISSAI_KazakhTTS2_F1,4,,succeeded,ISSAI_KazakhTTS2_F1,4,,868019399,1,[],raw/v4/xlsr_sls_model_v4_kk_spoof_raw_v1/kk-piper-issai-high-v1/fe/fe75c53d56ae812976f913df8840e3ba80695df42df1b3faa1105d95765290d6.wav,950edb5a908bd8d5bcc5b3e40123472b301fc9d74d3c6c14468dca56d4585205,2.705124716553288,22050,local_cpu_piper,
2832,target,xlsr_sls_model_v4_kk_spoof:Train/parliament/mazhilis_03_287,v4:kk:Train/parliament/mazhilis_03_287,kk-piper-issai-high-v1,piper_neural_tts,piper_kk_issai_high,ISSAI_KazakhTTS2_F2,5,,succeeded,ISSAI_KazakhTTS2_F2,5,,1602333443,1,[],raw/v4/xlsr_sls_model_v4_kk_spoof_raw_v1/kk-piper-issai-high-v1/6c/6cbee37de228d4ce48337b1c0b2c5bf3ac9cac66143f73c2e844d688d9ed1d26.wav,123e30eed2b946d4886ef1a0d65eee93ea22cb0e6882fb3ae819be2dcc1a1732,2.8444444444444446,22050,local_cpu_piper,
2836,target,xlsr_sls_model_v4_kk_spoof:Train/podcasts/01_03_326,v4:kk:Train/podcasts/01_03_326,kk-piper-issai-high-v1,piper_neural_tts,piper_kk_issai_high,ISSAI_KazakhTTS2_M2,,,succeeded,ISSAI_KazakhTTS2_M2,,,2047689281,1,[],raw/v4/xlsr_sls_model_v4_kk_spoof_raw_v1/kk-piper-issai-high-v1/a0/a05a5d915312ea1b8414608264a0579d68b29050eac5716b6f13feee252a7fab.wav,39e9fcaf3f0241c2d60d7d7d44cfacd861f772e998c0cb4356c97fdc399682f5,5.50312925170068,22050,local_cpu_piper,
2840,target,xlsr_sls_model_v4_kk_spoof:Train/parliament/mazhilis_15_1_652,v4:kk:Train/parliament/mazhilis_15_1_652,kk-piper-issai-high-v1,piper_neural_tts,piper_kk_issai_high,ISSAI_KazakhTTS_M1_Iseke,1,,succeeded,ISSAI_KazakhTTS_M1_Iseke,1,,1212378586,1,[],raw/v4/xlsr_sls_model_v4_kk_spoof_raw_v1/kk-piper-issai-high-v1/8f/8f5328b33fd21e8b4d76e2be0a1528fd1928df504db4f4f22a2500cc7182606a.wav,d1dd41ff18c5c65b5185f7d28a21a6707937dccf7b54d968e535c56b237fdd90,6.710566893424036,22050,local_cpu_piper,
2844,target,xlsr_sls_model_v4_kk_spoof:Train/radio/01_71_455,v4:kk:Train/radio/01_71_455,kk-piper-issai-high-v1,piper_neural_tts,piper_kk_issai_high,ISSAI_KazakhTTS2_F3,2,,succeeded,ISSAI_KazakhTTS2_F3,2,,966214792,1,[],raw/v4/xlsr_sls_model_v4_kk_spoof_raw_v1/kk-piper-issai-high-v1/f8/f8842014fce156d29686f45c9f0639eaca5523ab2e7e3a7b1b6efd5849d9a2e8.wav,1bb932ecc2047752326b43d494a0e0314e1f90660ef79f29c73b8a861c154984,4.272471655328798,22050,local_cpu_piper,
2848,target,xlsr_sls_model_v4_kk_spoof:Train/radio/01_75_155,v4:kk:Train/radio/01_75_155,kk-piper-issai-high-v1,piper_neural_tts,piper_kk_issai_high,ISSAI_KazakhTTS_F1_Raya,3,,succeeded,ISSAI_KazakhTTS_F1_Raya,3,,574160568,1,[],raw/v4/xlsr_sls_model_v4_kk_spoof_raw_v1/kk-piper-issai-high-v1/e9/e97f5bb789dfaface8078d6a626947d9415252376eb5d90b208c284b76d53f2d.wav,77df5fecfc9da9afaccbc4973431ddf44c7db74c4f27267f3402ee2e85b4e961,3.4249433106575964,22050,local_cpu_piper,
2852,target,xlsr_sls_model_v4_kk_spoof:Train/podcasts/06_02_283,v4:kk:Train/podcasts/06_02_283,kk-piper-issai-high-v1,piper_neural_tts,piper_kk_issai_high,ISSAI_KazakhTTS2_F1,4,,succeeded,ISSAI_KazakhTTS2_F1,4,,517075882,1,[],raw/v4/xlsr_sls_model_v4_kk_spoof_raw_v1/kk-piper-issai-high-v1/6a/6a1bb74f4bf795d5d2ea18498d039c981cedf25a86d0a01628b870fa1708b721.wav,c6ef2172c42ffaf777fb75bca5035609915554d76cf25f92c60b352c87d81d5b,3.6919727891156464,22050,local_cpu_piper,
2856,target,xlsr_sls_model_v4_kk_spoof:Train/podcasts/04_03_370,v4:kk:Train/podcasts/04_03_370,kk-piper-issai-high-v1,piper_neural_tts,piper_kk_issai_high,ISSAI_KazakhTTS2_F2,5,,succeeded,ISSAI_KazakhTTS2_F2,5,,1072482125,1,[],raw/v4/xlsr_sls_model_v4_kk_spoof_raw_v1/kk-piper-issai-high-v1/37/37094ee745221610072937a8c19ed961fcc38bc6edca912c4facc47efca6fe1d.wav,610d5e3ef5c93878543f713a70f7488671bb96c19740b2e35ebc8a4c9219e24c,2.48453514739229,22050,local_cpu_piper,
2860,target,xlsr_sls_model_v4_kk_spoof:Train/radio/01_52_444,v4:kk:Train/radio/01_52_444,kk-piper-issai-high-v1,piper_neural_tts,piper_kk_issai_high,ISSAI_KazakhTTS2_M2,,,succeeded,ISSAI_KazakhTTS2_M2,,,1311310484,1,[],raw/v4/xlsr_sls_model_v4_kk_spoof_raw_v1/kk-piper-issai-high-v1/97/9751b251e43b392f160932976f21738520c0ade3aeee4f9dd0d28b3b247fbd18.wav,53da2021a80f24d45eabd61fef97f9a1e25de7adc48214c59e2b37ee34009dc8,5.456689342403628,22050,local_cpu_piper,
2864,target,xlsr_sls_model_v4_kk_spoof:Train/talkshow/01_45_112,v4:kk:Train/talkshow/01_45_112,kk-piper-issai-high-v1,piper_neural_tts,piper_kk_issai_high,ISSAI_KazakhTTS_M1_Iseke,1,,succeeded,ISSAI_KazakhTTS_M1_Iseke,1,,1327585346,1,[],raw/v4/xlsr_sls_model_v4_kk_spoof_raw_v1/kk-piper-issai-high-v1/cb/cb8a524ebf75a20342f4428a129c0f37a5bb6e3e44211fd7a3c0b7d20f8479ce.wav,0f631dddd8b9f2f2a5cceb49391c508dcb48af2d1b3e4303890f0fe561835cd6,6.025578231292517,22050,local_cpu_piper,
2868,target,xlsr_sls_model_v4_kk_spoof:Train/talkshow/01_32_565,v4:kk:Train/talkshow/01_32_565,kk-piper-issai-high-v1,piper_neural_tts,piper_kk_issai_high,ISSAI_KazakhTTS2_F3,2,,succeeded,ISSAI_KazakhTTS2_F3,2,,608777209,1,[],raw/v4/xlsr_sls_model_v4_kk_spoof_raw_v1/kk-piper-issai-high-v1/01/012a88b47fa2ffee134c99f8bd59268744e5ee5891a0b31940fb4983c9bfa148.wav,8533c18b5fb99c118c4eaa0f19693ea392b106ee85a20342d056e30c50145702,2.3219954648526078,22050,local_cpu_piper,
2872,target,xlsr_sls_model_v4_kk_spoof:Train/parliament/senate_11_050,v4:kk:Train/parliament/senate_11_050,kk-piper-issai-high-v1,piper_neural_tts,piper_kk_issai_high,ISSAI_KazakhTTS_F1_Raya,3,,succeeded,ISSAI_KazakhTTS_F1_Raya,3,,1448384690,1,[],raw/v4/xlsr_sls_model_v4_kk_spoof_raw_v1/kk-piper-issai-high-v1/61/6132458d05533ed63c1b1bf467ac55417dc25441f79cd305376bc9761b3f1e32.wav,6084dee84ff6c0c63768e28537c65b76826ebf0aad8428625ebd3476bbbb3c31,2.7399546485260773,22050,local_cpu_piper,
2876,target,xlsr_sls_model_v4_kk_spoof:Train/podcasts/01_09_206,v4:kk:Train/podcasts/01_09_206,kk-piper-issai-high-v1,piper_neural_tts,piper_kk_issai_high,ISSAI_KazakhTTS2_F1,4,,succeeded,ISSAI_KazakhTTS2_F1,4,,271325900,1,[],raw/v4/xlsr_sls_model_v4_kk_spoof_raw_v1/kk-piper-issai-high-v1/87/874f7e4239d92b6978feb54a636d1761e80f3d3bbd1b33047efa5bb0829a4837.wav,2595d3fa9e0041b02734e7ef72c74205919b2fb4f221af24ca707cdbc70eba08,7.163356009070295,22050,local_cpu_piper,
2880,target,xlsr_sls_model_v4_kk_spoof:Train/parliament/mazhilis_27_600,v4:kk:Train/parliament/mazhilis_27_600,kk-piper-issai-high-v1,piper_neural_tts,piper_kk_issai_high,ISSAI_KazakhTTS2_F2,5,,succeeded,ISSAI_KazakhTTS2_F2,5,,1352246998,1,[],raw/v4/xlsr_sls_model_v4_kk_spoof_raw_v1/kk-piper-issai-high-v1/e1/e173ff2ea81d945bd4731a966be0988ae357df91487ad0bf648f2eeabf3fa2ae.wav,1735270e449c363e0b81232820beb6517bdc8b547dc7379effe6a5f7ff5643e2,17.403356009070293,22050,local_cpu_piper,
2884,target,xlsr_sls_model_v4_kk_spoof:Train/parliament/mazhilis_03_316,v4:kk:Train/parliament/mazhilis_03_316,kk-piper-issai-high-v1,piper_neural_tts,piper_kk_issai_high,ISSAI_KazakhTTS2_M2,,,succeeded,ISSAI_KazakhTTS2_M2,,,1255000065,1,[],raw/v4/xlsr_sls_model_v4_kk_spoof_raw_v1/kk-piper-issai-high-v1/03/0375be5d080c84f434b7418b848e66226729149c2762623e70a6d9696d7b621f.wav,b8a67c5f701ddc5ffc8c1274655b5813efcff9feb9720e15ca8be26435283975,6.3854875283446715,22050,local_cpu_piper,
2888,target,xlsr_sls_model_v4_kk_spoof:Train/tv_news/5fd038268393f,v4:kk:Train/tv_news/5fd038268393f,kk-piper-issai-high-v1,piper_neural_tts,piper_kk_issai_high,ISSAI_KazakhTTS_M1_Iseke,1,,succeeded,ISSAI_KazakhTTS_M1_Iseke,1,,849655440,1,[],raw/v4/xlsr_sls_model_v4_kk_spoof_raw_v1/kk-piper-issai-high-v1/74/7404d628d66bd7f8a2685992a55094de3b987989f2520e5ce1eb8f69f6f00694.wav,adb504d34daff2167b29b0678fd48febf2014cfe30760fb3c0b4a3302fdec797,5.166439909297052,22050,local_cpu_piper,
2892,target,xlsr_sls_model_v4_kk_spoof:Train/tv_news/6006d3060a48f,v4:kk:Train/tv_news/6006d3060a48f,kk-piper-issai-high-v1,piper_neural_tts,piper_kk_issai_high,ISSAI_KazakhTTS2_F3,2,,succeeded,ISSAI_KazakhTTS2_F3,2,,1498802404,1,[],raw/v4/xlsr_sls_model_v4_kk_spoof_raw_v1/kk-piper-issai-high-v1/ef/ef93760ddd5fd9c22a0c0b2d1f1fa82c77db8598025daea78ee6ee84bfd6ad25.wav,ce96a9e67aed58f48d94839f998d5073e3e3564a28c04704a7d29fb4fdca5f37,5.3986394557823125,22050,local_cpu_piper,
2896,target,xlsr_sls_model_v4_kk_spoof:Train/parliament/mazhilis_20_632,v4:kk:Train/parliament/mazhilis_20_632,kk-piper-issai-high-v1,piper_neural_tts,piper_kk_issai_high,ISSAI_KazakhTTS_F1_Raya,3,,succeeded,ISSAI_KazakhTTS_F1_Raya,3,,912185737,1,[],raw/v4/xlsr_sls_model_v4_kk_spoof_raw_v1/kk-piper-issai-high-v1/cb/cb0600d7da5d86ba966062699643a26dad21ce8df362f5f959a2085e9b75142e.wav,faed9c932354655f1dda6a3cfc396af04a765c526a70907583d70ee6cfdb45ff,11.598367346938776,22050,local_cpu_piper,
2900,target,xlsr_sls_model_v4_kk_spoof:Train/radio/01_62_235,v4:kk:Train/radio/01_62_235,kk-piper-issai-high-v1,piper_neural_tts,piper_kk_issai_high,ISSAI_KazakhTTS2_F1,4,,succeeded,ISSAI_KazakhTTS2_F1,4,,463654732,1,[],raw/v4/xlsr_sls_model_v4_kk_spoof_raw_v1/kk-piper-issai-high-v1/e4/e4e470f24527cf03fbc141aea396b36978e7d0b57c8b8aefa3c41399a7131c6d.wav,174e97735ae53c7528bd992602167c5cb2cb84e1200c3efbe51338609f2d350d,2.449705215419501,22050,local_cpu_piper,
2904,target,xlsr_sls_model_v4_kk_spoof:Train/radio/01_14_108,v4:kk:Train/radio/01_14_108,kk-piper-issai-high-v1,piper_neural_tts,piper_kk_issai_high,ISSAI_KazakhTTS2_F2,5,,succeeded,ISSAI_KazakhTTS2_F2,5,,876737067,1,[],raw/v4/xlsr_sls_model_v4_kk_spoof_raw_v1/kk-piper-issai-high-v1/c2/c2194febab20b87c8dea42c93130271eeb9219bc0b7701b86d0cdbd2c26bdef9.wav,3a8576de4822070c5db66c84376e44ae25a41a5dfb0c4ba6275a85fd1bde22a9,3.7616326530612243,22050,local_cpu_piper,
2908,target,xlsr_sls_model_v4_kk_spoof:Train/tv_news/5f71cfd12025e,v4:kk:Train/tv_news/5f71cfd12025e,kk-piper-issai-high-v1,piper_neural_tts,piper_kk_issai_high,ISSAI_KazakhTTS2_M2,,,succeeded,ISSAI_KazakhTTS2_M2,,,435175521,1,[],raw/v4/xlsr_sls_model_v4_kk_spoof_raw_v1/kk-piper-issai-high-v1/28/28aec8acf2ec7e9a93e6035f23205b5fa98f2319e023653c302df407309cb37e.wav,76a18dc4037a0e7481e3e78ca42f72621b27bc47faa030e6a52f64ecb647a390,5.990748299319728,22050,local_cpu_piper,
2912,target,xlsr_sls_model_v4_kk_spoof:Train/talkshow/01_03_044,v4:kk:Train/talkshow/01_03_044,kk-piper-issai-high-v1,piper_neural_tts,piper_kk_issai_high,ISSAI_KazakhTTS_M1_Iseke,1,,succeeded,ISSAI_KazakhTTS_M1_Iseke,1,,681081974,1,[],raw/v4/xlsr_sls_model_v4_kk_spoof_raw_v1/kk-piper-issai-high-v1/d5/d5878dc51317e8ded58fb74d1b3df7c5d6e1c1cfb3c8fde5fff54b494fd8b3d5.wav,4b51601dc0ba86beca88d91c8b65c9a8b3fb9d3c263f40ccef28e5637a89b66e,8.335963718820862,22050,local_cpu_piper,
2916,target,xlsr_sls_model_v4_kk_spoof:Train/parliament/senate_22_156,v4:kk:Train/parliament/senate_22_156,kk-piper-issai-high-v1,piper_neural_tts,piper_kk_issai_high,ISSAI_KazakhTTS2_F3,2,,succeeded,ISSAI_KazakhTTS2_F3,2,,1598834547,1,[],raw/v4/xlsr_sls_model_v4_kk_spoof_raw_v1/kk-piper-issai-high-v1/55/55af0ad14090687c7771ea180abc979362fcaf574f3f3ba54cdc8566faf69ad1.wav,e9c9813c75f50fd06e521867814836b0c39309d57f852d8d7cffdbc60a40ba7b,4.667210884353741,22050,local_cpu_piper,
2920,target,xlsr_sls_model_v4_kk_spoof:Train/parliament/senate_15_196,v4:kk:Train/parliament/senate_15_196,kk-piper-issai-high-v1,piper_neural_tts,piper_kk_issai_high,ISSAI_KazakhTTS_F1_Raya,3,,succeeded,ISSAI_KazakhTTS_F1_Raya,3,,247035705,1,[],raw/v4/xlsr_sls_model_v4_kk_spoof_raw_v1/kk-piper-issai-high-v1/56/564536a1f373a548a1af4edbf1c012677784b9ad53407ff8b65ed813957df191.wav,6e6863e36d9e6ade14494e3f74a7ffe913df0d09ff9c3bdf1756698f2fe8ec4e,3.657142857142857,22050,local_cpu_piper,
2924,target,xlsr_sls_model_v4_kk_spoof:Train/podcasts/01_09_501,v4:kk:Train/podcasts/01_09_501,kk-piper-issai-high-v1,piper_neural_tts,piper_kk_issai_high,ISSAI_KazakhTTS2_F1,4,,succeeded,ISSAI_KazakhTTS2_F1,4,,304519486,1,[],raw/v4/xlsr_sls_model_v4_kk_spoof_raw_v1/kk-piper-issai-high-v1/81/817722012224a0bf5942908d7b2b3db02a1a9ae394cd850e8b24e2e6f55f413e.wav,5e034b8498957c827688d7a225b081b05c13986e1048d5caecf01497c1e52e7d,3.355283446712018,22050,local_cpu_piper,
2928,target,xlsr_sls_model_v4_kk_spoof:Train/podcasts/03_69_091,v4:kk:Train/podcasts/03_69_091,kk-piper-issai-high-v1,piper_neural_tts,piper_kk_issai_high,ISSAI_KazakhTTS2_F2,5,,succeeded,ISSAI_KazakhTTS2_F2,5,,1992009492,1,[],raw/v4/xlsr_sls_model_v4_kk_spoof_raw_v1/kk-piper-issai-high-v1/c9/c9fd57f1814b22f5ef5b8b80d23ab3df3961530c5b087fe12bf8a2ed8e533950.wav,494d1ba3220c652200f5e31238fe0c88a9f12b8c2417019c8e692352e88d9447,3.250793650793651,22050,local_cpu_piper,
2932,target,xlsr_sls_model_v4_kk_spoof:Train/podcasts/01_09_319,v4:kk:Train/podcasts/01_09_319,kk-piper-issai-high-v1,piper_neural_tts,piper_kk_issai_high,ISSAI_KazakhTTS2_M2,,,succeeded,ISSAI_KazakhTTS2_M2,,,758497910,1,[],raw/v4/xlsr_sls_model_v4_kk_spoof_raw_v1/kk-piper-issai-high-v1/36/362efb0e58da992dd417ce86938039115a15928253b63cfbc9d95ad5efb12a93.wav,9c8e42a96b7ac4c1db5631909e6785cd37791a5adcea7c536a13270e3180a198,5.061950113378685,22050,local_cpu_piper,
2936,target,xlsr_sls_model_v4_kk_spoof:Train/talkshow/01_22_581,v4:kk:Train/talkshow/01_22_581,kk-piper-issai-high-v1,piper_neural_tts,piper_kk_issai_high,ISSAI_KazakhTTS_M1_Iseke,1,,succeeded,ISSAI_KazakhTTS_M1_Iseke,1,,1861329237,1,[],raw/v4/xlsr_sls_model_v4_kk_spoof_raw_v1/kk-piper-issai-high-v1/a3/a3dd9652051885b210a14a46501417d981ffa0db0a77a688b789d76468bdae29.wav,0c514e21f52240157f08364ec65d56e65f631dfbadacb60bff57e5e1dd2abf09,2.403265306122449,22050,local_cpu_piper,
2940,target,xlsr_sls_model_v4_kk_spoof:Train/tv_news/5f7103c84e54c,v4:kk:Train/tv_news/5f7103c84e54c,kk-piper-issai-high-v1,piper_neural_tts,piper_kk_issai_high,ISSAI_KazakhTTS2_F3,2,,succeeded,ISSAI_KazakhTTS2_F3,2,,592316470,1,[],raw/v4/xlsr_sls_model_v4_kk_spoof_raw_v1/kk-piper-issai-high-v1/76/76bff93edec2e3d1b6c972cb648f46d7fdd7247d92ae2eca71272dba9b2edb0c.wav,fbd101d893b4f4e8638cf1957c0c8f546e51d82f894901dbd5ef5120e3cfe63b,3.924172335600907,22050,local_cpu_piper,
2944,target,xlsr_sls_model_v4_kk_spoof:Train/talkshow/01_50_391,v4:kk:Train/talkshow/01_50_391,kk-piper-issai-high-v1,piper_neural_tts,piper_kk_issai_high,ISSAI_KazakhTTS_F1_Raya,3,,succeeded,ISSAI_KazakhTTS_F1_Raya,3,,834276853,1,[],raw/v4/xlsr_sls_model_v4_kk_spoof_raw_v1/kk-piper-issai-high-v1/96/96b012b154dc448ae57e0353b0704811b4cc21aafbcc74e0bfae55d28565810d.wav,670425787daaf93941aa388b1676be19ecee4d7aba8c9ff5812b5d9f71b17e8a,2.2755555555555556,22050,local_cpu_piper,
2948,target,xlsr_sls_model_v4_kk_spoof:Train/talkshow/01_49_277,v4:kk:Train/talkshow/01_49_277,kk-piper-issai-high-v1,piper_neural_tts,piper_kk_issai_high,ISSAI_KazakhTTS2_F1,4,,succeeded,ISSAI_KazakhTTS2_F1,4,,9592471,1,[],raw/v4/xlsr_sls_model_v4_kk_spoof_raw_v1/kk-piper-issai-high-v1/47/478628813e84982ed5626fab7652c710edce840ca1cd05888f9486126eedeeea.wav,dc36c7472b00beb1fcf0831f8ff2dd865f3acb6228bfc823e9751b7d27e20a65,4.992290249433107,22050,local_cpu_piper,
2952,target,xlsr_sls_model_v4_kk_spoof:Train/tv_news/5fe2a72da9aee,v4:kk:Train/tv_news/5fe2a72da9aee,kk-piper-issai-high-v1,piper_neural_tts,piper_kk_issai_high,ISSAI_KazakhTTS2_F2,5,,succeeded,ISSAI_KazakhTTS2_F2,5,,344024098,1,[],raw/v4/xlsr_sls_model_v4_kk_spoof_raw_v1/kk-piper-issai-high-v1/f2/f2d5324839e867e8a08a6e64de44220be27777921564d40281a1792539452885.wav,9956405881730d7a42f5a4c81fc4101f2b180f5aff68a45b00077a5ec1970abf,3.8545124716553287,22050,local_cpu_piper,
2956,target,xlsr_sls_model_v4_kk_spoof:Train/radio/01_62_733,v4:kk:Train/radio/01_62_733,kk-piper-issai-high-v1,piper_neural_tts,piper_kk_issai_high,ISSAI_KazakhTTS2_M2,,,succeeded,ISSAI_KazakhTTS2_M2,,,1648779291,1,[],raw/v4/xlsr_sls_model_v4_kk_spoof_raw_v1/kk-piper-issai-high-v1/c1/c16df23820cac6fbf3790a54839e7c9799286d8b9e99bef7dc5223e4aa6ab797.wav,18cd6c876233f2de95deb1e954b783f93af52d216c3c844109c559ec563fa358,2.6238548752834467,22050,local_cpu_piper,
2960,target,xlsr_sls_model_v4_kk_spoof:Train/parliament/mazhilis_24_672,v4:kk:Train/parliament/mazhilis_24_672,kk-piper-issai-high-v1,piper_neural_tts,piper_kk_issai_high,ISSAI_KazakhTTS_M1_Iseke,1,,succeeded,ISSAI_KazakhTTS_M1_Iseke,1,,169096980,1,[],raw/v4/xlsr_sls_model_v4_kk_spoof_raw_v1/kk-piper-issai-high-v1/b7/b77847be7034ecbe15866de99cd7a2def5ad3525f507031bed5cfa6939084e54.wav,76674f5cb317e4aca2b6250baee2cb6608fb9e9b371aa20e367f0ded51a2c5b1,10.135510204081633,22050,local_cpu_piper,
2964,target,xlsr_sls_model_v4_kk_spoof:Train/tv_news/5f834df157233,v4:kk:Train/tv_news/5f834df157233,kk-piper-issai-high-v1,piper_neural_tts,piper_kk_issai_high,ISSAI_KazakhTTS2_F3,2,,succeeded,ISSAI_KazakhTTS2_F3,2,,2109669056,1,[],raw/v4/xlsr_sls_model_v4_kk_spoof_raw_v1/kk-piper-issai-high-v1/a8/a8a814c57af1ed0f069a746f33b67ec1d55f824ca1b97694802ca17a958aea54.wav,96266fd323b618416be8e11f6db5833d172b2b15324f72f387ab47b42f8413de,3.297233560090703,22050,local_cpu_piper,
2968,target,xlsr_sls_model_v4_kk_spoof:Train/talkshow/01_51_300,v4:kk:Train/talkshow/01_51_300,kk-piper-issai-high-v1,piper_neural_tts,piper_kk_issai_high,ISSAI_KazakhTTS_F1_Raya,3,,succeeded,ISSAI_KazakhTTS_F1_Raya,3,,887897768,1,[],raw/v4/xlsr_sls_model_v4_kk_spoof_raw_v1/kk-piper-issai-high-v1/fe/fefd8862669fd5f8e45cf20a6b587a442b24b254dc42cc8ceb05d997703a1370.wav,9c103fa7aea0f8a413aa5438926e03758eeae8695f2e196d2498758735182297,2.136235827664399,22050,local_cpu_piper,
2972,target,xlsr_sls_model_v4_kk_spoof:Train/tv_news/5f71d0fbc6dd1,v4:kk:Train/tv_news/5f71d0fbc6dd1,kk-piper-issai-high-v1,piper_neural_tts,piper_kk_issai_high,ISSAI_KazakhTTS2_F1,4,,succeeded,ISSAI_KazakhTTS2_F1,4,,1344787973,1,[],raw/v4/xlsr_sls_model_v4_kk_spoof_raw_v1/kk-piper-issai-high-v1/e4/e4a49857e1caea25b525a1a76c7cf62a6ee7bc6c5617293b6dbc2ceadf21fea5.wav,359dc5bc34cf091d8b2a246f1ab9141ea0e9859425596cfc180eec3ed484a8cc,1.6370068027210884,22050,local_cpu_piper,
2976,target,xlsr_sls_model_v4_kk_spoof:Train/tv_news/5ff4b11f5687f,v4:kk:Train/tv_news/5ff4b11f5687f,kk-piper-issai-high-v1,piper_neural_tts,piper_kk_issai_high,ISSAI_KazakhTTS2_F2,5,,succeeded,ISSAI_KazakhTTS2_F2,5,,1248784305,1,[],raw/v4/xlsr_sls_model_v4_kk_spoof_raw_v1/kk-piper-issai-high-v1/04/04a5cf2c448af50711b96415ea9a83fcc3ba3b6964b00f0bda4bc759b1360d9f.wav,37c6cba01c2fd2300617c993b14ef2aac410dbc2ba5097498b5d61800405b544,2.147845804988662,22050,local_cpu_piper,
2980,target,xlsr_sls_model_v4_kk_spoof:Train/parliament/mazhilis_25_061,v4:kk:Train/parliament/mazhilis_25_061,kk-piper-issai-high-v1,piper_neural_tts,piper_kk_issai_high,ISSAI_KazakhTTS2_M2,,,succeeded,ISSAI_KazakhTTS2_M2,,,1824020201,1,[],raw/v4/xlsr_sls_model_v4_kk_spoof_raw_v1/kk-piper-issai-high-v1/ea/ea44af09907eee10a584c9c1e4e64f0ab31afc0a4b306ce0a9a9dde96dae565e.wav,b33a2a890b6962dad09c6659e57cb42d1ca616ed2621fef6f82c7a68e0198250,13.119274376417234,22050,local_cpu_piper,
2984,target,xlsr_sls_model_v4_kk_spoof:Train/talkshow/01_07_433,v4:kk:Train/talkshow/01_07_433,kk-piper-issai-high-v1,piper_neural_tts,piper_kk_issai_high,ISSAI_KazakhTTS_M1_Iseke,1,,succeeded,ISSAI_KazakhTTS_M1_Iseke,1,,1595325337,1,[],raw/v4/xlsr_sls_model_v4_kk_spoof_raw_v1/kk-piper-issai-high-v1/bc/bc6bb58c1faa6a28da9cee31421b70c42ad757e1bf9f802e2d933fbb5ddfeaa3.wav,e23acea241632612399a783424affbb91bffe3d97cfe12b72f0cbf8b29721270,6.106848072562358,22050,local_cpu_piper,
2988,target,xlsr_sls_model_v4_kk_spoof:Train/talkshow/01_20_136,v4:kk:Train/talkshow/01_20_136,kk-piper-issai-high-v1,piper_neural_tts,piper_kk_issai_high,ISSAI_KazakhTTS2_F3,2,,succeeded,ISSAI_KazakhTTS2_F3,2,,477354904,1,[],raw/v4/xlsr_sls_model_v4_kk_spoof_raw_v1/kk-piper-issai-high-v1/ed/ed6af17656bfcbb86fc6d029d74c6cfc5246c155b1f5bc4b10b9b611d061dcfa.wav,66da901cefe1ad0efaf9d6b19e63e32df78fb7ea176da747809288340f7e7654,6.606077097505669,22050,local_cpu_piper,
2992,target,xlsr_sls_model_v4_kk_spoof:Train/podcasts/03_43_096,v4:kk:Train/podcasts/03_43_096,kk-piper-issai-high-v1,piper_neural_tts,piper_kk_issai_high,ISSAI_KazakhTTS_F1_Raya,3,,succeeded,ISSAI_KazakhTTS_F1_Raya,3,,576818691,1,[],raw/v4/xlsr_sls_model_v4_kk_spoof_raw_v1/kk-piper-issai-high-v1/51/5169b55542e04d224d0dfa90a80baa6b78b12005369a42320c1e68b302b4312c.wav,bc06ab2f7d9ce1ff02bba3783e04a862e7c18b13f0a57675a78ec158a23dc012,1.799546485260771,22050,local_cpu_piper,
2996,target,xlsr_sls_model_v4_kk_spoof:Train/radio/01_73_197,v4:kk:Train/radio/01_73_197,kk-piper-issai-high-v1,piper_neural_tts,piper_kk_issai_high,ISSAI_KazakhTTS2_F1,4,,succeeded,ISSAI_KazakhTTS2_F1,4,,1848535029,1,[],raw/v4/xlsr_sls_model_v4_kk_spoof_raw_v1/kk-piper-issai-high-v1/b9/b9ff7fc304045f92570a27c8aa06f1fa4e4fe5fefe96315237829fcd03edbf03.wav,ebc36b1c28ce047e5433ff17f5416152040e46e6e7af76dd6cc9d57fd96649a3,6.722176870748299,22050,local_cpu_piper,
3000,target,xlsr_sls_model_v4_kk_spoof:Train/parliament/mazhilis_27_645,v4:kk:Train/parliament/mazhilis_27_645,kk-piper-issai-high-v1,piper_neural_tts,piper_kk_issai_high,ISSAI_KazakhTTS2_F2,5,,succeeded,ISSAI_KazakhTTS2_F2,5,,132679399,1,[],raw/v4/xlsr_sls_model_v4_kk_spoof_raw_v1/kk-piper-issai-high-v1/fa/faf775baf6e68753a6e914072ca16319e6a062b1a9010ee803de7166ac93ee9c.wav,0a82a7c28c9164e217edfb4db40a921c7bac0f743d191a25320fd727b22a7927,4.841360544217687,22050,local_cpu_piper,
3004,target,xlsr_sls_model_v4_kk_spoof:Train/talkshow/01_16_365,v4:kk:Train/talkshow/01_16_365,kk-piper-issai-high-v1,piper_neural_tts,piper_kk_issai_high,ISSAI_KazakhTTS2_M2,,,succeeded,ISSAI_KazakhTTS2_M2,,,661304303,1,[],raw/v4/xlsr_sls_model_v4_kk_spoof_raw_v1/kk-piper-issai-high-v1/8d/8d0a3dd9c03526394ff3fd0bd7a23b2858c5104eda8f9e47aec8b90920d986f4.wav,0dc32d65a610eb39036fe52f749a5e7dcae13cb35dec1629a9cd501c25c182d1,6.222947845804988,22050,local_cpu_piper,
3008,target,xlsr_sls_model_v4_kk_spoof:Train/talkshow/01_71_024,v4:kk:Train/talkshow/01_71_024,kk-piper-issai-high-v1,piper_neural_tts,piper_kk_issai_high,ISSAI_KazakhTTS_M1_Iseke,1,,succeeded,ISSAI_KazakhTTS_M1_Iseke,1,,1370172401,1,[],raw/v4/xlsr_sls_model_v4_kk_spoof_raw_v1/kk-piper-issai-high-v1/7c/7c0d53867a339dc35fe96469431fe1fa8477834f5983c50b9ab62e22eae47b4f.wav,2fe7ede26366bb5c7eccb6ce82ccee6b71a97d52ca92293594e7ce8185e60c0a,13.096054421768708,22050,local_cpu_piper,
3012,target,xlsr_sls_model_v4_kk_spoof:Train/radio/01_91_009,v4:kk:Train/radio/01_91_009,kk-piper-issai-high-v1,piper_neural_tts,piper_kk_issai_high,ISSAI_KazakhTTS2_F3,2,,succeeded,ISSAI_KazakhTTS2_F3,2,,1023620034,1,[],raw/v4/xlsr_sls_model_v4_kk_spoof_raw_v1/kk-piper-issai-high-v1/dd/dd9807baf49689f6c381a15712bf17ec525e791e698b1dde4ba3146313f8805c.wav,ee24eba098b60c8417d6c3726c66f495dcce571fc76a715e174b7d5c690f0a02,2.8444444444444446,22050,local_cpu_piper,
3016,target,xlsr_sls_model_v4_kk_spoof:Train/tv_news/5fa2e6cfef28a,v4:kk:Train/tv_news/5fa2e6cfef28a,kk-piper-issai-high-v1,piper_neural_tts,piper_kk_issai_high,ISSAI_KazakhTTS_F1_Raya,3,,succeeded,ISSAI_KazakhTTS_F1_Raya,3,,768676690,1,[],raw/v4/xlsr_sls_model_v4_kk_spoof_raw_v1/kk-piper-issai-high-v1/4a/4aafbf1c342d6b2e5096ede17d5a4bb0d340c46fe34cf405e292fbff2a658b8b.wav,4d9b401a3414d3a0189c54a8b9a086b48a0167c353ea887342acca9673ecd6e0,5.375419501133787,22050,local_cpu_piper,
3020,target,xlsr_sls_model_v4_kk_spoof:Train/radio/01_60_509,v4:kk:Train/radio/01_60_509,kk-piper-issai-high-v1,piper_neural_tts,piper_kk_issai_high,ISSAI_KazakhTTS2_F1,4,,succeeded,ISSAI_KazakhTTS2_F1,4,,1630347456,1,[],raw/v4/xlsr_sls_model_v4_kk_spoof_raw_v1/kk-piper-issai-high-v1/5f/5f3227f1055b3ef081f95528b2a8855d8737e40f9dc8de1b415976128d17fc2e.wav,75c960ed8feeec211b6e3482e36cb62ead787482dcb16f4a2c0f4a73fb014193,2.345215419501134,22050,local_cpu_piper,
3024,target,xlsr_sls_model_v4_kk_spoof:Train/talkshow/01_40_366,v4:kk:Train/talkshow/01_40_366,kk-piper-issai-high-v1,piper_neural_tts,piper_kk_issai_high,ISSAI_KazakhTTS2_F2,5,,succeeded,ISSAI_KazakhTTS2_F2,5,,665130181,1,[],raw/v4/xlsr_sls_model_v4_kk_spoof_raw_v1/kk-piper-issai-high-v1/c5/c5eb7c5347e3cce3084d5ca28f377b504dfa71dcb06a35b01f37dff41faf53b1.wav,aed2ec1254ac12e94681cce7270dd877410842803d04a3f12b724c1e899f9aa9,1.5441269841269842,22050,local_cpu_piper,
3028,target,xlsr_sls_model_v4_kk_spoof:Train/tv_news/5fa2e8d327d09,v4:kk:Train/tv_news/5fa2e8d327d09,kk-piper-issai-high-v1,piper_neural_tts,piper_kk_issai_high,ISSAI_KazakhTTS2_M2,,,succeeded,ISSAI_KazakhTTS2_M2,,,692429724,1,[],raw/v4/xlsr_sls_model_v4_kk_spoof_raw_v1/kk-piper-issai-high-v1/0b/0b01094328e564414a23e41951f3bd82f3ee48e1f42a44c3d931ae9f75ba809b.wav,c923c49a9ad5e8fb2f55ef4f2f1f551afaf2ca6066b08e952386e30ad7fb4983,6.141678004535147,22050,local_cpu_piper,
3032,target,xlsr_sls_model_v4_kk_spoof:Train/tv_news/5fa2e76e1637b,v4:kk:Train/tv_news/5fa2e76e1637b,kk-piper-issai-high-v1,piper_neural_tts,piper_kk_issai_high,ISSAI_KazakhTTS_M1_Iseke,1,,succeeded,ISSAI_KazakhTTS_M1_Iseke,1,,1004694173,1,[],raw/v4/xlsr_sls_model_v4_kk_spoof_raw_v1/kk-piper-issai-high-v1/b9/b90827d403ce876a2d00812f1d2ee131a1e5b162a870ad65dec5fae2ef0f9d37.wav,87f0e73f8e717a251ffb8d52e386b814dbe21b0a61886f261ed4a3f5566ef55e,7.48843537414966,22050,local_cpu_piper,
3036,target,xlsr_sls_model_v4_kk_spoof:Train/talkshow/01_75_227,v4:kk:Train/talkshow/01_75_227,kk-piper-issai-high-v1,piper_neural_tts,piper_kk_issai_high,ISSAI_KazakhTTS2_F3,2,,succeeded,ISSAI_KazakhTTS2_F3,2,,2087611539,1,[],raw/v4/xlsr_sls_model_v4_kk_spoof_raw_v1/kk-piper-issai-high-v1/92/9224498af5f028ca11f045c5a7f5fc595c26132c5f397346ea69d32d4d529f9b.wav,b81670c9dfcfbf2170d51b51af1f481c059ca11b71bb364faec9ccc65726d979,4.527891156462585,22050,local_cpu_piper,
3040,target,xlsr_sls_model_v4_kk_spoof:Train/tv_news/5fe2a7471eeed,v4:kk:Train/tv_news/5fe2a7471eeed,kk-piper-issai-high-v1,piper_neural_tts,piper_kk_issai_high,ISSAI_KazakhTTS_F1_Raya,3,,succeeded,ISSAI_KazakhTTS_F1_Raya,3,,2020155525,1,[],raw/v4/xlsr_sls_model_v4_kk_spoof_raw_v1/kk-piper-issai-high-v1/f0/f034c5022787d1237d4bf956e3886c9ed1056c37bda1e84e44980adb1db39e33.wav,9d6173163624072c9e2d15ac1ef07bb0ef66248f94191cd190c6197a911f4ee9,5.0967800453514736,22050,local_cpu_piper,
3044,target,xlsr_sls_model_v4_kk_spoof:Train/radio/01_56_601,v4:kk:Train/radio/01_56_601,kk-piper-issai-high-v1,piper_neural_tts,piper_kk_issai_high,ISSAI_KazakhTTS2_F1,4,,succeeded,ISSAI_KazakhTTS2_F1,4,,843917004,1,[],raw/v4/xlsr_sls_model_v4_kk_spoof_raw_v1/kk-piper-issai-high-v1/7e/7ee1a4cdb89c250128950b5ca10efd9980dc8bcbf346c7dc3bc72e7121c8a5ee.wav,90df90e02462282e2e49b05906c029f03ce581e1f5bec4658ad33e9dfa4f604f,7.650975056689342,22050,local_cpu_piper,
3048,target,xlsr_sls_model_v4_kk_spoof:Train/radio/01_60_527,v4:kk:Train/radio/01_60_527,kk-piper-issai-high-v1,piper_neural_tts,piper_kk_issai_high,ISSAI_KazakhTTS2_F2,5,,succeeded,ISSAI_KazakhTTS2_F2,5,,272797553,1,[],raw/v4/xlsr_sls_model_v4_kk_spoof_raw_v1/kk-piper-issai-high-v1/91/91a52ef9de89c17c3d2b2d2248645e63335a2b4b367d51b022198c4752819f9e.wav,50ddb7c7a940f279429842def0448b44a5502dcf15bb4726cdb530661bea3e23,1.9853061224489796,22050,local_cpu_piper,
3052,target,xlsr_sls_model_v4_kk_spoof:Train/parliament/mazhilis_24_537,v4:kk:Train/parliament/mazhilis_24_537,kk-piper-issai-high-v1,piper_neural_tts,piper_kk_issai_high,ISSAI_KazakhTTS2_M2,,,succeeded,ISSAI_KazakhTTS2_M2,,,1359905021,1,[],raw/v4/xlsr_sls_model_v4_kk_spoof_raw_v1/kk-piper-issai-high-v1/46/46fcb6b7ab446c164b8a0c26fc286058027d5b98ce615d4c9faae53282b0ede8.wav,eee722413eddd3b458e07fb9f6090c525a518dfe1e6421550709b5bfadbaaa8d,10.704399092970522,22050,local_cpu_piper,
3056,target,xlsr_sls_model_v4_kk_spoof:Train/podcasts/08_00_066,v4:kk:Train/podcasts/08_00_066,kk-piper-issai-high-v1,piper_neural_tts,piper_kk_issai_high,ISSAI_KazakhTTS_M1_Iseke,1,,succeeded,ISSAI_KazakhTTS_M1_Iseke,1,,1365886572,1,[],raw/v4/xlsr_sls_model_v4_kk_spoof_raw_v1/kk-piper-issai-high-v1/e3/e31f06b53ea5e09a2013f52a4cc4f6174f56cc81fb6c01fea07ba10bc471902b.wav,ef872988cf67acaf4c3125c0967a6e71c909009a60b25dcb606c70e4a1cbb39c,10.483809523809525,22050,local_cpu_piper,
3060,target,xlsr_sls_model_v4_kk_spoof:Train/podcasts/01_03_774,v4:kk:Train/podcasts/01_03_774,kk-piper-issai-high-v1,piper_neural_tts,piper_kk_issai_high,ISSAI_KazakhTTS2_F3,2,,succeeded,ISSAI_KazakhTTS2_F3,2,,1392530908,1,[],raw/v4/xlsr_sls_model_v4_kk_spoof_raw_v1/kk-piper-issai-high-v1/25/254588a649556b45292a785645342c7e224567c9a7c61c6d1156ba304c45a4df.wav,6bad604e286edf922299f055fb635571f0893b0ddc4ff03814a4f158e35c4fa5,4.806530612244898,22050,local_cpu_piper,
3064,target,xlsr_sls_model_v4_kk_spoof:Train/tv_news/5fd03799667bb,v4:kk:Train/tv_news/5fd03799667bb,kk-piper-issai-high-v1,piper_neural_tts,piper_kk_issai_high,ISSAI_KazakhTTS_F1_Raya,3,,succeeded,ISSAI_KazakhTTS_F1_Raya,3,,274233953,1,[],raw/v4/xlsr_sls_model_v4_kk_spoof_raw_v1/kk-piper-issai-high-v1/30/303ccf3bd6de4518265c6a76d8ccf3bb07d84e9ec6949f53ee0135addf129780.wav,4e934bd44c74dccc12152cf16ec034b44a6d53c2b2c9d19db6750f768b8954a2,3.0650340136054424,22050,local_cpu_piper,
3068,target,xlsr_sls_model_v4_kk_spoof:Train/radio/01_48_479,v4:kk:Train/radio/01_48_479,kk-piper-issai-high-v1,piper_neural_tts,piper_kk_issai_high,ISSAI_KazakhTTS2_F1,4,,succeeded,ISSAI_KazakhTTS2_F1,4,,1773799944,1,[],raw/v4/xlsr_sls_model_v4_kk_spoof_raw_v1/kk-piper-issai-high-v1/5e/5e32cb75c1ffbc5e417c40c617a510e530e21376b819da0432400455ba12fcfe.wav,84f507045bb407cabc664274d59c9a50d4a1f8b5ef6a97b574133696a6c3fd23,10.541859410430838,22050,local_cpu_piper,
3072,target,xlsr_sls_model_v4_kk_spoof:Train/radio/01_06_239,v4:kk:Train/radio/01_06_239,kk-piper-issai-high-v1,piper_neural_tts,piper_kk_issai_high,ISSAI_KazakhTTS2_F2,5,,succeeded,ISSAI_KazakhTTS2_F2,5,,673401061,1,[],raw/v4/xlsr_sls_model_v4_kk_spoof_raw_v1/kk-piper-issai-high-v1/ec/ec4ea9ced37fb970b3625f0799ecae8e06fe4001bcb897890059c6a730a15711.wav,4246766a3ab5854dec50538afd55a56e5010b2d819a71ceaf11d2e0055f90cde,6.188117913832199,22050,local_cpu_piper,
3076,target,xlsr_sls_model_v4_kk_spoof:Train/podcasts/04_06_135,v4:kk:Train/podcasts/04_06_135,kk-piper-issai-high-v1,piper_neural_tts,piper_kk_issai_high,ISSAI_KazakhTTS2_M2,,,succeeded,ISSAI_KazakhTTS2_M2,,,1418292564,1,[],raw/v4/xlsr_sls_model_v4_kk_spoof_raw_v1/kk-piper-issai-high-v1/ec/eccab5ff8db55276ffa48bef90a6772da5aa564351da387b3fb4e765412850c8.wav,f26779951ff9f5f8397b2cd7631096fc21ab8047bbf33a379aed3fbc9c17e865,3.1579138321995464,22050,local_cpu_piper,
3080,target,xlsr_sls_model_v4_kk_spoof:Train/talkshow/01_65_326,v4:kk:Train/talkshow/01_65_326,kk-piper-issai-high-v1,piper_neural_tts,piper_kk_issai_high,ISSAI_KazakhTTS_M1_Iseke,1,,succeeded,ISSAI_KazakhTTS_M1_Iseke,1,,1684057335,1,[],raw/v4/xlsr_sls_model_v4_kk_spoof_raw_v1/kk-piper-issai-high-v1/1a/1a19c25dc1636fbe129ef6abb37a6f169b64158dac8a587818600de9e751a73c.wav,8f1cee28fb8eba17bf15ab72e60d528af37944cea67ee81662ac82b0d7855ae9,9.346031746031747,22050,local_cpu_piper,
3084,target,xlsr_sls_model_v4_kk_spoof:Train/parliament/senate_05_290,v4:kk:Train/parliament/senate_05_290,kk-piper-issai-high-v1,piper_neural_tts,piper_kk_issai_high,ISSAI_KazakhTTS2_F3,2,,succeeded,ISSAI_KazakhTTS2_F3,2,,55890467,1,[],raw/v4/xlsr_sls_model_v4_kk_spoof_raw_v1/kk-piper-issai-high-v1/9a/9ac3ba0bfe3c6d3d50f0c2015d27cb6773684f9989d9989f3ecedd5035cd1304.wav,7bae77c1cda33216da59e4bcf6b3f0d4825a8de2b7ec0ffe6ec811f51eeee281,11.95827664399093,22050,local_cpu_piper,
3088,target,xlsr_sls_model_v4_kk_spoof:Train/radio/01_49_165,v4:kk:Train/radio/01_49_165,kk-piper-issai-high-v1,piper_neural_tts,piper_kk_issai_high,ISSAI_KazakhTTS_F1_Raya,3,,succeeded,ISSAI_KazakhTTS_F1_Raya,3,,911413679,1,[],raw/v4/xlsr_sls_model_v4_kk_spoof_raw_v1/kk-piper-issai-high-v1/40/40fa7e524614b0485f3104953b0805798a0dbc91e8fac4aac65bc44299abdad9.wav,25aea1a2507d1d60df034044a51c556066100015ac3c06ec3f2d39269f3508f8,4.887800453514739,22050,local_cpu_piper,
3092,target,xlsr_sls_model_v4_kk_spoof:Train/podcasts/01_09_000,v4:kk:Train/podcasts/01_09_000,kk-piper-issai-high-v1,piper_neural_tts,piper_kk_issai_high,ISSAI_KazakhTTS2_F1,4,,succeeded,ISSAI_KazakhTTS2_F1,4,,492680875,1,[],raw/v4/xlsr_sls_model_v4_kk_spoof_raw_v1/kk-piper-issai-high-v1/0f/0fb351135e06c01ae63876f62ff6c3130a6bc2abdb4c60eef2c24be02f4652ae.wav,82f32b476e5ee05223ce6b078d5d1fc609e77c28d4c2004792195c2459eb6d37,1.3583673469387756,22050,local_cpu_piper,
3096,target,xlsr_sls_model_v4_kk_spoof:Train/radio/01_55_311,v4:kk:Train/radio/01_55_311,kk-piper-issai-high-v1,piper_neural_tts,piper_kk_issai_high,ISSAI_KazakhTTS2_F2,5,,succeeded,ISSAI_KazakhTTS2_F2,5,,555091031,1,[],raw/v4/xlsr_sls_model_v4_kk_spoof_raw_v1/kk-piper-issai-high-v1/59/59f1c4539504eee73d0f68aa6b901075843f351399ddabb51105e680c9ba7fc3.wav,172e09f67874a9a970047313f34f85e1c70e9db0ddd27303b2d7ada72865d336,4.794920634920635,22050,local_cpu_piper,
3100,target,xlsr_sls_model_v4_kk_spoof:Train/podcasts/03_57_080,v4:kk:Train/podcasts/03_57_080,kk-piper-issai-high-v1,piper_neural_tts,piper_kk_issai_high,ISSAI_KazakhTTS2_M2,,,succeeded,ISSAI_KazakhTTS2_M2,,,2078143430,1,[],raw/v4/xlsr_sls_model_v4_kk_spoof_raw_v1/kk-piper-issai-high-v1/63/63ea5cfaddec62092cd4205b13a4205d6578f7cd556ec08a1fa64506f3efae9c.wav,26dfb565ed4042c740723b10ae2abfc71f72f4cd189c893f000bf3c2b36ed60f,2.5541950113378684,22050,local_cpu_piper,
3104,target,xlsr_sls_model_v4_kk_spoof:Train/radio/01_60_073,v4:kk:Train/radio/01_60_073,kk-piper-issai-high-v1,piper_neural_tts,piper_kk_issai_high,ISSAI_KazakhTTS_M1_Iseke,1,,succeeded,ISSAI_KazakhTTS_M1_Iseke,1,,2028569947,1,[],raw/v4/xlsr_sls_model_v4_kk_spoof_raw_v1/kk-piper-issai-high-v1/13/1378dbfcb86280a9d77d7caba1ca76b50d69506a4ae27d5add5d4d48c6d80913.wav,5519ae4bd60b10d8191c188fc2f5c4c8d51c27247acaafb88fb1c2590e963481,7.558095238095238,22050,local_cpu_piper,
3108,target,xlsr_sls_model_v4_kk_spoof:Train/talkshow/01_35_261,v4:kk:Train/talkshow/01_35_261,kk-piper-issai-high-v1,piper_neural_tts,piper_kk_issai_high,ISSAI_KazakhTTS2_F3,2,,succeeded,ISSAI_KazakhTTS2_F3,2,,922899293,1,[],raw/v4/xlsr_sls_model_v4_kk_spoof_raw_v1/kk-piper-issai-high-v1/3c/3c0b4149c77e63877c6764031fbc7e875d3af6923005a2248c1ff2a5cb4a6474.wav,71681f5bb941f7a6c603ce51e6a62424e77e6a33823821374b5b09841a18028f,5.143219954648526,22050,local_cpu_piper,
3112,target,xlsr_sls_model_v4_kk_spoof:Train/parliament/mazhilis_16_2_263,v4:kk:Train/parliament/mazhilis_16_2_263,kk-piper-issai-high-v1,piper_neural_tts,piper_kk_issai_high,ISSAI_KazakhTTS_F1_Raya,3,,succeeded,ISSAI_KazakhTTS_F1_Raya,3,,1875140014,1,[],raw/v4/xlsr_sls_model_v4_kk_spoof_raw_v1/kk-piper-issai-high-v1/40/40ed11f4b538ad95ed64edf751b9f7bc79ed7bfd10e3c7e8a75f1fc29ebecd7a.wav,5014a6389bfe0eec96bbb16bcec39531089b295bbb941d6209184043cacacd7b,10.135510204081633,22050,local_cpu_piper,
3116,target,xlsr_sls_model_v4_kk_spoof:Train/podcasts/05_00_084,v4:kk:Train/podcasts/05_00_084,kk-piper-issai-high-v1,piper_neural_tts,piper_kk_issai_high,ISSAI_KazakhTTS2_F1,4,,succeeded,ISSAI_KazakhTTS2_F1,4,,1105245666,1,[],raw/v4/xlsr_sls_model_v4_kk_spoof_raw_v1/kk-piper-issai-high-v1/1a/1a6f76936f9b1c52f7c7b4bf9a7b811f4caf19eacceb43a36c68fe23b520ca45.wav,4c3927924684f7aaa6df68726b39787712a14f555b5e73ccc0f610c7a53b9358,2.1942857142857144,22050,local_cpu_piper,
3120,target,xlsr_sls_model_v4_kk_spoof:Train/podcasts/04_09_528,v4:kk:Train/podcasts/04_09_528,kk-piper-issai-high-v1,piper_neural_tts,piper_kk_issai_high,ISSAI_KazakhTTS2_F2,5,,succeeded,ISSAI_KazakhTTS2_F2,5,,861202344,1,[],raw/v4/xlsr_sls_model_v4_kk_spoof_raw_v1/kk-piper-issai-high-v1/5e/5e6f0c7037c826610c5b267f0777822cb2ba8ff7c4e8e6848b00e9bff8968a15.wav,537518bed1e5ec783aa167b00d33c599f77aefb5eaa1c421eb7fc9c463cb8d46,3.633922902494331,22050,local_cpu_piper,
3124,target,xlsr_sls_model_v4_kk_spoof:Train/talkshow/01_37_054,v4:kk:Train/talkshow/01_37_054,kk-piper-issai-high-v1,piper_neural_tts,piper_kk_issai_high,ISSAI_KazakhTTS2_M2,,,succeeded,ISSAI_KazakhTTS2_M2,,,269530654,1,[],raw/v4/xlsr_sls_model_v4_kk_spoof_raw_v1/kk-piper-issai-high-v1/f6/f6b802b7edb540bb79db3d0f5579c5d546dd3d5447f55826c5d279869c08caf0.wav,9a69999b25a43924a57557dd5192398437204322420f562c0d96993f459493ef,2.8792743764172335,22050,local_cpu_piper,
3128,target,xlsr_sls_model_v4_kk_spoof:Train/radio/01_83_224,v4:kk:Train/radio/01_83_224,kk-piper-issai-high-v1,piper_neural_tts,piper_kk_issai_high,ISSAI_KazakhTTS_M1_Iseke,1,,succeeded,ISSAI_KazakhTTS_M1_Iseke,1,,529666362,1,[],raw/v4/xlsr_sls_model_v4_kk_spoof_raw_v1/kk-piper-issai-high-v1/36/36fc40c1e1cf1b50347e78a0bbbe56ec829dd8bf43187e13f40339084d4bc2d1.wav,4f6497d51c59837e89d4189d27d0f2fb7edf0e5e3c2d324079a1a89a61bf6502,6.826666666666667,22050,local_cpu_piper,
3132,target,xlsr_sls_model_v4_kk_spoof:Train/tv_news/5f71071216383,v4:kk:Train/tv_news/5f71071216383,kk-piper-issai-high-v1,piper_neural_tts,piper_kk_issai_high,ISSAI_KazakhTTS2_F3,2,,succeeded,ISSAI_KazakhTTS2_F3,2,,1566215971,1,[],raw/v4/xlsr_sls_model_v4_kk_spoof_raw_v1/kk-piper-issai-high-v1/8a/8a842577e375ef230bb4315ce90f980c47d5b9657fa73bb7b73b396a9d56b79e.wav,1af0b69ca8654076f9f712f18d13e5cee06dc957c80f303087153a46e45a6734,1.9969160997732427,22050,local_cpu_piper,
3136,target,xlsr_sls_model_v4_kk_spoof:Train/radio/01_63_484,v4:kk:Train/radio/01_63_484,kk-piper-issai-high-v1,piper_neural_tts,piper_kk_issai_high,ISSAI_KazakhTTS_F1_Raya,3,,succeeded,ISSAI_KazakhTTS_F1_Raya,3,,662906069,1,[],raw/v4/xlsr_sls_model_v4_kk_spoof_raw_v1/kk-piper-issai-high-v1/c2/c238dd898aa9dc2fc4eeed191b761e379b2242f8b68989c847a04d9a352801c8.wav,839a43cd15bf6788f31e261f1a7ae2bebfcb760cf7ecb9a17d84d6e6177470ca,1.5209070294784581,22050,local_cpu_piper,
3140,target,xlsr_sls_model_v4_kk_spoof:Train/tv_news/5f834de5900df,v4:kk:Train/tv_news/5f834de5900df,kk-piper-issai-high-v1,piper_neural_tts,piper_kk_issai_high,ISSAI_KazakhTTS2_F1,4,,succeeded,ISSAI_KazakhTTS2_F1,4,,34385365,1,[],raw/v4/xlsr_sls_model_v4_kk_spoof_raw_v1/kk-piper-issai-high-v1/b5/b595b8ddf5254c1b1da973d9662c91dd3546c1830eb1e8027e72a48805e86d74.wav,3c48ba9e5df7cfc4e123f147ec57ba9ebcbfb3b1744153a71f97ef883c90d56b,5.305759637188209,22050,local_cpu_piper,
3144,target,xlsr_sls_model_v4_kk_spoof:Train/talkshow/01_41_400,v4:kk:Train/talkshow/01_41_400,kk-piper-issai-high-v1,piper_neural_tts,piper_kk_issai_high,ISSAI_KazakhTTS2_F2,5,,succeeded,ISSAI_KazakhTTS2_F2,5,,1726201842,1,[],raw/v4/xlsr_sls_model_v4_kk_spoof_raw_v1/kk-piper-issai-high-v1/95/955a6340e188f2565cebc16d69fa5618a9bbaaf3b63502e4a008d85b4dbcae12.wav,8772e1d0cb8b555553a31abb32256952ef8e76bba589f7841273ade5bcf411c9,4.167981859410431,22050,local_cpu_piper,
3148,target,xlsr_sls_model_v4_kk_spoof:Train/tv_news/5fe837007d23e,v4:kk:Train/tv_news/5fe837007d23e,kk-piper-issai-high-v1,piper_neural_tts,piper_kk_issai_high,ISSAI_KazakhTTS2_M2,,,succeeded,ISSAI_KazakhTTS2_M2,,,1872876006,1,[],raw/v4/xlsr_sls_model_v4_kk_spoof_raw_v1/kk-piper-issai-high-v1/77/77c9e0ed18f4856ab0467c255cd89777ed486624bc7e6556d880b139d112e17d.wav,a2127a219e9f87c9e42dca356aad42db32cde10ff67fb91be5b8ea8b09ce5c89,4.423401360544218,22050,local_cpu_piper,
3152,target,xlsr_sls_model_v4_kk_spoof:Train/tv_news/5fa2e75db889b,v4:kk:Train/tv_news/5fa2e75db889b,kk-piper-issai-high-v1,piper_neural_tts,piper_kk_issai_high,ISSAI_KazakhTTS_M1_Iseke,1,,succeeded,ISSAI_KazakhTTS_M1_Iseke,1,,1742429710,1,[],raw/v4/xlsr_sls_model_v4_kk_spoof_raw_v1/kk-piper-issai-high-v1/6c/6cb8414bff1979ca159df96ec1bec39ea2f7e4269db93f86b27b0828371a6964.wav,a4001c8409fd81522c5b1f9a3ffe310e634d982a6af56fe0f87ec887dc5a749e,5.897868480725624,22050,local_cpu_piper,
3156,target,xlsr_sls_model_v4_kk_spoof:Train/parliament/senate_10_171,v4:kk:Train/parliament/senate_10_171,kk-piper-issai-high-v1,piper_neural_tts,piper_kk_issai_high,ISSAI_KazakhTTS2_F3,2,,succeeded,ISSAI_KazakhTTS2_F3,2,,540426860,1,[],raw/v4/xlsr_sls_model_v4_kk_spoof_raw_v1/kk-piper-issai-high-v1/b2/b24d8c8c23d725d224a25dbee2baeac7bd270e3533d7905e4e7332b53c2c501e.wav,978259b6ad299385fe18f3c49907030164ac41bcb78adf22108d3a772d322701,5.00390022675737,22050,local_cpu_piper,
3160,target,xlsr_sls_model_v4_kk_spoof:Train/talkshow/01_66_279,v4:kk:Train/talkshow/01_66_279,kk-piper-issai-high-v1,piper_neural_tts,piper_kk_issai_high,ISSAI_KazakhTTS_F1_Raya,3,,succeeded,ISSAI_KazakhTTS_F1_Raya,3,,274641057,1,[],raw/v4/xlsr_sls_model_v4_kk_spoof_raw_v1/kk-piper-issai-high-v1/cf/cf8e942b16b0a9d2c542879cc97c8ea8ef62c9952dabcc2fa4f4be1262eae7b4.wav,25cb3ffd810b5abec93c3b47c46128fa6e1e48bfcb551422d435116ef7b16531,3.9938321995464854,22050,local_cpu_piper,
3164,target,xlsr_sls_model_v4_kk_spoof:Train/talkshow/01_24_055,v4:kk:Train/talkshow/01_24_055,kk-piper-issai-high-v1,piper_neural_tts,piper_kk_issai_high,ISSAI_KazakhTTS2_F1,4,,succeeded,ISSAI_KazakhTTS2_F1,4,,2069528611,1,[],raw/v4/xlsr_sls_model_v4_kk_spoof_raw_v1/kk-piper-issai-high-v1/6d/6de8b35b4a321a4dcd47fc37d4ea00636914834e8379c13e4c0f704893e8f5e5.wav,2e75babccea7305cd148a173cd941b8e212861b83847c450274d63282914d397,1.3931972789115645,22050,local_cpu_piper,
3168,target,xlsr_sls_model_v4_kk_spoof:Train/tv_news/5f7103857d074,v4:kk:Train/tv_news/5f7103857d074,kk-piper-issai-high-v1,piper_neural_tts,piper_kk_issai_high,ISSAI_KazakhTTS2_F2,5,,succeeded,ISSAI_KazakhTTS2_F2,5,,170242634,1,[],raw/v4/xlsr_sls_model_v4_kk_spoof_raw_v1/kk-piper-issai-high-v1/79/7948d5866ac9a45fa9d43b602775584611b724171cb7d3ffcc641ee989d0359b.wav,0f7ea1f201810120011463d8a55581c098a6df3251eb077b7dfa0c79745f430b,2.5658049886621317,22050,local_cpu_piper,
3172,target,xlsr_sls_model_v4_kk_spoof:Train/parliament/mazhilis_29_681,v4:kk:Train/parliament/mazhilis_29_681,kk-piper-issai-high-v1,piper_neural_tts,piper_kk_issai_high,ISSAI_KazakhTTS2_M2,,,succeeded,ISSAI_KazakhTTS2_M2,,,649923535,1,[],raw/v4/xlsr_sls_model_v4_kk_spoof_raw_v1/kk-piper-issai-high-v1/2c/2c57666a04e1223fb372cfaf91d619057e90338edc018af2314dfef398fbfc30.wav,30e4a1a629be29137b1cf2c1c982707b0b9044b78d285cc0acc274b4b238d268,13.931972789115646,22050,local_cpu_piper,
3176,target,xlsr_sls_model_v4_kk_spoof:Train/radio/01_70_430,v4:kk:Train/radio/01_70_430,kk-piper-issai-high-v1,piper_neural_tts,piper_kk_issai_high,ISSAI_KazakhTTS_M1_Iseke,1,,succeeded,ISSAI_KazakhTTS_M1_Iseke,1,,1488506915,1,[],raw/v4/xlsr_sls_model_v4_kk_spoof_raw_v1/kk-piper-issai-high-v1/30/3027fc3994bc655279cc6bf3701c9758232793b797e9cb4fb9ad159c1b6d6562.wav,fdbf486d739454eccaaae06be01b6ccb6e5c65fd596e58baeedb64bb2ab4b7e1,7.48843537414966,22050,local_cpu_piper,
3180,target,xlsr_sls_model_v4_kk_spoof:Train/parliament/senate_02_401,v4:kk:Train/parliament/senate_02_401,kk-piper-issai-high-v1,piper_neural_tts,piper_kk_issai_high,ISSAI_KazakhTTS2_F3,2,,succeeded,ISSAI_KazakhTTS2_F3,2,,1078478959,1,[],raw/v4/xlsr_sls_model_v4_kk_spoof_raw_v1/kk-piper-issai-high-v1/d0/d06ed85165b4bdc1dc45ad242bb1ce2d3489844be0d9cf7d153169862c393c0d.wav,b6c464567dc75bbafb0b4c4fa6efec3f3089546e21fd1e8ddf4422f2d935f621,7.63936507936508,22050,local_cpu_piper,
3184,target,xlsr_sls_model_v4_kk_spoof:Train/parliament/mazhilis_04_516,v4:kk:Train/parliament/mazhilis_04_516,kk-piper-issai-high-v1,piper_neural_tts,piper_kk_issai_high,ISSAI_KazakhTTS_F1_Raya,3,,succeeded,ISSAI_KazakhTTS_F1_Raya,3,,2108797100,1,[],raw/v4/xlsr_sls_model_v4_kk_spoof_raw_v1/kk-piper-issai-high-v1/3f/3f534060f86530de0b5258aaf47bddf519e99e96e608f601059859cb9f2e5752.wav,7d750ef783cb5b1430ca789cf320d5fe50a23329fe1715ef526801b7a1638588,5.9675283446712015,22050,local_cpu_piper,
3188,target,xlsr_sls_model_v4_kk_spoof:Train/parliament/senate_20_0405,v4:kk:Train/parliament/senate_20_0405,kk-piper-issai-high-v1,piper_neural_tts,piper_kk_issai_high,ISSAI_KazakhTTS2_F1,4,,succeeded,ISSAI_KazakhTTS2_F1,4,,861125344,1,[],raw/v4/xlsr_sls_model_v4_kk_spoof_raw_v1/kk-piper-issai-high-v1/f7/f7a682362ee0f1fb28ed12002601d7ecd80bb9fe3a2b757b6f7b2e91a3a6169b.wav,e565babbe7948f73cb8ba895c48f3729230d5361a990dc720b24ff125996055b,7.6741950113378685,22050,local_cpu_piper,
3192,target,xlsr_sls_model_v4_kk_spoof:Train/radio/01_69_251,v4:kk:Train/radio/01_69_251,kk-piper-issai-high-v1,piper_neural_tts,piper_kk_issai_high,ISSAI_KazakhTTS2_F2,5,,succeeded,ISSAI_KazakhTTS2_F2,5,,1259009708,1,[],raw/v4/xlsr_sls_model_v4_kk_spoof_raw_v1/kk-piper-issai-high-v1/ce/cedf9c51344fd87fd757197608e1054d334ea88acdafb81c7e13663541a78149.wav,a1939be81c8b90a2feb63db3481f872fcfb285c66e8453c46b429e87f398322b,1.4164172335600906,22050,local_cpu_piper,
3196,target,xlsr_sls_model_v4_kk_spoof:Train/parliament/senate_20_1024,v4:kk:Train/parliament/senate_20_1024,kk-piper-issai-high-v1,piper_neural_tts,piper_kk_issai_high,ISSAI_KazakhTTS2_M2,,,succeeded,ISSAI_KazakhTTS2_M2,,,797295693,1,[],raw/v4/xlsr_sls_model_v4_kk_spoof_raw_v1/kk-piper-issai-high-v1/ce/ceb88374b3155f6013deb478fda78dac16efe2a7a8eb52de44809d1bf5e288bd.wav,06a90b7d251fb4c563b06fc6b89b37f0dc3778fee0e9ff5952fa18310a75dbc7,8.045714285714286,22050,local_cpu_piper,
3200,target,xlsr_sls_model_v4_kk_spoof:Train/radio/01_47_001,v4:kk:Train/radio/01_47_001,kk-piper-issai-high-v1,piper_neural_tts,piper_kk_issai_high,ISSAI_KazakhTTS_M1_Iseke,1,,succeeded,ISSAI_KazakhTTS_M1_Iseke,1,,1262379614,1,[],raw/v4/xlsr_sls_model_v4_kk_spoof_raw_v1/kk-piper-issai-high-v1/c5/c513dd48e92f6e8cdf35a07f6c6fd9140cba58c80bd0ecb65b2cf6e6c1a61f1b.wav,8ba317de6dc9c0dfaaf61e773994a5b1707f608bfa336b6823014f7923ee7c55,15.034920634920635,22050,local_cpu_piper,
3204,target,xlsr_sls_model_v4_kk_spoof:Train/podcasts/01_08_128,v4:kk:Train/podcasts/01_08_128,kk-piper-issai-high-v1,piper_neural_tts,piper_kk_issai_high,ISSAI_KazakhTTS2_F3,2,,succeeded,ISSAI_KazakhTTS2_F3,2,,1146654511,1,[],raw/v4/xlsr_sls_model_v4_kk_spoof_raw_v1/kk-piper-issai-high-v1/d3/d34ef7604a86b87f874cc1d2747b77e5ae464032a752862977b598c025bc41b5.wav,047bb01e53d16032fe23e403bcd6c52de5347006a17d7a2899e65e1ef3501eb0,6.176507936507937,22050,local_cpu_piper,
3208,target,xlsr_sls_model_v4_kk_spoof:Train/radio/01_39_205,v4:kk:Train/radio/01_39_205,kk-piper-issai-high-v1,piper_neural_tts,piper_kk_issai_high,ISSAI_KazakhTTS_F1_Raya,3,,succeeded,ISSAI_KazakhTTS_F1_Raya,3,,568876649,1,[],raw/v4/xlsr_sls_model_v4_kk_spoof_raw_v1/kk-piper-issai-high-v1/ec/ec22ec00c0522d6d71d3ae0fb74bfd9ed1d6c881a2e3d79b8fb9efb99cee4b0e.wav,ff98167da621819e38e92fd2da164a4a7c356903fd103650f8755d0fe5bbdeaa,5.2477097505668935,22050,local_cpu_piper,
3212,target,xlsr_sls_model_v4_kk_spoof:Train/radio/01_60_467,v4:kk:Train/radio/01_60_467,kk-piper-issai-high-v1,piper_neural_tts,piper_kk_issai_high,ISSAI_KazakhTTS2_F1,4,,succeeded,ISSAI_KazakhTTS2_F1,4,,1945278001,1,[],raw/v4/xlsr_sls_model_v4_kk_spoof_raw_v1/kk-piper-issai-high-v1/04/0451971ffaf3149272bfbc6befca30d80296c0ff6461b006874f8a7c1433a859.wav,37c57dad18912fbbcda8528341242ac2976ae6974637c5f7eba3fe49e4498c1a,2.159455782312925,22050,local_cpu_piper,
3216,target,xlsr_sls_model_v4_kk_spoof:Train/podcasts/03_44_198,v4:kk:Train/podcasts/03_44_198,kk-piper-issai-high-v1,piper_neural_tts,piper_kk_issai_high,ISSAI_KazakhTTS2_F2,5,,succeeded,ISSAI_KazakhTTS2_F2,5,,462781547,1,[],raw/v4/xlsr_sls_model_v4_kk_spoof_raw_v1/kk-piper-issai-high-v1/8e/8edc8caef7dd47bd3b0669de7b7bae7819cad0af2a4305e533592aedda50f08c.wav,44987eb9931014f97d76765352e1c825f13028971a0dc926db12a038e64d3e08,2.3103854875283445,22050,local_cpu_piper,
3220,target,xlsr_sls_model_v4_kk_spoof:Train/tv_news/5fa2e7fe85811,v4:kk:Train/tv_news/5fa2e7fe85811,kk-piper-issai-high-v1,piper_neural_tts,piper_kk_issai_high,ISSAI_KazakhTTS2_M2,,,succeeded,ISSAI_KazakhTTS2_M2,,,1725848278,1,[],raw/v4/xlsr_sls_model_v4_kk_spoof_raw_v1/kk-piper-issai-high-v1/99/99a6357b4394952cf260aff4069794a181a2c5cd6ebfa9b45669819a44570cb3.wav,2ef8eb7d81c6837447fa9e8fb89adcd8b89199ff59f4958cc93b37c2f1be8019,5.77015873015873,22050,local_cpu_piper,
3224,target,xlsr_sls_model_v4_kk_spoof:Train/radio/01_68_441,v4:kk:Train/radio/01_68_441,kk-piper-issai-high-v1,piper_neural_tts,piper_kk_issai_high,ISSAI_KazakhTTS_M1_Iseke,1,,succeeded,ISSAI_KazakhTTS_M1_Iseke,1,,47101465,1,[],raw/v4/xlsr_sls_model_v4_kk_spoof_raw_v1/kk-piper-issai-high-v1/da/daef43fa9f25feeaae3ae4526d897082e48cb796a5c96f46c43d7b72f6ba0f7c.wav,4a0032bab64f292f2aa27790c9b8c59d806385360781b49699e5e7225f340cf8,8.951292517006802,22050,local_cpu_piper,
3228,target,xlsr_sls_model_v4_kk_spoof:Train/podcasts/04_01_321,v4:kk:Train/podcasts/04_01_321,kk-piper-issai-high-v1,piper_neural_tts,piper_kk_issai_high,ISSAI_KazakhTTS2_F3,2,,succeeded,ISSAI_KazakhTTS2_F3,2,,1173189087,1,[],raw/v4/xlsr_sls_model_v4_kk_spoof_raw_v1/kk-piper-issai-high-v1/69/69bfc73b56504f4046577296671874c879c316bf7b47b4b1069a148454f1fc9c.wav,325d17eb94213f3ba89f48b5bbb8f7b98e56e8af7610a3f6255f3053a8c808d5,9.404081632653062,22050,local_cpu_piper,
3232,target,xlsr_sls_model_v4_kk_spoof:Train/podcasts/03_46_438,v4:kk:Train/podcasts/03_46_438,kk-piper-issai-high-v1,piper_neural_tts,piper_kk_issai_high,ISSAI_KazakhTTS_F1_Raya,3,,succeeded,ISSAI_KazakhTTS_F1_Raya,3,,889989300,1,[],raw/v4/xlsr_sls_model_v4_kk_spoof_raw_v1/kk-piper-issai-high-v1/05/05cdfa0438b2922e631788019f852688efc30b3a192523b89866bd7180bb8f01.wav,d98b05c9622e2d405fbe649387bf2a3ad6d20a7f8201550b0f2851a5dd726197,4.5859410430839,22050,local_cpu_piper,
3236,target,xlsr_sls_model_v4_kk_spoof:Train/podcasts/04_08_421,v4:kk:Train/podcasts/04_08_421,kk-piper-issai-high-v1,piper_neural_tts,piper_kk_issai_high,ISSAI_KazakhTTS2_F1,4,,succeeded,ISSAI_KazakhTTS2_F1,4,,1936579397,1,[],raw/v4/xlsr_sls_model_v4_kk_spoof_raw_v1/kk-piper-issai-high-v1/a4/a4b4e171597f070b706c0467fc6c50deefa98a0a864ac3959fc6b8405a752903.wav,dec1e3f103b30be1870fcd597e3e7c2250c4a06df056ac2f6d3f99f7d5fd377c,4.702040816326531,22050,local_cpu_piper,
3240,target,xlsr_sls_model_v4_kk_spoof:Train/podcasts/01_09_267,v4:kk:Train/podcasts/01_09_267,kk-piper-issai-high-v1,piper_neural_tts,piper_kk_issai_high,ISSAI_KazakhTTS2_F2,5,,succeeded,ISSAI_KazakhTTS2_F2,5,,164047610,1,[],raw/v4/xlsr_sls_model_v4_kk_spoof_raw_v1/kk-piper-issai-high-v1/26/26a64fc6009d63259e88aad57c8dc4912eacb4a1eca3e645a8ba20723302572b.wav,d8caf74a604befb38e47049a935a6f56bf4b51fb43f6e256ab0066f2c0d869e3,12.097596371882085,22050,local_cpu_piper,
3244,target,xlsr_sls_model_v4_kk_spoof:Train/tv_news/6006d2ce4acfb,v4:kk:Train/tv_news/6006d2ce4acfb,kk-piper-issai-high-v1,piper_neural_tts,piper_kk_issai_high,ISSAI_KazakhTTS2_M2,,,succeeded,ISSAI_KazakhTTS2_M2,,,1332152710,1,[],raw/v4/xlsr_sls_model_v4_kk_spoof_raw_v1/kk-piper-issai-high-v1/b1/b11e348a4e45ab65e56a2cced0dde4104f2dfdd3a6a45f130b72c0b2d47c98ac.wav,2bdb4b1837e6fe8e11ae8d8ba3bc96840c0627a3129383a53975c4929ee373a5,2.2058956916099772,22050,local_cpu_piper,
3248,target,xlsr_sls_model_v4_kk_spoof:Train/podcasts/04_06_662,v4:kk:Train/podcasts/04_06_662,kk-piper-issai-high-v1,piper_neural_tts,piper_kk_issai_high,ISSAI_KazakhTTS_M1_Iseke,1,,succeeded,ISSAI_KazakhTTS_M1_Iseke,1,,745647093,1,[],raw/v4/xlsr_sls_model_v4_kk_spoof_raw_v1/kk-piper-issai-high-v1/9c/9ca8ff084a9915b672c3ba5e0e761e4c72da93fa3d424d49bae3e8fd032310f2.wav,d18bc8fe1900108a17b3434249e30c10301f18e759a88d95287763abcf22d774,3.1230839002267574,22050,local_cpu_piper,
3252,target,xlsr_sls_model_v4_kk_spoof:Train/tv_news/5f834f1e8eaa6,v4:kk:Train/tv_news/5f834f1e8eaa6,kk-piper-issai-high-v1,piper_neural_tts,piper_kk_issai_high,ISSAI_KazakhTTS2_F3,2,,succeeded,ISSAI_KazakhTTS2_F3,2,,1485080162,1,[],raw/v4/xlsr_sls_model_v4_kk_spoof_raw_v1/kk-piper-issai-high-v1/37/37ee385929f2a64960664641f9aa4ebbddc77e7dfadfa42b0dfd74d176c97a52.wav,3969dcc19c8ecdb11a2b25bad8c50fd3ac48cfa17240d9edf031ecef32043297,6.594467120181406,22050,local_cpu_piper,
3256,target,xlsr_sls_model_v4_kk_spoof:Train/radio/01_13_125,v4:kk:Train/radio/01_13_125,kk-piper-issai-high-v1,piper_neural_tts,piper_kk_issai_high,ISSAI_KazakhTTS_F1_Raya,3,,succeeded,ISSAI_KazakhTTS_F1_Raya,3,,402118217,1,[],raw/v4/xlsr_sls_model_v4_kk_spoof_raw_v1/kk-piper-issai-high-v1/c8/c844eabde07d1165bf0c2a57a982f80d0ed28754603627e956105011211e6120.wav,d4eb73574905e6ac55f7269f78840b2d824c82a4f1879f557bc12a5333e1d4ec,3.3668934240362813,22050,local_cpu_piper,
3260,target,xlsr_sls_model_v4_kk_spoof:Train/radio/01_20_117,v4:kk:Train/radio/01_20_117,kk-piper-issai-high-v1,piper_neural_tts,piper_kk_issai_high,ISSAI_KazakhTTS2_F1,4,,succeeded,ISSAI_KazakhTTS2_F1,4,,344657801,1,[],raw/v4/xlsr_sls_model_v4_kk_spoof_raw_v1/kk-piper-issai-high-v1/18/1831bf8210432da35d4e943ed3f153bb283a404c92d6315eed75cc7b581155d2.wav,56cbe1762810d4d1d5e9bddca35809e9c0b976dded61f73da66f0800d550947f,6.060408163265306,22050,local_cpu_piper,
3264,target,xlsr_sls_model_v4_kk_spoof:Train/podcasts/08_08_062,v4:kk:Train/podcasts/08_08_062,kk-piper-issai-high-v1,piper_neural_tts,piper_kk_issai_high,ISSAI_KazakhTTS2_F2,5,,succeeded,ISSAI_KazakhTTS2_F2,5,,508266545,1,[],raw/v4/xlsr_sls_model_v4_kk_spoof_raw_v1/kk-piper-issai-high-v1/19/199fa68084fb27c931a74055eed1773bc103829b431de0a92a208bfc58d5f650.wav,a17ede21015779a19c20d6f1ac8fd678b2d4ab1cb824a167a4a2b8e39e773e3a,5.131609977324263,22050,local_cpu_piper,
3268,target,xlsr_sls_model_v4_kk_spoof:Train/tv_news/5fa2e6f4741aa,v4:kk:Train/tv_news/5fa2e6f4741aa,kk-piper-issai-high-v1,piper_neural_tts,piper_kk_issai_high,ISSAI_KazakhTTS2_M2,,,succeeded,ISSAI_KazakhTTS2_M2,,,1191450125,1,[],raw/v4/xlsr_sls_model_v4_kk_spoof_raw_v1/kk-piper-issai-high-v1/4b/4bdac8e92b45012196f003f886ef2eef8e12a31c6f8701704e9188ac7015f79e.wav,857fb0f57282832a9c0a7ece2d052368f30d20e7b8d63cb56273b230ebf2bb10,2.7980045351473923,22050,local_cpu_piper,
3272,target,xlsr_sls_model_v4_kk_spoof:Train/talkshow/01_06_494,v4:kk:Train/talkshow/01_06_494,kk-piper-issai-high-v1,piper_neural_tts,piper_kk_issai_high,ISSAI_KazakhTTS_M1_Iseke,1,,succeeded,ISSAI_KazakhTTS_M1_Iseke,1,,2075875147,1,[],raw/v4/xlsr_sls_model_v4_kk_spoof_raw_v1/kk-piper-issai-high-v1/15/15cf817b973656ae6083c8312ae2633cff21b657552669450f16123e24113a54.wav,68632c601754ec518b4bf66c1e8bc0fb66230b65284487e5c1008e31a4534954,2.380045351473923,22050,local_cpu_piper,
3276,target,xlsr_sls_model_v4_kk_spoof:Train/tv_news/5f710616b6b89,v4:kk:Train/tv_news/5f710616b6b89,kk-piper-issai-high-v1,piper_neural_tts,piper_kk_issai_high,ISSAI_KazakhTTS2_F3,2,,succeeded,ISSAI_KazakhTTS2_F3,2,,1269982087,1,[],raw/v4/xlsr_sls_model_v4_kk_spoof_raw_v1/kk-piper-issai-high-v1/23/2305afc80f70232ff0cb401c9ebbaadac69ba0af1d0ba70106db8e1af4e3c008.wav,f8e1368034f0fe20e395bb7f2a44285d58255db66b246ba88d017c7222d9ac07,4.040272108843538,22050,local_cpu_piper,
3280,target,xlsr_sls_model_v4_kk_spoof:Train/podcasts/08_09_055,v4:kk:Train/podcasts/08_09_055,kk-piper-issai-high-v1,piper_neural_tts,piper_kk_issai_high,ISSAI_KazakhTTS_F1_Raya,3,,succeeded,ISSAI_KazakhTTS_F1_Raya,3,,1034107819,1,[],raw/v4/xlsr_sls_model_v4_kk_spoof_raw_v1/kk-piper-issai-high-v1/99/99be5a3f2f5be0adf1d7fd6bae67f2c3bd104fb98c0bcb0ee22347396ca26e86.wav,11ccf3b8b1b0c822c0c2e4d2a769ff8ee0a4f1ce95f09716e73ed0294b0f938c,10.135510204081633,22050,local_cpu_piper,
3284,target,xlsr_sls_model_v4_kk_spoof:Train/podcasts/01_04_683,v4:kk:Train/podcasts/01_04_683,kk-piper-issai-high-v1,piper_neural_tts,piper_kk_issai_high,ISSAI_KazakhTTS2_F1,4,,succeeded,ISSAI_KazakhTTS2_F1,4,,1494576210,1,[],raw/v4/xlsr_sls_model_v4_kk_spoof_raw_v1/kk-piper-issai-high-v1/24/247b9f6968df77ccf2f76db5e30e84b3ba3ede69cdb85b5e51748629cc4664db.wav,4468868a45ad2f141bc0f20c7aecf4bc208e091c40b773ab8aa7ed222e917d5a,10.356099773242631,22050,local_cpu_piper,
3288,target,xlsr_sls_model_v4_kk_spoof:Train/radio/01_42_305,v4:kk:Train/radio/01_42_305,kk-piper-issai-high-v1,piper_neural_tts,piper_kk_issai_high,ISSAI_KazakhTTS2_F2,5,,succeeded,ISSAI_KazakhTTS2_F2,5,,810830558,1,[],raw/v4/xlsr_sls_model_v4_kk_spoof_raw_v1/kk-piper-issai-high-v1/d5/d5ff174c7eed8ae9946eb7b2ec78783abdfaa77ad9adc90f8ffb4d542fb50b9e.wav,c5f380c3b238a220f06977ba6a1909956778d64c860fe8b1c486ee1476114cab,1.8924263038548752,22050,local_cpu_piper,
3292,target,xlsr_sls_model_v4_kk_spoof:Train/radio/01_68_447,v4:kk:Train/radio/01_68_447,kk-piper-issai-high-v1,piper_neural_tts,piper_kk_issai_high,ISSAI_KazakhTTS2_M2,,,succeeded,ISSAI_KazakhTTS2_M2,,,1816235219,1,[],raw/v4/xlsr_sls_model_v4_kk_spoof_raw_v1/kk-piper-issai-high-v1/b6/b62129f040b1de578caca37fdbc93ab8a4f1b5103ccef41fa4eece42461d1729.wav,6bda0d3bcdcfb64735ae3c286881f0628c16fd127ee87505a1234f04bce0a17f,7.22140589569161,22050,local_cpu_piper,
3296,target,xlsr_sls_model_v4_kk_spoof:Train/radio/01_80_429,v4:kk:Train/radio/01_80_429,kk-piper-issai-high-v1,piper_neural_tts,piper_kk_issai_high,ISSAI_KazakhTTS_M1_Iseke,1,,succeeded,ISSAI_KazakhTTS_M1_Iseke,1,,32150492,1,[],raw/v4/xlsr_sls_model_v4_kk_spoof_raw_v1/kk-piper-issai-high-v1/7f/7fa0a7e242dcc60b92dd4a125ed1cd67c810b35af7be416b924adbdaf50a04b6.wav,4796a4064e4d5503067e11d29f4fb8b024720f29d24094e26d4096e9a8926cde,3.7268027210884354,22050,local_cpu_piper,
3300,target,xlsr_sls_model_v4_kk_spoof:Train/podcasts/04_01_364,v4:kk:Train/podcasts/04_01_364,kk-piper-issai-high-v1,piper_neural_tts,piper_kk_issai_high,ISSAI_KazakhTTS2_F3,2,,succeeded,ISSAI_KazakhTTS2_F3,2,,1279388662,1,[],raw/v4/xlsr_sls_model_v4_kk_spoof_raw_v1/kk-piper-issai-high-v1/4a/4af9ac177e6c62ba63f03efca17644a7030d0f7e8027cb8a5007b842c5ac7ed4.wav,0f29bb2ab6138c342053695d0a22bdba3e840c30acc91a7ea8900af1f7923145,3.7616326530612243,22050,local_cpu_piper,
3304,target,xlsr_sls_model_v4_kk_spoof:Train/talkshow/01_03_275,v4:kk:Train/talkshow/01_03_275,kk-piper-issai-high-v1,piper_neural_tts,piper_kk_issai_high,ISSAI_KazakhTTS_F1_Raya,3,,succeeded,ISSAI_KazakhTTS_F1_Raya,3,,25798591,1,[],raw/v4/xlsr_sls_model_v4_kk_spoof_raw_v1/kk-piper-issai-high-v1/6d/6d68f1848718ff1823c81f6cfe469d3790ab9d77b627182cea6fd6f2391b3bfa.wav,730796b393a04734bc21bd282801e5d8b9f59fada5e3776942f29d6921454a8c,5.758548752834467,22050,local_cpu_piper,
3308,target,xlsr_sls_model_v4_kk_spoof:Train/parliament/senate_04_213,v4:kk:Train/parliament/senate_04_213,kk-piper-issai-high-v1,piper_neural_tts,piper_kk_issai_high,ISSAI_KazakhTTS2_F1,4,,succeeded,ISSAI_KazakhTTS2_F1,4,,1119227936,1,[],raw/v4/xlsr_sls_model_v4_kk_spoof_raw_v1/kk-piper-issai-high-v1/62/6205d6aceecf6f88d68a15ee0106207e5a5b8b2eef2d53feaf301204afa392b6.wav,6db2a511837f6447d8571beb4da3d94f163b423990de4211268a4d1e260ec210,10.611519274376418,22050,local_cpu_piper,
3312,target,xlsr_sls_model_v4_kk_spoof:Train/talkshow/01_33_350,v4:kk:Train/talkshow/01_33_350,kk-piper-issai-high-v1,piper_neural_tts,piper_kk_issai_high,ISSAI_KazakhTTS2_F2,5,,succeeded,ISSAI_KazakhTTS2_F2,5,,672613922,1,[],raw/v4/xlsr_sls_model_v4_kk_spoof_raw_v1/kk-piper-issai-high-v1/54/5443a9c779d6c8e6f44a4f292286ae30c3b07f0e90ddb08a20daf2c85c0f8718.wav,3078603d3c5c467b5c3f659b634082cb4ee4dd8fcb722953c9dae8a26f74e884,2.078185941043084,22050,local_cpu_piper,
3316,target,xlsr_sls_model_v4_kk_spoof:Train/parliament/senate_12_312,v4:kk:Train/parliament/senate_12_312,kk-piper-issai-high-v1,piper_neural_tts,piper_kk_issai_high,ISSAI_KazakhTTS2_M2,,,succeeded,ISSAI_KazakhTTS2_M2,,,520518297,1,[],raw/v4/xlsr_sls_model_v4_kk_spoof_raw_v1/kk-piper-issai-high-v1/fb/fb81c15c6ed74cb18e2a1d9750b78563f660cb8f9a1b55f8f515529d924f7800.wav,7f4d2c8ccb27fd47a9bc9a166a8afabd480a51a07e0efba61d9d316db817ff73,6.211337868480726,22050,local_cpu_piper,
3320,target,xlsr_sls_model_v4_kk_spoof:Train/talkshow/01_23_032,v4:kk:Train/talkshow/01_23_032,kk-piper-issai-high-v1,piper_neural_tts,piper_kk_issai_high,ISSAI_KazakhTTS_M1_Iseke,1,,succeeded,ISSAI_KazakhTTS_M1_Iseke,1,,1349795955,1,[],raw/v4/xlsr_sls_model_v4_kk_spoof_raw_v1/kk-piper-issai-high-v1/48/48a6cde667e148be82e49e3a82bf375059d0264a354844431cf9822240f15de2.wav,6a5296caa42fbcbe43f6e30482390ad0a2b372b18e8db3d17a56787515aed887,2.705124716553288,22050,local_cpu_piper,
3324,target,xlsr_sls_model_v4_kk_spoof:Train/tv_news/5f71d01c92373,v4:kk:Train/tv_news/5f71d01c92373,kk-piper-issai-high-v1,piper_neural_tts,piper_kk_issai_high,ISSAI_KazakhTTS2_F3,2,,succeeded,ISSAI_KazakhTTS2_F3,2,,2053998980,1,[],raw/v4/xlsr_sls_model_v4_kk_spoof_raw_v1/kk-piper-issai-high-v1/7b/7b9f8e5e81af50b97acf24942748fa974c85b1d9d779a5e74e8e73841725e8c1.wav,5e6972505b50f6ee8cc0cd5d156a8f1f0b7485381694c761273e33994347d660,5.2477097505668935,22050,local_cpu_piper,
3328,target,xlsr_sls_model_v4_kk_spoof:Train/tv_news/5f71cf5904cab,v4:kk:Train/tv_news/5f71cf5904cab,kk-piper-issai-high-v1,piper_neural_tts,piper_kk_issai_high,ISSAI_KazakhTTS_F1_Raya,3,,succeeded,ISSAI_KazakhTTS_F1_Raya,3,,1948502831,1,[],raw/v4/xlsr_sls_model_v4_kk_spoof_raw_v1/kk-piper-issai-high-v1/82/826d42290556b8a87de5a81408980b98466eaa4eea0d76e114bb55ecef554928.wav,3b19591dbf7c7db4bae67d3dc52991c321de07aeec24a44acd9312ec04e3c4be,4.388571428571429,22050,local_cpu_piper,
3332,target,xlsr_sls_model_v4_kk_spoof:Train/talkshow/01_72_190,v4:kk:Train/talkshow/01_72_190,kk-piper-issai-high-v1,piper_neural_tts,piper_kk_issai_high,ISSAI_KazakhTTS2_F1,4,,succeeded,ISSAI_KazakhTTS2_F1,4,,1294721733,1,[],raw/v4/xlsr_sls_model_v4_kk_spoof_raw_v1/kk-piper-issai-high-v1/d6/d61c8b0d52bb466c92b85b860eedcda2e08055863a3da59f6c2328005deceed2.wav,b2cc98b1b78c3e94bef3ae0792fd519d0bfa2d68b9edb6e8ef803264f3a16fc6,4.260861678004535,22050,local_cpu_piper,
3336,target,xlsr_sls_model_v4_kk_spoof:Train/tv_news/5fa2e82e7ea1e,v4:kk:Train/tv_news/5fa2e82e7ea1e,kk-piper-issai-high-v1,piper_neural_tts,piper_kk_issai_high,ISSAI_KazakhTTS2_F2,5,,succeeded,ISSAI_KazakhTTS2_F2,5,,280567550,1,[],raw/v4/xlsr_sls_model_v4_kk_spoof_raw_v1/kk-piper-issai-high-v1/9b/9bf78aacd5843a5afa7ea06fae7f9400c292d19b3e378b96eaca184f0db0dae2.wav,002f8f5aedfa0dbf36fff1193af13e9ae27f61ad335409fa65158e600d04c4ce,7.093696145124716,22050,local_cpu_piper,
3340,target,xlsr_sls_model_v4_kk_spoof:Train/tv_news/5f71cf781fe71,v4:kk:Train/tv_news/5f71cf781fe71,kk-piper-issai-high-v1,piper_neural_tts,piper_kk_issai_high,ISSAI_KazakhTTS2_M2,,,succeeded,ISSAI_KazakhTTS2_M2,,,1141741673,1,[],raw/v4/xlsr_sls_model_v4_kk_spoof_raw_v1/kk-piper-issai-high-v1/81/81570215b321e0c0240628b59579d3f115b07ea4c7d7a65c5b7c74701793208d.wav,fa2a23f2344931256f22314ce65feed6e091bf4c557329f4fa6cf2886ffb2eda,4.040272108843538,22050,local_cpu_piper,
3344,target,xlsr_sls_model_v4_kk_spoof:Train/parliament/mazhilis_27_429,v4:kk:Train/parliament/mazhilis_27_429,kk-piper-issai-high-v1,piper_neural_tts,piper_kk_issai_high,ISSAI_KazakhTTS_M1_Iseke,1,,succeeded,ISSAI_KazakhTTS_M1_Iseke,1,,1178202082,1,[],raw/v4/xlsr_sls_model_v4_kk_spoof_raw_v1/kk-piper-issai-high-v1/6c/6ccc094583b1f7192722a249c34fc4dc3a58e4b02a12211764d0f9dc0d5b0ed0.wav,80c1420432f9f96ed52939ea2506a5b3acc7e91e0020ddcfeb294c7975b7e556,5.828208616780046,22050,local_cpu_piper,
3348,target,xlsr_sls_model_v4_kk_spoof:Train/parliament/senate_20_1160,v4:kk:Train/parliament/senate_20_1160,kk-piper-issai-high-v1,piper_neural_tts,piper_kk_issai_high,ISSAI_KazakhTTS2_F3,2,,succeeded,ISSAI_KazakhTTS2_F3,2,,1775360127,1,[],raw/v4/xlsr_sls_model_v4_kk_spoof_raw_v1/kk-piper-issai-high-v1/3d/3d8326956cf1a58844893cf5c6a882684d3d4011cdd55506dc50b56f3b56e84e.wav,91d9307aad0dcb6d7bfad856f021af5eb95e157a5d6cff84b4c2adae9d685ffb,6.524807256235827,22050,local_cpu_piper,
3352,target,xlsr_sls_model_v4_kk_spoof:Train/talkshow/01_44_426,v4:kk:Train/talkshow/01_44_426,kk-piper-issai-high-v1,piper_neural_tts,piper_kk_issai_high,ISSAI_KazakhTTS_F1_Raya,3,,succeeded,ISSAI_KazakhTTS_F1_Raya,3,,408079667,1,[],raw/v4/xlsr_sls_model_v4_kk_spoof_raw_v1/kk-piper-issai-high-v1/59/59f5fa42b9d1f4dca9177b90f6b7a31743a2d981be0f4e872d72f6de7cb24b0d.wav,81a6afc7ef6af376a7579cb589abc7f73dd3d7b4e1bb8f52f2e3ae039aa59445,3.7035827664399092,22050,local_cpu_piper,
3356,target,xlsr_sls_model_v4_kk_spoof:Train/podcasts/03_49_253,v4:kk:Train/podcasts/03_49_253,kk-piper-issai-high-v1,piper_neural_tts,piper_kk_issai_high,ISSAI_KazakhTTS2_F1,4,,succeeded,ISSAI_KazakhTTS2_F1,4,,1287367724,1,[],raw/v4/xlsr_sls_model_v4_kk_spoof_raw_v1/kk-piper-issai-high-v1/48/484a5b0fa5d16f22f0d543a6c854f1dfa8ec37252657f1372c1a40a3c746799a.wav,2626eb14077c7edfe105ddf178d66864339c2e70e9e921913b5892b66fa0ca83,4.458231292517007,22050,local_cpu_piper,
3360,target,xlsr_sls_model_v4_kk_spoof:Train/tv_news/5f71d1d63a471,v4:kk:Train/tv_news/5f71d1d63a471,kk-piper-issai-high-v1,piper_neural_tts,piper_kk_issai_high,ISSAI_KazakhTTS2_F2,5,,succeeded,ISSAI_KazakhTTS2_F2,5,,426204381,1,[],raw/v4/xlsr_sls_model_v4_kk_spoof_raw_v1/kk-piper-issai-high-v1/2c/2ccadad67af5fb32944c8ed060bd344b979ca56080d49f39f3cf5f1e79564b83.wav,97c122eefd095b36554229318c99cd2aaffe83781c84bef23215919a1bff6a3a,5.433469387755102,22050,local_cpu_piper,
3364,target,xlsr_sls_model_v4_kk_spoof:Train/talkshow/01_14_300,v4:kk:Train/talkshow/01_14_300,kk-piper-issai-high-v1,piper_neural_tts,piper_kk_issai_high,ISSAI_KazakhTTS2_M2,,,succeeded,ISSAI_KazakhTTS2_M2,,,1021376983,1,[],raw/v4/xlsr_sls_model_v4_kk_spoof_raw_v1/kk-piper-issai-high-v1/c8/c8c3e1fb9ffa84b199f3433a54e8f3c4ecbbefd3746be14ba8a712430afb560c.wav,bfc05c716d488b0a97a0dec5f15e795a25c05b31b1cadb62bbe5f77d79af434b,8.25469387755102,22050,local_cpu_piper,
3368,target,xlsr_sls_model_v4_kk_spoof:Train/radio/01_08_342,v4:kk:Train/radio/01_08_342,kk-piper-issai-high-v1,piper_neural_tts,piper_kk_issai_high,ISSAI_KazakhTTS_M1_Iseke,1,,succeeded,ISSAI_KazakhTTS_M1_Iseke,1,,217752235,1,[],raw/v4/xlsr_sls_model_v4_kk_spoof_raw_v1/kk-piper-issai-high-v1/47/473461a6a1fcf11d13ba2cb85015302382d71d9ba3a80356163a25c1fef68f74.wav,7adb61213f5d8d3816b58b985a7f732a1880d82bd4436bcc4c444b1591c5ced6,6.199727891156463,22050,local_cpu_piper,
3372,target,xlsr_sls_model_v4_kk_spoof:Train/tv_news/5f834d937bb73,v4:kk:Train/tv_news/5f834d937bb73,kk-piper-issai-high-v1,piper_neural_tts,piper_kk_issai_high,ISSAI_KazakhTTS2_F3,2,,succeeded,ISSAI_KazakhTTS2_F3,2,,1493250920,1,[],raw/v4/xlsr_sls_model_v4_kk_spoof_raw_v1/kk-piper-issai-high-v1/2a/2a76d8ee3a394af56f5d36ad4bf30818c95894d4141246cde79a0fb715b975ef.wav,95ad6bf0a3c754c0ee79eaa0c235bce0859778990216a86b94f704831a61bcdf,2.136235827664399,22050,local_cpu_piper,
3376,target,xlsr_sls_model_v4_kk_spoof:Train/parliament/senate_21_224,v4:kk:Train/parliament/senate_21_224,kk-piper-issai-high-v1,piper_neural_tts,piper_kk_issai_high,ISSAI_KazakhTTS_F1_Raya,3,,succeeded,ISSAI_KazakhTTS_F1_Raya,3,,379542524,1,[],raw/v4/xlsr_sls_model_v4_kk_spoof_raw_v1/kk-piper-issai-high-v1/4a/4a4de4bdd3cda88fb6df113fa5671ade81afcf32989764a4638e86e93de21f64.wav,30071689667484913501ef099907233205cb7c00bf2521102021d27f598ad498,15.801179138321995,22050,local_cpu_piper,
3380,target,xlsr_sls_model_v4_kk_spoof:Train/talkshow/01_08_180,v4:kk:Train/talkshow/01_08_180,kk-piper-issai-high-v1,piper_neural_tts,piper_kk_issai_high,ISSAI_KazakhTTS2_F1,4,,succeeded,ISSAI_KazakhTTS2_F1,4,,1336910641,1,[],raw/v4/xlsr_sls_model_v4_kk_spoof_raw_v1/kk-piper-issai-high-v1/93/936820dbd5863f1fe6729d763395bf608729d4f096bff3f4a501b69555461e09.wav,80f393baf2429d365cbc646a0ed57a5c5424cd82b149adff1617cf001ad67ddb,5.305759637188209,22050,local_cpu_piper,
3384,target,xlsr_sls_model_v4_kk_spoof:Train/podcasts/08_07_114,v4:kk:Train/podcasts/08_07_114,kk-piper-issai-high-v1,piper_neural_tts,piper_kk_issai_high,ISSAI_KazakhTTS2_F2,5,,succeeded,ISSAI_KazakhTTS2_F2,5,,1962963126,1,[],raw/v4/xlsr_sls_model_v4_kk_spoof_raw_v1/kk-piper-issai-high-v1/f1/f1bf135adb9e5047ce217fdeebd75f37741ca01dc8d57706792757414fb1364d.wav,90d965971827eaabf0f9403e62448fac19f71a999096152d95ef0047039a2968,6.257777777777778,22050,local_cpu_piper,
3388,target,xlsr_sls_model_v4_kk_spoof:Train/parliament/senate_12_050,v4:kk:Train/parliament/senate_12_050,kk-piper-issai-high-v1,piper_neural_tts,piper_kk_issai_high,ISSAI_KazakhTTS2_M2,,,succeeded,ISSAI_KazakhTTS2_M2,,,1031166553,1,[],raw/v4/xlsr_sls_model_v4_kk_spoof_raw_v1/kk-piper-issai-high-v1/83/8345c1019795a447e6f4875d0d061c062c1de38625086c2bdfa60cfc4b038e63.wav,fb27446842767c87015a2748553c49a7655106a25a0a4d489a48a5512368b988,7.918004535147392,22050,local_cpu_piper,
3392,target,xlsr_sls_model_v4_kk_spoof:Train/tv_news/5fd0380d84ac9,v4:kk:Train/tv_news/5fd0380d84ac9,kk-piper-issai-high-v1,piper_neural_tts,piper_kk_issai_high,ISSAI_KazakhTTS_M1_Iseke,1,,succeeded,ISSAI_KazakhTTS_M1_Iseke,1,,398809342,1,[],raw/v4/xlsr_sls_model_v4_kk_spoof_raw_v1/kk-piper-issai-high-v1/27/2725a543068926f043519c6dc80a4c28dc48df19b1b6174bf1ed3cf1874529de.wav,9649ec28e819be55764fed5f8a0721ccd92535b3a8272cba5696fc5f1b038875,5.433469387755102,22050,local_cpu_piper,
3396,target,xlsr_sls_model_v4_kk_spoof:Train/parliament/mazhilis_03_717,v4:kk:Train/parliament/mazhilis_03_717,kk-piper-issai-high-v1,piper_neural_tts,piper_kk_issai_high,ISSAI_KazakhTTS2_F3,2,,succeeded,ISSAI_KazakhTTS2_F3,2,,1433909914,1,[],raw/v4/xlsr_sls_model_v4_kk_spoof_raw_v1/kk-piper-issai-high-v1/f1/f1e14d76130da0b956855aac24989cc4ac7cf059e389dbdf2582f9e20ee12707.wav,8bd227a4903473d780d5107bf724d571f715072d01420f2b530863bab34d078d,2.403265306122449,22050,local_cpu_piper,
3400,target,xlsr_sls_model_v4_kk_spoof:Train/parliament/senate_11_182,v4:kk:Train/parliament/senate_11_182,kk-piper-issai-high-v1,piper_neural_tts,piper_kk_issai_high,ISSAI_KazakhTTS_F1_Raya,3,,succeeded,ISSAI_KazakhTTS_F1_Raya,3,,804079440,1,[],raw/v4/xlsr_sls_model_v4_kk_spoof_raw_v1/kk-piper-issai-high-v1/5c/5c0acd20c539816a490ec073842beefcea8c56c26cbdafdf270ff41b094cd0b3.wav,5123015a9ae181a87e6538e3cec4d50c0d1fe16320593474ae785bc0fd7703dc,12.283356009070294,22050,local_cpu_piper,
3404,target,xlsr_sls_model_v4_kk_spoof:Train/parliament/mazhilis_17_1_163,v4:kk:Train/parliament/mazhilis_17_1_163,kk-piper-issai-high-v1,piper_neural_tts,piper_kk_issai_high,ISSAI_KazakhTTS2_F1,4,,succeeded,ISSAI_KazakhTTS2_F1,4,,1499271503,1,[],raw/v4/xlsr_sls_model_v4_kk_spoof_raw_v1/kk-piper-issai-high-v1/66/66da7e0293ff9b00ec19e2dd7968747883922baa40f609cf24275effb3b7ed34.wav,e21141a4cd6312e7e76e688028dcc76541d033a2216dedeadd66fa05f077c553,1.5673469387755101,22050,local_cpu_piper,
3408,target,xlsr_sls_model_v4_kk_spoof:Train/radio/01_44_273,v4:kk:Train/radio/01_44_273,kk-piper-issai-high-v1,piper_neural_tts,piper_kk_issai_high,ISSAI_KazakhTTS2_F2,5,,succeeded,ISSAI_KazakhTTS2_F2,5,,1109127516,1,[],raw/v4/xlsr_sls_model_v4_kk_spoof_raw_v1/kk-piper-issai-high-v1/19/1915fd1d80367e53e93e74c9d98509a067110b8f1bbac05f7d3f32ea69dbf197.wav,0e5df8ff86c05177d2ffa694a55b928c680449eb927b6e8415293d024f340ffe,2.8908843537414968,22050,local_cpu_piper,
3412,target,xlsr_sls_model_v4_kk_spoof:Train/podcasts/03_68_118,v4:kk:Train/podcasts/03_68_118,kk-piper-issai-high-v1,piper_neural_tts,piper_kk_issai_high,ISSAI_KazakhTTS2_M2,,,succeeded,ISSAI_KazakhTTS2_M2,,,1295040501,1,[],raw/v4/xlsr_sls_model_v4_kk_spoof_raw_v1/kk-piper-issai-high-v1/e7/e7fe321b47ddc639b2962a3f5db828b7665924be552a804bd20e383a18548b41.wav,a244c456a4507297f3d03fbc2e65590015f9247b06e76075dabe8e062630476f,8.382403628117913,22050,local_cpu_piper,
3416,target,xlsr_sls_model_v4_kk_spoof:Train/tv_news/5f71cfd065878,v4:kk:Train/tv_news/5f71cfd065878,kk-piper-issai-high-v1,piper_neural_tts,piper_kk_issai_high,ISSAI_KazakhTTS_M1_Iseke,1,,succeeded,ISSAI_KazakhTTS_M1_Iseke,1,,755497432,1,[],raw/v4/xlsr_sls_model_v4_kk_spoof_raw_v1/kk-piper-issai-high-v1/73/73705ff43551350a415fe4646f8307d14bbe203293dcb11df07ad145abd2c9a0.wav,fbbc594d4d501ad23e1f40deddeb3baad66889db1ef64c1fbb9c6a7cc2964334,7.836734693877551,22050,local_cpu_piper,
3420,target,xlsr_sls_model_v4_kk_spoof:Train/talkshow/01_91_479,v4:kk:Train/talkshow/01_91_479,kk-piper-issai-high-v1,piper_neural_tts,piper_kk_issai_high,ISSAI_KazakhTTS2_F3,2,,succeeded,ISSAI_KazakhTTS2_F3,2,,1807137895,1,[],raw/v4/xlsr_sls_model_v4_kk_spoof_raw_v1/kk-piper-issai-high-v1/73/735ecfc4f8532834dcf8188df34e870ef49e49d4f2c9b068e4c77aec0d95921c.wav,8a7b3ed125ae52ff1bc73809623722df86f3cb1e7b233ccd2108306006936a23,8.359183673469389,22050,local_cpu_piper,
3424,target,xlsr_sls_model_v4_kk_spoof:Train/parliament/mazhilis_14_086,v4:kk:Train/parliament/mazhilis_14_086,kk-piper-issai-high-v1,piper_neural_tts,piper_kk_issai_high,ISSAI_KazakhTTS_F1_Raya,3,,succeeded,ISSAI_KazakhTTS_F1_Raya,3,,1994264729,1,[],raw/v4/xlsr_sls_model_v4_kk_spoof_raw_v1/kk-piper-issai-high-v1/ae/aec05d90f71895af0fe543ae13b39eee60179b26bf320affec38c1aac1b3e9d6.wav,091f65d1127b30d312d395e4aa0049c21e75ebe5b297ac42fcb7c48f0ffb1907,3.215963718820862,22050,local_cpu_piper,
3428,target,xlsr_sls_model_v4_kk_spoof:Train/talkshow/01_52_452,v4:kk:Train/talkshow/01_52_452,kk-piper-issai-high-v1,piper_neural_tts,piper_kk_issai_high,ISSAI_KazakhTTS2_F1,4,,succeeded,ISSAI_KazakhTTS2_F1,4,,1481558961,1,[],raw/v4/xlsr_sls_model_v4_kk_spoof_raw_v1/kk-piper-issai-high-v1/d1/d1dbe6ade3787b4e58d2575aeea46323d69de772753f62f06d9ee09139dc0929.wav,11310b0dc2ec084cd74d6ce7bac5d394b2acb3fc38e89b3f2d5404a723ff7aa7,7.465215419501134,22050,local_cpu_piper,
3432,target,xlsr_sls_model_v4_kk_spoof:Train/tv_news/600f0dcc201ae,v4:kk:Train/tv_news/600f0dcc201ae,kk-piper-issai-high-v1,piper_neural_tts,piper_kk_issai_high,ISSAI_KazakhTTS2_F2,5,,succeeded,ISSAI_KazakhTTS2_F2,5,,859391478,1,[],raw/v4/xlsr_sls_model_v4_kk_spoof_raw_v1/kk-piper-issai-high-v1/30/308a280daab9c44998e8b9b0b9785bf7dcfb3451ad026bfd936f42ccfdd99678.wav,284b94e0f90672e57ae23f263a132af22e1c60583c333e5f43bea189e1094215,4.73687074829932,22050,local_cpu_piper,
3436,target,xlsr_sls_model_v4_kk_spoof:Train/tv_news/5fe2a7556c25c,v4:kk:Train/tv_news/5fe2a7556c25c,kk-piper-issai-high-v1,piper_neural_tts,piper_kk_issai_high,ISSAI_KazakhTTS2_M2,,,succeeded,ISSAI_KazakhTTS2_M2,,,1371916742,1,[],raw/v4/xlsr_sls_model_v4_kk_spoof_raw_v1/kk-piper-issai-high-v1/6c/6cf174e042d41453e8248ffe45ad4974a8acc24df2234a283c1d8809583ccf2d.wav,830a1c35684fc2d0af3deea6c79b66a04e3eeec23a092bbcd1e9584a217f78bf,5.491519274376417,22050,local_cpu_piper,
3440,target,xlsr_sls_model_v4_kk_spoof:Train/radio/01_62_669,v4:kk:Train/radio/01_62_669,kk-piper-issai-high-v1,piper_neural_tts,piper_kk_issai_high,ISSAI_KazakhTTS_M1_Iseke,1,,succeeded,ISSAI_KazakhTTS_M1_Iseke,1,,1062503828,1,[],raw/v4/xlsr_sls_model_v4_kk_spoof_raw_v1/kk-piper-issai-high-v1/89/89a8beaf993563b595b108eee6e506664efcd24eccc36a208ddd90b71167f874.wav,d65c05846bffd6fef11850eb0b1eac7bb468d99ac5de0edcbbd3e66a3ba736b7,1.9969160997732427,22050,local_cpu_piper,
3444,target,xlsr_sls_model_v4_kk_spoof:Train/talkshow/01_65_046,v4:kk:Train/talkshow/01_65_046,kk-piper-issai-high-v1,piper_neural_tts,piper_kk_issai_high,ISSAI_KazakhTTS2_F3,2,,succeeded,ISSAI_KazakhTTS2_F3,2,,1224052520,1,[],raw/v4/xlsr_sls_model_v4_kk_spoof_raw_v1/kk-piper-issai-high-v1/8d/8dd51254230ffab8870896945f6a277fef1bbe7684d4b8e0d9a9973eaf8a45d1.wav,eac889de6bc3b9ffc1bb1ee3ff6c81dfa4f29a6dbfe06ac42a491e4930f7db78,5.7004988662131515,22050,local_cpu_piper,
3448,target,xlsr_sls_model_v4_kk_spoof:Train/talkshow/01_55_382,v4:kk:Train/talkshow/01_55_382,kk-piper-issai-high-v1,piper_neural_tts,piper_kk_issai_high,ISSAI_KazakhTTS_F1_Raya,3,,succeeded,ISSAI_KazakhTTS_F1_Raya,3,,1192671780,1,[],raw/v4/xlsr_sls_model_v4_kk_spoof_raw_v1/kk-piper-issai-high-v1/b3/b34e14e0cef086f0b9f5fc04ff7b19576b672ddfa3d651f27c0f33ff06412fe0.wav,8a7cb88391ca041e903d69e18c3663f689895a0defac65feb3afd8cccef5f0af,4.655600907029479,22050,local_cpu_piper,
3452,target,xlsr_sls_model_v4_kk_spoof:Train/radio/01_38_45,v4:kk:Train/radio/01_38_45,kk-piper-issai-high-v1,piper_neural_tts,piper_kk_issai_high,ISSAI_KazakhTTS2_F1,4,,succeeded,ISSAI_KazakhTTS2_F1,4,,2004637160,1,[],raw/v4/xlsr_sls_model_v4_kk_spoof_raw_v1/kk-piper-issai-high-v1/2c/2c2f1aae23674385d8f712074af540b5a81078c29ff34e5a08f9982bd74ad209.wav,75e6f4b980069237cfb69657ce4158b9f60ed93168375dd7baaacddc05ef0d91,2.345215419501134,22050,local_cpu_piper,
3456,target,xlsr_sls_model_v4_kk_spoof:Train/parliament/senate_08_202,v4:kk:Train/parliament/senate_08_202,kk-piper-issai-high-v1,piper_neural_tts,piper_kk_issai_high,ISSAI_KazakhTTS2_F2,5,,succeeded,ISSAI_KazakhTTS2_F2,5,,1432538494,1,[],raw/v4/xlsr_sls_model_v4_kk_spoof_raw_v1/kk-piper-issai-high-v1/a5/a510d66da021ce38a510947db744274e5b0801ab8edcf698b8ce29cc18d6e09a.wav,76286b0695bc09ec001f73e7568d3851415583a08d49ba774cc7c75c3ca8a1e5,3.6919727891156464,22050,local_cpu_piper,
3460,target,xlsr_sls_model_v4_kk_spoof:Train/radio/01_70_359,v4:kk:Train/radio/01_70_359,kk-piper-issai-high-v1,piper_neural_tts,piper_kk_issai_high,ISSAI_KazakhTTS2_M2,,,succeeded,ISSAI_KazakhTTS2_M2,,,1010617149,1,[],raw/v4/xlsr_sls_model_v4_kk_spoof_raw_v1/kk-piper-issai-high-v1/03/0339cf01745806c72d72baefd97873dbc02ffa8c7df253b570745655d4dc24cb.wav,a7e0b55461684c63e4031ece1835f0cb65887b006baa33d20f466f62c4afebe1,2.391655328798186,22050,local_cpu_piper,
3464,target,xlsr_sls_model_v4_kk_spoof:Train/radio/01_44_569,v4:kk:Train/radio/01_44_569,kk-piper-issai-high-v1,piper_neural_tts,piper_kk_issai_high,ISSAI_KazakhTTS_M1_Iseke,1,,succeeded,ISSAI_KazakhTTS_M1_Iseke,1,,455508158,1,[],raw/v4/xlsr_sls_model_v4_kk_spoof_raw_v1/kk-piper-issai-high-v1/8f/8fa7354c4b0582ca640c5c5127cccdaf7a6d4205c8ad9dfe09b3fe9c66800545.wav,b6064187ccf134293c55e168b915d7f34ac96d46697c595132109aa96b4c5b53,1.5209070294784581,22050,local_cpu_piper,
3468,target,xlsr_sls_model_v4_kk_spoof:Train/talkshow/01_43_047,v4:kk:Train/talkshow/01_43_047,kk-piper-issai-high-v1,piper_neural_tts,piper_kk_issai_high,ISSAI_KazakhTTS2_F3,2,,succeeded,ISSAI_KazakhTTS2_F3,2,,1951196290,1,[],raw/v4/xlsr_sls_model_v4_kk_spoof_raw_v1/kk-piper-issai-high-v1/8d/8d59cd48c21a0cd1b86e9f8a76e4e852cfe6d9f1df78159c75693243e415cf75.wav,47958a40008b9dee5d1a18b49306f164404a6e9c821b855e38cec108ff63a307,1.253877551020408,22050,local_cpu_piper,
3472,target,xlsr_sls_model_v4_kk_spoof:Train/talkshow/01_65_182,v4:kk:Train/talkshow/01_65_182,kk-piper-issai-high-v1,piper_neural_tts,piper_kk_issai_high,ISSAI_KazakhTTS_F1_Raya,3,,succeeded,ISSAI_KazakhTTS_F1_Raya,3,,294412865,1,[],raw/v4/xlsr_sls_model_v4_kk_spoof_raw_v1/kk-piper-issai-high-v1/d8/d85c0c7a97f562cd6d0a3e90acae1a5ffeaa480bd707b6ffd2ac4211c174b521.wav,05f5c4384065dd6cd0dcb6fd39df2fef7b96ebb6693f58e629a32ab433a58032,8.835192743764173,22050,local_cpu_piper,
3476,target,xlsr_sls_model_v4_kk_spoof:Train/radio/01_17_41,v4:kk:Train/radio/01_17_41,kk-piper-issai-high-v1,piper_neural_tts,piper_kk_issai_high,ISSAI_KazakhTTS2_F1,4,,succeeded,ISSAI_KazakhTTS2_F1,4,,206701236,1,[],raw/v4/xlsr_sls_model_v4_kk_spoof_raw_v1/kk-piper-issai-high-v1/4d/4d45123f56c80ddb96788aa780f6d80d5784da86375aa3d5dc36d56778326ae1.wav,f297ed3f8e873977ca6397fe7d1413a0b2c4d3ef5f01f4a6a1d9a04b18aca75d,6.455147392290249,22050,local_cpu_piper,
3480,target,xlsr_sls_model_v4_kk_spoof:Train/podcasts/04_00_507,v4:kk:Train/podcasts/04_00_507,kk-piper-issai-high-v1,piper_neural_tts,piper_kk_issai_high,ISSAI_KazakhTTS2_F2,5,,succeeded,ISSAI_KazakhTTS2_F2,5,,788724380,1,[],raw/v4/xlsr_sls_model_v4_kk_spoof_raw_v1/kk-piper-issai-high-v1/c3/c3020328a8cc632687e0188bbe025a3b807607975a53ae3fc0c8ec4c5e85e07d.wav,6698e3c5a7a26902fc52ba00b44b7032890fc72a71d7b9dda503b4e563e5540c,3.6919727891156464,22050,local_cpu_piper,
3484,target,xlsr_sls_model_v4_kk_spoof:Train/talkshow/01_39_250,v4:kk:Train/talkshow/01_39_250,kk-piper-issai-high-v1,piper_neural_tts,piper_kk_issai_high,ISSAI_KazakhTTS2_M2,,,succeeded,ISSAI_KazakhTTS2_M2,,,1257109807,1,[],raw/v4/xlsr_sls_model_v4_kk_spoof_raw_v1/kk-piper-issai-high-v1/ce/cecc1b7002248acffa9fb13b24001539fcba09e253d158bd93b5398048aae009.wav,00c4b0703e5b98577f45c816955fe433391f5c0240c6051d8a1ad2773cde9480,6.849886621315193,22050,local_cpu_piper,
3488,target,xlsr_sls_model_v4_kk_spoof:Train/radio/01_73_368,v4:kk:Train/radio/01_73_368,kk-piper-issai-high-v1,piper_neural_tts,piper_kk_issai_high,ISSAI_KazakhTTS_M1_Iseke,1,,succeeded,ISSAI_KazakhTTS_M1_Iseke,1,,1659582270,1,[],raw/v4/xlsr_sls_model_v4_kk_spoof_raw_v1/kk-piper-issai-high-v1/1f/1f5a10ba0d784306b9416c8e7ca5df0163d76de14b2674a1fff0d362a7ceda48.wav,adccf381648ef52f74c0433490a047179f7a73a403a51868d671047f180b203a,4.632380952380952,22050,local_cpu_piper,
3492,target,xlsr_sls_model_v4_kk_spoof:Train/radio/01_45_188,v4:kk:Train/radio/01_45_188,kk-piper-issai-high-v1,piper_neural_tts,piper_kk_issai_high,ISSAI_KazakhTTS2_F3,2,,succeeded,ISSAI_KazakhTTS2_F3,2,,252215338,1,[],raw/v4/xlsr_sls_model_v4_kk_spoof_raw_v1/kk-piper-issai-high-v1/90/9013cd845b1fc16db4f29d9f8a2d096f2ba14058f10c07502706539ef564251f.wav,d4bd9e85604d636f160790dfd8ab0568105ae74a28d88f231030732a09d14ae5,2.7980045351473923,22050,local_cpu_piper,
3496,target,xlsr_sls_model_v4_kk_spoof:Train/parliament/mazhilis_15_1_435,v4:kk:Train/parliament/mazhilis_15_1_435,kk-piper-issai-high-v1,piper_neural_tts,piper_kk_issai_high,ISSAI_KazakhTTS_F1_Raya,3,,succeeded,ISSAI_KazakhTTS_F1_Raya,3,,1954819084,1,[],raw/v4/xlsr_sls_model_v4_kk_spoof_raw_v1/kk-piper-issai-high-v1/17/17354d8d13c256d4800020d35bf65329e2c52e99da6d765cd6989dfc8fd94d09.wav,bfda38d2068fa4edd744c263cc03e3517cc7c90db35d8164d2a5a8c8daa5db0c,7.2562358276643995,22050,local_cpu_piper,
3500,target,xlsr_sls_model_v4_kk_spoof:Train/radio/01_71_454,v4:kk:Train/radio/01_71_454,kk-piper-issai-high-v1,piper_neural_tts,piper_kk_issai_high,ISSAI_KazakhTTS2_F1,4,,succeeded,ISSAI_KazakhTTS2_F1,4,,156405656,1,[],raw/v4/xlsr_sls_model_v4_kk_spoof_raw_v1/kk-piper-issai-high-v1/b2/b299d62a4de511602c4619f7fa9d4fe422b11c77010a4b86019f25754f4d5ee0.wav,82eb94a2699f29fb2e5fa98fe8480fb384ebedc8bd8cc11555921c04945d6b74,2.3219954648526078,22050,local_cpu_piper,
3504,target,xlsr_sls_model_v4_kk_spoof:Train/radio/01_71_221,v4:kk:Train/radio/01_71_221,kk-piper-issai-high-v1,piper_neural_tts,piper_kk_issai_high,ISSAI_KazakhTTS2_F2,5,,succeeded,ISSAI_KazakhTTS2_F2,5,,1144188688,1,[],raw/v4/xlsr_sls_model_v4_kk_spoof_raw_v1/kk-piper-issai-high-v1/dc/dc3fe49ddca74df4f830e6daa0907a68835feb24feaf6b74795d95c8ab140b3f.wav,044d4e19da29f3ae1ea6690ea4a0bf0a86375a4851fdb567204646abed7ddb9b,5.793378684807256,22050,local_cpu_piper,
3508,target,xlsr_sls_model_v4_kk_spoof:Train/radio/01_21_277,v4:kk:Train/radio/01_21_277,kk-piper-issai-high-v1,piper_neural_tts,piper_kk_issai_high,ISSAI_KazakhTTS2_M2,,,succeeded,ISSAI_KazakhTTS2_M2,,,1669542599,1,[],raw/v4/xlsr_sls_model_v4_kk_spoof_raw_v1/kk-piper-issai-high-v1/1f/1f254ccb532cb97f4dc83c1468a5a58ce0db6b345636bf2dd0afb914ddebac64.wav,a47e8faafe43ef924012c8503d516021e67af36de5d3f0e53ca3cb29b9c7c539,1.7182766439909296,22050,local_cpu_piper,
3512,target,xlsr_sls_model_v4_kk_spoof:Train/parliament/mazhilis_12_093,v4:kk:Train/parliament/mazhilis_12_093,kk-piper-issai-high-v1,piper_neural_tts,piper_kk_issai_high,ISSAI_KazakhTTS_M1_Iseke,1,,succeeded,ISSAI_KazakhTTS_M1_Iseke,1,,808214685,1,[],raw/v4/xlsr_sls_model_v4_kk_spoof_raw_v1/kk-piper-issai-high-v1/8b/8bee4c368ee488102025ad67f2c98d990b4e8d284c176b94c8ba3687909a9a9c.wav,68f780e8a9dfa67a9ad1e57a873234a25f322911c1a844bf66bc3ab491294f11,8.045714285714286,22050,local_cpu_piper,
3516,target,xlsr_sls_model_v4_kk_spoof:Train/parliament/mazhilis_27_192,v4:kk:Train/parliament/mazhilis_27_192,kk-piper-issai-high-v1,piper_neural_tts,piper_kk_issai_high,ISSAI_KazakhTTS2_F3,2,,succeeded,ISSAI_KazakhTTS2_F3,2,,1251971994,1,[],raw/v4/xlsr_sls_model_v4_kk_spoof_raw_v1/kk-piper-issai-high-v1/30/303e49640110bce4df491cca6041b55c96f7d6e022e9aec8869870e8326c2494.wav,db271a10b16e94e5af4e7dcab887e95517faf9cf39566742c411d64b8856b87d,7.90639455782313,22050,local_cpu_piper,
3520,target,xlsr_sls_model_v4_kk_spoof:Train/talkshow/01_58_288,v4:kk:Train/talkshow/01_58_288,kk-piper-issai-high-v1,piper_neural_tts,piper_kk_issai_high,ISSAI_KazakhTTS_F1_Raya,3,,succeeded,ISSAI_KazakhTTS_F1_Raya,3,,615838667,1,[],raw/v4/xlsr_sls_model_v4_kk_spoof_raw_v1/kk-piper-issai-high-v1/ea/ea3e348eb7d0404166752390a51e8d162a2b8580a48bb7816d9f85fce06dd78e.wav,f28e3f88a9e22deb73796bb675b4b89f7410b59b1c418e77029dcff9d91907e8,3.8312925170068026,22050,local_cpu_piper,
3524,target,xlsr_sls_model_v4_kk_spoof:Train/talkshow/01_54_256,v4:kk:Train/talkshow/01_54_256,kk-piper-issai-high-v1,piper_neural_tts,piper_kk_issai_high,ISSAI_KazakhTTS2_F1,4,,succeeded,ISSAI_KazakhTTS2_F1,4,,929845160,1,[],raw/v4/xlsr_sls_model_v4_kk_spoof_raw_v1/kk-piper-issai-high-v1/e8/e8790f3275905c6b00fb16fe9683c09a6b8a6aac8bc5beaaab34853f92d7b604.wav,b8163e126a536296c285077db68f0cd78b9f387e780c20f6b2b9f023a69054c9,2.507755102040816,22050,local_cpu_piper,
3528,target,xlsr_sls_model_v4_kk_spoof:Train/radio/01_08_040,v4:kk:Train/radio/01_08_040,kk-piper-issai-high-v1,piper_neural_tts,piper_kk_issai_high,ISSAI_KazakhTTS2_F2,5,,succeeded,ISSAI_KazakhTTS2_F2,5,,1040392671,1,[],raw/v4/xlsr_sls_model_v4_kk_spoof_raw_v1/kk-piper-issai-high-v1/72/7254376afc9ca54362159af4a75a13731cae027d7a2faf1882f4dcbedc0e29d8.wav,63825a4619be0d3b91aab204f6965161cc482bfa8fbc9205ef0f39be464d4170,6.362267573696145,22050,local_cpu_piper,
3532,target,xlsr_sls_model_v4_kk_spoof:Train/parliament/mazhilis_18_1_315,v4:kk:Train/parliament/mazhilis_18_1_315,kk-piper-issai-high-v1,piper_neural_tts,piper_kk_issai_high,ISSAI_KazakhTTS2_M2,,,succeeded,ISSAI_KazakhTTS2_M2,,,2118374401,1,[],raw/v4/xlsr_sls_model_v4_kk_spoof_raw_v1/kk-piper-issai-high-v1/00/0038f89aa8958ba857e182b3caef848f7c674711517f6ddea9a4e1c6de901ab9.wav,8236b55f7cf9e54e9f6bbf5d708afb81288026ccc93b4e6e738d5a70543ee074,2.020136054421769,22050,local_cpu_piper,
3536,target,xlsr_sls_model_v4_kk_spoof:Train/podcasts/01_06_660,v4:kk:Train/podcasts/01_06_660,kk-piper-issai-high-v1,piper_neural_tts,piper_kk_issai_high,ISSAI_KazakhTTS_M1_Iseke,1,,succeeded,ISSAI_KazakhTTS_M1_Iseke,1,,752855607,1,[],raw/v4/xlsr_sls_model_v4_kk_spoof_raw_v1/kk-piper-issai-high-v1/d6/d6d8a1ac8881b30a733846818c5ae5c50c2a2866a3831638109758c99bd68875.wav,a2c063ec2db2b6fe87cda1830c676390bcfb69526a6f3068371fcfc269e3889f,10.332879818594105,22050,local_cpu_piper,
3540,target,xlsr_sls_model_v4_kk_spoof:Train/tv_news/5fa2e73abf6c1,v4:kk:Train/tv_news/5fa2e73abf6c1,kk-piper-issai-high-v1,piper_neural_tts,piper_kk_issai_high,ISSAI_KazakhTTS2_F3,2,,succeeded,ISSAI_KazakhTTS2_F3,2,,1463517039,1,[],raw/v4/xlsr_sls_model_v4_kk_spoof_raw_v1/kk-piper-issai-high-v1/27/27f336c2d7c5e0a2786c9288e3e7f9ce93ae11b0f05c3ce8976df38ec5470d1a.wav,b667032bb298e08c0111d5e4075f3808dffd4fa3c31e7002ca827d4a59c5ed5f,2.380045351473923,22050,local_cpu_piper,
3544,target,xlsr_sls_model_v4_kk_spoof:Train/tv_news/5fa2e744bfe8d,v4:kk:Train/tv_news/5fa2e744bfe8d,kk-piper-issai-high-v1,piper_neural_tts,piper_kk_issai_high,ISSAI_KazakhTTS_F1_Raya,3,,succeeded,ISSAI_KazakhTTS_F1_Raya,3,,985159033,1,[],raw/v4/xlsr_sls_model_v4_kk_spoof_raw_v1/kk-piper-issai-high-v1/e0/e0b6bd1c917c0d0dff1b843d738024515838802270715411ad92ac14a5f8190c.wav,220ef0cb95bf626fc4d067edae0be096ddfdf7425c2cf8d83bb1eec952c53d87,10.100680272108843,22050,local_cpu_piper,
3548,target,xlsr_sls_model_v4_kk_spoof:Train/podcasts/06_11_347,v4:kk:Train/podcasts/06_11_347,kk-piper-issai-high-v1,piper_neural_tts,piper_kk_issai_high,ISSAI_KazakhTTS2_F1,4,,succeeded,ISSAI_KazakhTTS2_F1,4,,2025988880,1,[],raw/v4/xlsr_sls_model_v4_kk_spoof_raw_v1/kk-piper-issai-high-v1/6c/6c62f434688567c3a3dbba1f233d67693b983c75f54abe392bc2609f9c0ca761.wav,a0f745f38e2926472589de93b078a2931e04530418dd7036d0bb583ae600b9a2,3.4946031746031747,22050,local_cpu_piper,
3552,target,xlsr_sls_model_v4_kk_spoof:Train/parliament/mazhilis_03_249,v4:kk:Train/parliament/mazhilis_03_249,kk-piper-issai-high-v1,piper_neural_tts,piper_kk_issai_high,ISSAI_KazakhTTS2_F2,5,,succeeded,ISSAI_KazakhTTS2_F2,5,,819222856,1,[],raw/v4/xlsr_sls_model_v4_kk_spoof_raw_v1/kk-piper-issai-high-v1/2a/2a21c07692da6d732c39ef5a11d4c6488ee54ecffe0ec6f2ab68e7ac6ad302e8.wav,c25a8dc9e682c393a59d5d41dcf35b9ba02b78590bc168630bdd0df3417079ab,3.4713832199546486,22050,local_cpu_piper,
3556,target,xlsr_sls_model_v4_kk_spoof:Train/talkshow/01_43_596,v4:kk:Train/talkshow/01_43_596,kk-piper-issai-high-v1,piper_neural_tts,piper_kk_issai_high,ISSAI_KazakhTTS2_M2,,,succeeded,ISSAI_KazakhTTS2_M2,,,1340934696,1,[],raw/v4/xlsr_sls_model_v4_kk_spoof_raw_v1/kk-piper-issai-high-v1/a9/a98935ee50521ace96f68dba007e6e3ffe9837813f8fbfcaa59dc9a68ae59a76.wav,49199817221e20866208372440ee9a8324271d7276e5c5120e90a4820196a468,7.163356009070295,22050,local_cpu_piper,
3560,target,xlsr_sls_model_v4_kk_spoof:Train/podcasts/03_43_085,v4:kk:Train/podcasts/03_43_085,kk-piper-issai-high-v1,piper_neural_tts,piper_kk_issai_high,ISSAI_KazakhTTS_M1_Iseke,1,,succeeded,ISSAI_KazakhTTS_M1_Iseke,1,,1620307026,1,[],raw/v4/xlsr_sls_model_v4_kk_spoof_raw_v1/kk-piper-issai-high-v1/ec/ec964d3bb334773744e961cdad4f8e2bb7e6b67b27f07e4424d8f63f12d6f2c3.wav,ab9f4c10b0a2f6b1dfa1bc4d19c6bf9c33384e6422e085637a4e95420d885a94,1.1493877551020408,22050,local_cpu_piper,
3564,target,xlsr_sls_model_v4_kk_spoof:Train/podcasts/04_11_369,v4:kk:Train/podcasts/04_11_369,kk-piper-issai-high-v1,piper_neural_tts,piper_kk_issai_high,ISSAI_KazakhTTS2_F3,2,,succeeded,ISSAI_KazakhTTS2_F3,2,,2079471660,1,[],raw/v4/xlsr_sls_model_v4_kk_spoof_raw_v1/kk-piper-issai-high-v1/85/851ab123cd0563e38d63ddba66a87fb7dd0247c1fab9a215de61e7a03af61bcd.wav,a893e198aa3e4b038d0325a01f4a62e39fa4e7e23b372a402a7e407a03cdaac4,9.311201814058958,22050,local_cpu_piper,
3568,target,xlsr_sls_model_v4_kk_spoof:Train/talkshow/01_91_197,v4:kk:Train/talkshow/01_91_197,kk-piper-issai-high-v1,piper_neural_tts,piper_kk_issai_high,ISSAI_KazakhTTS_F1_Raya,3,,succeeded,ISSAI_KazakhTTS_F1_Raya,3,,1811483585,1,[],raw/v4/xlsr_sls_model_v4_kk_spoof_raw_v1/kk-piper-issai-high-v1/f0/f05a7d93a999d055f15e8658877bda84a3ad05c8bdffa952e0ca425e897a46f6.wav,e31d8f4dd3e5d57cbec696ca29c79a478dce6f5150b1cb2dd2b392d9f9f38409,4.527891156462585,22050,local_cpu_piper,
3572,target,xlsr_sls_model_v4_kk_spoof:Train/tv_news/5fe2a749dcaae,v4:kk:Train/tv_news/5fe2a749dcaae,kk-piper-issai-high-v1,piper_neural_tts,piper_kk_issai_high,ISSAI_KazakhTTS2_F1,4,,succeeded,ISSAI_KazakhTTS2_F1,4,,1557666172,1,[],raw/v4/xlsr_sls_model_v4_kk_spoof_raw_v1/kk-piper-issai-high-v1/ac/accba32c882bb1e6725df0a97be7b6e039f1e3339d72f30ee03fc6a4184053f5.wav,9952d4cc4786b4191e36014a551cdbe77b33bb2194901515ec1ab3e1578b7106,7.082086167800454,22050,local_cpu_piper,
3576,target,xlsr_sls_model_v4_kk_spoof:Train/radio/01_12_172,v4:kk:Train/radio/01_12_172,kk-piper-issai-high-v1,piper_neural_tts,piper_kk_issai_high,ISSAI_KazakhTTS2_F2,5,,succeeded,ISSAI_KazakhTTS2_F2,5,,1619397451,1,[],raw/v4/xlsr_sls_model_v4_kk_spoof_raw_v1/kk-piper-issai-high-v1/38/3886672aa7fde8295d3b325dbd3868c9a09184679162b36b1ec1b5cb8daa72ec.wav,77ac5edb7d396909f938bc0e845705e849dc133796b5ae2d6b3ddf30b1bd9151,1.7182766439909296,22050,local_cpu_piper,
3580,target,xlsr_sls_model_v4_kk_spoof:Train/talkshow/01_25_042,v4:kk:Train/talkshow/01_25_042,kk-piper-issai-high-v1,piper_neural_tts,piper_kk_issai_high,ISSAI_KazakhTTS2_M2,,,succeeded,ISSAI_KazakhTTS2_M2,,,979213298,1,[],raw/v4/xlsr_sls_model_v4_kk_spoof_raw_v1/kk-piper-issai-high-v1/99/9906c4c859ab110b336abdad007841f7a0d50d08bb757eb4be6f9cc46dd9670a.wav,c042824d92eb7eaecc6a1e15877b292458eea59101d36e21fa06ff55ea361d8a,3.250793650793651,22050,local_cpu_piper,
3584,target,xlsr_sls_model_v4_kk_spoof:Train/tv_news/5fd0378eec15c,v4:kk:Train/tv_news/5fd0378eec15c,kk-piper-issai-high-v1,piper_neural_tts,piper_kk_issai_high,ISSAI_KazakhTTS_M1_Iseke,1,,succeeded,ISSAI_KazakhTTS_M1_Iseke,1,,1388256168,1,[],raw/v4/xlsr_sls_model_v4_kk_spoof_raw_v1/kk-piper-issai-high-v1/37/375d82ef5f89f0acad85c1f168b50a8a1ec4c31bae8336821175db3bf9fb2192.wav,47f5ee52a1f0c062d724e44ce49b40eaf946f272322d92e8cb13575e3e24b28a,4.307301587301588,22050,local_cpu_piper,
3588,target,xlsr_sls_model_v4_kk_spoof:Train/radio/01_34_003,v4:kk:Train/radio/01_34_003,kk-piper-issai-high-v1,piper_neural_tts,piper_kk_issai_high,ISSAI_KazakhTTS2_F3,2,,succeeded,ISSAI_KazakhTTS2_F3,2,,1577795138,1,[],raw/v4/xlsr_sls_model_v4_kk_spoof_raw_v1/kk-piper-issai-high-v1/e8/e8354ba174a6352f64f9650aa2f510b284fd2ac049856cba751eb018ef5f1670.wav,63068ae0376a37b731988617c42845376593449a0944dd05b576062846d9bc49,3.622312925170068,22050,local_cpu_piper,
3592,target,xlsr_sls_model_v4_kk_spoof:Train/tv_news/5fe2a615e3f8b,v4:kk:Train/tv_news/5fe2a615e3f8b,kk-piper-issai-high-v1,piper_neural_tts,piper_kk_issai_high,ISSAI_KazakhTTS_F1_Raya,3,,succeeded,ISSAI_KazakhTTS_F1_Raya,3,,775385185,1,[],raw/v4/xlsr_sls_model_v4_kk_spoof_raw_v1/kk-piper-issai-high-v1/9c/9c1321d8f7f016a7a31ec75d41d2b4a4cab0e1db94b3fbe24d77f0d717c97b28.wav,589c7489cddd23021e9eeddb534fed235cd935f162cdeaed4420ef22fcbd12bb,4.121541950113379,22050,local_cpu_piper,
3596,target,xlsr_sls_model_v4_kk_spoof:Train/parliament/senate_20_0661,v4:kk:Train/parliament/senate_20_0661,kk-piper-issai-high-v1,piper_neural_tts,piper_kk_issai_high,ISSAI_KazakhTTS2_F1,4,,succeeded,ISSAI_KazakhTTS2_F1,4,,413317738,1,[],raw/v4/xlsr_sls_model_v4_kk_spoof_raw_v1/kk-piper-issai-high-v1/38/3817a9acee60caef4feca7181973131ab8351d6cd45441ca63373768919dbdf2.wav,77ad8cc80e238ae088ce890bcedc7cf11181e0406d3b7ee580f6d4f2c75734bd,4.551111111111111,22050,local_cpu_piper,
3600,target,xlsr_sls_model_v4_kk_spoof:Train/podcasts/01_04_344,v4:kk:Train/podcasts/01_04_344,kk-piper-issai-high-v1,piper_neural_tts,piper_kk_issai_high,ISSAI_KazakhTTS2_F2,5,,succeeded,ISSAI_KazakhTTS2_F2,5,,1305865194,1,[],raw/v4/xlsr_sls_model_v4_kk_spoof_raw_v1/kk-piper-issai-high-v1/57/57b43e0fb251116b6a70f7d13c5af0a0bf0db4485e30b1fe7f9be6e468600156.wav,9ef5dff6f1d4820b5833978e17736c198b6273c83b2fa6672b5278d507fdb4e7,4.922630385487528,22050,local_cpu_piper,
3604,target,xlsr_sls_model_v4_kk_spoof:Train/parliament/mazhilis_24_619,v4:kk:Train/parliament/mazhilis_24_619,kk-piper-issai-high-v1,piper_neural_tts,piper_kk_issai_high,ISSAI_KazakhTTS2_M2,,,succeeded,ISSAI_KazakhTTS2_M2,,,1804673375,1,[],raw/v4/xlsr_sls_model_v4_kk_spoof_raw_v1/kk-piper-issai-high-v1/aa/aa41d5f69d36eb73244faadaa04ea316f87e6f6ab8e3ad3e5871faf027faae73.wav,ff93f341b785a85d96a83192ce5e8975fdcb6b45a3f467cf28dd58e6ea782bdf,10.298049886621316,22050,local_cpu_piper,
3608,target,xlsr_sls_model_v4_kk_spoof:Train/parliament/senate_13_453,v4:kk:Train/parliament/senate_13_453,kk-piper-issai-high-v1,piper_neural_tts,piper_kk_issai_high,ISSAI_KazakhTTS_M1_Iseke,1,,succeeded,ISSAI_KazakhTTS_M1_Iseke,1,,477144371,1,[],raw/v4/xlsr_sls_model_v4_kk_spoof_raw_v1/kk-piper-issai-high-v1/84/8494e7b5e528e5b7310a777490cd79f8ebc4fc3d2c28d191150490754877fed6.wav,96c5e6920dc0d98248bbf59590359f785e4b39e5fbdf9d0c342238a4be0bb983,6.548027210884354,22050,local_cpu_piper,
3612,target,xlsr_sls_model_v4_kk_spoof:Train/podcasts/06_07_200,v4:kk:Train/podcasts/06_07_200,kk-piper-issai-high-v1,piper_neural_tts,piper_kk_issai_high,ISSAI_KazakhTTS2_F3,2,,succeeded,ISSAI_KazakhTTS2_F3,2,,655017485,1,[],raw/v4/xlsr_sls_model_v4_kk_spoof_raw_v1/kk-piper-issai-high-v1/dc/dc60e33853f2b1e91bf002bf61f70580aa3bbc7442b67fda2152038f347b07c0.wav,e41381546a98c95f3e3ddfe9c7e5302a28207f2b4038a68b0f99d77f9484ed0c,2.9605442176870747,22050,local_cpu_piper,
3616,target,xlsr_sls_model_v4_kk_spoof:Train/tv_news/5f71d0e047ff8,v4:kk:Train/tv_news/5f71d0e047ff8,kk-piper-issai-high-v1,piper_neural_tts,piper_kk_issai_high,ISSAI_KazakhTTS_F1_Raya,3,,succeeded,ISSAI_KazakhTTS_F1_Raya,3,,1062003372,1,[],raw/v4/xlsr_sls_model_v4_kk_spoof_raw_v1/kk-piper-issai-high-v1/ad/ad2a2e65e6e398e1640cc534dd4b858ccd390d588d9f5668b3aa4a1a83bd69db.wav,4b62eceeafd04e2349ca994e0b7aca5edc7b420a52373c9a0d75b53517df7894,5.921088435374149,22050,local_cpu_piper,
3620,target,xlsr_sls_model_v4_kk_spoof:Train/parliament/mazhilis_17_2_428,v4:kk:Train/parliament/mazhilis_17_2_428,kk-piper-issai-high-v1,piper_neural_tts,piper_kk_issai_high,ISSAI_KazakhTTS2_F1,4,,succeeded,ISSAI_KazakhTTS2_F1,4,,205183509,1,[],raw/v4/xlsr_sls_model_v4_kk_spoof_raw_v1/kk-piper-issai-high-v1/d3/d3e75568f3d3ca99589cfc54212a0499f0f76ada146743d5ab6187d322e00b96.wav,aef56ef9a589b44ab6bdf75a50fab41b6397a4f8b2a618ea8be25e32ee370b43,5.340589569160998,22050,local_cpu_piper,
3624,target,xlsr_sls_model_v4_kk_spoof:Train/radio/01_46_202,v4:kk:Train/radio/01_46_202,kk-piper-issai-high-v1,piper_neural_tts,piper_kk_issai_high,ISSAI_KazakhTTS2_F2,5,,succeeded,ISSAI_KazakhTTS2_F2,5,,1437539481,1,[],raw/v4/xlsr_sls_model_v4_kk_spoof_raw_v1/kk-piper-issai-high-v1/0b/0ba21747f38f28da31b26946833bb48bead5f4cb377b63560f414376f9fb266b.wav,ab9fe003846c1e920ef6a9fa24fae38cc45b55d313e2ce7a7b7807437576236f,2.2407256235827666,22050,local_cpu_piper,
3628,target,xlsr_sls_model_v4_kk_spoof:Train/talkshow/01_17_309,v4:kk:Train/talkshow/01_17_309,kk-piper-issai-high-v1,piper_neural_tts,piper_kk_issai_high,ISSAI_KazakhTTS2_M2,,,succeeded,ISSAI_KazakhTTS2_M2,,,1463001904,1,[],raw/v4/xlsr_sls_model_v4_kk_spoof_raw_v1/kk-piper-issai-high-v1/6d/6dbfc5d8522bc480ac7455e4248a3b09449a39dc14a2631d501e7296202284e2.wav,e948b74e9b39657b19867b44f750399866b01a0cce4640270f5e33fa54a16339,5.746938775510204,22050,local_cpu_piper,
3632,target,xlsr_sls_model_v4_kk_spoof:Train/talkshow/01_25_348,v4:kk:Train/talkshow/01_25_348,kk-piper-issai-high-v1,piper_neural_tts,piper_kk_issai_high,ISSAI_KazakhTTS_M1_Iseke,1,,succeeded,ISSAI_KazakhTTS_M1_Iseke,1,,1018436737,1,[],raw/v4/xlsr_sls_model_v4_kk_spoof_raw_v1/kk-piper-issai-high-v1/9f/9fc152bd1a8c0367f41734ae50b515b05a552e99201ef947ae262297dfed1c48.wav,dd312ff0014dc749bda3afd9be9cc1686a0cd3467d2b6d423605334809b56722,3.076643990929705,22050,local_cpu_piper,
3636,target,xlsr_sls_model_v4_kk_spoof:Train/radio/01_24_108,v4:kk:Train/radio/01_24_108,kk-piper-issai-high-v1,piper_neural_tts,piper_kk_issai_high,ISSAI_KazakhTTS2_F3,2,,succeeded,ISSAI_KazakhTTS2_F3,2,,706435250,1,[],raw/v4/xlsr_sls_model_v4_kk_spoof_raw_v1/kk-piper-issai-high-v1/c7/c7ef4e3ce98a77e9c1e965e4a6fd76e1ab060af21b05f7ae0675ffadb54e5da0.wav,48a7425a5b8af1054dcc758e4b7ead35b10082a06ca1a4078b3451d0dc26f530,5.712108843537415,22050,local_cpu_piper,
3640,target,xlsr_sls_model_v4_kk_spoof:Train/tv_news/5f71ceaabe6bb,v4:kk:Train/tv_news/5f71ceaabe6bb,kk-piper-issai-high-v1,piper_neural_tts,piper_kk_issai_high,ISSAI_KazakhTTS_F1_Raya,3,,succeeded,ISSAI_KazakhTTS_F1_Raya,3,,830125704,1,[],raw/v4/xlsr_sls_model_v4_kk_spoof_raw_v1/kk-piper-issai-high-v1/b0/b0d58ead75aa90bd8cfd4d060e6d4ac8d2109baf7a3464e20d0a3b62d8bb755d.wav,ad63bedd14d15d72b9bd71c1541e1e92c1c1f6f9f43f65971bc8db92812700ef,1.9388662131519274,22050,local_cpu_piper,
3644,target,xlsr_sls_model_v4_kk_spoof:Train/podcasts/03_72_57,v4:kk:Train/podcasts/03_72_57,kk-piper-issai-high-v1,piper_neural_tts,piper_kk_issai_high,ISSAI_KazakhTTS2_F1,4,,succeeded,ISSAI_KazakhTTS2_F1,4,,1700772886,1,[],raw/v4/xlsr_sls_model_v4_kk_spoof_raw_v1/kk-piper-issai-high-v1/9e/9e15b7d9d182e9764f89f63dc134b8448726a51173040df75789cf257f916e97.wav,7fc8ec46636b6b37bc92c2177f3748dc7d06f56edaf067ccfbb9d80045481fa6,9.392471655328798,22050,local_cpu_piper,
3648,target,xlsr_sls_model_v4_kk_spoof:Train/podcasts/04_02_413,v4:kk:Train/podcasts/04_02_413,kk-piper-issai-high-v1,piper_neural_tts,piper_kk_issai_high,ISSAI_KazakhTTS2_F2,5,,succeeded,ISSAI_KazakhTTS2_F2,5,,848652888,1,[],raw/v4/xlsr_sls_model_v4_kk_spoof_raw_v1/kk-piper-issai-high-v1/35/358317731b0189237c4de84e4ec5e8105bf5801e9849c06fa44defb475a4341a.wav,e6d6f79d4f4c32067b0ac3720fdadb1543f0b2c5a9864f04b71422465624ab2a,4.829750566893424,22050,local_cpu_piper,
3652,target,xlsr_sls_model_v4_kk_spoof:Train/podcasts/01_07_246,v4:kk:Train/podcasts/01_07_246,kk-piper-issai-high-v1,piper_neural_tts,piper_kk_issai_high,ISSAI_KazakhTTS2_M2,,,succeeded,ISSAI_KazakhTTS2_M2,,,630403768,1,[],raw/v4/xlsr_sls_model_v4_kk_spoof_raw_v1/kk-piper-issai-high-v1/88/88d3abe1dcaa3e206e111dbd055c0bdfcd2a2ec557f90a2c3df1387949a612a1.wav,edcb6eed75b73e25fd5d4d067cef58d282179a235336adb9691ac89253246304,4.725260770975057,22050,local_cpu_piper,
3656,target,xlsr_sls_model_v4_kk_spoof:Train/parliament/mazhilis_17_1_680,v4:kk:Train/parliament/mazhilis_17_1_680,kk-piper-issai-high-v1,piper_neural_tts,piper_kk_issai_high,ISSAI_KazakhTTS_M1_Iseke,1,,succeeded,ISSAI_KazakhTTS_M1_Iseke,1,,1717181803,1,[],raw/v4/xlsr_sls_model_v4_kk_spoof_raw_v1/kk-piper-issai-high-v1/82/82176e736dc0f52fdd426e7816deeca8333f9fe34338a003f99b4f585785dfe3.wav,4bec9e1d786634ffcd8a8d9668ead325aa79044486ba6eda02aa56caaf7a2a68,22.88326530612245,22050,local_cpu_piper,
3660,target,xlsr_sls_model_v4_kk_spoof:Train/talkshow/01_03_428,v4:kk:Train/talkshow/01_03_428,kk-piper-issai-high-v1,piper_neural_tts,piper_kk_issai_high,ISSAI_KazakhTTS2_F3,2,,succeeded,ISSAI_KazakhTTS2_F3,2,,1680764870,1,[],raw/v4/xlsr_sls_model_v4_kk_spoof_raw_v1/kk-piper-issai-high-v1/38/38672363fcec3e3954fedc5350deff81c65c0241dc17bf2cda8242b8709b4a0d.wav,9d5ec03a8a1ca1c9135addbd19a0cb3b41fdea31a63bcd67d507ebe184f53efd,6.0836281179138325,22050,local_cpu_piper,
3664,target,xlsr_sls_model_v4_kk_spoof:Train/tv_news/5f834f108e394,v4:kk:Train/tv_news/5f834f108e394,kk-piper-issai-high-v1,piper_neural_tts,piper_kk_issai_high,ISSAI_KazakhTTS_F1_Raya,3,,succeeded,ISSAI_KazakhTTS_F1_Raya,3,,749716619,1,[],raw/v4/xlsr_sls_model_v4_kk_spoof_raw_v1/kk-piper-issai-high-v1/ae/aebfd824c13192dcd1f452f363a7c63ea2b00a3122a2de36191fe310855d7109.wav,a7786d78ff6d5636f5002d51aad50ec962a40b5616b6ae478554d293e68598a6,5.2128798185941045,22050,local_cpu_piper,
3668,target,xlsr_sls_model_v4_kk_spoof:Train/radio/01_47_011,v4:kk:Train/radio/01_47_011,kk-piper-issai-high-v1,piper_neural_tts,piper_kk_issai_high,ISSAI_KazakhTTS2_F1,4,,succeeded,ISSAI_KazakhTTS2_F1,4,,500952915,1,[],raw/v4/xlsr_sls_model_v4_kk_spoof_raw_v1/kk-piper-issai-high-v1/b8/b8840d3be1a9fa22ccf83db9e481855659da9667ac1cf5d50842d3187705e3e9.wav,5d452334912c181cef1c9e65b50391389f889aa59468062af92ae7e38e95f57b,2.681904761904762,22050,local_cpu_piper,
3672,target,xlsr_sls_model_v4_kk_spoof:Train/radio/01_43_497,v4:kk:Train/radio/01_43_497,kk-piper-issai-high-v1,piper_neural_tts,piper_kk_issai_high,ISSAI_KazakhTTS2_F2,5,,succeeded,ISSAI_KazakhTTS2_F2,5,,1585511416,1,[],raw/v4/xlsr_sls_model_v4_kk_spoof_raw_v1/kk-piper-issai-high-v1/13/136a1efb33f18d2d39d179a58f9937b223dd77effa8c8ebf2fdc982e01fcb86d.wav,a34f64b5940d813c0783a20a35f4b8145e849fb2af265db2affe8f0b5e21dd7e,4.9806802721088435,22050,local_cpu_piper,
3676,target,xlsr_sls_model_v4_kk_spoof:Train/podcasts/01_01_614,v4:kk:Train/podcasts/01_01_614,kk-piper-issai-high-v1,piper_neural_tts,piper_kk_issai_high,ISSAI_KazakhTTS2_M2,,,succeeded,ISSAI_KazakhTTS2_M2,,,207428461,1,[],raw/v4/xlsr_sls_model_v4_kk_spoof_raw_v1/kk-piper-issai-high-v1/fd/fdca5b30ff3cd726ed40d1657fa93f1212427fc2c991e26c468a7717aa17760d.wav,c1fc8dfc23f6ab01e48682fa0b4e1df7578d6e97179dabc1de354b51269eac6e,4.098321995464852,22050,local_cpu_piper,
3680,target,xlsr_sls_model_v4_kk_spoof:Train/talkshow/01_22_317,v4:kk:Train/talkshow/01_22_317,kk-piper-issai-high-v1,piper_neural_tts,piper_kk_issai_high,ISSAI_KazakhTTS_M1_Iseke,1,,succeeded,ISSAI_KazakhTTS_M1_Iseke,1,,1687310315,1,[],raw/v4/xlsr_sls_model_v4_kk_spoof_raw_v1/kk-piper-issai-high-v1/7a/7a340fc7eeb03d655180df46bbb58ceb201738f3b86a4b2d28f4d391b4fe7f6f.wav,6880ac8b5f2973f8c473270e125b3af2f901b0e11b46ac8ed48468a1ffe477ab,2.36843537414966,22050,local_cpu_piper,
3684,target,xlsr_sls_model_v4_kk_spoof:Train/talkshow/01_43_323,v4:kk:Train/talkshow/01_43_323,kk-piper-issai-high-v1,piper_neural_tts,piper_kk_issai_high,ISSAI_KazakhTTS2_F3,2,,succeeded,ISSAI_KazakhTTS2_F3,2,,1215719354,1,[],raw/v4/xlsr_sls_model_v4_kk_spoof_raw_v1/kk-piper-issai-high-v1/9f/9fe6ccdca84c5fa037550cd5eb0c31e0e560932f29d2837a26eee09caa720de1.wav,a836707e3664ae11cf9d8e5e3778364c048650b2f581f6c57c838935a010e1e2,1.7298866213151927,22050,local_cpu_piper,
3688,target,xlsr_sls_model_v4_kk_spoof:Train/radio/01_76_215,v4:kk:Train/radio/01_76_215,kk-piper-issai-high-v1,piper_neural_tts,piper_kk_issai_high,ISSAI_KazakhTTS_F1_Raya,3,,succeeded,ISSAI_KazakhTTS_F1_Raya,3,,2079689971,1,[],raw/v4/xlsr_sls_model_v4_kk_spoof_raw_v1/kk-piper-issai-high-v1/14/14470500d318684583f60366435508f7c82501107402397bd5595e59ee194012.wav,7c81eaafc9ff332d51589e9395e59e7649b24fb6d4ccc2902ddfe83b19974fcb,6.03718820861678,22050,local_cpu_piper,
3692,target,xlsr_sls_model_v4_kk_spoof:Train/tv_news/5fa2e8631ea5b,v4:kk:Train/tv_news/5fa2e8631ea5b,kk-piper-issai-high-v1,piper_neural_tts,piper_kk_issai_high,ISSAI_KazakhTTS2_F1,4,,succeeded,ISSAI_KazakhTTS2_F1,4,,94658199,1,[],raw/v4/xlsr_sls_model_v4_kk_spoof_raw_v1/kk-piper-issai-high-v1/9f/9fdfbf69d6293a3b002c5296bf3d195fad8d90a331aedd8fa835e4bc0c1b2723.wav,03614198851293081f5bea2b05f4db6ee5ae85b912171a6c5a8f9a2151f9c7b8,5.688888888888889,22050,local_cpu_piper,
3696,target,xlsr_sls_model_v4_kk_spoof:Train/radio/01_37_186,v4:kk:Train/radio/01_37_186,kk-piper-issai-high-v1,piper_neural_tts,piper_kk_issai_high,ISSAI_KazakhTTS2_F2,5,,succeeded,ISSAI_KazakhTTS2_F2,5,,340697037,1,[],raw/v4/xlsr_sls_model_v4_kk_spoof_raw_v1/kk-piper-issai-high-v1/26/26016d873584eca73dadaca2c215b41ae46c6b8fd77c4593d365a6385bb18005.wav,ea60fbb0f7bb084f5fdbc67c7b4705c3d5a463137742fed48a4d5bbac4ee2e36,8.150204081632653,22050,local_cpu_piper,
3700,target,xlsr_sls_model_v4_kk_spoof:Train/talkshow/01_11_304,v4:kk:Train/talkshow/01_11_304,kk-piper-issai-high-v1,piper_neural_tts,piper_kk_issai_high,ISSAI_KazakhTTS2_M2,,,succeeded,ISSAI_KazakhTTS2_M2,,,1562568561,1,[],raw/v4/xlsr_sls_model_v4_kk_spoof_raw_v1/kk-piper-issai-high-v1/e0/e0320097f8d31472d955802d9fd41747be5b20aca603bf492144e394938a234d.wav,6e938e8c2f02e3ffa48cfa6f1aef70143d0685ed475ab5f0858a1c140dfbfa6f,1.9156462585034013,22050,local_cpu_piper,
3704,target,xlsr_sls_model_v4_kk_spoof:Train/podcasts/06_07_131,v4:kk:Train/podcasts/06_07_131,kk-piper-issai-high-v1,piper_neural_tts,piper_kk_issai_high,ISSAI_KazakhTTS_M1_Iseke,1,,succeeded,ISSAI_KazakhTTS_M1_Iseke,1,,1861059684,1,[],raw/v4/xlsr_sls_model_v4_kk_spoof_raw_v1/kk-piper-issai-high-v1/04/04920ece21cecdbdffcb3b227337553d4945252c2bb8341b0114793d5dc59592.wav,88d444ab4f2a355dfcca3d4832b2dffc836075c859920d8e99ba068e4be93554,6.176507936507937,22050,local_cpu_piper,
3708,target,xlsr_sls_model_v4_kk_spoof:Train/podcasts/03_21_13,v4:kk:Train/podcasts/03_21_13,kk-piper-issai-high-v1,piper_neural_tts,piper_kk_issai_high,ISSAI_KazakhTTS2_F3,2,,succeeded,ISSAI_KazakhTTS2_F3,2,,1381235338,1,[],raw/v4/xlsr_sls_model_v4_kk_spoof_raw_v1/kk-piper-issai-high-v1/7a/7a20085eb37136ea2e2f79b9153d1c530e46cee9dfc83dae4f6863006274a12e.wav,24be2201dd286526fbfb113dea74f2eb2b4da93e9c694593e41dfdc037192116,2.2755555555555556,22050,local_cpu_piper,
3712,target,xlsr_sls_model_v4_kk_spoof:Train/talkshow/01_59_406,v4:kk:Train/talkshow/01_59_406,kk-piper-issai-high-v1,piper_neural_tts,piper_kk_issai_high,ISSAI_KazakhTTS_F1_Raya,3,,succeeded,ISSAI_KazakhTTS_F1_Raya,3,,2064059784,1,[],raw/v4/xlsr_sls_model_v4_kk_spoof_raw_v1/kk-piper-issai-high-v1/45/45c230c3a1f5a0c1e8978a5805a9765dc895f93b9020cf5060f27709276d2db4.wav,1a639e638249badcc06c81827f1668adb84712ce5bbd4e52cbe5196240b7cb8a,1.8459863945578232,22050,local_cpu_piper,
3716,target,xlsr_sls_model_v4_kk_spoof:Train/parliament/mazhilis_24_640,v4:kk:Train/parliament/mazhilis_24_640,kk-piper-issai-high-v1,piper_neural_tts,piper_kk_issai_high,ISSAI_KazakhTTS2_F1,4,,succeeded,ISSAI_KazakhTTS2_F1,4,,2095554721,1,[],raw/v4/xlsr_sls_model_v4_kk_spoof_raw_v1/kk-piper-issai-high-v1/55/551e5e18757cda6a28bcf3c3b11732b1109a51497445c0140795768893e3fade.wav,019e48a20f00cc95fc34d18d8c7a327808aa5d1b294101ad42afe06d20a7fc30,11.366167800453514,22050,local_cpu_piper,
3720,target,xlsr_sls_model_v4_kk_spoof:Train/parliament/mazhilis_04_641,v4:kk:Train/parliament/mazhilis_04_641,kk-piper-issai-high-v1,piper_neural_tts,piper_kk_issai_high,ISSAI_KazakhTTS2_F2,5,,succeeded,ISSAI_KazakhTTS2_F2,5,,1698479625,1,[],raw/v4/xlsr_sls_model_v4_kk_spoof_raw_v1/kk-piper-issai-high-v1/f7/f717aac67dff95eb8e3730f2c015f30176e802222f620cf04851ae2e3cf0bac4.wav,31b30176e6ca52b36f5aa3382e53905a4d773f5fc1aecf95f4f02bac0eb71f09,6.176507936507937,22050,local_cpu_piper,
3724,target,xlsr_sls_model_v4_kk_spoof:Train/tv_news/5f71cfeb58b0d,v4:kk:Train/tv_news/5f71cfeb58b0d,kk-piper-issai-high-v1,piper_neural_tts,piper_kk_issai_high,ISSAI_KazakhTTS2_M2,,,succeeded,ISSAI_KazakhTTS2_M2,,,163343111,1,[],raw/v4/xlsr_sls_model_v4_kk_spoof_raw_v1/kk-piper-issai-high-v1/00/0073d1c0293fe5d914b598caef4e88f6a58359150330d4b1c6ea13be25e4e539.wav,874f8af34aac3c2fc52d639b79c622497d527f57a7c3c934b2b6876fca1b822c,6.1184580498866215,22050,local_cpu_piper,
3728,target,xlsr_sls_model_v4_kk_spoof:Train/radio/01_62_636,v4:kk:Train/radio/01_62_636,kk-piper-issai-high-v1,piper_neural_tts,piper_kk_issai_high,ISSAI_KazakhTTS_M1_Iseke,1,,succeeded,ISSAI_KazakhTTS_M1_Iseke,1,,655614450,1,[],raw/v4/xlsr_sls_model_v4_kk_spoof_raw_v1/kk-piper-issai-high-v1/a0/a0fc16a3ad01b2a332a771a42316b1af069178715f5b0db8d99b82cdedd15801.wav,9dd99b5b42845ad450cc22aba16a7aa4898fdde8a50a4c480072cc2a5457d460,4.179591836734694,22050,local_cpu_piper,
3732,target,xlsr_sls_model_v4_kk_spoof:Train/podcasts/01_07_400,v4:kk:Train/podcasts/01_07_400,kk-piper-issai-high-v1,piper_neural_tts,piper_kk_issai_high,ISSAI_KazakhTTS2_F3,2,,succeeded,ISSAI_KazakhTTS2_F3,2,,1045121844,1,[],raw/v4/xlsr_sls_model_v4_kk_spoof_raw_v1/kk-piper-issai-high-v1/ec/ec26929c4aee8980394ae6ee602516297261aa0119e6fb228a928dbc9dd0d255.wav,088953b4c8d56be5f52fcda86cdeb516441c93996b4b397ec121de14713ed80d,7.511655328798186,22050,local_cpu_piper,
3736,target,xlsr_sls_model_v4_kk_spoof:Train/talkshow/01_10_293,v4:kk:Train/talkshow/01_10_293,kk-piper-issai-high-v1,piper_neural_tts,piper_kk_issai_high,ISSAI_KazakhTTS_F1_Raya,3,,succeeded,ISSAI_KazakhTTS_F1_Raya,3,,398151193,1,[],raw/v4/xlsr_sls_model_v4_kk_spoof_raw_v1/kk-piper-issai-high-v1/76/760289b915117d0483e084aa78cbd5fdc67b4801b00c6a747902b2ba36beff43.wav,296d3130f5c8f31f4847cd983f5dbaba5e0625388169e678f06fd9191f7e7a0a,2.3103854875283445,22050,local_cpu_piper,
3740,target,xlsr_sls_model_v4_kk_spoof:Train/talkshow/01_41_247,v4:kk:Train/talkshow/01_41_247,kk-piper-issai-high-v1,piper_neural_tts,piper_kk_issai_high,ISSAI_KazakhTTS2_F1,4,,succeeded,ISSAI_KazakhTTS2_F1,4,,1374645622,1,[],raw/v4/xlsr_sls_model_v4_kk_spoof_raw_v1/kk-piper-issai-high-v1/a6/a61548c3d55fecbd5b5447e019c878bbc67ce6b828d99099ec8d739fa7ed242f.wav,32f0afb0bafab84977ef6052b92f165a3753f76954cce498f00ef28baeb1535c,7.198185941043084,22050,local_cpu_piper,
3744,target,xlsr_sls_model_v4_kk_spoof:Train/parliament/senate_11_535,v4:kk:Train/parliament/senate_11_535,kk-piper-issai-high-v1,piper_neural_tts,piper_kk_issai_high,ISSAI_KazakhTTS2_F2,5,,succeeded,ISSAI_KazakhTTS2_F2,5,,1266714103,1,[],raw/v4/xlsr_sls_model_v4_kk_spoof_raw_v1/kk-piper-issai-high-v1/25/2566c92cd3c95b570d700dafe0e58000f9be1e5360daee7c44a49d5bbd0a6492.wav,4c07d356d9b03be3b4a7f6c64b3040f43093a177b8dc4563a2a73d5fed16b6c4,3.076643990929705,22050,local_cpu_piper,
3748,target,xlsr_sls_model_v4_kk_spoof:Train/talkshow/01_75_049,v4:kk:Train/talkshow/01_75_049,kk-piper-issai-high-v1,piper_neural_tts,piper_kk_issai_high,ISSAI_KazakhTTS2_M2,,,succeeded,ISSAI_KazakhTTS2_M2,,,802339730,1,[],raw/v4/xlsr_sls_model_v4_kk_spoof_raw_v1/kk-piper-issai-high-v1/53/5308fc9e14c0cebc591a9b5848ce751b0084bd922ca64d1aa30753203f3f5a49.wav,a3cff98f4a8dfff61d3bfa11af6e8d659bd6909734f2bb0398dda57cc2bb5b6a,10.716009070294785,22050,local_cpu_piper,
3752,target,xlsr_sls_model_v4_kk_spoof:Train/parliament/mazhilis_03_732,v4:kk:Train/parliament/mazhilis_03_732,kk-piper-issai-high-v1,piper_neural_tts,piper_kk_issai_high,ISSAI_KazakhTTS_M1_Iseke,1,,succeeded,ISSAI_KazakhTTS_M1_Iseke,1,,968662571,1,[],raw/v4/xlsr_sls_model_v4_kk_spoof_raw_v1/kk-piper-issai-high-v1/cb/cb373b2ec7b16591eb155cc6ac521dfbc6c7dbb0c41a76e2741ab3af7ca91989.wav,d8d8d37556bad9552f1ccc590ce44d7023d5942fc5e765b226243cd84c74a149,9.659501133786849,22050,local_cpu_piper,
3756,target,xlsr_sls_model_v4_kk_spoof:Train/parliament/senate_05_402,v4:kk:Train/parliament/senate_05_402,kk-piper-issai-high-v1,piper_neural_tts,piper_kk_issai_high,ISSAI_KazakhTTS2_F3,2,,succeeded,ISSAI_KazakhTTS2_F3,2,,1984515203,1,[],raw/v4/xlsr_sls_model_v4_kk_spoof_raw_v1/kk-piper-issai-high-v1/96/963be6de7914f9a7ab036bb7808bf4d66ccf8e71bfbd419f8dd514d4b54baa46.wav,11d86f75fa914c48df78b75adc043ece88df037c4438572ccb3585a5c0401309,9.647891156462585,22050,local_cpu_piper,
3760,target,xlsr_sls_model_v4_kk_spoof:Train/talkshow/01_32_006,v4:kk:Train/talkshow/01_32_006,kk-piper-issai-high-v1,piper_neural_tts,piper_kk_issai_high,ISSAI_KazakhTTS_F1_Raya,3,,succeeded,ISSAI_KazakhTTS_F1_Raya,3,,601888778,1,[],raw/v4/xlsr_sls_model_v4_kk_spoof_raw_v1/kk-piper-issai-high-v1/0d/0d2e58e64c6b1020c1f1fb72817fd4dc0818c61b3175701882ea9f6af4f0d04e.wav,fb646f0d19735bec0c966866bbd2c0fff5ba2382702a0cd8c6ee4e93d86f4499,2.403265306122449,22050,local_cpu_piper,
3764,target,xlsr_sls_model_v4_kk_spoof:Train/radio/01_48_251,v4:kk:Train/radio/01_48_251,kk-piper-issai-high-v1,piper_neural_tts,piper_kk_issai_high,ISSAI_KazakhTTS2_F1,4,,succeeded,ISSAI_KazakhTTS2_F1,4,,191756710,1,[],raw/v4/xlsr_sls_model_v4_kk_spoof_raw_v1/kk-piper-issai-high-v1/76/762132127898b7e4191d5e3a84cf7442c1a420964074566b37e3e90f5e7c3cad.wav,0e7823fc91adde2ffaa3c23cbf3dd7a695928afade12d60d4af0b5c4770314cf,6.826666666666667,22050,local_cpu_piper,
3768,target,xlsr_sls_model_v4_kk_spoof:Train/talkshow/01_19_225,v4:kk:Train/talkshow/01_19_225,kk-piper-issai-high-v1,piper_neural_tts,piper_kk_issai_high,ISSAI_KazakhTTS2_F2,5,,succeeded,ISSAI_KazakhTTS2_F2,5,,1508553624,1,[],raw/v4/xlsr_sls_model_v4_kk_spoof_raw_v1/kk-piper-issai-high-v1/3b/3b44f02072ec5ac1d6fe53c6c7ad8562f23eb91b7a3df624415f3c22f6352c61.wav,1f23a7ceac7ba5106dfcfa5d58bc323a14eb37461bb6f2b1b4c78b88489d41ad,10.00780045351474,22050,local_cpu_piper,
3772,target,xlsr_sls_model_v4_kk_spoof:Train/tv_news/5f71d09ef16d8,v4:kk:Train/tv_news/5f71d09ef16d8,kk-piper-issai-high-v1,piper_neural_tts,piper_kk_issai_high,ISSAI_KazakhTTS2_M2,,,succeeded,ISSAI_KazakhTTS2_M2,,,1013556245,1,[],raw/v4/xlsr_sls_model_v4_kk_spoof_raw_v1/kk-piper-issai-high-v1/a5/a5d11d079c22342c3d03cf52480af97c9504009591afe62377016385117e0916.wav,ead6dbe86558b52ab596afc84660c87e08061cb85a8c71218cb255a8dfb63d08,1.6021768707482993,22050,local_cpu_piper,
3776,target,xlsr_sls_model_v4_kk_spoof:Train/talkshow/01_46_531,v4:kk:Train/talkshow/01_46_531,kk-piper-issai-high-v1,piper_neural_tts,piper_kk_issai_high,ISSAI_KazakhTTS_M1_Iseke,1,,succeeded,ISSAI_KazakhTTS_M1_Iseke,1,,2064843164,1,[],raw/v4/xlsr_sls_model_v4_kk_spoof_raw_v1/kk-piper-issai-high-v1/92/9293f2d3a9f932717f6e2ea9975802154de53d4453224c5d0b30a4a9c9788716.wav,7a95bcef4413ce48ef0dce5335d3e60ea3f9506a5be9dcc777a5133e85339121,4.748480725623582,22050,local_cpu_piper,
3780,target,xlsr_sls_model_v4_kk_spoof:Train/podcasts/06_04_157,v4:kk:Train/podcasts/06_04_157,kk-piper-issai-high-v1,piper_neural_tts,piper_kk_issai_high,ISSAI_KazakhTTS2_F3,2,,succeeded,ISSAI_KazakhTTS2_F3,2,,625857671,1,[],raw/v4/xlsr_sls_model_v4_kk_spoof_raw_v1/kk-piper-issai-high-v1/c7/c7c678b91ffaa5dd4afdb3abc5da62c0a868c9d0036aa244f893ee280b5c7fe9.wav,4f5bb8c0344b92873c57c22a5caff203279653d0dafdfb0576a158309a4b0206,6.989206349206349,22050,local_cpu_piper,
3784,target,xlsr_sls_model_v4_kk_spoof:Train/tv_news/5fa2e758b10f7,v4:kk:Train/tv_news/5fa2e758b10f7,kk-piper-issai-high-v1,piper_neural_tts,piper_kk_issai_high,ISSAI_KazakhTTS_F1_Raya,3,,succeeded,ISSAI_KazakhTTS_F1_Raya,3,,436001282,1,[],raw/v4/xlsr_sls_model_v4_kk_spoof_raw_v1/kk-piper-issai-high-v1/d9/d95071294e9626c454809257eb7148a9814ae072d50b0632f42e93e10d7a76ec.wav,a0a469c1a228b8c2a7f381624b86e990e62f74fc15093d0f5f2764b7e15b2c46,4.423401360544218,22050,local_cpu_piper,
3788,target,xlsr_sls_model_v4_kk_spoof:Train/talkshow/01_33_272,v4:kk:Train/talkshow/01_33_272,kk-piper-issai-high-v1,piper_neural_tts,piper_kk_issai_high,ISSAI_KazakhTTS2_F1,4,,succeeded,ISSAI_KazakhTTS2_F1,4,,716703503,1,[],raw/v4/xlsr_sls_model_v4_kk_spoof_raw_v1/kk-piper-issai-high-v1/42/42955d3682a33b51f91f4db713d0323eb912468211c18673f382a5485452ff9a.wav,5ab7d114f0f9044211941c114c4d42df1216e6dd21418a421bd8ff5005ea719d,3.947392290249433,22050,local_cpu_piper,
3792,target,xlsr_sls_model_v4_kk_spoof:Train/parliament/senate_23_157,v4:kk:Train/parliament/senate_23_157,kk-piper-issai-high-v1,piper_neural_tts,piper_kk_issai_high,ISSAI_KazakhTTS2_F2,5,,succeeded,ISSAI_KazakhTTS2_F2,5,,1318350976,1,[],raw/v4/xlsr_sls_model_v4_kk_spoof_raw_v1/kk-piper-issai-high-v1/3e/3e203f7e7201658939c92faeb209db140de82ed6c2cb906e312a9f6ee8baf5a1.wav,5d5bddd7dfb335175d5eba92e5c744880ac91f7b553602d6b64e2d456de313a0,11.00625850340136,22050,local_cpu_piper,
3796,target,xlsr_sls_model_v4_kk_spoof:Train/tv_news/5fd038201fdea,v4:kk:Train/tv_news/5fd038201fdea,kk-piper-issai-high-v1,piper_neural_tts,piper_kk_issai_high,ISSAI_KazakhTTS2_M2,,,succeeded,ISSAI_KazakhTTS2_M2,,,1653795244,1,[],raw/v4/xlsr_sls_model_v4_kk_spoof_raw_v1/kk-piper-issai-high-v1/6c/6cae5ac5677dfae647968f2e8325b9c2b06379f9a0f48f3485779c480583d148.wav,503ee042acb49130cd2cbe2ec6609514d7be852f608532d897e753bffd2c8668,4.330521541950113,22050,local_cpu_piper,
3800,target,xlsr_sls_model_v4_kk_spoof:Train/radio/01_88_290,v4:kk:Train/radio/01_88_290,kk-piper-issai-high-v1,piper_neural_tts,piper_kk_issai_high,ISSAI_KazakhTTS_M1_Iseke,1,,succeeded,ISSAI_KazakhTTS_M1_Iseke,1,,1745617667,1,[],raw/v4/xlsr_sls_model_v4_kk_spoof_raw_v1/kk-piper-issai-high-v1/21/21b3ddfdec41cd61c407ac3aa1477329252fd46cd50e5204e0bf9b5fa9a41207.wav,81a72456f1fa463468d0464139daab21a5023be6e9870f7dfae5b58f6ea206f7,4.307301587301588,22050,local_cpu_piper,
3804,target,xlsr_sls_model_v4_kk_spoof:Train/podcasts/03_46_333,v4:kk:Train/podcasts/03_46_333,kk-piper-issai-high-v1,piper_neural_tts,piper_kk_issai_high,ISSAI_KazakhTTS2_F3,2,,succeeded,ISSAI_KazakhTTS2_F3,2,,721925221,1,[],raw/v4/xlsr_sls_model_v4_kk_spoof_raw_v1/kk-piper-issai-high-v1/d8/d83feab46dfb07ea3c44ab15b48e8f36cf2b85d4f626a273529198a822fa835a.wav,317798973e6fa3913ee67d1bf6167ac5337ee58a108edcd710c8e3dd11eb8252,2.6122448979591835,22050,local_cpu_piper,
3808,target,xlsr_sls_model_v4_kk_spoof:Train/podcasts/01_03_337,v4:kk:Train/podcasts/01_03_337,kk-piper-issai-high-v1,piper_neural_tts,piper_kk_issai_high,ISSAI_KazakhTTS_F1_Raya,3,,succeeded,ISSAI_KazakhTTS_F1_Raya,3,,256010703,1,[],raw/v4/xlsr_sls_model_v4_kk_spoof_raw_v1/kk-piper-issai-high-v1/47/47a2a12a44992d6717589d590e1feaa788f4e2488058be33fc0d1f7b54b388d9.wav,3ae116418f895491c0d85ab7b945596d12752b597dfd15c16a457fea3d50d1f3,2.10140589569161,22050,local_cpu_piper,
3812,target,xlsr_sls_model_v4_kk_spoof:Train/podcasts/04_11_520,v4:kk:Train/podcasts/04_11_520,kk-piper-issai-high-v1,piper_neural_tts,piper_kk_issai_high,ISSAI_KazakhTTS2_F1,4,,succeeded,ISSAI_KazakhTTS2_F1,4,,888480864,1,[],raw/v4/xlsr_sls_model_v4_kk_spoof_raw_v1/kk-piper-issai-high-v1/85/851bfe932af3105093ccd06903bc474e3aff7bedc78301fa7fddcdf100f6be07.wav,68e30d03896233b222d5718f464265fbf0a28ada98c65e8149ba859aaf58b20f,4.493061224489796,22050,local_cpu_piper,
3816,target,xlsr_sls_model_v4_kk_spoof:Train/radio/01_49_208,v4:kk:Train/radio/01_49_208,kk-piper-issai-high-v1,piper_neural_tts,piper_kk_issai_high,ISSAI_KazakhTTS2_F2,5,,succeeded,ISSAI_KazakhTTS2_F2,5,,550833965,1,[],raw/v4/xlsr_sls_model_v4_kk_spoof_raw_v1/kk-piper-issai-high-v1/bf/bf1f2329460f57ef93a71ebdee28470c4233b9e7336123490ffecd00b32cfffb.wav,2e5e0df4835df2189bfbeba219e4058b5cbe4e03348f1884bff577b3f0846afb,5.839818594104308,22050,local_cpu_piper,
3820,target,xlsr_sls_model_v4_kk_spoof:Train/radio/01_20_214,v4:kk:Train/radio/01_20_214,kk-piper-issai-high-v1,piper_neural_tts,piper_kk_issai_high,ISSAI_KazakhTTS2_M2,,,succeeded,ISSAI_KazakhTTS2_M2,,,1196615994,1,[],raw/v4/xlsr_sls_model_v4_kk_spoof_raw_v1/kk-piper-issai-high-v1/c4/c4f32ab5ebe186c86faf30b06dc681cd83a90a512c7c2ee137261b232248f56c.wav,31e3574eb1b436967bb8490f64b105f74e5a61a7d4e4ab8d4fc44fd2a8917f1a,4.5859410430839,22050,local_cpu_piper,
3824,target,xlsr_sls_model_v4_kk_spoof:Train/talkshow/01_13_034,v4:kk:Train/talkshow/01_13_034,kk-piper-issai-high-v1,piper_neural_tts,piper_kk_issai_high,ISSAI_KazakhTTS_M1_Iseke,1,,succeeded,ISSAI_KazakhTTS_M1_Iseke,1,,388595581,1,[],raw/v4/xlsr_sls_model_v4_kk_spoof_raw_v1/kk-piper-issai-high-v1/9c/9c9fa208b5473e3c42dcff52eea0c33a96c9e1d001a2a960f4cb5ba3ef7b156d.wav,4e23333c207dfaaecdafddb24ce049ed22e47af3970231bb86c6d9f614672e21,2.6122448979591835,22050,local_cpu_piper,
3828,target,xlsr_sls_model_v4_kk_spoof:Train/talkshow/01_78_656,v4:kk:Train/talkshow/01_78_656,kk-piper-issai-high-v1,piper_neural_tts,piper_kk_issai_high,ISSAI_KazakhTTS2_F3,2,,succeeded,ISSAI_KazakhTTS2_F3,2,,1920441956,1,[],raw/v4/xlsr_sls_model_v4_kk_spoof_raw_v1/kk-piper-issai-high-v1/39/3954097d95250a0e5872c7ee74c84be94e279d8d5d34a53a6fe74ce70f0fe7b4.wav,054e000f9f18f4ba77cc7a177d4f6f39ff2cf51b20c41bf0050008ed86214390,3.5294331065759637,22050,local_cpu_piper,
3832,target,xlsr_sls_model_v4_kk_spoof:Train/radio/01_53_189,v4:kk:Train/radio/01_53_189,kk-piper-issai-high-v1,piper_neural_tts,piper_kk_issai_high,ISSAI_KazakhTTS_F1_Raya,3,,succeeded,ISSAI_KazakhTTS_F1_Raya,3,,535914293,1,[],raw/v4/xlsr_sls_model_v4_kk_spoof_raw_v1/kk-piper-issai-high-v1/01/011fc2449729fd8f34f160f5a7b3f9ca741e3ba7a6a3e640d28d5a884d63839f.wav,e96fb0ec15f435f5a4428caa530c0d0f142a209c990a1163862a3dc8d5ae189a,1.5325170068027212,22050,local_cpu_piper,
3836,target,xlsr_sls_model_v4_kk_spoof:Train/parliament/senate_05_557,v4:kk:Train/parliament/senate_05_557,kk-piper-issai-high-v1,piper_neural_tts,piper_kk_issai_high,ISSAI_KazakhTTS2_F1,4,,succeeded,ISSAI_KazakhTTS2_F1,4,,1902455874,1,[],raw/v4/xlsr_sls_model_v4_kk_spoof_raw_v1/kk-piper-issai-high-v1/0e/0e00aba504dd25b7d6d1e61e5e82fac88e5c68adc309a702bc3ac86191ad7107.wav,e226caaadaec93d9548294333c585796f2dccbe9fc328b932076652f3a250536,2.089795918367347,22050,local_cpu_piper,
3840,target,xlsr_sls_model_v4_kk_spoof:Train/podcasts/01_11_065,v4:kk:Train/podcasts/01_11_065,kk-piper-issai-high-v1,piper_neural_tts,piper_kk_issai_high,ISSAI_KazakhTTS2_F2,5,,succeeded,ISSAI_KazakhTTS2_F2,5,,663875107,1,[],raw/v4/xlsr_sls_model_v4_kk_spoof_raw_v1/kk-piper-issai-high-v1/a7/a7f8e1876758e01e5571fa474ba3a7057caa6d0e0f007bb491e341011d89b090.wav,aff9bd049815b4523a3f0f9319f56b6aef8047b06d6633de44d0d71cb79be5a6,3.1230839002267574,22050,local_cpu_piper,
3844,target,xlsr_sls_model_v4_kk_spoof:Train/parliament/mazhilis_25_220,v4:kk:Train/parliament/mazhilis_25_220,kk-piper-issai-high-v1,piper_neural_tts,piper_kk_issai_high,ISSAI_KazakhTTS2_M2,,,succeeded,ISSAI_KazakhTTS2_M2,,,1501553511,1,[],raw/v4/xlsr_sls_model_v4_kk_spoof_raw_v1/kk-piper-issai-high-v1/b9/b902d47cb208b05a317f7423e9ea4c1307d0c99514c0739a3f15d78ae21c5d43.wav,3b78820280bb92dbabb67e1388962dd03b4c9755b2f68ff806d74433e8b349b9,6.362267573696145,22050,local_cpu_piper,
3848,target,xlsr_sls_model_v4_kk_spoof:Train/talkshow/01_78_623,v4:kk:Train/talkshow/01_78_623,kk-piper-issai-high-v1,piper_neural_tts,piper_kk_issai_high,ISSAI_KazakhTTS_M1_Iseke,1,,succeeded,ISSAI_KazakhTTS_M1_Iseke,1,,696448152,1,[],raw/v4/xlsr_sls_model_v4_kk_spoof_raw_v1/kk-piper-issai-high-v1/60/60115e21736573bcecb653a3e69095f99cfea2adf60c2d6461c537b79d67322c.wav,128d307b368136a040b431f744a9661f67a5bd819a415c30a9d297dba71d81b6,9.613061224489796,22050,local_cpu_piper,
3852,target,xlsr_sls_model_v4_kk_spoof:Train/podcasts/03_26_24,v4:kk:Train/podcasts/03_26_24,kk-piper-issai-high-v1,piper_neural_tts,piper_kk_issai_high,ISSAI_KazakhTTS2_F3,2,,succeeded,ISSAI_KazakhTTS2_F3,2,,1577933373,1,[],raw/v4/xlsr_sls_model_v4_kk_spoof_raw_v1/kk-piper-issai-high-v1/ae/ae71b25ef4414684055bcbcd381c35f9ac38d8d8a7e90b2a24bcbe7d0de65bae.wav,d05dd3c60ec77409b5e264aab67036e4385e1f0f73675c88787fa385841f20a0,3.7964625850340137,22050,local_cpu_piper,
3856,target,xlsr_sls_model_v4_kk_spoof:Train/tv_news/5f834de9dd037,v4:kk:Train/tv_news/5f834de9dd037,kk-piper-issai-high-v1,piper_neural_tts,piper_kk_issai_high,ISSAI_KazakhTTS_F1_Raya,3,,succeeded,ISSAI_KazakhTTS_F1_Raya,3,,917676915,1,[],raw/v4/xlsr_sls_model_v4_kk_spoof_raw_v1/kk-piper-issai-high-v1/14/1450ced3dec981ad2cf57c6de0ee2b83063b8d3660f81963e7b928eb9c0ebdc4.wav,4ec6bee793257c2bb372f643b59cc08ea9c52fafa6ad81ab00422088c961b05b,7.790294784580499,22050,local_cpu_piper,
3860,target,xlsr_sls_model_v4_kk_spoof:Train/talkshow/01_40_404,v4:kk:Train/talkshow/01_40_404,kk-piper-issai-high-v1,piper_neural_tts,piper_kk_issai_high,ISSAI_KazakhTTS2_F1,4,,succeeded,ISSAI_KazakhTTS2_F1,4,,1891898323,1,[],raw/v4/xlsr_sls_model_v4_kk_spoof_raw_v1/kk-piper-issai-high-v1/3e/3e16260d5e7636b4f31d19c83b5196037a7432d5e826ff717418f28242c0ae90.wav,e8c91f3cc3d9e1d6f0c575239f4373d0b34101f84c01b5a08a3102dbb045ef2e,2.136235827664399,22050,local_cpu_piper,
3864,target,xlsr_sls_model_v4_kk_spoof:Train/tv_news/5f71d1976d22b,v4:kk:Train/tv_news/5f71d1976d22b,kk-piper-issai-high-v1,piper_neural_tts,piper_kk_issai_high,ISSAI_KazakhTTS2_F2,5,,succeeded,ISSAI_KazakhTTS2_F2,5,,1830151333,1,[],raw/v4/xlsr_sls_model_v4_kk_spoof_raw_v1/kk-piper-issai-high-v1/55/553a6e8e3c95ae326c5dac7727862fbc34c3eeda1954fe9e766453c184fd8be0.wav,4535f1c9b5c407e1b41e569e487af3839cf285a8654d4f64cd99df850bdff0a2,1.5325170068027212,22050,local_cpu_piper,
3868,target,xlsr_sls_model_v4_kk_spoof:Train/talkshow/01_48_249,v4:kk:Train/talkshow/01_48_249,kk-piper-issai-high-v1,piper_neural_tts,piper_kk_issai_high,ISSAI_KazakhTTS2_M2,,,succeeded,ISSAI_KazakhTTS2_M2,,,69483555,1,[],raw/v4/xlsr_sls_model_v4_kk_spoof_raw_v1/kk-piper-issai-high-v1/cb/cbdfac53af7f03976a460edceeada0fdb66a310a6b234189749bc667459d3a47.wav,e9a56296a22eb47ccce87d846750010bbfeddd34a6bec3dcff71eaabb7873741,1.811156462585034,22050,local_cpu_piper,
3872,target,xlsr_sls_model_v4_kk_spoof:Train/tv_news/5fe2a66120bfb,v4:kk:Train/tv_news/5fe2a66120bfb,kk-piper-issai-high-v1,piper_neural_tts,piper_kk_issai_high,ISSAI_KazakhTTS_M1_Iseke,1,,succeeded,ISSAI_KazakhTTS_M1_Iseke,1,,144175670,1,[],raw/v4/xlsr_sls_model_v4_kk_spoof_raw_v1/kk-piper-issai-high-v1/c0/c07a4812a3029f25da52a78a9fd06d89d1bb2434aaee1d2bcc6711318d8e95bd.wav,062b6e872cd326224edacc7d7d3d43580614dd0e8a591b627c67b8a1ebaf003a,4.96907029478458,22050,local_cpu_piper,
3876,target,xlsr_sls_model_v4_kk_spoof:Train/radio/01_61_138,v4:kk:Train/radio/01_61_138,kk-piper-issai-high-v1,piper_neural_tts,piper_kk_issai_high,ISSAI_KazakhTTS2_F3,2,,succeeded,ISSAI_KazakhTTS2_F3,2,,2061576475,1,[],raw/v4/xlsr_sls_model_v4_kk_spoof_raw_v1/kk-piper-issai-high-v1/4f/4f0c9155128cc962b4f54bb1a861a7d969cb9f37da759f0ad84df289bf5fbb97.wav,1e734b8422c260c79f3913d63bb2e37753a522871a3c5fc87e79d4658653f3b8,1.7182766439909296,22050,local_cpu_piper,
3880,target,xlsr_sls_model_v4_kk_spoof:Train/podcasts/06_08_175,v4:kk:Train/podcasts/06_08_175,kk-piper-issai-high-v1,piper_neural_tts,piper_kk_issai_high,ISSAI_KazakhTTS_F1_Raya,3,,succeeded,ISSAI_KazakhTTS_F1_Raya,3,,1602063080,1,[],raw/v4/xlsr_sls_model_v4_kk_spoof_raw_v1/kk-piper-issai-high-v1/8b/8b010ae79d19214a67d8e5deec960bd7bf9a542f37e2402cefeccded4d14b4ee.wav,781248eb124368f892c9f4d2b76973fa694d32df6aecabdbd6981ebf1762ddc4,5.38702947845805,22050,local_cpu_piper,
3884,target,xlsr_sls_model_v4_kk_spoof:Train/talkshow/01_04_410,v4:kk:Train/talkshow/01_04_410,kk-piper-issai-high-v1,piper_neural_tts,piper_kk_issai_high,ISSAI_KazakhTTS2_F1,4,,succeeded,ISSAI_KazakhTTS2_F1,4,,141488206,1,[],raw/v4/xlsr_sls_model_v4_kk_spoof_raw_v1/kk-piper-issai-high-v1/f6/f6ec332c296fc71d5c3ca27b9baec1734c219fa30b6e82eaa8835706cad4b058.wav,9f39ed052eee64957040abc418a741454ef8ea551950dd573e780e1e1fb36a57,6.130068027210885,22050,local_cpu_piper,
3888,target,xlsr_sls_model_v4_kk_spoof:Train/radio/01_92_099,v4:kk:Train/radio/01_92_099,kk-piper-issai-high-v1,piper_neural_tts,piper_kk_issai_high,ISSAI_KazakhTTS2_F2,5,,succeeded,ISSAI_KazakhTTS2_F2,5,,1182989425,1,[],raw/v4/xlsr_sls_model_v4_kk_spoof_raw_v1/kk-piper-issai-high-v1/5c/5cc1c3df939e9f2c371323724a2497b42edc86dcf8ff84bbdf4ac91efd8b22d9.wav,22c505c9fc9cc6167309975dd158dbebe4abcdbab1a61a922705f58aa00efd77,4.922630385487528,22050,local_cpu_piper,
3892,target,xlsr_sls_model_v4_kk_spoof:Train/podcasts/01_00_259,v4:kk:Train/podcasts/01_00_259,kk-piper-issai-high-v1,piper_neural_tts,piper_kk_issai_high,ISSAI_KazakhTTS2_M2,,,succeeded,ISSAI_KazakhTTS2_M2,,,721266983,1,[],raw/v4/xlsr_sls_model_v4_kk_spoof_raw_v1/kk-piper-issai-high-v1/bd/bd4eddd9dc2e1ee98d8fa834e511aee42c39db6e653bf536faec2f26990b2372.wav,50859943dbb39e9ee165322ae9615beddd3368d3f4c49d1bcb220b843b2d3267,13.931972789115646,22050,local_cpu_piper,
3896,target,xlsr_sls_model_v4_kk_spoof:Train/tv_news/5f710464cbda4,v4:kk:Train/tv_news/5f710464cbda4,kk-piper-issai-high-v1,piper_neural_tts,piper_kk_issai_high,ISSAI_KazakhTTS_M1_Iseke,1,,succeeded,ISSAI_KazakhTTS_M1_Iseke,1,,1414965073,1,[],raw/v4/xlsr_sls_model_v4_kk_spoof_raw_v1/kk-piper-issai-high-v1/11/11711cffab149833c2789abbe2629cfa6af04e2c67ca048519b5ad172256d690.wav,bb884308d50bc21dd1ef4555480e549cf6be30be32af76223b650d99b6e95fad,1.7414965986394557,22050,local_cpu_piper,
3900,target,xlsr_sls_model_v4_kk_spoof:Train/radio/01_58_549,v4:kk:Train/radio/01_58_549,kk-piper-issai-high-v1,piper_neural_tts,piper_kk_issai_high,ISSAI_KazakhTTS2_F3,2,,succeeded,ISSAI_KazakhTTS2_F3,2,,982792080,1,[],raw/v4/xlsr_sls_model_v4_kk_spoof_raw_v1/kk-piper-issai-high-v1/9e/9e80d9007b58a50a060c1b012743a69b0f2d49a088b1710597b5bbf111e3ae7b.wav,0462602b23a06c0d270b040c5827a7536d764483a24df612aba6c01c4db75b68,3.7384126984126986,22050,local_cpu_piper,
3904,target,xlsr_sls_model_v4_kk_spoof:Train/radio/01_72_053,v4:kk:Train/radio/01_72_053,kk-piper-issai-high-v1,piper_neural_tts,piper_kk_issai_high,ISSAI_KazakhTTS_F1_Raya,3,,succeeded,ISSAI_KazakhTTS_F1_Raya,3,,363464476,1,[],raw/v4/xlsr_sls_model_v4_kk_spoof_raw_v1/kk-piper-issai-high-v1/79/791cd0dab9af9dff6c9dbb470844ccf270e5f0e2ac86df399f91a12bc53bec4e.wav,8db22c92b1e39e4b32fb51f12bf236392829a9791e810860dfe41914b5ba9d0e,11.760907029478458,22050,local_cpu_piper,
3908,target,xlsr_sls_model_v4_kk_spoof:Train/parliament/senate_20_1071,v4:kk:Train/parliament/senate_20_1071,kk-piper-issai-high-v1,piper_neural_tts,piper_kk_issai_high,ISSAI_KazakhTTS2_F1,4,,succeeded,ISSAI_KazakhTTS2_F1,4,,1230323783,1,[],raw/v4/xlsr_sls_model_v4_kk_spoof_raw_v1/kk-piper-issai-high-v1/57/578acf67c420c31bdeaa99401298e28f37cd4ee058edeb4b3196d91ef24d7c03.wav,621fbefcd536c47a86d0905cba8689c9526e84af5bba9a047f55846c11aee6bf,9.079002267573696,22050,local_cpu_piper,
3912,target,xlsr_sls_model_v4_kk_spoof:Train/radio/01_23_019,v4:kk:Train/radio/01_23_019,kk-piper-issai-high-v1,piper_neural_tts,piper_kk_issai_high,ISSAI_KazakhTTS2_F2,5,,succeeded,ISSAI_KazakhTTS2_F2,5,,1164217953,1,[],raw/v4/xlsr_sls_model_v4_kk_spoof_raw_v1/kk-piper-issai-high-v1/97/976f9d303f51831132dce505a83c08096adb729ec6269e8820eb202d8e52b2ea.wav,f4e9d60aa39543aa8307b8029310c8f5262b9ac92be849db82443e58846ddb06,2.681904761904762,22050,local_cpu_piper,
3916,target,xlsr_sls_model_v4_kk_spoof:Train/parliament/mazhilis_12_012,v4:kk:Train/parliament/mazhilis_12_012,kk-piper-issai-high-v1,piper_neural_tts,piper_kk_issai_high,ISSAI_KazakhTTS2_M2,,,succeeded,ISSAI_KazakhTTS2_M2,,,1987580850,1,[],raw/v4/xlsr_sls_model_v4_kk_spoof_raw_v1/kk-piper-issai-high-v1/8d/8ddd6e009162e6197769314842e3d2d441f693b87790adc64bc598d83395f21b.wav,59a80c5d8ac9c7374aaa2805a767ff632fc9e4dd6fb67652ccbfbea6e2bace1a,9.636281179138322,22050,local_cpu_piper,
3920,target,xlsr_sls_model_v4_kk_spoof:Train/talkshow/01_71_153,v4:kk:Train/talkshow/01_71_153,kk-piper-issai-high-v1,piper_neural_tts,piper_kk_issai_high,ISSAI_KazakhTTS_M1_Iseke,1,,succeeded,ISSAI_KazakhTTS_M1_Iseke,1,,1715906246,1,[],raw/v4/xlsr_sls_model_v4_kk_spoof_raw_v1/kk-piper-issai-high-v1/ea/ea700929a5624144764ff56909e9f2cb48c8420b32534a8e8f0b6384d9a398dc.wav,31693005ab23df26abd48a4c2edb88420be39752bc6d8f90646263eade82f763,6.8034467120181406,22050,local_cpu_piper,
3924,target,xlsr_sls_model_v4_kk_spoof:Train/podcasts/05_01_051,v4:kk:Train/podcasts/05_01_051,kk-piper-issai-high-v1,piper_neural_tts,piper_kk_issai_high,ISSAI_KazakhTTS2_F3,2,,succeeded,ISSAI_KazakhTTS2_F3,2,,1954230529,1,[],raw/v4/xlsr_sls_model_v4_kk_spoof_raw_v1/kk-piper-issai-high-v1/44/44e4a9eff7fa2858a1a4d9fe10d39c8ab523bdbda7bccd81f3cdba79bc2c3355.wav,a3f7bff783959beabb10d432f3cb0420c0c39ab63bd399cfef178dfecf99a116,13.931972789115646,22050,local_cpu_piper,
3928,target,xlsr_sls_model_v4_kk_spoof:Train/tv_news/5f834eb27d4ef,v4:kk:Train/tv_news/5f834eb27d4ef,kk-piper-issai-high-v1,piper_neural_tts,piper_kk_issai_high,ISSAI_KazakhTTS_F1_Raya,3,,succeeded,ISSAI_KazakhTTS_F1_Raya,3,,1827936807,1,[],raw/v4/xlsr_sls_model_v4_kk_spoof_raw_v1/kk-piper-issai-high-v1/08/08a88a554f878ee24f52b9a4d7e11792f6bcd19723a646482ab1e53b2370565d.wav,2bcd2bc1daa2e5168d1c8ad042aef9dd14546c9238114bfa012e189bad878c81,7.244625850340136,22050,local_cpu_piper,
3932,target,xlsr_sls_model_v4_kk_spoof:Train/talkshow/01_38_459,v4:kk:Train/talkshow/01_38_459,kk-piper-issai-high-v1,piper_neural_tts,piper_kk_issai_high,ISSAI_KazakhTTS2_F1,4,,succeeded,ISSAI_KazakhTTS2_F1,4,,626666489,1,[],raw/v4/xlsr_sls_model_v4_kk_spoof_raw_v1/kk-piper-issai-high-v1/ca/ca34b71f9125e4de71a0eb7b3589cfa7bfdbdb7c1cc201a4aad7be81eedeffe4.wav,508a5e6a518fd88e52f5a9a19399974f5fb08a7899ffb5db68357f0e54afc915,6.2345578231292516,22050,local_cpu_piper,
3936,target,xlsr_sls_model_v4_kk_spoof:Train/radio/01_69_114,v4:kk:Train/radio/01_69_114,kk-piper-issai-high-v1,piper_neural_tts,piper_kk_issai_high,ISSAI_KazakhTTS2_F2,5,,succeeded,ISSAI_KazakhTTS2_F2,5,,486105701,1,[],raw/v4/xlsr_sls_model_v4_kk_spoof_raw_v1/kk-piper-issai-high-v1/c0/c0fb057b5d70af3a321735e186badc8f34edc4957067b6edd1cb2ec609c92678.wav,f74d03a27f4c93cc6e423b1d50a31bc9572492024ebca6025c4c440ed5a0bfcd,3.006984126984127,22050,local_cpu_piper,
3940,target,xlsr_sls_model_v4_kk_spoof:Train/tv_news/5f834db95f1b0,v4:kk:Train/tv_news/5f834db95f1b0,kk-piper-issai-high-v1,piper_neural_tts,piper_kk_issai_high,ISSAI_KazakhTTS2_M2,,,succeeded,ISSAI_KazakhTTS2_M2,,,261101757,1,[],raw/v4/xlsr_sls_model_v4_kk_spoof_raw_v1/kk-piper-issai-high-v1/16/16b178b62703d5615434afddf8cf0e991af4ced9728cccf193e2f3122ebdaba9.wav,c913799b80a3a77df37923123cd1572d19ceeb2aa4d1b7eb1a4348d9d50451b4,4.771700680272109,22050,local_cpu_piper,
3944,target,xlsr_sls_model_v4_kk_spoof:Train/radio/01_06_235,v4:kk:Train/radio/01_06_235,kk-piper-issai-high-v1,piper_neural_tts,piper_kk_issai_high,ISSAI_KazakhTTS_M1_Iseke,1,,succeeded,ISSAI_KazakhTTS_M1_Iseke,1,,1629049151,1,[],raw/v4/xlsr_sls_model_v4_kk_spoof_raw_v1/kk-piper-issai-high-v1/4a/4a27a66b6c71e33c46f9ca0653330950933d2a9171efe61b41ac5fb10a633527.wav,194c98c8b95647df9e026704a9a002e4378535771f14afe01730207e812e9bc0,2.8444444444444446,22050,local_cpu_piper,
3948,target,xlsr_sls_model_v4_kk_spoof:Train/podcasts/06_09_389,v4:kk:Train/podcasts/06_09_389,kk-piper-issai-high-v1,piper_neural_tts,piper_kk_issai_high,ISSAI_KazakhTTS2_F3,2,,succeeded,ISSAI_KazakhTTS2_F3,2,,1969560455,1,[],raw/v4/xlsr_sls_model_v4_kk_spoof_raw_v1/kk-piper-issai-high-v1/31/31030c2fa78c417d2b9d0508912e19d0bc2ccf4b849089e3adffbecfe51939c0.wav,5b07c89b5931fda4848a4ac63ad2499fc42d6dd13f78236599f862e23e8eb554,2.914104308390023,22050,local_cpu_piper,
3952,target,xlsr_sls_model_v4_kk_spoof:Train/parliament/senate_11_059,v4:kk:Train/parliament/senate_11_059,kk-piper-issai-high-v1,piper_neural_tts,piper_kk_issai_high,ISSAI_KazakhTTS_F1_Raya,3,,succeeded,ISSAI_KazakhTTS_F1_Raya,3,,620322403,1,[],raw/v4/xlsr_sls_model_v4_kk_spoof_raw_v1/kk-piper-issai-high-v1/94/9464f85ec685cf7cd2104b785be7cc9a2a200b2f18cd12e1ea4824130123d222.wav,7949896d34c54aba76126836332913c2199bebb5f574867e4d2a55ce2012f686,6.025578231292517,22050,local_cpu_piper,
3956,target,xlsr_sls_model_v4_kk_spoof:Train/parliament/senate_09_443,v4:kk:Train/parliament/senate_09_443,kk-piper-issai-high-v1,piper_neural_tts,piper_kk_issai_high,ISSAI_KazakhTTS2_F1,4,,succeeded,ISSAI_KazakhTTS2_F1,4,,546146642,1,[],raw/v4/xlsr_sls_model_v4_kk_spoof_raw_v1/kk-piper-issai-high-v1/80/80b7c4390c3ab9d281bc90cf077404721cb03461354f9fd82d1a19999cdfb0c5.wav,5cce49048069dec1caffaf0184bf70092706e3a806e3398e1521a97cca65f4df,11.064308390022676,22050,local_cpu_piper,
3960,target,xlsr_sls_model_v4_kk_spoof:Train/parliament/senate_08_325,v4:kk:Train/parliament/senate_08_325,kk-piper-issai-high-v1,piper_neural_tts,piper_kk_issai_high,ISSAI_KazakhTTS2_F2,5,,succeeded,ISSAI_KazakhTTS2_F2,5,,1017538364,1,[],raw/v4/xlsr_sls_model_v4_kk_spoof_raw_v1/kk-piper-issai-high-v1/a5/a57ac16d81fa490c3d629f4b0741d63e134aada558bef591543bab4f3f145f01.wav,f185aaf57c7944e74f9e7a872d828db08b3c8ad0c1d88a6cad1b62fdaee4ef53,4.2260317460317465,22050,local_cpu_piper,
3964,target,xlsr_sls_model_v4_kk_spoof:Train/talkshow/01_51_040,v4:kk:Train/talkshow/01_51_040,kk-piper-issai-high-v1,piper_neural_tts,piper_kk_issai_high,ISSAI_KazakhTTS2_M2,,,succeeded,ISSAI_KazakhTTS2_M2,,,275875503,1,[],raw/v4/xlsr_sls_model_v4_kk_spoof_raw_v1/kk-piper-issai-high-v1/3f/3f0377e594280551ec3d4b12c9366df2f41e3e9aa8784ca41f0fcda0b9097ddb.wav,e5a19484967755f7f3ceea0a9b3efb9b4adef03a6e9b146f004322d5da47f212,3.877732426303855,22050,local_cpu_piper,
3968,target,xlsr_sls_model_v4_kk_spoof:Train/radio/01_74_352,v4:kk:Train/radio/01_74_352,kk-piper-issai-high-v1,piper_neural_tts,piper_kk_issai_high,ISSAI_KazakhTTS_M1_Iseke,1,,succeeded,ISSAI_KazakhTTS_M1_Iseke,1,,1198452949,1,[],raw/v4/xlsr_sls_model_v4_kk_spoof_raw_v1/kk-piper-issai-high-v1/55/554c9a6de9351884c0cddfb0eb75cf4f270224634ddbfd56457b610fee34060b.wav,c9da6f8e51b6670b698c75bae291cf160dc578a918bf7801a33f1c75f37c382a,9.578231292517007,22050,local_cpu_piper,
3972,target,xlsr_sls_model_v4_kk_spoof:Train/radio/01_10_261,v4:kk:Train/radio/01_10_261,kk-piper-issai-high-v1,piper_neural_tts,piper_kk_issai_high,ISSAI_KazakhTTS2_F3,2,,succeeded,ISSAI_KazakhTTS2_F3,2,,569829443,1,[],raw/v4/xlsr_sls_model_v4_kk_spoof_raw_v1/kk-piper-issai-high-v1/30/30d42f9cde33f90df510d847802601bc2655b727b3d135fd8dd6e2a3374eb675.wav,a29be85ef1adfb8fccd4943d445d7a7ed2d2343490e7f4cabc1e003516c50a6c,3.0418140589569163,22050,local_cpu_piper,
3976,target,xlsr_sls_model_v4_kk_spoof:Train/radio/01_67_003,v4:kk:Train/radio/01_67_003,kk-piper-issai-high-v1,piper_neural_tts,piper_kk_issai_high,ISSAI_KazakhTTS_F1_Raya,3,,succeeded,ISSAI_KazakhTTS_F1_Raya,3,,706674727,1,[],raw/v4/xlsr_sls_model_v4_kk_spoof_raw_v1/kk-piper-issai-high-v1/fb/fb6a707fa90cd5496cb67f64b1e541c0b463ca504f1eb1463089963d5236b4ab.wav,1cf4667d85b7b0098cfda1bed81408aea47dd977703a7a0eaf726851fbb4b543,6.257777777777778,22050,local_cpu_piper,
3980,target,xlsr_sls_model_v4_kk_spoof:Train/parliament/mazhilis_04_480,v4:kk:Train/parliament/mazhilis_04_480,kk-piper-issai-high-v1,piper_neural_tts,piper_kk_issai_high,ISSAI_KazakhTTS2_F1,4,,succeeded,ISSAI_KazakhTTS2_F1,4,,929658574,1,[],raw/v4/xlsr_sls_model_v4_kk_spoof_raw_v1/kk-piper-issai-high-v1/bc/bce3aa3d3dd300b7f7f1f4a2cdf65507fcac08b846e3955bdab0b706223df946.wav,3238117b05d6a31c9eb3a3da2a78224245e493eedc91efd769e6d4dd5505847b,7.48843537414966,22050,local_cpu_piper,
3984,target,xlsr_sls_model_v4_kk_spoof:Train/podcasts/03_57_122,v4:kk:Train/podcasts/03_57_122,kk-piper-issai-high-v1,piper_neural_tts,piper_kk_issai_high,ISSAI_KazakhTTS2_F2,5,,succeeded,ISSAI_KazakhTTS2_F2,5,,949160930,1,[],raw/v4/xlsr_sls_model_v4_kk_spoof_raw_v1/kk-piper-issai-high-v1/01/01fe47187e1a6927a94d0e74fe45d8f4810b5aac5a153c93ca2bf841a6172784.wav,a975a44fdf63450b7fcb760d0da1fa6f128fc0580806677fc292480390fa7882,3.947392290249433,22050,local_cpu_piper,
3988,target,xlsr_sls_model_v4_kk_spoof:Train/talkshow/01_52_334,v4:kk:Train/talkshow/01_52_334,kk-piper-issai-high-v1,piper_neural_tts,piper_kk_issai_high,ISSAI_KazakhTTS2_M2,,,succeeded,ISSAI_KazakhTTS2_M2,,,1305582158,1,[],raw/v4/xlsr_sls_model_v4_kk_spoof_raw_v1/kk-piper-issai-high-v1/8e/8e23fd613633b595ec857e6385e5ab022bb8731bf0a2c91c6990c401858de588.wav,765e80eafcdf7bc046e2153c0cd59b44d8b3c4a44ab3b3cc58b4a008d7bb1786,2.693514739229025,22050,local_cpu_piper,
3992,target,xlsr_sls_model_v4_kk_spoof:Train/podcasts/01_00_040,v4:kk:Train/podcasts/01_00_040,kk-piper-issai-high-v1,piper_neural_tts,piper_kk_issai_high,ISSAI_KazakhTTS_M1_Iseke,1,,succeeded,ISSAI_KazakhTTS_M1_Iseke,1,,939849528,1,[],raw/v4/xlsr_sls_model_v4_kk_spoof_raw_v1/kk-piper-issai-high-v1/5e/5e4cb5b6f4b59aabdd2ac5fd6e7a8b98ad6f3ecc9b734ea66d4e381098cfbc67.wav,ec0c061b1c820739c30b6d1feeac09366e04c23782782f8cf5c8b0b4aea8fd9c,9.450521541950113,22050,local_cpu_piper,
3996,target,xlsr_sls_model_v4_kk_spoof:Train/radio/01_44_412,v4:kk:Train/radio/01_44_412,kk-piper-issai-high-v1,piper_neural_tts,piper_kk_issai_high,ISSAI_KazakhTTS2_F3,2,,succeeded,ISSAI_KazakhTTS2_F3,2,,1757149710,1,[],raw/v4/xlsr_sls_model_v4_kk_spoof_raw_v1/kk-piper-issai-high-v1/9d/9d70dab5871077dd5fbf7cc9dce714f7cef3f18776cdc0d45ce96f07094506c9.wav,543d0e0c2b629b89d41dfa88ca52c4f904c1c51a8fb700a8e2511521f7f28839,3.3436734693877552,22050,local_cpu_piper,
4000,target,xlsr_sls_model_v4_kk_spoof:Train/parliament/senate_05_063,v4:kk:Train/parliament/senate_05_063,kk-piper-issai-high-v1,piper_neural_tts,piper_kk_issai_high,ISSAI_KazakhTTS_F1_Raya,3,,succeeded,ISSAI_KazakhTTS_F1_Raya,3,,1474044361,1,[],raw/v4/xlsr_sls_model_v4_kk_spoof_raw_v1/kk-piper-issai-high-v1/5d/5d8e5c7f8357e9fc0bac2e354e6a2c7a554b4dc2545b48802e3ba0819deb3332.wav,efb4f751868dadab6ba28619b13d049740aa9b5f50bad252ce44e94a97628982,12.57360544217687,22050,local_cpu_piper,
4004,target,xlsr_sls_model_v4_kk_spoof:Train/radio/01_66_156,v4:kk:Train/radio/01_66_156,kk-piper-issai-high-v1,piper_neural_tts,piper_kk_issai_high,ISSAI_KazakhTTS2_F1,4,,succeeded,ISSAI_KazakhTTS2_F1,4,,305835752,1,[],raw/v4/xlsr_sls_model_v4_kk_spoof_raw_v1/kk-piper-issai-high-v1/5c/5c7b53ecdbec76de4b42b9f08607e7a7df044bddaae7112a31d9760bfc7f9325.wav,7960ba35faf205e74a47b3094bb88c561460203897c8a3df2fc450428aacc477,6.501587301587302,22050,local_cpu_piper,
4008,target,xlsr_sls_model_v4_kk_spoof:Train/radio/01_43_565,v4:kk:Train/radio/01_43_565,kk-piper-issai-high-v1,piper_neural_tts,piper_kk_issai_high,ISSAI_KazakhTTS2_F2,5,,succeeded,ISSAI_KazakhTTS2_F2,5,,1260517278,1,[],raw/v4/xlsr_sls_model_v4_kk_spoof_raw_v1/kk-piper-issai-high-v1/0c/0c8b632f3f9fba6709fc368122bcd26e5acfce638dc69d195fef4994004ad832.wav,41ef271564f627de2396d4b5b546626c5d3e5b5391ea83d90085a1b8ce5981c5,2.414875283446712,22050,local_cpu_piper,
4012,target,xlsr_sls_model_v4_kk_spoof:Train/parliament/senate_23_428,v4:kk:Train/parliament/senate_23_428,kk-piper-issai-high-v1,piper_neural_tts,piper_kk_issai_high,ISSAI_KazakhTTS2_M2,,,succeeded,ISSAI_KazakhTTS2_M2,,,1032230795,1,[],raw/v4/xlsr_sls_model_v4_kk_spoof_raw_v1/kk-piper-issai-high-v1/f3/f3044f8283a560458992ac0ba05ce7e18e4fb855b4b81d02be53a6a6d9649577.wav,2771455c768eca4542d7c31e3d1d263c328963736989c8870be6d03bd4ed061b,3.7500226757369615,22050,local_cpu_piper,
4016,target,xlsr_sls_model_v4_kk_spoof:Train/radio/01_51_536,v4:kk:Train/radio/01_51_536,kk-piper-issai-high-v1,piper_neural_tts,piper_kk_issai_high,ISSAI_KazakhTTS_M1_Iseke,1,,succeeded,ISSAI_KazakhTTS_M1_Iseke,1,,672908978,1,[],raw/v4/xlsr_sls_model_v4_kk_spoof_raw_v1/kk-piper-issai-high-v1/dd/ddd44b69df5598d674f66de5df5e92bcfe6ca0c67d63fe30c739c7d6a8d663c9.wav,e2333137ed50e0ec29620cf2c364e77b6457da33f7fb7f7b822028bdbbcab700,2.0317460317460316,22050,local_cpu_piper,
4020,target,xlsr_sls_model_v4_kk_spoof:Train/radio/01_34_017,v4:kk:Train/radio/01_34_017,kk-piper-issai-high-v1,piper_neural_tts,piper_kk_issai_high,ISSAI_KazakhTTS2_F3,2,,succeeded,ISSAI_KazakhTTS2_F3,2,,728525000,1,[],raw/v4/xlsr_sls_model_v4_kk_spoof_raw_v1/kk-piper-issai-high-v1/87/87cdbb4eb7c701054a853bc39d0776e9d6e42cfd6655b8aa52b072b1ef103b4f.wav,c954cb5235c005b024e52c2ddeab3f0e3686ad5d7330e89f008158888f520875,5.642448979591837,22050,local_cpu_piper,
4024,target,xlsr_sls_model_v4_kk_spoof:Train/radio/01_67_183,v4:kk:Train/radio/01_67_183,kk-piper-issai-high-v1,piper_neural_tts,piper_kk_issai_high,ISSAI_KazakhTTS_F1_Raya,3,,succeeded,ISSAI_KazakhTTS_F1_Raya,3,,157226739,1,[],raw/v4/xlsr_sls_model_v4_kk_spoof_raw_v1/kk-piper-issai-high-v1/c5/c50b8e9a347bf4541320b73d175e31946760fef285abb08754b06fdf5900fd00.wav,48baf6f358925ddcb5871ca4690e1dfb23acdba8abb9ceed92d74be652e7be07,8.533333333333333,22050,local_cpu_piper,
4028,target,xlsr_sls_model_v4_kk_spoof:Train/talkshow/01_11_363,v4:kk:Train/talkshow/01_11_363,kk-piper-issai-high-v1,piper_neural_tts,piper_kk_issai_high,ISSAI_KazakhTTS2_F1,4,,succeeded,ISSAI_KazakhTTS2_F1,4,,79822569,1,[],raw/v4/xlsr_sls_model_v4_kk_spoof_raw_v1/kk-piper-issai-high-v1/28/28efc5ef9b8e04dbe20a057bad55cc7a0732c1797fe8afbbc082a4972ad9b40d.wav,f16842393644df78ddefe35d679d9d7498be2fd6eda8ed48867bb588d07900c6,4.725260770975057,22050,local_cpu_piper,
4032,target,xlsr_sls_model_v4_kk_spoof:Train/podcasts/04_02_020,v4:kk:Train/podcasts/04_02_020,kk-piper-issai-high-v1,piper_neural_tts,piper_kk_issai_high,ISSAI_KazakhTTS2_F2,5,,succeeded,ISSAI_KazakhTTS2_F2,5,,568932105,1,[],raw/v4/xlsr_sls_model_v4_kk_spoof_raw_v1/kk-piper-issai-high-v1/bc/bc979e6770cf3bc509a034af105e678ae71c75e962912be496bb9665781952ec.wav,a219c81f3b01d1fdf35c255f02cf71ff91c7e7be6e8f58a7bfed2306f8428dc8,5.421859410430839,22050,local_cpu_piper,
4036,target,xlsr_sls_model_v4_kk_spoof:Train/podcasts/01_09_295,v4:kk:Train/podcasts/01_09_295,kk-piper-issai-high-v1,piper_neural_tts,piper_kk_issai_high,ISSAI_KazakhTTS2_M2,,,succeeded,ISSAI_KazakhTTS2_M2,,,933931100,1,[],raw/v4/xlsr_sls_model_v4_kk_spoof_raw_v1/kk-piper-issai-high-v1/71/718bd557804cc339955b9a515e00cb4462403d606e11a5afe2922f6d09f1fa56.wav,53eaf3a9d5a84dd53066b0c3d1f6c24949f4757ba5b1518eb94c472866eba16f,6.106848072562358,22050,local_cpu_piper,
4040,target,xlsr_sls_model_v4_kk_spoof:Train/podcasts/04_06_429,v4:kk:Train/podcasts/04_06_429,kk-piper-issai-high-v1,piper_neural_tts,piper_kk_issai_high,ISSAI_KazakhTTS_M1_Iseke,1,,succeeded,ISSAI_KazakhTTS_M1_Iseke,1,,1413827034,1,[],raw/v4/xlsr_sls_model_v4_kk_spoof_raw_v1/kk-piper-issai-high-v1/55/55708b5756ae28ef3fe12f0788736f34f15e50bf846c21e8358447a7301e1c88.wav,99d8f93675d2b03894177205f4b01ce231d808eff3cdc6a6674be270fe78a381,7.825124716553288,22050,local_cpu_piper,
4044,target,xlsr_sls_model_v4_kk_spoof:Train/talkshow/01_05_233,v4:kk:Train/talkshow/01_05_233,kk-piper-issai-high-v1,piper_neural_tts,piper_kk_issai_high,ISSAI_KazakhTTS2_F3,2,,succeeded,ISSAI_KazakhTTS2_F3,2,,1546837287,1,[],raw/v4/xlsr_sls_model_v4_kk_spoof_raw_v1/kk-piper-issai-high-v1/6f/6f27d1fd6eb51f1d1740b2b86e24090e2bf651e27b4f864e8c5a2fc4a5591348.wav,e50d01f0c6dd8d440d8bb4381e63ac8cd6463e3be57b8b2de2ffaab19508cf9e,6.176507936507937,22050,local_cpu_piper,
4048,target,xlsr_sls_model_v4_kk_spoof:Train/tv_news/5f7106d33f407,v4:kk:Train/tv_news/5f7106d33f407,kk-piper-issai-high-v1,piper_neural_tts,piper_kk_issai_high,ISSAI_KazakhTTS_F1_Raya,3,,succeeded,ISSAI_KazakhTTS_F1_Raya,3,,1104577865,1,[],raw/v4/xlsr_sls_model_v4_kk_spoof_raw_v1/kk-piper-issai-high-v1/ba/baf80e9c358fea09ac0f085dda95067498844342578354ed0a830898ad4ad5e8.wav,7f3daac7ec84c702cd73b0ca7511db519962d8420ff535a950bfab46fd0efcd1,5.607619047619048,22050,local_cpu_piper,
4052,target,xlsr_sls_model_v4_kk_spoof:Train/tv_news/5f7104360b03f,v4:kk:Train/tv_news/5f7104360b03f,kk-piper-issai-high-v1,piper_neural_tts,piper_kk_issai_high,ISSAI_KazakhTTS2_F1,4,,succeeded,ISSAI_KazakhTTS2_F1,4,,480545808,1,[],raw/v4/xlsr_sls_model_v4_kk_spoof_raw_v1/kk-piper-issai-high-v1/da/dada948ef2eb731b6505ae7ca5494d6d0c5326ff831d4b82a9cf09d41a4eafea.wav,b4063115e2b42da2f53cc6b420887e532e9e30b682111b8e8ed90ae94357c351,3.1695238095238096,22050,local_cpu_piper,
4056,target,xlsr_sls_model_v4_kk_spoof:Train/parliament/senate_19_141,v4:kk:Train/parliament/senate_19_141,kk-piper-issai-high-v1,piper_neural_tts,piper_kk_issai_high,ISSAI_KazakhTTS2_F2,5,,succeeded,ISSAI_KazakhTTS2_F2,5,,590715612,1,[],raw/v4/xlsr_sls_model_v4_kk_spoof_raw_v1/kk-piper-issai-high-v1/2d/2db958971c283b019b12a6a0792cd1bc643d01d39b4e6d31215d67fa889fe09f.wav,29081f994d3f64ad77f4c917b5a5e98ec4b7a6147355975ed8bdc7b05730e188,10.019410430839002,22050,local_cpu_piper,
4060,target,xlsr_sls_model_v4_kk_spoof:Train/tv_news/5fd0377658e7a,v4:kk:Train/tv_news/5fd0377658e7a,kk-piper-issai-high-v1,piper_neural_tts,piper_kk_issai_high,ISSAI_KazakhTTS2_M2,,,succeeded,ISSAI_KazakhTTS2_M2,,,1479066453,1,[],raw/v4/xlsr_sls_model_v4_kk_spoof_raw_v1/kk-piper-issai-high-v1/91/91eff16f958bc5397b53c69a9b628b6b90cbc89b0dd2a282deba083da70cd563.wav,2f175790ae573b77fae0b78188627421513d76c926136ea8222b80ac7a9047db,3.053424036281179,22050,local_cpu_piper,
4064,target,xlsr_sls_model_v4_kk_spoof:Train/talkshow/01_22_648,v4:kk:Train/talkshow/01_22_648,kk-piper-issai-high-v1,piper_neural_tts,piper_kk_issai_high,ISSAI_KazakhTTS_M1_Iseke,1,,succeeded,ISSAI_KazakhTTS_M1_Iseke,1,,1771048171,1,[],raw/v4/xlsr_sls_model_v4_kk_spoof_raw_v1/kk-piper-issai-high-v1/4f/4f77af30554d55d8b1e78d9feea41ad5e52af1731e303191f13de2e4e85680b9.wav,52f9d3b52e78d9e09a30bee4a2bcd8ee4b5bd272ac6bdd4b4e8c14553cabfb4b,6.408707482993197,22050,local_cpu_piper,
4068,target,xlsr_sls_model_v4_kk_spoof:Train/radio/01_66_202,v4:kk:Train/radio/01_66_202,kk-piper-issai-high-v1,piper_neural_tts,piper_kk_issai_high,ISSAI_KazakhTTS2_F3,2,,succeeded,ISSAI_KazakhTTS2_F3,2,,441650785,1,[],raw/v4/xlsr_sls_model_v4_kk_spoof_raw_v1/kk-piper-issai-high-v1/4c/4cc01d656466f4a8b04bc7b97c7d7fe9905407db1316c9836a0c05da79b30185.wav,32d45d37e0f0783da609cf862c5a000e990bfc37972ef57e7fe5612b75f39ca1,2.414875283446712,22050,local_cpu_piper,
4072,target,xlsr_sls_model_v4_kk_spoof:Train/talkshow/01_16_330,v4:kk:Train/talkshow/01_16_330,kk-piper-issai-high-v1,piper_neural_tts,piper_kk_issai_high,ISSAI_KazakhTTS_F1_Raya,3,,succeeded,ISSAI_KazakhTTS_F1_Raya,3,,1348050376,1,[],raw/v4/xlsr_sls_model_v4_kk_spoof_raw_v1/kk-piper-issai-high-v1/71/71289db139067f76d8cd6b699908f985cc19ba47887f31222e99994fd937a6d6.wav,3f8e8cc2d286c35c03d6742e401035d84834a864e317a7c0dc051da25ed87a0c,7.383945578231293,22050,local_cpu_piper,
4076,target,xlsr_sls_model_v4_kk_spoof:Train/tv_news/601948ccdb61d,v4:kk:Train/tv_news/601948ccdb61d,kk-piper-issai-high-v1,piper_neural_tts,piper_kk_issai_high,ISSAI_KazakhTTS2_F1,4,,succeeded,ISSAI_KazakhTTS2_F1,4,,1824547963,1,[],raw/v4/xlsr_sls_model_v4_kk_spoof_raw_v1/kk-piper-issai-high-v1/ab/ab6a32a0b64e25df85858ebf47932c47b7139d491ecf145a05e84064fceac367.wav,d3a2f465f7eab7516164979f66e5f9927edb1eab326ebb2a87fccbd5902269b5,3.93578231292517,22050,local_cpu_piper,
4080,target,xlsr_sls_model_v4_kk_spoof:Train/talkshow/01_59_245,v4:kk:Train/talkshow/01_59_245,kk-piper-issai-high-v1,piper_neural_tts,piper_kk_issai_high,ISSAI_KazakhTTS2_F2,5,,succeeded,ISSAI_KazakhTTS2_F2,5,,373925415,1,[],raw/v4/xlsr_sls_model_v4_kk_spoof_raw_v1/kk-piper-issai-high-v1/20/20f24c6aead5f32d24df7cda930d48d3727cd7abcda199d7edad337750e06bb3.wav,6a61a3e28bef0e87a06a51cb9503201b029e5cb22c7d5c2a6487476444fbbebb,4.1099319727891155,22050,local_cpu_piper,
4084,target,xlsr_sls_model_v4_kk_spoof:Train/parliament/senate_20_0764,v4:kk:Train/parliament/senate_20_0764,kk-piper-issai-high-v1,piper_neural_tts,piper_kk_issai_high,ISSAI_KazakhTTS2_M2,,,succeeded,ISSAI_KazakhTTS2_M2,,,1826044357,1,[],raw/v4/xlsr_sls_model_v4_kk_spoof_raw_v1/kk-piper-issai-high-v1/fe/fec720e8c1aed714351c82df8b6ede438f2cd68e0ea23dff4d15590c8a7de9fb.wav,ebd7e453d852b3fbaceb1b7e39b73bfcf28dbb9f394ee1d2ce2888002823b6b3,16.451337868480724,22050,local_cpu_piper,
4088,target,xlsr_sls_model_v4_kk_spoof:Train/radio/01_37_234,v4:kk:Train/radio/01_37_234,kk-piper-issai-high-v1,piper_neural_tts,piper_kk_issai_high,ISSAI_KazakhTTS_M1_Iseke,1,,succeeded,ISSAI_KazakhTTS_M1_Iseke,1,,909940565,1,[],raw/v4/xlsr_sls_model_v4_kk_spoof_raw_v1/kk-piper-issai-high-v1/6b/6bd2fef1ffa89c45d13b09f67e76d298b607906ec0fa9e87008eec4b58703e83.wav,cebafd6860185bde792eea8212113573c03603ca918351f1d0bda1ee963de868,2.043356009070295,22050,local_cpu_piper,
4092,target,xlsr_sls_model_v4_kk_spoof:Train/radio/01_88_392,v4:kk:Train/radio/01_88_392,kk-piper-issai-high-v1,piper_neural_tts,piper_kk_issai_high,ISSAI_KazakhTTS2_F3,2,,succeeded,ISSAI_KazakhTTS2_F3,2,,1972204517,1,[],raw/v4/xlsr_sls_model_v4_kk_spoof_raw_v1/kk-piper-issai-high-v1/f1/f196ca0cfa315aef9352d88d5db5bb49541776b6e09d7e18f66ecf04793dcc82.wav,93fa91f4a69893ae4d53128acbee914bc5c4874029184905fedbd0c7debfd061,9.102222222222222,22050,local_cpu_piper,
4096,target,xlsr_sls_model_v4_kk_spoof:Train/radio/01_23_337,v4:kk:Train/radio/01_23_337,kk-piper-issai-high-v1,piper_neural_tts,piper_kk_issai_high,ISSAI_KazakhTTS_F1_Raya,3,,succeeded,ISSAI_KazakhTTS_F1_Raya,3,,1072811437,1,[],raw/v4/xlsr_sls_model_v4_kk_spoof_raw_v1/kk-piper-issai-high-v1/87/87a0752c231746aa6195da90ec53937bc3ce3693d82be1e106530fe67cc51d68.wav,0f9b4700cf88a1e32b73e63e48826cb4c7a6ac9631f61b92cb9cac9fc127b14b,1.6834467120181407,22050,local_cpu_piper,
4100,target,xlsr_sls_model_v4_kk_spoof:Train/podcasts/06_07_220,v4:kk:Train/podcasts/06_07_220,kk-piper-issai-high-v1,piper_neural_tts,piper_kk_issai_high,ISSAI_KazakhTTS2_F1,4,,succeeded,ISSAI_KazakhTTS2_F1,4,,1309181436,1,[],raw/v4/xlsr_sls_model_v4_kk_spoof_raw_v1/kk-piper-issai-high-v1/a4/a4685177d1c307776141ca204af633d71955f331d34bce764a7abce8b564ce46.wav,0703c03bf32355d99a2c919292da589273eeca2752e6b30003d92e6eaa9b8da3,8.486893424036282,22050,local_cpu_piper,
4104,target,xlsr_sls_model_v4_kk_spoof:Train/podcasts/03_64_100,v4:kk:Train/podcasts/03_64_100,kk-piper-issai-high-v1,piper_neural_tts,piper_kk_issai_high,ISSAI_KazakhTTS2_F2,5,,succeeded,ISSAI_KazakhTTS2_F2,5,,970634488,1,[],raw/v4/xlsr_sls_model_v4_kk_spoof_raw_v1/kk-piper-issai-high-v1/e2/e29560efc5ce8186f538cbb4cf71410f11758cdf62679a60dfb05c1e7de4f8f7.wav,19b2cbbcdb51e87dcd7a5eef90742713f9a97f422bbce4e2ba7aa22ec5f010b0,4.272471655328798,22050,local_cpu_piper,
4108,target,xlsr_sls_model_v4_kk_spoof:Train/talkshow/01_73_265,v4:kk:Train/talkshow/01_73_265,kk-piper-issai-high-v1,piper_neural_tts,piper_kk_issai_high,ISSAI_KazakhTTS2_M2,,,succeeded,ISSAI_KazakhTTS2_M2,,,1155155615,1,[],raw/v4/xlsr_sls_model_v4_kk_spoof_raw_v1/kk-piper-issai-high-v1/c5/c5979a883fbbb8e103d3671155fad4cda013999eef7f2acee6c6b80fa9e19655.wav,43933075b4455ae362002fe9ee8353734ae6211dd6159efe9d55b4fa380202a8,8.695873015873016,22050,local_cpu_piper,
4112,target,xlsr_sls_model_v4_kk_spoof:Train/talkshow/01_20_328,v4:kk:Train/talkshow/01_20_328,kk-piper-issai-high-v1,piper_neural_tts,piper_kk_issai_high,ISSAI_KazakhTTS_M1_Iseke,1,,succeeded,ISSAI_KazakhTTS_M1_Iseke,1,,230140183,1,[],raw/v4/xlsr_sls_model_v4_kk_spoof_raw_v1/kk-piper-issai-high-v1/5a/5ab52b6fd266f4980e14d80c2e391d39dc0fd43cb3afca4be3192247946ee278.wav,c6bf3a4552270cbe525edec17937f97e1f9bf5cd7c9b1cf7940823ad6226f6a7,2.670294784580499,22050,local_cpu_piper,
4116,target,xlsr_sls_model_v4_kk_spoof:Train/talkshow/01_48_242,v4:kk:Train/talkshow/01_48_242,kk-piper-issai-high-v1,piper_neural_tts,piper_kk_issai_high,ISSAI_KazakhTTS2_F3,2,,succeeded,ISSAI_KazakhTTS2_F3,2,,532316156,1,[],raw/v4/xlsr_sls_model_v4_kk_spoof_raw_v1/kk-piper-issai-high-v1/1b/1b725b92af83a1ddfc9691ae67caefa1551f374f5a04b56e5234d827fba64cdf.wav,a7181b10da8d38e2da4a4855fa76cadd8693926cdd4c403d84e32d14af2ef4b5,6.582857142857143,22050,local_cpu_piper,
4120,target,xlsr_sls_model_v4_kk_spoof:Train/podcasts/04_06_081,v4:kk:Train/podcasts/04_06_081,kk-piper-issai-high-v1,piper_neural_tts,piper_kk_issai_high,ISSAI_KazakhTTS_F1_Raya,3,,succeeded,ISSAI_KazakhTTS_F1_Raya,3,,1936126326,1,[],raw/v4/xlsr_sls_model_v4_kk_spoof_raw_v1/kk-piper-issai-high-v1/f9/f9473c862efaa55b65b1909ddb034609dd126d2952bec7757a7ae09439ab9dda.wav,fe70e89a85b5ab1c44a0af11a8ab246eb39e374a1446ac3348261a18bf0d2cd1,5.77015873015873,22050,local_cpu_piper,
4124,target,xlsr_sls_model_v4_kk_spoof:Train/tv_news/6006d305cad15,v4:kk:Train/tv_news/6006d305cad15,kk-piper-issai-high-v1,piper_neural_tts,piper_kk_issai_high,ISSAI_KazakhTTS2_F1,4,,succeeded,ISSAI_KazakhTTS2_F1,4,,1315932256,1,[],raw/v4/xlsr_sls_model_v4_kk_spoof_raw_v1/kk-piper-issai-high-v1/3b/3b8496e16662a02b57c8b859790ac29b488ee582cff4792ca09aa189246c564e.wav,b3da9f38e8e1dc85ad1ddddd959a62030913148409a970b566bf3452cacd03b2,4.307301587301588,22050,local_cpu_piper,
4128,target,xlsr_sls_model_v4_kk_spoof:Train/tv_news/5f71d1b7d2696,v4:kk:Train/tv_news/5f71d1b7d2696,kk-piper-issai-high-v1,piper_neural_tts,piper_kk_issai_high,ISSAI_KazakhTTS2_F2,5,,succeeded,ISSAI_KazakhTTS2_F2,5,,408940999,1,[],raw/v4/xlsr_sls_model_v4_kk_spoof_raw_v1/kk-piper-issai-high-v1/b7/b74c694850a40a1b0038fa6f87b635d7a310e9dc7858464f01f1ce476c9c141b.wav,b300d356c5ec5a1ff160d378a33686337d69f835bbebbc8c7737228220a75b06,7.500045351473923,22050,local_cpu_piper,
4132,target,xlsr_sls_model_v4_kk_spoof:Train/parliament/senate_20_0697,v4:kk:Train/parliament/senate_20_0697,kk-piper-issai-high-v1,piper_neural_tts,piper_kk_issai_high,ISSAI_KazakhTTS2_M2,,,succeeded,ISSAI_KazakhTTS2_M2,,,1962263178,1,[],raw/v4/xlsr_sls_model_v4_kk_spoof_raw_v1/kk-piper-issai-high-v1/ec/ec79c0a1362de0d5fe9ed4a3c8b0546cdc3fb59346e17e0ae33d6621c2d11abd.wav,d02d394ce2899c64b02c22b08d3979008e1e27a9c0b864367ca41772575cb044,7.291065759637188,22050,local_cpu_piper,
4136,target,xlsr_sls_model_v4_kk_spoof:Train/tv_news/5fe2a719efd25,v4:kk:Train/tv_news/5fe2a719efd25,kk-piper-issai-high-v1,piper_neural_tts,piper_kk_issai_high,ISSAI_KazakhTTS_M1_Iseke,1,,succeeded,ISSAI_KazakhTTS_M1_Iseke,1,,615246856,1,[],raw/v4/xlsr_sls_model_v4_kk_spoof_raw_v1/kk-piper-issai-high-v1/7b/7bd136458ca38964a8339c4f77da60e6af470000468cd6817450098bca763a7f.wav,9caac3f178a594ea48011d1de024b5c5fff2453107a6d18926cc071b1a48b8f5,6.617687074829932,22050,local_cpu_piper,
4140,target,xlsr_sls_model_v4_kk_spoof:Train/radio/01_39_104,v4:kk:Train/radio/01_39_104,kk-piper-issai-high-v1,piper_neural_tts,piper_kk_issai_high,ISSAI_KazakhTTS2_F3,2,,succeeded,ISSAI_KazakhTTS2_F3,2,,866286906,1,[],raw/v4/xlsr_sls_model_v4_kk_spoof_raw_v1/kk-piper-issai-high-v1/d6/d6c02bf02a4a6beb16c6966f78b3e2e616d3328f56c9c739b279cdd309dee586.wav,646f89f953bd3b2138da6cb7496667e8ce96b53ceb95862f3b83ece06da12305,8.243083900226758,22050,local_cpu_piper,
4144,target,xlsr_sls_model_v4_kk_spoof:Train/tv_news/5f834ebce614a,v4:kk:Train/tv_news/5f834ebce614a,kk-piper-issai-high-v1,piper_neural_tts,piper_kk_issai_high,ISSAI_KazakhTTS_F1_Raya,3,,succeeded,ISSAI_KazakhTTS_F1_Raya,3,,1298220590,1,[],raw/v4/xlsr_sls_model_v4_kk_spoof_raw_v1/kk-piper-issai-high-v1/dc/dc44f50f42c282faae7e27bdaacd818fdc08871034070c2290a9f02d54927dbd.wav,822c668d11a452084da161897aff80a26e7cea3911172249bbb32e3bc97aae85,2.7631746031746034,22050,local_cpu_piper,
4148,target,xlsr_sls_model_v4_kk_spoof:Train/tv_news/5f7104a593a17,v4:kk:Train/tv_news/5f7104a593a17,kk-piper-issai-high-v1,piper_neural_tts,piper_kk_issai_high,ISSAI_KazakhTTS2_F1,4,,succeeded,ISSAI_KazakhTTS2_F1,4,,470626475,1,[],raw/v4/xlsr_sls_model_v4_kk_spoof_raw_v1/kk-piper-issai-high-v1/23/233be3f8a9efaa293ac70271af39fb3d2d4681462ce9b1e0d9cab5e340590734.wav,c8904ffbb9c6fcc696e081d4ead9f786f159ba861d033f980645df12bb18a279,4.620770975056689,22050,local_cpu_piper,
4152,target,xlsr_sls_model_v4_kk_spoof:Train/parliament/senate_13_028,v4:kk:Train/parliament/senate_13_028,kk-piper-issai-high-v1,piper_neural_tts,piper_kk_issai_high,ISSAI_KazakhTTS2_F2,5,,succeeded,ISSAI_KazakhTTS2_F2,5,,951812779,1,[],raw/v4/xlsr_sls_model_v4_kk_spoof_raw_v1/kk-piper-issai-high-v1/c7/c7219dba1a9ff1393df57719b41fc6dbd478f76bd081f7783b3e6d87e6883d21.wav,386433fe6ad09c4d2c3a3d386cc93f796a58a7e9eb875ff7b1594c8e6ea3439d,2.403265306122449,22050,local_cpu_piper,
4156,target,xlsr_sls_model_v4_kk_spoof:Train/talkshow/01_35_265,v4:kk:Train/talkshow/01_35_265,kk-piper-issai-high-v1,piper_neural_tts,piper_kk_issai_high,ISSAI_KazakhTTS2_M2,,,succeeded,ISSAI_KazakhTTS2_M2,,,906017352,1,[],raw/v4/xlsr_sls_model_v4_kk_spoof_raw_v1/kk-piper-issai-high-v1/07/078148962a44b63e427cf6552fedb58d026f340764234682e5f493f617c217c0.wav,0d60931ce2c69deb68f2ab8ab51beaadd08a6206c745e24e35896387b107be4c,9.206712018140589,22050,local_cpu_piper,
4160,target,xlsr_sls_model_v4_kk_spoof:Train/talkshow/01_43_457,v4:kk:Train/talkshow/01_43_457,kk-piper-issai-high-v1,piper_neural_tts,piper_kk_issai_high,ISSAI_KazakhTTS_M1_Iseke,1,,succeeded,ISSAI_KazakhTTS_M1_Iseke,1,,392848756,1,[],raw/v4/xlsr_sls_model_v4_kk_spoof_raw_v1/kk-piper-issai-high-v1/2e/2e411299237bad5087d325b7a968f3ee290f5603bffa5d58ce79a4915a4642f2.wav,4a0c16194caa6216241a47a313bb0883141c33c4300f2dbcaf8491e0ee140bc1,3.564263038548753,22050,local_cpu_piper,
4164,target,xlsr_sls_model_v4_kk_spoof:Train/radio/01_83_353,v4:kk:Train/radio/01_83_353,kk-piper-issai-high-v1,piper_neural_tts,piper_kk_issai_high,ISSAI_KazakhTTS2_F3,2,,succeeded,ISSAI_KazakhTTS2_F3,2,,273725937,1,[],raw/v4/xlsr_sls_model_v4_kk_spoof_raw_v1/kk-piper-issai-high-v1/ff/ffaa1b17ec5728a80a1fa2ee2c17b7202a0ce91dc9ae1ec178d37ab9a7d1e0a3.wav,ac2b658fb7787acd01e44561e34ce18125574eb9a13b9672bd02ef7e782a058e,3.4597732426303853,22050,local_cpu_piper,
4168,target,xlsr_sls_model_v4_kk_spoof:Train/talkshow/01_55_234,v4:kk:Train/talkshow/01_55_234,kk-piper-issai-high-v1,piper_neural_tts,piper_kk_issai_high,ISSAI_KazakhTTS_F1_Raya,3,,succeeded,ISSAI_KazakhTTS_F1_Raya,3,,451625563,1,[],raw/v4/xlsr_sls_model_v4_kk_spoof_raw_v1/kk-piper-issai-high-v1/2c/2cc9634174bcd51342900981fcb1a88f789e0c3dce413e1bf88099ae6df152e4.wav,4c88378f360fe8ac037ff2f78f5a67bd89a938ae8505dccd824f368a67240e17,4.191201814058957,22050,local_cpu_piper,
4172,target,xlsr_sls_model_v4_kk_spoof:Train/tv_news/5fd0383d92e65,v4:kk:Train/tv_news/5fd0383d92e65,kk-piper-issai-high-v1,piper_neural_tts,piper_kk_issai_high,ISSAI_KazakhTTS2_F1,4,,succeeded,ISSAI_KazakhTTS2_F1,4,,1981457233,1,[],raw/v4/xlsr_sls_model_v4_kk_spoof_raw_v1/kk-piper-issai-high-v1/93/93b28ff40d9e3e512c5a053f0fb761d4726c7e6895828a37cf54f40c13964244.wav,f33dd69526f644344474e5ed8f8b5e9f7aac12758e8cb6558123a3253ace0f99,6.513197278911565,22050,local_cpu_piper,
4176,target,xlsr_sls_model_v4_kk_spoof:Train/podcasts/04_03_177,v4:kk:Train/podcasts/04_03_177,kk-piper-issai-high-v1,piper_neural_tts,piper_kk_issai_high,ISSAI_KazakhTTS2_F2,5,,succeeded,ISSAI_KazakhTTS2_F2,5,,643673631,1,[],raw/v4/xlsr_sls_model_v4_kk_spoof_raw_v1/kk-piper-issai-high-v1/44/44c5e8d797045e8a6b6dcf81b13ff980282b2b3ab337f6155f64affaea2fca1f.wav,dce39fd9bfc8f3f59d1a00621f5198b42e791a9f2c6df8825e7aab2c2fb67d4c,4.08671201814059,22050,local_cpu_piper,
4180,target,xlsr_sls_model_v4_kk_spoof:Train/parliament/mazhilis_03_709,v4:kk:Train/parliament/mazhilis_03_709,kk-piper-issai-high-v1,piper_neural_tts,piper_kk_issai_high,ISSAI_KazakhTTS2_M2,,,succeeded,ISSAI_KazakhTTS2_M2,,,515878554,1,[],raw/v4/xlsr_sls_model_v4_kk_spoof_raw_v1/kk-piper-issai-high-v1/3d/3d69d0c6ddf313ac0f49e710310d98e4742c08da3383728a8d379b72b33f5d58.wav,de6f56126905eb7e8d3a7a98ad1a5e535ad89edc4a52b95f80ef1f49de436af1,7.616145124716553,22050,local_cpu_piper,
4184,target,xlsr_sls_model_v4_kk_spoof:Train/podcasts/01_00_073,v4:kk:Train/podcasts/01_00_073,kk-piper-issai-high-v1,piper_neural_tts,piper_kk_issai_high,ISSAI_KazakhTTS_M1_Iseke,1,,succeeded,ISSAI_KazakhTTS_M1_Iseke,1,,689983445,1,[],raw/v4/xlsr_sls_model_v4_kk_spoof_raw_v1/kk-piper-issai-high-v1/b6/b62e1132ab35b16dc0d250a6d6f4868a1ebb78ae885aa029dd95b8798db12046.wav,2ed3daa5d70cb1963ca8e789ee381aaa4d9d7049c9a62c118c2c021814dd22f0,11.749297052154194,22050,local_cpu_piper,
4188,target,xlsr_sls_model_v4_kk_spoof:Train/parliament/mazhilis_17_2_404,v4:kk:Train/parliament/mazhilis_17_2_404,kk-piper-issai-high-v1,piper_neural_tts,piper_kk_issai_high,ISSAI_KazakhTTS2_F3,2,,succeeded,ISSAI_KazakhTTS2_F3,2,,807427388,1,[],raw/v4/xlsr_sls_model_v4_kk_spoof_raw_v1/kk-piper-issai-high-v1/90/900d91dde1faf2adb42d66321f71a14f0fbb6c45009e361c062acf1db0f57866.wav,01af3d6660645c7a70717f8682a23cbe853d44aa5f905572bb029e4d695acd36,5.027120181405896,22050,local_cpu_piper,
4192,target,xlsr_sls_model_v4_kk_spoof:Train/parliament/mazhilis_24_266,v4:kk:Train/parliament/mazhilis_24_266,kk-piper-issai-high-v1,piper_neural_tts,piper_kk_issai_high,ISSAI_KazakhTTS_F1_Raya,3,,succeeded,ISSAI_KazakhTTS_F1_Raya,3,,1337416304,1,[],raw/v4/xlsr_sls_model_v4_kk_spoof_raw_v1/kk-piper-issai-high-v1/96/96bec7faf94c416622e1453f2a48cd091cb9c088482450f73cde326342cd184a.wav,fc38085714316144045de3bc6797650b54be9993af920d5b69fa4166b5a7776b,12.538775510204081,22050,local_cpu_piper,
4196,target,xlsr_sls_model_v4_kk_spoof:Train/podcasts/04_05_392,v4:kk:Train/podcasts/04_05_392,kk-piper-issai-high-v1,piper_neural_tts,piper_kk_issai_high,ISSAI_KazakhTTS2_F1,4,,succeeded,ISSAI_KazakhTTS2_F1,4,,1717781566,1,[],raw/v4/xlsr_sls_model_v4_kk_spoof_raw_v1/kk-piper-issai-high-v1/64/643ff22d33109d4fad700d6f321ab5b4d32e7ba772841e19e51578df12c85bee.wav,8a1275fa1dae61fbfc8c0624068d8213b56759668bde32ef4a4d9f47550540a0,2.995374149659864,22050,local_cpu_piper,
4200,target,xlsr_sls_model_v4_kk_spoof:Train/talkshow/01_04_384,v4:kk:Train/talkshow/01_04_384,kk-piper-issai-high-v1,piper_neural_tts,piper_kk_issai_high,ISSAI_KazakhTTS2_F2,5,,succeeded,ISSAI_KazakhTTS2_F2,5,,1380811890,1,[],raw/v4/xlsr_sls_model_v4_kk_spoof_raw_v1/kk-piper-issai-high-v1/ec/ec94aff2cdc01c4ce08c4f81600424fb5478f1d34304002392e0fb5453cdd837.wav,e8dcfddb3d997567b7485e331293da5e2c097fa377a749498df18449ee09869a,8.40562358276644,22050,local_cpu_piper,
4204,target,xlsr_sls_model_v4_kk_spoof:Train/radio/01_83_044,v4:kk:Train/radio/01_83_044,kk-piper-issai-high-v1,piper_neural_tts,piper_kk_issai_high,ISSAI_KazakhTTS2_M2,,,succeeded,ISSAI_KazakhTTS2_M2,,,1655894108,1,[],raw/v4/xlsr_sls_model_v4_kk_spoof_raw_v1/kk-piper-issai-high-v1/1a/1a1cad3bd479183d177057070041fd0f2aa1104cb06a7a20676cc8313ae46b3d.wav,22f7b2c7f93b7e4a3519a7f48ce07089abfca3d4bb320abec5d7e2c954b21a0c,3.645532879818594,22050,local_cpu_piper,
4208,target,xlsr_sls_model_v4_kk_spoof:Train/podcasts/03_54_048,v4:kk:Train/podcasts/03_54_048,kk-piper-issai-high-v1,piper_neural_tts,piper_kk_issai_high,ISSAI_KazakhTTS_M1_Iseke,1,,succeeded,ISSAI_KazakhTTS_M1_Iseke,1,,1363022651,1,[],raw/v4/xlsr_sls_model_v4_kk_spoof_raw_v1/kk-piper-issai-high-v1/b1/b1383d32cb17e6e78a8f02d6519ebed352715c5812da24127af72a79ab427f2d.wav,db160bfec3ca92f04f8477afb896bf6b9912b4b57fdfa2c9e76a32580767dce3,4.121541950113379,22050,local_cpu_piper,
4212,target,xlsr_sls_model_v4_kk_spoof:Train/parliament/mazhilis_24_440,v4:kk:Train/parliament/mazhilis_24_440,kk-piper-issai-high-v1,piper_neural_tts,piper_kk_issai_high,ISSAI_KazakhTTS2_F3,2,,succeeded,ISSAI_KazakhTTS2_F3,2,,1623020857,1,[],raw/v4/xlsr_sls_model_v4_kk_spoof_raw_v1/kk-piper-issai-high-v1/c1/c1456ccdd64f4a70c57b5a9ee4c7943208ad2a2b16f6ddfe269e41140c06d8ea.wav,0562903b0fe014c683ec2e5823b2d9ef5f2b3db0782defd2e881306d3e3d8049,10.541859410430838,22050,local_cpu_piper,
4216,target,xlsr_sls_model_v4_kk_spoof:Train/talkshow/01_53_558,v4:kk:Train/talkshow/01_53_558,kk-piper-issai-high-v1,piper_neural_tts,piper_kk_issai_high,ISSAI_KazakhTTS_F1_Raya,3,,succeeded,ISSAI_KazakhTTS_F1_Raya,3,,1007663173,1,[],raw/v4/xlsr_sls_model_v4_kk_spoof_raw_v1/kk-piper-issai-high-v1/0a/0a5631c5e11a865587c2d7b5c9497f152275627966056132759b47c1b3341e6a.wav,4db78c7204e51a2c5e6bffc3a1e2a54bddfac5b3fb6544e2bc83be954464b20e,7.558095238095238,22050,local_cpu_piper,
4220,target,xlsr_sls_model_v4_kk_spoof:Train/radio/01_11_141,v4:kk:Train/radio/01_11_141,kk-piper-issai-high-v1,piper_neural_tts,piper_kk_issai_high,ISSAI_KazakhTTS2_F1,4,,succeeded,ISSAI_KazakhTTS2_F1,4,,1733679999,1,[],raw/v4/xlsr_sls_model_v4_kk_spoof_raw_v1/kk-piper-issai-high-v1/61/615e762e4d4beffaefc3b12f65830a0ae4af3fa0051db40de598e8f7ba840ccc.wav,d26280ab2d0ba579fe50fcb4da731770e17636ed4a8bf30ba71c35aa70df75ef,3.8312925170068026,22050,local_cpu_piper,
4224,target,xlsr_sls_model_v4_kk_spoof:Train/parliament/senate_20_0136,v4:kk:Train/parliament/senate_20_0136,kk-piper-issai-high-v1,piper_neural_tts,piper_kk_issai_high,ISSAI_KazakhTTS2_F2,5,,succeeded,ISSAI_KazakhTTS2_F2,5,,648181038,1,[],raw/v4/xlsr_sls_model_v4_kk_spoof_raw_v1/kk-piper-issai-high-v1/67/67b10207660c7ad947a80b65e3e8e0bfefcdfd69f6650a0f1f3e603f54276d41.wav,b4ac95ad9c58a8934e930ab739d2abc72f3ddece2817c2737c14bb673930db5c,7.2562358276643995,22050,local_cpu_piper,
4228,target,xlsr_sls_model_v4_kk_spoof:Train/tv_news/5f71d1ce93116,v4:kk:Train/tv_news/5f71d1ce93116,kk-piper-issai-high-v1,piper_neural_tts,piper_kk_issai_high,ISSAI_KazakhTTS2_M2,,,succeeded,ISSAI_KazakhTTS2_M2,,,108891736,1,[],raw/v4/xlsr_sls_model_v4_kk_spoof_raw_v1/kk-piper-issai-high-v1/e7/e72293abfd627908456e1211dfccb9d95638161af79d47e4e8163aff7c91f1e7.wav,5b2dad04e828986f2f542dd1198da76313541a19e317114a93638ee2425c545e,2.5541950113378684,22050,local_cpu_piper,
4232,target,xlsr_sls_model_v4_kk_spoof:Train/parliament/senate_23_163,v4:kk:Train/parliament/senate_23_163,kk-piper-issai-high-v1,piper_neural_tts,piper_kk_issai_high,ISSAI_KazakhTTS_M1_Iseke,1,,succeeded,ISSAI_KazakhTTS_M1_Iseke,1,,1618721238,1,[],raw/v4/xlsr_sls_model_v4_kk_spoof_raw_v1/kk-piper-issai-high-v1/6d/6d0ab8ae46f03723e60bd76f9333570bc7f5dc7991abd2ea31aeb6f8a932794d.wav,02bf89a8a2d8f9d3925c8ec902bd572bba36cfd6e2cbf2b8dfaa5031652766fd,14.698231292517006,22050,local_cpu_piper,
4236,target,xlsr_sls_model_v4_kk_spoof:Train/parliament/mazhilis_14_059,v4:kk:Train/parliament/mazhilis_14_059,kk-piper-issai-high-v1,piper_neural_tts,piper_kk_issai_high,ISSAI_KazakhTTS2_F3,2,,succeeded,ISSAI_KazakhTTS2_F3,2,,1287297727,1,[],raw/v4/xlsr_sls_model_v4_kk_spoof_raw_v1/kk-piper-issai-high-v1/8b/8b09d2b5c22ab7a419bfd151f0ac190e7ef9309f11ed71f51c1289435c633fd9.wav,0904081a4bea7bed5b3f2ebffd9dec760b9074a82942acaa7d9bb0391fe34bd1,11.95827664399093,22050,local_cpu_piper,
4240,target,xlsr_sls_model_v4_kk_spoof:Train/podcasts/01_02_559,v4:kk:Train/podcasts/01_02_559,kk-piper-issai-high-v1,piper_neural_tts,piper_kk_issai_high,ISSAI_KazakhTTS_F1_Raya,3,,succeeded,ISSAI_KazakhTTS_F1_Raya,3,,1469719220,1,[],raw/v4/xlsr_sls_model_v4_kk_spoof_raw_v1/kk-piper-issai-high-v1/59/59f39e2d46181a40eb4f39174a722552d62ee3fa2e62461b7282d538cfac98dc.wav,63404da3a22eaaa06bdb5e97d349890c1e59eb30b19c12ba537d2c3a88a73d98,5.584399092970521,22050,local_cpu_piper,
4244,target,xlsr_sls_model_v4_kk_spoof:Train/podcasts/04_09_847,v4:kk:Train/podcasts/04_09_847,kk-piper-issai-high-v1,piper_neural_tts,piper_kk_issai_high,ISSAI_KazakhTTS2_F1,4,,succeeded,ISSAI_KazakhTTS2_F1,4,,402691781,1,[],raw/v4/xlsr_sls_model_v4_kk_spoof_raw_v1/kk-piper-issai-high-v1/dd/dd78a570353af7a71754f90c381158de852fed2c888fd2e33973699464cafc11.wav,b3819647c2aa13f77c03d636fa0e8a94bf30a3a67bded300d6a1a4695d9bbe1a,5.294149659863946,22050,local_cpu_piper,
4248,target,xlsr_sls_model_v4_kk_spoof:Train/radio/01_10_018,v4:kk:Train/radio/01_10_018,kk-piper-issai-high-v1,piper_neural_tts,piper_kk_issai_high,ISSAI_KazakhTTS2_F2,5,,succeeded,ISSAI_KazakhTTS2_F2,5,,511729157,1,[],raw/v4/xlsr_sls_model_v4_kk_spoof_raw_v1/kk-piper-issai-high-v1/ef/ef782327b86d87c2f7869cd9a580840c50a5143be71e59191e74996e9c560be7.wav,e2f34ccffc4cfc76f0417206a427e2243f688e1dbc0c591c2a903b17fcfc3c0c,6.2345578231292516,22050,local_cpu_piper,
4252,target,xlsr_sls_model_v4_kk_spoof:Train/parliament/senate_12_519,v4:kk:Train/parliament/senate_12_519,kk-piper-issai-high-v1,piper_neural_tts,piper_kk_issai_high,ISSAI_KazakhTTS2_M2,,,succeeded,ISSAI_KazakhTTS2_M2,,,220769174,1,[],raw/v4/xlsr_sls_model_v4_kk_spoof_raw_v1/kk-piper-issai-high-v1/66/668d49b1e13cb78d14ce1bbc7fd85633dde4d3b2d2306046f785d7dd9f5073fb.wav,5f3e04ffeff8f23f6c10302bd3d66d449e40d9a2aa45d6e8b790192233269c1f,8.811972789115647,22050,local_cpu_piper,
4256,target,xlsr_sls_model_v4_kk_spoof:Train/podcasts/03_07_51,v4:kk:Train/podcasts/03_07_51,kk-piper-issai-high-v1,piper_neural_tts,piper_kk_issai_high,ISSAI_KazakhTTS_M1_Iseke,1,,succeeded,ISSAI_KazakhTTS_M1_Iseke,1,,193454247,1,[],raw/v4/xlsr_sls_model_v4_kk_spoof_raw_v1/kk-piper-issai-high-v1/59/59b051176ceaa6d119db2f3436bf164fed170100d29e4f65c470e3b1ec7250ba.wav,ac76a39a8a970d35903892570370b2bc192722341b95d4c77a99f873f35afd7f,3.3901133786848074,22050,local_cpu_piper,
4260,target,xlsr_sls_model_v4_kk_spoof:Train/radio/01_06_202,v4:kk:Train/radio/01_06_202,kk-piper-issai-high-v1,piper_neural_tts,piper_kk_issai_high,ISSAI_KazakhTTS2_F3,2,,succeeded,ISSAI_KazakhTTS2_F3,2,,876413,1,[],raw/v4/xlsr_sls_model_v4_kk_spoof_raw_v1/kk-piper-issai-high-v1/36/3656e3e3251c4e4cfdb3121ff5e1d0c2fa4c393166107e47a93c1a38b137e171.wav,2dca3f8583b0d6c4f114142e0511f665377df992d9a969ee3dba8af2d7a2b806,2.2291156462585033,22050,local_cpu_piper,
4264,target,xlsr_sls_model_v4_kk_spoof:Train/talkshow/01_60_363,v4:kk:Train/talkshow/01_60_363,kk-piper-issai-high-v1,piper_neural_tts,piper_kk_issai_high,ISSAI_KazakhTTS_F1_Raya,3,,succeeded,ISSAI_KazakhTTS_F1_Raya,3,,1553635050,1,[],raw/v4/xlsr_sls_model_v4_kk_spoof_raw_v1/kk-piper-issai-high-v1/95/9597ccae200fa7081e4fe714e339015b8830e5a5158594bfa19eca6cf4a6fd2d.wav,9caff79143e976fb7e7bf6629770d09c2467ec63fad491eecfa5db47d9f67776,2.3103854875283445,22050,local_cpu_piper,
4268,target,xlsr_sls_model_v4_kk_spoof:Train/parliament/senate_15_141,v4:kk:Train/parliament/senate_15_141,kk-piper-issai-high-v1,piper_neural_tts,piper_kk_issai_high,ISSAI_KazakhTTS2_F1,4,,succeeded,ISSAI_KazakhTTS2_F1,4,,2116723492,1,[],raw/v4/xlsr_sls_model_v4_kk_spoof_raw_v1/kk-piper-issai-high-v1/69/691b25db1b48b74a6148ee96d91bfc53d11272a061e7d548ba00447e32ed9e8e.wav,485976b75766bf3478b4efe66eded6c307948ebbb2ac4271cb7be3d056f06c26,1.9853061224489796,22050,local_cpu_piper,
4272,target,xlsr_sls_model_v4_kk_spoof:Train/parliament/mazhilis_03_241,v4:kk:Train/parliament/mazhilis_03_241,kk-piper-issai-high-v1,piper_neural_tts,piper_kk_issai_high,ISSAI_KazakhTTS2_F2,5,,succeeded,ISSAI_KazakhTTS2_F2,5,,754657031,1,[],raw/v4/xlsr_sls_model_v4_kk_spoof_raw_v1/kk-piper-issai-high-v1/62/6242eb6a80ab8d96a1c7442dce2e65ae2a2f344ad98abf36434dbe1c70cc3e58.wav,35a67db2c0649bce1c05210acd26276900a276c90de4f3f25ec98582b921fb14,12.57360544217687,22050,local_cpu_piper,
4276,target,xlsr_sls_model_v4_kk_spoof:Train/talkshow/01_71_313,v4:kk:Train/talkshow/01_71_313,kk-piper-issai-high-v1,piper_neural_tts,piper_kk_issai_high,ISSAI_KazakhTTS2_M2,,,succeeded,ISSAI_KazakhTTS2_M2,,,2120068593,1,[],raw/v4/xlsr_sls_model_v4_kk_spoof_raw_v1/kk-piper-issai-high-v1/7d/7d9c43264dc4b158bdf607a0bf8d0cba88323a69acf010b97ebbc3cbb4998857.wav,158f9cf54508c8d17a522e563927c4e7e66cc2aae1d480aea2c7e0dcc73ea8e6,5.154829931972789,22050,local_cpu_piper,
4280,target,xlsr_sls_model_v4_kk_spoof:Train/talkshow/01_48_381,v4:kk:Train/talkshow/01_48_381,kk-piper-issai-high-v1,piper_neural_tts,piper_kk_issai_high,ISSAI_KazakhTTS_M1_Iseke,1,,succeeded,ISSAI_KazakhTTS_M1_Iseke,1,,1015219506,1,[],raw/v4/xlsr_sls_model_v4_kk_spoof_raw_v1/kk-piper-issai-high-v1/53/53a1fee4d6deaa8290dd2710db7db9dacac123a5860c50c64a42c7ee202828c2.wav,2f3208f4444d152332460415a55bbe2b2eb5f004ab4455348aa28bbc89f9f0cf,5.38702947845805,22050,local_cpu_piper,
4284,target,xlsr_sls_model_v4_kk_spoof:Train/talkshow/01_37_392,v4:kk:Train/talkshow/01_37_392,kk-piper-issai-high-v1,piper_neural_tts,piper_kk_issai_high,ISSAI_KazakhTTS2_F3,2,,succeeded,ISSAI_KazakhTTS2_F3,2,,831987620,1,[],raw/v4/xlsr_sls_model_v4_kk_spoof_raw_v1/kk-piper-issai-high-v1/49/4983dbb34815393153efe00173578ba82949300d941bf771dece3b3a79d84793.wav,8c7d363a17059e706b6d595a7e714998f23df5a1114fb0348e97418684676c00,2.10140589569161,22050,local_cpu_piper,
4288,target,xlsr_sls_model_v4_kk_spoof:Train/tv_news/5fd038169ff98,v4:kk:Train/tv_news/5fd038169ff98,kk-piper-issai-high-v1,piper_neural_tts,piper_kk_issai_high,ISSAI_KazakhTTS_F1_Raya,3,,succeeded,ISSAI_KazakhTTS_F1_Raya,3,,2065576904,1,[],raw/v4/xlsr_sls_model_v4_kk_spoof_raw_v1/kk-piper-issai-high-v1/d4/d4275ab87d19ad5d8f361de90c0c7d274e0d7450dd03d54d22f51e784da7e2cf.wav,25f3ae9077e0db4fbc66df5ebcdeceb3226b8d3d656c58098b383e17b885a21a,2.716734693877551,22050,local_cpu_piper,
4292,target,xlsr_sls_model_v4_kk_spoof:Train/tv_news/5fa2e821a2c7e,v4:kk:Train/tv_news/5fa2e821a2c7e,kk-piper-issai-high-v1,piper_neural_tts,piper_kk_issai_high,ISSAI_KazakhTTS2_F1,4,,succeeded,ISSAI_KazakhTTS2_F1,4,,1351951687,1,[],raw/v4/xlsr_sls_model_v4_kk_spoof_raw_v1/kk-piper-issai-high-v1/b3/b35cd333b4cf6f08071485d81824c8f5ff09a46b1168a48059c57081a2f72e96.wav,7ed270f6d4d8db1562f23deb74479e3efd88e8b9a179226295ec0be647fd9771,3.541043083900227,22050,local_cpu_piper,
4296,target,xlsr_sls_model_v4_kk_spoof:Train/tv_news/5f7106048498c,v4:kk:Train/tv_news/5f7106048498c,kk-piper-issai-high-v1,piper_neural_tts,piper_kk_issai_high,ISSAI_KazakhTTS2_F2,5,,succeeded,ISSAI_KazakhTTS2_F2,5,,1871038602,1,[],raw/v4/xlsr_sls_model_v4_kk_spoof_raw_v1/kk-piper-issai-high-v1/b7/b79386f39c58eac337bb15d9340d3d1d63b4dcabc2e1601ee49116f1aa5c49ae.wav,1d583ec4075c87701ba16275284d671d69468479837cc89cb76305fdecda3968,4.040272108843538,22050,local_cpu_piper,
4300,target,xlsr_sls_model_v4_kk_spoof:Train/radio/01_75_200,v4:kk:Train/radio/01_75_200,kk-piper-issai-high-v1,piper_neural_tts,piper_kk_issai_high,ISSAI_KazakhTTS2_M2,,,succeeded,ISSAI_KazakhTTS2_M2,,,1821117892,1,[],raw/v4/xlsr_sls_model_v4_kk_spoof_raw_v1/kk-piper-issai-high-v1/d7/d742ab2ec2808a749bbfd087ce9ae40719a60a582cf52b1a3f03e09979ed9120.wav,8b9c5ccd12241d17a0a8022e575d531854cf824c05e4f5f7b039f260b95faf66,9.195102040816327,22050,local_cpu_piper,
4304,target,xlsr_sls_model_v4_kk_spoof:Train/radio/01_10_095,v4:kk:Train/radio/01_10_095,kk-piper-issai-high-v1,piper_neural_tts,piper_kk_issai_high,ISSAI_KazakhTTS_M1_Iseke,1,,succeeded,ISSAI_KazakhTTS_M1_Iseke,1,,1350106678,1,[],raw/v4/xlsr_sls_model_v4_kk_spoof_raw_v1/kk-piper-issai-high-v1/15/156104eb15c4f7b05975afdeaf1b60828fb19943800c84c6b9494f9b16d05df8.wav,b8d32f3741149799e2ffd85b71a25cd3d4b90082b4ad3c12ca300b093b358c17,4.806530612244898,22050,local_cpu_piper,
4308,target,xlsr_sls_model_v4_kk_spoof:Train/podcasts/01_04_303,v4:kk:Train/podcasts/01_04_303,kk-piper-issai-high-v1,piper_neural_tts,piper_kk_issai_high,ISSAI_KazakhTTS2_F3,2,,succeeded,ISSAI_KazakhTTS2_F3,2,,644703950,1,[],raw/v4/xlsr_sls_model_v4_kk_spoof_raw_v1/kk-piper-issai-high-v1/a0/a09f18d51e2db9fcd3674963b04f632eb9bbcdc83b9dec1ea352d1c2b172f1fd.wav,89c757427c7bdc9c3cc40183dc15291fb00edd3d8f9913202413af84ee23f03d,5.479909297052155,22050,local_cpu_piper,
4312,target,xlsr_sls_model_v4_kk_spoof:Train/radio/01_40_015,v4:kk:Train/radio/01_40_015,kk-piper-issai-high-v1,piper_neural_tts,piper_kk_issai_high,ISSAI_KazakhTTS_F1_Raya,3,,succeeded,ISSAI_KazakhTTS_F1_Raya,3,,631665158,1,[],raw/v4/xlsr_sls_model_v4_kk_spoof_raw_v1/kk-piper-issai-high-v1/8f/8f25de11ac8d894e6e116c03feb83315e541bc9a5ec037907ca18613f6943519.wav,3b5fe52e07e5d531b7ffaaecfa25f7be511abcd2fbc6d5046084456d35ef4124,5.328979591836735,22050,local_cpu_piper,
4316,target,xlsr_sls_model_v4_kk_spoof:Train/parliament/senate_13_641,v4:kk:Train/parliament/senate_13_641,kk-piper-issai-high-v1,piper_neural_tts,piper_kk_issai_high,ISSAI_KazakhTTS2_F1,4,,succeeded,ISSAI_KazakhTTS2_F1,4,,156339184,1,[],raw/v4/xlsr_sls_model_v4_kk_spoof_raw_v1/kk-piper-issai-high-v1/47/472cc185e3f74d867dccbadf7ec06dba265c9b766f7d109325335b8fba81e645.wav,fbb07a9694088469afffeeaac2c86c3de393b6f732b149075197c76c53003e03,10.47219954648526,22050,local_cpu_piper,
4320,target,xlsr_sls_model_v4_kk_spoof:Train/parliament/senate_14_135,v4:kk:Train/parliament/senate_14_135,kk-piper-issai-high-v1,piper_neural_tts,piper_kk_issai_high,ISSAI_KazakhTTS2_F2,5,,succeeded,ISSAI_KazakhTTS2_F2,5,,894603839,1,[],raw/v4/xlsr_sls_model_v4_kk_spoof_raw_v1/kk-piper-issai-high-v1/19/1967c04a40b00b8f08869f155e6a4b7e9094f9052be652d85eee64efa93f3f16.wav,2f7711f0b8725f38f014733cdcfdded27e17c847ebc8b370dea0187d48e448da,3.5874829931972787,22050,local_cpu_piper,
4324,target,xlsr_sls_model_v4_kk_spoof:Train/talkshow/01_71_016,v4:kk:Train/talkshow/01_71_016,kk-piper-issai-high-v1,piper_neural_tts,piper_kk_issai_high,ISSAI_KazakhTTS2_M2,,,succeeded,ISSAI_KazakhTTS2_M2,,,459374990,1,[],raw/v4/xlsr_sls_model_v4_kk_spoof_raw_v1/kk-piper-issai-high-v1/1f/1fb02d8a8376e3e574eddc624993d345cd1ce29189795f8185080392acb70d9b.wav,b4020f18eb45e89dfad7c7fab46b5bbe57ee6e9569b460e56c086ca7d3b18b91,6.397097505668934,22050,local_cpu_piper,
4328,target,xlsr_sls_model_v4_kk_spoof:Train/radio/01_35_204,v4:kk:Train/radio/01_35_204,kk-piper-issai-high-v1,piper_neural_tts,piper_kk_issai_high,ISSAI_KazakhTTS_M1_Iseke,1,,succeeded,ISSAI_KazakhTTS_M1_Iseke,1,,2112808918,1,[],raw/v4/xlsr_sls_model_v4_kk_spoof_raw_v1/kk-piper-issai-high-v1/b4/b4481971cc13b6356fb1512389f598799c6be7e5042b0de0f99cd7db937aa432.wav,3a7b0e589d1d0cd9fbcee069c16e448c487a3262684716db423708defd8468c0,3.7616326530612243,22050,local_cpu_piper,
4332,target,xlsr_sls_model_v4_kk_spoof:Train/radio/01_60_627,v4:kk:Train/radio/01_60_627,kk-piper-issai-high-v1,piper_neural_tts,piper_kk_issai_high,ISSAI_KazakhTTS2_F3,2,,succeeded,ISSAI_KazakhTTS2_F3,2,,650062925,1,[],raw/v4/xlsr_sls_model_v4_kk_spoof_raw_v1/kk-piper-issai-high-v1/f8/f8aac44b1ca00a9d4ca6f7e25a6a07f30ca90021f35d481bb55be1a6322478c5.wav,82258634ef8babba09c9503664a72838065dc269c2f85a098e14afaa90a2790d,9.369251700680271,22050,local_cpu_piper,
4336,target,xlsr_sls_model_v4_kk_spoof:Train/parliament/senate_12_081,v4:kk:Train/parliament/senate_12_081,kk-piper-issai-high-v1,piper_neural_tts,piper_kk_issai_high,ISSAI_KazakhTTS_F1_Raya,3,,succeeded,ISSAI_KazakhTTS_F1_Raya,3,,695894515,1,[],raw/v4/xlsr_sls_model_v4_kk_spoof_raw_v1/kk-piper-issai-high-v1/9d/9d9f97bb41ff0e690f46a61ba5f3e922b1853b84d03dfa1f2f287f65b98c51d0.wav,4f9183f5ea22c313db712405f3e042905d165e8a9c7e15eb7c904fe4e540f9b0,9.392471655328798,22050,local_cpu_piper,
4340,target,xlsr_sls_model_v4_kk_spoof:Train/radio/01_56_571,v4:kk:Train/radio/01_56_571,kk-piper-issai-high-v1,piper_neural_tts,piper_kk_issai_high,ISSAI_KazakhTTS2_F1,4,,succeeded,ISSAI_KazakhTTS2_F1,4,,2128981990,1,[],raw/v4/xlsr_sls_model_v4_kk_spoof_raw_v1/kk-piper-issai-high-v1/12/127b644831e355b03899b6134a6b66dad2b63216256ff05b04b7b912a849b0f0.wav,02974b005bfe4272fd332ac9032d8c4761326889ca5c015fb738a3b94b621e44,4.446621315192743,22050,local_cpu_piper,
4344,target,xlsr_sls_model_v4_kk_spoof:Train/tv_news/5fd037b691cdc,v4:kk:Train/tv_news/5fd037b691cdc,kk-piper-issai-high-v1,piper_neural_tts,piper_kk_issai_high,ISSAI_KazakhTTS2_F2,5,,succeeded,ISSAI_KazakhTTS2_F2,5,,294447039,1,[],raw/v4/xlsr_sls_model_v4_kk_spoof_raw_v1/kk-piper-issai-high-v1/8f/8fbac912a2b0a5c5a3d6df3bc34ed708f6bc577cdbd40cfc5a44a493b297a26c.wav,65d32f74c92a72bd737353539f776c8e96091e803df6682b9bdd5f3532de1efc,3.610702947845805,22050,local_cpu_piper,
4348,target,xlsr_sls_model_v4_kk_spoof:Train/podcasts/04_08_395,v4:kk:Train/podcasts/04_08_395,kk-piper-issai-high-v1,piper_neural_tts,piper_kk_issai_high,ISSAI_KazakhTTS2_M2,,,succeeded,ISSAI_KazakhTTS2_M2,,,1295245747,1,[],raw/v4/xlsr_sls_model_v4_kk_spoof_raw_v1/kk-piper-issai-high-v1/99/993e43c71539a9a011fc6a93dfad1137d339d98a3e3a866cd3fcabb9e1613b4d.wav,e065c0980136b06827ba8e51fc46a5bd9734feb3e657cddeea736e05fe02bfef,4.272471655328798,22050,local_cpu_piper,
4352,target,xlsr_sls_model_v4_kk_spoof:Train/tv_news/5f71d0bc994bd,v4:kk:Train/tv_news/5f71d0bc994bd,kk-piper-issai-high-v1,piper_neural_tts,piper_kk_issai_high,ISSAI_KazakhTTS_M1_Iseke,1,,succeeded,ISSAI_KazakhTTS_M1_Iseke,1,,596742193,1,[],raw/v4/xlsr_sls_model_v4_kk_spoof_raw_v1/kk-piper-issai-high-v1/99/9915f4f502ec1515c57aa0801a3e176e80440d7fdf37d82993345f6d80effba3.wav,98fc1d3526dca2e162d650f9cf6d6fe4b42cd782eeabc6ed2e812623109e2cbc,6.861496598639456,22050,local_cpu_piper,
4356,target,xlsr_sls_model_v4_kk_spoof:Train/tv_news/5fa2e6f000b38,v4:kk:Train/tv_news/5fa2e6f000b38,kk-piper-issai-high-v1,piper_neural_tts,piper_kk_issai_high,ISSAI_KazakhTTS2_F3,2,,succeeded,ISSAI_KazakhTTS2_F3,2,,1358049372,1,[],raw/v4/xlsr_sls_model_v4_kk_spoof_raw_v1/kk-piper-issai-high-v1/e6/e660e22cf20f76c8a30df875475b3e293d0a8be61a264060183e58c567eee70a.wav,952b04d145f7fbb904c5a3d154224353f540bcada93ae20508a4923712102c38,3.1695238095238096,22050,local_cpu_piper,
4360,target,xlsr_sls_model_v4_kk_spoof:Train/tv_news/5fa2e6e98bd50,v4:kk:Train/tv_news/5fa2e6e98bd50,kk-piper-issai-high-v1,piper_neural_tts,piper_kk_issai_high,ISSAI_KazakhTTS_F1_Raya,3,,succeeded,ISSAI_KazakhTTS_F1_Raya,3,,324667374,1,[],raw/v4/xlsr_sls_model_v4_kk_spoof_raw_v1/kk-piper-issai-high-v1/3a/3a188e2481598472dd2ebfa734a4c146589274fcb61ac48f4e1beaa71eff56e0.wav,710cc988bc25ba167405c7881a1c435cdf21d7f3902febbeb6c2f255cbf0ad8d,2.5541950113378684,22050,local_cpu_piper,
4364,target,xlsr_sls_model_v4_kk_spoof:Train/radio/01_42_273,v4:kk:Train/radio/01_42_273,kk-piper-issai-high-v1,piper_neural_tts,piper_kk_issai_high,ISSAI_KazakhTTS2_F1,4,,succeeded,ISSAI_KazakhTTS2_F1,4,,106705207,1,[],raw/v4/xlsr_sls_model_v4_kk_spoof_raw_v1/kk-piper-issai-high-v1/5f/5f02ded960bf75d503c0092b79cd430976dd9a450afdcc90a427b979d2808280.wav,e5e76c7602ab7ef16f4023d37f16cdb1e4fdf99f2e295a8c03dc1abd5db2539d,4.527891156462585,22050,local_cpu_piper,
4368,target,xlsr_sls_model_v4_kk_spoof:Train/podcasts/04_10_662,v4:kk:Train/podcasts/04_10_662,kk-piper-issai-high-v1,piper_neural_tts,piper_kk_issai_high,ISSAI_KazakhTTS2_F2,5,,succeeded,ISSAI_KazakhTTS2_F2,5,,1919607051,1,[],raw/v4/xlsr_sls_model_v4_kk_spoof_raw_v1/kk-piper-issai-high-v1/54/54fd4b8d6f3e5b89e8ecf7a74d929bf83ecf272a383457b8b293cb323e22aeec.wav,de1898cbc5eef7c1e28cf6e14c4118033bbf2b1c7774e3887107b8b0ae008eda,5.758548752834467,22050,local_cpu_piper,
4372,target,xlsr_sls_model_v4_kk_spoof:Train/podcasts/04_11_106,v4:kk:Train/podcasts/04_11_106,kk-piper-issai-high-v1,piper_neural_tts,piper_kk_issai_high,ISSAI_KazakhTTS2_M2,,,succeeded,ISSAI_KazakhTTS2_M2,,,130187432,1,[],raw/v4/xlsr_sls_model_v4_kk_spoof_raw_v1/kk-piper-issai-high-v1/7c/7c108ddbaad6c69b5bb68c453065c86b662b4e719246bcdd86cd719e432de4c1.wav,dcfbc90234026dff551b37f14c436d17b9192b958af16a3076fddef67fd81358,4.35374149659864,22050,local_cpu_piper,
4376,target,xlsr_sls_model_v4_kk_spoof:Train/podcasts/04_02_296,v4:kk:Train/podcasts/04_02_296,kk-piper-issai-high-v1,piper_neural_tts,piper_kk_issai_high,ISSAI_KazakhTTS_M1_Iseke,1,,succeeded,ISSAI_KazakhTTS_M1_Iseke,1,,2139418785,1,[],raw/v4/xlsr_sls_model_v4_kk_spoof_raw_v1/kk-piper-issai-high-v1/4c/4c122f506d07845b5c5e1d74a5661e8c5e83be8f194ccaa82457abbdced3d971.wav,cc8949d352fbae7da441041b0a51834d38fab00305a425ce1f4ec0a3af495b3a,8.614603174603175,22050,local_cpu_piper,
4380,target,xlsr_sls_model_v4_kk_spoof:Train/radio/01_68_053,v4:kk:Train/radio/01_68_053,kk-piper-issai-high-v1,piper_neural_tts,piper_kk_issai_high,ISSAI_KazakhTTS2_F3,2,,succeeded,ISSAI_KazakhTTS2_F3,2,,769598048,1,[],raw/v4/xlsr_sls_model_v4_kk_spoof_raw_v1/kk-piper-issai-high-v1/d5/d5cd7a775033f4e7e9bd5963a04f09a88a7f13741580cb6a98a9b7ce8ad2eb5a.wav,401bfba4ea0a22e569cd5b0ec15b346dbee9735811d8574506bb8cbbb1879610,6.455147392290249,22050,local_cpu_piper,
4384,target,xlsr_sls_model_v4_kk_spoof:Train/radio/01_55_357,v4:kk:Train/radio/01_55_357,kk-piper-issai-high-v1,piper_neural_tts,piper_kk_issai_high,ISSAI_KazakhTTS_F1_Raya,3,,succeeded,ISSAI_KazakhTTS_F1_Raya,3,,1342292406,1,[],raw/v4/xlsr_sls_model_v4_kk_spoof_raw_v1/kk-piper-issai-high-v1/c3/c32c00446bfead3da10ab3dfd51fba64495cfe527e58f965cbc169d610f71b9c.wav,c7c896ba4090bfd962b5f28cdccc9b6c03cd9b43193137963af01f49fad36255,1.8343764172335602,22050,local_cpu_piper,
4388,target,xlsr_sls_model_v4_kk_spoof:Train/podcasts/04_10_571,v4:kk:Train/podcasts/04_10_571,kk-piper-issai-high-v1,piper_neural_tts,piper_kk_issai_high,ISSAI_KazakhTTS2_F1,4,,succeeded,ISSAI_KazakhTTS2_F1,4,,113740584,1,[],raw/v4/xlsr_sls_model_v4_kk_spoof_raw_v1/kk-piper-issai-high-v1/81/81fb8d8515b5ad59ed8d3a7310b40abd428cdfcbb79c2a8c2b4b6b718bf311a0.wav,abf348772c55be66e92894f34a32ed528a8630b0db747e172b3017dcfea2237a,8.219863945578231,22050,local_cpu_piper,
4392,target,xlsr_sls_model_v4_kk_spoof:Train/talkshow/01_34_175,v4:kk:Train/talkshow/01_34_175,kk-piper-issai-high-v1,piper_neural_tts,piper_kk_issai_high,ISSAI_KazakhTTS2_F2,5,,succeeded,ISSAI_KazakhTTS2_F2,5,,118007746,1,[],raw/v4/xlsr_sls_model_v4_kk_spoof_raw_v1/kk-piper-issai-high-v1/c7/c7aeda719bc778567fdf7806369ccbd4813d3c98cd5f0f1dacc83b6c564190a3.wav,dd3dca62faa84afca41887cc347717d241d4ac55a7104854f745e15756ce3eff,2.5309750566893423,22050,local_cpu_piper,
4396,target,xlsr_sls_model_v4_kk_spoof:Train/talkshow/01_38_527,v4:kk:Train/talkshow/01_38_527,kk-piper-issai-high-v1,piper_neural_tts,piper_kk_issai_high,ISSAI_KazakhTTS2_M2,,,succeeded,ISSAI_KazakhTTS2_M2,,,1429159506,1,[],raw/v4/xlsr_sls_model_v4_kk_spoof_raw_v1/kk-piper-issai-high-v1/23/235cd1f5b839235f68d5b661aba94d88f3647bdcbdbe29e0702f0098a6d87193.wav,c3a771d2cb6384b08f37f5bc7b0f29c972c37f3ef37c0d1e6ad64a5655517f6f,4.017052154195011,22050,local_cpu_piper,
4400,target,xlsr_sls_model_v4_kk_spoof:Train/talkshow/01_39_118,v4:kk:Train/talkshow/01_39_118,kk-piper-issai-high-v1,piper_neural_tts,piper_kk_issai_high,ISSAI_KazakhTTS_M1_Iseke,1,,succeeded,ISSAI_KazakhTTS_M1_Iseke,1,,617322752,1,[],raw/v4/xlsr_sls_model_v4_kk_spoof_raw_v1/kk-piper-issai-high-v1/2d/2d2a6f4ebafcf6e6ba6d30ce16432c51545cfa27e5090a20fa7181d423b80355.wav,be967f4dc95ac29b7f55128737319591d2af3755e1328792282a075e3c981937,12.26013605442177,22050,local_cpu_piper,
4404,target,xlsr_sls_model_v4_kk_spoof:Train/talkshow/01_77_180,v4:kk:Train/talkshow/01_77_180,kk-piper-issai-high-v1,piper_neural_tts,piper_kk_issai_high,ISSAI_KazakhTTS2_F3,2,,succeeded,ISSAI_KazakhTTS2_F3,2,,801917966,1,[],raw/v4/xlsr_sls_model_v4_kk_spoof_raw_v1/kk-piper-issai-high-v1/1c/1c61213f546f4234236fa3fe37f17a429739d31e4dfda31cb0cf583b09126fa2.wav,39406ef75151c4791b86def2ae13a8c4270dd7db7a270d6de55cb64ece52b3ce,3.1346938775510202,22050,local_cpu_piper,
4408,target,xlsr_sls_model_v4_kk_spoof:Train/tv_news/5f7107eaf3eaa,v4:kk:Train/tv_news/5f7107eaf3eaa,kk-piper-issai-high-v1,piper_neural_tts,piper_kk_issai_high,ISSAI_KazakhTTS_F1_Raya,3,,succeeded,ISSAI_KazakhTTS_F1_Raya,3,,1357305638,1,[],raw/v4/xlsr_sls_model_v4_kk_spoof_raw_v1/kk-piper-issai-high-v1/c1/c1c93071ee760065aee56504e7bc950a87f0128adbd3be14fddf8c5611e88248.wav,4f5ad99db4639d2771034f8f732f38d428b1ab4938d2db933102115243d4f012,7.534875283446712,22050,local_cpu_piper,
4412,target,xlsr_sls_model_v4_kk_spoof:Train/podcasts/05_08_124,v4:kk:Train/podcasts/05_08_124,kk-piper-issai-high-v1,piper_neural_tts,piper_kk_issai_high,ISSAI_KazakhTTS2_F1,4,,succeeded,ISSAI_KazakhTTS2_F1,4,,804464972,1,[],raw/v4/xlsr_sls_model_v4_kk_spoof_raw_v1/kk-piper-issai-high-v1/76/768d647ab9c66e68c05ce8e721f777757b5757d0fb76721d56d823c02b0aa426.wav,a826b73c1c82b9d783541bdd9c53e09df9779157d728cad3e29c317f52def9e8,1.497687074829932,22050,local_cpu_piper,
4416,target,xlsr_sls_model_v4_kk_spoof:Train/radio/01_12_025,v4:kk:Train/radio/01_12_025,kk-piper-issai-high-v1,piper_neural_tts,piper_kk_issai_high,ISSAI_KazakhTTS2_F2,5,,succeeded,ISSAI_KazakhTTS2_F2,5,,1505246192,1,[],raw/v4/xlsr_sls_model_v4_kk_spoof_raw_v1/kk-piper-issai-high-v1/e7/e79b12de7b34c58e46bd72603abd2b6d1fb5294e320474d8f654f4fb5fb266d6.wav,e579943d83667d715109f49fda2cd3c4916a652c8448b8826f8b3b4c095de86d,2.9373242630385485,22050,local_cpu_piper,
4420,target,xlsr_sls_model_v4_kk_spoof:Train/talkshow/01_71_104,v4:kk:Train/talkshow/01_71_104,kk-piper-issai-high-v1,piper_neural_tts,piper_kk_issai_high,ISSAI_KazakhTTS2_M2,,,succeeded,ISSAI_KazakhTTS2_M2,,,650126024,1,[],raw/v4/xlsr_sls_model_v4_kk_spoof_raw_v1/kk-piper-issai-high-v1/8b/8b4fa3cfd6bc1acfd2d9362cb005929450caf82e31431db665cec20bc9883a41.wav,34995258ff4b5346135f5f05711b10c1f6a9a7ae9f562c7de15ec84cbf015f30,4.098321995464852,22050,local_cpu_piper,
4424,target,xlsr_sls_model_v4_kk_spoof:Train/podcasts/04_10_845,v4:kk:Train/podcasts/04_10_845,kk-piper-issai-high-v1,piper_neural_tts,piper_kk_issai_high,ISSAI_KazakhTTS_M1_Iseke,1,,succeeded,ISSAI_KazakhTTS_M1_Iseke,1,,443151630,1,[],raw/v4/xlsr_sls_model_v4_kk_spoof_raw_v1/kk-piper-issai-high-v1/84/84fbee3ac583d1a3c329f72c8afc331c7bf513b7e689375b94d34d30d5910d4a.wav,e066bfa86aad3b0c67981d60e7c4beedcfed37c4685c57fecaf866748b71c5f1,4.272471655328798,22050,local_cpu_piper,
4428,target,xlsr_sls_model_v4_kk_spoof:Train/tv_news/5fd037cd56031,v4:kk:Train/tv_news/5fd037cd56031,kk-piper-issai-high-v1,piper_neural_tts,piper_kk_issai_high,ISSAI_KazakhTTS2_F3,2,,succeeded,ISSAI_KazakhTTS2_F3,2,,296520085,1,[],raw/v4/xlsr_sls_model_v4_kk_spoof_raw_v1/kk-piper-issai-high-v1/d2/d2dbe6ff1a16be499c695954f95097877ff92a2c1ec32423025c509f72b6e9b5.wav,5ed5add01830d6457706d13c4665ca2ac65c8e5cb81479921770ec36275efe0e,5.375419501133787,22050,local_cpu_piper,
4432,target,xlsr_sls_model_v4_kk_spoof:Train/tv_news/5fd0383b4e3a2,v4:kk:Train/tv_news/5fd0383b4e3a2,kk-piper-issai-high-v1,piper_neural_tts,piper_kk_issai_high,ISSAI_KazakhTTS_F1_Raya,3,,succeeded,ISSAI_KazakhTTS_F1_Raya,3,,829720582,1,[],raw/v4/xlsr_sls_model_v4_kk_spoof_raw_v1/kk-piper-issai-high-v1/a5/a56d766a51b24495754c8d06a0ec385c0d1525ca788a69b909cd2789ce905fc0.wav,416fb85b142b07231c6a64d1694a43c7b26c78d1578c8f655f08dff2020f5418,4.864580498866213,22050,local_cpu_piper,
4436,target,xlsr_sls_model_v4_kk_spoof:Train/tv_news/6006d2c1ac457,v4:kk:Train/tv_news/6006d2c1ac457,kk-piper-issai-high-v1,piper_neural_tts,piper_kk_issai_high,ISSAI_KazakhTTS2_F1,4,,succeeded,ISSAI_KazakhTTS2_F1,4,,1958132902,1,[],raw/v4/xlsr_sls_model_v4_kk_spoof_raw_v1/kk-piper-issai-high-v1/68/685df23d24f491c2161cf34b97634d3bbcee162029e2b2fb8e0080d8249fcac5.wav,c19765d37d2466b3e35ab43d66625f1c4a30e6b30fc6ebecea1d33d567d2329e,6.362267573696145,22050,local_cpu_piper,
4440,target,xlsr_sls_model_v4_kk_spoof:Train/talkshow/01_78_319,v4:kk:Train/talkshow/01_78_319,kk-piper-issai-high-v1,piper_neural_tts,piper_kk_issai_high,ISSAI_KazakhTTS2_F2,5,,succeeded,ISSAI_KazakhTTS2_F2,5,,609145859,1,[],raw/v4/xlsr_sls_model_v4_kk_spoof_raw_v1/kk-piper-issai-high-v1/66/66887847708b130f82f9cb14826627451a4a69c17726d2630b0e7b9d0731a6b9.wav,10a102a0a26e9d425eb0ff58bb1d6e916cfcb39ca0be8945590952cc500489e9,3.564263038548753,22050,local_cpu_piper,
4444,target,xlsr_sls_model_v4_kk_spoof:Train/radio/01_37_254,v4:kk:Train/radio/01_37_254,kk-piper-issai-high-v1,piper_neural_tts,piper_kk_issai_high,ISSAI_KazakhTTS2_M2,,,succeeded,ISSAI_KazakhTTS2_M2,,,22697748,1,[],raw/v4/xlsr_sls_model_v4_kk_spoof_raw_v1/kk-piper-issai-high-v1/a0/a09e3572b162ff3a141de94cc36e87d85611af7444afe11231cf45e0761c56b3.wav,2397eb40a77328f550ff71b4d6d414b70f52f6cd2ed3cb2c6613ec789d593e45,5.445079365079365,22050,local_cpu_piper,
4448,target,xlsr_sls_model_v4_kk_spoof:Train/tv_news/5f71d0f146d60,v4:kk:Train/tv_news/5f71d0f146d60,kk-piper-issai-high-v1,piper_neural_tts,piper_kk_issai_high,ISSAI_KazakhTTS_M1_Iseke,1,,succeeded,ISSAI_KazakhTTS_M1_Iseke,1,,108525148,1,[],raw/v4/xlsr_sls_model_v4_kk_spoof_raw_v1/kk-piper-issai-high-v1/30/30caa34b35f6f6391fcec434c071fed265812ea66fe7d1dfafd71661c8826e62.wav,b584370c320a9d5b7e71f504a078f5290b28e532e0c01e10b3ba244f9c8854f0,5.584399092970521,22050,local_cpu_piper,
4452,target,xlsr_sls_model_v4_kk_spoof:Train/radio/01_20_203,v4:kk:Train/radio/01_20_203,kk-piper-issai-high-v1,piper_neural_tts,piper_kk_issai_high,ISSAI_KazakhTTS2_F3,2,,succeeded,ISSAI_KazakhTTS2_F3,2,,1735808883,1,[],raw/v4/xlsr_sls_model_v4_kk_spoof_raw_v1/kk-piper-issai-high-v1/46/46815257246c0ba72107c941ac341fb8eade8989464b8e0fb370f5f37584f21e.wav,db771aa6618ac09c42fdacd8b244f3f8a3d5233ca61b16aed1e8e33837cf36a1,3.274013605442177,22050,local_cpu_piper,
4456,target,xlsr_sls_model_v4_kk_spoof:Train/parliament/senate_05_675,v4:kk:Train/parliament/senate_05_675,kk-piper-issai-high-v1,piper_neural_tts,piper_kk_issai_high,ISSAI_KazakhTTS_F1_Raya,3,,succeeded,ISSAI_KazakhTTS_F1_Raya,3,,720927146,1,[],raw/v4/xlsr_sls_model_v4_kk_spoof_raw_v1/kk-piper-issai-high-v1/81/8140eac6bf99a63d41794a6c646a6e5dab70fdb010c1997a66c48b853bdf1364.wav,eed424b256482c335df5a4dddacbfa7e02c6aae38dca9617be4620eab60a9307,8.579773242630386,22050,local_cpu_piper,
4460,target,xlsr_sls_model_v4_kk_spoof:Train/tv_news/5f71ce8d560db,v4:kk:Train/tv_news/5f71ce8d560db,kk-piper-issai-high-v1,piper_neural_tts,piper_kk_issai_high,ISSAI_KazakhTTS2_F1,4,,succeeded,ISSAI_KazakhTTS2_F1,4,,951856409,1,[],raw/v4/xlsr_sls_model_v4_kk_spoof_raw_v1/kk-piper-issai-high-v1/e5/e576e9a833e8f8d8f461af8d2ca72f2625547b01696f4379ea5f0d208648b373.wav,ad53ab5fd89382dd8d30b5877c4562fe744df1146be69c518228500de89234a5,1.9736961451247166,22050,local_cpu_piper,
4464,target,xlsr_sls_model_v4_kk_spoof:Train/tv_news/5fd0383b8d436,v4:kk:Train/tv_news/5fd0383b8d436,kk-piper-issai-high-v1,piper_neural_tts,piper_kk_issai_high,ISSAI_KazakhTTS2_F2,5,,succeeded,ISSAI_KazakhTTS2_F2,5,,1799264894,1,[],raw/v4/xlsr_sls_model_v4_kk_spoof_raw_v1/kk-piper-issai-high-v1/fd/fdd54a691319396a116f0f11a383778e449f3aae2f0e95919da9a794325dba8a.wav,b50f06293a4556bacd4f598567c05c86ef0a2a258a7ceacebc971d273c326a84,6.3854875283446715,22050,local_cpu_piper,
4468,target,xlsr_sls_model_v4_kk_spoof:Train/tv_news/5fe2a631c8960,v4:kk:Train/tv_news/5fe2a631c8960,kk-piper-issai-high-v1,piper_neural_tts,piper_kk_issai_high,ISSAI_KazakhTTS2_M2,,,succeeded,ISSAI_KazakhTTS2_M2,,,434113353,1,[],raw/v4/xlsr_sls_model_v4_kk_spoof_raw_v1/kk-piper-issai-high-v1/a5/a5b683d1886891e33cfabab577e417ccafd1dc111afcbce44da51c70486b180e.wav,d57189cc0e126b8cad517d2d4c97df160a3cd64809cecde3f682068dcdb18039,9.079002267573696,22050,local_cpu_piper,
4472,target,xlsr_sls_model_v4_kk_spoof:Train/tv_news/5f7104f434608,v4:kk:Train/tv_news/5f7104f434608,kk-piper-issai-high-v1,piper_neural_tts,piper_kk_issai_high,ISSAI_KazakhTTS_M1_Iseke,1,,succeeded,ISSAI_KazakhTTS_M1_Iseke,1,,2030988170,1,[],raw/v4/xlsr_sls_model_v4_kk_spoof_raw_v1/kk-piper-issai-high-v1/61/6112052cf10de44d80400c6e7d3eda46555e429494d0fbaec0af4dc040a64153.wav,faf5a34b3c97895aca58e0a4bfbbd9d83f0e5edde086376a8b61a3de0b13aca5,5.5147392290249435,22050,local_cpu_piper,
4476,target,xlsr_sls_model_v4_kk_spoof:Train/talkshow/01_14_122,v4:kk:Train/talkshow/01_14_122,kk-piper-issai-high-v1,piper_neural_tts,piper_kk_issai_high,ISSAI_KazakhTTS2_F3,2,,succeeded,ISSAI_KazakhTTS2_F3,2,,469625972,1,[],raw/v4/xlsr_sls_model_v4_kk_spoof_raw_v1/kk-piper-issai-high-v1/86/8647e7563eccfe9aac8cbb2bd99d3d1756c5f1ce69f81d7dd962f3a2a6619168.wav,cec3cae7054493346bdabc8a1d0c717696a652baf698ecf07e17402002298b57,7.3723356009070296,22050,local_cpu_piper,
4480,target,xlsr_sls_model_v4_kk_spoof:Train/parliament/senate_05_631,v4:kk:Train/parliament/senate_05_631,kk-piper-issai-high-v1,piper_neural_tts,piper_kk_issai_high,ISSAI_KazakhTTS_F1_Raya,3,,succeeded,ISSAI_KazakhTTS_F1_Raya,3,,393671363,1,[],raw/v4/xlsr_sls_model_v4_kk_spoof_raw_v1/kk-piper-issai-high-v1/06/06b6cc37fa887e808b018b4a8050a3a135a14fec1fcfee778db01b856c210820.wav,82baf11d153b94104a36b05e2e8b93ef85abf372dfc0233812a1c10c2df37636,6.489977324263038,22050,local_cpu_piper,
4484,target,xlsr_sls_model_v4_kk_spoof:Train/podcasts/05_05_016,v4:kk:Train/podcasts/05_05_016,kk-piper-issai-high-v1,piper_neural_tts,piper_kk_issai_high,ISSAI_KazakhTTS2_F1,4,,succeeded,ISSAI_KazakhTTS2_F1,4,,879028750,1,[],raw/v4/xlsr_sls_model_v4_kk_spoof_raw_v1/kk-piper-issai-high-v1/64/6422751aeeca56012cf445d7e5fc9ce09c9de733ca1eb2bbdb24097efe2f6aa6.wav,9d63aa8dd12feb7b8eb10feec8d9fb26fe483387a29d8c63ba634fc24109e7ee,2.5425850340136056,22050,local_cpu_piper,
4488,target,xlsr_sls_model_v4_kk_spoof:Train/podcasts/04_10_557,v4:kk:Train/podcasts/04_10_557,kk-piper-issai-high-v1,piper_neural_tts,piper_kk_issai_high,ISSAI_KazakhTTS2_F2,5,,succeeded,ISSAI_KazakhTTS2_F2,5,,1658254347,1,[],raw/v4/xlsr_sls_model_v4_kk_spoof_raw_v1/kk-piper-issai-high-v1/87/87a07373eb1cf2724ad1169cb184ea76744e99cc9f472b1fcb3cdd8723d10696.wav,7030c18f142d85ed1d3550b7aac74a71bd4c4874af28b50abbbc23091ce23a64,6.060408163265306,22050,local_cpu_piper,
4492,target,xlsr_sls_model_v4_kk_spoof:Train/talkshow/01_36_125,v4:kk:Train/talkshow/01_36_125,kk-piper-issai-high-v1,piper_neural_tts,piper_kk_issai_high,ISSAI_KazakhTTS2_M2,,,succeeded,ISSAI_KazakhTTS2_M2,,,395290558,1,[],raw/v4/xlsr_sls_model_v4_kk_spoof_raw_v1/kk-piper-issai-high-v1/62/62455678594bbee6a2c54817453e18f0fa9ec882e7fc566e858669b4e706cb16.wav,9ee909190ae781311582641a63ab2af4e104bc0dfadd293d96956396ef9589a1,3.2043537414965986,22050,local_cpu_piper,
4496,target,xlsr_sls_model_v4_kk_spoof:Train/parliament/mazhilis_27_428,v4:kk:Train/parliament/mazhilis_27_428,kk-piper-issai-high-v1,piper_neural_tts,piper_kk_issai_high,ISSAI_KazakhTTS_M1_Iseke,1,,succeeded,ISSAI_KazakhTTS_M1_Iseke,1,,710067306,1,[],raw/v4/xlsr_sls_model_v4_kk_spoof_raw_v1/kk-piper-issai-high-v1/b4/b4b46cc76bf6c5804aea928441317da1874a0b3ae8c1cf00123272273c2a3453.wav,99232f5387201b96a8789265aa6b68b9af3f0d0f9a73303b6457c53f55ac0d94,17.542675736961453,22050,local_cpu_piper,
4500,target,xlsr_sls_model_v4_kk_spoof:Train/podcasts/08_00_082,v4:kk:Train/podcasts/08_00_082,kk-piper-issai-high-v1,piper_neural_tts,piper_kk_issai_high,ISSAI_KazakhTTS2_F3,2,,succeeded,ISSAI_KazakhTTS2_F3,2,,1157245369,1,[],raw/v4/xlsr_sls_model_v4_kk_spoof_raw_v1/kk-piper-issai-high-v1/92/9296dc90bc6aed88616dce975833c4e0ea486c8778426187915d67c63d605608.wav,3d772869c15b59eaa9a85aa17240eaf303ffce15864766359bc84cd84e1b563e,4.527891156462585,22050,local_cpu_piper,
4504,target,xlsr_sls_model_v4_kk_spoof:Train/podcasts/06_11_342,v4:kk:Train/podcasts/06_11_342,kk-piper-issai-high-v1,piper_neural_tts,piper_kk_issai_high,ISSAI_KazakhTTS_F1_Raya,3,,succeeded,ISSAI_KazakhTTS_F1_Raya,3,,175841426,1,[],raw/v4/xlsr_sls_model_v4_kk_spoof_raw_v1/kk-piper-issai-high-v1/32/32bd2dee0ad9043da14ce25095ffba2057320291459493f72937e14c4cc59c8b.wav,202519adb2ccd3654fa2e6c0965abaeb2aeab2df0ff9d4cbaee9ca9634ae6fbd,10.495419501133787,22050,local_cpu_piper,
4508,target,xlsr_sls_model_v4_kk_spoof:Train/tv_news/5fd1fc17c5dd0,v4:kk:Train/tv_news/5fd1fc17c5dd0,kk-piper-issai-high-v1,piper_neural_tts,piper_kk_issai_high,ISSAI_KazakhTTS2_F1,4,,succeeded,ISSAI_KazakhTTS2_F1,4,,1319347329,1,[],raw/v4/xlsr_sls_model_v4_kk_spoof_raw_v1/kk-piper-issai-high-v1/ef/ef066f4f539b19190d3da7976ea85f6ba54942d312f50841fd3ee60114aa9a7e.wav,840b826e940c966337f26b6799c62e64ff51056877d6bf7992280c96449d1db7,3.297233560090703,22050,local_cpu_piper,
4512,target,xlsr_sls_model_v4_kk_spoof:Train/radio/01_69_254,v4:kk:Train/radio/01_69_254,kk-piper-issai-high-v1,piper_neural_tts,piper_kk_issai_high,ISSAI_KazakhTTS2_F2,5,,succeeded,ISSAI_KazakhTTS2_F2,5,,1435569501,1,[],raw/v4/xlsr_sls_model_v4_kk_spoof_raw_v1/kk-piper-issai-high-v1/39/393b778b37f3cd83c7acba3fe848e661d67ea612d124d573b049bbbea0c0ee0a.wav,48bcd2edd8db5a8cbf464f09fa4e631564c7dfd2fd1800fd2c428576e8a23df0,4.249251700680272,22050,local_cpu_piper,
4516,target,xlsr_sls_model_v4_kk_spoof:Train/parliament/mazhilis_17_1_732,v4:kk:Train/parliament/mazhilis_17_1_732,kk-piper-issai-high-v1,piper_neural_tts,piper_kk_issai_high,ISSAI_KazakhTTS2_M2,,,succeeded,ISSAI_KazakhTTS2_M2,,,1765521666,1,[],raw/v4/xlsr_sls_model_v4_kk_spoof_raw_v1/kk-piper-issai-high-v1/17/17480be955fa097af26358efd3e10c1ea8dfc17ec140985afc843ec7f1b80bb8.wav,b1c0a66600b0dbafedaa60882644bba6cfdff583920eedc64621e149fbdb1585,10.866938775510205,22050,local_cpu_piper,
4520,target,xlsr_sls_model_v4_kk_spoof:Train/podcasts/05_05_005,v4:kk:Train/podcasts/05_05_005,kk-piper-issai-high-v1,piper_neural_tts,piper_kk_issai_high,ISSAI_KazakhTTS_M1_Iseke,1,,succeeded,ISSAI_KazakhTTS_M1_Iseke,1,,1756097354,1,[],raw/v4/xlsr_sls_model_v4_kk_spoof_raw_v1/kk-piper-issai-high-v1/0f/0f4a1a0998fa940d9fd65bf473485c1f07c813be9163c76cfda7d21fa7f7ce6c.wav,c7a058fe017e2d931da98eafaf912d60d6e46576b7998e31f1cb050ccdee7b1e,1.4396371882086167,22050,local_cpu_piper,
4524,target,xlsr_sls_model_v4_kk_spoof:Train/radio/01_90_290,v4:kk:Train/radio/01_90_290,kk-piper-issai-high-v1,piper_neural_tts,piper_kk_issai_high,ISSAI_KazakhTTS2_F3,2,,succeeded,ISSAI_KazakhTTS2_F3,2,,947856600,1,[],raw/v4/xlsr_sls_model_v4_kk_spoof_raw_v1/kk-piper-issai-high-v1/41/41c4d2273756de75e8671189cf8a905409e11c0867bc6bf2676d15966c59709e.wav,310d4e5450e02afb21d4dc4a59d6b422aaf6a1b71f270cd7a1ee86daf1688731,1.9272562358276644,22050,local_cpu_piper,
4528,target,xlsr_sls_model_v4_kk_spoof:Train/podcasts/06_06_500,v4:kk:Train/podcasts/06_06_500,kk-piper-issai-high-v1,piper_neural_tts,piper_kk_issai_high,ISSAI_KazakhTTS_F1_Raya,3,,succeeded,ISSAI_KazakhTTS_F1_Raya,3,,1579819220,1,[],raw/v4/xlsr_sls_model_v4_kk_spoof_raw_v1/kk-piper-issai-high-v1/21/214c6c5aa56badee7695ff770d9bfb5d6d56ecff86e4924aafe4be84aa2dfc9e.wav,1269925802e6155abdce33408eab291a24768c03a9c80a0e0f84f1b06d61ad04,3.1695238095238096,22050,local_cpu_piper,
4532,target,xlsr_sls_model_v4_kk_spoof:Train/radio/01_22_022,v4:kk:Train/radio/01_22_022,kk-piper-issai-high-v1,piper_neural_tts,piper_kk_issai_high,ISSAI_KazakhTTS2_F1,4,,succeeded,ISSAI_KazakhTTS2_F1,4,,1570787217,1,[],raw/v4/xlsr_sls_model_v4_kk_spoof_raw_v1/kk-piper-issai-high-v1/15/153de570bf1454d57660f6666183c7e2e768d46104bf6b81276088f8f248a495.wav,69407732ff0fe6c9acfe6dea04e7d754921c0008bcd20c0f8a14ffc4dde58cf4,2.089795918367347,22050,local_cpu_piper,
4536,target,xlsr_sls_model_v4_kk_spoof:Train/podcasts/03_77_45,v4:kk:Train/podcasts/03_77_45,kk-piper-issai-high-v1,piper_neural_tts,piper_kk_issai_high,ISSAI_KazakhTTS2_F2,5,,succeeded,ISSAI_KazakhTTS2_F2,5,,465067463,1,[],raw/v4/xlsr_sls_model_v4_kk_spoof_raw_v1/kk-piper-issai-high-v1/13/13ca9d25439490a21ab023864c5236fe73eaadee90840d2d0c054d48d9b3144d.wav,aa6c5e594538c438dc557d12a03e8d700ff2f507851bacf9196b05fb0023e4c1,3.2856235827664397,22050,local_cpu_piper,
4540,target,xlsr_sls_model_v4_kk_spoof:Train/tv_news/5f71cecb1549c,v4:kk:Train/tv_news/5f71cecb1549c,kk-piper-issai-high-v1,piper_neural_tts,piper_kk_issai_high,ISSAI_KazakhTTS2_M2,,,succeeded,ISSAI_KazakhTTS2_M2,,,851676691,1,[],raw/v4/xlsr_sls_model_v4_kk_spoof_raw_v1/kk-piper-issai-high-v1/64/64cb2a8df591959a1d67b887cf8f344881773bbeeb7685df3873826f4162553e.wav,4996106efa250b274254353c22779b2944af191f190a3f6af3051e5768dd37ba,6.466757369614513,22050,local_cpu_piper,
4544,target,xlsr_sls_model_v4_kk_spoof:Train/tv_news/5fa2e8fe5b82a,v4:kk:Train/tv_news/5fa2e8fe5b82a,kk-piper-issai-high-v1,piper_neural_tts,piper_kk_issai_high,ISSAI_KazakhTTS_M1_Iseke,1,,succeeded,ISSAI_KazakhTTS_M1_Iseke,1,,1864575707,1,[],raw/v4/xlsr_sls_model_v4_kk_spoof_raw_v1/kk-piper-issai-high-v1/b7/b784ecc7391b2c954495b89ef593d2bb51b0f56c100e873127f2a1fe61fe4848.wav,4bc7f5d588f3ed319ade23042eaa998649278b05c9bf8fda6249aca577095ac6,3.7616326530612243,22050,local_cpu_piper,
4548,target,xlsr_sls_model_v4_kk_spoof:Train/parliament/senate_21_148,v4:kk:Train/parliament/senate_21_148,kk-piper-issai-high-v1,piper_neural_tts,piper_kk_issai_high,ISSAI_KazakhTTS2_F3,2,,succeeded,ISSAI_KazakhTTS2_F3,2,,853642444,1,[],raw/v4/xlsr_sls_model_v4_kk_spoof_raw_v1/kk-piper-issai-high-v1/e2/e27a3bfb4339ba3d2a616ab9402d70d8a3c690ef0578c1ac26d2528fc548bc0c.wav,f882b59acc4d7858de878f0618401fc31f777de476a864c4d8671dfdec8bfe9d,4.504671201814059,22050,local_cpu_piper,
4552,target,xlsr_sls_model_v4_kk_spoof:Train/radio/01_82_053,v4:kk:Train/radio/01_82_053,kk-piper-issai-high-v1,piper_neural_tts,piper_kk_issai_high,ISSAI_KazakhTTS_F1_Raya,3,,succeeded,ISSAI_KazakhTTS_F1_Raya,3,,328505995,1,[],raw/v4/xlsr_sls_model_v4_kk_spoof_raw_v1/kk-piper-issai-high-v1/a9/a9953ecd62390002ab8524224743df332cc012b4c0895e6460b08773a214f30c.wav,54e138e9b9ee6faa70a057110ad48f1926f0b060f434d1be79ca30edb3c16e47,2.2639455782312927,22050,local_cpu_piper,
4556,target,xlsr_sls_model_v4_kk_spoof:Train/tv_news/5f71cf6e8db8f,v4:kk:Train/tv_news/5f71cf6e8db8f,kk-piper-issai-high-v1,piper_neural_tts,piper_kk_issai_high,ISSAI_KazakhTTS2_F1,4,,succeeded,ISSAI_KazakhTTS2_F1,4,,550336626,1,[],raw/v4/xlsr_sls_model_v4_kk_spoof_raw_v1/kk-piper-issai-high-v1/9f/9f451d531d7814e0c9d3cd07e7b4cbb32ddbff195a11fda26222f2df93b27414.wav,0085ec3030f4664b8bf87869ac9fd60ef22ad05a19a2ddb8eb9c0301379ebe83,3.332063492063492,22050,local_cpu_piper,
4560,target,xlsr_sls_model_v4_kk_spoof:Train/talkshow/01_03_252,v4:kk:Train/talkshow/01_03_252,kk-piper-issai-high-v1,piper_neural_tts,piper_kk_issai_high,ISSAI_KazakhTTS2_F2,5,,succeeded,ISSAI_KazakhTTS2_F2,5,,462434889,1,[],raw/v4/xlsr_sls_model_v4_kk_spoof_raw_v1/kk-piper-issai-high-v1/2c/2ce35290c74fc0c4750f70cfa54de96ad9dfc391827eef5aff0f052c8b2d8f6e.wav,e6ffdee84ab9f8ff3e83de29ec8081440f346e47b119e44bdcb05761bde48e0c,1.7182766439909296,22050,local_cpu_piper,
4564,target,xlsr_sls_model_v4_kk_spoof:Train/podcasts/08_01_094,v4:kk:Train/podcasts/08_01_094,kk-piper-issai-high-v1,piper_neural_tts,piper_kk_issai_high,ISSAI_KazakhTTS2_M2,,,succeeded,ISSAI_KazakhTTS2_M2,,,678992360,1,[],raw/v4/xlsr_sls_model_v4_kk_spoof_raw_v1/kk-piper-issai-high-v1/01/01d773c78758a78b9b20d5f786a580dd0a3f18a87f055631ea61a55bd655772a.wav,5394a931de81b5337af371b6b1ccabb38c1290ae4524f5c5052515ab3b09a15a,2.3568253968253967,22050,local_cpu_piper,
4568,target,xlsr_sls_model_v4_kk_spoof:Train/tv_news/6006d2c571bdb,v4:kk:Train/tv_news/6006d2c571bdb,kk-piper-issai-high-v1,piper_neural_tts,piper_kk_issai_high,ISSAI_KazakhTTS_M1_Iseke,1,,succeeded,ISSAI_KazakhTTS_M1_Iseke,1,,280486247,1,[],raw/v4/xlsr_sls_model_v4_kk_spoof_raw_v1/kk-piper-issai-high-v1/30/306a3237174b4d48accb2d71b929e78a81ab5b0290a9268d7a7b30d46a32e53b.wav,16942111a3a589a709b2165c75c15d5e9ca1e761cdd580a9d7363ab244e2445f,5.932698412698413,22050,local_cpu_piper,
4572,target,xlsr_sls_model_v4_kk_spoof:Train/tv_news/5fa2e8cd9bd63,v4:kk:Train/tv_news/5fa2e8cd9bd63,kk-piper-issai-high-v1,piper_neural_tts,piper_kk_issai_high,ISSAI_KazakhTTS2_F3,2,,succeeded,ISSAI_KazakhTTS2_F3,2,,2088114429,1,[],raw/v4/xlsr_sls_model_v4_kk_spoof_raw_v1/kk-piper-issai-high-v1/aa/aa4bf8ddf3e8a4e5f924c6a3fd735fc37fe3d1854b3afc59e9eac329dd22f245.wav,7ebd392f32eeecea96e55b09d25acfb482b291a193523794e65949848521a289,3.1463038548752835,22050,local_cpu_piper,
4576,target,xlsr_sls_model_v4_kk_spoof:Train/radio/01_92_190,v4:kk:Train/radio/01_92_190,kk-piper-issai-high-v1,piper_neural_tts,piper_kk_issai_high,ISSAI_KazakhTTS_F1_Raya,3,,succeeded,ISSAI_KazakhTTS_F1_Raya,3,,34064096,1,[],raw/v4/xlsr_sls_model_v4_kk_spoof_raw_v1/kk-piper-issai-high-v1/87/8724ef4e148cf9d29bf1aaf9788a66d63686f165eec310eb40a3ab991d4d45c7.wav,6edd969f1bb86489d07b626df3e752f8e50b875abfac219907a4d630eccdf2d5,4.295691609977324,22050,local_cpu_piper,
4580,target,xlsr_sls_model_v4_kk_spoof:Train/tv_news/6006d2c65c6b8,v4:kk:Train/tv_news/6006d2c65c6b8,kk-piper-issai-high-v1,piper_neural_tts,piper_kk_issai_high,ISSAI_KazakhTTS2_F1,4,,succeeded,ISSAI_KazakhTTS2_F1,4,,910928796,1,[],raw/v4/xlsr_sls_model_v4_kk_spoof_raw_v1/kk-piper-issai-high-v1/a3/a316058016c62b6a6477951cc71578a9ddf6949b37c179a2cfa25e8c4fb70a1f.wav,a57dfb32ea21e48247c0f3f65611e939f61632b3886495aee381e7fb1cc33ba1,4.295691609977324,22050,local_cpu_piper,
4584,target,xlsr_sls_model_v4_kk_spoof:Train/tv_news/5f71cebe6c488,v4:kk:Train/tv_news/5f71cebe6c488,kk-piper-issai-high-v1,piper_neural_tts,piper_kk_issai_high,ISSAI_KazakhTTS2_F2,5,,succeeded,ISSAI_KazakhTTS2_F2,5,,746534426,1,[],raw/v4/xlsr_sls_model_v4_kk_spoof_raw_v1/kk-piper-issai-high-v1/eb/ebac9bab74cf005f8aa81e6d697a1c6d8650eb02564b5a0e03e3e07f75115706.wav,4806baa3052f5b012b008c9b38ac8895e9269808710a48bbd168b8438af4a595,5.921088435374149,22050,local_cpu_piper,
4588,target,xlsr_sls_model_v4_kk_spoof:Train/parliament/senate_15_035,v4:kk:Train/parliament/senate_15_035,kk-piper-issai-high-v1,piper_neural_tts,piper_kk_issai_high,ISSAI_KazakhTTS2_M2,,,succeeded,ISSAI_KazakhTTS2_M2,,,371681731,1,[],raw/v4/xlsr_sls_model_v4_kk_spoof_raw_v1/kk-piper-issai-high-v1/8b/8ba2918c891af90360eec841caafe8d07283404e036b6fe0237d424585028116.wav,9442120d80b96dc8a30aaf8149514ed0317af14bb01be289a112eacac7f25df5,2.5541950113378684,22050,local_cpu_piper,
4592,target,xlsr_sls_model_v4_kk_spoof:Train/radio/01_53_276,v4:kk:Train/radio/01_53_276,kk-piper-issai-high-v1,piper_neural_tts,piper_kk_issai_high,ISSAI_KazakhTTS_M1_Iseke,1,,succeeded,ISSAI_KazakhTTS_M1_Iseke,1,,278378303,1,[],raw/v4/xlsr_sls_model_v4_kk_spoof_raw_v1/kk-piper-issai-high-v1/10/108c4bebe8f57ce93ab9387a98020b0aeb8df6c9d7f7b4534681d83be622253c.wav,733eb57af369406efb3157da6bf3bd14f630d71c1137982c32ce5b8a5328fc04,2.0317460317460316,22050,local_cpu_piper,
4596,target,xlsr_sls_model_v4_kk_spoof:Train/tv_news/5fa2e7b679696,v4:kk:Train/tv_news/5fa2e7b679696,kk-piper-issai-high-v1,piper_neural_tts,piper_kk_issai_high,ISSAI_KazakhTTS2_F3,2,,succeeded,ISSAI_KazakhTTS2_F3,2,,328566519,1,[],raw/v4/xlsr_sls_model_v4_kk_spoof_raw_v1/kk-piper-issai-high-v1/94/947d2ff6d6d37999678013569f26ab22d0dd9a341af110146d3ad59b4a1ee7b7.wav,50d931df8d6d33c77ea1d13d8bfc3aa96c91d0954bd25a4ba674c41cf57feb95,4.794920634920635,22050,local_cpu_piper,
4600,target,xlsr_sls_model_v4_kk_spoof:Train/parliament/senate_04_024,v4:kk:Train/parliament/senate_04_024,kk-piper-issai-high-v1,piper_neural_tts,piper_kk_issai_high,ISSAI_KazakhTTS_F1_Raya,3,,succeeded,ISSAI_KazakhTTS_F1_Raya,3,,558621555,1,[],raw/v4/xlsr_sls_model_v4_kk_spoof_raw_v1/kk-piper-issai-high-v1/b1/b11d1fa1bfc1e5a174db3b7fadefa222ecb60edec66629e49cde30b59078b2ab.wav,2234ba12e64b5c939adeb2dcc50e8715d829f008d1834c0f0cab9f9c993e140f,8.40562358276644,22050,local_cpu_piper,
4604,target,xlsr_sls_model_v4_kk_spoof:Train/tv_news/5fd037f2dca7b,v4:kk:Train/tv_news/5fd037f2dca7b,kk-piper-issai-high-v1,piper_neural_tts,piper_kk_issai_high,ISSAI_KazakhTTS2_F1,4,,succeeded,ISSAI_KazakhTTS2_F1,4,,794316127,1,[],raw/v4/xlsr_sls_model_v4_kk_spoof_raw_v1/kk-piper-issai-high-v1/fd/fda124234410d40c4aa3b682012484d5cbef76f1f70c641d562158b3110a20de.wav,7e639c4e5bc8bead14903e2c6840f5bc4da9c501bd926becde1df58c1bb4433b,2.809614512471655,22050,local_cpu_piper,
4608,target,xlsr_sls_model_v4_kk_spoof:Train/talkshow/01_13_294,v4:kk:Train/talkshow/01_13_294,kk-piper-issai-high-v1,piper_neural_tts,piper_kk_issai_high,ISSAI_KazakhTTS2_F2,5,,succeeded,ISSAI_KazakhTTS2_F2,5,,1098710693,1,[],raw/v4/xlsr_sls_model_v4_kk_spoof_raw_v1/kk-piper-issai-high-v1/c1/c191afeec454e3f2b9723f0b0217c890a6f32655659f258cf49024b951e9e9b0.wav,fb9d983359265aefe68359f8bbbf86dca020cc9bf1b7daa85e71e17b37fcc7ec,7.790294784580499,22050,local_cpu_piper,
4612,target,xlsr_sls_model_v4_kk_spoof:Train/parliament/mazhilis_13_283,v4:kk:Train/parliament/mazhilis_13_283,kk-piper-issai-high-v1,piper_neural_tts,piper_kk_issai_high,ISSAI_KazakhTTS2_M2,,,succeeded,ISSAI_KazakhTTS2_M2,,,1593923701,1,[],raw/v4/xlsr_sls_model_v4_kk_spoof_raw_v1/kk-piper-issai-high-v1/ea/eac79b6be92ab07eea7831cfa6e92c232e962114455e0eff4769104deafcd891.wav,5d79faebab37951d0f2d3582d51a75f3ac43ad4fa477588a519577437e895e6c,1.4048072562358276,22050,local_cpu_piper,
4616,target,xlsr_sls_model_v4_kk_spoof:Train/radio/01_43_488,v4:kk:Train/radio/01_43_488,kk-piper-issai-high-v1,piper_neural_tts,piper_kk_issai_high,ISSAI_KazakhTTS_M1_Iseke,1,,succeeded,ISSAI_KazakhTTS_M1_Iseke,1,,1966081374,1,[],raw/v4/xlsr_sls_model_v4_kk_spoof_raw_v1/kk-piper-issai-high-v1/55/5502da7b962888465468162150258dd09134871858dd044a13dd3e9d8ec1bbd7.wav,c5dd874619a1ee168fd97aa94dbb9a0bede9292a0aa8aa557c45f783b3372187,2.159455782312925,22050,local_cpu_piper,
4620,target,xlsr_sls_model_v4_kk_spoof:Train/tv_news/5f7105a646d8b,v4:kk:Train/tv_news/5f7105a646d8b,kk-piper-issai-high-v1,piper_neural_tts,piper_kk_issai_high,ISSAI_KazakhTTS2_F3,2,,succeeded,ISSAI_KazakhTTS2_F3,2,,2051531784,1,[],raw/v4/xlsr_sls_model_v4_kk_spoof_raw_v1/kk-piper-issai-high-v1/a7/a75ffb673b2b242fce6072f279b84f61eb24de3f4f5d9e14b9869b33d6807e53.wav,e43ef3f0b2dbd09d945438c474f11067f005cf35df5e18fd1a03153952735a86,4.017052154195011,22050,local_cpu_piper,
4624,target,xlsr_sls_model_v4_kk_spoof:Train/talkshow/01_36_613,v4:kk:Train/talkshow/01_36_613,kk-piper-issai-high-v1,piper_neural_tts,piper_kk_issai_high,ISSAI_KazakhTTS_F1_Raya,3,,succeeded,ISSAI_KazakhTTS_F1_Raya,3,,1805726977,1,[],raw/v4/xlsr_sls_model_v4_kk_spoof_raw_v1/kk-piper-issai-high-v1/43/4350e8c8731eaed1c9cc9f2d3f312db7c79b71dc24d1a4584d67165233a8441a.wav,f80f0de1e46d88dd81303340904e0e6d2796857c7eae642a2057544bab0bc2a3,6.280997732426304,22050,local_cpu_piper,
4628,target,xlsr_sls_model_v4_kk_spoof:Train/podcasts/01_04_096,v4:kk:Train/podcasts/01_04_096,kk-piper-issai-high-v1,piper_neural_tts,piper_kk_issai_high,ISSAI_KazakhTTS2_F1,4,,succeeded,ISSAI_KazakhTTS2_F1,4,,1973206126,1,[],raw/v4/xlsr_sls_model_v4_kk_spoof_raw_v1/kk-piper-issai-high-v1/b9/b926227e3859aba00c97e8f9dc97f4b66a12077c3abc0e19e8d4590668c6da78.wav,4b88b1fe7bfda91eeec359c929e1ded9fc7da8bed6c084beac86e5d461349359,8.544943310657596,22050,local_cpu_piper,
4632,target,xlsr_sls_model_v4_kk_spoof:Train/podcasts/06_06_215,v4:kk:Train/podcasts/06_06_215,kk-piper-issai-high-v1,piper_neural_tts,piper_kk_issai_high,ISSAI_KazakhTTS2_F2,5,,succeeded,ISSAI_KazakhTTS2_F2,5,,757818177,1,[],raw/v4/xlsr_sls_model_v4_kk_spoof_raw_v1/kk-piper-issai-high-v1/3b/3b9fb0d1281cc3b9cee6db5f0c950b9f0dc8ed4db5bbb870327c3ab371a95404.wav,3d35d382ae48d605bac0f5f8696d5c8a8a6e00e08dfd06c3584201cfa6dcd960,4.516281179138322,22050,local_cpu_piper,
4636,target,xlsr_sls_model_v4_kk_spoof:Train/talkshow/01_07_090,v4:kk:Train/talkshow/01_07_090,kk-piper-issai-high-v1,piper_neural_tts,piper_kk_issai_high,ISSAI_KazakhTTS2_M2,,,succeeded,ISSAI_KazakhTTS2_M2,,,2120323695,1,[],raw/v4/xlsr_sls_model_v4_kk_spoof_raw_v1/kk-piper-issai-high-v1/c9/c9bdb28f4fb2cf4ebbececfc03ae8ac9c00087d52c733e8fe99e76e85f3a762b.wav,85fe23d98bc0fb2b31989f1e7a350178d9919861396874410c5a94d0772969b5,3.076643990929705,22050,local_cpu_piper,
4640,target,xlsr_sls_model_v4_kk_spoof:Train/parliament/mazhilis_03_269,v4:kk:Train/parliament/mazhilis_03_269,kk-piper-issai-high-v1,piper_neural_tts,piper_kk_issai_high,ISSAI_KazakhTTS_M1_Iseke,1,,succeeded,ISSAI_KazakhTTS_M1_Iseke,1,,1308640465,1,[],raw/v4/xlsr_sls_model_v4_kk_spoof_raw_v1/kk-piper-issai-high-v1/7d/7d604129a3f3462e713892dac82b22fe8bf726e0521bf9b23548a639da71f08e.wav,bbed249beff02a5a09d5f2daa19af04d15a21121a653443abfb4d55ac19a16b9,2.716734693877551,22050,local_cpu_piper,
4644,target,xlsr_sls_model_v4_kk_spoof:Train/parliament/senate_20_0719,v4:kk:Train/parliament/senate_20_0719,kk-piper-issai-high-v1,piper_neural_tts,piper_kk_issai_high,ISSAI_KazakhTTS2_F3,2,,succeeded,ISSAI_KazakhTTS2_F3,2,,629084930,1,[],raw/v4/xlsr_sls_model_v4_kk_spoof_raw_v1/kk-piper-issai-high-v1/0b/0b833b9840212ea112572f6437de567089475aeb8f4e679d04e175ff304852b7.wav,ed50cd742c011623cb5e0ec6b4c8791c43e2d0c31a64f9fafbdc2e5c9ce0e13c,7.511655328798186,22050,local_cpu_piper,
4648,target,xlsr_sls_model_v4_kk_spoof:Train/parliament/senate_23_523,v4:kk:Train/parliament/senate_23_523,kk-piper-issai-high-v1,piper_neural_tts,piper_kk_issai_high,ISSAI_KazakhTTS_F1_Raya,3,,succeeded,ISSAI_KazakhTTS_F1_Raya,3,,16234483,1,[],raw/v4/xlsr_sls_model_v4_kk_spoof_raw_v1/kk-piper-issai-high-v1/b5/b57e05551452eb7df9772915dd1b749c5e67bd14a69dda7a4587a135d4964dd2.wav,a9883471241413ce730269196548193a74661f1afd994da0eb3bff3022aaff11,12.26013605442177,22050,local_cpu_piper,
4652,target,xlsr_sls_model_v4_kk_spoof:Train/tv_news/5f71d17c19b06,v4:kk:Train/tv_news/5f71d17c19b06,kk-piper-issai-high-v1,piper_neural_tts,piper_kk_issai_high,ISSAI_KazakhTTS2_F1,4,,succeeded,ISSAI_KazakhTTS2_F1,4,,453588763,1,[],raw/v4/xlsr_sls_model_v4_kk_spoof_raw_v1/kk-piper-issai-high-v1/c5/c58bfb0483dd6480d82f0818b2589e43d63bd670abc634e297a5f6259553efc2.wav,4b54df7380bd341948c27eece2bb476b6ebc63d693e311990fea5c80972feede,5.201269841269841,22050,local_cpu_piper,
4656,target,xlsr_sls_model_v4_kk_spoof:Train/talkshow/01_12_030,v4:kk:Train/talkshow/01_12_030,kk-piper-issai-high-v1,piper_neural_tts,piper_kk_issai_high,ISSAI_KazakhTTS2_F2,5,,succeeded,ISSAI_KazakhTTS2_F2,5,,1823929021,1,[],raw/v4/xlsr_sls_model_v4_kk_spoof_raw_v1/kk-piper-issai-high-v1/04/042a3609a071f69fedd2dbe44b2296fa7d71e50eb2bc1f5325973961ba6edce6.wav,ede3f587b2791d4a8f554d458bd1b31c401d8a3ba4d6b4806d9feeabbfadddf5,9.438911564625851,22050,local_cpu_piper,
4660,target,xlsr_sls_model_v4_kk_spoof:Train/talkshow/01_46_328,v4:kk:Train/talkshow/01_46_328,kk-piper-issai-high-v1,piper_neural_tts,piper_kk_issai_high,ISSAI_KazakhTTS2_M2,,,succeeded,ISSAI_KazakhTTS2_M2,,,385728800,1,[],raw/v4/xlsr_sls_model_v4_kk_spoof_raw_v1/kk-piper-issai-high-v1/8f/8f0e16932abeeb883bdd2feda13412aa463b7f0cc95e6b37c600ba8b6b30b361.wav,a409dfbb8cdf33373f0311255d06a63dc8a5a64b47e814729adcd62ded1b8b30,5.468299319727891,22050,local_cpu_piper,
4664,target,xlsr_sls_model_v4_kk_spoof:Train/radio/01_61_126,v4:kk:Train/radio/01_61_126,kk-piper-issai-high-v1,piper_neural_tts,piper_kk_issai_high,ISSAI_KazakhTTS_M1_Iseke,1,,succeeded,ISSAI_KazakhTTS_M1_Iseke,1,,341849634,1,[],raw/v4/xlsr_sls_model_v4_kk_spoof_raw_v1/kk-piper-issai-high-v1/45/45502cd36db411fc87639114593c925aeaf6a98d88df9d658089b7417b1c5514.wav,a254f02c0fce6826a9b041978560dd86f248137d6b0ba34790ec34e8dcbf115d,3.0418140589569163,22050,local_cpu_piper,
4668,target,xlsr_sls_model_v4_kk_spoof:Train/talkshow/01_54_198,v4:kk:Train/talkshow/01_54_198,kk-piper-issai-high-v1,piper_neural_tts,piper_kk_issai_high,ISSAI_KazakhTTS2_F3,2,,succeeded,ISSAI_KazakhTTS2_F3,2,,1514454294,1,[],raw/v4/xlsr_sls_model_v4_kk_spoof_raw_v1/kk-piper-issai-high-v1/a1/a164ea21e45ba3ca4e36bcdf7880a23559c2659726527b5bf5ff745ffc95b3ec.wav,a9e4336d51533d187727de0a4a40841b3d391034ff0595302ebd6a1af5b5ab4d,5.00390022675737,22050,local_cpu_piper,
4672,target,xlsr_sls_model_v4_kk_spoof:Train/talkshow/01_07_429,v4:kk:Train/talkshow/01_07_429,kk-piper-issai-high-v1,piper_neural_tts,piper_kk_issai_high,ISSAI_KazakhTTS_F1_Raya,3,,succeeded,ISSAI_KazakhTTS_F1_Raya,3,,2052219742,1,[],raw/v4/xlsr_sls_model_v4_kk_spoof_raw_v1/kk-piper-issai-high-v1/c0/c06d0e2d3b29ca25bfa97b46cdcd791c23b07c00fa8bbee234b056f7ae046b34.wav,aeccea90bfc27ce67bea478c29fa10ab8b97ff294d55c9ed10221c1d5f96e067,3.575873015873016,22050,local_cpu_piper,
4676,target,xlsr_sls_model_v4_kk_spoof:Train/podcasts/05_00_096,v4:kk:Train/podcasts/05_00_096,kk-piper-issai-high-v1,piper_neural_tts,piper_kk_issai_high,ISSAI_KazakhTTS2_F1,4,,succeeded,ISSAI_KazakhTTS2_F1,4,,1850122996,1,[],raw/v4/xlsr_sls_model_v4_kk_spoof_raw_v1/kk-piper-issai-high-v1/e2/e21cd827ff3949be43c7c32484c68ba444bb865de9618d3615ded649d817a97e.wav,7b22db9fd48d93f6c23d699faaa5fcc282c864304dd2ef1eae5a0afc176a75f6,3.4249433106575964,22050,local_cpu_piper,
4680,target,xlsr_sls_model_v4_kk_spoof:Train/tv_news/5f71cf2ab87f2,v4:kk:Train/tv_news/5f71cf2ab87f2,kk-piper-issai-high-v1,piper_neural_tts,piper_kk_issai_high,ISSAI_KazakhTTS2_F2,5,,succeeded,ISSAI_KazakhTTS2_F2,5,,311295497,1,[],raw/v4/xlsr_sls_model_v4_kk_spoof_raw_v1/kk-piper-issai-high-v1/91/910fc032c342204ffff21316a5c4249c800e0750577de50a51d23994a9e4fe87.wav,654652957f5c9b5c66a405dd400a3eb0bfbad419a7b57ccc7eee211ade202e52,3.5526530612244898,22050,local_cpu_piper,
4684,target,xlsr_sls_model_v4_kk_spoof:Train/tv_news/5fa2e7e659066,v4:kk:Train/tv_news/5fa2e7e659066,kk-piper-issai-high-v1,piper_neural_tts,piper_kk_issai_high,ISSAI_KazakhTTS2_M2,,,succeeded,ISSAI_KazakhTTS2_M2,,,187788374,1,[],raw/v4/xlsr_sls_model_v4_kk_spoof_raw_v1/kk-piper-issai-high-v1/dd/dd4f70605ab3b454bb9fe2573e26f9ae8dc39ffe9f4d172e1f39d1ffec407013.wav,40e506da002e8b1f50018c5f1eb212520d9785cf2abd07f6918e7179b27d3fbf,4.922630385487528,22050,local_cpu_piper,
4688,target,xlsr_sls_model_v4_kk_spoof:Train/parliament/senate_19_007,v4:kk:Train/parliament/senate_19_007,kk-piper-issai-high-v1,piper_neural_tts,piper_kk_issai_high,ISSAI_KazakhTTS_M1_Iseke,1,,succeeded,ISSAI_KazakhTTS_M1_Iseke,1,,1063102241,1,[],raw/v4/xlsr_sls_model_v4_kk_spoof_raw_v1/kk-piper-issai-high-v1/4b/4b2a8a6d7d47c8d2a28abdad334fb4f7d41f92f57b37c313d79c4b1ae6ddab9b.wav,25e3aea9c70906325e2124b97b1d6ea613b43f255500647aa9055c0d2cc86ef2,17.96063492063492,22050,local_cpu_piper,
4692,target,xlsr_sls_model_v4_kk_spoof:Train/radio/01_60_265,v4:kk:Train/radio/01_60_265,kk-piper-issai-high-v1,piper_neural_tts,piper_kk_issai_high,ISSAI_KazakhTTS2_F3,2,,succeeded,ISSAI_KazakhTTS2_F3,2,,1075348032,1,[],raw/v4/xlsr_sls_model_v4_kk_spoof_raw_v1/kk-piper-issai-high-v1/c5/c5c3341d9e922f5cc2cf0ffbea0e7f17b1d812390fe3b3c6a1f080cf9a728046.wav,96072ee0c1b0bc4255340ba4a767f3cac422d3e5c92efa96fab5c75e924ba654,7.465215419501134,22050,local_cpu_piper,
4696,target,xlsr_sls_model_v4_kk_spoof:Train/talkshow/01_23_404,v4:kk:Train/talkshow/01_23_404,kk-piper-issai-high-v1,piper_neural_tts,piper_kk_issai_high,ISSAI_KazakhTTS_F1_Raya,3,,succeeded,ISSAI_KazakhTTS_F1_Raya,3,,321918206,1,[],raw/v4/xlsr_sls_model_v4_kk_spoof_raw_v1/kk-piper-issai-high-v1/15/158051e16dcd43c63f7f82a09b122ebbe303e01d73fa9b83d51ca62f34a56074.wav,923257904deb6adc2d6309753763d325ee19082af9fcd644644e1519ca846b84,4.85297052154195,22050,local_cpu_piper,
4700,target,xlsr_sls_model_v4_kk_spoof:Train/radio/01_44_562,v4:kk:Train/radio/01_44_562,kk-piper-issai-high-v1,piper_neural_tts,piper_kk_issai_high,ISSAI_KazakhTTS2_F1,4,,succeeded,ISSAI_KazakhTTS2_F1,4,,643408902,1,[],raw/v4/xlsr_sls_model_v4_kk_spoof_raw_v1/kk-piper-issai-high-v1/c2/c28ab4537b191256f64021ce4a2eb621edd0d24e491c68f98ebabde8e07d7701.wav,20e975b13d702fdefa5687f7bcd6491807cf9c1da707d3c3d10a87d6172570f8,2.8792743764172335,22050,local_cpu_piper,
4704,target,xlsr_sls_model_v4_kk_spoof:Train/radio/01_42_191,v4:kk:Train/radio/01_42_191,kk-piper-issai-high-v1,piper_neural_tts,piper_kk_issai_high,ISSAI_KazakhTTS2_F2,5,,succeeded,ISSAI_KazakhTTS2_F2,5,,1373196587,1,[],raw/v4/xlsr_sls_model_v4_kk_spoof_raw_v1/kk-piper-issai-high-v1/50/50ca72700f81a58283b1c39b11b7516a7b31db09172edb242361d4c829df4bc0.wav,e91306d4716194c3e7ad7abdd7a3382fe467173ede651fd4b1a5b5106bb6483d,2.6354648526077096,22050,local_cpu_piper,
4708,target,xlsr_sls_model_v4_kk_spoof:Train/tv_news/5f710755b5e1f,v4:kk:Train/tv_news/5f710755b5e1f,kk-piper-issai-high-v1,piper_neural_tts,piper_kk_issai_high,ISSAI_KazakhTTS2_M2,,,succeeded,ISSAI_KazakhTTS2_M2,,,1430286961,1,[],raw/v4/xlsr_sls_model_v4_kk_spoof_raw_v1/kk-piper-issai-high-v1/6d/6ddceac707fdba2edc126f94348249c724aa34e771646034b4933819b8c0b03f.wav,d20150e7e1002dfe60a1317b700d5b56a05589c371ff0ce49e0642290b434b44,6.106848072562358,22050,local_cpu_piper,
4712,target,xlsr_sls_model_v4_kk_spoof:Train/talkshow/01_54_465,v4:kk:Train/talkshow/01_54_465,kk-piper-issai-high-v1,piper_neural_tts,piper_kk_issai_high,ISSAI_KazakhTTS_M1_Iseke,1,,succeeded,ISSAI_KazakhTTS_M1_Iseke,1,,106042735,1,[],raw/v4/xlsr_sls_model_v4_kk_spoof_raw_v1/kk-piper-issai-high-v1/f3/f3708bbb6383f9a5a1318c8665074c4996eac0bc919c24879cee352445ae62e1.wav,acc357f16be2642fb87d95bbd481c196f128694b2534f559da96e0c15ac29a18,4.295691609977324,22050,local_cpu_piper,
4716,target,xlsr_sls_model_v4_kk_spoof:Train/radio/01_87_159,v4:kk:Train/radio/01_87_159,kk-piper-issai-high-v1,piper_neural_tts,piper_kk_issai_high,ISSAI_KazakhTTS2_F3,2,,succeeded,ISSAI_KazakhTTS2_F3,2,,1523708980,1,[],raw/v4/xlsr_sls_model_v4_kk_spoof_raw_v1/kk-piper-issai-high-v1/c9/c9cd8fddd7f0ed6abf00b18c6ab78c2ab6d9b1674d4614c1d20c669d7aca509a.wav,fa6d177aad88e3ca51619b26c86bfef1aa62e27f938df5edaeb7c63014bea780,8.6378231292517,22050,local_cpu_piper,
4720,target,xlsr_sls_model_v4_kk_spoof:Train/talkshow/01_19_124,v4:kk:Train/talkshow/01_19_124,kk-piper-issai-high-v1,piper_neural_tts,piper_kk_issai_high,ISSAI_KazakhTTS_F1_Raya,3,,succeeded,ISSAI_KazakhTTS_F1_Raya,3,,681467195,1,[],raw/v4/xlsr_sls_model_v4_kk_spoof_raw_v1/kk-piper-issai-high-v1/e0/e0dc4a5280236d0887e45d37f0c32b5eed6d371a014cb4b24ed5088e902b0614.wav,2104ca718f0dde3b3ea63fd9abd6622682bb83f341b016f6b8b50b33c06d0cb6,7.22140589569161,22050,local_cpu_piper,
4724,target,xlsr_sls_model_v4_kk_spoof:Train/radio/01_81_182,v4:kk:Train/radio/01_81_182,kk-piper-issai-high-v1,piper_neural_tts,piper_kk_issai_high,ISSAI_KazakhTTS2_F1,4,,succeeded,ISSAI_KazakhTTS2_F1,4,,1626079253,1,[],raw/v4/xlsr_sls_model_v4_kk_spoof_raw_v1/kk-piper-issai-high-v1/23/23eeb0c6273a8809229c0d3d989484a9e4cfb56328117671970b06fec2491e2c.wav,8f3e81ec73b197c9f3deb7f442f23bc6d171e193cd0624034590d481bb6850aa,7.000816326530612,22050,local_cpu_piper,
4728,target,xlsr_sls_model_v4_kk_spoof:Train/podcasts/04_11_102,v4:kk:Train/podcasts/04_11_102,kk-piper-issai-high-v1,piper_neural_tts,piper_kk_issai_high,ISSAI_KazakhTTS2_F2,5,,succeeded,ISSAI_KazakhTTS2_F2,5,,287624322,1,[],raw/v4/xlsr_sls_model_v4_kk_spoof_raw_v1/kk-piper-issai-high-v1/80/804256e72909f0fac72ef5e02c86d442ceabceac3e86d63513ebaad106d91b57.wav,1a7f44721ff662f26d1e56344a4b0200d5c0a36f53b3a3a00b1392b21af21447,4.957460317460318,22050,local_cpu_piper,
4732,target,xlsr_sls_model_v4_kk_spoof:Train/podcasts/04_03_155,v4:kk:Train/podcasts/04_03_155,kk-piper-issai-high-v1,piper_neural_tts,piper_kk_issai_high,ISSAI_KazakhTTS2_M2,,,succeeded,ISSAI_KazakhTTS2_M2,,,277968269,1,[],raw/v4/xlsr_sls_model_v4_kk_spoof_raw_v1/kk-piper-issai-high-v1/e5/e54fa5deec49b0026398446a66fcb30495b8c8c0d1099a92b904b24260dc24df.wav,d34854aa936f1663fe0cf7519792fa6ab441d60d1bc24a5b3d94101f3fd96dbe,6.710566893424036,22050,local_cpu_piper,
4736,target,xlsr_sls_model_v4_kk_spoof:Train/radio/01_88_158,v4:kk:Train/radio/01_88_158,kk-piper-issai-high-v1,piper_neural_tts,piper_kk_issai_high,ISSAI_KazakhTTS_M1_Iseke,1,,succeeded,ISSAI_KazakhTTS_M1_Iseke,1,,246781304,1,[],raw/v4/xlsr_sls_model_v4_kk_spoof_raw_v1/kk-piper-issai-high-v1/74/7432cefdb7827a6da94b908dd661c3b232624c6fd85159fe3fe4168fd4b0fc3c.wav,220b873021783f8635a95682b8cd4af8c6c6272c8e4c28061d5100461c3cfe8c,11.993106575963719,22050,local_cpu_piper,
4740,target,xlsr_sls_model_v4_kk_spoof:Train/tv_news/5fe2a64a86fc3,v4:kk:Train/tv_news/5fe2a64a86fc3,kk-piper-issai-high-v1,piper_neural_tts,piper_kk_issai_high,ISSAI_KazakhTTS2_F3,2,,succeeded,ISSAI_KazakhTTS2_F3,2,,454699791,1,[],raw/v4/xlsr_sls_model_v4_kk_spoof_raw_v1/kk-piper-issai-high-v1/9a/9a742044d5c875993f0d7594c4657ab346c0533d7e33bb400c0f181bd27a8f7c.wav,f7fb0ccfcb4282e7693c049f5ce7e21ba2d1ba4df49907eb0c01567becf7fa86,5.828208616780046,22050,local_cpu_piper,
4744,target,xlsr_sls_model_v4_kk_spoof:Train/parliament/senate_15_668,v4:kk:Train/parliament/senate_15_668,kk-piper-issai-high-v1,piper_neural_tts,piper_kk_issai_high,ISSAI_KazakhTTS_F1_Raya,3,,succeeded,ISSAI_KazakhTTS_F1_Raya,3,,485446754,1,[],raw/v4/xlsr_sls_model_v4_kk_spoof_raw_v1/kk-piper-issai-high-v1/27/275847eed624d760c5a39111e6691439a29c3d4da1aa6e55ff58d2ca1a8feafc.wav,e80811fd9821025357e684cb39e055463f48f2c6dbd0e11080f863d3c5a12bc5,11.203628117913832,22050,local_cpu_piper,
4748,target,xlsr_sls_model_v4_kk_spoof:Train/talkshow/01_15_280,v4:kk:Train/talkshow/01_15_280,kk-piper-issai-high-v1,piper_neural_tts,piper_kk_issai_high,ISSAI_KazakhTTS2_F1,4,,succeeded,ISSAI_KazakhTTS2_F1,4,,635888123,1,[],raw/v4/xlsr_sls_model_v4_kk_spoof_raw_v1/kk-piper-issai-high-v1/ca/caa28adc77792d74e117515614cf2e7e3e0b609f32bb08eaebac851ecd010ca0.wav,80f4b56373b59f2dab7b2ce975b5ed099c78fe202d0c49272d07c931f58388d2,7.186575963718821,22050,local_cpu_piper,
4752,target,xlsr_sls_model_v4_kk_spoof:Train/talkshow/01_78_552,v4:kk:Train/talkshow/01_78_552,kk-piper-issai-high-v1,piper_neural_tts,piper_kk_issai_high,ISSAI_KazakhTTS2_F2,5,,succeeded,ISSAI_KazakhTTS2_F2,5,,700374591,1,[],raw/v4/xlsr_sls_model_v4_kk_spoof_raw_v1/kk-piper-issai-high-v1/fc/fcd730c379f5e0d9894e8a2c8f04a1a3e82af956848e5a617abab60a66e9becd.wav,13652a5954c81d58b169305889a4f56d5f69395c70303d7338d6165070b1de2c,1.2190476190476192,22050,local_cpu_piper,
4756,target,xlsr_sls_model_v4_kk_spoof:Train/podcasts/06_03_158,v4:kk:Train/podcasts/06_03_158,kk-piper-issai-high-v1,piper_neural_tts,piper_kk_issai_high,ISSAI_KazakhTTS2_M2,,,succeeded,ISSAI_KazakhTTS2_M2,,,2072105687,1,[],raw/v4/xlsr_sls_model_v4_kk_spoof_raw_v1/kk-piper-issai-high-v1/cc/cc3fe805258b91c295671e3c7641fa049b442cb7a182a8b38c7c695fc7bc70a4.wav,9917b96edd87aeb05925aa34b955ce87b76f38a01e903144e8ef08101325472e,7.198185941043084,22050,local_cpu_piper,
4760,target,xlsr_sls_model_v4_kk_spoof:Train/radio/01_20_142,v4:kk:Train/radio/01_20_142,kk-piper-issai-high-v1,piper_neural_tts,piper_kk_issai_high,ISSAI_KazakhTTS_M1_Iseke,1,,succeeded,ISSAI_KazakhTTS_M1_Iseke,1,,1885238543,1,[],raw/v4/xlsr_sls_model_v4_kk_spoof_raw_v1/kk-piper-issai-high-v1/0c/0c381f1134c4632cac11453ad855059a1faed50a4aadf7510029fe258cf51282.wav,2a4d02c25d3a0aea89348686fd00d03be669b01a628419d9b0b87b0254b9a357,5.735328798185941,22050,local_cpu_piper,
4764,target,xlsr_sls_model_v4_kk_spoof:Train/talkshow/01_75_114,v4:kk:Train/talkshow/01_75_114,kk-piper-issai-high-v1,piper_neural_tts,piper_kk_issai_high,ISSAI_KazakhTTS2_F3,2,,succeeded,ISSAI_KazakhTTS2_F3,2,,2002153571,1,[],raw/v4/xlsr_sls_model_v4_kk_spoof_raw_v1/kk-piper-issai-high-v1/3b/3b996d354583e20e41c75bc4636d3076c2a1f4618da450d6aec76d7b8760e969.wav,12878b8788f2fafb2396cff9adf25ceabff94c999732ab48364a850341fed5c7,2.089795918367347,22050,local_cpu_piper,
4768,target,xlsr_sls_model_v4_kk_spoof:Train/parliament/senate_09_283,v4:kk:Train/parliament/senate_09_283,kk-piper-issai-high-v1,piper_neural_tts,piper_kk_issai_high,ISSAI_KazakhTTS_F1_Raya,3,,succeeded,ISSAI_KazakhTTS_F1_Raya,3,,532704007,1,[],raw/v4/xlsr_sls_model_v4_kk_spoof_raw_v1/kk-piper-issai-high-v1/3a/3a5f85b031ed45582427e7eebf3a9a28cf4efc4935093c7c9bb0d8352685abf9.wav,8f05ab4503e16e1b8d63a4003e98ec9b0535cae37c207e488f9194231e787073,11.412607709750567,22050,local_cpu_piper,
4772,target,xlsr_sls_model_v4_kk_spoof:Train/tv_news/5f7105d723eb5,v4:kk:Train/tv_news/5f7105d723eb5,kk-piper-issai-high-v1,piper_neural_tts,piper_kk_issai_high,ISSAI_KazakhTTS2_F1,4,,succeeded,ISSAI_KazakhTTS2_F1,4,,1422407494,1,[],raw/v4/xlsr_sls_model_v4_kk_spoof_raw_v1/kk-piper-issai-high-v1/0e/0e6664bf64a8a48c94f2602726c53888b4487f1e16c3beaaee240f8bd43b6097.wav,e018e4a01e413837f1bc7466a7b6631efcd91b671e9ea3b098df5612e2ad7ae3,5.178049886621316,22050,local_cpu_piper,
4776,target,xlsr_sls_model_v4_kk_spoof:Train/radio/01_65_131,v4:kk:Train/radio/01_65_131,kk-piper-issai-high-v1,piper_neural_tts,piper_kk_issai_high,ISSAI_KazakhTTS2_F2,5,,succeeded,ISSAI_KazakhTTS2_F2,5,,500894973,1,[],raw/v4/xlsr_sls_model_v4_kk_spoof_raw_v1/kk-piper-issai-high-v1/a8/a8b34a9f0581a7f5c0316b8d0ffe25cc5e0e440897dda8220b0a2326f724e5d0.wav,291010d6d4a87b476595d06e0267b5ca78a21bf142cc52141c95e649c4a6f8ab,7.859954648526077,22050,local_cpu_piper,
4780,target,xlsr_sls_model_v4_kk_spoof:Train/tv_news/5fa2e6d6a856f,v4:kk:Train/tv_news/5fa2e6d6a856f,kk-piper-issai-high-v1,piper_neural_tts,piper_kk_issai_high,ISSAI_KazakhTTS2_M2,,,succeeded,ISSAI_KazakhTTS2_M2,,,1992221897,1,[],raw/v4/xlsr_sls_model_v4_kk_spoof_raw_v1/kk-piper-issai-high-v1/bd/bd3019aee848fd8d203423be74789745158dd2f5efcd6106dd76fe1de4050935.wav,605e51f4e412079761e00fb7eb3edf756631ac0ce761ee4f2a0f8996eee5d007,3.866122448979592,22050,local_cpu_piper,
4784,target,xlsr_sls_model_v4_kk_spoof:Train/parliament/senate_23_624,v4:kk:Train/parliament/senate_23_624,kk-piper-issai-high-v1,piper_neural_tts,piper_kk_issai_high,ISSAI_KazakhTTS_M1_Iseke,1,,succeeded,ISSAI_KazakhTTS_M1_Iseke,1,,1730670264,1,[],raw/v4/xlsr_sls_model_v4_kk_spoof_raw_v1/kk-piper-issai-high-v1/1c/1caf3a448b23c26411157ef8216d2f31b97455abdf1177e59108a394b4186c78.wav,df593c60555e9650d586c8ac92302863094b651c2a1602d4884befc8b8b916f2,3.912562358276644,22050,local_cpu_piper,
4788,target,xlsr_sls_model_v4_kk_spoof:Train/podcasts/06_08_238,v4:kk:Train/podcasts/06_08_238,kk-piper-issai-high-v1,piper_neural_tts,piper_kk_issai_high,ISSAI_KazakhTTS2_F3,2,,succeeded,ISSAI_KazakhTTS2_F3,2,,2109318262,1,[],raw/v4/xlsr_sls_model_v4_kk_spoof_raw_v1/kk-piper-issai-high-v1/e3/e3d6c34b8019f6bb2ba333f125caebfdb77c6d2db4e9a4eced2a2890ea0596a4.wav,7426799e5d409eb58711dde125b43457821b04e11fc68f684630afa5442f3d7c,9.311201814058958,22050,local_cpu_piper,
4792,target,xlsr_sls_model_v4_kk_spoof:Train/tv_news/6006d2d32b3ec,v4:kk:Train/tv_news/6006d2d32b3ec,kk-piper-issai-high-v1,piper_neural_tts,piper_kk_issai_high,ISSAI_KazakhTTS_F1_Raya,3,,succeeded,ISSAI_KazakhTTS_F1_Raya,3,,1693573434,1,[],raw/v4/xlsr_sls_model_v4_kk_spoof_raw_v1/kk-piper-issai-high-v1/fd/fd176a676b620c4776e1a6e746dba068c2f83350ff29533fcaf5d064f087b40b.wav,0216afbb9dbfcb7ea1592f32cfe4a42784ac2eb518a399cb1f6420c1dfe3f08a,7.511655328798186,22050,local_cpu_piper,
4796,target,xlsr_sls_model_v4_kk_spoof:Train/radio/01_74_055,v4:kk:Train/radio/01_74_055,kk-piper-issai-high-v1,piper_neural_tts,piper_kk_issai_high,ISSAI_KazakhTTS2_F1,4,,succeeded,ISSAI_KazakhTTS2_F1,4,,1932760035,1,[],raw/v4/xlsr_sls_model_v4_kk_spoof_raw_v1/kk-piper-issai-high-v1/d8/d863701822527ceca5061b71757e72e94c6b88aedbacad6925527df8633de258.wav,5dfcd9a5466d9976394543f7433eda4034f2d87b0f6494f9c293223213bc6daf,1.7298866213151927,22050,local_cpu_piper,
4800,target,xlsr_sls_model_v4_kk_spoof:Train/tv_news/5f71d106e2d83,v4:kk:Train/tv_news/5f71d106e2d83,kk-piper-issai-high-v1,piper_neural_tts,piper_kk_issai_high,ISSAI_KazakhTTS2_F2,5,,succeeded,ISSAI_KazakhTTS2_F2,5,,121088490,1,[],raw/v4/xlsr_sls_model_v4_kk_spoof_raw_v1/kk-piper-issai-high-v1/ec/ecabdfc73d21e4290cb5eb1924f5b909d62f2db76b47e550636793ffb3d7fa5a.wav,77bc734e80aeceef6fc71e5047c0dd8d064300073da5bc980b56bca2bbcb9326,4.156371882086168,22050,local_cpu_piper,
4804,target,xlsr_sls_model_v4_kk_spoof:Train/parliament/mazhilis_03_167,v4:kk:Train/parliament/mazhilis_03_167,kk-piper-issai-high-v1,piper_neural_tts,piper_kk_issai_high,ISSAI_KazakhTTS2_M2,,,succeeded,ISSAI_KazakhTTS2_M2,,,1730657606,1,[],raw/v4/xlsr_sls_model_v4_kk_spoof_raw_v1/kk-piper-issai-high-v1/3d/3d2a33d651b5043c83ab5fd0ea7a9891adeeca8507cc44f2ec14d7c440c6766f.wav,d67fede527e2b42809b260aa341e837ff5340476a5b039cfc7cc9bca018d9a14,6.211337868480726,22050,local_cpu_piper,
4808,target,xlsr_sls_model_v4_kk_spoof:Train/talkshow/01_58_063,v4:kk:Train/talkshow/01_58_063,kk-piper-issai-high-v1,piper_neural_tts,piper_kk_issai_high,ISSAI_KazakhTTS_M1_Iseke,1,,succeeded,ISSAI_KazakhTTS_M1_Iseke,1,,258194566,1,[],raw/v4/xlsr_sls_model_v4_kk_spoof_raw_v1/kk-piper-issai-high-v1/ea/ea7801589250fd52454872f3c9e818a176d424a5deafdfef5f91eaba5eb79df0.wav,8d88b4de8df67a1241ee350a3efa4ee0dd9768aa3cd7d1532e376518fac029b9,5.154829931972789,22050,local_cpu_piper,
4812,target,xlsr_sls_model_v4_kk_spoof:Train/talkshow/01_48_224,v4:kk:Train/talkshow/01_48_224,kk-piper-issai-high-v1,piper_neural_tts,piper_kk_issai_high,ISSAI_KazakhTTS2_F3,2,,succeeded,ISSAI_KazakhTTS2_F3,2,,123266569,1,[],raw/v4/xlsr_sls_model_v4_kk_spoof_raw_v1/kk-piper-issai-high-v1/4b/4b015c112e6e67cb61cf1d8ce68f1c5d3687dd6cb280f7498ddc3dcc92544723.wav,b17e35d2a71fda12b3ddfb8c90af37e001780f36172c6fdf24c9d726a368e0a1,6.30421768707483,22050,local_cpu_piper,
4816,target,xlsr_sls_model_v4_kk_spoof:Train/radio/01_20_341,v4:kk:Train/radio/01_20_341,kk-piper-issai-high-v1,piper_neural_tts,piper_kk_issai_high,ISSAI_KazakhTTS_F1_Raya,3,,succeeded,ISSAI_KazakhTTS_F1_Raya,3,,1372068214,1,[],raw/v4/xlsr_sls_model_v4_kk_spoof_raw_v1/kk-piper-issai-high-v1/15/151b366abbe6a97fc57c7c9f430d93542f4525873432050efd728dc49bbda6b3.wav,5c18847e657e9d9f4beaa0fcf11a5dacf4199a0b08cd115a631d2777b52315e4,2.1710657596371883,22050,local_cpu_piper,
4820,target,xlsr_sls_model_v4_kk_spoof:Train/podcasts/06_08_094,v4:kk:Train/podcasts/06_08_094,kk-piper-issai-high-v1,piper_neural_tts,piper_kk_issai_high,ISSAI_KazakhTTS2_F1,4,,succeeded,ISSAI_KazakhTTS2_F1,4,,1294459810,1,[],raw/v4/xlsr_sls_model_v4_kk_spoof_raw_v1/kk-piper-issai-high-v1/85/85a17d7572ae4ba236aacabc20f7d209d3bf08d53fb5077a8db825eacb5f3482.wav,80e2bcc3f0cfdeb6dc91143bace6363750a2e75eb55619ca702d480e8a76ab24,5.804988662131519,22050,local_cpu_piper,
4824,target,xlsr_sls_model_v4_kk_spoof:Train/radio/01_41_065,v4:kk:Train/radio/01_41_065,kk-piper-issai-high-v1,piper_neural_tts,piper_kk_issai_high,ISSAI_KazakhTTS2_F2,5,,succeeded,ISSAI_KazakhTTS2_F2,5,,1154282241,1,[],raw/v4/xlsr_sls_model_v4_kk_spoof_raw_v1/kk-piper-issai-high-v1/4f/4f41c4db82818496db4b4d4420cccd2b49ba94e3be53afafb23f66601dc6d36b.wav,ee7f21a40b9406e83581abaf151f07676b44904c8634f056bb29b814cc7ad2e3,1.9853061224489796,22050,local_cpu_piper,
4828,target,xlsr_sls_model_v4_kk_spoof:Train/podcasts/03_81_296,v4:kk:Train/podcasts/03_81_296,kk-piper-issai-high-v1,piper_neural_tts,piper_kk_issai_high,ISSAI_KazakhTTS2_M2,,,succeeded,ISSAI_KazakhTTS2_M2,,,1378135246,1,[],raw/v4/xlsr_sls_model_v4_kk_spoof_raw_v1/kk-piper-issai-high-v1/bd/bd2260fd4550208c278ca31bb6722507b49209f04a3ff0858b917c30973feefb.wav,c79496e12b4cc592c446046867a58bcbaa9627f3c6d8192f58590b8dde3ca717,5.5495691609977325,22050,local_cpu_piper,
4832,target,xlsr_sls_model_v4_kk_spoof:Train/podcasts/03_78_22,v4:kk:Train/podcasts/03_78_22,kk-piper-issai-high-v1,piper_neural_tts,piper_kk_issai_high,ISSAI_KazakhTTS_M1_Iseke,1,,succeeded,ISSAI_KazakhTTS_M1_Iseke,1,,1340177822,1,[],raw/v4/xlsr_sls_model_v4_kk_spoof_raw_v1/kk-piper-issai-high-v1/55/5514708eb2ac06fbe0ad70ae28769f2ed9ca9fcfe7d83cf839846033287e80c9.wav,97ec2b2a2e433a69c8eb4ef0e4daee41916b0ec5c2ac3973ff1b8de9f25ca77a,2.2291156462585033,22050,local_cpu_piper,
4836,target,xlsr_sls_model_v4_kk_spoof:Train/podcasts/08_11_056,v4:kk:Train/podcasts/08_11_056,kk-piper-issai-high-v1,piper_neural_tts,piper_kk_issai_high,ISSAI_KazakhTTS2_F3,2,,succeeded,ISSAI_KazakhTTS2_F3,2,,1894221010,1,[],raw/v4/xlsr_sls_model_v4_kk_spoof_raw_v1/kk-piper-issai-high-v1/13/13fa726daa7d208897ef31aa7861f91a9f31db3517621e20562e076156985c38.wav,0a1f56a23ff4502b10f58aecd093113bf2e41ebddd3bd33f2f65037ee6d3a17b,3.274013605442177,22050,local_cpu_piper,
4840,target,xlsr_sls_model_v4_kk_spoof:Train/radio/01_84_330,v4:kk:Train/radio/01_84_330,kk-piper-issai-high-v1,piper_neural_tts,piper_kk_issai_high,ISSAI_KazakhTTS_F1_Raya,3,,succeeded,ISSAI_KazakhTTS_F1_Raya,3,,1125005491,1,[],raw/v4/xlsr_sls_model_v4_kk_spoof_raw_v1/kk-piper-issai-high-v1/92/92116627683b682c2bc957955d06b717fa7ba9922c7db77d43e0ec5ee5076669.wav,ac4fc022031d4991a7dd040c372cd0436096c67bfaf4b553fbe3c1bf30d71131,1.1145578231292517,22050,local_cpu_piper,
4844,target,xlsr_sls_model_v4_kk_spoof:Train/radio/01_89_159,v4:kk:Train/radio/01_89_159,kk-piper-issai-high-v1,piper_neural_tts,piper_kk_issai_high,ISSAI_KazakhTTS2_F1,4,,succeeded,ISSAI_KazakhTTS2_F1,4,,1367986270,1,[],raw/v4/xlsr_sls_model_v4_kk_spoof_raw_v1/kk-piper-issai-high-v1/e3/e38f155d6578560b33fa93011b5e35f97256433bd74ce26b973f69365d9ced23.wav,c96c6d524055a9116016064e108475742c1ee254aca10ad3685c69ed0235af78,2.159455782312925,22050,local_cpu_piper,
4848,target,xlsr_sls_model_v4_kk_spoof:Train/parliament/senate_23_187,v4:kk:Train/parliament/senate_23_187,kk-piper-issai-high-v1,piper_neural_tts,piper_kk_issai_high,ISSAI_KazakhTTS2_F2,5,,succeeded,ISSAI_KazakhTTS2_F2,5,,1999752538,1,[],raw/v4/xlsr_sls_model_v4_kk_spoof_raw_v1/kk-piper-issai-high-v1/c1/c137e01d3595e39098d6f8259b7cb1de984ee99067186d53ef630888e6c54abb.wav,03328e14a4bafd4d1f956249842da6bda3aa555777ed4e3dd825de67b52d941f,2.4961451247165534,22050,local_cpu_piper,
4852,target,xlsr_sls_model_v4_kk_spoof:Train/talkshow/01_52_049,v4:kk:Train/talkshow/01_52_049,kk-piper-issai-high-v1,piper_neural_tts,piper_kk_issai_high,ISSAI_KazakhTTS2_M2,,,succeeded,ISSAI_KazakhTTS2_M2,,,1681978070,1,[],raw/v4/xlsr_sls_model_v4_kk_spoof_raw_v1/kk-piper-issai-high-v1/6f/6fb432ce752db21c9cde89b3bd202f80f42e235c9403f44583f6930140a47180.wav,4d39ce4aceb2d42bdbfb9a0d0fe05bea46ee2104b8568066780caaa35a5080ac,4.063492063492063,22050,local_cpu_piper,
4856,target,xlsr_sls_model_v4_kk_spoof:Train/talkshow/01_44_143,v4:kk:Train/talkshow/01_44_143,kk-piper-issai-high-v1,piper_neural_tts,piper_kk_issai_high,ISSAI_KazakhTTS_M1_Iseke,1,,succeeded,ISSAI_KazakhTTS_M1_Iseke,1,,581875026,1,[],raw/v4/xlsr_sls_model_v4_kk_spoof_raw_v1/kk-piper-issai-high-v1/ce/ce11b319c15c92385d032a908234ae1ddec73b4af2f3e5bd9c0bdac797841038.wav,0068540a488e1a93bc69425d2abf7825576d0b94d6a20768a16732104ae1322b,3.947392290249433,22050,local_cpu_piper,
4860,target,xlsr_sls_model_v4_kk_spoof:Train/radio/01_68_099,v4:kk:Train/radio/01_68_099,kk-piper-issai-high-v1,piper_neural_tts,piper_kk_issai_high,ISSAI_KazakhTTS2_F3,2,,succeeded,ISSAI_KazakhTTS2_F3,2,,1489644320,1,[],raw/v4/xlsr_sls_model_v4_kk_spoof_raw_v1/kk-piper-issai-high-v1/14/14f016f3186448f0a2e29789aa6e6bb77dcd297175a1320a5024e711172ed4a3.wav,3571df11de6272dcd2c04e6ce64e7b9860ea0255fb3ab57219de5ca639007aa7,5.305759637188209,22050,local_cpu_piper,
4864,target,xlsr_sls_model_v4_kk_spoof:Train/radio/01_39_097,v4:kk:Train/radio/01_39_097,kk-piper-issai-high-v1,piper_neural_tts,piper_kk_issai_high,ISSAI_KazakhTTS_F1_Raya,3,,succeeded,ISSAI_KazakhTTS_F1_Raya,3,,946083664,1,[],raw/v4/xlsr_sls_model_v4_kk_spoof_raw_v1/kk-piper-issai-high-v1/19/1912e82d9dcff58513915580da3fbcbb704f766e8de9a1c8e82dc129260c37f4.wav,86fbc8b07c9900f86c2628fd731552a760abd32b77ac228edd492a40e5b5d218,5.758548752834467,22050,local_cpu_piper,
4868,target,xlsr_sls_model_v4_kk_spoof:Train/podcasts/04_02_143,v4:kk:Train/podcasts/04_02_143,kk-piper-issai-high-v1,piper_neural_tts,piper_kk_issai_high,ISSAI_KazakhTTS2_F1,4,,succeeded,ISSAI_KazakhTTS2_F1,4,,1158613240,1,[],raw/v4/xlsr_sls_model_v4_kk_spoof_raw_v1/kk-piper-issai-high-v1/98/9878df16558eabefe8a6b7c095a26433bf937d301ed436cdfa9c48c6f61a0e23.wav,39b381e0f9a76504bb98e47d7423db69ecad65377d857bd5f1c001705c2bc604,1.4512471655328798,22050,local_cpu_piper,
4872,target,xlsr_sls_model_v4_kk_spoof:Train/talkshow/01_45_276,v4:kk:Train/talkshow/01_45_276,kk-piper-issai-high-v1,piper_neural_tts,piper_kk_issai_high,ISSAI_KazakhTTS2_F2,5,,succeeded,ISSAI_KazakhTTS2_F2,5,,1881279089,1,[],raw/v4/xlsr_sls_model_v4_kk_spoof_raw_v1/kk-piper-issai-high-v1/90/90a1b80198d136dc593d0c15a95b3554107eba562e720734b7393be06f60d483.wav,19061177a9ff92fa5850c2fba7a50ba60f10d536acaa0bc6d7f0c8b848b34988,4.73687074829932,22050,local_cpu_piper,
4876,target,xlsr_sls_model_v4_kk_spoof:Train/parliament/senate_04_089,v4:kk:Train/parliament/senate_04_089,kk-piper-issai-high-v1,piper_neural_tts,piper_kk_issai_high,ISSAI_KazakhTTS2_M2,,,succeeded,ISSAI_KazakhTTS2_M2,,,293926736,1,[],raw/v4/xlsr_sls_model_v4_kk_spoof_raw_v1/kk-piper-issai-high-v1/c6/c64c935ba81a22f2a38f3e104f693ac6e273660d2d66ed10f302c845ec05cbdb.wav,95e8467b655ba700cdcd913aa70d526b68efb4b4ff6bd03dd51f6eda2a55a475,5.143219954648526,22050,local_cpu_piper,
4880,target,xlsr_sls_model_v4_kk_spoof:Train/parliament/senate_22_387,v4:kk:Train/parliament/senate_22_387,kk-piper-issai-high-v1,piper_neural_tts,piper_kk_issai_high,ISSAI_KazakhTTS_M1_Iseke,1,,succeeded,ISSAI_KazakhTTS_M1_Iseke,1,,1287066975,1,[],raw/v4/xlsr_sls_model_v4_kk_spoof_raw_v1/kk-piper-issai-high-v1/59/5906bcc3f7ad1ab9c5e9225cabdedd7940b9d18c3f793daf9b1c33e1edafdf22.wav,c39848a4417e35275d9ef82fd8a11be3220575505316ce9b0b501facc6717e9b,6.861496598639456,22050,local_cpu_piper,
4884,target,xlsr_sls_model_v4_kk_spoof:Train/talkshow/01_07_247,v4:kk:Train/talkshow/01_07_247,kk-piper-issai-high-v1,piper_neural_tts,piper_kk_issai_high,ISSAI_KazakhTTS2_F3,2,,succeeded,ISSAI_KazakhTTS2_F3,2,,735825134,1,[],raw/v4/xlsr_sls_model_v4_kk_spoof_raw_v1/kk-piper-issai-high-v1/33/33f3736bb9eb90ab3f99e03ea1a6c6eca7a07c156c35bd12f8a0c8fa26495eab.wav,df1429c228aa5189020fb09c858e86209428d3bfa1cac18847fe2718420ecc05,4.005442176870749,22050,local_cpu_piper,
4888,target,xlsr_sls_model_v4_kk_spoof:Train/radio/01_20_002,v4:kk:Train/radio/01_20_002,kk-piper-issai-high-v1,piper_neural_tts,piper_kk_issai_high,ISSAI_KazakhTTS_F1_Raya,3,,succeeded,ISSAI_KazakhTTS_F1_Raya,3,,102580222,1,[],raw/v4/xlsr_sls_model_v4_kk_spoof_raw_v1/kk-piper-issai-high-v1/53/53cb4a7df399ab2a1694aaba7ccbdfe1db4f944d091d0ce6a7e5c3d5bed6ae3c.wav,65ca1356a45d6e112766aac0e4b90966ccb9482a2e4f449dfb12800c616b56a3,4.911020408163266,22050,local_cpu_piper,
4892,target,xlsr_sls_model_v4_kk_spoof:Train/tv_news/6006d28cf229b,v4:kk:Train/tv_news/6006d28cf229b,kk-piper-issai-high-v1,piper_neural_tts,piper_kk_issai_high,ISSAI_KazakhTTS2_F1,4,,succeeded,ISSAI_KazakhTTS2_F1,4,,2113088428,1,[],raw/v4/xlsr_sls_model_v4_kk_spoof_raw_v1/kk-piper-issai-high-v1/2c/2cabb1c122af6915880a8bbd9eb4af2b55805985dcda974bb4487da1d973ba33.wav,9b2f1eb59a2a3f27f2c608bf767484fa6188ebe39c8a3e0039515e2c994cc13e,7.082086167800454,22050,local_cpu_piper,
4896,target,xlsr_sls_model_v4_kk_spoof:Train/tv_news/6006d262c6b63,v4:kk:Train/tv_news/6006d262c6b63,kk-piper-issai-high-v1,piper_neural_tts,piper_kk_issai_high,ISSAI_KazakhTTS2_F2,5,,succeeded,ISSAI_KazakhTTS2_F2,5,,632169866,1,[],raw/v4/xlsr_sls_model_v4_kk_spoof_raw_v1/kk-piper-issai-high-v1/19/19402850e433ef1617221030bf1acffdecf3ff43ecd994355178cb2904b30699.wav,f11127a473b29f2204df2ef702031d54458b1ea9c4b471765fd834f06799081d,3.053424036281179,22050,local_cpu_piper,
4900,target,xlsr_sls_model_v4_kk_spoof:Train/parliament/senate_20_1083,v4:kk:Train/parliament/senate_20_1083,kk-piper-issai-high-v1,piper_neural_tts,piper_kk_issai_high,ISSAI_KazakhTTS2_M2,,,succeeded,ISSAI_KazakhTTS2_M2,,,1262662145,1,[],raw/v4/xlsr_sls_model_v4_kk_spoof_raw_v1/kk-piper-issai-high-v1/db/dbb3095902b6f040f82001fb0666a5f4eaa5189b1032c7533300f571d16e1679.wav,0014bbf06f3a8de044b7b36d00e9df408ea9ca3b2fe7f2bff5ee5aede5fa7369,3.889342403628118,22050,local_cpu_piper,
4904,target,xlsr_sls_model_v4_kk_spoof:Train/parliament/senate_23_319,v4:kk:Train/parliament/senate_23_319,kk-piper-issai-high-v1,piper_neural_tts,piper_kk_issai_high,ISSAI_KazakhTTS_M1_Iseke,1,,succeeded,ISSAI_KazakhTTS_M1_Iseke,1,,975081903,1,[],raw/v4/xlsr_sls_model_v4_kk_spoof_raw_v1/kk-piper-issai-high-v1/37/3766478af921fd3fbd327d587e77641f4dd7a2a038c419ca38d6a51888163df0.wav,ba8063ff9cfbab064026575a90684f450b7fb0d96410cd574e50be7c4c9c36d2,4.864580498866213,22050,local_cpu_piper,
4908,target,xlsr_sls_model_v4_kk_spoof:Train/parliament/mazhilis_27_202,v4:kk:Train/parliament/mazhilis_27_202,kk-piper-issai-high-v1,piper_neural_tts,piper_kk_issai_high,ISSAI_KazakhTTS2_F3,2,,succeeded,ISSAI_KazakhTTS2_F3,2,,66494515,1,[],raw/v4/xlsr_sls_model_v4_kk_spoof_raw_v1/kk-piper-issai-high-v1/e5/e536c50aed80ce7981dd5f6d79574db8fd53bdf52da9fda558c4de59f45a316e.wav,95f4b39abfa4781974638b56b3415ed0bc3f43252db7405a4e8c7acb26d3e004,4.504671201814059,22050,local_cpu_piper,
4912,target,xlsr_sls_model_v4_kk_spoof:Train/radio/01_13_271,v4:kk:Train/radio/01_13_271,kk-piper-issai-high-v1,piper_neural_tts,piper_kk_issai_high,ISSAI_KazakhTTS_F1_Raya,3,,succeeded,ISSAI_KazakhTTS_F1_Raya,3,,917035726,1,[],raw/v4/xlsr_sls_model_v4_kk_spoof_raw_v1/kk-piper-issai-high-v1/a3/a3026c4666c2fb0f6eedf4b148694359d8e60f7838439ac47c982fa94d92c1cb.wav,07edc0eefbe0e4d519a9f9495c5dc55de6eb517787f35de9143cbcfb7de9ddaa,3.93578231292517,22050,local_cpu_piper,
4916,target,xlsr_sls_model_v4_kk_spoof:Train/talkshow/01_79_409,v4:kk:Train/talkshow/01_79_409,kk-piper-issai-high-v1,piper_neural_tts,piper_kk_issai_high,ISSAI_KazakhTTS2_F1,4,,succeeded,ISSAI_KazakhTTS2_F1,4,,615442327,1,[],raw/v4/xlsr_sls_model_v4_kk_spoof_raw_v1/kk-piper-issai-high-v1/39/3949099ae356473ca7c246ada3f13d3a6e30b92be9238eb231649beea6fdc6bd.wav,8861208515a2ee16f651ae56a08cd75510663593ac810cc7584166db1a9102d7,5.073560090702948,22050,local_cpu_piper,
4920,target,xlsr_sls_model_v4_kk_spoof:Train/radio/01_42_041,v4:kk:Train/radio/01_42_041,kk-piper-issai-high-v1,piper_neural_tts,piper_kk_issai_high,ISSAI_KazakhTTS2_F2,5,,succeeded,ISSAI_KazakhTTS2_F2,5,,225094950,1,[],raw/v4/xlsr_sls_model_v4_kk_spoof_raw_v1/kk-piper-issai-high-v1/03/0374609a88d8bc0d9974567beea12a45ce8ca30e9045fec3691a012b69b0da83.wav,c1ed9993843fd85cd9ca0d7ad213b6c56108540eb60bd0dcbe7a32da42f286b3,2.8328344671201813,22050,local_cpu_piper,
4924,target,xlsr_sls_model_v4_kk_spoof:Train/radio/01_81_172,v4:kk:Train/radio/01_81_172,kk-piper-issai-high-v1,piper_neural_tts,piper_kk_issai_high,ISSAI_KazakhTTS2_M2,,,succeeded,ISSAI_KazakhTTS2_M2,,,499768349,1,[],raw/v4/xlsr_sls_model_v4_kk_spoof_raw_v1/kk-piper-issai-high-v1/ee/ee80a310b36767de0f6998743a5ee4fdd987a13c97ee07ba1d69df6e2ad354b9.wav,b723b2970efa5a82ae2cdd4cbb6f95c587e2ed6bfceef357740cd1f5b44d6e9c,3.1463038548752835,22050,local_cpu_piper,
4928,target,xlsr_sls_model_v4_kk_spoof:Train/podcasts/01_00_389,v4:kk:Train/podcasts/01_00_389,kk-piper-issai-high-v1,piper_neural_tts,piper_kk_issai_high,ISSAI_KazakhTTS_M1_Iseke,1,,succeeded,ISSAI_KazakhTTS_M1_Iseke,1,,1216834316,1,[],raw/v4/xlsr_sls_model_v4_kk_spoof_raw_v1/kk-piper-issai-high-v1/2a/2ae74f541bd4912917f5fa9672c7e371d57a04fd1f90356fa3f8f1cc2d56394c.wav,de2004e5f44d5314b0b6014ac4e969dd55dbb9d2c1c1c2d851b97a4b01428c4b,7.534875283446712,22050,local_cpu_piper,
4932,target,xlsr_sls_model_v4_kk_spoof:Train/parliament/senate_20_0116,v4:kk:Train/parliament/senate_20_0116,kk-piper-issai-high-v1,piper_neural_tts,piper_kk_issai_high,ISSAI_KazakhTTS2_F3,2,,succeeded,ISSAI_KazakhTTS2_F3,2,,2048618124,1,[],raw/v4/xlsr_sls_model_v4_kk_spoof_raw_v1/kk-piper-issai-high-v1/a7/a79392ad5a8c6675770c7b6053f149a29d26f145d8538d323f9f3a3e744c64ef.wav,bbaba38c76ad72e38fb99d5320826531efb93bff8609da1008292e5480cff455,8.928072562358278,22050,local_cpu_piper,
4936,target,xlsr_sls_model_v4_kk_spoof:Train/talkshow/01_10_059,v4:kk:Train/talkshow/01_10_059,kk-piper-issai-high-v1,piper_neural_tts,piper_kk_issai_high,ISSAI_KazakhTTS_F1_Raya,3,,succeeded,ISSAI_KazakhTTS_F1_Raya,3,,1350591758,1,[],raw/v4/xlsr_sls_model_v4_kk_spoof_raw_v1/kk-piper-issai-high-v1/29/298e3ab230b33a3096f18c3bee7bd5003236acf4e8026596d2a42d85f67a804d.wav,9a9094c2426eac73c6b8321099f5bf82e8c3d474c1dd8e765613b35fe8d30d1f,4.051882086167801,22050,local_cpu_piper,
4940,target,xlsr_sls_model_v4_kk_spoof:Train/talkshow/01_48_281,v4:kk:Train/talkshow/01_48_281,kk-piper-issai-high-v1,piper_neural_tts,piper_kk_issai_high,ISSAI_KazakhTTS2_F1,4,,succeeded,ISSAI_KazakhTTS2_F1,4,,42238541,1,[],raw/v4/xlsr_sls_model_v4_kk_spoof_raw_v1/kk-piper-issai-high-v1/cb/cbe7708b00e382b7e3251d0072df5d8dba23531b18a485c477a9c61108c04a9e.wav,44d22746fef4bd6725abff73378889d95034cea17a4e8d915dedf04acfa3b1e8,8.510113378684807,22050,local_cpu_piper,
4944,target,xlsr_sls_model_v4_kk_spoof:Train/podcasts/06_09_018,v4:kk:Train/podcasts/06_09_018,kk-piper-issai-high-v1,piper_neural_tts,piper_kk_issai_high,ISSAI_KazakhTTS2_F2,5,,succeeded,ISSAI_KazakhTTS2_F2,5,,1021247243,1,[],raw/v4/xlsr_sls_model_v4_kk_spoof_raw_v1/kk-piper-issai-high-v1/b1/b19bf19f401978468a1abbef8ba693671d7400e790895a1c3b45fd80974d675f.wav,ea41da30371b8c4aab60f27375fe989e59759d7ba0b7e88363c591b70f2f474c,5.677278911564626,22050,local_cpu_piper,
4948,target,xlsr_sls_model_v4_kk_spoof:Train/podcasts/04_00_386,v4:kk:Train/podcasts/04_00_386,kk-piper-issai-high-v1,piper_neural_tts,piper_kk_issai_high,ISSAI_KazakhTTS2_M2,,,succeeded,ISSAI_KazakhTTS2_M2,,,855844874,1,[],raw/v4/xlsr_sls_model_v4_kk_spoof_raw_v1/kk-piper-issai-high-v1/53/53fb0829bd3b3eb6b2afd7eb3162159e259c7815441bf09394af0d538710f8d7.wav,4d8af796dbf0af9084b8e3a09de479305b846f1b61df2df80c28486d0d5f47f0,5.433469387755102,22050,local_cpu_piper,
4952,target,xlsr_sls_model_v4_kk_spoof:Train/radio/01_71_390,v4:kk:Train/radio/01_71_390,kk-piper-issai-high-v1,piper_neural_tts,piper_kk_issai_high,ISSAI_KazakhTTS_M1_Iseke,1,,succeeded,ISSAI_KazakhTTS_M1_Iseke,1,,1595062071,1,[],raw/v4/xlsr_sls_model_v4_kk_spoof_raw_v1/kk-piper-issai-high-v1/f5/f568858ac16518f772e1cae246d04a4f4491f4b66677dd71d00e3cc118ecf41c.wav,6b9de347da3c61bb3733bba3405db0f30d66ef1fd218a10d292b9af5e0b6f70a,5.758548752834467,22050,local_cpu_piper,
4956,target,xlsr_sls_model_v4_kk_spoof:Train/tv_news/5f71cf8b3fa6d,v4:kk:Train/tv_news/5f71cf8b3fa6d,kk-piper-issai-high-v1,piper_neural_tts,piper_kk_issai_high,ISSAI_KazakhTTS2_F3,2,,succeeded,ISSAI_KazakhTTS2_F3,2,,60006817,1,[],raw/v4/xlsr_sls_model_v4_kk_spoof_raw_v1/kk-piper-issai-high-v1/12/12ffd01259f887028f4944c1ac4107c9ca654dc44734d1ecef922d4c467c1c08.wav,63140e4069030e0c5095117e1b26ebc5ed89c1f31ba5425da399e105c3e217db,7.151746031746032,22050,local_cpu_piper,
4960,target,xlsr_sls_model_v4_kk_spoof:Train/radio/01_76_202,v4:kk:Train/radio/01_76_202,kk-piper-issai-high-v1,piper_neural_tts,piper_kk_issai_high,ISSAI_KazakhTTS_F1_Raya,3,,succeeded,ISSAI_KazakhTTS_F1_Raya,3,,2097391712,1,[],raw/v4/xlsr_sls_model_v4_kk_spoof_raw_v1/kk-piper-issai-high-v1/93/93f3b91a75326a5105ca9454d1395d6f9450b4015586fe94d8acdd0e1cad0fbb.wav,b38f4cbf930efd0a91c5e1221747cd1154d90d2f823b1219962c643dfb2aedd8,1.7647165532879818,22050,local_cpu_piper,
4964,target,xlsr_sls_model_v4_kk_spoof:Train/radio/01_55_427,v4:kk:Train/radio/01_55_427,kk-piper-issai-high-v1,piper_neural_tts,piper_kk_issai_high,ISSAI_KazakhTTS2_F1,4,,succeeded,ISSAI_KazakhTTS2_F1,4,,297719883,1,[],raw/v4/xlsr_sls_model_v4_kk_spoof_raw_v1/kk-piper-issai-high-v1/31/31b0934868e4bfcc5997244a10cf0329c2e6e2a7f9fff03aed64d09e1f685843.wav,88473e044a8608b432b5722ebf3839d06b65641602b10af0f3ae045f387eecb6,2.647074829931973,22050,local_cpu_piper,
4968,target,xlsr_sls_model_v4_kk_spoof:Train/podcasts/06_09_374,v4:kk:Train/podcasts/06_09_374,kk-piper-issai-high-v1,piper_neural_tts,piper_kk_issai_high,ISSAI_KazakhTTS2_F2,5,,succeeded,ISSAI_KazakhTTS2_F2,5,,1226767161,1,[],raw/v4/xlsr_sls_model_v4_kk_spoof_raw_v1/kk-piper-issai-high-v1/5b/5b78362ff7ced04faa46f74c0a02d7fc293ea34863622e18e140b0e19f12e507.wav,26d2f0cfb237cc7eba6e078ee7eb27e5dd7618be4d4583487349fc29060d5fc4,8.359183673469389,22050,local_cpu_piper,
4972,target,xlsr_sls_model_v4_kk_spoof:Train/tv_news/5f71d1ba66295,v4:kk:Train/tv_news/5f71d1ba66295,kk-piper-issai-high-v1,piper_neural_tts,piper_kk_issai_high,ISSAI_KazakhTTS2_M2,,,succeeded,ISSAI_KazakhTTS2_M2,,,3362489,1,[],raw/v4/xlsr_sls_model_v4_kk_spoof_raw_v1/kk-piper-issai-high-v1/d6/d6c3d6936362db1306c9ae31aa20d524476eb3188656553c2e015d3495cb2b7d.wav,0c630a1722be3bc22e7cbb3338895b54deb5b6f9ccf5035af62f41123fbdd777,4.330521541950113,22050,local_cpu_piper,
4976,target,xlsr_sls_model_v4_kk_spoof:Train/radio/01_88_337,v4:kk:Train/radio/01_88_337,kk-piper-issai-high-v1,piper_neural_tts,piper_kk_issai_high,ISSAI_KazakhTTS_M1_Iseke,1,,succeeded,ISSAI_KazakhTTS_M1_Iseke,1,,1189763690,1,[],raw/v4/xlsr_sls_model_v4_kk_spoof_raw_v1/kk-piper-issai-high-v1/29/296cab59c9bf2210b08d819510ef9fdfc4b6b1a05a6de78a84dba394ba9bfd0d.wav,eb0620f8404c711eef49232edf6032202423e4f8c6c51c5d822832b038eeb154,8.208253968253969,22050,local_cpu_piper,
4980,target,xlsr_sls_model_v4_kk_spoof:Train/podcasts/06_05_121,v4:kk:Train/podcasts/06_05_121,kk-piper-issai-high-v1,piper_neural_tts,piper_kk_issai_high,ISSAI_KazakhTTS2_F3,2,,succeeded,ISSAI_KazakhTTS2_F3,2,,1681932989,1,[],raw/v4/xlsr_sls_model_v4_kk_spoof_raw_v1/kk-piper-issai-high-v1/be/be4443fa4d3ca3223a279607c8e65b7e00fc476fbb0f78d3ff0cc682587b46ee.wav,a5918461d3fada424d153a120304c2b374820f6ec33e9fcfea63e6bfc6f34054,5.259319727891157,22050,local_cpu_piper,
4984,target,xlsr_sls_model_v4_kk_spoof:Train/podcasts/04_09_738,v4:kk:Train/podcasts/04_09_738,kk-piper-issai-high-v1,piper_neural_tts,piper_kk_issai_high,ISSAI_KazakhTTS_F1_Raya,3,,succeeded,ISSAI_KazakhTTS_F1_Raya,3,,1218573203,1,[],raw/v4/xlsr_sls_model_v4_kk_spoof_raw_v1/kk-piper-issai-high-v1/6a/6af0324c59dfece4ba845989a648de2a2d0debe82513bdd0f62fc9d3a5eb7884.wav,d81acb78294f8ce19fa7f4796fb165e8e879e7333e64d219868aed73ba2b5ada,7.198185941043084,22050,local_cpu_piper,
4988,target,xlsr_sls_model_v4_kk_spoof:Train/tv_news/5f71d0d0b4b05,v4:kk:Train/tv_news/5f71d0d0b4b05,kk-piper-issai-high-v1,piper_neural_tts,piper_kk_issai_high,ISSAI_KazakhTTS2_F1,4,,succeeded,ISSAI_KazakhTTS2_F1,4,,1299261789,1,[],raw/v4/xlsr_sls_model_v4_kk_spoof_raw_v1/kk-piper-issai-high-v1/58/58a661a25e6aea5b9f23b0e12325bca054998f03af303d12a40280f12e6e5bd4.wav,f81eb5dc8aa3dbc43f51fa14bbe4cf76980b53a2b475bb572d659825abcc5569,5.363809523809524,22050,local_cpu_piper,
4992,target,xlsr_sls_model_v4_kk_spoof:Train/tv_news/5f71d02c9000a,v4:kk:Train/tv_news/5f71d02c9000a,kk-piper-issai-high-v1,piper_neural_tts,piper_kk_issai_high,ISSAI_KazakhTTS2_F2,5,,succeeded,ISSAI_KazakhTTS2_F2,5,,1691195574,1,[],raw/v4/xlsr_sls_model_v4_kk_spoof_raw_v1/kk-piper-issai-high-v1/a0/a0405badd5ecfc9483e6c3cf56da39af07e7d6b35177935a46e74097b347fed9.wav,9b4ccaf5bd82cd29fce29bfd2f43ed2f876a8ec285652b1be20532c7df5c1ef7,3.2624036281179136,22050,local_cpu_piper,
4996,target,xlsr_sls_model_v4_kk_spoof:Train/parliament/mazhilis_16_2_630,v4:kk:Train/parliament/mazhilis_16_2_630,kk-piper-issai-high-v1,piper_neural_tts,piper_kk_issai_high,ISSAI_KazakhTTS2_M2,,,succeeded,ISSAI_KazakhTTS2_M2,,,1656511967,1,[],raw/v4/xlsr_sls_model_v4_kk_spoof_raw_v1/kk-piper-issai-high-v1/2c/2cbdbe6a1b635e4da52b271691ed5e2ef823bdf1865d81ed17430e02fb54f78d.wav,4a9b3f436917c21ae7b63c430a9a6e3412510d0352bb608d05beec9d14e72e9a,9.044172335600907,22050,local_cpu_piper,
5000,target,xlsr_sls_model_v4_kk_spoof:Train/parliament/senate_13_732,v4:kk:Train/parliament/senate_13_732,kk-piper-issai-high-v1,piper_neural_tts,piper_kk_issai_high,ISSAI_KazakhTTS_M1_Iseke,1,,succeeded,ISSAI_KazakhTTS_M1_Iseke,1,,1642751426,1,[],raw/v4/xlsr_sls_model_v4_kk_spoof_raw_v1/kk-piper-issai-high-v1/44/4496deeafaaa98161edc12bfec57f03746a6e7a369c4363aa16d03d7c72240df.wav,17a20d907c45a53ea36b78383d9b3e1d8d877452b24220f9a6586f8c52c15bf8,9.566621315192744,22050,local_cpu_piper,
5004,target,xlsr_sls_model_v4_kk_spoof:Train/podcasts/01_04_283,v4:kk:Train/podcasts/01_04_283,kk-piper-issai-high-v1,piper_neural_tts,piper_kk_issai_high,ISSAI_KazakhTTS2_F3,2,,succeeded,ISSAI_KazakhTTS2_F3,2,,1729413470,1,[],raw/v4/xlsr_sls_model_v4_kk_spoof_raw_v1/kk-piper-issai-high-v1/a4/a402262956e40172f49675f0bd882aad4bf558b44aa8008e370297d712794f31.wav,2c9d5a03237f63a7498dc9a83b1a36f0830d78a9b0201242e440030b43b8e458,3.6687528344671203,22050,local_cpu_piper,
5008,target,xlsr_sls_model_v4_kk_spoof:Train/radio/01_70_037,v4:kk:Train/radio/01_70_037,kk-piper-issai-high-v1,piper_neural_tts,piper_kk_issai_high,ISSAI_KazakhTTS_F1_Raya,3,,succeeded,ISSAI_KazakhTTS_F1_Raya,3,,441279508,1,[],raw/v4/xlsr_sls_model_v4_kk_spoof_raw_v1/kk-piper-issai-high-v1/fb/fb87f97b13d4f6a007a7c19e80c18de9b0849608f119e7fe3c1cf9fc626aeba7.wav,c39484bc5fec8acfceae83e6039e7a7c5b8e7e379f7ff4df5cb7d52fb979abd5,7.581315192743764,22050,local_cpu_piper,
5012,target,xlsr_sls_model_v4_kk_spoof:Train/radio/01_58_602,v4:kk:Train/radio/01_58_602,kk-piper-issai-high-v1,piper_neural_tts,piper_kk_issai_high,ISSAI_KazakhTTS2_F1,4,,succeeded,ISSAI_KazakhTTS2_F1,4,,1398103969,1,[],raw/v4/xlsr_sls_model_v4_kk_spoof_raw_v1/kk-piper-issai-high-v1/57/574d0d6ba688db5fefaee0a20f32089d0dcd57538da20d03ffcd323e5583f9b0.wav,7ca9af5f4e5665e984ce50d530ea90a12cfbbe7aea9c6498e78ad753b683a97f,0.7314285714285714,22050,local_cpu_piper,
5016,target,xlsr_sls_model_v4_kk_spoof:Train/radio/01_78_216,v4:kk:Train/radio/01_78_216,kk-piper-issai-high-v1,piper_neural_tts,piper_kk_issai_high,ISSAI_KazakhTTS2_F2,5,,succeeded,ISSAI_KazakhTTS2_F2,5,,1098606952,1,[],raw/v4/xlsr_sls_model_v4_kk_spoof_raw_v1/kk-piper-issai-high-v1/82/82b83330a4b8100bbba014ae5c53e1bf8ccc9bff0b8d3a9b3547dee5d0828e4f.wav,03e0302447d7cb24681649512c6c291929bd08bf3d5d7b0a71e755c808e366aa,1.5441269841269842,22050,local_cpu_piper,
5020,target,xlsr_sls_model_v4_kk_spoof:Train/talkshow/01_42_368,v4:kk:Train/talkshow/01_42_368,kk-piper-issai-high-v1,piper_neural_tts,piper_kk_issai_high,ISSAI_KazakhTTS2_M2,,,succeeded,ISSAI_KazakhTTS2_M2,,,1767502720,1,[],raw/v4/xlsr_sls_model_v4_kk_spoof_raw_v1/kk-piper-issai-high-v1/7f/7ff3ded505b0f272601927f3ba56512f8c6b8bfa4382182a268810cef1588665.wav,07e8aea79250787b4fcd571c648ceced0cccbfec5b2fb6824b7a7f2061fe4d47,5.050340136054421,22050,local_cpu_piper,
5024,target,xlsr_sls_model_v4_kk_spoof:Train/radio/01_84_331,v4:kk:Train/radio/01_84_331,kk-piper-issai-high-v1,piper_neural_tts,piper_kk_issai_high,ISSAI_KazakhTTS_M1_Iseke,1,,succeeded,ISSAI_KazakhTTS_M1_Iseke,1,,1872628304,1,[],raw/v4/xlsr_sls_model_v4_kk_spoof_raw_v1/kk-piper-issai-high-v1/16/16384e926dbfceff22f2c799b2b1f38a6e75dfc8c82a7577215fd62807997ec6.wav,dbe1b56efc0fa82218c96489da75032651da5117b2963786f2be4af2c7b966e2,1.8459863945578232,22050,local_cpu_piper,
5028,target,xlsr_sls_model_v4_kk_spoof:Train/radio/01_87_275,v4:kk:Train/radio/01_87_275,kk-piper-issai-high-v1,piper_neural_tts,piper_kk_issai_high,ISSAI_KazakhTTS2_F3,2,,succeeded,ISSAI_KazakhTTS2_F3,2,,25017945,1,[],raw/v4/xlsr_sls_model_v4_kk_spoof_raw_v1/kk-piper-issai-high-v1/f1/f1b7c485942bc46dd41b8280b67e044b851d8df03045f628e2fef5522d05965e.wav,564e147fd81338dc85856e7588ebc9c6753839cd1aff4c79d2d9bb73e414ae23,5.352199546485261,22050,local_cpu_piper,
5032,target,xlsr_sls_model_v4_kk_spoof:Train/parliament/senate_15_462,v4:kk:Train/parliament/senate_15_462,kk-piper-issai-high-v1,piper_neural_tts,piper_kk_issai_high,ISSAI_KazakhTTS_F1_Raya,3,,succeeded,ISSAI_KazakhTTS_F1_Raya,3,,216893606,1,[],raw/v4/xlsr_sls_model_v4_kk_spoof_raw_v1/kk-piper-issai-high-v1/dd/ddbe022678c87399a2cfe7799e7963c3e12342a37e11cf36cd908aaf47c04174.wav,244600bd681c878a219abeb96a489b9c1de73fae12c9f57762852231b5985c2c,5.607619047619048,22050,local_cpu_piper,
5036,target,xlsr_sls_model_v4_kk_spoof:Train/talkshow/01_42_496,v4:kk:Train/talkshow/01_42_496,kk-piper-issai-high-v1,piper_neural_tts,piper_kk_issai_high,ISSAI_KazakhTTS2_F1,4,,succeeded,ISSAI_KazakhTTS2_F1,4,,1212953691,1,[],raw/v4/xlsr_sls_model_v4_kk_spoof_raw_v1/kk-piper-issai-high-v1/95/95fa608b26dfccaf48fcbacfbed3907f87f8bf5c591bcc05c5520f39c0e85ecb.wav,3dcb2f868de2709a0f55f1283b7535d1e7c4441593581e00d5645d532ca30481,5.23609977324263,22050,local_cpu_piper,
5040,target,xlsr_sls_model_v4_kk_spoof:Train/talkshow/01_11_090,v4:kk:Train/talkshow/01_11_090,kk-piper-issai-high-v1,piper_neural_tts,piper_kk_issai_high,ISSAI_KazakhTTS2_F2,5,,succeeded,ISSAI_KazakhTTS2_F2,5,,225625439,1,[],raw/v4/xlsr_sls_model_v4_kk_spoof_raw_v1/kk-piper-issai-high-v1/46/4699fb6d98f21ba830ab75bc337e8ca9d7233d07592b9e5fc3cd9ac648371192.wav,1007fc0f2bee3914e08ba9587c429a0c528c7ab9a28cc7e8120aeb3e0126d6c4,1.7066666666666668,22050,local_cpu_piper,
5044,target,xlsr_sls_model_v4_kk_spoof:Train/talkshow/01_60_059,v4:kk:Train/talkshow/01_60_059,kk-piper-issai-high-v1,piper_neural_tts,piper_kk_issai_high,ISSAI_KazakhTTS2_M2,,,succeeded,ISSAI_KazakhTTS2_M2,,,1825360347,1,[],raw/v4/xlsr_sls_model_v4_kk_spoof_raw_v1/kk-piper-issai-high-v1/cf/cf01870759ff33ad7851e71a70b6b2282541c09d9020d8f0dd733c0c5e08a8da.wav,7d86a6daf13f1206d8a69f29deb858e4388fdb51a4a9e7585fecab6d727fb549,2.693514739229025,22050,local_cpu_piper,
5048,target,xlsr_sls_model_v4_kk_spoof:Train/radio/01_45_119,v4:kk:Train/radio/01_45_119,kk-piper-issai-high-v1,piper_neural_tts,piper_kk_issai_high,ISSAI_KazakhTTS_M1_Iseke,1,,succeeded,ISSAI_KazakhTTS_M1_Iseke,1,,1148670230,1,[],raw/v4/xlsr_sls_model_v4_kk_spoof_raw_v1/kk-piper-issai-high-v1/38/3801280936317b36191e2034c68ab386e8326bb05d598eb59992127fa095c9f7.wav,a34e6e09ddc00c0a47507410988e00e801df3177bf8a9c53254bae3b24db1f13,6.849886621315193,22050,local_cpu_piper,
5052,target,xlsr_sls_model_v4_kk_spoof:Train/talkshow/01_49_580,v4:kk:Train/talkshow/01_49_580,kk-piper-issai-high-v1,piper_neural_tts,piper_kk_issai_high,ISSAI_KazakhTTS2_F3,2,,succeeded,ISSAI_KazakhTTS2_F3,2,,1303161394,1,[],raw/v4/xlsr_sls_model_v4_kk_spoof_raw_v1/kk-piper-issai-high-v1/df/df7565765b6b546576424c6436a5145c8011810b048249bf9d1076dacd777f20.wav,1a003a45689837e9299f629c5c30dc1bc6ee8157b221a7ca33dc69b0c8d34bd1,1.811156462585034,22050,local_cpu_piper,
5056,target,xlsr_sls_model_v4_kk_spoof:Train/talkshow/01_33_090,v4:kk:Train/talkshow/01_33_090,kk-piper-issai-high-v1,piper_neural_tts,piper_kk_issai_high,ISSAI_KazakhTTS_F1_Raya,3,,succeeded,ISSAI_KazakhTTS_F1_Raya,3,,1628478591,1,[],raw/v4/xlsr_sls_model_v4_kk_spoof_raw_v1/kk-piper-issai-high-v1/bf/bf3993a5079177abe6b7b9471d3861f2091f844e2587fe7c26dcc6de3e38500b.wav,59cba83a494864521e131d52dbe187eac3fba8524e62de975d3dad8db7a007c0,2.8560544217687074,22050,local_cpu_piper,
5060,target,xlsr_sls_model_v4_kk_spoof:Train/radio/01_23_369,v4:kk:Train/radio/01_23_369,kk-piper-issai-high-v1,piper_neural_tts,piper_kk_issai_high,ISSAI_KazakhTTS2_F1,4,,succeeded,ISSAI_KazakhTTS2_F1,4,,1007427943,1,[],raw/v4/xlsr_sls_model_v4_kk_spoof_raw_v1/kk-piper-issai-high-v1/39/393ad80f624b41ea15b0b4689ad281971fde2e9d65f4073eb114a65a9f4f8f9c.wav,452c2485e717e185cad652ad94b7185cbc3d39804d6e1793d559189e8c7f3f35,3.4133333333333336,22050,local_cpu_piper,
5064,target,xlsr_sls_model_v4_kk_spoof:Train/parliament/senate_19_824,v4:kk:Train/parliament/senate_19_824,kk-piper-issai-high-v1,piper_neural_tts,piper_kk_issai_high,ISSAI_KazakhTTS2_F2,5,,succeeded,ISSAI_KazakhTTS2_F2,5,,895325286,1,[],raw/v4/xlsr_sls_model_v4_kk_spoof_raw_v1/kk-piper-issai-high-v1/77/7731c35c974833533edffa43efc53c6cee29be9723270561365904fda4b24456.wav,500ca2369a41f2a82e88e0877cb272b35719256bb883d999fbd88c8706476078,14.918820861678004,22050,local_cpu_piper,
5068,target,xlsr_sls_model_v4_kk_spoof:Train/radio/01_35_323,v4:kk:Train/radio/01_35_323,kk-piper-issai-high-v1,piper_neural_tts,piper_kk_issai_high,ISSAI_KazakhTTS2_M2,,,succeeded,ISSAI_KazakhTTS2_M2,,,2087353176,1,[],raw/v4/xlsr_sls_model_v4_kk_spoof_raw_v1/kk-piper-issai-high-v1/53/5384685429ed0d9c5238e8fc6186ceb262e380120892bc8ab9a377e79050ccf4.wav,ca3a7c9366a91d8223069175d4c7822f1779882368a19e335ca788dd40dbfe0d,2.020136054421769,22050,local_cpu_piper,
5072,target,xlsr_sls_model_v4_kk_spoof:Train/podcasts/03_19_61,v4:kk:Train/podcasts/03_19_61,kk-piper-issai-high-v1,piper_neural_tts,piper_kk_issai_high,ISSAI_KazakhTTS_M1_Iseke,1,,succeeded,ISSAI_KazakhTTS_M1_Iseke,1,,433001894,1,[],raw/v4/xlsr_sls_model_v4_kk_spoof_raw_v1/kk-piper-issai-high-v1/d5/d52559c6fa2a0290635d306105132f42fd5bc0b2e3734a3b386fb932f999924d.wav,942684b26439e52e744b2db5ea0d833dece91691f2e573b4c8a05c7223bcfe3a,1.3699773242630386,22050,local_cpu_piper,
5076,target,xlsr_sls_model_v4_kk_spoof:Train/parliament/mazhilis_15_1_118,v4:kk:Train/parliament/mazhilis_15_1_118,kk-piper-issai-high-v1,piper_neural_tts,piper_kk_issai_high,ISSAI_KazakhTTS2_F3,2,,succeeded,ISSAI_KazakhTTS2_F3,2,,1702829574,1,[],raw/v4/xlsr_sls_model_v4_kk_spoof_raw_v1/kk-piper-issai-high-v1/88/8861a65beebcd4f2c12d13bb373a1677d83ad8fd8f7dd64b94f754eaca1ba6da.wav,7ceebd875bfa659edd684b00f5961cf84d7b1a5e4d5aacc57f3ccc63f6acf704,3.657142857142857,22050,local_cpu_piper,
5080,target,xlsr_sls_model_v4_kk_spoof:Train/podcasts/03_79_264,v4:kk:Train/podcasts/03_79_264,kk-piper-issai-high-v1,piper_neural_tts,piper_kk_issai_high,ISSAI_KazakhTTS_F1_Raya,3,,succeeded,ISSAI_KazakhTTS_F1_Raya,3,,932418560,1,[],raw/v4/xlsr_sls_model_v4_kk_spoof_raw_v1/kk-piper-issai-high-v1/32/324b519b8449e2d7d6b9b93c84406944a3fcfa6e059642250dda81c50430c822.wav,d46bd5328203d2a7b9f90c8899806ee6da6438ce587b01b190a3d9be2e7c804e,4.539501133786848,22050,local_cpu_piper,
5084,target,xlsr_sls_model_v4_kk_spoof:Train/radio/01_63_047,v4:kk:Train/radio/01_63_047,kk-piper-issai-high-v1,piper_neural_tts,piper_kk_issai_high,ISSAI_KazakhTTS2_F1,4,,succeeded,ISSAI_KazakhTTS2_F1,4,,1670523882,1,[],raw/v4/xlsr_sls_model_v4_kk_spoof_raw_v1/kk-piper-issai-high-v1/ef/ef4de0982ca97d8123d2dbf23a550f627e61fd283011cff6fa27c31e7e85c684.wav,c1cdbc4410702981176e5cbe5856611a9e7a6b52a24b316c2b22c7a5f016eaa5,3.1695238095238096,22050,local_cpu_piper,
5088,target,xlsr_sls_model_v4_kk_spoof:Train/podcasts/08_00_188,v4:kk:Train/podcasts/08_00_188,kk-piper-issai-high-v1,piper_neural_tts,piper_kk_issai_high,ISSAI_KazakhTTS2_F2,5,,succeeded,ISSAI_KazakhTTS2_F2,5,,1201980065,1,[],raw/v4/xlsr_sls_model_v4_kk_spoof_raw_v1/kk-piper-issai-high-v1/97/97c7f13ff0d47bff1f006b8d71cea0536ba56be9e3648e1bd29a043cbec412a5.wav,a972a9bec0c8e7c0da58a92917b9bb1175c043dfa35dd2bb8aaeefeeeb1699e6,3.0882539682539685,22050,local_cpu_piper,
5092,target,xlsr_sls_model_v4_kk_spoof:Train/talkshow/01_04_476,v4:kk:Train/talkshow/01_04_476,kk-piper-issai-high-v1,piper_neural_tts,piper_kk_issai_high,ISSAI_KazakhTTS2_M2,,,succeeded,ISSAI_KazakhTTS2_M2,,,2043528934,1,[],raw/v4/xlsr_sls_model_v4_kk_spoof_raw_v1/kk-piper-issai-high-v1/74/74ce95d557c0bfee0773c2cbcdf38d92ebfa309489fb9edf984bda4706086a8a.wav,006e008fdb3d2320b0bbf1b71430ba79a9830950875839bdf34e3d731c169579,5.189659863945578,22050,local_cpu_piper,
5096,target,xlsr_sls_model_v4_kk_spoof:Train/parliament/senate_20_0687,v4:kk:Train/parliament/senate_20_0687,kk-piper-issai-high-v1,piper_neural_tts,piper_kk_issai_high,ISSAI_KazakhTTS_M1_Iseke,1,,succeeded,ISSAI_KazakhTTS_M1_Iseke,1,,474807019,1,[],raw/v4/xlsr_sls_model_v4_kk_spoof_raw_v1/kk-piper-issai-high-v1/a7/a737db5f2c02b9d78bbcd5028bb52c66ed00844e0fc9189ebd252fd7b6e571a0.wav,6678e77e9051461530f73c61eb70bf0e44d08d74b07e3a3794885e18b241eef4,16.091428571428573,22050,local_cpu_piper,
5100,target,xlsr_sls_model_v4_kk_spoof:Train/parliament/senate_13_300,v4:kk:Train/parliament/senate_13_300,kk-piper-issai-high-v1,piper_neural_tts,piper_kk_issai_high,ISSAI_KazakhTTS2_F3,2,,succeeded,ISSAI_KazakhTTS2_F3,2,,125359682,1,[],raw/v4/xlsr_sls_model_v4_kk_spoof_raw_v1/kk-piper-issai-high-v1/5a/5a4e766dcac8bcc3223086271bc14f487b6d41e10bfe6740f4298dc73024a0fd.wav,56459c86ca54109b7d3c541bc7e76613e679e9fc0b790ca101f6601c454078df,7.291065759637188,22050,local_cpu_piper,
5104,target,xlsr_sls_model_v4_kk_spoof:Train/radio/01_77_338,v4:kk:Train/radio/01_77_338,kk-piper-issai-high-v1,piper_neural_tts,piper_kk_issai_high,ISSAI_KazakhTTS_F1_Raya,3,,succeeded,ISSAI_KazakhTTS_F1_Raya,3,,502641304,1,[],raw/v4/xlsr_sls_model_v4_kk_spoof_raw_v1/kk-piper-issai-high-v1/9f/9fd77f4c816c5adbfb4e4b0ff4f13b5cc566596ab0bda97533cd631d2b8738ad.wav,f1bcfe870ec94d882f4cc30f44536e0e7977740faf4a8da47aa1d1770ec504e7,5.410249433106576,22050,local_cpu_piper,
5108,target,xlsr_sls_model_v4_kk_spoof:Train/parliament/senate_05_342,v4:kk:Train/parliament/senate_05_342,kk-piper-issai-high-v1,piper_neural_tts,piper_kk_issai_high,ISSAI_KazakhTTS2_F1,4,,succeeded,ISSAI_KazakhTTS2_F1,4,,640365378,1,[],raw/v4/xlsr_sls_model_v4_kk_spoof_raw_v1/kk-piper-issai-high-v1/95/9581d62fc421c94fbe4a68c1809618b4c8bdc6fa1e5cf7e66714d7dd9c347ec0.wav,a9a565758f5a970fff0aac7fc478780a858ee97735832bc50f8fe3a765126677,7.75546485260771,22050,local_cpu_piper,
5112,target,xlsr_sls_model_v4_kk_spoof:Train/radio/01_63_479,v4:kk:Train/radio/01_63_479,kk-piper-issai-high-v1,piper_neural_tts,piper_kk_issai_high,ISSAI_KazakhTTS2_F2,5,,succeeded,ISSAI_KazakhTTS2_F2,5,,1935797783,1,[],raw/v4/xlsr_sls_model_v4_kk_spoof_raw_v1/kk-piper-issai-high-v1/f6/f6d45c3775e4f5edb8aa06d05df7233e9af2f467a70624162a96db1f3d3a2cdb.wav,16f570eabd847d7968a17bf1fd2e1b8cc652700014f9069358dbde0e2ef0b67d,2.6354648526077096,22050,local_cpu_piper,
5116,target,xlsr_sls_model_v4_kk_spoof:Train/tv_news/5fe62322554fe,v4:kk:Train/tv_news/5fe62322554fe,kk-piper-issai-high-v1,piper_neural_tts,piper_kk_issai_high,ISSAI_KazakhTTS2_M2,,,succeeded,ISSAI_KazakhTTS2_M2,,,1360336430,1,[],raw/v4/xlsr_sls_model_v4_kk_spoof_raw_v1/kk-piper-issai-high-v1/de/dea970644b768ce77ab631d63f380ba4719df46bb9179ec4185a8f1b8835771b.wav,3b94099dcc77c77ffe204a85b0758832f5f1a4e92c6e5c57674f20521c204fb4,1.18421768707483,22050,local_cpu_piper,
5120,target,xlsr_sls_model_v4_kk_spoof:Train/parliament/senate_14_256,v4:kk:Train/parliament/senate_14_256,kk-piper-issai-high-v1,piper_neural_tts,piper_kk_issai_high,ISSAI_KazakhTTS_M1_Iseke,1,,succeeded,ISSAI_KazakhTTS_M1_Iseke,1,,1405864783,1,[],raw/v4/xlsr_sls_model_v4_kk_spoof_raw_v1/kk-piper-issai-high-v1/e2/e24f97e09ca337687e0b5d1c67bd0708f1948f5a861922308830d0d215227c48.wav,4b0da6f19dddf1a1ef360a1e77f810e5b25394a74d8527fb5fbe3d38fa1b7316,12.016326530612245,22050,local_cpu_piper,
5124,target,xlsr_sls_model_v4_kk_spoof:Train/talkshow/01_50_165,v4:kk:Train/talkshow/01_50_165,kk-piper-issai-high-v1,piper_neural_tts,piper_kk_issai_high,ISSAI_KazakhTTS2_F3,2,,succeeded,ISSAI_KazakhTTS2_F3,2,,627490301,1,[],raw/v4/xlsr_sls_model_v4_kk_spoof_raw_v1/kk-piper-issai-high-v1/e3/e38446894b6304e81e70b63d520f6d06c8e88907dd9e0ecfec0f19b8420c2bdd.wav,96ab9c768117c5e969dbca90717000ef4389ef439a7bfc4c135556117a353b1a,3.633922902494331,22050,local_cpu_piper,
5128,target,xlsr_sls_model_v4_kk_spoof:Train/podcasts/03_25_21,v4:kk:Train/podcasts/03_25_21,kk-piper-issai-high-v1,piper_neural_tts,piper_kk_issai_high,ISSAI_KazakhTTS_F1_Raya,3,,succeeded,ISSAI_KazakhTTS_F1_Raya,3,,1017880474,1,[],raw/v4/xlsr_sls_model_v4_kk_spoof_raw_v1/kk-piper-issai-high-v1/d4/d4f28382ec794faffbae2694eeec26b9c568c706cffdc39ef7cb7205ad5ff042.wav,cef6db9d38027e313adf544e4a1abb616c82d2a9ec97ba8fa07768cdec1b1b99,4.771700680272109,22050,local_cpu_piper,
5132,target,xlsr_sls_model_v4_kk_spoof:Train/tv_news/5f71cebe052ac,v4:kk:Train/tv_news/5f71cebe052ac,kk-piper-issai-high-v1,piper_neural_tts,piper_kk_issai_high,ISSAI_KazakhTTS2_F1,4,,succeeded,ISSAI_KazakhTTS2_F1,4,,854643011,1,[],raw/v4/xlsr_sls_model_v4_kk_spoof_raw_v1/kk-piper-issai-high-v1/58/58ee4216176d485e1edc53c0c86eb758ffc117c17327a93408f3fe3dc736dfda.wav,454f185751b21457c701ca114bf23e11ba65e92c64f6238ae30234af7ac7218c,5.259319727891157,22050,local_cpu_piper,
5136,target,xlsr_sls_model_v4_kk_spoof:Train/tv_news/5f71d1b45e314,v4:kk:Train/tv_news/5f71d1b45e314,kk-piper-issai-high-v1,piper_neural_tts,piper_kk_issai_high,ISSAI_KazakhTTS2_F2,5,,succeeded,ISSAI_KazakhTTS2_F2,5,,774945674,1,[],raw/v4/xlsr_sls_model_v4_kk_spoof_raw_v1/kk-piper-issai-high-v1/9b/9bd6985d7441a4d09cc3d8ddb9dee2a66fd822d246d9ee34bf1eb63705f8d703.wav,193dd0db22e2437187056f495a427824f73e9c0a585b1928de5937eadb565a6b,3.541043083900227,22050,local_cpu_piper,
5140,target,xlsr_sls_model_v4_kk_spoof:Train/talkshow/01_14_279,v4:kk:Train/talkshow/01_14_279,kk-piper-issai-high-v1,piper_neural_tts,piper_kk_issai_high,ISSAI_KazakhTTS2_M2,,,succeeded,ISSAI_KazakhTTS2_M2,,,298880071,1,[],raw/v4/xlsr_sls_model_v4_kk_spoof_raw_v1/kk-piper-issai-high-v1/4c/4cd642b0288bc18a4f9109d88f7406e29b16981a4facb55dc5892a8ec439e0e5.wav,d49fe9b10ba34ac42100fae7acf8b71d6378f9d0e3db9f21f0ed934851aa6628,4.516281179138322,22050,local_cpu_piper,
5144,target,xlsr_sls_model_v4_kk_spoof:Train/tv_news/5fa2e815179cc,v4:kk:Train/tv_news/5fa2e815179cc,kk-piper-issai-high-v1,piper_neural_tts,piper_kk_issai_high,ISSAI_KazakhTTS_M1_Iseke,1,,succeeded,ISSAI_KazakhTTS_M1_Iseke,1,,571070850,1,[],raw/v4/xlsr_sls_model_v4_kk_spoof_raw_v1/kk-piper-issai-high-v1/44/4469564194ab73a431810cf5c440ade76233da2bf1e44094fc6e45a7ab3f12b9.wav,9c51c7891f4f53ecec09a7807cfb9147911c97f0723d4efe9d8264d50f3c029a,4.992290249433107,22050,local_cpu_piper,
5148,target,xlsr_sls_model_v4_kk_spoof:Train/podcasts/01_01_587,v4:kk:Train/podcasts/01_01_587,kk-piper-issai-high-v1,piper_neural_tts,piper_kk_issai_high,ISSAI_KazakhTTS2_F3,2,,succeeded,ISSAI_KazakhTTS2_F3,2,,1608961274,1,[],raw/v4/xlsr_sls_model_v4_kk_spoof_raw_v1/kk-piper-issai-high-v1/75/75c8602b5c6fe5711c484744c0f1d34302f835a97b6659e6bef2ae3c7b38835f.wav,e516f64ceec7e8245285092581be53c4da0b3e826e89b282e81d72fab9623063,3.3436734693877552,22050,local_cpu_piper,
5152,target,xlsr_sls_model_v4_kk_spoof:Train/podcasts/06_08_165,v4:kk:Train/podcasts/06_08_165,kk-piper-issai-high-v1,piper_neural_tts,piper_kk_issai_high,ISSAI_KazakhTTS_F1_Raya,3,,succeeded,ISSAI_KazakhTTS_F1_Raya,3,,658076870,1,[],raw/v4/xlsr_sls_model_v4_kk_spoof_raw_v1/kk-piper-issai-high-v1/f4/f4ee14735745b3f264ddad673442933c57d3730c44630ef71304b5bc11ae663c.wav,666d6f1e6c13cfce3f1a204e7d5c7bdceeab937e5f6fd70e28e1dec21f99e4cf,7.48843537414966,22050,local_cpu_piper,
5156,target,xlsr_sls_model_v4_kk_spoof:Train/radio/01_91_435,v4:kk:Train/radio/01_91_435,kk-piper-issai-high-v1,piper_neural_tts,piper_kk_issai_high,ISSAI_KazakhTTS2_F1,4,,succeeded,ISSAI_KazakhTTS2_F1,4,,1028361218,1,[],raw/v4/xlsr_sls_model_v4_kk_spoof_raw_v1/kk-piper-issai-high-v1/0e/0ed32a60f91b1e0b15ea0b62b0ffb15d5f9d39656142a7446dd95663ec21ab5a.wav,ac312ca7315a9f00d68feee8206e569ffdf8469ec636791a04932b2f0ee246b8,6.2693877551020405,22050,local_cpu_piper,
5160,target,xlsr_sls_model_v4_kk_spoof:Train/radio/01_86_040,v4:kk:Train/radio/01_86_040,kk-piper-issai-high-v1,piper_neural_tts,piper_kk_issai_high,ISSAI_KazakhTTS2_F2,5,,succeeded,ISSAI_KazakhTTS2_F2,5,,1490732215,1,[],raw/v4/xlsr_sls_model_v4_kk_spoof_raw_v1/kk-piper-issai-high-v1/f2/f2c35deef7eda3bcb5aa83f33f6d5815d73eb94c247b2918ccd4877135cc493c.wav,e94f356feca43983f40c3cfdbf09bb862f2eff97be60120e3268c5eb6fbb665f,4.365351473922902,22050,local_cpu_piper,
5164,target,xlsr_sls_model_v4_kk_spoof:Train/podcasts/06_11_070,v4:kk:Train/podcasts/06_11_070,kk-piper-issai-high-v1,piper_neural_tts,piper_kk_issai_high,ISSAI_KazakhTTS2_M2,,,succeeded,ISSAI_KazakhTTS2_M2,,,1379935111,1,[],raw/v4/xlsr_sls_model_v4_kk_spoof_raw_v1/kk-piper-issai-high-v1/95/95166e07e60ea31b0741e58a0ab60928f01160de9646d7aaac19e78f60e4c087.wav,a687e18074e082f6b5304af68662fccd5e1ee5f2e4c76e81e5be212f29a30ce7,7.337505668934241,22050,local_cpu_piper,
5168,target,xlsr_sls_model_v4_kk_spoof:Train/radio/01_26_181,v4:kk:Train/radio/01_26_181,kk-piper-issai-high-v1,piper_neural_tts,piper_kk_issai_high,ISSAI_KazakhTTS_M1_Iseke,1,,succeeded,ISSAI_KazakhTTS_M1_Iseke,1,,1863258189,1,[],raw/v4/xlsr_sls_model_v4_kk_spoof_raw_v1/kk-piper-issai-high-v1/db/db99b407979ae8c19fb102e782806c474c7b257004ee90702ff244d4c7e53cf4.wav,5dd3b49b5ffefad731824307838340fbabf806f3b83a590c13e03f859b99bd3c,6.211337868480726,22050,local_cpu_piper,
5172,target,xlsr_sls_model_v4_kk_spoof:Train/podcasts/06_11_083,v4:kk:Train/podcasts/06_11_083,kk-piper-issai-high-v1,piper_neural_tts,piper_kk_issai_high,ISSAI_KazakhTTS2_F3,2,,succeeded,ISSAI_KazakhTTS2_F3,2,,2097017689,1,[],raw/v4/xlsr_sls_model_v4_kk_spoof_raw_v1/kk-piper-issai-high-v1/13/13af573ea307d11c52209d1a2c4709c53133ac9e6807100852c9fd17343c854f.wav,74f77c73c2671f0b8cad414efcbd6c0e0bed5d06a0e12110bfb0925fa145c5a7,6.373877551020408,22050,local_cpu_piper,
5176,target,xlsr_sls_model_v4_kk_spoof:Train/parliament/mazhilis_04_734,v4:kk:Train/parliament/mazhilis_04_734,kk-piper-issai-high-v1,piper_neural_tts,piper_kk_issai_high,ISSAI_KazakhTTS_F1_Raya,3,,succeeded,ISSAI_KazakhTTS_F1_Raya,3,,2561961,1,[],raw/v4/xlsr_sls_model_v4_kk_spoof_raw_v1/kk-piper-issai-high-v1/17/17224e52f0303e66f60ecc83a1a92efdc1b823a1125f33e4c71aa07050d646f5.wav,2ef846a9fd6a5cda6b4b7c56c00cff3be3e0e48a86181a7d90fc3561f343a04e,2.124625850340136,22050,local_cpu_piper,
5180,target,xlsr_sls_model_v4_kk_spoof:Train/talkshow/01_58_078,v4:kk:Train/talkshow/01_58_078,kk-piper-issai-high-v1,piper_neural_tts,piper_kk_issai_high,ISSAI_KazakhTTS2_F1,4,,succeeded,ISSAI_KazakhTTS2_F1,4,,787013299,1,[],raw/v4/xlsr_sls_model_v4_kk_spoof_raw_v1/kk-piper-issai-high-v1/0b/0b4405d92c5646588c5d6f63d59de24f033dd2278b5761456e1385d10a5b637d.wav,f27ff8d26ea10219e9991c516e52a7409004887d39554bf69031020aaae8f792,3.900952380952381,22050,local_cpu_piper,
5184,target,xlsr_sls_model_v4_kk_spoof:Train/podcasts/03_15_070,v4:kk:Train/podcasts/03_15_070,kk-piper-issai-high-v1,piper_neural_tts,piper_kk_issai_high,ISSAI_KazakhTTS2_F2,5,,succeeded,ISSAI_KazakhTTS2_F2,5,,1442271968,1,[],raw/v4/xlsr_sls_model_v4_kk_spoof_raw_v1/kk-piper-issai-high-v1/47/473ce6c8d7240b90f1e46ca5fcc111fd433b1d0dd6a90d6e6daf1cf69f004e03.wav,8ca127c8e55eda073bba217e9abb783c60bfea9afa7a6ede7b87c96c235842ca,2.7631746031746034,22050,local_cpu_piper,
5188,target,xlsr_sls_model_v4_kk_spoof:Train/podcasts/01_03_663,v4:kk:Train/podcasts/01_03_663,kk-piper-issai-high-v1,piper_neural_tts,piper_kk_issai_high,ISSAI_KazakhTTS2_M2,,,succeeded,ISSAI_KazakhTTS2_M2,,,1089086365,1,[],raw/v4/xlsr_sls_model_v4_kk_spoof_raw_v1/kk-piper-issai-high-v1/3f/3fbbdd3a87791ef3c7bfb41cc5bd24031ff313388433684610604d469181235e.wav,6a01e14f27211f3cb172c5c20170bfb53ee4c7fcacd2aabf5736617bce149b80,6.350657596371882,22050,local_cpu_piper,
5192,target,xlsr_sls_model_v4_kk_spoof:Train/podcasts/04_11_496,v4:kk:Train/podcasts/04_11_496,kk-piper-issai-high-v1,piper_neural_tts,piper_kk_issai_high,ISSAI_KazakhTTS_M1_Iseke,1,,succeeded,ISSAI_KazakhTTS_M1_Iseke,1,,1346904392,1,[],raw/v4/xlsr_sls_model_v4_kk_spoof_raw_v1/kk-piper-issai-high-v1/62/6237c1b36397c4b47e20c4168fc21a55625349a8dc53791956dd8952fdefa066.wav,1835611c2ade745a95fb7d5cdf88542449d993679fd160b89acce5ed27cfccbe,8.161814058956915,22050,local_cpu_piper,
5196,target,xlsr_sls_model_v4_kk_spoof:Train/radio/01_60_179,v4:kk:Train/radio/01_60_179,kk-piper-issai-high-v1,piper_neural_tts,piper_kk_issai_high,ISSAI_KazakhTTS2_F3,2,,succeeded,ISSAI_KazakhTTS2_F3,2,,1084677854,1,[],raw/v4/xlsr_sls_model_v4_kk_spoof_raw_v1/kk-piper-issai-high-v1/0c/0c9b389dc32286871a1b055138f33f1eeaa3d3acf0d75d058d2ba02bb332e05f.wav,f55af56543c2558852764a0460144be42af41f06aeb1636c75a26cdb69a0d4ef,2.48453514739229,22050,local_cpu_piper,
5200,target,xlsr_sls_model_v4_kk_spoof:Train/podcasts/05_03_145,v4:kk:Train/podcasts/05_03_145,kk-piper-issai-high-v1,piper_neural_tts,piper_kk_issai_high,ISSAI_KazakhTTS_F1_Raya,3,,succeeded,ISSAI_KazakhTTS_F1_Raya,3,,1323529792,1,[],raw/v4/xlsr_sls_model_v4_kk_spoof_raw_v1/kk-piper-issai-high-v1/d7/d7e9415c622ce8df5b899df882f1b80b49d2bc6de84aa1c34768ec0e12d0362b.wav,35e3b8ebdc3a388c1b52927e7f16f180d0d7a17d53e43356eb8bafce2ced4c85,2.948934240362812,22050,local_cpu_piper,
5204,target,xlsr_sls_model_v4_kk_spoof:Train/talkshow/01_22_569,v4:kk:Train/talkshow/01_22_569,kk-piper-issai-high-v1,piper_neural_tts,piper_kk_issai_high,ISSAI_KazakhTTS2_F1,4,,succeeded,ISSAI_KazakhTTS2_F1,4,,1395889196,1,[],raw/v4/xlsr_sls_model_v4_kk_spoof_raw_v1/kk-piper-issai-high-v1/b8/b8adbb5edab7b001eadb0ab7db115bd47c784bbcf51e3aa232a23889e1fe9859.wav,41eadb6d5740aabeaf9c6582e6dc09705d064b4d0d467e26582edf078e59c989,3.436553287981859,22050,local_cpu_piper,
5208,target,xlsr_sls_model_v4_kk_spoof:Train/podcasts/01_10_126,v4:kk:Train/podcasts/01_10_126,kk-piper-issai-high-v1,piper_neural_tts,piper_kk_issai_high,ISSAI_KazakhTTS2_F2,5,,succeeded,ISSAI_KazakhTTS2_F2,5,,1009075736,1,[],raw/v4/xlsr_sls_model_v4_kk_spoof_raw_v1/kk-piper-issai-high-v1/f6/f6cae4eea461a18ea5665f67c0f0273bca3ca38bd82174dae6179d145289555b.wav,466c1438908a100d70238a2f55c443aa8063f90c8143d972f30c307ca20037e3,2.693514739229025,22050,local_cpu_piper,
5212,target,xlsr_sls_model_v4_kk_spoof:Train/podcasts/03_44_195,v4:kk:Train/podcasts/03_44_195,kk-piper-issai-high-v1,piper_neural_tts,piper_kk_issai_high,ISSAI_KazakhTTS2_M2,,,succeeded,ISSAI_KazakhTTS2_M2,,,895224307,1,[],raw/v4/xlsr_sls_model_v4_kk_spoof_raw_v1/kk-piper-issai-high-v1/4d/4dc3bbc619cffde1df9be6123d1f639b81fd3b2009ac67ec4fc48b3bcdc98c34.wav,bcff8d2056115fafcc6d5ea182eb84ed044a99cbd1d2b0a357e67a01521a812e,2.5309750566893423,22050,local_cpu_piper,
5216,target,xlsr_sls_model_v4_kk_spoof:Train/tv_news/5f71079707eb4,v4:kk:Train/tv_news/5f71079707eb4,kk-piper-issai-high-v1,piper_neural_tts,piper_kk_issai_high,ISSAI_KazakhTTS_M1_Iseke,1,,succeeded,ISSAI_KazakhTTS_M1_Iseke,1,,1546451594,1,[],raw/v4/xlsr_sls_model_v4_kk_spoof_raw_v1/kk-piper-issai-high-v1/15/15451ff442d82b68260e9cdb50135caef3820d5d7a0a8501e637dbeec2d3c262.wav,4361dd59d8dab6f6006ec54d3ccc4f6f48ac1984dd1fdd02c442c390d1a991db,1.7182766439909296,22050,local_cpu_piper,
5220,target,xlsr_sls_model_v4_kk_spoof:Train/parliament/mazhilis_17_2_103,v4:kk:Train/parliament/mazhilis_17_2_103,kk-piper-issai-high-v1,piper_neural_tts,piper_kk_issai_high,ISSAI_KazakhTTS2_F3,2,,succeeded,ISSAI_KazakhTTS2_F3,2,,625759944,1,[],raw/v4/xlsr_sls_model_v4_kk_spoof_raw_v1/kk-piper-issai-high-v1/e7/e70c068337994c2b5fe99591cc4cff516f77d838653e35ede8bdca651a5264ee.wav,6d987995ad8a3db143740690cc3f674d4dc6fa2a7daed01816a03e9e3f0338d6,3.7151927437641725,22050,local_cpu_piper,
5224,target,xlsr_sls_model_v4_kk_spoof:Train/parliament/mazhilis_16_1_579,v4:kk:Train/parliament/mazhilis_16_1_579,kk-piper-issai-high-v1,piper_neural_tts,piper_kk_issai_high,ISSAI_KazakhTTS_F1_Raya,3,,succeeded,ISSAI_KazakhTTS_F1_Raya,3,,2052264656,1,[],raw/v4/xlsr_sls_model_v4_kk_spoof_raw_v1/kk-piper-issai-high-v1/0c/0c94379edf3c35677bcb203ad8516f4db0801e6ce373e8f25b41697d7520f369.wav,c159026e14317b95701c8020f78744450516300f15675441b76bf1c4dbb932bd,5.317369614512471,22050,local_cpu_piper,
5228,target,xlsr_sls_model_v4_kk_spoof:Train/talkshow/01_58_456,v4:kk:Train/talkshow/01_58_456,kk-piper-issai-high-v1,piper_neural_tts,piper_kk_issai_high,ISSAI_KazakhTTS2_F1,4,,succeeded,ISSAI_KazakhTTS2_F1,4,,635107218,1,[],raw/v4/xlsr_sls_model_v4_kk_spoof_raw_v1/kk-piper-issai-high-v1/58/586d729d89092b945ed8e93e830eb0a72b8205f98a4120ff39145c1f4258197c.wav,6b2eca8cd479ff55fd12200a455cf1b3fc805a4a6c6cd35023c907f5a821fd02,4.1099319727891155,22050,local_cpu_piper,
5232,target,xlsr_sls_model_v4_kk_spoof:Train/radio/01_69_100,v4:kk:Train/radio/01_69_100,kk-piper-issai-high-v1,piper_neural_tts,piper_kk_issai_high,ISSAI_KazakhTTS2_F2,5,,succeeded,ISSAI_KazakhTTS2_F2,5,,1370371440,1,[],raw/v4/xlsr_sls_model_v4_kk_spoof_raw_v1/kk-piper-issai-high-v1/69/69342adfe3f46ba9e4c8746c31e048229cda78a00ed8d9547fe6c4720dd27bd6.wav,e2e41e9ff7b821f523bcaf3bf7a8740cea83822a7980850fae9e97671077b253,2.066575963718821,22050,local_cpu_piper,
5236,target,xlsr_sls_model_v4_kk_spoof:Train/tv_news/5fcdbfc53409b,v4:kk:Train/tv_news/5fcdbfc53409b,kk-piper-issai-high-v1,piper_neural_tts,piper_kk_issai_high,ISSAI_KazakhTTS2_M2,,,succeeded,ISSAI_KazakhTTS2_M2,,,768330765,1,[],raw/v4/xlsr_sls_model_v4_kk_spoof_raw_v1/kk-piper-issai-high-v1/bc/bc34395dc0fecdb0ca935e41fad5d2ee63b8704c7472f0e63aa68e1a10c84d19.wav,cb812fa8223de779a5939f7c02881eb47f44b39ffa950daa9df84f9dcc951dbe,2.693514739229025,22050,local_cpu_piper,
5240,target,xlsr_sls_model_v4_kk_spoof:Train/parliament/senate_11_596,v4:kk:Train/parliament/senate_11_596,kk-piper-issai-high-v1,piper_neural_tts,piper_kk_issai_high,ISSAI_KazakhTTS_M1_Iseke,1,,succeeded,ISSAI_KazakhTTS_M1_Iseke,1,,2060505803,1,[],raw/v4/xlsr_sls_model_v4_kk_spoof_raw_v1/kk-piper-issai-high-v1/bb/bbce99f9959a0f63665e0fabf81b711fa01e31ba5f2e02256a9f0c037a315e56.wav,8c4132d98af744f48cbe34d8e03aea80740f2230ec19f440ac0cc4680ade22d2,8.370793650793651,22050,local_cpu_piper,
5244,target,xlsr_sls_model_v4_kk_spoof:Train/podcasts/03_45_013,v4:kk:Train/podcasts/03_45_013,kk-piper-issai-high-v1,piper_neural_tts,piper_kk_issai_high,ISSAI_KazakhTTS2_F3,2,,succeeded,ISSAI_KazakhTTS2_F3,2,,806455953,1,[],raw/v4/xlsr_sls_model_v4_kk_spoof_raw_v1/kk-piper-issai-high-v1/94/9476e8db69965f688e33f3b51ebd68ec8c7b92135cd0ed118aafd7649a223a2b.wav,35c1d396f907e7cb5fdfd93f62cbba2f9e9b94c2660e62329f3a945e4c85b271,9.462131519274376,22050,local_cpu_piper,
5248,target,xlsr_sls_model_v4_kk_spoof:Train/podcasts/08_04_124,v4:kk:Train/podcasts/08_04_124,kk-piper-issai-high-v1,piper_neural_tts,piper_kk_issai_high,ISSAI_KazakhTTS_F1_Raya,3,,succeeded,ISSAI_KazakhTTS_F1_Raya,3,,516727534,1,[],raw/v4/xlsr_sls_model_v4_kk_spoof_raw_v1/kk-piper-issai-high-v1/e7/e7d997e3a3ebb2c2c5d3fa45aa67789e37bcf5649cbadd2ba62e900c2014d059.wav,1516601ab5eb74ef0c381157e59725a1077dc488fa76bba745d056a112fc1412,7.685804988662132,22050,local_cpu_piper,
5252,target,xlsr_sls_model_v4_kk_spoof:Train/parliament/mazhilis_15_1_700,v4:kk:Train/parliament/mazhilis_15_1_700,kk-piper-issai-high-v1,piper_neural_tts,piper_kk_issai_high,ISSAI_KazakhTTS2_F1,4,,succeeded,ISSAI_KazakhTTS2_F1,4,,657639075,1,[],raw/v4/xlsr_sls_model_v4_kk_spoof_raw_v1/kk-piper-issai-high-v1/ff/ff7926c5d52fb779b120c53e3417884d6e9b7b8c3e307e8a930469152416c0e3.wav,6ee93a45d8f2de4b0ea949b96d8c425c45de41d62dfcf0bb3141d73d7b73b49a,3.8312925170068026,22050,local_cpu_piper,
5256,target,xlsr_sls_model_v4_kk_spoof:Train/podcasts/03_47_44,v4:kk:Train/podcasts/03_47_44,kk-piper-issai-high-v1,piper_neural_tts,piper_kk_issai_high,ISSAI_KazakhTTS2_F2,5,,succeeded,ISSAI_KazakhTTS2_F2,5,,1722059275,1,[],raw/v4/xlsr_sls_model_v4_kk_spoof_raw_v1/kk-piper-issai-high-v1/5a/5ab97db1f5bfc7b4ba7feb9c702405e057f026c4df5f5c0cb7edb8add2461e18.wav,56bb3b0ae86b339cb840504621a464e88014fd07d951787426c5f0925cc945d1,1.1261678004535147,22050,local_cpu_piper,
5260,target,xlsr_sls_model_v4_kk_spoof:Train/parliament/mazhilis_14_553,v4:kk:Train/parliament/mazhilis_14_553,kk-piper-issai-high-v1,piper_neural_tts,piper_kk_issai_high,ISSAI_KazakhTTS2_M2,,,succeeded,ISSAI_KazakhTTS2_M2,,,153382906,1,[],raw/v4/xlsr_sls_model_v4_kk_spoof_raw_v1/kk-piper-issai-high-v1/62/62079ef4179d7d464c5abe1d5dcb88cb891c845754345d663106118b399ec551.wav,c5661cc3e1afa78b228dd37b58e190f52fcc4f96ab545b5af69fd9c93dbe19d2,7.743854875283446,22050,local_cpu_piper,
5264,target,xlsr_sls_model_v4_kk_spoof:Train/radio/01_85_352,v4:kk:Train/radio/01_85_352,kk-piper-issai-high-v1,piper_neural_tts,piper_kk_issai_high,ISSAI_KazakhTTS_M1_Iseke,1,,succeeded,ISSAI_KazakhTTS_M1_Iseke,1,,629389589,1,[],raw/v4/xlsr_sls_model_v4_kk_spoof_raw_v1/kk-piper-issai-high-v1/73/73c1b7ac47582f53c7fe78af2214a62c417c4ea0de861f00f0d26d430a132ff4.wav,4bfb7efd04dcce617707e5b31d907ef127915274ae8ed8555e77d7cbd45efbd4,5.468299319727891,22050,local_cpu_piper,
5268,target,xlsr_sls_model_v4_kk_spoof:Train/podcasts/03_45_126,v4:kk:Train/podcasts/03_45_126,kk-piper-issai-high-v1,piper_neural_tts,piper_kk_issai_high,ISSAI_KazakhTTS2_F3,2,,succeeded,ISSAI_KazakhTTS2_F3,2,,206683445,1,[],raw/v4/xlsr_sls_model_v4_kk_spoof_raw_v1/kk-piper-issai-high-v1/aa/aa6b92402191f8a4ffea631675088192f0d43e546e7752fb9d09b4e3b332eda0.wav,6f1eef4a1e8a96a0bbb1774f76531d46a1c0b8bd2bf1192d82779d1541750e9b,6.548027210884354,22050,local_cpu_piper,
5272,target,xlsr_sls_model_v4_kk_spoof:Train/parliament/senate_09_095,v4:kk:Train/parliament/senate_09_095,kk-piper-issai-high-v1,piper_neural_tts,piper_kk_issai_high,ISSAI_KazakhTTS_F1_Raya,3,,succeeded,ISSAI_KazakhTTS_F1_Raya,3,,1739433815,1,[],raw/v4/xlsr_sls_model_v4_kk_spoof_raw_v1/kk-piper-issai-high-v1/e1/e16954089e0eb8a88c84dea12646934c460a82594fd88e2eda311490e0c8f661.wav,93dbe707e62b36c86972d0e2af23c9226b4c7bfaa7728f391967bcd51c040f5b,6.582857142857143,22050,local_cpu_piper,
5276,target,xlsr_sls_model_v4_kk_spoof:Train/tv_news/5f71ce2b58684,v4:kk:Train/tv_news/5f71ce2b58684,kk-piper-issai-high-v1,piper_neural_tts,piper_kk_issai_high,ISSAI_KazakhTTS2_F1,4,,succeeded,ISSAI_KazakhTTS2_F1,4,,1103404843,1,[],raw/v4/xlsr_sls_model_v4_kk_spoof_raw_v1/kk-piper-issai-high-v1/7a/7a6af62025d30a21b1a2c6f9ff7a2701f47b8713f86de4a2037940046aa2cf85.wav,ca86bca006658376eb2560de743cde65d77d8fd5607b00059f35746987636166,6.524807256235827,22050,local_cpu_piper,
5280,target,xlsr_sls_model_v4_kk_spoof:Train/radio/01_53_256,v4:kk:Train/radio/01_53_256,kk-piper-issai-high-v1,piper_neural_tts,piper_kk_issai_high,ISSAI_KazakhTTS2_F2,5,,succeeded,ISSAI_KazakhTTS2_F2,5,,603212268,1,[],raw/v4/xlsr_sls_model_v4_kk_spoof_raw_v1/kk-piper-issai-high-v1/f7/f7c4c8f5f8018b87c7db86dd6635bfc84eafbfc1b900009785023eb523d619a5.wav,a8215487490b5ee1b701c56ea1d24ed9dcf81daf4378e1b6a7e3f66efc2f047b,2.5658049886621317,22050,local_cpu_piper,
5284,target,xlsr_sls_model_v4_kk_spoof:Train/tv_news/5f71cdf98400d,v4:kk:Train/tv_news/5f71cdf98400d,kk-piper-issai-high-v1,piper_neural_tts,piper_kk_issai_high,ISSAI_KazakhTTS2_M2,,,succeeded,ISSAI_KazakhTTS2_M2,,,1334960143,1,[],raw/v4/xlsr_sls_model_v4_kk_spoof_raw_v1/kk-piper-issai-high-v1/10/108b1f34482d9fbf5f9a7d4dfe9fb0d1e13280c35128158806c69985ad4a7616.wav,8857dcbc8162404d3c6e51632523939c81d8f45f84895c3ed8ec4ff71670a0bc,4.156371882086168,22050,local_cpu_piper,
5288,target,xlsr_sls_model_v4_kk_spoof:Train/parliament/senate_23_209,v4:kk:Train/parliament/senate_23_209,kk-piper-issai-high-v1,piper_neural_tts,piper_kk_issai_high,ISSAI_KazakhTTS_M1_Iseke,1,,succeeded,ISSAI_KazakhTTS_M1_Iseke,1,,1347251706,1,[],raw/v4/xlsr_sls_model_v4_kk_spoof_raw_v1/kk-piper-issai-high-v1/f6/f67fa23e93a8e1fff137e2147b7b910da8c2f584b87829b554f3e79f27e1cdd8.wav,e687083ba63a9588c18005e9de52dbbaaaea438f43e56f6c5bfd0e1998f1fc49,18.715283446712018,22050,local_cpu_piper,
5292,target,xlsr_sls_model_v4_kk_spoof:Train/talkshow/01_53_169,v4:kk:Train/talkshow/01_53_169,kk-piper-issai-high-v1,piper_neural_tts,piper_kk_issai_high,ISSAI_KazakhTTS2_F3,2,,succeeded,ISSAI_KazakhTTS2_F3,2,,291509667,1,[],raw/v4/xlsr_sls_model_v4_kk_spoof_raw_v1/kk-piper-issai-high-v1/d1/d116ec65ef92e5dcd9efc5b606b527d5155297696653acfe3932a24e16e3dd34.wav,96e59d95c51456a6618cbcf72a5ab7cf9df21f5307312d1aa6710a0283db9731,1.5673469387755101,22050,local_cpu_piper,
5296,target,xlsr_sls_model_v4_kk_spoof:Train/podcasts/06_09_511,v4:kk:Train/podcasts/06_09_511,kk-piper-issai-high-v1,piper_neural_tts,piper_kk_issai_high,ISSAI_KazakhTTS_F1_Raya,3,,succeeded,ISSAI_KazakhTTS_F1_Raya,3,,41096529,1,[],raw/v4/xlsr_sls_model_v4_kk_spoof_raw_v1/kk-piper-issai-high-v1/69/69a0578b8a7896aae8e69332b1b7c81944230d3b8ac7f9625a67dcc4b34caab0.wav,d87d6ff140a1c6435fed1a7b470e2d3f21d69afc87ef2ba0326808a959897bf7,2.461315192743764,22050,local_cpu_piper,
5300,target,xlsr_sls_model_v4_kk_spoof:Train/parliament/senate_20_0144,v4:kk:Train/parliament/senate_20_0144,kk-piper-issai-high-v1,piper_neural_tts,piper_kk_issai_high,ISSAI_KazakhTTS2_F1,4,,succeeded,ISSAI_KazakhTTS2_F1,4,,1767443120,1,[],raw/v4/xlsr_sls_model_v4_kk_spoof_raw_v1/kk-piper-issai-high-v1/fa/fa667881cde51439e6963565199f2f24216e13cdfeb090061496b1533eeb0f3d.wav,b767c9eaa7efc61f94c8477003a317c38458251f0bbc69418ab37c66b85eca5b,11.92344671201814,22050,local_cpu_piper,
5304,target,xlsr_sls_model_v4_kk_spoof:Train/tv_news/5fa2e6edcf2b3,v4:kk:Train/tv_news/5fa2e6edcf2b3,kk-piper-issai-high-v1,piper_neural_tts,piper_kk_issai_high,ISSAI_KazakhTTS2_F2,5,,succeeded,ISSAI_KazakhTTS2_F2,5,,604415746,1,[],raw/v4/xlsr_sls_model_v4_kk_spoof_raw_v1/kk-piper-issai-high-v1/70/701abe7ff572431fe432dbed7c6edc34b9031a60279bf48d919ce4410635b723.wav,90fd58e51e05116b904c707fe6bc3e4d8f6ab142633e80ec0db172247f1d59b0,2.647074829931973,22050,local_cpu_piper,
5308,target,xlsr_sls_model_v4_kk_spoof:Train/talkshow/01_15_416,v4:kk:Train/talkshow/01_15_416,kk-piper-issai-high-v1,piper_neural_tts,piper_kk_issai_high,ISSAI_KazakhTTS2_M2,,,succeeded,ISSAI_KazakhTTS2_M2,,,1920632919,1,[],raw/v4/xlsr_sls_model_v4_kk_spoof_raw_v1/kk-piper-issai-high-v1/a7/a74519fbf52dacc7dc2c04ad654824289725b2468409f6e8946ff61c87bc0540.wav,96062a92cf34b80f2897f400044de19eaf14032309ce377fa80061a4771f0d88,3.610702947845805,22050,local_cpu_piper,
5312,target,xlsr_sls_model_v4_kk_spoof:Train/tv_news/5f71d06218419,v4:kk:Train/tv_news/5f71d06218419,kk-piper-issai-high-v1,piper_neural_tts,piper_kk_issai_high,ISSAI_KazakhTTS_M1_Iseke,1,,succeeded,ISSAI_KazakhTTS_M1_Iseke,1,,772478256,1,[],raw/v4/xlsr_sls_model_v4_kk_spoof_raw_v1/kk-piper-issai-high-v1/c2/c2dbd4bfc4438ab5b392abb868830c69fad471cc5baf2ca29b750dbc304ef388.wav,d598ece7f7be5c8283401c7c8f95afc2366b79f8905320b116b22066d1801d59,6.211337868480726,22050,local_cpu_piper,
5316,target,xlsr_sls_model_v4_kk_spoof:Train/podcasts/04_09_279,v4:kk:Train/podcasts/04_09_279,kk-piper-issai-high-v1,piper_neural_tts,piper_kk_issai_high,ISSAI_KazakhTTS2_F3,2,,succeeded,ISSAI_KazakhTTS2_F3,2,,1133061719,1,[],raw/v4/xlsr_sls_model_v4_kk_spoof_raw_v1/kk-piper-issai-high-v1/f5/f5332d2a78042300e53e388d89a266e7ec754f9d1be73f3a7ebeec3ceada0895.wav,d403ebfd69920347959d641f62a3c735e344ce5a54528182ec4bad2d69e6d155,9.520181405895691,22050,local_cpu_piper,
5320,target,xlsr_sls_model_v4_kk_spoof:Train/podcasts/06_11_039,v4:kk:Train/podcasts/06_11_039,kk-piper-issai-high-v1,piper_neural_tts,piper_kk_issai_high,ISSAI_KazakhTTS_F1_Raya,3,,succeeded,ISSAI_KazakhTTS_F1_Raya,3,,1145149042,1,[],raw/v4/xlsr_sls_model_v4_kk_spoof_raw_v1/kk-piper-issai-high-v1/4c/4cb54723a07c8704d7469cfd8223897c4f88070113af7f07a3aba150c1fbc6db.wav,48c52ba374b7dcde5119c5bc79d5de4a5a9763621e050f8fd25945c53c9dcffd,3.0418140589569163,22050,local_cpu_piper,
5324,target,xlsr_sls_model_v4_kk_spoof:Train/talkshow/01_20_075,v4:kk:Train/talkshow/01_20_075,kk-piper-issai-high-v1,piper_neural_tts,piper_kk_issai_high,ISSAI_KazakhTTS2_F1,4,,succeeded,ISSAI_KazakhTTS2_F1,4,,45335640,1,[],raw/v4/xlsr_sls_model_v4_kk_spoof_raw_v1/kk-piper-issai-high-v1/7b/7bf704a3602fc3bc268da65e757f81c03dd4f0774686132215c5cc89ae9be975.wav,e6d0b3ffe7e20fec5d86acf1f812cb1376f1213ecac6f629f6bf7d1a3560077e,4.609160997732427,22050,local_cpu_piper,
5328,target,xlsr_sls_model_v4_kk_spoof:Train/radio/01_69_157,v4:kk:Train/radio/01_69_157,kk-piper-issai-high-v1,piper_neural_tts,piper_kk_issai_high,ISSAI_KazakhTTS2_F2,5,,succeeded,ISSAI_KazakhTTS2_F2,5,,209159745,1,[],raw/v4/xlsr_sls_model_v4_kk_spoof_raw_v1/kk-piper-issai-high-v1/8e/8ee937006232eb4522bd9c8aa5de3370e7f4b1c070236c0b7922529bcf7b3d51.wav,30bfa82ac053b4926473bdc8cb6d12660b5dc679caab1fec92d14750d96d3dc5,6.5712471655328795,22050,local_cpu_piper,
5332,target,xlsr_sls_model_v4_kk_spoof:Train/tv_news/5fd037857350e,v4:kk:Train/tv_news/5fd037857350e,kk-piper-issai-high-v1,piper_neural_tts,piper_kk_issai_high,ISSAI_KazakhTTS2_M2,,,succeeded,ISSAI_KazakhTTS2_M2,,,1561884353,1,[],raw/v4/xlsr_sls_model_v4_kk_spoof_raw_v1/kk-piper-issai-high-v1/d3/d31750c1897145d094568145d5366fae519e4793b57cb3944f0423ae9cf5a86e.wav,4e2f6dee47eaedd14c5b4134af98a1e0814829a7df62ddb801a473546be3daad,6.315827664399093,22050,local_cpu_piper,
5336,target,xlsr_sls_model_v4_kk_spoof:Train/radio/01_55_412,v4:kk:Train/radio/01_55_412,kk-piper-issai-high-v1,piper_neural_tts,piper_kk_issai_high,ISSAI_KazakhTTS_M1_Iseke,1,,succeeded,ISSAI_KazakhTTS_M1_Iseke,1,,217847778,1,[],raw/v4/xlsr_sls_model_v4_kk_spoof_raw_v1/kk-piper-issai-high-v1/8d/8d51fd871897d70462604427565689fd7cc0fffd6f2a57e9e51c2d7796f03078.wav,20f65131a5805e904ea081ce81ffd8ecaaa158a53029bbd5d4275027e6303a63,6.489977324263038,22050,local_cpu_piper,
5340,target,xlsr_sls_model_v4_kk_spoof:Train/parliament/senate_12_614,v4:kk:Train/parliament/senate_12_614,kk-piper-issai-high-v1,piper_neural_tts,piper_kk_issai_high,ISSAI_KazakhTTS2_F3,2,,succeeded,ISSAI_KazakhTTS2_F3,2,,258575541,1,[],raw/v4/xlsr_sls_model_v4_kk_spoof_raw_v1/kk-piper-issai-high-v1/fe/fe7f6a95c21e5acced7d9d9a322ec943379fd16483a5490e9522ca5a3493e90e.wav,df98b1af8eda88c9a0a1e11d418dd338f0e69046a197bb847d8320609471b4b2,2.4961451247165534,22050,local_cpu_piper,
5344,target,xlsr_sls_model_v4_kk_spoof:Train/parliament/senate_20_0376,v4:kk:Train/parliament/senate_20_0376,kk-piper-issai-high-v1,piper_neural_tts,piper_kk_issai_high,ISSAI_KazakhTTS_F1_Raya,3,,succeeded,ISSAI_KazakhTTS_F1_Raya,3,,1798343749,1,[],raw/v4/xlsr_sls_model_v4_kk_spoof_raw_v1/kk-piper-issai-high-v1/38/382e500146f0f95964308a05bfd04b43ccf889f706ae49f5f577f661ed587200.wav,dfd9680e3da49c5d6e82f24dfb90114e5454c4b53a5d854f3a849967b24e14bf,7.697414965986394,22050,local_cpu_piper,
5348,target,xlsr_sls_model_v4_kk_spoof:Train/podcasts/01_01_585,v4:kk:Train/podcasts/01_01_585,kk-piper-issai-high-v1,piper_neural_tts,piper_kk_issai_high,ISSAI_KazakhTTS2_F1,4,,succeeded,ISSAI_KazakhTTS2_F1,4,,672582410,1,[],raw/v4/xlsr_sls_model_v4_kk_spoof_raw_v1/kk-piper-issai-high-v1/aa/aa7d8e782e4a9b81784474a0170eec5d8a1ee5e2889a5d201711dd0a10371933.wav,c68f14956f91d616b2e1ef4c1c6131c47c14d702c3232f9a1c7a1c596a7d195a,8.243083900226758,22050,local_cpu_piper,
5352,target,xlsr_sls_model_v4_kk_spoof:Train/tv_news/5f71049e377b2,v4:kk:Train/tv_news/5f71049e377b2,kk-piper-issai-high-v1,piper_neural_tts,piper_kk_issai_high,ISSAI_KazakhTTS2_F2,5,,succeeded,ISSAI_KazakhTTS2_F2,5,,1235285245,1,[],raw/v4/xlsr_sls_model_v4_kk_spoof_raw_v1/kk-piper-issai-high-v1/67/67cce9931e1946b131016a8edafc7ea67905966e138db3b2358ac316ffa1ce49.wav,412f006c83ed568cacacff493b77d7e7405e0ad40b1b69436fa731f75b39ff47,4.9806802721088435,22050,local_cpu_piper,
5356,target,xlsr_sls_model_v4_kk_spoof:Train/tv_news/5fd0377fc6a6c,v4:kk:Train/tv_news/5fd0377fc6a6c,kk-piper-issai-high-v1,piper_neural_tts,piper_kk_issai_high,ISSAI_KazakhTTS2_M2,,,succeeded,ISSAI_KazakhTTS2_M2,,,1653901638,1,[],raw/v4/xlsr_sls_model_v4_kk_spoof_raw_v1/kk-piper-issai-high-v1/90/9094b791aa3ffcf4f96bdffa82328f5bb1359b599bb16d48c212c740d82e941d.wav,5c82a2e262c5db97a40e61851c4d6bf69d53b6c84f7835e5925429768bdf4765,3.0418140589569163,22050,local_cpu_piper,
5360,target,xlsr_sls_model_v4_kk_spoof:Train/talkshow/01_66_354,v4:kk:Train/talkshow/01_66_354,kk-piper-issai-high-v1,piper_neural_tts,piper_kk_issai_high,ISSAI_KazakhTTS_M1_Iseke,1,,succeeded,ISSAI_KazakhTTS_M1_Iseke,1,,1289356713,1,[],raw/v4/xlsr_sls_model_v4_kk_spoof_raw_v1/kk-piper-issai-high-v1/b8/b8ee1e0d066e45cb0b18f7da2c8572c6cb7f223ab165423b298d600e9d89de4f.wav,af191b90944f86da5d77c6379f79ed26e959665b27a433915055cebf24a384de,10.135510204081633,22050,local_cpu_piper,
5364,target,xlsr_sls_model_v4_kk_spoof:Train/radio/01_83_094,v4:kk:Train/radio/01_83_094,kk-piper-issai-high-v1,piper_neural_tts,piper_kk_issai_high,ISSAI_KazakhTTS2_F3,2,,succeeded,ISSAI_KazakhTTS2_F3,2,,1012142932,1,[],raw/v4/xlsr_sls_model_v4_kk_spoof_raw_v1/kk-piper-issai-high-v1/58/5889354b5544e17ef6ed3d8bda47e8254c8727e4f75c3e82e190af2e89a6c116.wav,cc7bdc7a1afb6ce607f6005ea60c1f74e01cdbc31709e01cdfcb2249e15122a9,2.1942857142857144,22050,local_cpu_piper,
5368,target,xlsr_sls_model_v4_kk_spoof:Train/parliament/mazhilis_20_456,v4:kk:Train/parliament/mazhilis_20_456,kk-piper-issai-high-v1,piper_neural_tts,piper_kk_issai_high,ISSAI_KazakhTTS_F1_Raya,3,,succeeded,ISSAI_KazakhTTS_F1_Raya,3,,1559318196,1,[],raw/v4/xlsr_sls_model_v4_kk_spoof_raw_v1/kk-piper-issai-high-v1/98/981a07df1444a99b9dc5b32bac8a4376000b5421b49f5d52c112bbfc3777f757.wav,2ef6bfcbe91969ac9902a77c82fd4dc4fc59cf013b4bf74ee6c9db2e28f3d20f,2.972154195011338,22050,local_cpu_piper,
5372,target,xlsr_sls_model_v4_kk_spoof:Train/podcasts/03_68_055,v4:kk:Train/podcasts/03_68_055,kk-piper-issai-high-v1,piper_neural_tts,piper_kk_issai_high,ISSAI_KazakhTTS2_F1,4,,succeeded,ISSAI_KazakhTTS2_F1,4,,1103673594,1,[],raw/v4/xlsr_sls_model_v4_kk_spoof_raw_v1/kk-piper-issai-high-v1/20/2044bf9c7e7de8015102205a7c38987dc434db9ecf3f7794cf3161c99b4cf070.wav,0c463b05d6bbb7c7909752030b256a5c59c2615c6c19b74b0ba7f031325bce1d,6.989206349206349,22050,local_cpu_piper,
5376,target,xlsr_sls_model_v4_kk_spoof:Train/talkshow/01_53_064,v4:kk:Train/talkshow/01_53_064,kk-piper-issai-high-v1,piper_neural_tts,piper_kk_issai_high,ISSAI_KazakhTTS2_F2,5,,succeeded,ISSAI_KazakhTTS2_F2,5,,1614592483,1,[],raw/v4/xlsr_sls_model_v4_kk_spoof_raw_v1/kk-piper-issai-high-v1/47/47fc54951b19090c618968ac70f3e8ec0e6fae96136c2eb35fa6b6ffdbed718f.wav,a0fc7a2bce712a40a5eaa4d67b6d4d92e193ea812083603ddaae6334c00861e1,5.073560090702948,22050,local_cpu_piper,
5380,target,xlsr_sls_model_v4_kk_spoof:Train/talkshow/01_81_084,v4:kk:Train/talkshow/01_81_084,kk-piper-issai-high-v1,piper_neural_tts,piper_kk_issai_high,ISSAI_KazakhTTS2_M2,,,succeeded,ISSAI_KazakhTTS2_M2,,,8793584,1,[],raw/v4/xlsr_sls_model_v4_kk_spoof_raw_v1/kk-piper-issai-high-v1/d2/d2654e822009baa76ac00d59adc4dd2a0b41e7d220d6b496bb4f3ea3fdb13d9b.wav,913239eed75dc2a97fb6c61a85f730587e86f1846b2de0c2207d3104a7f789b3,6.722176870748299,22050,local_cpu_piper,
5384,target,xlsr_sls_model_v4_kk_spoof:Train/parliament/mazhilis_29_462,v4:kk:Train/parliament/mazhilis_29_462,kk-piper-issai-high-v1,piper_neural_tts,piper_kk_issai_high,ISSAI_KazakhTTS_M1_Iseke,1,,succeeded,ISSAI_KazakhTTS_M1_Iseke,1,,1954350016,1,[],raw/v4/xlsr_sls_model_v4_kk_spoof_raw_v1/kk-piper-issai-high-v1/26/26f0c8695d26c64593adcae8b40b21f0b858be1fea75f70ee79ec6480e00edda.wav,ad5d0f31e651689b3f0a5455f18041f589c38af35cd02c868d3c50d0a9ed26c8,3.9706122448979593,22050,local_cpu_piper,
5388,target,xlsr_sls_model_v4_kk_spoof:Train/podcasts/06_09_427,v4:kk:Train/podcasts/06_09_427,kk-piper-issai-high-v1,piper_neural_tts,piper_kk_issai_high,ISSAI_KazakhTTS2_F3,2,,succeeded,ISSAI_KazakhTTS2_F3,2,,1658532529,1,[],raw/v4/xlsr_sls_model_v4_kk_spoof_raw_v1/kk-piper-issai-high-v1/78/7890405017110eb2907f70a36908815199a00ec1fa52dd396799a3046b2d9a08.wav,b3c3b8c01cedf6e4b3d0f80f0ba0fa24e8d696d4f41c9be89559199fe47fd352,2.8908843537414968,22050,local_cpu_piper,
5392,target,xlsr_sls_model_v4_kk_spoof:Train/radio/01_13_096,v4:kk:Train/radio/01_13_096,kk-piper-issai-high-v1,piper_neural_tts,piper_kk_issai_high,ISSAI_KazakhTTS_F1_Raya,3,,succeeded,ISSAI_KazakhTTS_F1_Raya,3,,155882809,1,[],raw/v4/xlsr_sls_model_v4_kk_spoof_raw_v1/kk-piper-issai-high-v1/5c/5cb989f5f243232ba1aa7547b2d0ae6f0ea607b64eba409a5679a364a7d0b8a7.wav,71df04388457e34eb355a9bfdc1c62279fe77f79a6618055f278a3d949a131bb,3.599092970521542,22050,local_cpu_piper,
5396,target,xlsr_sls_model_v4_kk_spoof:Train/podcasts/06_09_363,v4:kk:Train/podcasts/06_09_363,kk-piper-issai-high-v1,piper_neural_tts,piper_kk_issai_high,ISSAI_KazakhTTS2_F1,4,,succeeded,ISSAI_KazakhTTS2_F1,4,,2062195413,1,[],raw/v4/xlsr_sls_model_v4_kk_spoof_raw_v1/kk-piper-issai-high-v1/37/37f66713545006aaa81ada44e0efa62459ed2f145074832afcf0593e5eff8c60.wav,43445fddd15e477754d0e800b01b0cc363588792512f1cc0afe856ff882bfbb8,1.9853061224489796,22050,local_cpu_piper,
5400,target,xlsr_sls_model_v4_kk_spoof:Train/parliament/mazhilis_12_094,v4:kk:Train/parliament/mazhilis_12_094,kk-piper-issai-high-v1,piper_neural_tts,piper_kk_issai_high,ISSAI_KazakhTTS2_F2,5,,succeeded,ISSAI_KazakhTTS2_F2,5,,242923313,1,[],raw/v4/xlsr_sls_model_v4_kk_spoof_raw_v1/kk-piper-issai-high-v1/59/59176bcfcedb8360426889b718462d90d42633383fb0817d9770800f9ad49818.wav,fae285474321f44bb7ff5aac4d1569e064ff1d27e8ee396f33608f2a87116c35,7.918004535147392,22050,local_cpu_piper,
5404,target,xlsr_sls_model_v4_kk_spoof:Train/talkshow/01_54_264,v4:kk:Train/talkshow/01_54_264,kk-piper-issai-high-v1,piper_neural_tts,piper_kk_issai_high,ISSAI_KazakhTTS2_M2,,,succeeded,ISSAI_KazakhTTS2_M2,,,124751471,1,[],raw/v4/xlsr_sls_model_v4_kk_spoof_raw_v1/kk-piper-issai-high-v1/02/02722d048e86bebf19101ad4787f89c9b719dc2736389614447b6ec1c6cd4f41.wav,737167c6482dff3c3800c278a8bd0e541b75259bcd06558e3203f582a02005e9,8.150204081632653,22050,local_cpu_piper,
5408,target,xlsr_sls_model_v4_kk_spoof:Train/radio/01_21_384,v4:kk:Train/radio/01_21_384,kk-piper-issai-high-v1,piper_neural_tts,piper_kk_issai_high,ISSAI_KazakhTTS_M1_Iseke,1,,succeeded,ISSAI_KazakhTTS_M1_Iseke,1,,161273573,1,[],raw/v4/xlsr_sls_model_v4_kk_spoof_raw_v1/kk-piper-issai-high-v1/79/79f240e061218fd7225d39f13548b5972e0e444012fb1970e7de97e9b6ef877a.wav,631c2d403d8ead1e40828f49ee505b6416160ff71ab3c15fb774409941745170,4.690430839002268,22050,local_cpu_piper,
5412,target,xlsr_sls_model_v4_kk_spoof:Train/talkshow/01_68_106,v4:kk:Train/talkshow/01_68_106,kk-piper-issai-high-v1,piper_neural_tts,piper_kk_issai_high,ISSAI_KazakhTTS2_F3,2,,succeeded,ISSAI_KazakhTTS2_F3,2,,839826807,1,[],raw/v4/xlsr_sls_model_v4_kk_spoof_raw_v1/kk-piper-issai-high-v1/2b/2bba882d5ffd15796a108844f06c12dbde99960d8b0112e7585cb9d6cfec6e3c.wav,549f0b9603b1d43c31cb93e8a8050af163a9eff3e9aade688f055b3182f87fe0,9.624671201814058,22050,local_cpu_piper,
5416,target,xlsr_sls_model_v4_kk_spoof:Train/podcasts/04_09_610,v4:kk:Train/podcasts/04_09_610,kk-piper-issai-high-v1,piper_neural_tts,piper_kk_issai_high,ISSAI_KazakhTTS_F1_Raya,3,,succeeded,ISSAI_KazakhTTS_F1_Raya,3,,787824249,1,[],raw/v4/xlsr_sls_model_v4_kk_spoof_raw_v1/kk-piper-issai-high-v1/3b/3b8ac80d63bcb183e00fe7d231efcdab02aaee980334e3ba7ddb73529a0162e5.wav,fd7be62feb2ef154b6849fdec29965ff340edca7ee07c2d3f7a05a6bdcfb853e,5.178049886621316,22050,local_cpu_piper,
5420,target,xlsr_sls_model_v4_kk_spoof:Train/tv_news/6006d30ca3a69,v4:kk:Train/tv_news/6006d30ca3a69,kk-piper-issai-high-v1,piper_neural_tts,piper_kk_issai_high,ISSAI_KazakhTTS2_F1,4,,succeeded,ISSAI_KazakhTTS2_F1,4,,603861965,1,[],raw/v4/xlsr_sls_model_v4_kk_spoof_raw_v1/kk-piper-issai-high-v1/7c/7c2105c64629a77b1301961ca9ed880354830cb85ccb81f64649453d4b931b63.wav,ffa571ce2821113f4eb024aed75c103145e8f1a2624b768364b05b27b23e83d1,4.527891156462585,22050,local_cpu_piper,
5424,target,xlsr_sls_model_v4_kk_spoof:Train/parliament/senate_15_664,v4:kk:Train/parliament/senate_15_664,kk-piper-issai-high-v1,piper_neural_tts,piper_kk_issai_high,ISSAI_KazakhTTS2_F2,5,,succeeded,ISSAI_KazakhTTS2_F2,5,,338542745,1,[],raw/v4/xlsr_sls_model_v4_kk_spoof_raw_v1/kk-piper-issai-high-v1/2b/2b1c0342e4ef2d3a03faa7b94eddec223123c352ec8e96e26b61021fd7fc41d4.wav,ee39c89bc7dafc2d7bc2570ac8644a8a4eeaff7e4e7bb2a8f614c00058579878,4.098321995464852,22050,local_cpu_piper,
5428,target,xlsr_sls_model_v4_kk_spoof:Train/podcasts/01_04_098,v4:kk:Train/podcasts/01_04_098,kk-piper-issai-high-v1,piper_neural_tts,piper_kk_issai_high,ISSAI_KazakhTTS2_M2,,,succeeded,ISSAI_KazakhTTS2_M2,,,1556024226,1,[],raw/v4/xlsr_sls_model_v4_kk_spoof_raw_v1/kk-piper-issai-high-v1/79/79439cc4043cf21597473e5c1d5e4fca20649b7ca53fbdc02c06594998caf3e6.wav,ea79e3e5a0f16ff61a7fb8ab6930db99f2c6359a543c3f0d9b63106e42bf4a1b,5.88625850340136,22050,local_cpu_piper,
5432,target,xlsr_sls_model_v4_kk_spoof:Train/tv_news/5f71d0d257406,v4:kk:Train/tv_news/5f71d0d257406,kk-piper-issai-high-v1,piper_neural_tts,piper_kk_issai_high,ISSAI_KazakhTTS_M1_Iseke,1,,succeeded,ISSAI_KazakhTTS_M1_Iseke,1,,1203499434,1,[],raw/v4/xlsr_sls_model_v4_kk_spoof_raw_v1/kk-piper-issai-high-v1/ac/acb961520f36afcd9a486d3aca6b8610448a9a0b63b399383252ad7d8c8bd54f.wav,a719910125e0f191b26bfcfdf5b99780129c5cc4500a874c07bd7e23a9559a11,5.723718820861678,22050,local_cpu_piper,
5436,target,xlsr_sls_model_v4_kk_spoof:Train/podcasts/04_00_372,v4:kk:Train/podcasts/04_00_372,kk-piper-issai-high-v1,piper_neural_tts,piper_kk_issai_high,ISSAI_KazakhTTS2_F3,2,,succeeded,ISSAI_KazakhTTS2_F3,2,,1848757869,1,[],raw/v4/xlsr_sls_model_v4_kk_spoof_raw_v1/kk-piper-issai-high-v1/3c/3c1407adc30a697d3dfd7d7d0596687c7118e42664b687eea2e59dd514842d9d.wav,787aec722ca008d206d309ba788d10a36dfa0fdf122045793581d4b2d1587e0d,12.620045351473923,22050,local_cpu_piper,
5440,target,xlsr_sls_model_v4_kk_spoof:Train/tv_news/5f71cdfe769e0,v4:kk:Train/tv_news/5f71cdfe769e0,kk-piper-issai-high-v1,piper_neural_tts,piper_kk_issai_high,ISSAI_KazakhTTS_F1_Raya,3,,succeeded,ISSAI_KazakhTTS_F1_Raya,3,,1746116908,1,[],raw/v4/xlsr_sls_model_v4_kk_spoof_raw_v1/kk-piper-issai-high-v1/31/31fc005d8b8e4c6b6946aabce756dce5687dce693970deb60f14ea43a5c11989.wav,56e3f2d40f6a10109a48a7db91c8c71333f331e16dc21aec604a33dcbff1dbcc,4.504671201814059,22050,local_cpu_piper,
5444,target,xlsr_sls_model_v4_kk_spoof:Train/talkshow/01_71_491,v4:kk:Train/talkshow/01_71_491,kk-piper-issai-high-v1,piper_neural_tts,piper_kk_issai_high,ISSAI_KazakhTTS2_F1,4,,succeeded,ISSAI_KazakhTTS2_F1,4,,705270555,1,[],raw/v4/xlsr_sls_model_v4_kk_spoof_raw_v1/kk-piper-issai-high-v1/da/da890ec65b46f0bed77541c706d167f36e904c8a92f8ea075be7745f1ce47bc7.wav,71faca2dbee645e11b35ccc13ee295fc9de21358f05b5600e6abe1737b3e1071,2.6122448979591835,22050,local_cpu_piper,
5448,target,xlsr_sls_model_v4_kk_spoof:Train/podcasts/08_09_111,v4:kk:Train/podcasts/08_09_111,kk-piper-issai-high-v1,piper_neural_tts,piper_kk_issai_high,ISSAI_KazakhTTS2_F2,5,,succeeded,ISSAI_KazakhTTS2_F2,5,,1226767088,1,[],raw/v4/xlsr_sls_model_v4_kk_spoof_raw_v1/kk-piper-issai-high-v1/b8/b85c2fab52045f5ba88e7a27a26b4d939bc37bbfb1e6bb678162634a097bbab1.wav,0e15895fb016e832c64721bbe448b711e4bb4494483a0c3b04f94bc00f071940,4.574331065759637,22050,local_cpu_piper,
5452,target,xlsr_sls_model_v4_kk_spoof:Train/radio/01_49_170,v4:kk:Train/radio/01_49_170,kk-piper-issai-high-v1,piper_neural_tts,piper_kk_issai_high,ISSAI_KazakhTTS2_M2,,,succeeded,ISSAI_KazakhTTS2_M2,,,774856819,1,[],raw/v4/xlsr_sls_model_v4_kk_spoof_raw_v1/kk-piper-issai-high-v1/6a/6a51e18a59c7601903bd5c5e6bd2a1f363ddadb1cbd43166c93df38c12897216.wav,b13d708460daac5221bd23bb6d7a6f1337119a0f4827c698ecbc9eb03ed65eba,6.408707482993197,22050,local_cpu_piper,
5456,target,xlsr_sls_model_v4_kk_spoof:Train/tv_news/5f71cfd2d0d20,v4:kk:Train/tv_news/5f71cfd2d0d20,kk-piper-issai-high-v1,piper_neural_tts,piper_kk_issai_high,ISSAI_KazakhTTS_M1_Iseke,1,,succeeded,ISSAI_KazakhTTS_M1_Iseke,1,,212909182,1,[],raw/v4/xlsr_sls_model_v4_kk_spoof_raw_v1/kk-piper-issai-high-v1/a5/a52c7b2baa918179facf430e512e8b57ff72f8568898f5f33fcdd814e1e51026.wav,b6d937de1a85c815c48b9f25eaffd3ba18acbcda7e52ebff73dd460fa2a7503d,6.188117913832199,22050,local_cpu_piper,
5460,target,xlsr_sls_model_v4_kk_spoof:Train/podcasts/01_03_893,v4:kk:Train/podcasts/01_03_893,kk-piper-issai-high-v1,piper_neural_tts,piper_kk_issai_high,ISSAI_KazakhTTS2_F3,2,,succeeded,ISSAI_KazakhTTS2_F3,2,,1213110100,1,[],raw/v4/xlsr_sls_model_v4_kk_spoof_raw_v1/kk-piper-issai-high-v1/d3/d36254a802780dc9b1cc5eb120792ae28443c1ad48fe901ecc4e828357c59c40.wav,c265aadebd59e1ffee5d8914b30680840631554b59ccd1bf40f9e5a70566883b,1.9504761904761905,22050,local_cpu_piper,
5464,target,xlsr_sls_model_v4_kk_spoof:Train/parliament/mazhilis_29_093,v4:kk:Train/parliament/mazhilis_29_093,kk-piper-issai-high-v1,piper_neural_tts,piper_kk_issai_high,ISSAI_KazakhTTS_F1_Raya,3,,succeeded,ISSAI_KazakhTTS_F1_Raya,3,,1335111723,1,[],raw/v4/xlsr_sls_model_v4_kk_spoof_raw_v1/kk-piper-issai-high-v1/c9/c95ce0409e0c55ccccb977bd0bc57c3485a0978ec540ef7c09c7b0361532a39d.wav,31a093957f1a8fac4a319eb86ab2822a257074f828b48343685cacb1687b5ebe,10.031020408163265,22050,local_cpu_piper,
5468,target,xlsr_sls_model_v4_kk_spoof:Train/tv_news/5fa2e7c8154d6,v4:kk:Train/tv_news/5fa2e7c8154d6,kk-piper-issai-high-v1,piper_neural_tts,piper_kk_issai_high,ISSAI_KazakhTTS2_F1,4,,succeeded,ISSAI_KazakhTTS2_F1,4,,1576687542,1,[],raw/v4/xlsr_sls_model_v4_kk_spoof_raw_v1/kk-piper-issai-high-v1/0b/0b1ffd5bca9414a5eb1f6798504f543ccab8b4a72c42975bffe07a93ad355388.wav,cb0b66da853fbd2fd1cdbf66bbd4adc968df2d33d81c414a8c9c015f78e81b58,4.330521541950113,22050,local_cpu_piper,
5472,target,xlsr_sls_model_v4_kk_spoof:Train/talkshow/01_06_329,v4:kk:Train/talkshow/01_06_329,kk-piper-issai-high-v1,piper_neural_tts,piper_kk_issai_high,ISSAI_KazakhTTS2_F2,5,,succeeded,ISSAI_KazakhTTS2_F2,5,,1615316999,1,[],raw/v4/xlsr_sls_model_v4_kk_spoof_raw_v1/kk-piper-issai-high-v1/4d/4d9b6bf5c087a861bd3ae39b06f51d915ebafae35d125b56b065ca83eda4763f.wav,e8bb279b85f4bfc6d3df7ab99dddd57cdf392d815d4f57faf5a5f7c2a4927945,3.250793650793651,22050,local_cpu_piper,
5476,target,xlsr_sls_model_v4_kk_spoof:Train/podcasts/04_02_739,v4:kk:Train/podcasts/04_02_739,kk-piper-issai-high-v1,piper_neural_tts,piper_kk_issai_high,ISSAI_KazakhTTS2_M2,,,succeeded,ISSAI_KazakhTTS2_M2,,,130735864,1,[],raw/v4/xlsr_sls_model_v4_kk_spoof_raw_v1/kk-piper-issai-high-v1/2f/2fd51fd010ab1d8a4a495827ef605058d7d0a34a9da03acc9b3b982a804494f1.wav,825e047344ce208799bf29dd4fabc467c05c6fce40c478a95c1630d3e7a743ab,0.8243083900226758,22050,local_cpu_piper,
5480,target,xlsr_sls_model_v4_kk_spoof:Train/talkshow/01_42_484,v4:kk:Train/talkshow/01_42_484,kk-piper-issai-high-v1,piper_neural_tts,piper_kk_issai_high,ISSAI_KazakhTTS_M1_Iseke,1,,succeeded,ISSAI_KazakhTTS_M1_Iseke,1,,1740079097,1,[],raw/v4/xlsr_sls_model_v4_kk_spoof_raw_v1/kk-piper-issai-high-v1/b1/b112f6bb267fee057061d51e977492fcae1c3dd31b1518701568790b64b88dab.wav,f1c69ab8103c5d9c3750dcbdf597f19a6b39037ef91231bea05a55d174d9d0e9,1.6602267573696146,22050,local_cpu_piper,
5484,target,xlsr_sls_model_v4_kk_spoof:Train/radio/01_24_290,v4:kk:Train/radio/01_24_290,kk-piper-issai-high-v1,piper_neural_tts,piper_kk_issai_high,ISSAI_KazakhTTS2_F3,2,,succeeded,ISSAI_KazakhTTS2_F3,2,,913706284,1,[],raw/v4/xlsr_sls_model_v4_kk_spoof_raw_v1/kk-piper-issai-high-v1/28/2837d39c169003a2d1114dcd48aee74d62696bfdeed53174a1ffdf87d4afe7c3.wav,8ea282962d0c8b97acff241a3087dd9b79d5a8fcb89eb24573fa9564c7cc9698,2.345215419501134,22050,local_cpu_piper,
5488,target,xlsr_sls_model_v4_kk_spoof:Train/parliament/senate_20_0121,v4:kk:Train/parliament/senate_20_0121,kk-piper-issai-high-v1,piper_neural_tts,piper_kk_issai_high,ISSAI_KazakhTTS_F1_Raya,3,,succeeded,ISSAI_KazakhTTS_F1_Raya,3,,234148584,1,[],raw/v4/xlsr_sls_model_v4_kk_spoof_raw_v1/kk-piper-issai-high-v1/27/27f86b9319cf3bb36ed1bd2ed06d001cd947cb1c9196fd616decbaa8e0e88534.wav,63c86adeeb2160da040f0d08cee5433939703e673b5f54f02686c193fc42400b,2.809614512471655,22050,local_cpu_piper,
5492,target,xlsr_sls_model_v4_kk_spoof:Train/talkshow/01_52_227,v4:kk:Train/talkshow/01_52_227,kk-piper-issai-high-v1,piper_neural_tts,piper_kk_issai_high,ISSAI_KazakhTTS2_F1,4,,succeeded,ISSAI_KazakhTTS2_F1,4,,120432649,1,[],raw/v4/xlsr_sls_model_v4_kk_spoof_raw_v1/kk-piper-issai-high-v1/c1/c180b5d6cbd636e0f35f7920994fc9f78d0950db351df2c0541fbb6d07c9a09b.wav,db2afdbcfea3645a38c664d23655e5f4bd8c26812303a58455c4d318d6afa1a1,7.987664399092971,22050,local_cpu_piper,
5496,target,xlsr_sls_model_v4_kk_spoof:Train/parliament/mazhilis_13_192,v4:kk:Train/parliament/mazhilis_13_192,kk-piper-issai-high-v1,piper_neural_tts,piper_kk_issai_high,ISSAI_KazakhTTS2_F2,5,,succeeded,ISSAI_KazakhTTS2_F2,5,,833903951,1,[],raw/v4/xlsr_sls_model_v4_kk_spoof_raw_v1/kk-piper-issai-high-v1/6d/6dec924cfbffcc48bed62fd67829c672f666d4767afcfb755a8d4e814abcba16.wav,2e22b1f466a18424e88b3a8625d74d0fd920c2dfc90d25a0a3e49892183b2474,6.617687074829932,22050,local_cpu_piper,
5500,target,xlsr_sls_model_v4_kk_spoof:Train/tv_news/5f834ece9c0a8,v4:kk:Train/tv_news/5f834ece9c0a8,kk-piper-issai-high-v1,piper_neural_tts,piper_kk_issai_high,ISSAI_KazakhTTS2_M2,,,succeeded,ISSAI_KazakhTTS2_M2,,,1985645730,1,[],raw/v4/xlsr_sls_model_v4_kk_spoof_raw_v1/kk-piper-issai-high-v1/37/370c047ef3ce2881a1699b368881659400aa04259aee30037207312450ed716c.wav,80a75a6d2fbaf8082b45f28bdb926c3deca477698dfb7ceff120f62acf613f49,5.328979591836735,22050,local_cpu_piper,
5504,target,xlsr_sls_model_v4_kk_spoof:Train/tv_news/5fa2e7d5e96b9,v4:kk:Train/tv_news/5fa2e7d5e96b9,kk-piper-issai-high-v1,piper_neural_tts,piper_kk_issai_high,ISSAI_KazakhTTS_M1_Iseke,1,,succeeded,ISSAI_KazakhTTS_M1_Iseke,1,,1221424165,1,[],raw/v4/xlsr_sls_model_v4_kk_spoof_raw_v1/kk-piper-issai-high-v1/20/2000da468c3fa922deb932ec02347610b06554411609559c659dc6bb4b65b67a.wav,25783ae7624a11d2021ee539772ce71d21186c30d8595332d017a55aa0b3acb3,8.742312925170069,22050,local_cpu_piper,
5508,target,xlsr_sls_model_v4_kk_spoof:Train/talkshow/01_21_132,v4:kk:Train/talkshow/01_21_132,kk-piper-issai-high-v1,piper_neural_tts,piper_kk_issai_high,ISSAI_KazakhTTS2_F3,2,,succeeded,ISSAI_KazakhTTS2_F3,2,,699788421,1,[],raw/v4/xlsr_sls_model_v4_kk_spoof_raw_v1/kk-piper-issai-high-v1/c5/c58d3b24d17df362f85ec15ea4772e2fc399f53e948e20893bfc48189a7b5213.wav,10cdd469013a66d062f4f861db1897044c4dc87e12db9bb971ee331ccc99da39,2.5425850340136056,22050,local_cpu_piper,
5512,target,xlsr_sls_model_v4_kk_spoof:Train/radio/01_12_062,v4:kk:Train/radio/01_12_062,kk-piper-issai-high-v1,piper_neural_tts,piper_kk_issai_high,ISSAI_KazakhTTS_F1_Raya,3,,succeeded,ISSAI_KazakhTTS_F1_Raya,3,,1416693634,1,[],raw/v4/xlsr_sls_model_v4_kk_spoof_raw_v1/kk-piper-issai-high-v1/75/759c3f5062fa564b4eb6e2761d37031177d40b36c75c588c4c021a976e6810f7.wav,73050201d13f3bc45f44db77399392fb1cccea8665c2d4ad005da115f69b4795,6.2693877551020405,22050,local_cpu_piper,
5516,target,xlsr_sls_model_v4_kk_spoof:Train/radio/01_46_111,v4:kk:Train/radio/01_46_111,kk-piper-issai-high-v1,piper_neural_tts,piper_kk_issai_high,ISSAI_KazakhTTS2_F1,4,,succeeded,ISSAI_KazakhTTS2_F1,4,,1746243113,1,[],raw/v4/xlsr_sls_model_v4_kk_spoof_raw_v1/kk-piper-issai-high-v1/cf/cfe815cd1ef61dbecbf4e58380cd97592379209cfcb4089a5c11e9034b160c21.wav,fa2ea19b26bb3f5025bc333cdc10bff2f2b2c610ee5f8bef3972545e30326a0d,2.461315192743764,22050,local_cpu_piper,
5520,target,xlsr_sls_model_v4_kk_spoof:Train/radio/01_77_362,v4:kk:Train/radio/01_77_362,kk-piper-issai-high-v1,piper_neural_tts,piper_kk_issai_high,ISSAI_KazakhTTS2_F2,5,,succeeded,ISSAI_KazakhTTS2_F2,5,,528312473,1,[],raw/v4/xlsr_sls_model_v4_kk_spoof_raw_v1/kk-piper-issai-high-v1/7b/7be2b8e621f67cc7ee8ef1f0c75284f7f640191c5b81c38ae5c75f6a0323efbc.wav,8cfe803c82e8d36329a66c06f0c00944e2d6426ba029e19e6d3458f8429ecfef,5.5495691609977325,22050,local_cpu_piper,
5524,target,xlsr_sls_model_v4_kk_spoof:Train/parliament/senate_19_079,v4:kk:Train/parliament/senate_19_079,kk-piper-issai-high-v1,piper_neural_tts,piper_kk_issai_high,ISSAI_KazakhTTS2_M2,,,succeeded,ISSAI_KazakhTTS2_M2,,,1552081745,1,[],raw/v4/xlsr_sls_model_v4_kk_spoof_raw_v1/kk-piper-issai-high-v1/53/53391bd0612e33abda5a93bbf7eb11afd2993b6fe626bfd2e6af0b59d2d40afa.wav,c03b51a8bc690ee71c1a821f007603ee96392fa968f20277889eb94522258a93,13.421133786848072,22050,local_cpu_piper,
5528,target,xlsr_sls_model_v4_kk_spoof:Train/podcasts/04_07_177,v4:kk:Train/podcasts/04_07_177,kk-piper-issai-high-v1,piper_neural_tts,piper_kk_issai_high,ISSAI_KazakhTTS_M1_Iseke,1,,succeeded,ISSAI_KazakhTTS_M1_Iseke,1,,995670247,1,[],raw/v4/xlsr_sls_model_v4_kk_spoof_raw_v1/kk-piper-issai-high-v1/5c/5c1c0bbd1705a91e917f2a85eea642f0c5c754b6d7ee71d607cf9f79106841e7.wav,b61d9a138279b47544b73e6651acb30e667e27bdb612ec054efeb6e441be4853,9.926530612244898,22050,local_cpu_piper,
5532,target,xlsr_sls_model_v4_kk_spoof:Train/talkshow/01_07_308,v4:kk:Train/talkshow/01_07_308,kk-piper-issai-high-v1,piper_neural_tts,piper_kk_issai_high,ISSAI_KazakhTTS2_F3,2,,succeeded,ISSAI_KazakhTTS2_F3,2,,1828678999,1,[],raw/v4/xlsr_sls_model_v4_kk_spoof_raw_v1/kk-piper-issai-high-v1/6f/6f94c769a83766470058749d15baab774ad7be11a724c4f99b8b6b00a95b28f0.wav,40bcc0570acac9bde3572fd47387a94f0e322eb35e5f31f22307354899b73e4d,9.113832199546485,22050,local_cpu_piper,
5536,target,xlsr_sls_model_v4_kk_spoof:Train/podcasts/03_47_20,v4:kk:Train/podcasts/03_47_20,kk-piper-issai-high-v1,piper_neural_tts,piper_kk_issai_high,ISSAI_KazakhTTS_F1_Raya,3,,succeeded,ISSAI_KazakhTTS_F1_Raya,3,,1516346994,1,[],raw/v4/xlsr_sls_model_v4_kk_spoof_raw_v1/kk-piper-issai-high-v1/83/83b719938890d2ca165e8883eab4a743f2957acf95a5896adb8c31d0bf03291d.wav,45e204104723942563ba504b5850886e593406b062937815d690fe5b0b3515a2,3.680362811791383,22050,local_cpu_piper,
5540,target,xlsr_sls_model_v4_kk_spoof:Train/tv_news/5f834dd1f34cf,v4:kk:Train/tv_news/5f834dd1f34cf,kk-piper-issai-high-v1,piper_neural_tts,piper_kk_issai_high,ISSAI_KazakhTTS2_F1,4,,succeeded,ISSAI_KazakhTTS2_F1,4,,1961518316,1,[],raw/v4/xlsr_sls_model_v4_kk_spoof_raw_v1/kk-piper-issai-high-v1/2b/2bcb25f3c331514f48c17e6aa63c3bb5134594876b10f77decb4aefe4b2417de.wav,49d63797b1690d64ce8370c3301a1f76fa0e67bd198f06731b58dcc97843abed,6.257777777777778,22050,local_cpu_piper,
5544,target,xlsr_sls_model_v4_kk_spoof:Train/radio/01_81_015,v4:kk:Train/radio/01_81_015,kk-piper-issai-high-v1,piper_neural_tts,piper_kk_issai_high,ISSAI_KazakhTTS2_F2,5,,succeeded,ISSAI_KazakhTTS2_F2,5,,886265777,1,[],raw/v4/xlsr_sls_model_v4_kk_spoof_raw_v1/kk-piper-issai-high-v1/70/70150e8937470be2929ae53aef86d6244de718ad51b1ceb3f86c4b628f8c8759.wav,d7506643ce9ca93814630856be5a35ea2adec6933c538e8c32e27ba18edbf549,4.063492063492063,22050,local_cpu_piper,
5548,target,xlsr_sls_model_v4_kk_spoof:Train/parliament/senate_13_455,v4:kk:Train/parliament/senate_13_455,kk-piper-issai-high-v1,piper_neural_tts,piper_kk_issai_high,ISSAI_KazakhTTS2_M2,,,succeeded,ISSAI_KazakhTTS2_M2,,,2041854248,1,[],raw/v4/xlsr_sls_model_v4_kk_spoof_raw_v1/kk-piper-issai-high-v1/ee/ee38e0cc072d0fbc779d626fd68535826f5b322241c1f31d69db2fba4f339b12.wav,4303c8cf10562f09e93a85a6f99a6b0f8fee3a575b63312ad1c9442f4c679505,10.054240362811791,22050,local_cpu_piper,
5552,target,xlsr_sls_model_v4_kk_spoof:Train/parliament/mazhilis_03_757,v4:kk:Train/parliament/mazhilis_03_757,kk-piper-issai-high-v1,piper_neural_tts,piper_kk_issai_high,ISSAI_KazakhTTS_M1_Iseke,1,,succeeded,ISSAI_KazakhTTS_M1_Iseke,1,,1764794916,1,[],raw/v4/xlsr_sls_model_v4_kk_spoof_raw_v1/kk-piper-issai-high-v1/b2/b2c6d43679e0816eb827aa6f521ae043877a31386d84b770b53e6767729493bb.wav,bba11416d91bb3014bb59fcd923185524c14368cb1cb94c445478e82bb43389a,8.40562358276644,22050,local_cpu_piper,
5556,target,xlsr_sls_model_v4_kk_spoof:Train/talkshow/01_32_451,v4:kk:Train/talkshow/01_32_451,kk-piper-issai-high-v1,piper_neural_tts,piper_kk_issai_high,ISSAI_KazakhTTS2_F3,2,,succeeded,ISSAI_KazakhTTS2_F3,2,,1127205013,1,[],raw/v4/xlsr_sls_model_v4_kk_spoof_raw_v1/kk-piper-issai-high-v1/cf/cf5fe1616dd99072d1071ab8d9b0f01af5992e7a35d102f72db736e38d7cb37a.wav,c6ed693154f030c3d2110ed39afb8bfcd13f6380978c0951688616f76aecf831,1.7414965986394557,22050,local_cpu_piper,
5560,target,xlsr_sls_model_v4_kk_spoof:Train/talkshow/01_08_390,v4:kk:Train/talkshow/01_08_390,kk-piper-issai-high-v1,piper_neural_tts,piper_kk_issai_high,ISSAI_KazakhTTS_F1_Raya,3,,succeeded,ISSAI_KazakhTTS_F1_Raya,3,,510300307,1,[],raw/v4/xlsr_sls_model_v4_kk_spoof_raw_v1/kk-piper-issai-high-v1/8d/8d10bf19661230594b78ed9914ed156813aa5aa3d88f85e48b5c34be982d18a1.wav,0a816b2611cf733f0cbb30c43f0ee154055a99bf3ebb7f61bc9e25a83e21a364,7.314285714285714,22050,local_cpu_piper,
5564,target,xlsr_sls_model_v4_kk_spoof:Train/tv_news/5f8fb255cc337,v4:kk:Train/tv_news/5f8fb255cc337,kk-piper-issai-high-v1,piper_neural_tts,piper_kk_issai_high,ISSAI_KazakhTTS2_F1,4,,succeeded,ISSAI_KazakhTTS2_F1,4,,1840671556,1,[],raw/v4/xlsr_sls_model_v4_kk_spoof_raw_v1/kk-piper-issai-high-v1/85/8546f00c8093139af1b461a8159ba766e2805f47098bcdf93904b467b74c2b9f.wav,11e142d9388897a69f17ad6f42e3515dffceb4506f55ca3168f4dd0fe9dc47f2,6.2345578231292516,22050,local_cpu_piper,
5568,target,xlsr_sls_model_v4_kk_spoof:Train/podcasts/04_09_438,v4:kk:Train/podcasts/04_09_438,kk-piper-issai-high-v1,piper_neural_tts,piper_kk_issai_high,ISSAI_KazakhTTS2_F2,5,,succeeded,ISSAI_KazakhTTS2_F2,5,,1421531012,1,[],raw/v4/xlsr_sls_model_v4_kk_spoof_raw_v1/kk-piper-issai-high-v1/e2/e228709a6dc3fe27da9933e8e5a6f611aef6163ab4f931eb1c2b71d85bcd213a.wav,c99b3173eb616aafac30b7d59fe191990a8132a53ab2c9dd28a3cc1f85412700,5.5147392290249435,22050,local_cpu_piper,
5572,target,xlsr_sls_model_v4_kk_spoof:Train/podcasts/04_11_214,v4:kk:Train/podcasts/04_11_214,kk-piper-issai-high-v1,piper_neural_tts,piper_kk_issai_high,ISSAI_KazakhTTS2_M2,,,succeeded,ISSAI_KazakhTTS2_M2,,,432060155,1,[],raw/v4/xlsr_sls_model_v4_kk_spoof_raw_v1/kk-piper-issai-high-v1/ae/ae4bd978c5a21450c766d4d86e656489d0c9ff37d916f6dc04f6ac9b9a476458.wav,d51be2a0942420e7398f55e1504d7bd8beeb7f5a0cc2c460cab60a1b11fcf56c,3.1927437641723357,22050,local_cpu_piper,
5576,target,xlsr_sls_model_v4_kk_spoof:Train/tv_news/5fd037b7d81f4,v4:kk:Train/tv_news/5fd037b7d81f4,kk-piper-issai-high-v1,piper_neural_tts,piper_kk_issai_high,ISSAI_KazakhTTS_M1_Iseke,1,,succeeded,ISSAI_KazakhTTS_M1_Iseke,1,,216533553,1,[],raw/v4/xlsr_sls_model_v4_kk_spoof_raw_v1/kk-piper-issai-high-v1/eb/ebc4a88ba42d9b066459ced4afe55402d11392f1c8475faa9c0a54835ad308e7.wav,7781e0bc06a87923cfbc4354cc3443ea533ac0ad7c13000562741a43d53461c0,5.735328798185941,22050,local_cpu_piper,
5580,target,xlsr_sls_model_v4_kk_spoof:Train/talkshow/01_21_316,v4:kk:Train/talkshow/01_21_316,kk-piper-issai-high-v1,piper_neural_tts,piper_kk_issai_high,ISSAI_KazakhTTS2_F3,2,,succeeded,ISSAI_KazakhTTS2_F3,2,,1930413204,1,[],raw/v4/xlsr_sls_model_v4_kk_spoof_raw_v1/kk-piper-issai-high-v1/71/71a7450822edb4ddcdc0e9352ca9e5c8003cc5872091aa8289eaf84bdf1beb56.wav,6ed884f1bddd487b36819ddce3549a7e22c8be7b6db8e0ec1593f1bf783bf3a1,4.829750566893424,22050,local_cpu_piper,
5584,target,xlsr_sls_model_v4_kk_spoof:Train/talkshow/01_44_084,v4:kk:Train/talkshow/01_44_084,kk-piper-issai-high-v1,piper_neural_tts,piper_kk_issai_high,ISSAI_KazakhTTS_F1_Raya,3,,succeeded,ISSAI_KazakhTTS_F1_Raya,3,,1895214712,1,[],raw/v4/xlsr_sls_model_v4_kk_spoof_raw_v1/kk-piper-issai-high-v1/da/daa02d056a138907f8265594bcc368610d10d1037d60795ea75aacdbae9eafb4.wav,af2e49b0996c2bbd13efb070bf1d6a932e07f515d67809ca25277a2e31984ca0,1.230657596371882,22050,local_cpu_piper,
5588,target,xlsr_sls_model_v4_kk_spoof:Train/parliament/senate_11_502,v4:kk:Train/parliament/senate_11_502,kk-piper-issai-high-v1,piper_neural_tts,piper_kk_issai_high,ISSAI_KazakhTTS2_F1,4,,succeeded,ISSAI_KazakhTTS2_F1,4,,1052910552,1,[],raw/v4/xlsr_sls_model_v4_kk_spoof_raw_v1/kk-piper-issai-high-v1/35/35a47db989b3be0775be3d44c6d8806840d620e89aea6e27117070f0da2bdaa0.wav,a03ca325d89701b23ac19d93d7665943b2d50f1f92c3df01606bcca63ed08c94,7.279455782312925,22050,local_cpu_piper,
5592,target,xlsr_sls_model_v4_kk_spoof:Train/radio/01_43_525,v4:kk:Train/radio/01_43_525,kk-piper-issai-high-v1,piper_neural_tts,piper_kk_issai_high,ISSAI_KazakhTTS2_F2,5,,succeeded,ISSAI_KazakhTTS2_F2,5,,379287823,1,[],raw/v4/xlsr_sls_model_v4_kk_spoof_raw_v1/kk-piper-issai-high-v1/a4/a4112ae5beb5b02b84783961088f0c95f8c745315d023311cc4d75f865df5ba9.wav,86481e98a54417cadd8793e3e4855a682954adad44c12f95eb231a4112332e12,2.5658049886621317,22050,local_cpu_piper,
5596,target,xlsr_sls_model_v4_kk_spoof:Train/podcasts/06_06_129,v4:kk:Train/podcasts/06_06_129,kk-piper-issai-high-v1,piper_neural_tts,piper_kk_issai_high,ISSAI_KazakhTTS2_M2,,,succeeded,ISSAI_KazakhTTS2_M2,,,1814527751,1,[],raw/v4/xlsr_sls_model_v4_kk_spoof_raw_v1/kk-piper-issai-high-v1/48/48428a76671ecaab56d6d9dea0cbfa45fd6246961189737f4a329ca6fe4a472e.wav,b9adca7e1361ffcd805137c38a56ac790a51b7b5ed8df6fae90eceab10d72def,9.578231292517007,22050,local_cpu_piper,
5600,target,xlsr_sls_model_v4_kk_spoof:Train/talkshow/01_47_099,v4:kk:Train/talkshow/01_47_099,kk-piper-issai-high-v1,piper_neural_tts,piper_kk_issai_high,ISSAI_KazakhTTS_M1_Iseke,1,,succeeded,ISSAI_KazakhTTS_M1_Iseke,1,,1869522421,1,[],raw/v4/xlsr_sls_model_v4_kk_spoof_raw_v1/kk-piper-issai-high-v1/79/79a2b219a3d8f9c3b573bc52c23413bc0ccbae6ae8a8e3ca59dfbd4e29503af3.wav,69e6399ab555f0f120b8a7801e32d180caa6b572b958e42936e3c22a00be88a3,2.3219954648526078,22050,local_cpu_piper,
5604,target,xlsr_sls_model_v4_kk_spoof:Train/tv_news/5fe2a66dac594,v4:kk:Train/tv_news/5fe2a66dac594,kk-piper-issai-high-v1,piper_neural_tts,piper_kk_issai_high,ISSAI_KazakhTTS2_F3,2,,succeeded,ISSAI_KazakhTTS2_F3,2,,1586402839,1,[],raw/v4/xlsr_sls_model_v4_kk_spoof_raw_v1/kk-piper-issai-high-v1/23/23668d951ac41ef54051dcccd473a0ba60785300acd1ee111dc2c13ce83053f3.wav,b749fb88a3dddbb51a02b18e6f3eab92650d653c5573187f594bafa7302a6e14,2.078185941043084,22050,local_cpu_piper,
5608,target,xlsr_sls_model_v4_kk_spoof:Train/radio/01_11_183,v4:kk:Train/radio/01_11_183,kk-piper-issai-high-v1,piper_neural_tts,piper_kk_issai_high,ISSAI_KazakhTTS_F1_Raya,3,,succeeded,ISSAI_KazakhTTS_F1_Raya,3,,1362848385,1,[],raw/v4/xlsr_sls_model_v4_kk_spoof_raw_v1/kk-piper-issai-high-v1/8c/8cebb174996b786001833a912c52707fecf3c3882ef627df2bd6eb72b4adcb26.wav,7f52d4209c5e8f2131535021c5447e3a38151d6a239157b51d4396b0f0d64c38,4.806530612244898,22050,local_cpu_piper,
5612,target,xlsr_sls_model_v4_kk_spoof:Train/tv_news/5f71cfef4c2c4,v4:kk:Train/tv_news/5f71cfef4c2c4,kk-piper-issai-high-v1,piper_neural_tts,piper_kk_issai_high,ISSAI_KazakhTTS2_F1,4,,succeeded,ISSAI_KazakhTTS2_F1,4,,1282006762,1,[],raw/v4/xlsr_sls_model_v4_kk_spoof_raw_v1/kk-piper-issai-high-v1/28/28fed5503ab7d111be32de11837758f03d317bcd2b1ce0d5107a48ff5a5c3ae6.wav,2e5d3ec5f98a39fb4d96948f631c473b38d643ae835dfdc423226637ddff4609,0.8591383219954648,22050,local_cpu_piper,
5616,target,xlsr_sls_model_v4_kk_spoof:Train/parliament/mazhilis_17_1_599,v4:kk:Train/parliament/mazhilis_17_1_599,kk-piper-issai-high-v1,piper_neural_tts,piper_kk_issai_high,ISSAI_KazakhTTS2_F2,5,,succeeded,ISSAI_KazakhTTS2_F2,5,,2053486737,1,[],raw/v4/xlsr_sls_model_v4_kk_spoof_raw_v1/kk-piper-issai-high-v1/17/1780ef18c24f733531972554e0e4d0ae24aff6ba31bcf66d4fed2470a1a7911e.wav,a5b1935f88620c0c9cb08ed118eb230756f6f4320bc7a4778ab066ef8781a407,2.6122448979591835,22050,local_cpu_piper,
5620,target,xlsr_sls_model_v4_kk_spoof:Train/talkshow/01_39_403,v4:kk:Train/talkshow/01_39_403,kk-piper-issai-high-v1,piper_neural_tts,piper_kk_issai_high,ISSAI_KazakhTTS2_M2,,,succeeded,ISSAI_KazakhTTS2_M2,,,52149266,1,[],raw/v4/xlsr_sls_model_v4_kk_spoof_raw_v1/kk-piper-issai-high-v1/37/37463df1ba5bc010a78b0a2022d806ccd9c5038cf37fc8bf97f33ca32a3eed41.wav,e230c39300c9f91c7015e02359ab3f4244a53a41675d16900b68bc04c39070b0,6.5364172335600905,22050,local_cpu_piper,
5624,target,xlsr_sls_model_v4_kk_spoof:Train/podcasts/06_06_041,v4:kk:Train/podcasts/06_06_041,kk-piper-issai-high-v1,piper_neural_tts,piper_kk_issai_high,ISSAI_KazakhTTS_M1_Iseke,1,,succeeded,ISSAI_KazakhTTS_M1_Iseke,1,,745212830,1,[],raw/v4/xlsr_sls_model_v4_kk_spoof_raw_v1/kk-piper-issai-high-v1/ae/aeb6382b33d3a6f4eb26d229c95af380ddf9d44897838b6e084dd4869b23a448.wav,4f2af8708f723a10f813c09392210894f81b3bb08777240722099ee126133ca9,1.9736961451247166,22050,local_cpu_piper,
5628,target,xlsr_sls_model_v4_kk_spoof:Train/parliament/senate_05_400,v4:kk:Train/parliament/senate_05_400,kk-piper-issai-high-v1,piper_neural_tts,piper_kk_issai_high,ISSAI_KazakhTTS2_F3,2,,succeeded,ISSAI_KazakhTTS2_F3,2,,467684670,1,[],raw/v4/xlsr_sls_model_v4_kk_spoof_raw_v1/kk-piper-issai-high-v1/a2/a2b33ac56046e7b634f7740e2feda7d385cf8aee68d8b9a9274126e224519c24.wav,d0efbcebd98985672580e3dacbbb525e8a214b182b27d8d8b63e488bef329bfc,8.881632653061224,22050,local_cpu_piper,
5632,target,xlsr_sls_model_v4_kk_spoof:Train/podcasts/04_10_770,v4:kk:Train/podcasts/04_10_770,kk-piper-issai-high-v1,piper_neural_tts,piper_kk_issai_high,ISSAI_KazakhTTS_F1_Raya,3,,succeeded,ISSAI_KazakhTTS_F1_Raya,3,,906160811,1,[],raw/v4/xlsr_sls_model_v4_kk_spoof_raw_v1/kk-piper-issai-high-v1/65/65b1f90a65ff8d96e6ea3b0a3d8e9003eec8e417ce7d0c2d61c3a23afc1d361e.wav,98721dc422007916b67f00ba6e85974cbdb572e58b3abb554efec5a6c6236b77,9.485351473922902,22050,local_cpu_piper,
5636,target,xlsr_sls_model_v4_kk_spoof:Train/parliament/senate_09_350,v4:kk:Train/parliament/senate_09_350,kk-piper-issai-high-v1,piper_neural_tts,piper_kk_issai_high,ISSAI_KazakhTTS2_F1,4,,succeeded,ISSAI_KazakhTTS2_F1,4,,529851968,1,[],raw/v4/xlsr_sls_model_v4_kk_spoof_raw_v1/kk-piper-issai-high-v1/12/12a211c0213b3d9b2390d4c4b014c4a47a8ccc497e8030ca8790c93aadec8731.wav,34ced2e7bfdc3cf83cc9de79e94dfe891f64695583cabfcc7cf111950d7d6aae,4.620770975056689,22050,local_cpu_piper,
5640,target,xlsr_sls_model_v4_kk_spoof:Train/parliament/mazhilis_16_1_085,v4:kk:Train/parliament/mazhilis_16_1_085,kk-piper-issai-high-v1,piper_neural_tts,piper_kk_issai_high,ISSAI_KazakhTTS2_F2,5,,succeeded,ISSAI_KazakhTTS2_F2,5,,1760685196,1,[],raw/v4/xlsr_sls_model_v4_kk_spoof_raw_v1/kk-piper-issai-high-v1/bb/bbdc752f77db4a92b92ffa7eaafdd264a27c9ed640e705254fd8463476da309c.wav,64e5f083782401fea8eb410f12546f379734cf55e677e95177ced2c6746b071f,14.767891156462586,22050,local_cpu_piper,
5644,target,xlsr_sls_model_v4_kk_spoof:Train/tv_news/5f71ce24a1396,v4:kk:Train/tv_news/5f71ce24a1396,kk-piper-issai-high-v1,piper_neural_tts,piper_kk_issai_high,ISSAI_KazakhTTS2_M2,,,succeeded,ISSAI_KazakhTTS2_M2,,,724104026,1,[],raw/v4/xlsr_sls_model_v4_kk_spoof_raw_v1/kk-piper-issai-high-v1/50/509df5ec1dfd0c2cc564eeaf53a3b2942e5745111238e51382c0a4926e0c6d66.wav,bbaafb44f202bbd90ab08b57fd2d4eb81a47e52c6d9ee456fe0810717ecea068,6.339047619047619,22050,local_cpu_piper,
5648,target,xlsr_sls_model_v4_kk_spoof:Train/radio/01_71_466,v4:kk:Train/radio/01_71_466,kk-piper-issai-high-v1,piper_neural_tts,piper_kk_issai_high,ISSAI_KazakhTTS_M1_Iseke,1,,succeeded,ISSAI_KazakhTTS_M1_Iseke,1,,2111560782,1,[],raw/v4/xlsr_sls_model_v4_kk_spoof_raw_v1/kk-piper-issai-high-v1/e0/e00d9a729f9e8f723d54c6683c8c6c8d6f79cd3dd002d0e19d70b3545fe93e8a.wav,4c6ac886e3e073e7307e1e2d86f6bb21f08536ea7e09414a8fcce8063c994bcd,10.112290249433107,22050,local_cpu_piper,
5652,target,xlsr_sls_model_v4_kk_spoof:Train/talkshow/01_33_071,v4:kk:Train/talkshow/01_33_071,kk-piper-issai-high-v1,piper_neural_tts,piper_kk_issai_high,ISSAI_KazakhTTS2_F3,2,,succeeded,ISSAI_KazakhTTS2_F3,2,,711673374,1,[],raw/v4/xlsr_sls_model_v4_kk_spoof_raw_v1/kk-piper-issai-high-v1/82/82a9c9c2b16a9b5df136c7584d6c424f26706e661cd9dc383e19ba5d4a537e73.wav,0e4bd859ee19dfa6e076b0c6225634f0fff6b8f4ac3aeeef65224d07d56fd38b,4.876190476190477,22050,local_cpu_piper,
5656,target,xlsr_sls_model_v4_kk_spoof:Train/podcasts/04_05_329,v4:kk:Train/podcasts/04_05_329,kk-piper-issai-high-v1,piper_neural_tts,piper_kk_issai_high,ISSAI_KazakhTTS_F1_Raya,3,,succeeded,ISSAI_KazakhTTS_F1_Raya,3,,415621543,1,[],raw/v4/xlsr_sls_model_v4_kk_spoof_raw_v1/kk-piper-issai-high-v1/37/37561fcafb80cae3e29a41a1a76414314302b54d9ae1069ca3dad23ea368c266.wav,9b1eaeb95c866e446a1e92e8a2256869d784d72fbe4ce95a82c6e565f58de409,5.630839002267574,22050,local_cpu_piper,
5660,target,xlsr_sls_model_v4_kk_spoof:Train/podcasts/01_07_156,v4:kk:Train/podcasts/01_07_156,kk-piper-issai-high-v1,piper_neural_tts,piper_kk_issai_high,ISSAI_KazakhTTS2_F1,4,,succeeded,ISSAI_KazakhTTS2_F1,4,,744257933,1,[],raw/v4/xlsr_sls_model_v4_kk_spoof_raw_v1/kk-piper-issai-high-v1/ea/ea9df8534ed7a34d0646529ce8b5164dd8e86f342ac615e0c2ccabccba5c2c7d.wav,cfb1dbc8b102476f38409000c6f08b60d0de99b109d67e39cac042e766fa5f5d,6.617687074829932,22050,local_cpu_piper,
5664,target,xlsr_sls_model_v4_kk_spoof:Train/talkshow/01_75_263,v4:kk:Train/talkshow/01_75_263,kk-piper-issai-high-v1,piper_neural_tts,piper_kk_issai_high,ISSAI_KazakhTTS2_F2,5,,succeeded,ISSAI_KazakhTTS2_F2,5,,1351209918,1,[],raw/v4/xlsr_sls_model_v4_kk_spoof_raw_v1/kk-piper-issai-high-v1/43/439661afa6d57a27573cef1e99718291058d77d31fd5678b4084a4a2060c9a38.wav,7b75ac346598f521474f9df9bb90232f743150fdbf964d0fb088cb2b0d0c0724,2.7631746031746034,22050,local_cpu_piper,
5668,target,xlsr_sls_model_v4_kk_spoof:Train/podcasts/04_09_013,v4:kk:Train/podcasts/04_09_013,kk-piper-issai-high-v1,piper_neural_tts,piper_kk_issai_high,ISSAI_KazakhTTS2_M2,,,succeeded,ISSAI_KazakhTTS2_M2,,,1109002267,1,[],raw/v4/xlsr_sls_model_v4_kk_spoof_raw_v1/kk-piper-issai-high-v1/aa/aab7d42eda37c83304b8ceba5ca712da260c9afe8f692de9ad675f56fe1c19ef.wav,0ef43c66f7cafd8f2d9dbec3a20eae73c79299851014f11cbb5e56ea367e3bc4,5.6540589569161,22050,local_cpu_piper,
5672,target,xlsr_sls_model_v4_kk_spoof:Train/podcasts/03_33_052,v4:kk:Train/podcasts/03_33_052,kk-piper-issai-high-v1,piper_neural_tts,piper_kk_issai_high,ISSAI_KazakhTTS_M1_Iseke,1,,succeeded,ISSAI_KazakhTTS_M1_Iseke,1,,846386585,1,[],raw/v4/xlsr_sls_model_v4_kk_spoof_raw_v1/kk-piper-issai-high-v1/a2/a267b97b96b32165e6ddb4972ce47cd0ceb50703c29b55db3c4b1c76c18685cb.wav,b47e3a671fa17eef34dec5df95800d1defc651447ea3317453aba2f753b6523c,3.0418140589569163,22050,local_cpu_piper,
5676,target,xlsr_sls_model_v4_kk_spoof:Train/parliament/senate_15_649,v4:kk:Train/parliament/senate_15_649,kk-piper-issai-high-v1,piper_neural_tts,piper_kk_issai_high,ISSAI_KazakhTTS2_F3,2,,succeeded,ISSAI_KazakhTTS2_F3,2,,595294502,1,[],raw/v4/xlsr_sls_model_v4_kk_spoof_raw_v1/kk-piper-issai-high-v1/8b/8bd23720db00c208a35ebacd7755c82f685064c3b8e646316223f285b040c293.wav,9e4ababe527f75da488cdd40c76c9781a665abe27186c1d72c8843eda1341926,2.3336054421768706,22050,local_cpu_piper,
5680,target,xlsr_sls_model_v4_kk_spoof:Train/podcasts/03_06_14,v4:kk:Train/podcasts/03_06_14,kk-piper-issai-high-v1,piper_neural_tts,piper_kk_issai_high,ISSAI_KazakhTTS_F1_Raya,3,,succeeded,ISSAI_KazakhTTS_F1_Raya,3,,243327497,1,[],raw/v4/xlsr_sls_model_v4_kk_spoof_raw_v1/kk-piper-issai-high-v1/ae/ae29e4ad0aef5926e8a7922601c82018da80b13ac4de1b77a4a9ea85bfbce3c0.wav,194aa93af51e80672f378177325b3f44d5867e4c4675e0ebb9bc14ee242459d2,16.39328798185941,22050,local_cpu_piper,
5684,target,xlsr_sls_model_v4_kk_spoof:Train/parliament/mazhilis_18_1_303,v4:kk:Train/parliament/mazhilis_18_1_303,kk-piper-issai-high-v1,piper_neural_tts,piper_kk_issai_high,ISSAI_KazakhTTS2_F1,4,,succeeded,ISSAI_KazakhTTS2_F1,4,,1315826611,1,[],raw/v4/xlsr_sls_model_v4_kk_spoof_raw_v1/kk-piper-issai-high-v1/ec/eca12ac151a5457476bc15f6e391385cd9a0c44e59c98f495c10fa4583a55c41.wav,42a60f08d769aa0ca0939f5a01f5b9e1f17d86212a27fec1490cae8bf30e923e,9.311201814058958,22050,local_cpu_piper,
5688,target,xlsr_sls_model_v4_kk_spoof:Train/talkshow/01_47_561,v4:kk:Train/talkshow/01_47_561,kk-piper-issai-high-v1,piper_neural_tts,piper_kk_issai_high,ISSAI_KazakhTTS2_F2,5,,succeeded,ISSAI_KazakhTTS2_F2,5,,555487917,1,[],raw/v4/xlsr_sls_model_v4_kk_spoof_raw_v1/kk-piper-issai-high-v1/d5/d5d5fa7c2a92d492e201a89816edfb35f92a7150b3de13a6ff92fd128ce95db2.wav,66bbf8d2d3692ab08a2b16126dba45321a3f5c6856b410bd2c35a2aaf1c423cb,5.642448979591837,22050,local_cpu_piper,
5692,target,xlsr_sls_model_v4_kk_spoof:Train/radio/01_43_441,v4:kk:Train/radio/01_43_441,kk-piper-issai-high-v1,piper_neural_tts,piper_kk_issai_high,ISSAI_KazakhTTS2_M2,,,succeeded,ISSAI_KazakhTTS2_M2,,,2062328948,1,[],raw/v4/xlsr_sls_model_v4_kk_spoof_raw_v1/kk-piper-issai-high-v1/71/71037895ecf6dd3f943ef516396c7fcafa791cbd002f933b8f8df4a9ce344dd1.wav,00452b841bcfe358e0d63e4f7782db5e5b2269c8345335d157a9550a94a8bdd0,3.4249433106575964,22050,local_cpu_piper,
5696,target,xlsr_sls_model_v4_kk_spoof:Train/talkshow/01_77_419,v4:kk:Train/talkshow/01_77_419,kk-piper-issai-high-v1,piper_neural_tts,piper_kk_issai_high,ISSAI_KazakhTTS_M1_Iseke,1,,succeeded,ISSAI_KazakhTTS_M1_Iseke,1,,2096119546,1,[],raw/v4/xlsr_sls_model_v4_kk_spoof_raw_v1/kk-piper-issai-high-v1/2c/2c8014501b7496183ff9fd25c6572b73ecebf5fbb4c384d0b99db47697523ab2.wav,e42a75e5f76f9eab70fce6a03653f319b9c40ebfae527898b3a71975c66fe14c,10.866938775510205,22050,local_cpu_piper,
5700,target,xlsr_sls_model_v4_kk_spoof:Train/tv_news/5f71ce9a956ef,v4:kk:Train/tv_news/5f71ce9a956ef,kk-piper-issai-high-v1,piper_neural_tts,piper_kk_issai_high,ISSAI_KazakhTTS2_F3,2,,succeeded,ISSAI_KazakhTTS2_F3,2,,1194473902,1,[],raw/v4/xlsr_sls_model_v4_kk_spoof_raw_v1/kk-piper-issai-high-v1/da/da65353074253a85a49d0575102e707a2efc77b3f8e078f5aea1f488652ba867.wav,0d7e9085774036bbe388dc984fd6fa7d7195b7da8e4f8371761348548fc0919e,0.9520181405895691,22050,local_cpu_piper,
5704,target,xlsr_sls_model_v4_kk_spoof:Train/talkshow/01_75_175,v4:kk:Train/talkshow/01_75_175,kk-piper-issai-high-v1,piper_neural_tts,piper_kk_issai_high,ISSAI_KazakhTTS_F1_Raya,3,,succeeded,ISSAI_KazakhTTS_F1_Raya,3,,1433159603,1,[],raw/v4/xlsr_sls_model_v4_kk_spoof_raw_v1/kk-piper-issai-high-v1/7b/7bd2e5b42c7398cd1afaeff1af5e989a525766beb928064fd3e7612b85c12dd1.wav,76555991310937150ad3d8c1e4e5736a041faa62bdd368b787f0fc0d9c548821,3.1579138321995464,22050,local_cpu_piper,
5708,target,xlsr_sls_model_v4_kk_spoof:Train/parliament/senate_04_081,v4:kk:Train/parliament/senate_04_081,kk-piper-issai-high-v1,piper_neural_tts,piper_kk_issai_high,ISSAI_KazakhTTS2_F1,4,,succeeded,ISSAI_KazakhTTS2_F1,4,,219070891,1,[],raw/v4/xlsr_sls_model_v4_kk_spoof_raw_v1/kk-piper-issai-high-v1/3d/3d66fe5650d85f6dfb85a0b19e798b679f31b95f512e4e023a50c44e488dfd21.wav,d6ecf2a58635f05da05efd3ec1b92432f83ad64031a7a7dd2d86dab8cef706ed,5.979138321995465,22050,local_cpu_piper,
5712,target,xlsr_sls_model_v4_kk_spoof:Train/radio/01_65_204,v4:kk:Train/radio/01_65_204,kk-piper-issai-high-v1,piper_neural_tts,piper_kk_issai_high,ISSAI_KazakhTTS2_F2,5,,succeeded,ISSAI_KazakhTTS2_F2,5,,1312549476,1,[],raw/v4/xlsr_sls_model_v4_kk_spoof_raw_v1/kk-piper-issai-high-v1/a4/a42257a01d2a42c362b879fbfc7288260fafe5b6a8921d62510230a37d57b292.wav,0c124f205d5ebef2f707b4dd5f0f96f8133b4615a9459b4288c0f9d8a78d6dd5,3.0418140589569163,22050,local_cpu_piper,
5716,target,xlsr_sls_model_v4_kk_spoof:Train/parliament/mazhilis_15_1_591,v4:kk:Train/parliament/mazhilis_15_1_591,kk-piper-issai-high-v1,piper_neural_tts,piper_kk_issai_high,ISSAI_KazakhTTS2_M2,,,succeeded,ISSAI_KazakhTTS2_M2,,,1579879298,1,[],raw/v4/xlsr_sls_model_v4_kk_spoof_raw_v1/kk-piper-issai-high-v1/43/435194c7611d7c0ad49d24b0a84a8912f0c987ee5a85e940833af95c93f6103f.wav,a748c612a15f2e9e955e37b24bdc4e111bf1ab2f97ad2b5152922f87d94ed7c2,11.760907029478458,22050,local_cpu_piper,
5720,target,xlsr_sls_model_v4_kk_spoof:Train/radio/01_06_168,v4:kk:Train/radio/01_06_168,kk-piper-issai-high-v1,piper_neural_tts,piper_kk_issai_high,ISSAI_KazakhTTS_M1_Iseke,1,,succeeded,ISSAI_KazakhTTS_M1_Iseke,1,,1164960774,1,[],raw/v4/xlsr_sls_model_v4_kk_spoof_raw_v1/kk-piper-issai-high-v1/f4/f416733d5cde63f4fc84661db2afc2c28af1249cd8361ef0faa753c53ce82046.wav,215eccd3fc2945ae60a19698dbf700c915a83448eb874055eeb791e146b224b7,5.2128798185941045,22050,local_cpu_piper,
5724,target,xlsr_sls_model_v4_kk_spoof:Train/parliament/senate_12_473,v4:kk:Train/parliament/senate_12_473,kk-piper-issai-high-v1,piper_neural_tts,piper_kk_issai_high,ISSAI_KazakhTTS2_F3,2,,succeeded,ISSAI_KazakhTTS2_F3,2,,1133328928,1,[],raw/v4/xlsr_sls_model_v4_kk_spoof_raw_v1/kk-piper-issai-high-v1/a7/a7c94b22b8fafbb10045dc92e6294e43027f7a426a7979198ac6041b3dbb7fbe.wav,e5cc1b192df861ed8b9cfa986f709bfb57d917ff3317e4cf7d67fc01f317d484,7.4071655328798185,22050,local_cpu_piper,
5728,target,xlsr_sls_model_v4_kk_spoof:Train/podcasts/04_09_801,v4:kk:Train/podcasts/04_09_801,kk-piper-issai-high-v1,piper_neural_tts,piper_kk_issai_high,ISSAI_KazakhTTS_F1_Raya,3,,succeeded,ISSAI_KazakhTTS_F1_Raya,3,,115135221,1,[],raw/v4/xlsr_sls_model_v4_kk_spoof_raw_v1/kk-piper-issai-high-v1/a0/a0b3413cc5595ea7b7cc9e52584066976e71421346ae89db1c1112356417df0b.wav,f8ab44f5c37714b3272cbe192ecbb0de59c58d851b1db4efb81ae65967610853,3.8080725623582765,22050,local_cpu_piper,
5732,target,xlsr_sls_model_v4_kk_spoof:Train/podcasts/08_04_035,v4:kk:Train/podcasts/08_04_035,kk-piper-issai-high-v1,piper_neural_tts,piper_kk_issai_high,ISSAI_KazakhTTS2_F1,4,,succeeded,ISSAI_KazakhTTS2_F1,4,,1359059867,1,[],raw/v4/xlsr_sls_model_v4_kk_spoof_raw_v1/kk-piper-issai-high-v1/23/23ec7e1fae3503022baab81a9de3113bda95d3212110c527e3a5970c4571510b.wav,5df91de437fea58b620e82fc488d56cd5375617a77a2ac4976d3d88d4d0658ee,4.829750566893424,22050,local_cpu_piper,
5736,target,xlsr_sls_model_v4_kk_spoof:Train/talkshow/01_37_289,v4:kk:Train/talkshow/01_37_289,kk-piper-issai-high-v1,piper_neural_tts,piper_kk_issai_high,ISSAI_KazakhTTS2_F2,5,,succeeded,ISSAI_KazakhTTS2_F2,5,,3927101,1,[],raw/v4/xlsr_sls_model_v4_kk_spoof_raw_v1/kk-piper-issai-high-v1/3b/3b2c1b8a9d66e5d9503b5c1f664f5627c6cfdc832bd4cd98317486bd3b5f910a.wav,b3af6831fc5a1665cf9260816bc667c58af754a8e35decc043c372d7695f03f9,8.440453514739229,22050,local_cpu_piper,
5740,target,xlsr_sls_model_v4_kk_spoof:Train/radio/01_88_160,v4:kk:Train/radio/01_88_160,kk-piper-issai-high-v1,piper_neural_tts,piper_kk_issai_high,ISSAI_KazakhTTS2_M2,,,succeeded,ISSAI_KazakhTTS2_M2,,,1483655433,1,[],raw/v4/xlsr_sls_model_v4_kk_spoof_raw_v1/kk-piper-issai-high-v1/7b/7b1e64f459cd23c373e30f3483672ace0dd423483bd7a8720f0557673dc97996.wav,81fa0a37a62bf74fce7da4430d933e1b9343bb0eff6b4b7fb59d33b08cc80244,2.5774149659863945,22050,local_cpu_piper,
5744,target,xlsr_sls_model_v4_kk_spoof:Train/podcasts/03_49_295,v4:kk:Train/podcasts/03_49_295,kk-piper-issai-high-v1,piper_neural_tts,piper_kk_issai_high,ISSAI_KazakhTTS_M1_Iseke,1,,succeeded,ISSAI_KazakhTTS_M1_Iseke,1,,1571913976,1,[],raw/v4/xlsr_sls_model_v4_kk_spoof_raw_v1/kk-piper-issai-high-v1/90/90ae709bc11983afa8db2c9585b18fe3363d4be3d933d36977d515eb23b50ff9.wav,03c8c87334e2f6a5740e1a932d5808f7975c7c28a4c17fc5cce380613563d3af,8.394013605442177,22050,local_cpu_piper,
5748,target,xlsr_sls_model_v4_kk_spoof:Train/tv_news/5fa2e88f01e59,v4:kk:Train/tv_news/5fa2e88f01e59,kk-piper-issai-high-v1,piper_neural_tts,piper_kk_issai_high,ISSAI_KazakhTTS2_F3,2,,succeeded,ISSAI_KazakhTTS2_F3,2,,1235803295,1,[],raw/v4/xlsr_sls_model_v4_kk_spoof_raw_v1/kk-piper-issai-high-v1/da/da08daefbab20bd13f01274fd30959ffc14694fce69323af9a0ecf66f066df58.wav,aff9f5e876e0ef7130f58d623bd2ca6fe67ac01bdb29cc908555736eacae99ee,4.934240362811791,22050,local_cpu_piper,
5752,target,xlsr_sls_model_v4_kk_spoof:Train/parliament/mazhilis_29_396,v4:kk:Train/parliament/mazhilis_29_396,kk-piper-issai-high-v1,piper_neural_tts,piper_kk_issai_high,ISSAI_KazakhTTS_F1_Raya,3,,succeeded,ISSAI_KazakhTTS_F1_Raya,3,,911130736,1,[],raw/v4/xlsr_sls_model_v4_kk_spoof_raw_v1/kk-piper-issai-high-v1/c1/c13a02d930703138c72c4ee99cdf0be117cb8a12f7128f029c2a9c44f37e476d.wav,5429fa6bba120bf52414271a3814c17a76756f30e71faf105726ce5833235ebf,8.753922902494331,22050,local_cpu_piper,
5756,target,xlsr_sls_model_v4_kk_spoof:Train/talkshow/01_42_060,v4:kk:Train/talkshow/01_42_060,kk-piper-issai-high-v1,piper_neural_tts,piper_kk_issai_high,ISSAI_KazakhTTS2_F1,4,,succeeded,ISSAI_KazakhTTS2_F1,4,,796320491,1,[],raw/v4/xlsr_sls_model_v4_kk_spoof_raw_v1/kk-piper-issai-high-v1/f9/f9d7fd5c77644b9d773d44e56a26dde782a5263a16a95a581f227ce3112a08ee.wav,f75f9c01c8bdf903dd329302c678f4b030c5762b83e58717bf4c0e4cd6f1d3a9,4.46984126984127,22050,local_cpu_piper,
5760,target,xlsr_sls_model_v4_kk_spoof:Train/radio/01_83_388,v4:kk:Train/radio/01_83_388,kk-piper-issai-high-v1,piper_neural_tts,piper_kk_issai_high,ISSAI_KazakhTTS2_F2,5,,succeeded,ISSAI_KazakhTTS2_F2,5,,1045882589,1,[],raw/v4/xlsr_sls_model_v4_kk_spoof_raw_v1/kk-piper-issai-high-v1/74/74bc5603f268303991cb9594c7782466d196f04cfb54019228227a7486b91a91.wav,9fd5cf4f80c18257fbddb97bc6859736b5750bade492e387ffc1b475ddf3c0cc,7.035646258503402,22050,local_cpu_piper,
5764,target,xlsr_sls_model_v4_kk_spoof:Train/podcasts/06_04_091,v4:kk:Train/podcasts/06_04_091,kk-piper-issai-high-v1,piper_neural_tts,piper_kk_issai_high,ISSAI_KazakhTTS2_M2,,,succeeded,ISSAI_KazakhTTS2_M2,,,1101076544,1,[],raw/v4/xlsr_sls_model_v4_kk_spoof_raw_v1/kk-piper-issai-high-v1/7a/7aed74f0a21fbe7c2bb0b25e32d25a5f567273357e9ad5d0722b9d7757de2fb2.wav,a114589c517677abf35f0da8bf9359d19a3649857d9c990c3b73e43c26d658ab,9.299591836734693,22050,local_cpu_piper,
5768,target,xlsr_sls_model_v4_kk_spoof:Train/podcasts/06_01_227,v4:kk:Train/podcasts/06_01_227,kk-piper-issai-high-v1,piper_neural_tts,piper_kk_issai_high,ISSAI_KazakhTTS_M1_Iseke,1,,succeeded,ISSAI_KazakhTTS_M1_Iseke,1,,1947709012,1,[],raw/v4/xlsr_sls_model_v4_kk_spoof_raw_v1/kk-piper-issai-high-v1/74/74f8a633b43d92eb82dd7d12b171f1d0228f61fcad9aac8db6b1c8e66e8dc7e3.wav,af5b30d8eaa0d4b094dd2ea6479b481393b9ec4208c624fd86223d3088a71197,3.541043083900227,22050,local_cpu_piper,
5772,target,xlsr_sls_model_v4_kk_spoof:Train/radio/01_69_041,v4:kk:Train/radio/01_69_041,kk-piper-issai-high-v1,piper_neural_tts,piper_kk_issai_high,ISSAI_KazakhTTS2_F3,2,,succeeded,ISSAI_KazakhTTS2_F3,2,,962592052,1,[],raw/v4/xlsr_sls_model_v4_kk_spoof_raw_v1/kk-piper-issai-high-v1/82/824bff94ccc92d9420114d237dfb53f5593567825e068202c8cbef1e688b377f.wav,6a37f0fa3d98b0942ddb73fbb3f0bbaf7abf7252bfce35098a386d6fbc6e6b3b,6.176507936507937,22050,local_cpu_piper,
5776,target,xlsr_sls_model_v4_kk_spoof:Train/parliament/mazhilis_04_175,v4:kk:Train/parliament/mazhilis_04_175,kk-piper-issai-high-v1,piper_neural_tts,piper_kk_issai_high,ISSAI_KazakhTTS_F1_Raya,3,,succeeded,ISSAI_KazakhTTS_F1_Raya,3,,423685743,1,[],raw/v4/xlsr_sls_model_v4_kk_spoof_raw_v1/kk-piper-issai-high-v1/8f/8f9bdf1ee2e260505fc068be07c3a58ad749a08a861f6a27c7867709a1e8c669.wav,76eeea286deadd8e22e5ee1fc00cb7ec09c5b6acaaa7a34c3024b6e408f59478,6.768616780045352,22050,local_cpu_piper,
5780,target,xlsr_sls_model_v4_kk_spoof:Train/talkshow/01_81_186,v4:kk:Train/talkshow/01_81_186,kk-piper-issai-high-v1,piper_neural_tts,piper_kk_issai_high,ISSAI_KazakhTTS2_F1,4,,succeeded,ISSAI_KazakhTTS2_F1,4,,1731123056,1,[],raw/v4/xlsr_sls_model_v4_kk_spoof_raw_v1/kk-piper-issai-high-v1/41/410152788d389c17d571bdb8bf53e997bba1b6c6e0e451f087000bea75dc289c.wav,1aafd0c365d522f02fe2523ff85e54199b1c59c44a328bc7405a8d2833bdc1cf,8.301133786848073,22050,local_cpu_piper,
5784,target,xlsr_sls_model_v4_kk_spoof:Train/tv_news/5fa2e84ee748b,v4:kk:Train/tv_news/5fa2e84ee748b,kk-piper-issai-high-v1,piper_neural_tts,piper_kk_issai_high,ISSAI_KazakhTTS2_F2,5,,succeeded,ISSAI_KazakhTTS2_F2,5,,505789040,1,[],raw/v4/xlsr_sls_model_v4_kk_spoof_raw_v1/kk-piper-issai-high-v1/b1/b12cbd86c9921181174547a0f34f3d0f4a0f06417c0916e83ec7fc339b2748c0.wav,08e89a1bbb3de27f11a5c66856a4a1f4f511bd61a13b86473c3017e539bfcfa6,3.076643990929705,22050,local_cpu_piper,
5788,target,xlsr_sls_model_v4_kk_spoof:Train/podcasts/04_06_148,v4:kk:Train/podcasts/04_06_148,kk-piper-issai-high-v1,piper_neural_tts,piper_kk_issai_high,ISSAI_KazakhTTS2_M2,,,succeeded,ISSAI_KazakhTTS2_M2,,,485838881,1,[],raw/v4/xlsr_sls_model_v4_kk_spoof_raw_v1/kk-piper-issai-high-v1/7a/7a1a8cf59e90e9d49601fca4dbb8b0c1e15d289d4e6e3859ac96dad4d53d48ef.wav,5b5556055083500b057b44411323c01438cd953e3b8087d5a7a597d501023576,6.350657596371882,22050,local_cpu_piper,
5792,target,xlsr_sls_model_v4_kk_spoof:Train/parliament/senate_20_0533,v4:kk:Train/parliament/senate_20_0533,kk-piper-issai-high-v1,piper_neural_tts,piper_kk_issai_high,ISSAI_KazakhTTS_M1_Iseke,1,,succeeded,ISSAI_KazakhTTS_M1_Iseke,1,,383718632,1,[],raw/v4/xlsr_sls_model_v4_kk_spoof_raw_v1/kk-piper-issai-high-v1/70/70cc8daa9de024f3866d553a38469d049e2346c1c82640fb0264c05f537b81a2.wav,373761befce8711b37aac23974511543efb03497f44d8ca0aac797a01b58c18d,10.414149659863945,22050,local_cpu_piper,
5796,target,xlsr_sls_model_v4_kk_spoof:Train/radio/01_70_367,v4:kk:Train/radio/01_70_367,kk-piper-issai-high-v1,piper_neural_tts,piper_kk_issai_high,ISSAI_KazakhTTS2_F3,2,,succeeded,ISSAI_KazakhTTS2_F3,2,,729107381,1,[],raw/v4/xlsr_sls_model_v4_kk_spoof_raw_v1/kk-piper-issai-high-v1/ed/ed03290b910abdb7a8a2a06d5e0ecda84943772966b8773b9c6c8124bbb369c5.wav,4e1cbfd1bbf3418736d86e6d29fcc20c31b945a9b285aecc87047af888af5fef,1.9853061224489796,22050,local_cpu_piper,
5800,target,xlsr_sls_model_v4_kk_spoof:Train/talkshow/01_50_016,v4:kk:Train/talkshow/01_50_016,kk-piper-issai-high-v1,piper_neural_tts,piper_kk_issai_high,ISSAI_KazakhTTS_F1_Raya,3,,succeeded,ISSAI_KazakhTTS_F1_Raya,3,,1923367181,1,[],raw/v4/xlsr_sls_model_v4_kk_spoof_raw_v1/kk-piper-issai-high-v1/37/37bb550accfd3bb47b7e8ebe2467e1d03eed593f9ebde888a048a64c18c9ff59.wav,ad865cae8acf5dc94c140e5a76cab3233eac1d2870e308509b638a8b97a3c529,8.498503401360544,22050,local_cpu_piper,
5804,target,xlsr_sls_model_v4_kk_spoof:Train/parliament/senate_13_539,v4:kk:Train/parliament/senate_13_539,kk-piper-issai-high-v1,piper_neural_tts,piper_kk_issai_high,ISSAI_KazakhTTS2_F1,4,,succeeded,ISSAI_KazakhTTS2_F1,4,,350582451,1,[],raw/v4/xlsr_sls_model_v4_kk_spoof_raw_v1/kk-piper-issai-high-v1/61/611a88656062c6125926893344fafec20ceb59789fd11f4b49d52cfcf4d6ff34.wav,4da978a69ac6d66b5a907b2c6f1c8fcad0019e12314a96685064997dfdd9db4f,10.24,22050,local_cpu_piper,
5808,target,xlsr_sls_model_v4_kk_spoof:Train/podcasts/06_08_261,v4:kk:Train/podcasts/06_08_261,kk-piper-issai-high-v1,piper_neural_tts,piper_kk_issai_high,ISSAI_KazakhTTS2_F2,5,,succeeded,ISSAI_KazakhTTS2_F2,5,,1419565768,1,[],raw/v4/xlsr_sls_model_v4_kk_spoof_raw_v1/kk-piper-issai-high-v1/bb/bb025e7bc4e27206efb88c34311a6168f1214e42a5eaf3e6ea3826544ec229eb.wav,1b2fa8797e7be42a940058f4597c38349a25da25c7c0cde1fb84af60516c123a,8.428843537414966,22050,local_cpu_piper,
5812,target,xlsr_sls_model_v4_kk_spoof:Train/tv_news/5f71d1cab27da,v4:kk:Train/tv_news/5f71d1cab27da,kk-piper-issai-high-v1,piper_neural_tts,piper_kk_issai_high,ISSAI_KazakhTTS2_M2,,,succeeded,ISSAI_KazakhTTS2_M2,,,438843118,1,[],raw/v4/xlsr_sls_model_v4_kk_spoof_raw_v1/kk-piper-issai-high-v1/fc/fcf031f7e5c99e8d92c28d7b2e7dbc8255abc1031448aa60da2ea4d398aff5da.wav,fa77f55cb08e75b5fd1cd61ad0648e8d26d6c2617792230793c3ec697ee4b152,6.559637188208617,22050,local_cpu_piper,
5816,target,xlsr_sls_model_v4_kk_spoof:Train/talkshow/01_11_161,v4:kk:Train/talkshow/01_11_161,kk-piper-issai-high-v1,piper_neural_tts,piper_kk_issai_high,ISSAI_KazakhTTS_M1_Iseke,1,,succeeded,ISSAI_KazakhTTS_M1_Iseke,1,,1441407607,1,[],raw/v4/xlsr_sls_model_v4_kk_spoof_raw_v1/kk-piper-issai-high-v1/bb/bb05ba282a8b56a850b3d472af20af0bd0704bf70a968a4a2254a78247ab78be.wav,8eac4256bed543f6a72fc2be2bc8e89ca692614b4d5485ec836f4001bfe45b05,4.156371882086168,22050,local_cpu_piper,
5820,target,xlsr_sls_model_v4_kk_spoof:Train/parliament/senate_10_297,v4:kk:Train/parliament/senate_10_297,kk-piper-issai-high-v1,piper_neural_tts,piper_kk_issai_high,ISSAI_KazakhTTS2_F3,2,,succeeded,ISSAI_KazakhTTS2_F3,2,,939513232,1,[],raw/v4/xlsr_sls_model_v4_kk_spoof_raw_v1/kk-piper-issai-high-v1/b9/b9db751c6986d4d6e9efcf4f85fe8759c625d846200d5a08bb857c1ade2311d1.wav,1ed87f3535a37c713184ce5636b7701ee7feb39291bad8a97d70101e4e5573ea,3.0998639455782313,22050,local_cpu_piper,
5824,target,xlsr_sls_model_v4_kk_spoof:Train/tv_news/5fd037db28b5b,v4:kk:Train/tv_news/5fd037db28b5b,kk-piper-issai-high-v1,piper_neural_tts,piper_kk_issai_high,ISSAI_KazakhTTS_F1_Raya,3,,succeeded,ISSAI_KazakhTTS_F1_Raya,3,,270983322,1,[],raw/v4/xlsr_sls_model_v4_kk_spoof_raw_v1/kk-piper-issai-high-v1/0a/0a34c20c618254304824e00b59d693f7f16e61ca017b8c3eadd50d9180b3430a.wav,fe497ef33e51daf8cf3ec1076762b2d199299ddd173f6a4a6c8d7d248d3f3086,5.23609977324263,22050,local_cpu_piper,
5828,target,xlsr_sls_model_v4_kk_spoof:Train/talkshow/01_06_509,v4:kk:Train/talkshow/01_06_509,kk-piper-issai-high-v1,piper_neural_tts,piper_kk_issai_high,ISSAI_KazakhTTS2_F1,4,,succeeded,ISSAI_KazakhTTS2_F1,4,,1180191044,1,[],raw/v4/xlsr_sls_model_v4_kk_spoof_raw_v1/kk-piper-issai-high-v1/41/41df7ca69ec56eee897b0beb2529261d8778f45d097007e7c8d44a0710d20b09.wav,cfb53c3d90d64de7aeb00998c669ddc314ac431560856e10df28579c92bdc139,9.392471655328798,22050,local_cpu_piper,
5832,target,xlsr_sls_model_v4_kk_spoof:Train/tv_news/5f71d16e59051,v4:kk:Train/tv_news/5f71d16e59051,kk-piper-issai-high-v1,piper_neural_tts,piper_kk_issai_high,ISSAI_KazakhTTS2_F2,5,,succeeded,ISSAI_KazakhTTS2_F2,5,,547689693,1,[],raw/v4/xlsr_sls_model_v4_kk_spoof_raw_v1/kk-piper-issai-high-v1/85/85741b0c04dc5be16c1e323f483d295c88f80e98a752617535bd0aad63f540ef.wav,bd353ccabfbd31fef961a6618888c7e14172df484d1ca36a33ff0be4c10efee9,7.082086167800454,22050,local_cpu_piper,
5836,target,xlsr_sls_model_v4_kk_spoof:Train/tv_news/6006d2e65578a,v4:kk:Train/tv_news/6006d2e65578a,kk-piper-issai-high-v1,piper_neural_tts,piper_kk_issai_high,ISSAI_KazakhTTS2_M2,,,succeeded,ISSAI_KazakhTTS2_M2,,,2050767428,1,[],raw/v4/xlsr_sls_model_v4_kk_spoof_raw_v1/kk-piper-issai-high-v1/32/32e48fd77dd3be8d048ee589a86cb0397ea6591dcb2641b1fdfe7f33fc74da5f.wav,45c09f2277cd6138b969e6e9b5ac675ce8bd04e783326421779f800ab257a797,5.5495691609977325,22050,local_cpu_piper,
5840,target,xlsr_sls_model_v4_kk_spoof:Train/talkshow/01_78_518,v4:kk:Train/talkshow/01_78_518,kk-piper-issai-high-v1,piper_neural_tts,piper_kk_issai_high,ISSAI_KazakhTTS_M1_Iseke,1,,succeeded,ISSAI_KazakhTTS_M1_Iseke,1,,1416478003,1,[],raw/v4/xlsr_sls_model_v4_kk_spoof_raw_v1/kk-piper-issai-high-v1/7f/7f8c8a3b1660e36cf82be8a7f2fd27c3b84b828f450c1cca2692dd5285b4c5f8.wav,4ff616acf560c3c184baf2234b478f345c3dd26c54566b68eb6187ae83788aec,3.6687528344671203,22050,local_cpu_piper,
5844,target,xlsr_sls_model_v4_kk_spoof:Train/tv_news/5fd037ac17026,v4:kk:Train/tv_news/5fd037ac17026,kk-piper-issai-high-v1,piper_neural_tts,piper_kk_issai_high,ISSAI_KazakhTTS2_F3,2,,succeeded,ISSAI_KazakhTTS2_F3,2,,1505860757,1,[],raw/v4/xlsr_sls_model_v4_kk_spoof_raw_v1/kk-piper-issai-high-v1/6b/6bfb501b491c255165fcfebf93f8f3bbe364e980abeeec6d1123a6b16ce624d6.wav,96e09641f635b327b51cddc15eb9d48fbc1457d068dc0b4f07ae2868a02ef347,5.642448979591837,22050,local_cpu_piper,
5848,target,xlsr_sls_model_v4_kk_spoof:Train/tv_news/5f7104f85018e,v4:kk:Train/tv_news/5f7104f85018e,kk-piper-issai-high-v1,piper_neural_tts,piper_kk_issai_high,ISSAI_KazakhTTS_F1_Raya,3,,succeeded,ISSAI_KazakhTTS_F1_Raya,3,,1957617604,1,[],raw/v4/xlsr_sls_model_v4_kk_spoof_raw_v1/kk-piper-issai-high-v1/0d/0d574550255b0897a2f51f5ab5085df7a6ac5cff4c0ff5d599edb62125081c6d.wav,7110a1a284883a3f5ebc35efdb3847a06aecce1d8268e837a425d02947c3edf5,5.189659863945578,22050,local_cpu_piper,
5852,target,xlsr_sls_model_v4_kk_spoof:Train/tv_news/5f71cfaeda1e0,v4:kk:Train/tv_news/5f71cfaeda1e0,kk-piper-issai-high-v1,piper_neural_tts,piper_kk_issai_high,ISSAI_KazakhTTS2_F1,4,,succeeded,ISSAI_KazakhTTS2_F1,4,,820612457,1,[],raw/v4/xlsr_sls_model_v4_kk_spoof_raw_v1/kk-piper-issai-high-v1/b6/b6e392ff56d84cbbbfea80bdd93a6638186d80bb4f549a5d7048fd0342101569.wav,015e0b1d36ff26fa8aa123cfee8cf550ce87f0798903df5370f32399bd9a09df,4.713650793650793,22050,local_cpu_piper,
5856,target,xlsr_sls_model_v4_kk_spoof:Train/podcasts/03_81_136,v4:kk:Train/podcasts/03_81_136,kk-piper-issai-high-v1,piper_neural_tts,piper_kk_issai_high,ISSAI_KazakhTTS2_F2,5,,succeeded,ISSAI_KazakhTTS2_F2,5,,1670325015,1,[],raw/v4/xlsr_sls_model_v4_kk_spoof_raw_v1/kk-piper-issai-high-v1/44/449c0303c18c99d96b9c09d3e56bcf3d5fa59a3453f3da64f5483a4bbdfbb8b4.wav,80ddc328b72fc7880091960d15ba5b929bab422308471cf33253f286083fda5c,2.2407256235827666,22050,local_cpu_piper,
5860,target,xlsr_sls_model_v4_kk_spoof:Train/tv_news/5f71d17b735bb,v4:kk:Train/tv_news/5f71d17b735bb,kk-piper-issai-high-v1,piper_neural_tts,piper_kk_issai_high,ISSAI_KazakhTTS2_M2,,,succeeded,ISSAI_KazakhTTS2_M2,,,602967451,1,[],raw/v4/xlsr_sls_model_v4_kk_spoof_raw_v1/kk-piper-issai-high-v1/06/06a4a2b6ff3c004a2305839cb1bf684497225df75245a0b4fc69d5d8dcbee981.wav,1e1f4a4fa784b8b09224ea2c6ad7b14b2e0ea88745fc701fdaaab1f927e97bdc,6.884716553287982,22050,local_cpu_piper,
5864,target,xlsr_sls_model_v4_kk_spoof:Train/tv_news/5fa2e87567715,v4:kk:Train/tv_news/5fa2e87567715,kk-piper-issai-high-v1,piper_neural_tts,piper_kk_issai_high,ISSAI_KazakhTTS_M1_Iseke,1,,succeeded,ISSAI_KazakhTTS_M1_Iseke,1,,39891783,1,[],raw/v4/xlsr_sls_model_v4_kk_spoof_raw_v1/kk-piper-issai-high-v1/e2/e2250ed7a72dab137d056b7a12447fe39aedea801ec80886341bd3fd5df09756.wav,e98808799c1072977bce91fb8d6f621b7cfdcb620ac38218d41446fc9cd21241,3.01859410430839,22050,local_cpu_piper,
5868,target,xlsr_sls_model_v4_kk_spoof:Train/tv_news/6006d2482394a,v4:kk:Train/tv_news/6006d2482394a,kk-piper-issai-high-v1,piper_neural_tts,piper_kk_issai_high,ISSAI_KazakhTTS2_F3,2,,succeeded,ISSAI_KazakhTTS2_F3,2,,474290153,1,[],raw/v4/xlsr_sls_model_v4_kk_spoof_raw_v1/kk-piper-issai-high-v1/94/949174a47fc108f8b15b3acb68e2db0cc7a988bc465c73442646ccabe8accaad.wav,d9ef0b48d7dfd254d43ed2b038d625f5d165d9e3587391a770c641f128a2e9d4,3.2275736961451247,22050,local_cpu_piper,
5872,target,xlsr_sls_model_v4_kk_spoof:Train/talkshow/01_39_322,v4:kk:Train/talkshow/01_39_322,kk-piper-issai-high-v1,piper_neural_tts,piper_kk_issai_high,ISSAI_KazakhTTS_F1_Raya,3,,succeeded,ISSAI_KazakhTTS_F1_Raya,3,,2021179399,1,[],raw/v4/xlsr_sls_model_v4_kk_spoof_raw_v1/kk-piper-issai-high-v1/15/155c190e2a4e02de84ff70b042236248747ae042c8bd99db672b18e6b5bdde2b.wav,287c9a85b10f5676c9aefbb383e0629b7c453644cea9d26536284b03bf5a3241,5.189659863945578,22050,local_cpu_piper,
5876,target,xlsr_sls_model_v4_kk_spoof:Train/radio/01_14_328,v4:kk:Train/radio/01_14_328,kk-piper-issai-high-v1,piper_neural_tts,piper_kk_issai_high,ISSAI_KazakhTTS2_F1,4,,succeeded,ISSAI_KazakhTTS2_F1,4,,1078015582,1,[],raw/v4/xlsr_sls_model_v4_kk_spoof_raw_v1/kk-piper-issai-high-v1/19/194ff6d89357f6d863cc129a5f4d515650d1c56afa35ca6b3eb454e8995976d1.wav,945253e0f6e420c5b6e19bcb580cbb6c02ba495390d435997d7070e25cb58640,7.732244897959184,22050,local_cpu_piper,
5880,target,xlsr_sls_model_v4_kk_spoof:Train/tv_news/6006d2c92d499,v4:kk:Train/tv_news/6006d2c92d499,kk-piper-issai-high-v1,piper_neural_tts,piper_kk_issai_high,ISSAI_KazakhTTS2_F2,5,,succeeded,ISSAI_KazakhTTS2_F2,5,,2019942225,1,[],raw/v4/xlsr_sls_model_v4_kk_spoof_raw_v1/kk-piper-issai-high-v1/fa/fa4e74eb996f7a43587d80811bd85a819ba415fad653f4958567202b2b7ed4f7.wav,ad44e10633736a8fc6594ae05e4117f9fb3a5153e0e24cd4dccd26b9c9921c7e,4.028662131519274,22050,local_cpu_piper,
5884,target,xlsr_sls_model_v4_kk_spoof:Train/radio/01_21_254,v4:kk:Train/radio/01_21_254,kk-piper-issai-high-v1,piper_neural_tts,piper_kk_issai_high,ISSAI_KazakhTTS2_M2,,,succeeded,ISSAI_KazakhTTS2_M2,,,889823703,1,[],raw/v4/xlsr_sls_model_v4_kk_spoof_raw_v1/kk-piper-issai-high-v1/61/61985998a6ac6d4dde243947dd2b5d0dba50a7f3892c94420e2f2808ed3b8258.wav,cb423f00a0249ea393b46e8dcb652454a6ea164d9a7dc1199b648103efc59292,1.6950566893424037,22050,local_cpu_piper,
5888,target,xlsr_sls_model_v4_kk_spoof:Train/tv_news/5f71044a2e8f0,v4:kk:Train/tv_news/5f71044a2e8f0,kk-piper-issai-high-v1,piper_neural_tts,piper_kk_issai_high,ISSAI_KazakhTTS_M1_Iseke,1,,succeeded,ISSAI_KazakhTTS_M1_Iseke,1,,1142270890,1,[],raw/v4/xlsr_sls_model_v4_kk_spoof_raw_v1/kk-piper-issai-high-v1/7a/7ac97206febe34987405661d7f839c3fcd9f9f7773c2f8c749361f684c016c9c.wav,0b7dd9b02b388ea23ce87ae7eb97748625e98afd2fad187ac6216f78e1553803,3.7616326530612243,22050,local_cpu_piper,
5892,target,xlsr_sls_model_v4_kk_spoof:Train/podcasts/01_11_101,v4:kk:Train/podcasts/01_11_101,kk-piper-issai-high-v1,piper_neural_tts,piper_kk_issai_high,ISSAI_KazakhTTS2_F3,2,,succeeded,ISSAI_KazakhTTS2_F3,2,,1177500748,1,[],raw/v4/xlsr_sls_model_v4_kk_spoof_raw_v1/kk-piper-issai-high-v1/36/3680e34fb1a8bd5d03419bc7d1b28dd80428944cac91eb4565d7c38d07e64d8d.wav,b7cd988d27c38cbe7e8a7a095536c152ebb18daee8b20a8d8ec2878f4d41cd6b,8.150204081632653,22050,local_cpu_piper,
5896,target,xlsr_sls_model_v4_kk_spoof:Train/parliament/senate_08_354,v4:kk:Train/parliament/senate_08_354,kk-piper-issai-high-v1,piper_neural_tts,piper_kk_issai_high,ISSAI_KazakhTTS_F1_Raya,3,,succeeded,ISSAI_KazakhTTS_F1_Raya,3,,1315944235,1,[],raw/v4/xlsr_sls_model_v4_kk_spoof_raw_v1/kk-piper-issai-high-v1/9e/9ef0444c3f6d6c71f9d43e5a6d7c5f1f05ba7ff94c4ad82be8e5fa7a6ae7e629.wav,e759473f30feee34a8c4a4262c54a6d9511209bb120f0e7719a21c54573e2f83,7.151746031746032,22050,local_cpu_piper,
5900,target,xlsr_sls_model_v4_kk_spoof:Train/radio/01_06_344,v4:kk:Train/radio/01_06_344,kk-piper-issai-high-v1,piper_neural_tts,piper_kk_issai_high,ISSAI_KazakhTTS2_F1,4,,succeeded,ISSAI_KazakhTTS2_F1,4,,495062508,1,[],raw/v4/xlsr_sls_model_v4_kk_spoof_raw_v1/kk-piper-issai-high-v1/88/88c03d5c01d54c474eae5d1ab9c129dc49c9464b60bd94f399d06cc9cc8e61aa.wav,c7facbd83a9c368e8b5a75e63d7faa6cf23098232120f27819176e304eae85cd,3.645532879818594,22050,local_cpu_piper,
5904,target,xlsr_sls_model_v4_kk_spoof:Train/podcasts/08_00_057,v4:kk:Train/podcasts/08_00_057,kk-piper-issai-high-v1,piper_neural_tts,piper_kk_issai_high,ISSAI_KazakhTTS2_F2,5,,succeeded,ISSAI_KazakhTTS2_F2,5,,508569367,1,[],raw/v4/xlsr_sls_model_v4_kk_spoof_raw_v1/kk-piper-issai-high-v1/28/288a6ba49bf907bdf3dcfd3e27f9c7a01951a1fd61330cc5a1e9307e926b3037.wav,1dd26c1c7d5d2158c6e5358604a6917ad52fc3b1a2c3e5fc4dbe9605df5f8a2d,8.196643990929704,22050,local_cpu_piper,
5908,target,xlsr_sls_model_v4_kk_spoof:Train/radio/01_58_456,v4:kk:Train/radio/01_58_456,kk-piper-issai-high-v1,piper_neural_tts,piper_kk_issai_high,ISSAI_KazakhTTS2_M2,,,succeeded,ISSAI_KazakhTTS2_M2,,,839539621,1,[],raw/v4/xlsr_sls_model_v4_kk_spoof_raw_v1/kk-piper-issai-high-v1/a6/a62bf8e895432bde6f77890a4e10cbe245480ed9b84a1c55ae01019f2a37eeae.wav,059f3ceb30c3069d3a4602dd2c808b544af3ccf2ee9e81ff51d87ace3ca8626e,6.8382766439909295,22050,local_cpu_piper,
5912,target,xlsr_sls_model_v4_kk_spoof:Train/podcasts/03_67_081,v4:kk:Train/podcasts/03_67_081,kk-piper-issai-high-v1,piper_neural_tts,piper_kk_issai_high,ISSAI_KazakhTTS_M1_Iseke,1,,succeeded,ISSAI_KazakhTTS_M1_Iseke,1,,846819720,1,[],raw/v4/xlsr_sls_model_v4_kk_spoof_raw_v1/kk-piper-issai-high-v1/d3/d326e83ad4b587324e03054d5fed95ccb9422d40964546ec7da3d2d22af07197.wav,619251d86700dc300b1a1d65370bc08fe05343f8adb1eb540f57b5bece82ce6e,5.6656689342403626,22050,local_cpu_piper,
5916,target,xlsr_sls_model_v4_kk_spoof:Train/tv_news/5f7105dcdeb31,v4:kk:Train/tv_news/5f7105dcdeb31,kk-piper-issai-high-v1,piper_neural_tts,piper_kk_issai_high,ISSAI_KazakhTTS2_F3,2,,succeeded,ISSAI_KazakhTTS2_F3,2,,1032639310,1,[],raw/v4/xlsr_sls_model_v4_kk_spoof_raw_v1/kk-piper-issai-high-v1/0b/0b0334ce570bd2cab1f56b3e7e927f118e7a0ee0cc0ca2a8a5ae57ed51168885.wav,738334d43c0b0a7676f138f475011777bc793eb6dd8ee06438ad9be23ca1cecd,2.7631746031746034,22050,local_cpu_piper,
5920,target,xlsr_sls_model_v4_kk_spoof:Train/podcasts/04_10_570,v4:kk:Train/podcasts/04_10_570,kk-piper-issai-high-v1,piper_neural_tts,piper_kk_issai_high,ISSAI_KazakhTTS_F1_Raya,3,,succeeded,ISSAI_KazakhTTS_F1_Raya,3,,886107589,1,[],raw/v4/xlsr_sls_model_v4_kk_spoof_raw_v1/kk-piper-issai-high-v1/0a/0a90692cb44d2b7a041bd33cba5765113890aba40861ddc6a6f1871d7b394a43.wav,7f658509e458600cc6c080739716b56476e60d11f67f4c698c9d11b6797594bd,5.839818594104308,22050,local_cpu_piper,
5924,target,xlsr_sls_model_v4_kk_spoof:Train/parliament/mazhilis_29_421,v4:kk:Train/parliament/mazhilis_29_421,kk-piper-issai-high-v1,piper_neural_tts,piper_kk_issai_high,ISSAI_KazakhTTS2_F1,4,,succeeded,ISSAI_KazakhTTS2_F1,4,,2074196143,1,[],raw/v4/xlsr_sls_model_v4_kk_spoof_raw_v1/kk-piper-issai-high-v1/47/47cc6c8b5e667e92dcfa55796c55a9554afb96d3548314a839f211c70be57e03.wav,b224c459d081e2c43b044ce6279cf4bd1a4b0dda395845d164897f15227193db,4.760090702947846,22050,local_cpu_piper,
5928,target,xlsr_sls_model_v4_kk_spoof:Train/podcasts/01_03_767,v4:kk:Train/podcasts/01_03_767,kk-piper-issai-high-v1,piper_neural_tts,piper_kk_issai_high,ISSAI_KazakhTTS2_F2,5,,succeeded,ISSAI_KazakhTTS2_F2,5,,637658957,1,[],raw/v4/xlsr_sls_model_v4_kk_spoof_raw_v1/kk-piper-issai-high-v1/7c/7c6ef5e880b63fdc265840ec576a95b77eb36dd43d5a7ef71ce99cc643f8c6b3.wav,f7cc78e0f2d19c34a5adf6968db9af02b03884d1aba55cd75f898406f10420bb,1.1377777777777778,22050,local_cpu_piper,
5932,target,xlsr_sls_model_v4_kk_spoof:Train/talkshow/01_59_251,v4:kk:Train/talkshow/01_59_251,kk-piper-issai-high-v1,piper_neural_tts,piper_kk_issai_high,ISSAI_KazakhTTS2_M2,,,succeeded,ISSAI_KazakhTTS2_M2,,,1639696966,1,[],raw/v4/xlsr_sls_model_v4_kk_spoof_raw_v1/kk-piper-issai-high-v1/f7/f7ef0964b166852071f988db11e2900174ed0b33570c2d9cbee74e6262e29e66.wav,c222893777d1f0c89885548d6d2bd2c29a2803de3ff6d67125616a5167b6e7bf,1.8808163265306121,22050,local_cpu_piper,
5936,target,xlsr_sls_model_v4_kk_spoof:Train/podcasts/04_07_026,v4:kk:Train/podcasts/04_07_026,kk-piper-issai-high-v1,piper_neural_tts,piper_kk_issai_high,ISSAI_KazakhTTS_M1_Iseke,1,,succeeded,ISSAI_KazakhTTS_M1_Iseke,1,,1071847958,1,[],raw/v4/xlsr_sls_model_v4_kk_spoof_raw_v1/kk-piper-issai-high-v1/c0/c00bb88031266ee4bae688df67c8b8b669e1388780a7a1fa1c5c4b84607deb60.wav,dfa884de4e6a8c5c8f4f43095fc69ddc2214c8be8e46fdd76f70c47f6d32a664,4.73687074829932,22050,local_cpu_piper,
5940,target,xlsr_sls_model_v4_kk_spoof:Train/talkshow/01_25_304,v4:kk:Train/talkshow/01_25_304,kk-piper-issai-high-v1,piper_neural_tts,piper_kk_issai_high,ISSAI_KazakhTTS2_F3,2,,succeeded,ISSAI_KazakhTTS2_F3,2,,1005097670,1,[],raw/v4/xlsr_sls_model_v4_kk_spoof_raw_v1/kk-piper-issai-high-v1/88/884eb5d6b026a067fa7f734045a192f43d18a18d3971f429bdeca33d88cb8683.wav,c3029c46bd30f3cb4e9e31c5a3fd6b61356d04751e32e6fcbe2de71e354bde40,4.167981859410431,22050,local_cpu_piper,
5944,target,xlsr_sls_model_v4_kk_spoof:Train/tv_news/5fa2e83fe7a66,v4:kk:Train/tv_news/5fa2e83fe7a66,kk-piper-issai-high-v1,piper_neural_tts,piper_kk_issai_high,ISSAI_KazakhTTS_F1_Raya,3,,succeeded,ISSAI_KazakhTTS_F1_Raya,3,,1959560251,1,[],raw/v4/xlsr_sls_model_v4_kk_spoof_raw_v1/kk-piper-issai-high-v1/75/75d152b634d86fc855cc9aaa3eb968bc2b9a35b9dd5bbbb87610ef7f963d10da.wav,c91e9ab304f93b474b15b0c10598a8a20429b1801cd4b807ea6a0ece8d86d27f,2.589024943310658,22050,local_cpu_piper,
5948,target,xlsr_sls_model_v4_kk_spoof:Train/parliament/senate_14_515,v4:kk:Train/parliament/senate_14_515,kk-piper-issai-high-v1,piper_neural_tts,piper_kk_issai_high,ISSAI_KazakhTTS2_F1,4,,succeeded,ISSAI_KazakhTTS2_F1,4,,2103463321,1,[],raw/v4/xlsr_sls_model_v4_kk_spoof_raw_v1/kk-piper-issai-high-v1/71/710022649f4f079731da379837fdbe57e744956fcc8ebcebeac499938bb479cd.wav,655672b8d9d670c2a1c83a1b1ca30af64f1ade54e0e967b95cf05005701e55a1,4.1099319727891155,22050,local_cpu_piper,
5952,target,xlsr_sls_model_v4_kk_spoof:Train/radio/01_62_138,v4:kk:Train/radio/01_62_138,kk-piper-issai-high-v1,piper_neural_tts,piper_kk_issai_high,ISSAI_KazakhTTS2_F2,5,,succeeded,ISSAI_KazakhTTS2_F2,5,,1996876512,1,[],raw/v4/xlsr_sls_model_v4_kk_spoof_raw_v1/kk-piper-issai-high-v1/df/dfd8755486f02cd1809ae9bb6e9bd74d7523e15f72efd51ce832c6bd8267e44f.wav,8649e1b9a40361221be71efb1ddd0af7cbbbe45fcf5ad36d72a78fb9981ef251,5.537959183673469,22050,local_cpu_piper,
5956,target,xlsr_sls_model_v4_kk_spoof:Train/podcasts/03_70_59,v4:kk:Train/podcasts/03_70_59,kk-piper-issai-high-v1,piper_neural_tts,piper_kk_issai_high,ISSAI_KazakhTTS2_M2,,,succeeded,ISSAI_KazakhTTS2_M2,,,973278977,1,[],raw/v4/xlsr_sls_model_v4_kk_spoof_raw_v1/kk-piper-issai-high-v1/af/afcb2f0cc3014edf45689611fa898cf7cd9d1f98e7abe33753b5ec597c317533.wav,31eeea3be78d637eb9e00553ad113b8d6c7437de91a58ded364e847c4d409e37,6.431927437641724,22050,local_cpu_piper,
5960,target,xlsr_sls_model_v4_kk_spoof:Train/talkshow/01_44_429,v4:kk:Train/talkshow/01_44_429,kk-piper-issai-high-v1,piper_neural_tts,piper_kk_issai_high,ISSAI_KazakhTTS_M1_Iseke,1,,succeeded,ISSAI_KazakhTTS_M1_Iseke,1,,1878610463,1,[],raw/v4/xlsr_sls_model_v4_kk_spoof_raw_v1/kk-piper-issai-high-v1/2f/2f271c0cc9078ed16ba09e87194939413d5882ba49f3e351f613bbc3d8d53993.wav,4693a65b3e1b40df056fa644987c1420434a1eda94605f539d50b2ce746da4a1,2.8328344671201813,22050,local_cpu_piper,
5964,target,xlsr_sls_model_v4_kk_spoof:Train/radio/01_60_379,v4:kk:Train/radio/01_60_379,kk-piper-issai-high-v1,piper_neural_tts,piper_kk_issai_high,ISSAI_KazakhTTS2_F3,2,,succeeded,ISSAI_KazakhTTS2_F3,2,,1690405312,1,[],raw/v4/xlsr_sls_model_v4_kk_spoof_raw_v1/kk-piper-issai-high-v1/3f/3f06013aa6255653973d0a9deb2614c115ebc871922d3bb898b19fbc784af8f3.wav,acf944f3f42934cf6451b8497515bffc58ca57409ea9abcbabdc64238453aa35,3.308843537414966,22050,local_cpu_piper,
5968,target,xlsr_sls_model_v4_kk_spoof:Train/podcasts/04_09_736,v4:kk:Train/podcasts/04_09_736,kk-piper-issai-high-v1,piper_neural_tts,piper_kk_issai_high,ISSAI_KazakhTTS_F1_Raya,3,,succeeded,ISSAI_KazakhTTS_F1_Raya,3,,1930330234,1,[],raw/v4/xlsr_sls_model_v4_kk_spoof_raw_v1/kk-piper-issai-high-v1/10/101d6f4073be28cf300b1e9fb42d1205b734d8bfd2f950c87528f408f57050e8.wav,4c9ae99e7a9bcbfff804a76ec88229329db2151d6030cd55a8fc89846e0a3bb9,12.979954648526077,22050,local_cpu_piper,
5972,target,xlsr_sls_model_v4_kk_spoof:Train/parliament/senate_15_679,v4:kk:Train/parliament/senate_15_679,kk-piper-issai-high-v1,piper_neural_tts,piper_kk_issai_high,ISSAI_KazakhTTS2_F1,4,,succeeded,ISSAI_KazakhTTS2_F1,4,,1620303582,1,[],raw/v4/xlsr_sls_model_v4_kk_spoof_raw_v1/kk-piper-issai-high-v1/88/881207dc8604d4ba45027d92d697fbc322d47dbaf9b9b2d6ec25a0ce2d3cf883.wav,520ed1b010641a9a8002ab4984649b70e8e74ac06157fb833e93335f834368ae,9.822040816326531,22050,local_cpu_piper,
5976,target,xlsr_sls_model_v4_kk_spoof:Train/tv_news/5f7105a22324a,v4:kk:Train/tv_news/5f7105a22324a,kk-piper-issai-high-v1,piper_neural_tts,piper_kk_issai_high,ISSAI_KazakhTTS2_F2,5,,succeeded,ISSAI_KazakhTTS2_F2,5,,1757196992,1,[],raw/v4/xlsr_sls_model_v4_kk_spoof_raw_v1/kk-piper-issai-high-v1/64/6428f17671e035097d89b19c577b947642cb88294b4f490e76f46aacd1664b6f.wav,b9b9d8cb228318540a99fdced4043222440709d4d5376d074be38c72e0d682a7,1.9040362811791383,22050,local_cpu_piper,
5980,target,xlsr_sls_model_v4_kk_spoof:Train/parliament/senate_14_417,v4:kk:Train/parliament/senate_14_417,kk-piper-issai-high-v1,piper_neural_tts,piper_kk_issai_high,ISSAI_KazakhTTS2_M2,,,succeeded,ISSAI_KazakhTTS2_M2,,,43795679,1,[],raw/v4/xlsr_sls_model_v4_kk_spoof_raw_v1/kk-piper-issai-high-v1/84/841223f2fc905b00903ff1fe13f5eeedd6491026bfa2d1be458370635725c10a.wav,a266beae94302b5335931b4f5e65b65419383056ae742e3538fc1ab4e4b5ccbf,5.433469387755102,22050,local_cpu_piper,
5984,target,xlsr_sls_model_v4_kk_spoof:Train/radio/01_24_365,v4:kk:Train/radio/01_24_365,kk-piper-issai-high-v1,piper_neural_tts,piper_kk_issai_high,ISSAI_KazakhTTS_M1_Iseke,1,,succeeded,ISSAI_KazakhTTS_M1_Iseke,1,,226498263,1,[],raw/v4/xlsr_sls_model_v4_kk_spoof_raw_v1/kk-piper-issai-high-v1/5f/5f5e1cc727fd260278727a9f6b8ecca93efe2befc4c6513b762035989444d02e.wav,eb476b0324a987c639efdbd0b3f3d0b1c499f57eb8eb6276a0b353782d974233,11.760907029478458,22050,local_cpu_piper,
5988,target,xlsr_sls_model_v4_kk_spoof:Train/parliament/mazhilis_13_354,v4:kk:Train/parliament/mazhilis_13_354,kk-piper-issai-high-v1,piper_neural_tts,piper_kk_issai_high,ISSAI_KazakhTTS2_F3,2,,succeeded,ISSAI_KazakhTTS2_F3,2,,845160684,1,[],raw/v4/xlsr_sls_model_v4_kk_spoof_raw_v1/kk-piper-issai-high-v1/2f/2f6b82cc666f514b24fe4d2a9c12a6dce411e55f8c8f840f86f344fed6c192b7.wav,b1ae3709ee49cc73dfd8b3c327f76c55c4d5699aa2c1f20a25e16a6c5a9c41c3,9.55501133786848,22050,local_cpu_piper,
5992,target,xlsr_sls_model_v4_kk_spoof:Train/talkshow/01_46_253,v4:kk:Train/talkshow/01_46_253,kk-piper-issai-high-v1,piper_neural_tts,piper_kk_issai_high,ISSAI_KazakhTTS_F1_Raya,3,,succeeded,ISSAI_KazakhTTS_F1_Raya,3,,514228901,1,[],raw/v4/xlsr_sls_model_v4_kk_spoof_raw_v1/kk-piper-issai-high-v1/8b/8b3112d6412fe2408b8b540bab8cdf82e83ce3eb33270aa0b2cf29ae3f75cf94.wav,2d4c194a2b601cff55409ed31e51e3c7cd9be6bd576822bd79dde85bec31c7f8,5.630839002267574,22050,local_cpu_piper,
5996,target,xlsr_sls_model_v4_kk_spoof:Train/podcasts/06_07_203,v4:kk:Train/podcasts/06_07_203,kk-piper-issai-high-v1,piper_neural_tts,piper_kk_issai_high,ISSAI_KazakhTTS2_F1,4,,succeeded,ISSAI_KazakhTTS2_F1,4,,1913794726,1,[],raw/v4/xlsr_sls_model_v4_kk_spoof_raw_v1/kk-piper-issai-high-v1/09/096bd17e39186e08ffc56fe025d2f9a94966586d914c0a260d9ddc681f8b9ed8.wav,9e908b70b78c5af0b307554ddc288511ed9699f93ed0242f1b994e50ca0e7dfb,7.767074829931973,22050,local_cpu_piper,
6000,target,xlsr_sls_model_v4_kk_spoof:Train/radio/01_51_286,v4:kk:Train/radio/01_51_286,kk-piper-issai-high-v1,piper_neural_tts,piper_kk_issai_high,ISSAI_KazakhTTS2_F2,5,,succeeded,ISSAI_KazakhTTS2_F2,5,,1054536823,1,[],raw/v4/xlsr_sls_model_v4_kk_spoof_raw_v1/kk-piper-issai-high-v1/b7/b73956e865c2887091ff5d66b799a9145f0d42d0887f7c7f6e5aad2b406fbbe7.wav,4497e889ba0a5eb362c9a4a1948ea6775b6508c0bfc04c095d9944cb560e11dc,3.657142857142857,22050,local_cpu_piper,
6004,reserve,xlsr_sls_model_v4_kk_spoof:Train/parliament/mazhilis_14_117,v4:kk:Train/parliament/mazhilis_14_117,kk-piper-issai-high-v1,piper_neural_tts,piper_kk_issai_high,ISSAI_KazakhTTS2_M2,,,succeeded,ISSAI_KazakhTTS2_M2,,,998203678,1,[],raw/v4/xlsr_sls_model_v4_kk_spoof_raw_v1/kk-piper-issai-high-v1/48/48bc14db4009a1f40530dc230e84179785ebddb5ee8ecea9b6e3561842883acc.wav,4e8c35b57deb773eb3d532005215cf2318da4b4517ac3d230d1d7637dde26b62,1.7763265306122449,22050,local_cpu_piper,
6008,reserve,xlsr_sls_model_v4_kk_spoof:Train/tv_news/5f71cfa6c7a42,v4:kk:Train/tv_news/5f71cfa6c7a42,kk-piper-issai-high-v1,piper_neural_tts,piper_kk_issai_high,ISSAI_KazakhTTS_M1_Iseke,1,,succeeded,ISSAI_KazakhTTS_M1_Iseke,1,,1009215323,1,[],raw/v4/xlsr_sls_model_v4_kk_spoof_raw_v1/kk-piper-issai-high-v1/2f/2f8fdce0c285a6ea4b7e1c2fd17f817ac85e8d372223ea7f15b7470bb141384b.wav,4a3aa3624c624929e3ef2865e31804ef37747dcccd3cbf912f7e5a280a170e23,10.460589569160998,22050,local_cpu_piper,
6012,reserve,xlsr_sls_model_v4_kk_spoof:Train/tv_news/5f71044df1964,v4:kk:Train/tv_news/5f71044df1964,kk-piper-issai-high-v1,piper_neural_tts,piper_kk_issai_high,ISSAI_KazakhTTS2_F3,2,,succeeded,ISSAI_KazakhTTS2_F3,2,,338631590,1,[],raw/v4/xlsr_sls_model_v4_kk_spoof_raw_v1/kk-piper-issai-high-v1/b3/b3aae733d1847ceeb09d6d300b9d8cc4e13dc766618fa60f494a8044431c9053.wav,d3cf53be0ba1a2355cc297966056667e184938d25be4567be6847207eb3cf56c,4.539501133786848,22050,local_cpu_piper,
6016,reserve,xlsr_sls_model_v4_kk_spoof:Train/parliament/mazhilis_13_453,v4:kk:Train/parliament/mazhilis_13_453,kk-piper-issai-high-v1,piper_neural_tts,piper_kk_issai_high,ISSAI_KazakhTTS_F1_Raya,3,,succeeded,ISSAI_KazakhTTS_F1_Raya,3,,342661055,1,[],raw/v4/xlsr_sls_model_v4_kk_spoof_raw_v1/kk-piper-issai-high-v1/35/35f0e50d74090d7034fb186db62660a45a66c948f75b2b2dab90746f6da46455.wav,c4d8e7b5eeadabc9c33809cc78cf5215fcae4227f239198ae1eb5bd19a885d18,9.241541950113378,22050,local_cpu_piper,
6020,reserve,xlsr_sls_model_v4_kk_spoof:Train/talkshow/01_33_117,v4:kk:Train/talkshow/01_33_117,kk-piper-issai-high-v1,piper_neural_tts,piper_kk_issai_high,ISSAI_KazakhTTS2_F1,4,,succeeded,ISSAI_KazakhTTS2_F1,4,,1485600660,1,[],raw/v4/xlsr_sls_model_v4_kk_spoof_raw_v1/kk-piper-issai-high-v1/62/62339f0a96bd4de54d34df31862b6b57875b27bbbf8f5bac773dfcf5cb7462b9.wav,19a76d28811244b861320e2315907c2ba7b9373f0b27835dc8fd248b709535f4,4.864580498866213,22050,local_cpu_piper,
6024,reserve,xlsr_sls_model_v4_kk_spoof:Train/podcasts/01_02_154,v4:kk:Train/podcasts/01_02_154,kk-piper-issai-high-v1,piper_neural_tts,piper_kk_issai_high,ISSAI_KazakhTTS2_F2,5,,succeeded,ISSAI_KazakhTTS2_F2,5,,540362938,1,[],raw/v4/xlsr_sls_model_v4_kk_spoof_raw_v1/kk-piper-issai-high-v1/00/002733547b3222d3c62389887cc5452e97b52cc1eb92c00864b62a6ca59af94f.wav,d7c70ab0c4d40a86ef00287f22dc9c9785582c230b2df6e52894c13e6424bb99,1.9620861678004535,22050,local_cpu_piper,
6028,reserve,xlsr_sls_model_v4_kk_spoof:Train/parliament/mazhilis_16_1_376,v4:kk:Train/parliament/mazhilis_16_1_376,kk-piper-issai-high-v1,piper_neural_tts,piper_kk_issai_high,ISSAI_KazakhTTS2_M2,,,succeeded,ISSAI_KazakhTTS2_M2,,,1486129853,1,[],raw/v4/xlsr_sls_model_v4_kk_spoof_raw_v1/kk-piper-issai-high-v1/22/226c15a3e19fd3da2d0205ec9ab28b3b6add7ebc258001e80d0232b19f265c39.wav,0b7a669bb60861bc63dc88223d078503f321a4dae2db554f1804a3f393e06e01,5.131609977324263,22050,local_cpu_piper,
6032,reserve,xlsr_sls_model_v4_kk_spoof:Train/tv_news/5f71d0355e743,v4:kk:Train/tv_news/5f71d0355e743,kk-piper-issai-high-v1,piper_neural_tts,piper_kk_issai_high,ISSAI_KazakhTTS_M1_Iseke,1,,succeeded,ISSAI_KazakhTTS_M1_Iseke,1,,1453868024,1,[],raw/v4/xlsr_sls_model_v4_kk_spoof_raw_v1/kk-piper-issai-high-v1/ea/eaeaaab55e0fe31c7fc06368ab9ecc6faaf87dfb13093696c335502f4c904a6c.wav,4f3844ab4801c2b9f4cd9c5d102b4a7552138d3228430674635f15a8e1ec682a,3.4017233560090703,22050,local_cpu_piper,
6036,reserve,xlsr_sls_model_v4_kk_spoof:Train/podcasts/03_76_82,v4:kk:Train/podcasts/03_76_82,kk-piper-issai-high-v1,piper_neural_tts,piper_kk_issai_high,ISSAI_KazakhTTS2_F3,2,,succeeded,ISSAI_KazakhTTS2_F3,2,,1265974551,1,[],raw/v4/xlsr_sls_model_v4_kk_spoof_raw_v1/kk-piper-issai-high-v1/64/647cd91d0b006e975f2abb23decc46b43844ac232a9f004fc904bd39d1d727cb.wav,376e13d7594ff93d60db2d63c6f462921abaa4ba1c47ffe475260e95503962d0,2.5658049886621317,22050,local_cpu_piper,
6040,reserve,xlsr_sls_model_v4_kk_spoof:Train/talkshow/01_79_391,v4:kk:Train/talkshow/01_79_391,kk-piper-issai-high-v1,piper_neural_tts,piper_kk_issai_high,ISSAI_KazakhTTS_F1_Raya,3,,succeeded,ISSAI_KazakhTTS_F1_Raya,3,,1754574010,1,[],raw/v4/xlsr_sls_model_v4_kk_spoof_raw_v1/kk-piper-issai-high-v1/b5/b5c39575b063443b3a9e44dd329994d276784eff1e0802ad6c6b7237dc78e5e9.wav,951e605fda390aaf56f8ec402cde5391968a6bd34730fbb29de7e80f9953284b,5.23609977324263,22050,local_cpu_piper,
6044,reserve,xlsr_sls_model_v4_kk_spoof:Train/parliament/senate_22_292,v4:kk:Train/parliament/senate_22_292,kk-piper-issai-high-v1,piper_neural_tts,piper_kk_issai_high,ISSAI_KazakhTTS2_F1,4,,succeeded,ISSAI_KazakhTTS2_F1,4,,60268525,1,[],raw/v4/xlsr_sls_model_v4_kk_spoof_raw_v1/kk-piper-issai-high-v1/11/1189cf954482a41a0f91d574042af51b5d254b11fb32d8cce88654df86d62b60.wav,e34cc21e519c350870a27494d80fbce88bda3e1d59f4954a9ff49d98bdad44b8,1.8575963718820863,22050,local_cpu_piper,
6048,reserve,xlsr_sls_model_v4_kk_spoof:Train/radio/01_61_176,v4:kk:Train/radio/01_61_176,kk-piper-issai-high-v1,piper_neural_tts,piper_kk_issai_high,ISSAI_KazakhTTS2_F2,5,,succeeded,ISSAI_KazakhTTS2_F2,5,,1562751381,1,[],raw/v4/xlsr_sls_model_v4_kk_spoof_raw_v1/kk-piper-issai-high-v1/62/62e084ff0d816ba432f61ab1b6e64c45343e6c41975043ad1cd6d2739624d3f7.wav,6e1bc5bb9048526adcfbcefeb41a9e7d4c9ddc2b310bbc9195da15c7055496bd,3.947392290249433,22050,local_cpu_piper,
6052,reserve,xlsr_sls_model_v4_kk_spoof:Train/parliament/mazhilis_18_1_030,v4:kk:Train/parliament/mazhilis_18_1_030,kk-piper-issai-high-v1,piper_neural_tts,piper_kk_issai_high,ISSAI_KazakhTTS2_M2,,,succeeded,ISSAI_KazakhTTS2_M2,,,1550486446,1,[],raw/v4/xlsr_sls_model_v4_kk_spoof_raw_v1/kk-piper-issai-high-v1/f8/f85ac709541a7676c26b437e36d55f30adbefc591588e5da82768dda5d35e2ad.wav,7ad0a83d38901c165e31bcadebcbf46e4f4251bd81bcde62a6ef794dc3d5960c,5.921088435374149,22050,local_cpu_piper,
6056,reserve,xlsr_sls_model_v4_kk_spoof:Train/parliament/mazhilis_11_138,v4:kk:Train/parliament/mazhilis_11_138,kk-piper-issai-high-v1,piper_neural_tts,piper_kk_issai_high,ISSAI_KazakhTTS_M1_Iseke,1,,succeeded,ISSAI_KazakhTTS_M1_Iseke,1,,608422827,1,[],raw/v4/xlsr_sls_model_v4_kk_spoof_raw_v1/kk-piper-issai-high-v1/09/090927f47ba9c818049ba0e0ecdebda98d695c3cbcd2cc11a9acca2154426078.wav,ba25aa7b8249849edccc276b045e3537fd315a46ade01f394fa0474516b70cf3,14.291882086167801,22050,local_cpu_piper,
6060,reserve,xlsr_sls_model_v4_kk_spoof:Train/radio/01_70_331,v4:kk:Train/radio/01_70_331,kk-piper-issai-high-v1,piper_neural_tts,piper_kk_issai_high,ISSAI_KazakhTTS2_F3,2,,succeeded,ISSAI_KazakhTTS2_F3,2,,1673596947,1,[],raw/v4/xlsr_sls_model_v4_kk_spoof_raw_v1/kk-piper-issai-high-v1/04/0456fe59a71317a6b94849a01edd05d219b1b8752eedfb7d06bd63d29fe97734.wav,43b56df5141941e852f4dac80c7fa96a140238b1ec27225d5209649c5b22f9bf,3.7848526077097504,22050,local_cpu_piper,
6064,reserve,xlsr_sls_model_v4_kk_spoof:Train/parliament/senate_13_465,v4:kk:Train/parliament/senate_13_465,kk-piper-issai-high-v1,piper_neural_tts,piper_kk_issai_high,ISSAI_KazakhTTS_F1_Raya,3,,succeeded,ISSAI_KazakhTTS_F1_Raya,3,,1376643205,1,[],raw/v4/xlsr_sls_model_v4_kk_spoof_raw_v1/kk-piper-issai-high-v1/fb/fbf6ad4d244b5fcaec70c9ff410b195af435bb64f9dcee934f436099e629d836.wav,3d13cfcc89818b6d0679d2bef711564449662496571d5ea807e464a3b353b2ed,9.148662131519274,22050,local_cpu_piper,
6068,reserve,xlsr_sls_model_v4_kk_spoof:Train/podcasts/04_10_279,v4:kk:Train/podcasts/04_10_279,kk-piper-issai-high-v1,piper_neural_tts,piper_kk_issai_high,ISSAI_KazakhTTS2_F1,4,,succeeded,ISSAI_KazakhTTS2_F1,4,,2051867764,1,[],raw/v4/xlsr_sls_model_v4_kk_spoof_raw_v1/kk-piper-issai-high-v1/91/91c96828f50b1f24b858fa9431f21f4251c7244d85be79cc44494647be8ea15d.wav,561620cab67cd75744ccd8c1377544c117ff7def63fad4c5d4ada389648ca3db,1.8808163265306121,22050,local_cpu_piper,
6072,reserve,xlsr_sls_model_v4_kk_spoof:Train/parliament/mazhilis_25_605,v4:kk:Train/parliament/mazhilis_25_605,kk-piper-issai-high-v1,piper_neural_tts,piper_kk_issai_high,ISSAI_KazakhTTS2_F2,5,,succeeded,ISSAI_KazakhTTS2_F2,5,,1908830293,1,[],raw/v4/xlsr_sls_model_v4_kk_spoof_raw_v1/kk-piper-issai-high-v1/27/27dd859b42af723c094bde0871bbe8be29467e39734bf2cdd0a64eb7a74ef3c6.wav,dc63821bbf5ce060c9bdc811928e9a6f26869be5422d52caf6235978707ed344,5.8165986394557825,22050,local_cpu_piper,
6076,reserve,xlsr_sls_model_v4_kk_spoof:Train/talkshow/01_20_270,v4:kk:Train/talkshow/01_20_270,kk-piper-issai-high-v1,piper_neural_tts,piper_kk_issai_high,ISSAI_KazakhTTS2_M2,,,succeeded,ISSAI_KazakhTTS2_M2,,,479738480,1,[],raw/v4/xlsr_sls_model_v4_kk_spoof_raw_v1/kk-piper-issai-high-v1/8c/8cc3b970e4598d4a1a22de4d95f2b8919a1abf5336761952011e50a33eb8cc7b.wav,c28ea4d319409b94b79a61ebd6641bad1062e602904e112d049b7eee3aadf819,6.582857142857143,22050,local_cpu_piper,
6080,reserve,xlsr_sls_model_v4_kk_spoof:Train/parliament/mazhilis_16_1_352,v4:kk:Train/parliament/mazhilis_16_1_352,kk-piper-issai-high-v1,piper_neural_tts,piper_kk_issai_high,ISSAI_KazakhTTS_M1_Iseke,1,,succeeded,ISSAI_KazakhTTS_M1_Iseke,1,,1771931744,1,[],raw/v4/xlsr_sls_model_v4_kk_spoof_raw_v1/kk-piper-issai-high-v1/ae/aee506d5cda16bd6c08faaa006858be8a11a37766730822330fe70c1fb783542.wav,5acd1a9bc213050d41adef69afecb2506d0bb7bb24d864e8980e236989550fec,9.415691609977324,22050,local_cpu_piper,
6084,reserve,xlsr_sls_model_v4_kk_spoof:Train/talkshow/01_65_325,v4:kk:Train/talkshow/01_65_325,kk-piper-issai-high-v1,piper_neural_tts,piper_kk_issai_high,ISSAI_KazakhTTS2_F3,2,,succeeded,ISSAI_KazakhTTS2_F3,2,,441924104,1,[],raw/v4/xlsr_sls_model_v4_kk_spoof_raw_v1/kk-piper-issai-high-v1/05/05cf092a5bafdae9ea0a799c36bd7453933c0da3bd120b16e00abf04116c3b5f.wav,ecf8ed0c4f5a4bf0e45e60c9367b7d6458e3beacc2a2d49483b4506a74acc319,8.800362811791382,22050,local_cpu_piper,
6088,reserve,xlsr_sls_model_v4_kk_spoof:Train/tv_news/5f7107f1ac894,v4:kk:Train/tv_news/5f7107f1ac894,kk-piper-issai-high-v1,piper_neural_tts,piper_kk_issai_high,ISSAI_KazakhTTS_F1_Raya,3,,succeeded,ISSAI_KazakhTTS_F1_Raya,3,,462375509,1,[],raw/v4/xlsr_sls_model_v4_kk_spoof_raw_v1/kk-piper-issai-high-v1/0d/0d3812541fa9ebae8931aef5de72fa99fc57367d9af0fb0b79ae6709ad377e7b.wav,9912853b8c5f8c4c8efe3bcf1ac9dbe15b2d70d71333754c215dc0dfc7b8c09e,6.617687074829932,22050,local_cpu_piper,
6092,reserve,xlsr_sls_model_v4_kk_spoof:Train/radio/01_77_193,v4:kk:Train/radio/01_77_193,kk-piper-issai-high-v1,piper_neural_tts,piper_kk_issai_high,ISSAI_KazakhTTS2_F1,4,,succeeded,ISSAI_KazakhTTS2_F1,4,,1892113115,1,[],raw/v4/xlsr_sls_model_v4_kk_spoof_raw_v1/kk-piper-issai-high-v1/fe/febde00f1b50985f7c3def9169a055896f640f9ebf5b6ac8ded95e1513fe116e.wav,c569d95892b53265a4ed05aa957dc562ae67bf310698f621bbc228449a37d7d5,2.8212244897959184,22050,local_cpu_piper,
6096,reserve,xlsr_sls_model_v4_kk_spoof:Train/podcasts/04_04_072,v4:kk:Train/podcasts/04_04_072,kk-piper-issai-high-v1,piper_neural_tts,piper_kk_issai_high,ISSAI_KazakhTTS2_F2,5,,succeeded,ISSAI_KazakhTTS2_F2,5,,858330846,1,[],raw/v4/xlsr_sls_model_v4_kk_spoof_raw_v1/kk-piper-issai-high-v1/f5/f5b247b055420fd3e1b5bfbd3f95b61c3c58ccbd002dcf2901cf323c543a1479.wav,a475a2e9d255059aa0d7262b76642cfead1ece755ebbab74c65c75a67b0eac3d,3.1346938775510202,22050,local_cpu_piper,
6100,reserve,xlsr_sls_model_v4_kk_spoof:Train/talkshow/01_42_301,v4:kk:Train/talkshow/01_42_301,kk-piper-issai-high-v1,piper_neural_tts,piper_kk_issai_high,ISSAI_KazakhTTS2_M2,,,succeeded,ISSAI_KazakhTTS2_M2,,,2064173474,1,[],raw/v4/xlsr_sls_model_v4_kk_spoof_raw_v1/kk-piper-issai-high-v1/e1/e188912384ccf3e515450fdc29ca2fd40714f508e9f104350ddf8f509f35add4.wav,6067071522ab43fd01a138cb2939345c75da89d6a6be0ddfc9047580b7b424d3,6.965986394557823,22050,local_cpu_piper,
6104,reserve,xlsr_sls_model_v4_kk_spoof:Train/radio/01_16_45,v4:kk:Train/radio/01_16_45,kk-piper-issai-high-v1,piper_neural_tts,piper_kk_issai_high,ISSAI_KazakhTTS_M1_Iseke,1,,succeeded,ISSAI_KazakhTTS_M1_Iseke,1,,1506749211,1,[],raw/v4/xlsr_sls_model_v4_kk_spoof_raw_v1/kk-piper-issai-high-v1/98/98c85c79d993b031e2ca7de9c14b1d2ce92b467ce2dd879898be5af21f2577d7.wav,4ae65fc25ba33919cfeb7349e3490666ce891e3661e90bd8d67d0f4572852373,8.858412698412698,22050,local_cpu_piper,
6108,reserve,xlsr_sls_model_v4_kk_spoof:Train/parliament/senate_14_412,v4:kk:Train/parliament/senate_14_412,kk-piper-issai-high-v1,piper_neural_tts,piper_kk_issai_high,ISSAI_KazakhTTS2_F3,2,,succeeded,ISSAI_KazakhTTS2_F3,2,,879798087,1,[],raw/v4/xlsr_sls_model_v4_kk_spoof_raw_v1/kk-piper-issai-high-v1/82/8209744fdfa7d68a959373760cf7f1bb0149df0bb2a6f633431d2058ce5eada8.wav,6a44dea915d43917400b56363fa2ad0e56575a8032262ac6368814475e454f6b,8.080544217687075,22050,local_cpu_piper,
6112,reserve,xlsr_sls_model_v4_kk_spoof:Train/podcasts/03_70_02,v4:kk:Train/podcasts/03_70_02,kk-piper-issai-high-v1,piper_neural_tts,piper_kk_issai_high,ISSAI_KazakhTTS_F1_Raya,3,,succeeded,ISSAI_KazakhTTS_F1_Raya,3,,2043065378,1,[],raw/v4/xlsr_sls_model_v4_kk_spoof_raw_v1/kk-piper-issai-high-v1/0c/0cf19a196a0a5be102804fb756e30437c1f412e38a6ad847afd5dd9ab7bad08c.wav,f8d57e882d6773a53716f6572b650f7884abbd703f5fb5fe75fe2922aed27698,3.01859410430839,22050,local_cpu_piper,
6116,reserve,xlsr_sls_model_v4_kk_spoof:Train/parliament/senate_20_0785,v4:kk:Train/parliament/senate_20_0785,kk-piper-issai-high-v1,piper_neural_tts,piper_kk_issai_high,ISSAI_KazakhTTS2_F1,4,,succeeded,ISSAI_KazakhTTS2_F1,4,,1531028209,1,[],raw/v4/xlsr_sls_model_v4_kk_spoof_raw_v1/kk-piper-issai-high-v1/b5/b57a0e25f8fdcfc5275cd1aa865d271f1beb6cf3c68a955788c313ce5278e809.wav,c23480a7cdea9257d7dee6ae487eaaa78ed50b991b59074c55f322c683f36250,7.3723356009070296,22050,local_cpu_piper,
6120,reserve,xlsr_sls_model_v4_kk_spoof:Train/radio/01_60_046,v4:kk:Train/radio/01_60_046,kk-piper-issai-high-v1,piper_neural_tts,piper_kk_issai_high,ISSAI_KazakhTTS2_F2,5,,succeeded,ISSAI_KazakhTTS2_F2,5,,36939186,1,[],raw/v4/xlsr_sls_model_v4_kk_spoof_raw_v1/kk-piper-issai-high-v1/e3/e38aa6e83bac5cb0ac059b0aa896a73fc24fb2531a3144cbb8327f8cf3aabd27.wav,9c504efd456b4279cd7d90d3fdbe14daedde717c70320d12e769d55a76f09a5d,6.164897959183674,22050,local_cpu_piper,
6124,reserve,xlsr_sls_model_v4_kk_spoof:Train/radio/01_37_282,v4:kk:Train/radio/01_37_282,kk-piper-issai-high-v1,piper_neural_tts,piper_kk_issai_high,ISSAI_KazakhTTS2_M2,,,succeeded,ISSAI_KazakhTTS2_M2,,,1087614059,1,[],raw/v4/xlsr_sls_model_v4_kk_spoof_raw_v1/kk-piper-issai-high-v1/7e/7ec1d0249017eeefe23af0f2b0500ab5b5af97cfad92726415eae9aa4e8612e8.wav,f4973c4c3820393fb405349ee5f9806e6ee66b9e00c309b748de146e0c4b5d8c,1.195827664399093,22050,local_cpu_piper,
6128,reserve,xlsr_sls_model_v4_kk_spoof:Train/tv_news/5f7106ed6abad,v4:kk:Train/tv_news/5f7106ed6abad,kk-piper-issai-high-v1,piper_neural_tts,piper_kk_issai_high,ISSAI_KazakhTTS_M1_Iseke,1,,succeeded,ISSAI_KazakhTTS_M1_Iseke,1,,1561382796,1,[],raw/v4/xlsr_sls_model_v4_kk_spoof_raw_v1/kk-piper-issai-high-v1/ca/ca5cce4148723239b9b3ff5ff270a7f036458d0af759b63cbdfdf9ca0ccae0bd.wav,02dd0a449e2d2f6accf528e2cf52340c829e8fc096616ef9c89c2c66f33460fd,5.921088435374149,22050,local_cpu_piper,
6132,reserve,xlsr_sls_model_v4_kk_spoof:Train/parliament/mazhilis_16_1_389,v4:kk:Train/parliament/mazhilis_16_1_389,kk-piper-issai-high-v1,piper_neural_tts,piper_kk_issai_high,ISSAI_KazakhTTS2_F3,2,,succeeded,ISSAI_KazakhTTS2_F3,2,,1014387309,1,[],raw/v4/xlsr_sls_model_v4_kk_spoof_raw_v1/kk-piper-issai-high-v1/b4/b41d5b7c85e834f0457558fc1f27f45707701d5af701d048cc70765277fb7ed6.wav,3a771a4a66b96fcfc8957f8b503384f4301cbf7c7e48f7d2687837d9bf17f46a,10.971428571428572,22050,local_cpu_piper,
6136,reserve,xlsr_sls_model_v4_kk_spoof:Train/podcasts/03_48_48,v4:kk:Train/podcasts/03_48_48,kk-piper-issai-high-v1,piper_neural_tts,piper_kk_issai_high,ISSAI_KazakhTTS_F1_Raya,3,,succeeded,ISSAI_KazakhTTS_F1_Raya,3,,912663971,1,[],raw/v4/xlsr_sls_model_v4_kk_spoof_raw_v1/kk-piper-issai-high-v1/7f/7f6488379dd15f1ff8057429498b1cb0cfc638d1aab50a7e3f6dec39c52e1165.wav,ad7cbaa1adb75f32def7f68b9e7f4ea937d155398943054577e8c4c0e2b4872d,7.48843537414966,22050,local_cpu_piper,
6140,reserve,xlsr_sls_model_v4_kk_spoof:Train/talkshow/01_70_349,v4:kk:Train/talkshow/01_70_349,kk-piper-issai-high-v1,piper_neural_tts,piper_kk_issai_high,ISSAI_KazakhTTS2_F1,4,,succeeded,ISSAI_KazakhTTS2_F1,4,,2109681436,1,[],raw/v4/xlsr_sls_model_v4_kk_spoof_raw_v1/kk-piper-issai-high-v1/8a/8a5aa0540d88a2a7b123ac14c2a1c5e7a54d68e421107ab3342927ba86f0dba8.wav,02d6dac0f2e87029cd8cb4a4efeabe00e1dc6fc15cb1e119bfb5109e7d373e9e,6.617687074829932,22050,local_cpu_piper,
6144,reserve,xlsr_sls_model_v4_kk_spoof:Train/talkshow/01_68_304,v4:kk:Train/talkshow/01_68_304,kk-piper-issai-high-v1,piper_neural_tts,piper_kk_issai_high,ISSAI_KazakhTTS2_F2,5,,succeeded,ISSAI_KazakhTTS2_F2,5,,1475761852,1,[],raw/v4/xlsr_sls_model_v4_kk_spoof_raw_v1/kk-piper-issai-high-v1/3e/3e05f185a2ef80a77dbaf939fc8465b44250cd4103b925f716162e2d35e0f66d.wav,a17d3e62d39508ba5a0a40a57189340a7fbdfb0fddb82efed79396a2216c3775,4.85297052154195,22050,local_cpu_piper,
6148,reserve,xlsr_sls_model_v4_kk_spoof:Train/talkshow/01_51_268,v4:kk:Train/talkshow/01_51_268,kk-piper-issai-high-v1,piper_neural_tts,piper_kk_issai_high,ISSAI_KazakhTTS2_M2,,,succeeded,ISSAI_KazakhTTS2_M2,,,804175814,1,[],raw/v4/xlsr_sls_model_v4_kk_spoof_raw_v1/kk-piper-issai-high-v1/02/022dde20e8190f50b252f124c8acff9c57b0f6ed83485f411c2076ca4abf57fd.wav,3ebe93319ae1f4eec9aceed3fc7d35a43ef55854b21c961130dcf8b9a4981467,5.317369614512471,22050,local_cpu_piper,
6152,reserve,xlsr_sls_model_v4_kk_spoof:Train/podcasts/01_04_526,v4:kk:Train/podcasts/01_04_526,kk-piper-issai-high-v1,piper_neural_tts,piper_kk_issai_high,ISSAI_KazakhTTS_M1_Iseke,1,,succeeded,ISSAI_KazakhTTS_M1_Iseke,1,,271154476,1,[],raw/v4/xlsr_sls_model_v4_kk_spoof_raw_v1/kk-piper-issai-high-v1/b8/b8fa8a1f0b6c8f8fa3773dde2a70d7399baa484f955b3ee96e43f853110e1fdc.wav,ce61808ce0b82e14baa449ba735f8181c06dd4ae32a45ad631134258292ac74c,5.537959183673469,22050,local_cpu_piper,
6156,reserve,xlsr_sls_model_v4_kk_spoof:Train/parliament/mazhilis_03_563,v4:kk:Train/parliament/mazhilis_03_563,kk-piper-issai-high-v1,piper_neural_tts,piper_kk_issai_high,ISSAI_KazakhTTS2_F3,2,,succeeded,ISSAI_KazakhTTS2_F3,2,,1005843815,1,[],raw/v4/xlsr_sls_model_v4_kk_spoof_raw_v1/kk-piper-issai-high-v1/6f/6f2d00ae4c9b76431b09b522992e2701850c8cbf0f900f67cee3b715702b6914.wav,0bc41cda33bf2284956c4a5e8623b3470438076a3479a1a2fb6ed300cced5508,7.082086167800454,22050,local_cpu_piper,
6160,reserve,xlsr_sls_model_v4_kk_spoof:Train/talkshow/01_44_039,v4:kk:Train/talkshow/01_44_039,kk-piper-issai-high-v1,piper_neural_tts,piper_kk_issai_high,ISSAI_KazakhTTS_F1_Raya,3,,succeeded,ISSAI_KazakhTTS_F1_Raya,3,,621399621,1,[],raw/v4/xlsr_sls_model_v4_kk_spoof_raw_v1/kk-piper-issai-high-v1/b6/b6a3ba1161e53409d9f063700ca903a50e308ad5fed6bfe81e1b48eaf45f439f.wav,efad2d9e120838958c346a1eff353a8c1eda650d15463a7c51eb4d14447ea4bb,2.147845804988662,22050,local_cpu_piper,
6164,reserve,xlsr_sls_model_v4_kk_spoof:Train/radio/01_51_490,v4:kk:Train/radio/01_51_490,kk-piper-issai-high-v1,piper_neural_tts,piper_kk_issai_high,ISSAI_KazakhTTS2_F1,4,,succeeded,ISSAI_KazakhTTS2_F1,4,,1764770577,1,[],raw/v4/xlsr_sls_model_v4_kk_spoof_raw_v1/kk-piper-issai-high-v1/4f/4f8041c6f71b58ed229c28afb364cea63e14a401dad7b114d99d10590c647843.wav,f771fcc96bc5ddaa3342999cc38c20b4b0e6e05cb7d41173948ad6da0d22fa05,5.015510204081632,22050,local_cpu_piper,
6168,reserve,xlsr_sls_model_v4_kk_spoof:Train/talkshow/01_55_100,v4:kk:Train/talkshow/01_55_100,kk-piper-issai-high-v1,piper_neural_tts,piper_kk_issai_high,ISSAI_KazakhTTS2_F2,5,,succeeded,ISSAI_KazakhTTS2_F2,5,,334190375,1,[],raw/v4/xlsr_sls_model_v4_kk_spoof_raw_v1/kk-piper-issai-high-v1/1c/1c0f6a8618b49b5f82d1dfb39de13df463ea555ba5bb3718523d5b57d2867d29.wav,3b990e6b1f126730813eea1a5296dff7b8a54a8b9ae0d75981654c79188c07a2,2.3568253968253967,22050,local_cpu_piper,
6172,reserve,xlsr_sls_model_v4_kk_spoof:Train/radio/01_81_393,v4:kk:Train/radio/01_81_393,kk-piper-issai-high-v1,piper_neural_tts,piper_kk_issai_high,ISSAI_KazakhTTS2_M2,,,succeeded,ISSAI_KazakhTTS2_M2,,,1921981226,1,[],raw/v4/xlsr_sls_model_v4_kk_spoof_raw_v1/kk-piper-issai-high-v1/e1/e16a209943946acaa02c81cec4c0abe9b588e40edfc657204b5e294783cedad3.wav,deb65373c3339aab999b1d4a2c6b389e887dafecaf3a78132fd5250d2c8c0bd5,2.2755555555555556,22050,local_cpu_piper,
6176,reserve,xlsr_sls_model_v4_kk_spoof:Train/radio/01_37_016,v4:kk:Train/radio/01_37_016,kk-piper-issai-high-v1,piper_neural_tts,piper_kk_issai_high,ISSAI_KazakhTTS_M1_Iseke,1,,succeeded,ISSAI_KazakhTTS_M1_Iseke,1,,752225433,1,[],raw/v4/xlsr_sls_model_v4_kk_spoof_raw_v1/kk-piper-issai-high-v1/b7/b7bcef7e14184efa71fbc63c017bd5fe9b26f048763d51152a2b9c48b8bc2ec9.wav,962c181063078cb5bb59b086d4651caab301ffe72cba30831de6562da709d82f,8.6378231292517,22050,local_cpu_piper,
6180,reserve,xlsr_sls_model_v4_kk_spoof:Train/podcasts/01_05_216,v4:kk:Train/podcasts/01_05_216,kk-piper-issai-high-v1,piper_neural_tts,piper_kk_issai_high,ISSAI_KazakhTTS2_F3,2,,succeeded,ISSAI_KazakhTTS2_F3,2,,1933120922,1,[],raw/v4/xlsr_sls_model_v4_kk_spoof_raw_v1/kk-piper-issai-high-v1/e7/e71a5895e6a661483f33d90670b0b884a98aa5b9d07c74b8f032e2d49b344a70.wav,87ccac012dde02a097d12617c8f814f318a395e0f9981341867fa3a6f8318161,7.012426303854875,22050,local_cpu_piper,
6184,reserve,xlsr_sls_model_v4_kk_spoof:Train/talkshow/01_16_019,v4:kk:Train/talkshow/01_16_019,kk-piper-issai-high-v1,piper_neural_tts,piper_kk_issai_high,ISSAI_KazakhTTS_F1_Raya,3,,succeeded,ISSAI_KazakhTTS_F1_Raya,3,,1471281792,1,[],raw/v4/xlsr_sls_model_v4_kk_spoof_raw_v1/kk-piper-issai-high-v1/23/23bf0ec46106cf4e4e42679309284a8019db34b1ea0b706966f85052e3b2407c.wav,909936c88a5a44361f40eba79521a6963d26cfb40274dab353066bcc64b6b261,9.496961451247165,22050,local_cpu_piper,
6188,reserve,xlsr_sls_model_v4_kk_spoof:Train/tv_news/5f834ee115dc0,v4:kk:Train/tv_news/5f834ee115dc0,kk-piper-issai-high-v1,piper_neural_tts,piper_kk_issai_high,ISSAI_KazakhTTS2_F1,4,,succeeded,ISSAI_KazakhTTS2_F1,4,,866661157,1,[],raw/v4/xlsr_sls_model_v4_kk_spoof_raw_v1/kk-piper-issai-high-v1/6d/6d31176bdb9872a1885fa97715940f5cbaf9796d0b0484501edd381498ceeac7.wav,73b765640656554b483333787c4d161944be79e1a41c4f2e9205cd563ee88820,6.211337868480726,22050,local_cpu_piper,
6192,reserve,xlsr_sls_model_v4_kk_spoof:Train/talkshow/01_04_375,v4:kk:Train/talkshow/01_04_375,kk-piper-issai-high-v1,piper_neural_tts,piper_kk_issai_high,ISSAI_KazakhTTS2_F2,5,,succeeded,ISSAI_KazakhTTS2_F2,5,,16634571,1,[],raw/v4/xlsr_sls_model_v4_kk_spoof_raw_v1/kk-piper-issai-high-v1/53/530a3761cfb4485a9bfb80e8d9eb3c911b68316e9ed298facb468dddeee81e02.wav,a99d1dd126a6c51120fc7c425f52accdd63d23bd257f327900fbe5cd7b723056,6.861496598639456,22050,local_cpu_piper,
6196,reserve,xlsr_sls_model_v4_kk_spoof:Train/tv_news/6006d2e1d0d54,v4:kk:Train/tv_news/6006d2e1d0d54,kk-piper-issai-high-v1,piper_neural_tts,piper_kk_issai_high,ISSAI_KazakhTTS2_M2,,,succeeded,ISSAI_KazakhTTS2_M2,,,1046423406,1,[],raw/v4/xlsr_sls_model_v4_kk_spoof_raw_v1/kk-piper-issai-high-v1/e5/e52efac8c588e25da468634071065f7915b0e528924ee0a9feb3c4015b81f99c.wav,4def828cfe2a9beda54993ca101ab77464f5bd563523df70273d6016613b2019,3.111473922902494,22050,local_cpu_piper,
6200,reserve,xlsr_sls_model_v4_kk_spoof:Train/tv_news/5f71ce368389f,v4:kk:Train/tv_news/5f71ce368389f,kk-piper-issai-high-v1,piper_neural_tts,piper_kk_issai_high,ISSAI_KazakhTTS_M1_Iseke,1,,succeeded,ISSAI_KazakhTTS_M1_Iseke,1,,304988548,1,[],raw/v4/xlsr_sls_model_v4_kk_spoof_raw_v1/kk-piper-issai-high-v1/1f/1f508594b85b40c359a5e748d42141855a8627451ca944c8ce8d0a829061a698.wav,6b37813a0902eacd3b57c5bb69670e29018146623f2286663ecb4d4c15ed6a29,4.771700680272109,22050,local_cpu_piper,
6204,reserve,xlsr_sls_model_v4_kk_spoof:Train/talkshow/01_35_335,v4:kk:Train/talkshow/01_35_335,kk-piper-issai-high-v1,piper_neural_tts,piper_kk_issai_high,ISSAI_KazakhTTS2_F3,2,,succeeded,ISSAI_KazakhTTS2_F3,2,,408347065,1,[],raw/v4/xlsr_sls_model_v4_kk_spoof_raw_v1/kk-piper-issai-high-v1/84/841dccc8c6b9e7c05a89666b56dda842a54e4b31527fdbc2263812b5b2601d47.wav,e028a95a7c4e452cde55bbe26ec490c1a2b2f179748d5d0665a5a01c712ec506,5.23609977324263,22050,local_cpu_piper,
6208,reserve,xlsr_sls_model_v4_kk_spoof:Train/radio/01_53_486,v4:kk:Train/radio/01_53_486,kk-piper-issai-high-v1,piper_neural_tts,piper_kk_issai_high,ISSAI_KazakhTTS_F1_Raya,3,,succeeded,ISSAI_KazakhTTS_F1_Raya,3,,2033490584,1,[],raw/v4/xlsr_sls_model_v4_kk_spoof_raw_v1/kk-piper-issai-high-v1/5e/5e8bb8af952bae88c5a5e83aa608102f90f3f63ddc33467f8b072fe2880c6477.wav,57ee04966f20be915ab1fe76fe8a66563daf34b871c8f60599c86eecf33d96f1,4.46984126984127,22050,local_cpu_piper,
6212,reserve,xlsr_sls_model_v4_kk_spoof:Train/parliament/mazhilis_15_1_384,v4:kk:Train/parliament/mazhilis_15_1_384,kk-piper-issai-high-v1,piper_neural_tts,piper_kk_issai_high,ISSAI_KazakhTTS2_F1,4,,succeeded,ISSAI_KazakhTTS2_F1,4,,2132732373,1,[],raw/v4/xlsr_sls_model_v4_kk_spoof_raw_v1/kk-piper-issai-high-v1/87/87a96ac9e4146bcdd3cbb8b8a84d67c38470476467e04598fb06bc60b0be542b.wav,5085ef10072af503f202e98f4740add7110d8b9de63b2de8110f67154c6ef50d,11.946666666666667,22050,local_cpu_piper,
6216,reserve,xlsr_sls_model_v4_kk_spoof:Train/talkshow/01_34_303,v4:kk:Train/talkshow/01_34_303,kk-piper-issai-high-v1,piper_neural_tts,piper_kk_issai_high,ISSAI_KazakhTTS2_F2,5,,succeeded,ISSAI_KazakhTTS2_F2,5,,1382553301,1,[],raw/v4/xlsr_sls_model_v4_kk_spoof_raw_v1/kk-piper-issai-high-v1/dc/dcb039bff5750d9b8f51780a9e4f6548c1884feb19cec991944fc4c332c33c86.wav,c4876c308d4b556591a9d1292d98c237fb39354e5d39db7e4bb8e4a40072eca6,5.642448979591837,22050,local_cpu_piper,
6220,reserve,xlsr_sls_model_v4_kk_spoof:Train/podcasts/03_75_86,v4:kk:Train/podcasts/03_75_86,kk-piper-issai-high-v1,piper_neural_tts,piper_kk_issai_high,ISSAI_KazakhTTS2_M2,,,succeeded,ISSAI_KazakhTTS2_M2,,,1649438892,1,[],raw/v4/xlsr_sls_model_v4_kk_spoof_raw_v1/kk-piper-issai-high-v1/b2/b284eb51340156724894f2cd14c60f5dd1301ff8954959e483966e0a7d979663.wav,f476ad7c071c2b7c5fea6f62fcb412bc01597617cf54f5246d5d1b2c1ac7f938,1.6602267573696146,22050,local_cpu_piper,
6224,reserve,xlsr_sls_model_v4_kk_spoof:Train/tv_news/5fa2e86fafcd0,v4:kk:Train/tv_news/5fa2e86fafcd0,kk-piper-issai-high-v1,piper_neural_tts,piper_kk_issai_high,ISSAI_KazakhTTS_M1_Iseke,1,,succeeded,ISSAI_KazakhTTS_M1_Iseke,1,,547206513,1,[],raw/v4/xlsr_sls_model_v4_kk_spoof_raw_v1/kk-piper-issai-high-v1/95/954bb7623af14b7eae0de8b762e5e7124050946cbb339b9fbb45369fb6b448ef.wav,177df57afc3f61364070e9d6b34fb8ff1c8e900a5a2471017a662615a2ff3693,9.798820861678005,22050,local_cpu_piper,
6228,reserve,xlsr_sls_model_v4_kk_spoof:Train/podcasts/05_10_133,v4:kk:Train/podcasts/05_10_133,kk-piper-issai-high-v1,piper_neural_tts,piper_kk_issai_high,ISSAI_KazakhTTS2_F3,2,,succeeded,ISSAI_KazakhTTS2_F3,2,,797749453,1,[],raw/v4/xlsr_sls_model_v4_kk_spoof_raw_v1/kk-piper-issai-high-v1/ee/ee6898c97a0214d101705363cbc0d59a13141dd40f59c66b9c80253378f01a54.wav,abe5c7a75ba467dbe31cd2e6b5a7984bbac29257a384e7091fdf834dc840cf7c,10.147120181405896,22050,local_cpu_piper,
6232,reserve,xlsr_sls_model_v4_kk_spoof:Train/tv_news/5f71d1b35a921,v4:kk:Train/tv_news/5f71d1b35a921,kk-piper-issai-high-v1,piper_neural_tts,piper_kk_issai_high,ISSAI_KazakhTTS_F1_Raya,3,,succeeded,ISSAI_KazakhTTS_F1_Raya,3,,1566353000,1,[],raw/v4/xlsr_sls_model_v4_kk_spoof_raw_v1/kk-piper-issai-high-v1/1e/1ea4e25b452b9986947ef70fd54c7b938c799ada062d7b06ab5860cfe949fcd8.wav,ee528bfc1aa88149c6590b579e58e50d88471f05072e27258f78801a452db7d3,2.6122448979591835,22050,local_cpu_piper,
6236,reserve,xlsr_sls_model_v4_kk_spoof:Train/talkshow/01_59_468,v4:kk:Train/talkshow/01_59_468,kk-piper-issai-high-v1,piper_neural_tts,piper_kk_issai_high,ISSAI_KazakhTTS2_F1,4,,succeeded,ISSAI_KazakhTTS2_F1,4,,1355333567,1,[],raw/v4/xlsr_sls_model_v4_kk_spoof_raw_v1/kk-piper-issai-high-v1/59/59762103ad4f4c693a8d4ab9a5c3eb79ce43f23751d87a531b8f33c596a43ea1.wav,e64b540f42d3125eabe07c7ad89868bbb03fd76641abe245ff309baa3a26d11e,1.230657596371882,22050,local_cpu_piper,
6240,reserve,xlsr_sls_model_v4_kk_spoof:Train/parliament/senate_12_220,v4:kk:Train/parliament/senate_12_220,kk-piper-issai-high-v1,piper_neural_tts,piper_kk_issai_high,ISSAI_KazakhTTS2_F2,5,,succeeded,ISSAI_KazakhTTS2_F2,5,,1319287470,1,[],raw/v4/xlsr_sls_model_v4_kk_spoof_raw_v1/kk-piper-issai-high-v1/ac/ac3a9e400414e587e30b5b494a007f53d9609b15bd53eae0ed73cb8b6253951f.wav,b82dffcb40a49324c7aa62f7dea3907f3b0e28ede98f8dd8ebe99c89eeebdddc,6.559637188208617,22050,local_cpu_piper,
6244,reserve,xlsr_sls_model_v4_kk_spoof:Train/radio/01_48_157,v4:kk:Train/radio/01_48_157,kk-piper-issai-high-v1,piper_neural_tts,piper_kk_issai_high,ISSAI_KazakhTTS2_M2,,,succeeded,ISSAI_KazakhTTS2_M2,,,884022797,1,[],raw/v4/xlsr_sls_model_v4_kk_spoof_raw_v1/kk-piper-issai-high-v1/cf/cff7c7e9d9558935c8b08cf524808776b3dd363ff147f5c52176d34ad5b7558d.wav,a2229cdf78987957e538ec8699593e739320b1a6d301f189789c17937cc61b98,1.3235374149659864,22050,local_cpu_piper,
6248,reserve,xlsr_sls_model_v4_kk_spoof:Train/podcasts/06_06_431,v4:kk:Train/podcasts/06_06_431,kk-piper-issai-high-v1,piper_neural_tts,piper_kk_issai_high,ISSAI_KazakhTTS_M1_Iseke,1,,succeeded,ISSAI_KazakhTTS_M1_Iseke,1,,623044047,1,[],raw/v4/xlsr_sls_model_v4_kk_spoof_raw_v1/kk-piper-issai-high-v1/ce/ce78208949e74bea12798ec604011a4559daf16a3ed855e3f5dca598bdde1dd0.wav,02e36a0842968732a1e69e8eb23630f020f438dff2fd2aed359da89eb6b35883,6.861496598639456,22050,local_cpu_piper,
6252,reserve,xlsr_sls_model_v4_kk_spoof:Train/tv_news/5f7105ec89e7b,v4:kk:Train/tv_news/5f7105ec89e7b,kk-piper-issai-high-v1,piper_neural_tts,piper_kk_issai_high,ISSAI_KazakhTTS2_F3,2,,succeeded,ISSAI_KazakhTTS2_F3,2,,1015689643,1,[],raw/v4/xlsr_sls_model_v4_kk_spoof_raw_v1/kk-piper-issai-high-v1/5b/5b8018f8ae954c53615673b6f4f9622adf6d3c083b03bbbaccc98503a1a0c319.wav,ffee4662909bf698a9c4083ebda2f3b5832be60f14f28e986a05707f92ce34bd,2.7399546485260773,22050,local_cpu_piper,
6256,reserve,xlsr_sls_model_v4_kk_spoof:Train/parliament/mazhilis_15_1_299,v4:kk:Train/parliament/mazhilis_15_1_299,kk-piper-issai-high-v1,piper_neural_tts,piper_kk_issai_high,ISSAI_KazakhTTS_F1_Raya,3,,succeeded,ISSAI_KazakhTTS_F1_Raya,3,,1351974221,1,[],raw/v4/xlsr_sls_model_v4_kk_spoof_raw_v1/kk-piper-issai-high-v1/41/418d3149abc139e8f1b248c27730c05b382942177c79f6d031f2420184cbe637.wav,480d154922686b040fae9e663db270621a1aa850959c4c89af8060f4b381be7d,11.633197278911565,22050,local_cpu_piper,
6260,reserve,xlsr_sls_model_v4_kk_spoof:Train/parliament/mazhilis_11_163,v4:kk:Train/parliament/mazhilis_11_163,kk-piper-issai-high-v1,piper_neural_tts,piper_kk_issai_high,ISSAI_KazakhTTS2_F1,4,,succeeded,ISSAI_KazakhTTS2_F1,4,,1047478905,1,[],raw/v4/xlsr_sls_model_v4_kk_spoof_raw_v1/kk-piper-issai-high-v1/fb/fb798c96a4cd2b947287ab0e80d1484915df223ac58f78f684a1894803129f82.wav,35d9daa080a33f29f6856a22d8d8fb68ba20cf3a8d842f4e85617b5009533505,3.633922902494331,22050,local_cpu_piper,
6264,reserve,xlsr_sls_model_v4_kk_spoof:Train/tv_news/6005596f1b413,v4:kk:Train/tv_news/6005596f1b413,kk-piper-issai-high-v1,piper_neural_tts,piper_kk_issai_high,ISSAI_KazakhTTS2_F2,5,,succeeded,ISSAI_KazakhTTS2_F2,5,,98604178,1,[],raw/v4/xlsr_sls_model_v4_kk_spoof_raw_v1/kk-piper-issai-high-v1/3f/3ff80e4ef3abfd352def40f89978828b2a6a31e45526471d9be04566a82ae84f.wav,8b0dd1defc36dbe8d60eabe1014d01dc50c920e29ecd7c89b2cdb0eec0368e25,2.2987755102040817,22050,local_cpu_piper,
6268,reserve,xlsr_sls_model_v4_kk_spoof:Train/parliament/senate_20_0118,v4:kk:Train/parliament/senate_20_0118,kk-piper-issai-high-v1,piper_neural_tts,piper_kk_issai_high,ISSAI_KazakhTTS2_M2,,,succeeded,ISSAI_KazakhTTS2_M2,,,915857377,1,[],raw/v4/xlsr_sls_model_v4_kk_spoof_raw_v1/kk-piper-issai-high-v1/a3/a3e7958c023adff85175550427304bbe13802070bc6041df1ee1d1b68115ccfe.wav,7aff69ff41fb7dac331854acfc5d7ebf45de4a859a28ac59bc6bc2ba151174d3,3.0650340136054424,22050,local_cpu_piper,
6272,reserve,xlsr_sls_model_v4_kk_spoof:Train/parliament/mazhilis_20_728,v4:kk:Train/parliament/mazhilis_20_728,kk-piper-issai-high-v1,piper_neural_tts,piper_kk_issai_high,ISSAI_KazakhTTS_M1_Iseke,1,,succeeded,ISSAI_KazakhTTS_M1_Iseke,1,,1566682090,1,[],raw/v4/xlsr_sls_model_v4_kk_spoof_raw_v1/kk-piper-issai-high-v1/a6/a616c974f4889d040749c7b5d45aa09ebcf63a6f7df9e76437925e0586db84cd.wav,8814b5b59b9b82d362d6fce752c6bfc3cbb464b4dc4803ed5aec8514d076884c,5.154829931972789,22050,local_cpu_piper,
6276,reserve,xlsr_sls_model_v4_kk_spoof:Train/radio/01_07_178,v4:kk:Train/radio/01_07_178,kk-piper-issai-high-v1,piper_neural_tts,piper_kk_issai_high,ISSAI_KazakhTTS2_F3,2,,succeeded,ISSAI_KazakhTTS2_F3,2,,1602420263,1,[],raw/v4/xlsr_sls_model_v4_kk_spoof_raw_v1/kk-piper-issai-high-v1/94/94fbc94f17c14252a6b80af046cc592ee3cd003bc82af881e092f3f2f95367b5.wav,b9241db23a61ad362531d90fc26d516efec1ffc39ed305ec418ae910d4aee1a2,3.1927437641723357,22050,local_cpu_piper,
6280,reserve,xlsr_sls_model_v4_kk_spoof:Train/talkshow/01_68_091,v4:kk:Train/talkshow/01_68_091,kk-piper-issai-high-v1,piper_neural_tts,piper_kk_issai_high,ISSAI_KazakhTTS_F1_Raya,3,,succeeded,ISSAI_KazakhTTS_F1_Raya,3,,500654885,1,[],raw/v4/xlsr_sls_model_v4_kk_spoof_raw_v1/kk-piper-issai-high-v1/ed/edad8d593a17592d72de812d057d585d0d156dd2ec6f72418ac60231ed266f6c.wav,29d82ad4aeb8068f40256484a9d674ad1014ba936090acadc6a2e739548d159f,6.815056689342404,22050,local_cpu_piper,
6284,reserve,xlsr_sls_model_v4_kk_spoof:Train/parliament/mazhilis_03_646,v4:kk:Train/parliament/mazhilis_03_646,kk-piper-issai-high-v1,piper_neural_tts,piper_kk_issai_high,ISSAI_KazakhTTS2_F1,4,,succeeded,ISSAI_KazakhTTS2_F1,4,,1709038956,1,[],raw/v4/xlsr_sls_model_v4_kk_spoof_raw_v1/kk-piper-issai-high-v1/f0/f0d3b89271e48db39cdb72d3d33ac0ec23e7896c41589e5015742d21c0e4ef97.wav,8e661e40bd742709874e1456d7fdd4daf26191343eb144a521de8165a0c223ee,15.32517006802721,22050,local_cpu_piper,
6288,reserve,xlsr_sls_model_v4_kk_spoof:Train/talkshow/01_65_031,v4:kk:Train/talkshow/01_65_031,kk-piper-issai-high-v1,piper_neural_tts,piper_kk_issai_high,ISSAI_KazakhTTS2_F2,5,,succeeded,ISSAI_KazakhTTS2_F2,5,,60176907,1,[],raw/v4/xlsr_sls_model_v4_kk_spoof_raw_v1/kk-piper-issai-high-v1/ef/ef2c7acd41bf0c1592c23cdffdf99e710d7e34cf454b56d43bf0167e374f99c7.wav,37b43731e172c06a59108a17aadb15ed162cbea6ec195d73afaf71aeba0788c6,3.274013605442177,22050,local_cpu_piper,
6292,reserve,xlsr_sls_model_v4_kk_spoof:Train/tv_news/5f71cf2755624,v4:kk:Train/tv_news/5f71cf2755624,kk-piper-issai-high-v1,piper_neural_tts,piper_kk_issai_high,ISSAI_KazakhTTS2_M2,,,succeeded,ISSAI_KazakhTTS2_M2,,,1670343004,1,[],raw/v4/xlsr_sls_model_v4_kk_spoof_raw_v1/kk-piper-issai-high-v1/8a/8a11da2715c2aa685d6d121e0fc2d3cdc9ffdfdfa3dd72aab60b0e05b84d6194.wav,d130197c321e354266c811416b4181b62d4f9eda293f4d3a852d666cdd96e87d,7.291065759637188,22050,local_cpu_piper,
6296,reserve,xlsr_sls_model_v4_kk_spoof:Train/talkshow/01_18_229,v4:kk:Train/talkshow/01_18_229,kk-piper-issai-high-v1,piper_neural_tts,piper_kk_issai_high,ISSAI_KazakhTTS_M1_Iseke,1,,succeeded,ISSAI_KazakhTTS_M1_Iseke,1,,1542919686,1,[],raw/v4/xlsr_sls_model_v4_kk_spoof_raw_v1/kk-piper-issai-high-v1/a3/a33668b6cd0f8971110270a81e2c5ff54f493dee7b39bf3ac190eacdbcd104f0.wav,99bbf5c8632b61b4067fd03c00fbd9002df1e43a1da50d2f4f1c1e0bd4b487c0,9.85687074829932,22050,local_cpu_piper,
6300,reserve,xlsr_sls_model_v4_kk_spoof:Train/radio/01_86_378,v4:kk:Train/radio/01_86_378,kk-piper-issai-high-v1,piper_neural_tts,piper_kk_issai_high,ISSAI_KazakhTTS2_F3,2,,succeeded,ISSAI_KazakhTTS2_F3,2,,480052768,1,[],raw/v4/xlsr_sls_model_v4_kk_spoof_raw_v1/kk-piper-issai-high-v1/74/74f812ef310f420a45f1962536191378be1c3f31d2832745daf9a45875210d81.wav,9a6b08634c393ec305240657276fde3bd94c5c446fcb93c4484026cb2b90a9d0,5.073560090702948,22050,local_cpu_piper,
6304,reserve,xlsr_sls_model_v4_kk_spoof:Train/podcasts/04_04_169,v4:kk:Train/podcasts/04_04_169,kk-piper-issai-high-v1,piper_neural_tts,piper_kk_issai_high,ISSAI_KazakhTTS_F1_Raya,3,,succeeded,ISSAI_KazakhTTS_F1_Raya,3,,4203490,1,[],raw/v4/xlsr_sls_model_v4_kk_spoof_raw_v1/kk-piper-issai-high-v1/7b/7bd81e843cac44ccc7cb0b01cdab1a9e135022a53082cdf7dd49abe6c9ff3be7.wav,cfa21578fe789e8e5caaa86518a631f4a595d0c8410b719ec60fe8096cc8c612,1.195827664399093,22050,local_cpu_piper,
6308,reserve,xlsr_sls_model_v4_kk_spoof:Train/tv_news/5f834efad0770,v4:kk:Train/tv_news/5f834efad0770,kk-piper-issai-high-v1,piper_neural_tts,piper_kk_issai_high,ISSAI_KazakhTTS2_F1,4,,succeeded,ISSAI_KazakhTTS2_F1,4,,1693249702,1,[],raw/v4/xlsr_sls_model_v4_kk_spoof_raw_v1/kk-piper-issai-high-v1/3a/3a8b955facee6509119c5e83ca92d050fa2a634620b06ead3119ddaea71ea465.wav,1bd9e434f1ed756a90ca6a7806b37ad387f17abee70d4c0e1621b3cb573ada8c,6.455147392290249,22050,local_cpu_piper,
6312,reserve,xlsr_sls_model_v4_kk_spoof:Train/tv_news/5f71cf2c6b428,v4:kk:Train/tv_news/5f71cf2c6b428,kk-piper-issai-high-v1,piper_neural_tts,piper_kk_issai_high,ISSAI_KazakhTTS2_F2,5,,succeeded,ISSAI_KazakhTTS2_F2,5,,595239146,1,[],raw/v4/xlsr_sls_model_v4_kk_spoof_raw_v1/kk-piper-issai-high-v1/d4/d4273252b7b73a077a63f348ea235ac72de16a417e2742156fbd83ec7318e1fd.wav,2997d256792e82569346f93745cbe49f6b0e2ea81c1863dce179ed9623c05361,3.4133333333333336,22050,local_cpu_piper,
6316,reserve,xlsr_sls_model_v4_kk_spoof:Train/talkshow/01_54_069,v4:kk:Train/talkshow/01_54_069,kk-piper-issai-high-v1,piper_neural_tts,piper_kk_issai_high,ISSAI_KazakhTTS2_M2,,,succeeded,ISSAI_KazakhTTS2_M2,,,1069621327,1,[],raw/v4/xlsr_sls_model_v4_kk_spoof_raw_v1/kk-piper-issai-high-v1/22/229cf2e6389bb8f6cc8247625a89145356fb8cfa5631dca35534fa48bd326a0a.wav,1e8f5c740a31f36caeca670f4c6ab1020113ff225ac3064cbf44e5c88d2354f1,1.497687074829932,22050,local_cpu_piper,
6320,reserve,xlsr_sls_model_v4_kk_spoof:Train/parliament/senate_05_648,v4:kk:Train/parliament/senate_05_648,kk-piper-issai-high-v1,piper_neural_tts,piper_kk_issai_high,ISSAI_KazakhTTS_M1_Iseke,1,,succeeded,ISSAI_KazakhTTS_M1_Iseke,1,,503424265,1,[],raw/v4/xlsr_sls_model_v4_kk_spoof_raw_v1/kk-piper-issai-high-v1/43/43592ecc7e5efc1b778e7d88b4ca85018fc2bd3d73c24b4b34bcad87590dabe5.wav,85994997ce462ddbb510a66a155b6515845858a320b6c07cf78fdc98d62b74e2,13.781043083900228,22050,local_cpu_piper,
6324,reserve,xlsr_sls_model_v4_kk_spoof:Train/radio/01_22_394,v4:kk:Train/radio/01_22_394,kk-piper-issai-high-v1,piper_neural_tts,piper_kk_issai_high,ISSAI_KazakhTTS2_F3,2,,succeeded,ISSAI_KazakhTTS2_F3,2,,2090438108,1,[],raw/v4/xlsr_sls_model_v4_kk_spoof_raw_v1/kk-piper-issai-high-v1/a0/a0288056ff7250f5c36f25455be8b6a9cb3ad522543bfc83adb7bff49bdb88b0.wav,06d32875cc37f6615bf0c5c8ea1dd464a5867c29112648918b5c0be585f16209,3.030204081632653,22050,local_cpu_piper,
6328,reserve,xlsr_sls_model_v4_kk_spoof:Train/tv_news/6006d2a35c357,v4:kk:Train/tv_news/6006d2a35c357,kk-piper-issai-high-v1,piper_neural_tts,piper_kk_issai_high,ISSAI_KazakhTTS_F1_Raya,3,,succeeded,ISSAI_KazakhTTS_F1_Raya,3,,61901088,1,[],raw/v4/xlsr_sls_model_v4_kk_spoof_raw_v1/kk-piper-issai-high-v1/8d/8d60afe986ed2e90d2c32b28b9c97419bdc48e01bd3986047e707703d92e8703.wav,580a8402986d5a1d8dc24ac8ba82284efe2a952508aca3c05ac10710bbb16531,6.222947845804988,22050,local_cpu_piper,
6332,reserve,xlsr_sls_model_v4_kk_spoof:Train/podcasts/03_80_038,v4:kk:Train/podcasts/03_80_038,kk-piper-issai-high-v1,piper_neural_tts,piper_kk_issai_high,ISSAI_KazakhTTS2_F1,4,,succeeded,ISSAI_KazakhTTS2_F1,4,,1698681208,1,[],raw/v4/xlsr_sls_model_v4_kk_spoof_raw_v1/kk-piper-issai-high-v1/35/3510b4899cdaec3edda421261beeec1751a538015624972a7dbbb1798bfc84b4.wav,9f14b950beb32767a5ca7b1dec3b8a20d674ad0e0badab2440954071b2275527,8.231473922902495,22050,local_cpu_piper,
6336,reserve,xlsr_sls_model_v4_kk_spoof:Train/talkshow/01_10_246,v4:kk:Train/talkshow/01_10_246,kk-piper-issai-high-v1,piper_neural_tts,piper_kk_issai_high,ISSAI_KazakhTTS2_F2,5,,succeeded,ISSAI_KazakhTTS2_F2,5,,373667290,1,[],raw/v4/xlsr_sls_model_v4_kk_spoof_raw_v1/kk-piper-issai-high-v1/e8/e88ceb6f46e68992d387b0500f3116bee53449205f72e685d15591e1509134b1.wav,b78152559a03289b51b92bb32a2ee09771e4e67cc5dd470e7292807330af4af9,9.822040816326531,22050,local_cpu_piper,
6340,reserve,xlsr_sls_model_v4_kk_spoof:Train/talkshow/01_59_382,v4:kk:Train/talkshow/01_59_382,kk-piper-issai-high-v1,piper_neural_tts,piper_kk_issai_high,ISSAI_KazakhTTS2_M2,,,succeeded,ISSAI_KazakhTTS2_M2,,,538912418,1,[],raw/v4/xlsr_sls_model_v4_kk_spoof_raw_v1/kk-piper-issai-high-v1/75/75fc7da9536779d2358329035945c88565db8662172d99c8bd3d39e1c368fccf.wav,5e943a8c6565fea0d41ecf6968e6d01dbfec1d58b03a426fa8544e70c8a0b2de,4.96907029478458,22050,local_cpu_piper,
6344,reserve,xlsr_sls_model_v4_kk_spoof:Train/tv_news/5f710728185db,v4:kk:Train/tv_news/5f710728185db,kk-piper-issai-high-v1,piper_neural_tts,piper_kk_issai_high,ISSAI_KazakhTTS_M1_Iseke,1,,succeeded,ISSAI_KazakhTTS_M1_Iseke,1,,1661745665,1,[],raw/v4/xlsr_sls_model_v4_kk_spoof_raw_v1/kk-piper-issai-high-v1/90/90eef23740b9c640dc282a83498f4343741ed8b9accb1152ea3000aaf91fdeef.wav,e44afe5e021dc8f5be8b22785262871d6ea6e956e8a169749a4d87cff6a5d6d2,6.280997732426304,22050,local_cpu_piper,
6348,reserve,xlsr_sls_model_v4_kk_spoof:Train/radio/01_82_264,v4:kk:Train/radio/01_82_264,kk-piper-issai-high-v1,piper_neural_tts,piper_kk_issai_high,ISSAI_KazakhTTS2_F3,2,,succeeded,ISSAI_KazakhTTS2_F3,2,,1394252391,1,[],raw/v4/xlsr_sls_model_v4_kk_spoof_raw_v1/kk-piper-issai-high-v1/44/44500e7417a4fd6a2aa413ca694c1cd619715eafa84a575ca0bd7cea55dde2f2.wav,0fca0254d95ae2368ade6097294a159a7312b85751b0bcc584ae7da4d35cc868,4.725260770975057,22050,local_cpu_piper,
6352,reserve,xlsr_sls_model_v4_kk_spoof:Train/radio/01_65_237,v4:kk:Train/radio/01_65_237,kk-piper-issai-high-v1,piper_neural_tts,piper_kk_issai_high,ISSAI_KazakhTTS_F1_Raya,3,,succeeded,ISSAI_KazakhTTS_F1_Raya,3,,906872345,1,[],raw/v4/xlsr_sls_model_v4_kk_spoof_raw_v1/kk-piper-issai-high-v1/ab/abcf34143b5717687583322511a58bc79e95ccf2b2708fc99f737f6aa8ab9134.wav,8d505ba3fa791248a9a0bc141d7425f8678887f1db778af467b6eb5dff9cf44c,6.873106575963718,22050,local_cpu_piper,
6356,reserve,xlsr_sls_model_v4_kk_spoof:Train/radio/01_91_272,v4:kk:Train/radio/01_91_272,kk-piper-issai-high-v1,piper_neural_tts,piper_kk_issai_high,ISSAI_KazakhTTS2_F1,4,,succeeded,ISSAI_KazakhTTS2_F1,4,,1551828312,1,[],raw/v4/xlsr_sls_model_v4_kk_spoof_raw_v1/kk-piper-issai-high-v1/05/05cc455ee7707671522c4bb2c87f60515901ab208b902645bc6503a06a5716a9.wav,5141ceed2985f6440a4b509fcb9513e06f66d724b4611d08db02e6ea7b3d1d76,7.1401360544217685,22050,local_cpu_piper,
6360,reserve,xlsr_sls_model_v4_kk_spoof:Train/tv_news/5f71d1abd437e,v4:kk:Train/tv_news/5f71d1abd437e,kk-piper-issai-high-v1,piper_neural_tts,piper_kk_issai_high,ISSAI_KazakhTTS2_F2,5,,succeeded,ISSAI_KazakhTTS2_F2,5,,81768657,1,[],raw/v4/xlsr_sls_model_v4_kk_spoof_raw_v1/kk-piper-issai-high-v1/8f/8fdf20d4c10069f69908e9c94e7db23378e0297357eeb54734d1c6b0ae0996db.wav,2ec0729e7504726db842051441670492315c2f802c9accb8ede5adb37f6eee62,5.154829931972789,22050,local_cpu_piper,
6364,reserve,xlsr_sls_model_v4_kk_spoof:Train/talkshow/01_08_331,v4:kk:Train/talkshow/01_08_331,kk-piper-issai-high-v1,piper_neural_tts,piper_kk_issai_high,ISSAI_KazakhTTS2_M2,,,succeeded,ISSAI_KazakhTTS2_M2,,,1050387222,1,[],raw/v4/xlsr_sls_model_v4_kk_spoof_raw_v1/kk-piper-issai-high-v1/ee/ee72a1834ec79bd99e41f643950d73ae18a63ba8900123ea4336051bd1b5be43.wav,f4a2155cf5b0b1a9ae177c833a2d2f0a8867126dcc298349fba8ab75140cff05,5.363809523809524,22050,local_cpu_piper,
6368,reserve,xlsr_sls_model_v4_kk_spoof:Train/radio/01_30_176,v4:kk:Train/radio/01_30_176,kk-piper-issai-high-v1,piper_neural_tts,piper_kk_issai_high,ISSAI_KazakhTTS_M1_Iseke,1,,succeeded,ISSAI_KazakhTTS_M1_Iseke,1,,822801357,1,[],raw/v4/xlsr_sls_model_v4_kk_spoof_raw_v1/kk-piper-issai-high-v1/dc/dc6764d5173d0af4f7292a40ea553d4d19463f8bafa791de3ad5f5598c1093e8.wav,c24142557e41bccbf45573d837b08c6d77fb02a6a7a8b29dfafb0f5e63102871,6.408707482993197,22050,local_cpu_piper,
6372,reserve,xlsr_sls_model_v4_kk_spoof:Train/tv_news/5fa2e7318dfc2,v4:kk:Train/tv_news/5fa2e7318dfc2,kk-piper-issai-high-v1,piper_neural_tts,piper_kk_issai_high,ISSAI_KazakhTTS2_F3,2,,succeeded,ISSAI_KazakhTTS2_F3,2,,420297062,1,[],raw/v4/xlsr_sls_model_v4_kk_spoof_raw_v1/kk-piper-issai-high-v1/0d/0dc2f50ffc0cd61ee1607b413dbd91ab5e9afe8f127a0c84fb2b16771e6a8657.wav,e246e9193f69733f0b2f96e68f0660178dc37f0c273a1037a75cd799fa0a57d0,7.024036281179138,22050,local_cpu_piper,
6376,reserve,xlsr_sls_model_v4_kk_spoof:Train/podcasts/06_04_165,v4:kk:Train/podcasts/06_04_165,kk-piper-issai-high-v1,piper_neural_tts,piper_kk_issai_high,ISSAI_KazakhTTS_F1_Raya,3,,succeeded,ISSAI_KazakhTTS_F1_Raya,3,,1872087960,1,[],raw/v4/xlsr_sls_model_v4_kk_spoof_raw_v1/kk-piper-issai-high-v1/46/463162bd820fb449284061acf66fb860f9f2a659bd54ff31f2630aca62c73b56.wav,f0b0c63f9045e950096c477b9033acc8394bf293261815529e6b80d056e78fba,3.680362811791383,22050,local_cpu_piper,
6380,reserve,xlsr_sls_model_v4_kk_spoof:Train/tv_news/5fe2a6d7c239b,v4:kk:Train/tv_news/5fe2a6d7c239b,kk-piper-issai-high-v1,piper_neural_tts,piper_kk_issai_high,ISSAI_KazakhTTS2_F1,4,,succeeded,ISSAI_KazakhTTS2_F1,4,,1050351292,1,[],raw/v4/xlsr_sls_model_v4_kk_spoof_raw_v1/kk-piper-issai-high-v1/89/899b2198540adb614be3477b1f539c0bb066636aede3657157ee656c949cf2d7.wav,504e901a77b67549ed67f4adeda9d59756942e543c185491eaec8fa1a1ae3817,7.233015873015873,22050,local_cpu_piper,
6384,reserve,xlsr_sls_model_v4_kk_spoof:Train/tv_news/5f834db2c41fa,v4:kk:Train/tv_news/5f834db2c41fa,kk-piper-issai-high-v1,piper_neural_tts,piper_kk_issai_high,ISSAI_KazakhTTS2_F2,5,,succeeded,ISSAI_KazakhTTS2_F2,5,,1997427302,1,[],raw/v4/xlsr_sls_model_v4_kk_spoof_raw_v1/kk-piper-issai-high-v1/30/3086fb1611d4bac23a4ac90ed068cf6298c27c5ea2e7db8e6cd1560c44ac8c06.wav,c7b8336fabf851df124ed15dc41e6d75cdde57c36fab1dc0999b1637d4bd0f60,1.6137868480725623,22050,local_cpu_piper,
6388,reserve,xlsr_sls_model_v4_kk_spoof:Train/radio/01_71_255,v4:kk:Train/radio/01_71_255,kk-piper-issai-high-v1,piper_neural_tts,piper_kk_issai_high,ISSAI_KazakhTTS2_M2,,,succeeded,ISSAI_KazakhTTS2_M2,,,1992955358,1,[],raw/v4/xlsr_sls_model_v4_kk_spoof_raw_v1/kk-piper-issai-high-v1/ae/ae9d32b60bae5c14accf061968237334c07b37c5ecdb8ce35d66ca0b20d31235.wav,1690ae451281db8ed705ae4d5e999efc11e125c8447fca240fa740c7e07baf20,3.3436734693877552,22050,local_cpu_piper,
6392,reserve,xlsr_sls_model_v4_kk_spoof:Train/podcasts/03_18_32,v4:kk:Train/podcasts/03_18_32,kk-piper-issai-high-v1,piper_neural_tts,piper_kk_issai_high,ISSAI_KazakhTTS_M1_Iseke,1,,succeeded,ISSAI_KazakhTTS_M1_Iseke,1,,1186491939,1,[],raw/v4/xlsr_sls_model_v4_kk_spoof_raw_v1/kk-piper-issai-high-v1/5a/5ae1b76bc9c0b3da330b79b5cb82998f8e79f71f2de302ac77eba360bf229f77.wav,39c00123f6e85eb29eb79a62817072d8f46a3bfa9b8dec94fc4a4fbb15acd0e5,1.3583673469387756,22050,local_cpu_piper,
6396,reserve,xlsr_sls_model_v4_kk_spoof:Train/radio/01_14_090,v4:kk:Train/radio/01_14_090,kk-piper-issai-high-v1,piper_neural_tts,piper_kk_issai_high,ISSAI_KazakhTTS2_F3,2,,succeeded,ISSAI_KazakhTTS2_F3,2,,758584363,1,[],raw/v4/xlsr_sls_model_v4_kk_spoof_raw_v1/kk-piper-issai-high-v1/ec/ec5e29656bc7b5c8b585cb85b9df91f3d5786caa1e29ec4741db44b6075ce660.wav,191eb0fecafabddc80acdd8dfcd10e4530731b2d2d7129fa51c315300a6415ba,4.818140589569161,22050,local_cpu_piper,
6400,reserve,xlsr_sls_model_v4_kk_spoof:Train/talkshow/01_17_371,v4:kk:Train/talkshow/01_17_371,kk-piper-issai-high-v1,piper_neural_tts,piper_kk_issai_high,ISSAI_KazakhTTS_F1_Raya,3,,succeeded,ISSAI_KazakhTTS_F1_Raya,3,,1148663659,1,[],raw/v4/xlsr_sls_model_v4_kk_spoof_raw_v1/kk-piper-issai-high-v1/c1/c1c1a136c0554ec37620de86cfa4db6aee769e0bd7f4081179016b4ea1b6c499.wav,ec55c42dbe4addf08abebfa83fcad540ae1ff221eea4388d731caab25a19aa0e,8.13859410430839,22050,local_cpu_piper,
6404,reserve,xlsr_sls_model_v4_kk_spoof:Train/tv_news/5fe2a70de4219,v4:kk:Train/tv_news/5fe2a70de4219,kk-piper-issai-high-v1,piper_neural_tts,piper_kk_issai_high,ISSAI_KazakhTTS2_F1,4,,succeeded,ISSAI_KazakhTTS2_F1,4,,455112988,1,[],raw/v4/xlsr_sls_model_v4_kk_spoof_raw_v1/kk-piper-issai-high-v1/95/95a28c2f4d161acb9d7533866c08df40670a3cddbf802f4311b0c1c03374c6bb.wav,18be7e58403c4c7c61f7695e6323c51e124883ffc2e514b463682b61aff3a170,3.8080725623582765,22050,local_cpu_piper,
6408,reserve,xlsr_sls_model_v4_kk_spoof:Train/podcasts/04_02_408,v4:kk:Train/podcasts/04_02_408,kk-piper-issai-high-v1,piper_neural_tts,piper_kk_issai_high,ISSAI_KazakhTTS2_F2,5,,succeeded,ISSAI_KazakhTTS2_F2,5,,1801646622,1,[],raw/v4/xlsr_sls_model_v4_kk_spoof_raw_v1/kk-piper-issai-high-v1/72/72c3481fc2a67826df704aca5d28ce9aedacb111e3471358d47b4c05f0a390be.wav,3500a4dfec2e6e1bf802c30eea8f8ee0d356a930af12fc56e312bb2beddd945f,5.584399092970521,22050,local_cpu_piper,
6412,reserve,xlsr_sls_model_v4_kk_spoof:Train/podcasts/01_09_110,v4:kk:Train/podcasts/01_09_110,kk-piper-issai-high-v1,piper_neural_tts,piper_kk_issai_high,ISSAI_KazakhTTS2_M2,,,succeeded,ISSAI_KazakhTTS2_M2,,,2098480710,1,[],raw/v4/xlsr_sls_model_v4_kk_spoof_raw_v1/kk-piper-issai-high-v1/41/413985d6b02e9ce9d63769c14f2e0b21024fca800977b8e32bb574b03df8912a.wav,9552a2ef66d6338b7f907530e45deaa4048890d79a53d928772a7bbaa6d759d2,6.42031746031746,22050,local_cpu_piper,
6416,reserve,xlsr_sls_model_v4_kk_spoof:Train/radio/01_66_382,v4:kk:Train/radio/01_66_382,kk-piper-issai-high-v1,piper_neural_tts,piper_kk_issai_high,ISSAI_KazakhTTS_M1_Iseke,1,,succeeded,ISSAI_KazakhTTS_M1_Iseke,1,,1027849029,1,[],raw/v4/xlsr_sls_model_v4_kk_spoof_raw_v1/kk-piper-issai-high-v1/2d/2daed193b1ffd530fbe15f7fe8404a8446f10e4eab1cf61ec8e097151c27d689.wav,cd06d513d456f23b7f5d648a6889eaa4f727e866e95d40132c40805e207a2159,2.809614512471655,22050,local_cpu_piper,
6420,reserve,xlsr_sls_model_v4_kk_spoof:Train/radio/01_11_055,v4:kk:Train/radio/01_11_055,kk-piper-issai-high-v1,piper_neural_tts,piper_kk_issai_high,ISSAI_KazakhTTS2_F3,2,,succeeded,ISSAI_KazakhTTS2_F3,2,,972733091,1,[],raw/v4/xlsr_sls_model_v4_kk_spoof_raw_v1/kk-piper-issai-high-v1/36/360269440d24d96d77389206f290f72cc1c565844f2628f5b93cc83f19278d41.wav,e16b73de3db01c06796f3fe8ec37f92da1dac8219419a1c7de0d288c956ce828,3.8545124716553287,22050,local_cpu_piper,
6424,reserve,xlsr_sls_model_v4_kk_spoof:Train/podcasts/01_09_004,v4:kk:Train/podcasts/01_09_004,kk-piper-issai-high-v1,piper_neural_tts,piper_kk_issai_high,ISSAI_KazakhTTS_F1_Raya,3,,succeeded,ISSAI_KazakhTTS_F1_Raya,3,,1765584422,1,[],raw/v4/xlsr_sls_model_v4_kk_spoof_raw_v1/kk-piper-issai-high-v1/b5/b5e7fbe5fff98f76c7b59ff2fdbaff9be9bb23336664cae94ff1d02c6f6e35e9.wav,92c72b29a336066a133a01e988da2e596b247e8883350311a1357f60765a6a10,6.339047619047619,22050,local_cpu_piper,
6428,reserve,xlsr_sls_model_v4_kk_spoof:Train/parliament/senate_04_002,v4:kk:Train/parliament/senate_04_002,kk-piper-issai-high-v1,piper_neural_tts,piper_kk_issai_high,ISSAI_KazakhTTS2_F1,4,,succeeded,ISSAI_KazakhTTS2_F1,4,,878773155,1,[],raw/v4/xlsr_sls_model_v4_kk_spoof_raw_v1/kk-piper-issai-high-v1/c9/c930cc34a4cb57b6bda14e398bb4bae4e6f0558c960856a5f9ee765b9382eefa.wav,cebaa3b46255362ca154d7eb87d749a57284d73ea0e416d4da8584c90238fc5b,1.2770975056689342,22050,local_cpu_piper,
6432,reserve,xlsr_sls_model_v4_kk_spoof:Train/talkshow/01_22_018,v4:kk:Train/talkshow/01_22_018,kk-piper-issai-high-v1,piper_neural_tts,piper_kk_issai_high,ISSAI_KazakhTTS2_F2,5,,succeeded,ISSAI_KazakhTTS2_F2,5,,272191091,1,[],raw/v4/xlsr_sls_model_v4_kk_spoof_raw_v1/kk-piper-issai-high-v1/8d/8d2ab39308f3a6de05c70f883a9214b460a08b3597103d31860e625f80b18707.wav,01b51a7b8f17a026277fb52da19d0ac768b5bfbf15e0843cbac5b4bd3dafa191,4.9806802721088435,22050,local_cpu_piper,
6436,reserve,xlsr_sls_model_v4_kk_spoof:Train/talkshow/01_68_021,v4:kk:Train/talkshow/01_68_021,kk-piper-issai-high-v1,piper_neural_tts,piper_kk_issai_high,ISSAI_KazakhTTS2_M2,,,succeeded,ISSAI_KazakhTTS2_M2,,,852156661,1,[],raw/v4/xlsr_sls_model_v4_kk_spoof_raw_v1/kk-piper-issai-high-v1/4a/4a4eec89a08fc149dba8bdf3f2dc2905febf947cbe6bb7b5623af9ce31178c5a.wav,b28a176ecb28465b0d0f870f8610a1fb2753fdcd946ea9b0cf72333eb365e801,7.662585034013605,22050,local_cpu_piper,
6440,reserve,xlsr_sls_model_v4_kk_spoof:Train/podcasts/04_05_531,v4:kk:Train/podcasts/04_05_531,kk-piper-issai-high-v1,piper_neural_tts,piper_kk_issai_high,ISSAI_KazakhTTS_M1_Iseke,1,,succeeded,ISSAI_KazakhTTS_M1_Iseke,1,,1776946780,1,[],raw/v4/xlsr_sls_model_v4_kk_spoof_raw_v1/kk-piper-issai-high-v1/35/35766216b7d5a26919c3d361c6eeb0dfcc07f0a8d7fa2c54c96316096cfa2653.wav,e672e36d48a2ff347f8c169e0120eb4898265fb5b28b767ddea0a1a6badb8a6f,12.49233560090703,22050,local_cpu_piper,
6444,reserve,xlsr_sls_model_v4_kk_spoof:Train/tv_news/5f71cff9c162b,v4:kk:Train/tv_news/5f71cff9c162b,kk-piper-issai-high-v1,piper_neural_tts,piper_kk_issai_high,ISSAI_KazakhTTS2_F3,2,,succeeded,ISSAI_KazakhTTS2_F3,2,,1955282192,1,[],raw/v4/xlsr_sls_model_v4_kk_spoof_raw_v1/kk-piper-issai-high-v1/ac/acfa9e0aa307ecc03653d81c93d4717d95f5eef677bc050f08adec7dc932079a.wav,e1408ade16dc780ea794545f9cf3d2671fbe6661cc1a881b1e4ffa17d1496bd1,4.690430839002268,22050,local_cpu_piper,
6448,reserve,xlsr_sls_model_v4_kk_spoof:Train/talkshow/01_68_142,v4:kk:Train/talkshow/01_68_142,kk-piper-issai-high-v1,piper_neural_tts,piper_kk_issai_high,ISSAI_KazakhTTS_F1_Raya,3,,succeeded,ISSAI_KazakhTTS_F1_Raya,3,,1112509637,1,[],raw/v4/xlsr_sls_model_v4_kk_spoof_raw_v1/kk-piper-issai-high-v1/28/28f86c320db008adc7da027734e735b8d7ee874b1cccf88c8e80a5d5add70c2b.wav,5de76a56c00b8ff0608d8bcd103bc0ef1cb62b6409c1f3872c8e562ca9a6708a,6.188117913832199,22050,local_cpu_piper,
6452,reserve,xlsr_sls_model_v4_kk_spoof:Train/tv_news/5f71d1cd880d9,v4:kk:Train/tv_news/5f71d1cd880d9,kk-piper-issai-high-v1,piper_neural_tts,piper_kk_issai_high,ISSAI_KazakhTTS2_F1,4,,succeeded,ISSAI_KazakhTTS2_F1,4,,44300720,1,[],raw/v4/xlsr_sls_model_v4_kk_spoof_raw_v1/kk-piper-issai-high-v1/ee/ee15765eb0cc0703351c841959457a7b2483655342c5f8e6e6e67aa3a9d4e824.wav,6443f024dd35af67b2b29c78a9b58807563f1e8643c0345ce13ec8e2edb97f2f,1.0565079365079366,22050,local_cpu_piper,
6456,reserve,xlsr_sls_model_v4_kk_spoof:Train/parliament/mazhilis_17_2_594,v4:kk:Train/parliament/mazhilis_17_2_594,kk-piper-issai-high-v1,piper_neural_tts,piper_kk_issai_high,ISSAI_KazakhTTS2_F2,5,,succeeded,ISSAI_KazakhTTS2_F2,5,,34695709,1,[],raw/v4/xlsr_sls_model_v4_kk_spoof_raw_v1/kk-piper-issai-high-v1/68/689dd887fbae0cfd7b02f374e154ba0448013f32f5a992fc236cd6c5205536ac.wav,afb146516d597226b83475bea1dd982337f8a30916ff0470ddbf572e973271b2,10.483809523809525,22050,local_cpu_piper,
6460,reserve,xlsr_sls_model_v4_kk_spoof:Train/talkshow/01_07_032,v4:kk:Train/talkshow/01_07_032,kk-piper-issai-high-v1,piper_neural_tts,piper_kk_issai_high,ISSAI_KazakhTTS2_M2,,,succeeded,ISSAI_KazakhTTS2_M2,,,1393208641,1,[],raw/v4/xlsr_sls_model_v4_kk_spoof_raw_v1/kk-piper-issai-high-v1/67/67265d87a78bb3d2f6365b05e17f7271f1e5239a16e8fafb648977e02ace2059.wav,f8dfd5a1dc48c0dd830e0e1ef560a9e7e5efd1afebf991ad840409dff2578144,4.342131519274377,22050,local_cpu_piper,
6464,reserve,xlsr_sls_model_v4_kk_spoof:Train/talkshow/01_61_257,v4:kk:Train/talkshow/01_61_257,kk-piper-issai-high-v1,piper_neural_tts,piper_kk_issai_high,ISSAI_KazakhTTS_M1_Iseke,1,,succeeded,ISSAI_KazakhTTS_M1_Iseke,1,,240773114,1,[],raw/v4/xlsr_sls_model_v4_kk_spoof_raw_v1/kk-piper-issai-high-v1/cb/cbc89b87ade6235ed4a2c58e6ed97a7eb42bb115234b8e85e421e594a4328bba.wav,68327796844dbac8db45d65fa08a5369ddc76ab3f8e8c0e1b540d8e52b405300,12.666485260770974,22050,local_cpu_piper,
6468,reserve,xlsr_sls_model_v4_kk_spoof:Train/podcasts/01_03_549,v4:kk:Train/podcasts/01_03_549,kk-piper-issai-high-v1,piper_neural_tts,piper_kk_issai_high,ISSAI_KazakhTTS2_F3,2,,succeeded,ISSAI_KazakhTTS2_F3,2,,110072080,1,[],raw/v4/xlsr_sls_model_v4_kk_spoof_raw_v1/kk-piper-issai-high-v1/b9/b9a30aa75a8198b26cf094f7d6cf4996145fef18327820f853d6563946c23468.wav,0333e84c8f929323ac11dfe01549149eea41279b98c8627bfb6e63003e5342f3,3.7151927437641725,22050,local_cpu_piper,
6472,reserve,xlsr_sls_model_v4_kk_spoof:Train/talkshow/01_40_092,v4:kk:Train/talkshow/01_40_092,kk-piper-issai-high-v1,piper_neural_tts,piper_kk_issai_high,ISSAI_KazakhTTS_F1_Raya,3,,succeeded,ISSAI_KazakhTTS_F1_Raya,3,,1467494862,1,[],raw/v4/xlsr_sls_model_v4_kk_spoof_raw_v1/kk-piper-issai-high-v1/4a/4ae296f1b3d992e6b71eeb8702afc047953ae4b63860a804da0f228e1a3ce3c2.wav,a5914a39e0a8546c9f8071570b3fac315a1f151396dcc36a93c40d7effbabd6c,6.060408163265306,22050,local_cpu_piper,
6476,reserve,xlsr_sls_model_v4_kk_spoof:Train/podcasts/04_09_395,v4:kk:Train/podcasts/04_09_395,kk-piper-issai-high-v1,piper_neural_tts,piper_kk_issai_high,ISSAI_KazakhTTS2_F1,4,,succeeded,ISSAI_KazakhTTS2_F1,4,,148488003,1,[],raw/v4/xlsr_sls_model_v4_kk_spoof_raw_v1/kk-piper-issai-high-v1/f0/f057a1cca4658e8c39389f037dfba8f104964753f6cbfbf95f809891ac57ca60.wav,5fefaac730ed20e98ac29d9ed5a8cf3ffa1ce9919f37450097a75e03a4bab3c1,5.410249433106576,22050,local_cpu_piper,
6480,reserve,xlsr_sls_model_v4_kk_spoof:Train/talkshow/01_38_251,v4:kk:Train/talkshow/01_38_251,kk-piper-issai-high-v1,piper_neural_tts,piper_kk_issai_high,ISSAI_KazakhTTS2_F2,5,,succeeded,ISSAI_KazakhTTS2_F2,5,,1749771310,1,[],raw/v4/xlsr_sls_model_v4_kk_spoof_raw_v1/kk-piper-issai-high-v1/1d/1d45de6cad616a0f49be0df31f7222152666b98163894f5659bfb1b3e618020a.wav,5580081508f3c50505367683db60cd88a3fba76ebb2fc8b5634c6c7f8a731153,2.9373242630385485,22050,local_cpu_piper,
6484,reserve,xlsr_sls_model_v4_kk_spoof:Train/parliament/senate_21_119,v4:kk:Train/parliament/senate_21_119,kk-piper-issai-high-v1,piper_neural_tts,piper_kk_issai_high,ISSAI_KazakhTTS2_M2,,,succeeded,ISSAI_KazakhTTS2_M2,,,964094922,1,[],raw/v4/xlsr_sls_model_v4_kk_spoof_raw_v1/kk-piper-issai-high-v1/8a/8ab28297011d86374f914d50eb1def7184c5ebabc6d56a39e9a6f3056fa024ea.wav,100905021b2d62701a22117d528993dd4d7e14ba87c1f60d4496ca95df307331,14.59374149659864,22050,local_cpu_piper,
6488,reserve,xlsr_sls_model_v4_kk_spoof:Train/podcasts/01_07_138,v4:kk:Train/podcasts/01_07_138,kk-piper-issai-high-v1,piper_neural_tts,piper_kk_issai_high,ISSAI_KazakhTTS_M1_Iseke,1,,succeeded,ISSAI_KazakhTTS_M1_Iseke,1,,154996971,1,[],raw/v4/xlsr_sls_model_v4_kk_spoof_raw_v1/kk-piper-issai-high-v1/ba/ba45ede20576384136f1e452aec0714c7c0e5d26172d1ce9ee1ee7130d47cd20.wav,804fb9c5f1ae504718e34159275e5bb266ec8f6734b63a300f78fcd10d8a286d,4.864580498866213,22050,local_cpu_piper,
6492,reserve,xlsr_sls_model_v4_kk_spoof:Train/podcasts/01_00_327,v4:kk:Train/podcasts/01_00_327,kk-piper-issai-high-v1,piper_neural_tts,piper_kk_issai_high,ISSAI_KazakhTTS2_F3,2,,succeeded,ISSAI_KazakhTTS2_F3,2,,2058062100,1,[],raw/v4/xlsr_sls_model_v4_kk_spoof_raw_v1/kk-piper-issai-high-v1/a8/a86d25c103ebc298fa0f0a5a7f04b0858b0e12e8e31cf88b58a579215f3a4334.wav,4a2e66fafbc80ae2da8460c0a2f4b099a40f67e9e3544e308f3db87838770f64,4.771700680272109,22050,local_cpu_piper,
6496,reserve,xlsr_sls_model_v4_kk_spoof:Train/radio/01_37_225,v4:kk:Train/radio/01_37_225,kk-piper-issai-high-v1,piper_neural_tts,piper_kk_issai_high,ISSAI_KazakhTTS_F1_Raya,3,,succeeded,ISSAI_KazakhTTS_F1_Raya,3,,29956631,1,[],raw/v4/xlsr_sls_model_v4_kk_spoof_raw_v1/kk-piper-issai-high-v1/40/400570933a7dbd5075eba575424078ba4bcdd9f0682759f5f7311fb3d28707ba.wav,b294b8fa044b026292ec8c1f6f1e6c6c6550af8496f5c96a56567d02cf8148e1,8.93968253968254,22050,local_cpu_piper,
6500,reserve,xlsr_sls_model_v4_kk_spoof:Train/talkshow/01_11_126,v4:kk:Train/talkshow/01_11_126,kk-piper-issai-high-v1,piper_neural_tts,piper_kk_issai_high,ISSAI_KazakhTTS2_F1,4,,succeeded,ISSAI_KazakhTTS2_F1,4,,907189134,1,[],raw/v4/xlsr_sls_model_v4_kk_spoof_raw_v1/kk-piper-issai-high-v1/c1/c1397cb23fde0581efd438748922b1550f0e0618efa28f510b5c2e9022a9932f.wav,b2e82686c30b234290b28a8c8321fb6fd7140ea40a83ef0349ac58be1f772c6e,2.1710657596371883,22050,local_cpu_piper,
6504,reserve,xlsr_sls_model_v4_kk_spoof:Train/talkshow/01_71_321,v4:kk:Train/talkshow/01_71_321,kk-piper-issai-high-v1,piper_neural_tts,piper_kk_issai_high,ISSAI_KazakhTTS2_F2,5,,succeeded,ISSAI_KazakhTTS2_F2,5,,1014089979,1,[],raw/v4/xlsr_sls_model_v4_kk_spoof_raw_v1/kk-piper-issai-high-v1/4c/4c5a4b34a676d509ba863ca0207eead1d35f72f1964fcf1d429a9fdffe36f133.wav,28916c3e274a0f2426d9d46bc46d3a74a09e3a4ed0ed9a06b78dd340abc84e94,5.108390022675737,22050,local_cpu_piper,
6508,reserve,xlsr_sls_model_v4_kk_spoof:Train/radio/01_83_045,v4:kk:Train/radio/01_83_045,kk-piper-issai-high-v1,piper_neural_tts,piper_kk_issai_high,ISSAI_KazakhTTS2_M2,,,succeeded,ISSAI_KazakhTTS2_M2,,,1249913568,1,[],raw/v4/xlsr_sls_model_v4_kk_spoof_raw_v1/kk-piper-issai-high-v1/fa/fa9f4606b1d3e547a0c595b91af23d28a14862ad68ae765c982f3f22347ff3e9.wav,96e31fbca9ff8db34efc1821367f84b1213b3a19b6c8f4d64d48ff0ca70c389e,10.948208616780045,22050,local_cpu_piper,
6512,reserve,xlsr_sls_model_v4_kk_spoof:Train/talkshow/01_43_331,v4:kk:Train/talkshow/01_43_331,kk-piper-issai-high-v1,piper_neural_tts,piper_kk_issai_high,ISSAI_KazakhTTS_M1_Iseke,1,,succeeded,ISSAI_KazakhTTS_M1_Iseke,1,,2115366994,1,[],raw/v4/xlsr_sls_model_v4_kk_spoof_raw_v1/kk-piper-issai-high-v1/e7/e7728ecbe79d72c058ad72ecd6c1e7e034a8e2ac85df465be0a99f18a89c40f9.wav,7c93587a4db9fc3f95c333269d5c2b774b20a8fa03a45971342557cbb2c75e0e,5.630839002267574,22050,local_cpu_piper,
6516,reserve,xlsr_sls_model_v4_kk_spoof:Train/radio/01_06_013,v4:kk:Train/radio/01_06_013,kk-piper-issai-high-v1,piper_neural_tts,piper_kk_issai_high,ISSAI_KazakhTTS2_F3,2,,succeeded,ISSAI_KazakhTTS2_F3,2,,189096736,1,[],raw/v4/xlsr_sls_model_v4_kk_spoof_raw_v1/kk-piper-issai-high-v1/99/9940b580dff61485380c4cfa4c795fd0cf667655eddfa944149982cb221b4198.wav,004f390a0ea1691cc073e7f883ac95446306a5d8f0f550792a69f8ab42cf4a63,2.380045351473923,22050,local_cpu_piper,
6520,reserve,xlsr_sls_model_v4_kk_spoof:Train/podcasts/04_10_576,v4:kk:Train/podcasts/04_10_576,kk-piper-issai-high-v1,piper_neural_tts,piper_kk_issai_high,ISSAI_KazakhTTS_F1_Raya,3,,succeeded,ISSAI_KazakhTTS_F1_Raya,3,,1263914452,1,[],raw/v4/xlsr_sls_model_v4_kk_spoof_raw_v1/kk-piper-issai-high-v1/21/21db5ff4ba23a0a6ea30c583321abe7de3c234cfbc63da7d9dbc019a0eb80315.wav,0e9ab2b4136384aa3c2f3c085b5ade38b4bad4332684c986e61450279c28b48e,5.468299319727891,22050,local_cpu_piper,
6524,reserve,xlsr_sls_model_v4_kk_spoof:Train/podcasts/03_33_112,v4:kk:Train/podcasts/03_33_112,kk-piper-issai-high-v1,piper_neural_tts,piper_kk_issai_high,ISSAI_KazakhTTS2_F1,4,,succeeded,ISSAI_KazakhTTS2_F1,4,,565405154,1,[],raw/v4/xlsr_sls_model_v4_kk_spoof_raw_v1/kk-piper-issai-high-v1/60/60d27f141fbac186fef393d11f197a37fe8d82fdbf0e6eece7dd6f61a9def0ba.wav,28e8a3c3939e06172339fdd2999a62b252bd0f5fd9c205941d18a8cb146f43b1,3.076643990929705,22050,local_cpu_piper,
6528,reserve,xlsr_sls_model_v4_kk_spoof:Train/podcasts/05_00_078,v4:kk:Train/podcasts/05_00_078,kk-piper-issai-high-v1,piper_neural_tts,piper_kk_issai_high,ISSAI_KazakhTTS2_F2,5,,succeeded,ISSAI_KazakhTTS2_F2,5,,1148097422,1,[],raw/v4/xlsr_sls_model_v4_kk_spoof_raw_v1/kk-piper-issai-high-v1/42/429c5707b8f9ae7dc487394f77a36dfdb1016078f3eb0aba4cec7d9f655ba05c.wav,1daac11260e2cacc2dda7c6fbbc21a645fad2304e503b32c6c5d6d8d61a9b876,4.504671201814059,22050,local_cpu_piper,
6532,reserve,xlsr_sls_model_v4_kk_spoof:Train/talkshow/01_50_217,v4:kk:Train/talkshow/01_50_217,kk-piper-issai-high-v1,piper_neural_tts,piper_kk_issai_high,ISSAI_KazakhTTS2_M2,,,succeeded,ISSAI_KazakhTTS2_M2,,,958885549,1,[],raw/v4/xlsr_sls_model_v4_kk_spoof_raw_v1/kk-piper-issai-high-v1/5d/5d71a4cfea0497c0f78f4be461d103659ce0147c80970e4857bd2bb0a9284113.wav,4ba9b7ceacb97d94ef4732e41d3c9cd12e8c6480cb7e2148ce97a016d9b55fad,4.957460317460318,22050,local_cpu_piper,
6536,reserve,xlsr_sls_model_v4_kk_spoof:Train/parliament/mazhilis_17_2_156,v4:kk:Train/parliament/mazhilis_17_2_156,kk-piper-issai-high-v1,piper_neural_tts,piper_kk_issai_high,ISSAI_KazakhTTS_M1_Iseke,1,,succeeded,ISSAI_KazakhTTS_M1_Iseke,1,,1393626905,1,[],raw/v4/xlsr_sls_model_v4_kk_spoof_raw_v1/kk-piper-issai-high-v1/c4/c47a033700f62281b8ef0f8d498a833546251cf0216e5d1a25770c697d6b8c57.wav,db3b11360caefe668ca3fc56a8a71d717d81011dfbd344d0dce570167f40063d,4.574331065759637,22050,local_cpu_piper,
6540,reserve,xlsr_sls_model_v4_kk_spoof:Train/tv_news/5f71d0d017098,v4:kk:Train/tv_news/5f71d0d017098,kk-piper-issai-high-v1,piper_neural_tts,piper_kk_issai_high,ISSAI_KazakhTTS2_F3,2,,succeeded,ISSAI_KazakhTTS2_F3,2,,654581988,1,[],raw/v4/xlsr_sls_model_v4_kk_spoof_raw_v1/kk-piper-issai-high-v1/c3/c315e3830a1501061712e8eb4f112c33d7841826cf3308cc16b23dc06afbdefc.wav,483432a792e0d151de976e9ad41cae0221cbc6faf8a601c3ca8c57595f18c533,0.9520181405895691,22050,local_cpu_piper,
6544,reserve,xlsr_sls_model_v4_kk_spoof:Train/parliament/senate_20_0852,v4:kk:Train/parliament/senate_20_0852,kk-piper-issai-high-v1,piper_neural_tts,piper_kk_issai_high,ISSAI_KazakhTTS_F1_Raya,3,,succeeded,ISSAI_KazakhTTS_F1_Raya,3,,840674781,1,[],raw/v4/xlsr_sls_model_v4_kk_spoof_raw_v1/kk-piper-issai-high-v1/80/80f59d979843ffa16a45e92ea8719afe440782b519f93e5ea3f856fad0a2a1ee.wav,1da9e070c53358059722225cb1c80fc172053a8d9aa28ce757f9d60d6fe7daa8,4.957460317460318,22050,local_cpu_piper,
6548,reserve,xlsr_sls_model_v4_kk_spoof:Train/podcasts/04_08_075,v4:kk:Train/podcasts/04_08_075,kk-piper-issai-high-v1,piper_neural_tts,piper_kk_issai_high,ISSAI_KazakhTTS2_F1,4,,succeeded,ISSAI_KazakhTTS2_F1,4,,1254326380,1,[],raw/v4/xlsr_sls_model_v4_kk_spoof_raw_v1/kk-piper-issai-high-v1/5f/5fabeacf390b66a004a1c719fca5b40a991e9d396c2a589f66f9a2a9b008c940.wav,7fbf2d2a9927bfe8b2b6b63af5fcfd63415b5f2f0d99b1efa0ce69d4a740f359,8.52172335600907,22050,local_cpu_piper,
6552,reserve,xlsr_sls_model_v4_kk_spoof:Train/tv_news/5fe2a745701be,v4:kk:Train/tv_news/5fe2a745701be,kk-piper-issai-high-v1,piper_neural_tts,piper_kk_issai_high,ISSAI_KazakhTTS2_F2,5,,succeeded,ISSAI_KazakhTTS2_F2,5,,1199110806,1,[],raw/v4/xlsr_sls_model_v4_kk_spoof_raw_v1/kk-piper-issai-high-v1/42/42bb04aa7d5cbbace7c0e728763895c5599e5825f11a521ec0480fc54171584e.wav,d165737d7283e29b86aac02c271b8434e76a0c3da6a5d470fd305e25fc752b8f,5.38702947845805,22050,local_cpu_piper,
6556,reserve,xlsr_sls_model_v4_kk_spoof:Train/talkshow/01_46_537,v4:kk:Train/talkshow/01_46_537,kk-piper-issai-high-v1,piper_neural_tts,piper_kk_issai_high,ISSAI_KazakhTTS2_M2,,,succeeded,ISSAI_KazakhTTS2_M2,,,1023142713,1,[],raw/v4/xlsr_sls_model_v4_kk_spoof_raw_v1/kk-piper-issai-high-v1/ba/baefa30216f867b7962e0970d6a984eba4e5b7b9c3a2474d0ff20528f6814649.wav,9d67efc4174d7398043230f5ab65f30a996acb0e6a3855da3c79a8918ab72eb4,4.6439909297052155,22050,local_cpu_piper,
6560,reserve,xlsr_sls_model_v4_kk_spoof:Train/podcasts/03_40_033,v4:kk:Train/podcasts/03_40_033,kk-piper-issai-high-v1,piper_neural_tts,piper_kk_issai_high,ISSAI_KazakhTTS_M1_Iseke,1,,succeeded,ISSAI_KazakhTTS_M1_Iseke,1,,1636490332,1,[],raw/v4/xlsr_sls_model_v4_kk_spoof_raw_v1/kk-piper-issai-high-v1/4c/4c00bf36c2a266593a164550ac2b7da45700c1216b0199be7c9f1ef87d767d36.wav,74d5e7bf6d2e897666f7462e63ed8dc74d4e10df585a8375d61caf9c6e159250,4.446621315192743,22050,local_cpu_piper,
6564,reserve,xlsr_sls_model_v4_kk_spoof:Train/podcasts/04_08_132,v4:kk:Train/podcasts/04_08_132,kk-piper-issai-high-v1,piper_neural_tts,piper_kk_issai_high,ISSAI_KazakhTTS2_F3,2,,succeeded,ISSAI_KazakhTTS2_F3,2,,1022381109,1,[],raw/v4/xlsr_sls_model_v4_kk_spoof_raw_v1/kk-piper-issai-high-v1/1d/1d70a2e1f48366933b5ef7d7659d05f8cbab10979eb5c3cbe3aae689dc42fdfe.wav,f2789da71353aa00b13d327a463260ab55407b29ad7f2ca6cbf607a44c19be5d,2.1942857142857144,22050,local_cpu_piper,
6568,reserve,xlsr_sls_model_v4_kk_spoof:Train/podcasts/03_81_256,v4:kk:Train/podcasts/03_81_256,kk-piper-issai-high-v1,piper_neural_tts,piper_kk_issai_high,ISSAI_KazakhTTS_F1_Raya,3,,succeeded,ISSAI_KazakhTTS_F1_Raya,3,,339714407,1,[],raw/v4/xlsr_sls_model_v4_kk_spoof_raw_v1/kk-piper-issai-high-v1/87/879c13c513802504c418f1485b462a4ed4f7808716a13d5f2e2a1781a31ebc58.wav,d6a78068cd5096b9718bc0180d81e46bb44e811be4035c770137c90a8697397e,2.159455782312925,22050,local_cpu_piper,
6572,reserve,xlsr_sls_model_v4_kk_spoof:Train/tv_news/5fd037e9bf893,v4:kk:Train/tv_news/5fd037e9bf893,kk-piper-issai-high-v1,piper_neural_tts,piper_kk_issai_high,ISSAI_KazakhTTS2_F1,4,,succeeded,ISSAI_KazakhTTS2_F1,4,,1605718689,1,[],raw/v4/xlsr_sls_model_v4_kk_spoof_raw_v1/kk-piper-issai-high-v1/1d/1d5b69b9dda81de12a6e0e9907b9f00238c140a6d12d5dc998be28b6f236c933.wav,61bdcf197c25aa6cc156640b9593236bb81da836afc9617f216a9f830b08f538,6.072018140589569,22050,local_cpu_piper,
6576,reserve,xlsr_sls_model_v4_kk_spoof:Train/talkshow/01_67_136,v4:kk:Train/talkshow/01_67_136,kk-piper-issai-high-v1,piper_neural_tts,piper_kk_issai_high,ISSAI_KazakhTTS2_F2,5,,succeeded,ISSAI_KazakhTTS2_F2,5,,2028653963,1,[],raw/v4/xlsr_sls_model_v4_kk_spoof_raw_v1/kk-piper-issai-high-v1/f3/f343b09e6e23bb1f41e14dddbc82bb49b844d6550ddd8f76c10c2df02569e5f9.wav,7fad24fc63896a81c7dee2a8847f7dd3ad0e53e881f8882c0669c6400f46103d,8.800362811791382,22050,local_cpu_piper,
6580,reserve,xlsr_sls_model_v4_kk_spoof:Train/radio/01_69_069,v4:kk:Train/radio/01_69_069,kk-piper-issai-high-v1,piper_neural_tts,piper_kk_issai_high,ISSAI_KazakhTTS2_M2,,,succeeded,ISSAI_KazakhTTS2_M2,,,1595475808,1,[],raw/v4/xlsr_sls_model_v4_kk_spoof_raw_v1/kk-piper-issai-high-v1/06/06722755eee319b8ca1b697df6327a5a2ee9003750ae636ddbae1fcca412f56b.wav,97a8ac28c18c2195e6c12a96538fd4636f200bfbb00b10df7adc1c15d672b0d8,1.9272562358276644,22050,local_cpu_piper,
6584,reserve,xlsr_sls_model_v4_kk_spoof:Train/tv_news/5fa2e7fe12093,v4:kk:Train/tv_news/5fa2e7fe12093,kk-piper-issai-high-v1,piper_neural_tts,piper_kk_issai_high,ISSAI_KazakhTTS_M1_Iseke,1,,succeeded,ISSAI_KazakhTTS_M1_Iseke,1,,878742783,1,[],raw/v4/xlsr_sls_model_v4_kk_spoof_raw_v1/kk-piper-issai-high-v1/54/540f0a55922b213225bd8fce9d331c275c1fa49df69c46914900a831c94ad1d2.wav,970e0910fa45a8470bc4b66dc47afda1ac78106fe228498dbef76a571acd220d,8.881632653061224,22050,local_cpu_piper,
6588,reserve,xlsr_sls_model_v4_kk_spoof:Train/radio/01_70_501,v4:kk:Train/radio/01_70_501,kk-piper-issai-high-v1,piper_neural_tts,piper_kk_issai_high,ISSAI_KazakhTTS2_F3,2,,succeeded,ISSAI_KazakhTTS2_F3,2,,85910749,1,[],raw/v4/xlsr_sls_model_v4_kk_spoof_raw_v1/kk-piper-issai-high-v1/0a/0ae2c41543856877b7ab677da8060b86f4abe4dde95a6cba3b5e6efb082ffb4c.wav,f6a165942b5861915dfb27f89917a1dcc22663990932aaa08b8d73d1f2a4ac49,2.948934240362812,22050,local_cpu_piper,
6592,reserve,xlsr_sls_model_v4_kk_spoof:Train/radio/01_09_242,v4:kk:Train/radio/01_09_242,kk-piper-issai-high-v1,piper_neural_tts,piper_kk_issai_high,ISSAI_KazakhTTS_F1_Raya,3,,succeeded,ISSAI_KazakhTTS_F1_Raya,3,,1032050863,1,[],raw/v4/xlsr_sls_model_v4_kk_spoof_raw_v1/kk-piper-issai-high-v1/03/036b03ab2dc022241b250fd365a2bdde825667531e9aafe441053c01743626fb.wav,a3c4e0b919208ea65751ba916f340c45895989cb0da12202f45a4aa35132b62a,5.584399092970521,22050,local_cpu_piper,
6596,reserve,xlsr_sls_model_v4_kk_spoof:Train/podcasts/04_02_390,v4:kk:Train/podcasts/04_02_390,kk-piper-issai-high-v1,piper_neural_tts,piper_kk_issai_high,ISSAI_KazakhTTS2_F1,4,,succeeded,ISSAI_KazakhTTS2_F1,4,,74876968,1,[],raw/v4/xlsr_sls_model_v4_kk_spoof_raw_v1/kk-piper-issai-high-v1/af/afdb50a7864f74a4ea41f7d6bb305d5d5b1499e8b3a7fb017337c7097a8644df.wav,cb18f48708725a7136dffeebfea1b287701472593d46713c9b23f07768d4dd1e,10.65795918367347,22050,local_cpu_piper,
6600,reserve,xlsr_sls_model_v4_kk_spoof:Train/podcasts/05_01_085,v4:kk:Train/podcasts/05_01_085,kk-piper-issai-high-v1,piper_neural_tts,piper_kk_issai_high,ISSAI_KazakhTTS2_F2,5,,succeeded,ISSAI_KazakhTTS2_F2,5,,860056802,1,[],raw/v4/xlsr_sls_model_v4_kk_spoof_raw_v1/kk-piper-issai-high-v1/9b/9be87c0feadbe810fadc2d911a04eed398218851cab51966f4ab669f5a9752bc.wav,9f7b8b5311cda0b3d3b767085495743a585705991da8b382997651a97834325a,5.015510204081632,22050,local_cpu_piper,
6604,reserve,xlsr_sls_model_v4_kk_spoof:Train/talkshow/01_22_627,v4:kk:Train/talkshow/01_22_627,kk-piper-issai-high-v1,piper_neural_tts,piper_kk_issai_high,ISSAI_KazakhTTS2_M2,,,succeeded,ISSAI_KazakhTTS2_M2,,,1651579108,1,[],raw/v4/xlsr_sls_model_v4_kk_spoof_raw_v1/kk-piper-issai-high-v1/28/284bf4ccda754c4da3127e34356f0ab2911014577cfcff27b1ca5b0b6c96f619.wav,b2f8be4083097c8e8c0fac79b0cfa5276646ff34e3ab55a2af1f57d4b5e15672,4.992290249433107,22050,local_cpu_piper,
6608,reserve,xlsr_sls_model_v4_kk_spoof:Train/parliament/senate_19_438,v4:kk:Train/parliament/senate_19_438,kk-piper-issai-high-v1,piper_neural_tts,piper_kk_issai_high,ISSAI_KazakhTTS_M1_Iseke,1,,succeeded,ISSAI_KazakhTTS_M1_Iseke,1,,363177772,1,[],raw/v4/xlsr_sls_model_v4_kk_spoof_raw_v1/kk-piper-issai-high-v1/74/7403dc7f004a7a5b3719b9084146d76fc5fcf93878683aa2d26d959edf6fec6d.wav,9296a1cd755667ed556b59e655f19eea2e64c3129b2956237daa8e38881e2dfe,14.454421768707483,22050,local_cpu_piper,
6612,reserve,xlsr_sls_model_v4_kk_spoof:Train/parliament/mazhilis_11_479,v4:kk:Train/parliament/mazhilis_11_479,kk-piper-issai-high-v1,piper_neural_tts,piper_kk_issai_high,ISSAI_KazakhTTS2_F3,2,,succeeded,ISSAI_KazakhTTS2_F3,2,,836031093,1,[],raw/v4/xlsr_sls_model_v4_kk_spoof_raw_v1/kk-piper-issai-high-v1/6d/6d14eaa596c8f46d5f520f16dbf1eab94d0621de9220715c2ec07c0582036e67.wav,43b250b45b67156196bc5ea305d5bee76964565c181392667fd01cf15efe6bde,14.988480725623583,22050,local_cpu_piper,
6616,reserve,xlsr_sls_model_v4_kk_spoof:Train/parliament/mazhilis_17_2_432,v4:kk:Train/parliament/mazhilis_17_2_432,kk-piper-issai-high-v1,piper_neural_tts,piper_kk_issai_high,ISSAI_KazakhTTS_F1_Raya,3,,succeeded,ISSAI_KazakhTTS_F1_Raya,3,,640637868,1,[],raw/v4/xlsr_sls_model_v4_kk_spoof_raw_v1/kk-piper-issai-high-v1/69/6939084df3acee916d379323dc9f255b765ab5b08b3dac20eb4cc5f5118a55bc.wav,553ee5c9469f8ce2b4844e48e2d2fcb899c2ad3c34ab71710996023ad9132537,3.4017233560090703,22050,local_cpu_piper,
6620,reserve,xlsr_sls_model_v4_kk_spoof:Train/tv_news/5f7106b1cf74b,v4:kk:Train/tv_news/5f7106b1cf74b,kk-piper-issai-high-v1,piper_neural_tts,piper_kk_issai_high,ISSAI_KazakhTTS2_F1,4,,succeeded,ISSAI_KazakhTTS2_F1,4,,1645116760,1,[],raw/v4/xlsr_sls_model_v4_kk_spoof_raw_v1/kk-piper-issai-high-v1/9c/9cc97f438cd7f94dd4c1a7175baa1d35570ba0b8713b76a575c42cbc857bed2a.wav,4fe174f63e4daeec358a5b3123d16a56f1b26a485b8bd43874bb0d243452f473,4.562721088435374,22050,local_cpu_piper,
6624,reserve,xlsr_sls_model_v4_kk_spoof:Train/radio/01_43_362,v4:kk:Train/radio/01_43_362,kk-piper-issai-high-v1,piper_neural_tts,piper_kk_issai_high,ISSAI_KazakhTTS2_F2,5,,succeeded,ISSAI_KazakhTTS2_F2,5,,1249944045,1,[],raw/v4/xlsr_sls_model_v4_kk_spoof_raw_v1/kk-piper-issai-high-v1/6c/6ce74e06de46f576ca7e8873afff0cc675a542015f928bb1ff06887a2b10b1da.wav,9a9580935a3c0da567d0de1c9a22504a27de4f55e7e35ceab7aa8d12f57cc34f,3.9938321995464854,22050,local_cpu_piper,
6628,reserve,xlsr_sls_model_v4_kk_spoof:Train/tv_news/6006d2cd15cb1,v4:kk:Train/tv_news/6006d2cd15cb1,kk-piper-issai-high-v1,piper_neural_tts,piper_kk_issai_high,ISSAI_KazakhTTS2_M2,,,succeeded,ISSAI_KazakhTTS2_M2,,,1504155473,1,[],raw/v4/xlsr_sls_model_v4_kk_spoof_raw_v1/kk-piper-issai-high-v1/07/072c0ea42f9a403c115d4b1ae5a293a9904f7c81250b0189bac4471f7e598f24.wav,4eca17acb807e71d32a4f15561e40219c052acba1d99d751c75a6ef7b02e48f4,1.474467120181406,22050,local_cpu_piper,
6632,reserve,xlsr_sls_model_v4_kk_spoof:Train/tv_news/6006d2926badf,v4:kk:Train/tv_news/6006d2926badf,kk-piper-issai-high-v1,piper_neural_tts,piper_kk_issai_high,ISSAI_KazakhTTS_M1_Iseke,1,,succeeded,ISSAI_KazakhTTS_M1_Iseke,1,,958813337,1,[],raw/v4/xlsr_sls_model_v4_kk_spoof_raw_v1/kk-piper-issai-high-v1/3a/3a05778b7ac8b8d333310f3cc9abebf0459c877bfb4adb97e1c3db85e9e6d42d.wav,d2cd9d3e48da87decbd560648ead3182d2457e9385bbe983334946e13d95f852,6.42031746031746,22050,local_cpu_piper,
6636,reserve,xlsr_sls_model_v4_kk_spoof:Train/talkshow/01_78_153,v4:kk:Train/talkshow/01_78_153,kk-piper-issai-high-v1,piper_neural_tts,piper_kk_issai_high,ISSAI_KazakhTTS2_F3,2,,succeeded,ISSAI_KazakhTTS2_F3,2,,130012700,1,[],raw/v4/xlsr_sls_model_v4_kk_spoof_raw_v1/kk-piper-issai-high-v1/64/64691c1d5c3811be166946f0125dddb665d8a7107652fbe0a78e7daeec0d70c3.wav,20a28482e20d164b377a94104741dabd0ffb5d458641fe5af3f1b1f56df61431,4.08671201814059,22050,local_cpu_piper,
6640,reserve,xlsr_sls_model_v4_kk_spoof:Train/podcasts/03_29_32,v4:kk:Train/podcasts/03_29_32,kk-piper-issai-high-v1,piper_neural_tts,piper_kk_issai_high,ISSAI_KazakhTTS_F1_Raya,3,,succeeded,ISSAI_KazakhTTS_F1_Raya,3,,579120004,1,[],raw/v4/xlsr_sls_model_v4_kk_spoof_raw_v1/kk-piper-issai-high-v1/f5/f5706a31deb56ee3480b84c6fc0feefd19d92fa787b1f37b3e23b868e05b1451.wav,2a63de376f8b81f669d165ded4cd6f2812e0938db591a1d89d62aee53a83f6ed,5.2128798185941045,22050,local_cpu_piper,
6644,reserve,xlsr_sls_model_v4_kk_spoof:Train/radio/01_77_285,v4:kk:Train/radio/01_77_285,kk-piper-issai-high-v1,piper_neural_tts,piper_kk_issai_high,ISSAI_KazakhTTS2_F1,4,,succeeded,ISSAI_KazakhTTS2_F1,4,,1802705863,1,[],raw/v4/xlsr_sls_model_v4_kk_spoof_raw_v1/kk-piper-issai-high-v1/e6/e63d91f54d7f72ca3850b4a89955e98f68faf266b208a9157e33c9e8e0d2a1d2.wav,5935b4ee4842b67ba50a1fcd27599cc27411c54a3b7b5258e943ea4685e09bff,6.30421768707483,22050,local_cpu_piper,
6648,reserve,xlsr_sls_model_v4_kk_spoof:Train/tv_news/5fa2e8bf35a5c,v4:kk:Train/tv_news/5fa2e8bf35a5c,kk-piper-issai-high-v1,piper_neural_tts,piper_kk_issai_high,ISSAI_KazakhTTS2_F2,5,,succeeded,ISSAI_KazakhTTS2_F2,5,,1057937904,1,[],raw/v4/xlsr_sls_model_v4_kk_spoof_raw_v1/kk-piper-issai-high-v1/fc/fcc713f37472eced196a2242a5bde7b0a4629dc577acc134a6d1fda236f5baa5.wav,8e0aa9bf208950611fd3c078b886d52b152b76d097b108ad3bce9f63ff0130e3,4.051882086167801,22050,local_cpu_piper,
6652,reserve,xlsr_sls_model_v4_kk_spoof:Train/talkshow/01_38_572,v4:kk:Train/talkshow/01_38_572,kk-piper-issai-high-v1,piper_neural_tts,piper_kk_issai_high,ISSAI_KazakhTTS2_M2,,,succeeded,ISSAI_KazakhTTS2_M2,,,1760734561,1,[],raw/v4/xlsr_sls_model_v4_kk_spoof_raw_v1/kk-piper-issai-high-v1/0e/0efe48b3d10bd77d5a00e6dc473c473803b38a38dcbfc421c2c25c30a98f8ec9.wav,2417cff42ff1c485fcd9a77360ca7b8c583c01aec0908c83684dcd85a919905c,3.1230839002267574,22050,local_cpu_piper,
6656,reserve,xlsr_sls_model_v4_kk_spoof:Train/radio/01_56_303,v4:kk:Train/radio/01_56_303,kk-piper-issai-high-v1,piper_neural_tts,piper_kk_issai_high,ISSAI_KazakhTTS_M1_Iseke,1,,succeeded,ISSAI_KazakhTTS_M1_Iseke,1,,2062245767,1,[],raw/v4/xlsr_sls_model_v4_kk_spoof_raw_v1/kk-piper-issai-high-v1/23/236b0abd3bd98624e662dcf7cb55a5c1c0dfe2c6bf6b3785638ef341bc5f6b5b.wav,98b328fcc09250f32b172c20d8a0e0d2a529dd7cfe6b88b00728cad9a76080f5,2.6238548752834467,22050,local_cpu_piper,
6660,reserve,xlsr_sls_model_v4_kk_spoof:Train/parliament/mazhilis_15_1_373,v4:kk:Train/parliament/mazhilis_15_1_373,kk-piper-issai-high-v1,piper_neural_tts,piper_kk_issai_high,ISSAI_KazakhTTS2_F3,2,,succeeded,ISSAI_KazakhTTS2_F3,2,,755554857,1,[],raw/v4/xlsr_sls_model_v4_kk_spoof_raw_v1/kk-piper-issai-high-v1/1e/1edc2dbdb55f059ef6418b4fc983a66f7db0530d99fdcb3e00583493880bcf83.wav,eab3697330b8462e07aa851b6292d5701aabab16f7918cbb7de705d7bb3678b1,11.993106575963719,22050,local_cpu_piper,
6664,reserve,xlsr_sls_model_v4_kk_spoof:Train/podcasts/03_02_38,v4:kk:Train/podcasts/03_02_38,kk-piper-issai-high-v1,piper_neural_tts,piper_kk_issai_high,ISSAI_KazakhTTS_F1_Raya,3,,succeeded,ISSAI_KazakhTTS_F1_Raya,3,,1615052669,1,[],raw/v4/xlsr_sls_model_v4_kk_spoof_raw_v1/kk-piper-issai-high-v1/06/06d201e010d9149d061065f470d829965aa2ba19da6c96c8f972306af91617ae.wav,9434e21e61e9f4a4d6cc362abb86cbd14bd16f308ec0a32ac41da46caf79bccb,3.250793650793651,22050,local_cpu_piper,
6668,reserve,xlsr_sls_model_v4_kk_spoof:Train/podcasts/04_08_054,v4:kk:Train/podcasts/04_08_054,kk-piper-issai-high-v1,piper_neural_tts,piper_kk_issai_high,ISSAI_KazakhTTS2_F1,4,,succeeded,ISSAI_KazakhTTS2_F1,4,,1347600176,1,[],raw/v4/xlsr_sls_model_v4_kk_spoof_raw_v1/kk-piper-issai-high-v1/be/be46b668a9cbadc5905749af658cb83ea571e9e91810450b0eb914545bb7c99d.wav,be646c3c61d0b15895e2f8251d639f717853c6dd998e48add78974daff57b50f,11.15718820861678,22050,local_cpu_piper,
6672,reserve,xlsr_sls_model_v4_kk_spoof:Train/talkshow/01_17_260,v4:kk:Train/talkshow/01_17_260,kk-piper-issai-high-v1,piper_neural_tts,piper_kk_issai_high,ISSAI_KazakhTTS2_F2,5,,succeeded,ISSAI_KazakhTTS2_F2,5,,1661106211,1,[],raw/v4/xlsr_sls_model_v4_kk_spoof_raw_v1/kk-piper-issai-high-v1/61/61513c7ebfc5da698152160c82f73835552d781ffb79df102b4155fcb8b17a35.wav,8278d08e70fc5f4140d3233876ab4edbb1d19b77cfe1a913e3aa83fc194c86e7,5.259319727891157,22050,local_cpu_piper,
6676,reserve,xlsr_sls_model_v4_kk_spoof:Train/tv_news/5f71cf12469db,v4:kk:Train/tv_news/5f71cf12469db,kk-piper-issai-high-v1,piper_neural_tts,piper_kk_issai_high,ISSAI_KazakhTTS2_M2,,,succeeded,ISSAI_KazakhTTS2_M2,,,1780549938,1,[],raw/v4/xlsr_sls_model_v4_kk_spoof_raw_v1/kk-piper-issai-high-v1/77/7709272448050460b8020d3ff234c6ab085c5ac55fe7944c201c69116c4110c5.wav,a40371cb92b9bd9cb170f1f001359ef9ac4953d07a363b922b59c6960e1bc269,4.725260770975057,22050,local_cpu_piper,
6680,reserve,xlsr_sls_model_v4_kk_spoof:Train/radio/01_08_038,v4:kk:Train/radio/01_08_038,kk-piper-issai-high-v1,piper_neural_tts,piper_kk_issai_high,ISSAI_KazakhTTS_M1_Iseke,1,,succeeded,ISSAI_KazakhTTS_M1_Iseke,1,,571169051,1,[],raw/v4/xlsr_sls_model_v4_kk_spoof_raw_v1/kk-piper-issai-high-v1/97/974b107632fde349034397f7ea7a19dba2d8922330ab9bcea330b4a9a4b64e53.wav,4b3f81afafe0641240a190773382f69a46a2b637a62428fd719ce58f75c1f613,3.006984126984127,22050,local_cpu_piper,
6684,reserve,xlsr_sls_model_v4_kk_spoof:Train/podcasts/06_06_270,v4:kk:Train/podcasts/06_06_270,kk-piper-issai-high-v1,piper_neural_tts,piper_kk_issai_high,ISSAI_KazakhTTS2_F3,2,,succeeded,ISSAI_KazakhTTS2_F3,2,,1113317801,1,[],raw/v4/xlsr_sls_model_v4_kk_spoof_raw_v1/kk-piper-issai-high-v1/50/508d5f6d4a67700a799b6f372edb7baa2b8ee90e2afd5f0680245174429cfe68.wav,60a4a1845e01ad8b1e64b11d4da9c4facef4b88fd5c47a33cbba78b6b77b81cf,11.80734693877551,22050,local_cpu_piper,
6688,reserve,xlsr_sls_model_v4_kk_spoof:Train/podcasts/01_12_218,v4:kk:Train/podcasts/01_12_218,kk-piper-issai-high-v1,piper_neural_tts,piper_kk_issai_high,ISSAI_KazakhTTS_F1_Raya,3,,succeeded,ISSAI_KazakhTTS_F1_Raya,3,,191741204,1,[],raw/v4/xlsr_sls_model_v4_kk_spoof_raw_v1/kk-piper-issai-high-v1/66/66d867fec34b4c7197650d0ffabe607e9de299f18d7c143187df4ca8755a4929.wav,3755ddfdcb81eeab025fd6f80a2c8f8d023eab00326fd12766ffd2e6321e6f50,5.944308390022676,22050,local_cpu_piper,
6692,reserve,xlsr_sls_model_v4_kk_spoof:Train/tv_news/5f7104bb6be15,v4:kk:Train/tv_news/5f7104bb6be15,kk-piper-issai-high-v1,piper_neural_tts,piper_kk_issai_high,ISSAI_KazakhTTS2_F1,4,,succeeded,ISSAI_KazakhTTS2_F1,4,,1596118975,1,[],raw/v4/xlsr_sls_model_v4_kk_spoof_raw_v1/kk-piper-issai-high-v1/00/00f707f6108ed07ba2acd852613f2fb0d1e62c745d38036fe478141f9e4b63a6.wav,193958eff5545c81c5342d0f40dc3f98e1981f575b0d4cec6f3b678767f5c9c8,2.9257142857142857,22050,local_cpu_piper,
6696,reserve,xlsr_sls_model_v4_kk_spoof:Train/tv_news/5fa2e7db05db8,v4:kk:Train/tv_news/5fa2e7db05db8,kk-piper-issai-high-v1,piper_neural_tts,piper_kk_issai_high,ISSAI_KazakhTTS2_F2,5,,succeeded,ISSAI_KazakhTTS2_F2,5,,1892433759,1,[],raw/v4/xlsr_sls_model_v4_kk_spoof_raw_v1/kk-piper-issai-high-v1/b1/b152bb4248eecaeb650d23c3c73b098421892417e056260c70ee70efbb094579.wav,049cdbb8f161d2937f2d5a495446d5279ac52b617324638b3d97c71e41617c1a,4.237641723356009,22050,local_cpu_piper,
6700,reserve,xlsr_sls_model_v4_kk_spoof:Train/podcasts/01_01_494,v4:kk:Train/podcasts/01_01_494,kk-piper-issai-high-v1,piper_neural_tts,piper_kk_issai_high,ISSAI_KazakhTTS2_M2,,,succeeded,ISSAI_KazakhTTS2_M2,,,750396961,1,[],raw/v4/xlsr_sls_model_v4_kk_spoof_raw_v1/kk-piper-issai-high-v1/c7/c743b3e6e6dcfd99197dfdfc4c9b904886ce886904c16c1015da5966b669090e.wav,414979448a3094657bed2927fbc592dfc4e527b64cc4c6cec6f933729d8def9a,5.2477097505668935,22050,local_cpu_piper,
6704,reserve,xlsr_sls_model_v4_kk_spoof:Train/talkshow/01_16_222,v4:kk:Train/talkshow/01_16_222,kk-piper-issai-high-v1,piper_neural_tts,piper_kk_issai_high,ISSAI_KazakhTTS_M1_Iseke,1,,succeeded,ISSAI_KazakhTTS_M1_Iseke,1,,94408576,1,[],raw/v4/xlsr_sls_model_v4_kk_spoof_raw_v1/kk-piper-issai-high-v1/2e/2ec8ad05a375bdcc8f1962ec024cdbf833e333f1c044f0d26829f1cd20078e24.wav,c60cbd212228856b6945d963c6fa84ffd8d3a8feee1990b141c80be6d944c860,7.952834467120182,22050,local_cpu_piper,
6708,reserve,xlsr_sls_model_v4_kk_spoof:Train/talkshow/01_32_163,v4:kk:Train/talkshow/01_32_163,kk-piper-issai-high-v1,piper_neural_tts,piper_kk_issai_high,ISSAI_KazakhTTS2_F3,2,,succeeded,ISSAI_KazakhTTS2_F3,2,,953624097,1,[],raw/v4/xlsr_sls_model_v4_kk_spoof_raw_v1/kk-piper-issai-high-v1/98/988dde56d92967e012f4d442995c8fc578a2ca3e37ecb6dd6e439a20dd3cfb24.wav,aea27a0cbbb48640ac8f516dc3450e74a6d82c96a5411f8fb36d70d6c864938f,1.6253968253968254,22050,local_cpu_piper,
6712,reserve,xlsr_sls_model_v4_kk_spoof:Train/podcasts/03_56_071,v4:kk:Train/podcasts/03_56_071,kk-piper-issai-high-v1,piper_neural_tts,piper_kk_issai_high,ISSAI_KazakhTTS_F1_Raya,3,,succeeded,ISSAI_KazakhTTS_F1_Raya,3,,1315015797,1,[],raw/v4/xlsr_sls_model_v4_kk_spoof_raw_v1/kk-piper-issai-high-v1/b5/b53268373068c885f98e54e364e441fa07c72e79cc187c52c070de8159371287.wav,99443fd1505774d60dc276dc8b0a9f8a45e1a98080dfaf55c30f4acf81735312,8.301133786848073,22050,local_cpu_piper,
6716,reserve,xlsr_sls_model_v4_kk_spoof:Train/talkshow/01_79_505,v4:kk:Train/talkshow/01_79_505,kk-piper-issai-high-v1,piper_neural_tts,piper_kk_issai_high,ISSAI_KazakhTTS2_F1,4,,succeeded,ISSAI_KazakhTTS2_F1,4,,58822329,1,[],raw/v4/xlsr_sls_model_v4_kk_spoof_raw_v1/kk-piper-issai-high-v1/05/05125b415ab37d54151ba0e7f2ac1d132bd328276bf3463bfba7f3f0f67c3d3a.wav,1f836dd8055bf916301b9c993461e7cdaf3c2d0d864fccc3ea49f96c766aa459,5.178049886621316,22050,local_cpu_piper,
6720,reserve,xlsr_sls_model_v4_kk_spoof:Train/talkshow/01_03_163,v4:kk:Train/talkshow/01_03_163,kk-piper-issai-high-v1,piper_neural_tts,piper_kk_issai_high,ISSAI_KazakhTTS2_F2,5,,succeeded,ISSAI_KazakhTTS2_F2,5,,1344411953,1,[],raw/v4/xlsr_sls_model_v4_kk_spoof_raw_v1/kk-piper-issai-high-v1/87/876a022792a437a1dc1363d508ac8104f3039f0f7369c4ac4471cef75ec0b975.wav,95754b956c874f975b44630bb38d19dd0e6454a893230c5526526baec783a504,5.944308390022676,22050,local_cpu_piper,
6724,reserve,xlsr_sls_model_v4_kk_spoof:Train/podcasts/01_04_059,v4:kk:Train/podcasts/01_04_059,kk-piper-issai-high-v1,piper_neural_tts,piper_kk_issai_high,ISSAI_KazakhTTS2_M2,,,succeeded,ISSAI_KazakhTTS2_M2,,,1956084292,1,[],raw/v4/xlsr_sls_model_v4_kk_spoof_raw_v1/kk-piper-issai-high-v1/d6/d66296685c790df19c0042bb694419f83a4e8b397e42838e4eb8d15e807d4802.wav,61704242c1fba8a998871812abf0665968cc3cf142a1a9f24fa4c2efb0269f5c,4.760090702947846,22050,local_cpu_piper,
6728,reserve,xlsr_sls_model_v4_kk_spoof:Train/parliament/mazhilis_25_229,v4:kk:Train/parliament/mazhilis_25_229,kk-piper-issai-high-v1,piper_neural_tts,piper_kk_issai_high,ISSAI_KazakhTTS_M1_Iseke,1,,succeeded,ISSAI_KazakhTTS_M1_Iseke,1,,1656124869,1,[],raw/v4/xlsr_sls_model_v4_kk_spoof_raw_v1/kk-piper-issai-high-v1/22/22e5e2bf558e2444b5d89ea584066eea0d0ccc17b1c1dc5eaf7aa6a59a47733d.wav,09b9236dea038a61095e936c76ba23fb2c129b32566de8d3128225e2e3108282,4.272471655328798,22050,local_cpu_piper,
6732,reserve,xlsr_sls_model_v4_kk_spoof:Train/talkshow/01_43_613,v4:kk:Train/talkshow/01_43_613,kk-piper-issai-high-v1,piper_neural_tts,piper_kk_issai_high,ISSAI_KazakhTTS2_F3,2,,succeeded,ISSAI_KazakhTTS2_F3,2,,321503107,1,[],raw/v4/xlsr_sls_model_v4_kk_spoof_raw_v1/kk-piper-issai-high-v1/ad/ad9cfd84be38c0afaed217816f3f8760ec73be35f9987089df12234b0e296140.wav,89b64ea75525e18cf0f8a1fded1dc4d986372a8c90bd246f0f034dc2d039bd67,3.680362811791383,22050,local_cpu_piper,
6736,reserve,xlsr_sls_model_v4_kk_spoof:Train/podcasts/06_07_093,v4:kk:Train/podcasts/06_07_093,kk-piper-issai-high-v1,piper_neural_tts,piper_kk_issai_high,ISSAI_KazakhTTS_F1_Raya,3,,succeeded,ISSAI_KazakhTTS_F1_Raya,3,,2011642213,1,[],raw/v4/xlsr_sls_model_v4_kk_spoof_raw_v1/kk-piper-issai-high-v1/04/0480bd84974e7f8fd855426baa836993d73a3fad1280551e050d03ea58f56a1d.wav,857b69aa8a76c13101e72aabb042c66fa6fff7f0fe05937fe0c551ee1b7f38ef,7.024036281179138,22050,local_cpu_piper,
6740,reserve,xlsr_sls_model_v4_kk_spoof:Train/parliament/mazhilis_16_2_668,v4:kk:Train/parliament/mazhilis_16_2_668,kk-piper-issai-high-v1,piper_neural_tts,piper_kk_issai_high,ISSAI_KazakhTTS2_F1,4,,succeeded,ISSAI_KazakhTTS2_F1,4,,908480215,1,[],raw/v4/xlsr_sls_model_v4_kk_spoof_raw_v1/kk-piper-issai-high-v1/11/115c1a50a87741107121752b7850c0c673ca633f322dafbd6f59171cfd75b2ee.wav,2999a688d6b64ff826444bc3376f3d0b1fe0deda9335cafdfd82529e1e83fd1e,3.0650340136054424,22050,local_cpu_piper,
6744,reserve,xlsr_sls_model_v4_kk_spoof:Train/radio/01_71_330,v4:kk:Train/radio/01_71_330,kk-piper-issai-high-v1,piper_neural_tts,piper_kk_issai_high,ISSAI_KazakhTTS2_F2,5,,succeeded,ISSAI_KazakhTTS2_F2,5,,562556795,1,[],raw/v4/xlsr_sls_model_v4_kk_spoof_raw_v1/kk-piper-issai-high-v1/63/6352d0075a4ceb4e10a6ad7ee171b8f1a3debfd4a4916a7c1122cff734145223.wav,ca835f1203c8c0c243acef13e7c1bbf73608ca1b3a3989ec41fb6a93f5d6f57c,3.610702947845805,22050,local_cpu_piper,
6748,reserve,xlsr_sls_model_v4_kk_spoof:Train/podcasts/01_08_288,v4:kk:Train/podcasts/01_08_288,kk-piper-issai-high-v1,piper_neural_tts,piper_kk_issai_high,ISSAI_KazakhTTS2_M2,,,succeeded,ISSAI_KazakhTTS2_M2,,,1378764971,1,[],raw/v4/xlsr_sls_model_v4_kk_spoof_raw_v1/kk-piper-issai-high-v1/df/df36664039d8677f35d7daa907a4dc4374fc8fed78fc12ebc08d238839274a9d.wav,f0855c857467cb95850a53803dc5c4aee5b627506da8ee07b59f6839d2211cfc,7.662585034013605,22050,local_cpu_piper,
6752,reserve,xlsr_sls_model_v4_kk_spoof:Train/talkshow/01_32_221,v4:kk:Train/talkshow/01_32_221,kk-piper-issai-high-v1,piper_neural_tts,piper_kk_issai_high,ISSAI_KazakhTTS_M1_Iseke,1,,succeeded,ISSAI_KazakhTTS_M1_Iseke,1,,472749593,1,[],raw/v4/xlsr_sls_model_v4_kk_spoof_raw_v1/kk-piper-issai-high-v1/e7/e7aa07ee419f536421c2a98f9c36295d8f00de327b932c686893ab54ea3308cc.wav,e53dae07417c39d80db4e6371e43ccc5a96542b86d52ac2e86ab2da8788fdc91,3.8080725623582765,22050,local_cpu_piper,
6756,reserve,xlsr_sls_model_v4_kk_spoof:Train/talkshow/01_68_258,v4:kk:Train/talkshow/01_68_258,kk-piper-issai-high-v1,piper_neural_tts,piper_kk_issai_high,ISSAI_KazakhTTS2_F3,2,,succeeded,ISSAI_KazakhTTS2_F3,2,,1753561423,1,[],raw/v4/xlsr_sls_model_v4_kk_spoof_raw_v1/kk-piper-issai-high-v1/ed/ed36d961aa48fdb1c565b5a8ced368c6f614125b8d5643a7ca7bd9ad23fab18b.wav,2890d3a279a972257c6840441d056c6a758a293d65ee688c6f26ebf362f7c551,9.253151927437642,22050,local_cpu_piper,
6760,reserve,xlsr_sls_model_v4_kk_spoof:Train/podcasts/04_11_018,v4:kk:Train/podcasts/04_11_018,kk-piper-issai-high-v1,piper_neural_tts,piper_kk_issai_high,ISSAI_KazakhTTS_F1_Raya,3,,succeeded,ISSAI_KazakhTTS_F1_Raya,3,,789682249,1,[],raw/v4/xlsr_sls_model_v4_kk_spoof_raw_v1/kk-piper-issai-high-v1/1c/1c3cdae2de79212ac51998339cd22b4c945464b809aa90138046940b58e93556.wav,3eab6e1d7cb06dcf0999edac186dbe6386d5c491e49cf7c7b1ac24ad86bf5382,5.61922902494331,22050,local_cpu_piper,
6764,reserve,xlsr_sls_model_v4_kk_spoof:Train/parliament/senate_20_1086,v4:kk:Train/parliament/senate_20_1086,kk-piper-issai-high-v1,piper_neural_tts,piper_kk_issai_high,ISSAI_KazakhTTS2_F1,4,,succeeded,ISSAI_KazakhTTS2_F1,4,,1283822473,1,[],raw/v4/xlsr_sls_model_v4_kk_spoof_raw_v1/kk-piper-issai-high-v1/a4/a46db1abc0094e4612cfd56db1b076af8836a7f55b09dbf10d4368e168e5db8e.wav,0b4403d09a8c9632aad70d6e3104e579ee406e9027e9056403b6e05cf7ba25d4,7.314285714285714,22050,local_cpu_piper,
6768,reserve,xlsr_sls_model_v4_kk_spoof:Train/tv_news/5fd0382fe161f,v4:kk:Train/tv_news/5fd0382fe161f,kk-piper-issai-high-v1,piper_neural_tts,piper_kk_issai_high,ISSAI_KazakhTTS2_F2,5,,succeeded,ISSAI_KazakhTTS2_F2,5,,817457874,1,[],raw/v4/xlsr_sls_model_v4_kk_spoof_raw_v1/kk-piper-issai-high-v1/70/70e7f1e01ed708ce04ae2746eac15788792a91f068c82c9117365af956b106d8.wav,02c1f11553074e691fc2012dcf4a4888d34d7766b7428c60ce5cee86be3c68be,7.024036281179138,22050,local_cpu_piper,
6772,reserve,xlsr_sls_model_v4_kk_spoof:Train/podcasts/04_01_354,v4:kk:Train/podcasts/04_01_354,kk-piper-issai-high-v1,piper_neural_tts,piper_kk_issai_high,ISSAI_KazakhTTS2_M2,,,succeeded,ISSAI_KazakhTTS2_M2,,,1003268422,1,[],raw/v4/xlsr_sls_model_v4_kk_spoof_raw_v1/kk-piper-issai-high-v1/bb/bb9edfad940eb99a061f47b8eb8c9f9615c24e5c0a1a2b86cf5404faf300a90f.wav,e1919954cbf61756b3059b6c7380ad49f4e3db88b758fbc951edb7d32f1f1a52,10.901768707482994,22050,local_cpu_piper,
6776,reserve,xlsr_sls_model_v4_kk_spoof:Train/tv_news/5f71ce9372d43,v4:kk:Train/tv_news/5f71ce9372d43,kk-piper-issai-high-v1,piper_neural_tts,piper_kk_issai_high,ISSAI_KazakhTTS_M1_Iseke,1,,succeeded,ISSAI_KazakhTTS_M1_Iseke,1,,132718977,1,[],raw/v4/xlsr_sls_model_v4_kk_spoof_raw_v1/kk-piper-issai-high-v1/ca/ca532fd65b221908603f57155c7293c575b24a36dfd10176b87a38554c4fc329.wav,d4dcd8bdb0d021b255fdad3e4ebd981a41d1603d8d1c6fae0216cb924c4703af,4.423401360544218,22050,local_cpu_piper,
6780,reserve,xlsr_sls_model_v4_kk_spoof:Train/podcasts/01_07_259,v4:kk:Train/podcasts/01_07_259,kk-piper-issai-high-v1,piper_neural_tts,piper_kk_issai_high,ISSAI_KazakhTTS2_F3,2,,succeeded,ISSAI_KazakhTTS2_F3,2,,824146009,1,[],raw/v4/xlsr_sls_model_v4_kk_spoof_raw_v1/kk-piper-issai-high-v1/54/5499dca40d4629934437072e33f2037af048264674ea02bec3461788362ac192.wav,d6b3da545f2b13e2adbd3635945b1bfe2212b18b5656fad9c236a2cbf0e3a258,2.6238548752834467,22050,local_cpu_piper,
6784,reserve,xlsr_sls_model_v4_kk_spoof:Train/parliament/mazhilis_20_687,v4:kk:Train/parliament/mazhilis_20_687,kk-piper-issai-high-v1,piper_neural_tts,piper_kk_issai_high,ISSAI_KazakhTTS_F1_Raya,3,,succeeded,ISSAI_KazakhTTS_F1_Raya,3,,899211899,1,[],raw/v4/xlsr_sls_model_v4_kk_spoof_raw_v1/kk-piper-issai-high-v1/14/1458e1a6ee3a43279bff558eb093d93fab735c6fbdca28dc9a34c80f5fc2fe2c.wav,ef744434ce11361133c95be8385ecb5eb2898dbfa0cccb49c5fd3ace414fd787,5.270929705215419,22050,local_cpu_piper,
6788,reserve,xlsr_sls_model_v4_kk_spoof:Train/tv_news/5f71cf922e856,v4:kk:Train/tv_news/5f71cf922e856,kk-piper-issai-high-v1,piper_neural_tts,piper_kk_issai_high,ISSAI_KazakhTTS2_F1,4,,succeeded,ISSAI_KazakhTTS2_F1,4,,1896960871,1,[],raw/v4/xlsr_sls_model_v4_kk_spoof_raw_v1/kk-piper-issai-high-v1/7a/7af16f3ceb93e385952ac3307ca344c05a1acce8b2b725c67dcd5c30ea5f6dbd.wav,84e3d81f6024e86565e471a4cb8b54148384395194aaa288b7ef04baae6c626e,5.596009070294785,22050,local_cpu_piper,
6792,reserve,xlsr_sls_model_v4_kk_spoof:Train/tv_news/5f71040296c50,v4:kk:Train/tv_news/5f71040296c50,kk-piper-issai-high-v1,piper_neural_tts,piper_kk_issai_high,ISSAI_KazakhTTS2_F2,5,,succeeded,ISSAI_KazakhTTS2_F2,5,,1342634991,1,[],raw/v4/xlsr_sls_model_v4_kk_spoof_raw_v1/kk-piper-issai-high-v1/2f/2f0598f815cc7179ee4e90936338675795f0582895549248faea7244e9636a15.wav,d3b4049bdd6ebba8d5807187c3d016d275f1aadfb677908b6aedb79d293b4f83,1.9388662131519274,22050,local_cpu_piper,
6796,reserve,xlsr_sls_model_v4_kk_spoof:Train/podcasts/03_44_059,v4:kk:Train/podcasts/03_44_059,kk-piper-issai-high-v1,piper_neural_tts,piper_kk_issai_high,ISSAI_KazakhTTS2_M2,,,succeeded,ISSAI_KazakhTTS2_M2,,,708968331,1,[],raw/v4/xlsr_sls_model_v4_kk_spoof_raw_v1/kk-piper-issai-high-v1/b9/b991f37c87a21ce2d3bbbaf1b59c8fec4bfe08d60e369077a8706a81b5534db3.wav,683818ca3629b1ff947faddb688b291bed67db5ee52bbfccb8f4b6bca0f6fc14,4.9458503401360545,22050,local_cpu_piper,
6800,reserve,xlsr_sls_model_v4_kk_spoof:Train/radio/01_46_241,v4:kk:Train/radio/01_46_241,kk-piper-issai-high-v1,piper_neural_tts,piper_kk_issai_high,ISSAI_KazakhTTS_M1_Iseke,1,,succeeded,ISSAI_KazakhTTS_M1_Iseke,1,,1616515120,1,[],raw/v4/xlsr_sls_model_v4_kk_spoof_raw_v1/kk-piper-issai-high-v1/87/8796688566ee0160cbb15fb17cd3dd3d5ed0116f0a1c862eb13537b2585eaa2b.wav,4cf4210c11d06870075232cbaf248de71ada774c38127e82516bb229994a7a56,5.7817687074829935,22050,local_cpu_piper,
6804,reserve,xlsr_sls_model_v4_kk_spoof:Train/tv_news/5f71069696f6b,v4:kk:Train/tv_news/5f71069696f6b,kk-piper-issai-high-v1,piper_neural_tts,piper_kk_issai_high,ISSAI_KazakhTTS2_F3,2,,succeeded,ISSAI_KazakhTTS2_F3,2,,1690099867,1,[],raw/v4/xlsr_sls_model_v4_kk_spoof_raw_v1/kk-piper-issai-high-v1/87/87357cce3b42a016a8049178c901523bec0f80a58eba99c44456c8bb529ba97b.wav,9b8425574afd38e7f0b706ed6504f5ea444c8b532cdd7ee592cdb9acf860e857,2.345215419501134,22050,local_cpu_piper,
6808,reserve,xlsr_sls_model_v4_kk_spoof:Train/podcasts/04_04_216,v4:kk:Train/podcasts/04_04_216,kk-piper-issai-high-v1,piper_neural_tts,piper_kk_issai_high,ISSAI_KazakhTTS_F1_Raya,3,,succeeded,ISSAI_KazakhTTS_F1_Raya,3,,558060491,1,[],raw/v4/xlsr_sls_model_v4_kk_spoof_raw_v1/kk-piper-issai-high-v1/88/8843ba11020e986b983437553f86355f91270106e5034388f6a75336614a6cb4.wav,4c29d9407184d41a0030b89925f9f355c65935a315b0ba515d9ff0f8006779d6,5.77015873015873,22050,local_cpu_piper,
6812,reserve,xlsr_sls_model_v4_kk_spoof:Train/radio/01_52_528,v4:kk:Train/radio/01_52_528,kk-piper-issai-high-v1,piper_neural_tts,piper_kk_issai_high,ISSAI_KazakhTTS2_F1,4,,succeeded,ISSAI_KazakhTTS2_F1,4,,639203668,1,[],raw/v4/xlsr_sls_model_v4_kk_spoof_raw_v1/kk-piper-issai-high-v1/07/07cb4da43a886b7a310d6d24cb8e81068023a3af18845dda38603856e267a2bd.wav,2d353bf93b76750ab71cde62485c0ed6a95219023d25767750c3d6da0f51d0df,3.7500226757369615,22050,local_cpu_piper,
6816,reserve,xlsr_sls_model_v4_kk_spoof:Train/parliament/mazhilis_15_2_314,v4:kk:Train/parliament/mazhilis_15_2_314,kk-piper-issai-high-v1,piper_neural_tts,piper_kk_issai_high,ISSAI_KazakhTTS2_F2,5,,succeeded,ISSAI_KazakhTTS2_F2,5,,1038625647,1,[],raw/v4/xlsr_sls_model_v4_kk_spoof_raw_v1/kk-piper-issai-high-v1/c6/c6914dbc114c3718474ed9f43e4071c8ee0830bda61066f32d714c9066d3e224.wav,2121126f1b1cd40d2da44822ab7392a96e790c7314e76612f1d115f1102a9179,10.739229024943311,22050,local_cpu_piper,
6820,reserve,xlsr_sls_model_v4_kk_spoof:Train/radio/01_88_130,v4:kk:Train/radio/01_88_130,kk-piper-issai-high-v1,piper_neural_tts,piper_kk_issai_high,ISSAI_KazakhTTS2_M2,,,succeeded,ISSAI_KazakhTTS2_M2,,,551430758,1,[],raw/v4/xlsr_sls_model_v4_kk_spoof_raw_v1/kk-piper-issai-high-v1/e7/e78aeb9167a358ce0fba4d8b6840631fb014b4282bbf4f0bf589fdcbb35c133c.wav,5f92864149730bbe41f17e7c6ba66ec30d838ac249868c2f40b7aeaf11d10481,4.063492063492063,22050,local_cpu_piper,
6824,reserve,xlsr_sls_model_v4_kk_spoof:Train/podcasts/06_02_138,v4:kk:Train/podcasts/06_02_138,kk-piper-issai-high-v1,piper_neural_tts,piper_kk_issai_high,ISSAI_KazakhTTS_M1_Iseke,1,,succeeded,ISSAI_KazakhTTS_M1_Iseke,1,,370515527,1,[],raw/v4/xlsr_sls_model_v4_kk_spoof_raw_v1/kk-piper-issai-high-v1/aa/aafda3322ee17fa483d4e97e50a80164cbcbd444910765fb54a665f8e6ff407b.wav,a6ce8ac0476819f391e0c5c12763b6f7d9bd9e4b8cf90082b62a8e0850f0a5ae,12.329795918367347,22050,local_cpu_piper,
6828,reserve,xlsr_sls_model_v4_kk_spoof:Train/parliament/mazhilis_25_529,v4:kk:Train/parliament/mazhilis_25_529,kk-piper-issai-high-v1,piper_neural_tts,piper_kk_issai_high,ISSAI_KazakhTTS2_F3,2,,succeeded,ISSAI_KazakhTTS2_F3,2,,1978439439,1,[],raw/v4/xlsr_sls_model_v4_kk_spoof_raw_v1/kk-piper-issai-high-v1/9b/9b709510ae22ff9cb804b8ffede15a978551f84770ea6420368175f8fc71d098.wav,e485f8d2abbf81623895dfd6f06b754c7183f66d93df96e78d1656444675b543,12.794195011337868,22050,local_cpu_piper,
6832,reserve,xlsr_sls_model_v4_kk_spoof:Train/tv_news/5f71ce99b4c71,v4:kk:Train/tv_news/5f71ce99b4c71,kk-piper-issai-high-v1,piper_neural_tts,piper_kk_issai_high,ISSAI_KazakhTTS_F1_Raya,3,,succeeded,ISSAI_KazakhTTS_F1_Raya,3,,899812734,1,[],raw/v4/xlsr_sls_model_v4_kk_spoof_raw_v1/kk-piper-issai-high-v1/3c/3c327bb18e654525953e28b584c3962b7a8ab256e14836d263133208a209d7d6.wav,007db0e3cd57ab48b04a2874a3b7651a19aa85780d821b276a881d9fa8a86012,7.836734693877551,22050,local_cpu_piper,
6836,reserve,xlsr_sls_model_v4_kk_spoof:Train/parliament/senate_15_212,v4:kk:Train/parliament/senate_15_212,kk-piper-issai-high-v1,piper_neural_tts,piper_kk_issai_high,ISSAI_KazakhTTS2_F1,4,,succeeded,ISSAI_KazakhTTS2_F1,4,,2075304256,1,[],raw/v4/xlsr_sls_model_v4_kk_spoof_raw_v1/kk-piper-issai-high-v1/3b/3b0fe15f86b488235cc7fbc1c79011843a8d963eabda4629d8519205e83bbb81.wav,12c222d7fdc641a8b754295cbcc4961f98fde65a35e71dfadf49734d11bea91d,4.516281179138322,22050,local_cpu_piper,
6840,reserve,xlsr_sls_model_v4_kk_spoof:Train/parliament/senate_21_364,v4:kk:Train/parliament/senate_21_364,kk-piper-issai-high-v1,piper_neural_tts,piper_kk_issai_high,ISSAI_KazakhTTS2_F2,5,,succeeded,ISSAI_KazakhTTS2_F2,5,,43089143,1,[],raw/v4/xlsr_sls_model_v4_kk_spoof_raw_v1/kk-piper-issai-high-v1/dd/dd0530f375d62e86e98c792e6ba187a58056d5fa46517606611ba2bc14e297aa.wav,7bfd7419cd9757b252181a05aa56de891326772ad7ca475869b4fb223bc97cdc,5.363809523809524,22050,local_cpu_piper,
6844,reserve,xlsr_sls_model_v4_kk_spoof:Train/parliament/senate_19_016,v4:kk:Train/parliament/senate_19_016,kk-piper-issai-high-v1,piper_neural_tts,piper_kk_issai_high,ISSAI_KazakhTTS2_M2,,,succeeded,ISSAI_KazakhTTS2_M2,,,540190366,1,[],raw/v4/xlsr_sls_model_v4_kk_spoof_raw_v1/kk-piper-issai-high-v1/f7/f7b4eef41b091de75fe4eeeef4051d71b9a76187ad38f5b101d8d12192a90bbb.wav,ad2db1cca317ce30148e289feaf20b79c679736a9f274989cc132ea747a76298,9.496961451247165,22050,local_cpu_piper,
6848,reserve,xlsr_sls_model_v4_kk_spoof:Train/radio/01_78_474,v4:kk:Train/radio/01_78_474,kk-piper-issai-high-v1,piper_neural_tts,piper_kk_issai_high,ISSAI_KazakhTTS_M1_Iseke,1,,succeeded,ISSAI_KazakhTTS_M1_Iseke,1,,173181064,1,[],raw/v4/xlsr_sls_model_v4_kk_spoof_raw_v1/kk-piper-issai-high-v1/8d/8d9d5923529e016fd8a14539f28e24d438c9aaefd742715fdcabc82dad22a049.wav,01e7b3b1a387c7eeef1de12d24316d7c8661838416cd9766fe7c89f52f579377,2.5774149659863945,22050,local_cpu_piper,
6852,reserve,xlsr_sls_model_v4_kk_spoof:Train/podcasts/01_00_175,v4:kk:Train/podcasts/01_00_175,kk-piper-issai-high-v1,piper_neural_tts,piper_kk_issai_high,ISSAI_KazakhTTS2_F3,2,,succeeded,ISSAI_KazakhTTS2_F3,2,,280732414,1,[],raw/v4/xlsr_sls_model_v4_kk_spoof_raw_v1/kk-piper-issai-high-v1/ec/ec33a398c636048bf1aa82a3738151235ce337d9bb1b3ebe3e2c4258a8147d04.wav,4ace1b9258a6bdaa8504f86983e48cba98c26b897ec9aeffd3d59d1937ef75f6,1.3699773242630386,22050,local_cpu_piper,
6856,reserve,xlsr_sls_model_v4_kk_spoof:Train/parliament/mazhilis_29_847,v4:kk:Train/parliament/mazhilis_29_847,kk-piper-issai-high-v1,piper_neural_tts,piper_kk_issai_high,ISSAI_KazakhTTS_F1_Raya,3,,succeeded,ISSAI_KazakhTTS_F1_Raya,3,,1756957878,1,[],raw/v4/xlsr_sls_model_v4_kk_spoof_raw_v1/kk-piper-issai-high-v1/d0/d0ea36a793cf99f7557434373f7c637cbaf2f411c830e89bdf933dec4f5c4299.wav,f0c3ab386c4f2bd61c57991287539a8f56900398ffe84d25fa9689b59dda75a3,17.124716553287982,22050,local_cpu_piper,
6860,reserve,xlsr_sls_model_v4_kk_spoof:Train/parliament/senate_20_0282,v4:kk:Train/parliament/senate_20_0282,kk-piper-issai-high-v1,piper_neural_tts,piper_kk_issai_high,ISSAI_KazakhTTS2_F1,4,,succeeded,ISSAI_KazakhTTS2_F1,4,,1302312954,1,[],raw/v4/xlsr_sls_model_v4_kk_spoof_raw_v1/kk-piper-issai-high-v1/0a/0a45e93d1b58b1c1a5355e13afec16db5dd6c39cde13dc0e348fa231b52f2085.wav,4a3e3baa06791a1e4c233980ba39f5ef0284defa934e03662a3ea59e6d40d56f,3.7732426303854876,22050,local_cpu_piper,
6864,reserve,xlsr_sls_model_v4_kk_spoof:Train/tv_news/5fd037d67bd93,v4:kk:Train/tv_news/5fd037d67bd93,kk-piper-issai-high-v1,piper_neural_tts,piper_kk_issai_high,ISSAI_KazakhTTS2_F2,5,,succeeded,ISSAI_KazakhTTS2_F2,5,,453913842,1,[],raw/v4/xlsr_sls_model_v4_kk_spoof_raw_v1/kk-piper-issai-high-v1/74/745e22c46cc009cc051ab2d309ff5f75bdee801433d1ac0d32cd4b1aecfbb621.wav,c859495fc4d8158b5ee0e52ac745f8bae890cd37ea4e881c7196244235071df1,3.0998639455782313,22050,local_cpu_piper,
6868,reserve,xlsr_sls_model_v4_kk_spoof:Train/podcasts/01_01_122,v4:kk:Train/podcasts/01_01_122,kk-piper-issai-high-v1,piper_neural_tts,piper_kk_issai_high,ISSAI_KazakhTTS2_M2,,,succeeded,ISSAI_KazakhTTS2_M2,,,973717141,1,[],raw/v4/xlsr_sls_model_v4_kk_spoof_raw_v1/kk-piper-issai-high-v1/c5/c5e987d2b0d448add23b988e756c4ac2e5da917a7e8333a6b392593f6bcdebfc.wav,bb178f8e404148db9854130464a1fadcbf27555a11435c753cb915a8cfe65347,4.028662131519274,22050,local_cpu_piper,
6872,reserve,xlsr_sls_model_v4_kk_spoof:Train/radio/01_44_140,v4:kk:Train/radio/01_44_140,kk-piper-issai-high-v1,piper_neural_tts,piper_kk_issai_high,ISSAI_KazakhTTS_M1_Iseke,1,,succeeded,ISSAI_KazakhTTS_M1_Iseke,1,,1651217449,1,[],raw/v4/xlsr_sls_model_v4_kk_spoof_raw_v1/kk-piper-issai-high-v1/a3/a345ad6bfba0452be2b268b6928ad3463efaa81c796ca260ae3f80d42551dbd5.wav,58f68ff4653dfaea49295190f9144923e0c537e25a6e180c31226716d90f8080,3.924172335600907,22050,local_cpu_piper,
6876,reserve,xlsr_sls_model_v4_kk_spoof:Train/radio/01_19_77,v4:kk:Train/radio/01_19_77,kk-piper-issai-high-v1,piper_neural_tts,piper_kk_issai_high,ISSAI_KazakhTTS2_F3,2,,succeeded,ISSAI_KazakhTTS2_F3,2,,27343270,1,[],raw/v4/xlsr_sls_model_v4_kk_spoof_raw_v1/kk-piper-issai-high-v1/59/59498a88f97e0729fc64b5850e7328205c59a13ae4e2667a59742868628899f3.wav,f731f84f1e08db1000b56ed45c8f48e13918d29bbd7b9ce2ba7105dc7f76a8fa,2.914104308390023,22050,local_cpu_piper,
6880,reserve,xlsr_sls_model_v4_kk_spoof:Train/talkshow/01_36_286,v4:kk:Train/talkshow/01_36_286,kk-piper-issai-high-v1,piper_neural_tts,piper_kk_issai_high,ISSAI_KazakhTTS_F1_Raya,3,,succeeded,ISSAI_KazakhTTS_F1_Raya,3,,754591399,1,[],raw/v4/xlsr_sls_model_v4_kk_spoof_raw_v1/kk-piper-issai-high-v1/b3/b3b283a5171555893ab136c85d25c97573ea4e4ac8e2cd68d1bde6b27fa1ca24.wav,2e646ed01e441d4922bb71ce24d47567825c670dc34b8398dd3436ba3f390b61,1.9156462585034013,22050,local_cpu_piper,
6884,reserve,xlsr_sls_model_v4_kk_spoof:Train/parliament/senate_05_321,v4:kk:Train/parliament/senate_05_321,kk-piper-issai-high-v1,piper_neural_tts,piper_kk_issai_high,ISSAI_KazakhTTS2_F1,4,,succeeded,ISSAI_KazakhTTS2_F1,4,,78126023,1,[],raw/v4/xlsr_sls_model_v4_kk_spoof_raw_v1/kk-piper-issai-high-v1/d3/d34e3e383c12e61bb05b8d5ddf6fff1a5b6d65295007d3ea8808a54ddaa69532.wav,7cbda33074031b555d9dfa8a2f573f51c6215d413e7fbe8685072f6040ddeab0,3.5062131519274375,22050,local_cpu_piper,
6888,reserve,xlsr_sls_model_v4_kk_spoof:Train/talkshow/01_81_362,v4:kk:Train/talkshow/01_81_362,kk-piper-issai-high-v1,piper_neural_tts,piper_kk_issai_high,ISSAI_KazakhTTS2_F2,5,,succeeded,ISSAI_KazakhTTS2_F2,5,,1874035890,1,[],raw/v4/xlsr_sls_model_v4_kk_spoof_raw_v1/kk-piper-issai-high-v1/11/11a5071c419cfb6044dff219e6dd6a324a1b40fce4fe58f098f8532ac2a0a9a3.wav,0c9f91c23f5cbc13b9579338be829dceacbe13f9258169edd5730d836cc466ee,6.989206349206349,22050,local_cpu_piper,
6892,reserve,xlsr_sls_model_v4_kk_spoof:Train/podcasts/08_00_109,v4:kk:Train/podcasts/08_00_109,kk-piper-issai-high-v1,piper_neural_tts,piper_kk_issai_high,ISSAI_KazakhTTS2_M2,,,succeeded,ISSAI_KazakhTTS2_M2,,,1816546965,1,[],raw/v4/xlsr_sls_model_v4_kk_spoof_raw_v1/kk-piper-issai-high-v1/c9/c97394706101fa6150da662bc71473ef63a4fe7da41a3ca47d1ac0ce4fc07ff9.wav,4c1deb6256722d5a9a3f6a0f38d20a0446aa7c99aad6d1c9dff9ecbc63629d49,9.369251700680271,22050,local_cpu_piper,
6896,reserve,xlsr_sls_model_v4_kk_spoof:Train/tv_news/5f834eae4200e,v4:kk:Train/tv_news/5f834eae4200e,kk-piper-issai-high-v1,piper_neural_tts,piper_kk_issai_high,ISSAI_KazakhTTS_M1_Iseke,1,,succeeded,ISSAI_KazakhTTS_M1_Iseke,1,,378556702,1,[],raw/v4/xlsr_sls_model_v4_kk_spoof_raw_v1/kk-piper-issai-high-v1/a0/a05d25b0e02e3670e1180b5afedbb277a6d3905e7feded4052e3247a080d7ec7.wav,85400b27b8d78342462c0c2c66b50fe6e6637a3fa3e0370b57a4c256aca50d34,4.829750566893424,22050,local_cpu_piper,
6900,reserve,xlsr_sls_model_v4_kk_spoof:Train/radio/01_22_094,v4:kk:Train/radio/01_22_094,kk-piper-issai-high-v1,piper_neural_tts,piper_kk_issai_high,ISSAI_KazakhTTS2_F3,2,,succeeded,ISSAI_KazakhTTS2_F3,2,,305494928,1,[],raw/v4/xlsr_sls_model_v4_kk_spoof_raw_v1/kk-piper-issai-high-v1/ea/eaa2fc3e8998024a8f5b0af9f54dc60146b6b10b4ca0c02e7202d799793feec9.wav,2887e4290e7eb1fab6f75f9bc9b79437ce5a00f3b77b8222c36542575854b513,4.702040816326531,22050,local_cpu_piper,
6904,reserve,xlsr_sls_model_v4_kk_spoof:Train/parliament/senate_08_046,v4:kk:Train/parliament/senate_08_046,kk-piper-issai-high-v1,piper_neural_tts,piper_kk_issai_high,ISSAI_KazakhTTS_F1_Raya,3,,succeeded,ISSAI_KazakhTTS_F1_Raya,3,,1043042227,1,[],raw/v4/xlsr_sls_model_v4_kk_spoof_raw_v1/kk-piper-issai-high-v1/b4/b4dee89911f77e4d27e474632ff8a7f9d0b601bf09e0098945ba53f6488e6dff.wav,18ef4a9a9700a758fbaf15455bba69b0a3df6583ee442276d952898f0899bad0,10.39092970521542,22050,local_cpu_piper,
6908,reserve,xlsr_sls_model_v4_kk_spoof:Train/podcasts/06_11_370,v4:kk:Train/podcasts/06_11_370,kk-piper-issai-high-v1,piper_neural_tts,piper_kk_issai_high,ISSAI_KazakhTTS2_F1,4,,succeeded,ISSAI_KazakhTTS2_F1,4,,655556147,1,[],raw/v4/xlsr_sls_model_v4_kk_spoof_raw_v1/kk-piper-issai-high-v1/2d/2d3ca47d294458b2808a600ea938a8d5660b0456e6bde12083057a8a8e729a50.wav,677bc5b804b4c44a39a62dd180f403d56d0dce6d12825c69ea2fae69578a49c3,5.166439909297052,22050,local_cpu_piper,
6912,reserve,xlsr_sls_model_v4_kk_spoof:Train/tv_news/5f834deedda09,v4:kk:Train/tv_news/5f834deedda09,kk-piper-issai-high-v1,piper_neural_tts,piper_kk_issai_high,ISSAI_KazakhTTS2_F2,5,,succeeded,ISSAI_KazakhTTS2_F2,5,,186945611,1,[],raw/v4/xlsr_sls_model_v4_kk_spoof_raw_v1/kk-piper-issai-high-v1/9e/9e29a658d928a967be78027b8397538b0c139a719f1db6fccd7e3de5a7f42dbc.wav,e95896f6857f1b532ffbc4eb62ae069347314d9d34af2c82e8f24bd7e32e76fe,4.655600907029479,22050,local_cpu_piper,
6916,reserve,xlsr_sls_model_v4_kk_spoof:Train/radio/01_65_236,v4:kk:Train/radio/01_65_236,kk-piper-issai-high-v1,piper_neural_tts,piper_kk_issai_high,ISSAI_KazakhTTS2_M2,,,succeeded,ISSAI_KazakhTTS2_M2,,,1250765132,1,[],raw/v4/xlsr_sls_model_v4_kk_spoof_raw_v1/kk-piper-issai-high-v1/e0/e0c57a66a94cdb2b654543ce71ccf3ca8ae08a69ecbd39dc787d757e55e427d1.wav,4c9a1289ccc2652536fe5c61cf685d87a9e95bd003acda064c2dae72086875b4,8.661043083900227,22050,local_cpu_piper,
6920,reserve,xlsr_sls_model_v4_kk_spoof:Train/talkshow/01_50_093,v4:kk:Train/talkshow/01_50_093,kk-piper-issai-high-v1,piper_neural_tts,piper_kk_issai_high,ISSAI_KazakhTTS_M1_Iseke,1,,succeeded,ISSAI_KazakhTTS_M1_Iseke,1,,1883678770,1,[],raw/v4/xlsr_sls_model_v4_kk_spoof_raw_v1/kk-piper-issai-high-v1/25/25a2d017c1d7b382ef0343d4872f4b168ad1e75158fb692d27fa91ac2b694e50.wav,c3a07b7f5168fddf12e509e925fe3590195b0be8bf76226eb0f47f25bb2a07ec,3.4017233560090703,22050,local_cpu_piper,
6924,reserve,xlsr_sls_model_v4_kk_spoof:Train/podcasts/04_09_119,v4:kk:Train/podcasts/04_09_119,kk-piper-issai-high-v1,piper_neural_tts,piper_kk_issai_high,ISSAI_KazakhTTS2_F3,2,,succeeded,ISSAI_KazakhTTS2_F3,2,,1190909562,1,[],raw/v4/xlsr_sls_model_v4_kk_spoof_raw_v1/kk-piper-issai-high-v1/c9/c963cf00ecca5ce97358174c450ebeb896e6a975f46a7507558100cbb47c6e95.wav,b90022f9b84ea676bb360cda93c8600b9fbf9e43ab345ee163f75c949c7130ca,5.317369614512471,22050,local_cpu_piper,
6928,reserve,xlsr_sls_model_v4_kk_spoof:Train/parliament/senate_11_597,v4:kk:Train/parliament/senate_11_597,kk-piper-issai-high-v1,piper_neural_tts,piper_kk_issai_high,ISSAI_KazakhTTS_F1_Raya,3,,succeeded,ISSAI_KazakhTTS_F1_Raya,3,,347976591,1,[],raw/v4/xlsr_sls_model_v4_kk_spoof_raw_v1/kk-piper-issai-high-v1/ca/ca5e5ba58416275068a073359939d52ec3f13108ffbe65060491c1cd1f17ee4f.wav,80958b948c52fb87fe8d4d26a12181711bf3599d4ece7eec772f31f11ef405cc,5.851428571428571,22050,local_cpu_piper,
6932,reserve,xlsr_sls_model_v4_kk_spoof:Train/podcasts/06_07_218,v4:kk:Train/podcasts/06_07_218,kk-piper-issai-high-v1,piper_neural_tts,piper_kk_issai_high,ISSAI_KazakhTTS2_F1,4,,succeeded,ISSAI_KazakhTTS2_F1,4,,17586693,1,[],raw/v4/xlsr_sls_model_v4_kk_spoof_raw_v1/kk-piper-issai-high-v1/d7/d7285a99d2eb27fe59250490dbe43827160abf578ce4f3b415a6ea305686ad8b.wav,9b4656a58a46ad0488c2e264631a52e96485901267f36b5ed360743d274fc017,5.201269841269841,22050,local_cpu_piper,
6936,reserve,xlsr_sls_model_v4_kk_spoof:Train/talkshow/01_20_053,v4:kk:Train/talkshow/01_20_053,kk-piper-issai-high-v1,piper_neural_tts,piper_kk_issai_high,ISSAI_KazakhTTS2_F2,5,,succeeded,ISSAI_KazakhTTS2_F2,5,,130385294,1,[],raw/v4/xlsr_sls_model_v4_kk_spoof_raw_v1/kk-piper-issai-high-v1/fd/fd1a472ee10d4764fc3a836dd5542795906278edbe12dcdeeb34ec37161a77da.wav,c513d1ef84d4acd31d15cfb968afd3fa425e882914158c2af2855ea66ee98b4a,10.62312925170068,22050,local_cpu_piper,
6940,reserve,xlsr_sls_model_v4_kk_spoof:Train/parliament/mazhilis_15_1_342,v4:kk:Train/parliament/mazhilis_15_1_342,kk-piper-issai-high-v1,piper_neural_tts,piper_kk_issai_high,ISSAI_KazakhTTS2_M2,,,succeeded,ISSAI_KazakhTTS2_M2,,,1473706162,1,[],raw/v4/xlsr_sls_model_v4_kk_spoof_raw_v1/kk-piper-issai-high-v1/2c/2c7839548688995928681d1a1673cccbd02c07ffbd66bbc44d2fb2ae0712ec3a.wav,d8b895af94997cbc366a093c315d059ca3eec3073e14e21226ce280bd7ada435,5.143219954648526,22050,local_cpu_piper,
6944,reserve,xlsr_sls_model_v4_kk_spoof:Train/podcasts/08_07_082,v4:kk:Train/podcasts/08_07_082,kk-piper-issai-high-v1,piper_neural_tts,piper_kk_issai_high,ISSAI_KazakhTTS_M1_Iseke,1,,succeeded,ISSAI_KazakhTTS_M1_Iseke,1,,2053500421,1,[],raw/v4/xlsr_sls_model_v4_kk_spoof_raw_v1/kk-piper-issai-high-v1/1a/1a836fca2d8f1353d68891d672abb75f2d7a9d83a33a0dc837c505e402a7ae2a.wav,7188bf99d1da7670e2a2f8cefbfbf4e28133d360a99758e49540e7317bd30384,6.130068027210885,22050,local_cpu_piper,
6948,reserve,xlsr_sls_model_v4_kk_spoof:Train/tv_news/5f7107c6c5b94,v4:kk:Train/tv_news/5f7107c6c5b94,kk-piper-issai-high-v1,piper_neural_tts,piper_kk_issai_high,ISSAI_KazakhTTS2_F3,2,,succeeded,ISSAI_KazakhTTS2_F3,2,,2031173466,1,[],raw/v4/xlsr_sls_model_v4_kk_spoof_raw_v1/kk-piper-issai-high-v1/e3/e3b96bfc380aafd40001d4e05e85efb1c955437fbf44cc8367fa7f2dd6c27dd8.wav,6fbac845b4577150b89bdd8344c005aebc581b0971ef3f4574f057846609ad4c,3.7848526077097504,22050,local_cpu_piper,
6952,reserve,xlsr_sls_model_v4_kk_spoof:Train/parliament/senate_13_670,v4:kk:Train/parliament/senate_13_670,kk-piper-issai-high-v1,piper_neural_tts,piper_kk_issai_high,ISSAI_KazakhTTS_F1_Raya,3,,succeeded,ISSAI_KazakhTTS_F1_Raya,3,,256354346,1,[],raw/v4/xlsr_sls_model_v4_kk_spoof_raw_v1/kk-piper-issai-high-v1/26/261ec46044accd17bd036c4a8bc614433b7bad59a1afb06b10d99e05f349542a.wav,6988e10fd40204e84f24a82fdfcbed88ec9f353496a2f981b4f7bf39743b59ac,6.339047619047619,22050,local_cpu_piper,
6956,reserve,xlsr_sls_model_v4_kk_spoof:Train/talkshow/01_67_023,v4:kk:Train/talkshow/01_67_023,kk-piper-issai-high-v1,piper_neural_tts,piper_kk_issai_high,ISSAI_KazakhTTS2_F1,4,,succeeded,ISSAI_KazakhTTS2_F1,4,,337856876,1,[],raw/v4/xlsr_sls_model_v4_kk_spoof_raw_v1/kk-piper-issai-high-v1/7a/7a0177f70265cc687796a916c68d1dafa77b85b56d56ce90fb18b0a8b42637bf.wav,308eae15da2b9fb6a83e02d5fd7d14e761a9e9a020d820688ec6743d26ff0278,5.6656689342403626,22050,local_cpu_piper,
6960,reserve,xlsr_sls_model_v4_kk_spoof:Train/parliament/mazhilis_25_045,v4:kk:Train/parliament/mazhilis_25_045,kk-piper-issai-high-v1,piper_neural_tts,piper_kk_issai_high,ISSAI_KazakhTTS2_F2,5,,succeeded,ISSAI_KazakhTTS2_F2,5,,927560227,1,[],raw/v4/xlsr_sls_model_v4_kk_spoof_raw_v1/kk-piper-issai-high-v1/23/23861bec7e4b8c242e10abb2e5a1fc4dfcd3a3b853ca575b57fdde36a8c47d6f.wav,7a0c224e0717dda29085c3bfa6fe65f8d1540a9f1e710d86eaaa89772239d197,7.302675736961452,22050,local_cpu_piper,
6964,reserve,xlsr_sls_model_v4_kk_spoof:Train/parliament/mazhilis_16_2_250,v4:kk:Train/parliament/mazhilis_16_2_250,kk-piper-issai-high-v1,piper_neural_tts,piper_kk_issai_high,ISSAI_KazakhTTS2_M2,,,succeeded,ISSAI_KazakhTTS2_M2,,,1056935989,1,[],raw/v4/xlsr_sls_model_v4_kk_spoof_raw_v1/kk-piper-issai-high-v1/c1/c174ebda1fef368d21b4a61d4eaf2d74ca5d725055a3297bdd69558183a64637.wav,4046331d12a7324605b6f7846b11eb062b9eb386e0fad42049693342211aaca7,12.1556462585034,22050,local_cpu_piper,
6968,reserve,xlsr_sls_model_v4_kk_spoof:Train/tv_news/5f71072794e3d,v4:kk:Train/tv_news/5f71072794e3d,kk-piper-issai-high-v1,piper_neural_tts,piper_kk_issai_high,ISSAI_KazakhTTS_M1_Iseke,1,,succeeded,ISSAI_KazakhTTS_M1_Iseke,1,,790258437,1,[],raw/v4/xlsr_sls_model_v4_kk_spoof_raw_v1/kk-piper-issai-high-v1/58/5865df752a1f0df400da586f4f9a0721af3913a69edf46ab852f6560c5ad4103.wav,c3f6e69989de853af9d7bd4100202aaf870438fdafef7bfd31c7351f48f42b05,3.8080725623582765,22050,local_cpu_piper,
6972,reserve,xlsr_sls_model_v4_kk_spoof:Train/parliament/mazhilis_17_2_640,v4:kk:Train/parliament/mazhilis_17_2_640,kk-piper-issai-high-v1,piper_neural_tts,piper_kk_issai_high,ISSAI_KazakhTTS2_F3,2,,succeeded,ISSAI_KazakhTTS2_F3,2,,1925832928,1,[],raw/v4/xlsr_sls_model_v4_kk_spoof_raw_v1/kk-piper-issai-high-v1/a3/a31386b3d7e32a8730a8003b1a87a5e2541ec1b3892c6dc2940503b775d5e422.wav,5a7163643a2ffed3939416c06b1bffe23b555bb00185ae2d14f847e50690f612,6.907936507936508,22050,local_cpu_piper,
6976,reserve,xlsr_sls_model_v4_kk_spoof:Train/radio/01_40_375,v4:kk:Train/radio/01_40_375,kk-piper-issai-high-v1,piper_neural_tts,piper_kk_issai_high,ISSAI_KazakhTTS_F1_Raya,3,,succeeded,ISSAI_KazakhTTS_F1_Raya,3,,1087219651,1,[],raw/v4/xlsr_sls_model_v4_kk_spoof_raw_v1/kk-piper-issai-high-v1/8d/8d8d8377e0c99a1e02599d4998ee66637e6725b137e54edcadea5dcddf078558.wav,ea529cf4ff5154e26e29548224946cd0b69dc41f08e29cc8cdf0f856e50112a0,1.3351473922902495,22050,local_cpu_piper,
6980,reserve,xlsr_sls_model_v4_kk_spoof:Train/radio/01_14_221,v4:kk:Train/radio/01_14_221,kk-piper-issai-high-v1,piper_neural_tts,piper_kk_issai_high,ISSAI_KazakhTTS2_F1,4,,succeeded,ISSAI_KazakhTTS2_F1,4,,1947791946,1,[],raw/v4/xlsr_sls_model_v4_kk_spoof_raw_v1/kk-piper-issai-high-v1/77/77986a9c22598945917b1cea848e400a2d96a0d7fb5bcab8602c93e09722a419.wav,17f3bc7efdcf7240fc9a879f5ba5e75e0dfda27ef446e0d8456a02b0e476786b,4.876190476190477,22050,local_cpu_piper,
6984,reserve,xlsr_sls_model_v4_kk_spoof:Train/radio/01_75_372,v4:kk:Train/radio/01_75_372,kk-piper-issai-high-v1,piper_neural_tts,piper_kk_issai_high,ISSAI_KazakhTTS2_F2,5,,succeeded,ISSAI_KazakhTTS2_F2,5,,270784294,1,[],raw/v4/xlsr_sls_model_v4_kk_spoof_raw_v1/kk-piper-issai-high-v1/dc/dca71a389c8f206573c4d33d6d8eca94435dac2a2b69e4aafa2d71fa71f802f8.wav,b17ccd7fd49ab09025a580c3d35888d04f82c1b847b4a069eaa3a7d80cfcd35e,2.3568253968253967,22050,local_cpu_piper,
6988,reserve,xlsr_sls_model_v4_kk_spoof:Train/parliament/mazhilis_13_489,v4:kk:Train/parliament/mazhilis_13_489,kk-piper-issai-high-v1,piper_neural_tts,piper_kk_issai_high,ISSAI_KazakhTTS2_M2,,,succeeded,ISSAI_KazakhTTS2_M2,,,514344451,1,[],raw/v4/xlsr_sls_model_v4_kk_spoof_raw_v1/kk-piper-issai-high-v1/3b/3ba8d4a7e28d221678cc702d6fe69546648e94b28d15869a06746fe50ab4497d.wav,52e52d05f8c1a28b0100aed4ae6de3f720ad47a107be127a39603ab6c640c3ad,3.947392290249433,22050,local_cpu_piper,
6992,reserve,xlsr_sls_model_v4_kk_spoof:Train/tv_news/5f7103956c906,v4:kk:Train/tv_news/5f7103956c906,kk-piper-issai-high-v1,piper_neural_tts,piper_kk_issai_high,ISSAI_KazakhTTS_M1_Iseke,1,,succeeded,ISSAI_KazakhTTS_M1_Iseke,1,,1305135067,1,[],raw/v4/xlsr_sls_model_v4_kk_spoof_raw_v1/kk-piper-issai-high-v1/8d/8df6c05cec494caf22a43b1dd25d5d6edaa89514f3890e90fc45b1c7d18c35ba.wav,3befd3d54b3ee4c6a5ae3ba06537718516002599b124aa71486eaa9637313e13,4.632380952380952,22050,local_cpu_piper,
6996,reserve,xlsr_sls_model_v4_kk_spoof:Train/podcasts/03_70_61,v4:kk:Train/podcasts/03_70_61,kk-piper-issai-high-v1,piper_neural_tts,piper_kk_issai_high,ISSAI_KazakhTTS2_F3,2,,succeeded,ISSAI_KazakhTTS2_F3,2,,1344075310,1,[],raw/v4/xlsr_sls_model_v4_kk_spoof_raw_v1/kk-piper-issai-high-v1/28/286a03392a164e0552699917eb5121d5f4d053a06f9f3c896f48b84aac3277f5.wav,3aaee03c2dd3c713062509cd5e3b75f135a32e1e38c1979157e38472b69e2693,5.340589569160998,22050,local_cpu_piper,
7000,reserve,xlsr_sls_model_v4_kk_spoof:Train/talkshow/01_59_125,v4:kk:Train/talkshow/01_59_125,kk-piper-issai-high-v1,piper_neural_tts,piper_kk_issai_high,ISSAI_KazakhTTS_F1_Raya,3,,succeeded,ISSAI_KazakhTTS_F1_Raya,3,,70617697,1,[],raw/v4/xlsr_sls_model_v4_kk_spoof_raw_v1/kk-piper-issai-high-v1/9d/9d03098196d80065452b390df865fb64ed98ce6f407208cee85fc3a606341b6e.wav,f3008f544253a9d075a0586f62a91741402d1677542bfd896f21b5c956f8c369,5.189659863945578,22050,local_cpu_piper,
7004,reserve,xlsr_sls_model_v4_kk_spoof:Train/tv_news/5fd03809a4769,v4:kk:Train/tv_news/5fd03809a4769,kk-piper-issai-high-v1,piper_neural_tts,piper_kk_issai_high,ISSAI_KazakhTTS2_F1,4,,succeeded,ISSAI_KazakhTTS2_F1,4,,69220233,1,[],raw/v4/xlsr_sls_model_v4_kk_spoof_raw_v1/kk-piper-issai-high-v1/b1/b1048332b9c26469cef8ded535ca0972e1896ac19525d5a037b3db2a59f456e0.wav,cc33e053602917b15f4b70bcd26702d80043e1784d5d0aef12f40711a58f0f2a,8.370793650793651,22050,local_cpu_piper,
7008,reserve,xlsr_sls_model_v4_kk_spoof:Train/talkshow/01_19_062,v4:kk:Train/talkshow/01_19_062,kk-piper-issai-high-v1,piper_neural_tts,piper_kk_issai_high,ISSAI_KazakhTTS2_F2,5,,succeeded,ISSAI_KazakhTTS2_F2,5,,1496782137,1,[],raw/v4/xlsr_sls_model_v4_kk_spoof_raw_v1/kk-piper-issai-high-v1/e4/e42bd9080f799cc19596065d38e5256cfaa811f29a82bb9bbff6fcb7669b33a4.wav,5053fbdebc045a5c150fa0e595a493240121dfaf3829a547287ec3a6d88122ed,7.070476190476191,22050,local_cpu_piper,
7012,reserve,xlsr_sls_model_v4_kk_spoof:Train/tv_news/6006d24756640,v4:kk:Train/tv_news/6006d24756640,kk-piper-issai-high-v1,piper_neural_tts,piper_kk_issai_high,ISSAI_KazakhTTS2_M2,,,succeeded,ISSAI_KazakhTTS2_M2,,,360618535,1,[],raw/v4/xlsr_sls_model_v4_kk_spoof_raw_v1/kk-piper-issai-high-v1/58/5801caf2ddcc6387b8373407188649d1cffb2dee138b9c76c0d6ce83ced5bde3.wav,24114f2d1b029392f65f3068f8cd0bfa9b54a8fd1229a8bbefb3f229d046da8a,6.617687074829932,22050,local_cpu_piper,
7016,reserve,xlsr_sls_model_v4_kk_spoof:Train/talkshow/01_21_115,v4:kk:Train/talkshow/01_21_115,kk-piper-issai-high-v1,piper_neural_tts,piper_kk_issai_high,ISSAI_KazakhTTS_M1_Iseke,1,,succeeded,ISSAI_KazakhTTS_M1_Iseke,1,,714127641,1,[],raw/v4/xlsr_sls_model_v4_kk_spoof_raw_v1/kk-piper-issai-high-v1/a9/a9351c81e1c97b49bb67792b8910004930951e411ecd3d701a1b60d7abe61529.wav,a896163fb95ff8bf1faf1f2ad26584184c4b11a7fcd8d2429dbd6f21936ea0d2,1.9272562358276644,22050,local_cpu_piper,
7020,reserve,xlsr_sls_model_v4_kk_spoof:Train/radio/01_14_259,v4:kk:Train/radio/01_14_259,kk-piper-issai-high-v1,piper_neural_tts,piper_kk_issai_high,ISSAI_KazakhTTS2_F3,2,,succeeded,ISSAI_KazakhTTS2_F3,2,,116842591,1,[],raw/v4/xlsr_sls_model_v4_kk_spoof_raw_v1/kk-piper-issai-high-v1/0c/0c757396e78180a6dd83db2091fc434a0c8031aa9316aae2b1384133cc25a15b.wav,ac4314e5f046ad7235425ffbfed56e7416b6a1919aa38d82805f42b292f79b6f,8.382403628117913,22050,local_cpu_piper,
7024,reserve,xlsr_sls_model_v4_kk_spoof:Train/podcasts/01_02_095,v4:kk:Train/podcasts/01_02_095,kk-piper-issai-high-v1,piper_neural_tts,piper_kk_issai_high,ISSAI_KazakhTTS_F1_Raya,3,,succeeded,ISSAI_KazakhTTS_F1_Raya,3,,1068575691,1,[],raw/v4/xlsr_sls_model_v4_kk_spoof_raw_v1/kk-piper-issai-high-v1/f7/f7d3bd063d26c97667ad77816a68119aa8f06e9e150deff5e086cf113839ec33.wav,83290b24180a0ab5e88eb46a4a38709dbaa3c63a3fc4e2217dbfadcde183616b,6.513197278911565,22050,local_cpu_piper,
7028,reserve,xlsr_sls_model_v4_kk_spoof:Train/parliament/mazhilis_18_1_566,v4:kk:Train/parliament/mazhilis_18_1_566,kk-piper-issai-high-v1,piper_neural_tts,piper_kk_issai_high,ISSAI_KazakhTTS2_F1,4,,succeeded,ISSAI_KazakhTTS2_F1,4,,1707005455,1,[],raw/v4/xlsr_sls_model_v4_kk_spoof_raw_v1/kk-piper-issai-high-v1/fd/fd413de0d4dc052734110e9fb0f5e5f0b0dbe6af03739fde733fa44c055e2512.wav,308909bbfa818c53cba699085c3532dcd2c5e04d88c0428174c6c75054a3b2ff,8.103764172335602,22050,local_cpu_piper,
7032,reserve,xlsr_sls_model_v4_kk_spoof:Train/parliament/senate_11_610,v4:kk:Train/parliament/senate_11_610,kk-piper-issai-high-v1,piper_neural_tts,piper_kk_issai_high,ISSAI_KazakhTTS2_F2,5,,succeeded,ISSAI_KazakhTTS2_F2,5,,1063195756,1,[],raw/v4/xlsr_sls_model_v4_kk_spoof_raw_v1/kk-piper-issai-high-v1/42/420e4a1d01bdb6eaa52576f57e634718f7d89452ac02ed519e56948d9312ce6d.wav,3fc3092c443eafe13285a71fdf267e209d0c2b737602417f3bfb97491956e1f3,2.4729251700680273,22050,local_cpu_piper,
7036,reserve,xlsr_sls_model_v4_kk_spoof:Train/podcasts/03_49_042,v4:kk:Train/podcasts/03_49_042,kk-piper-issai-high-v1,piper_neural_tts,piper_kk_issai_high,ISSAI_KazakhTTS2_M2,,,succeeded,ISSAI_KazakhTTS2_M2,,,1854188298,1,[],raw/v4/xlsr_sls_model_v4_kk_spoof_raw_v1/kk-piper-issai-high-v1/92/92a47ea4d6fd7dc36e75a94c0897372a417787d3e8ce584b5a985c4af51ab0d9.wav,d479de4eef01e260e286d11552b97e7874fa0640ad6961c240b6dd350677f33c,3.111473922902494,22050,local_cpu_piper,
7040,reserve,xlsr_sls_model_v4_kk_spoof:Train/talkshow/01_13_290,v4:kk:Train/talkshow/01_13_290,kk-piper-issai-high-v1,piper_neural_tts,piper_kk_issai_high,ISSAI_KazakhTTS_M1_Iseke,1,,succeeded,ISSAI_KazakhTTS_M1_Iseke,1,,1621163845,1,[],raw/v4/xlsr_sls_model_v4_kk_spoof_raw_v1/kk-piper-issai-high-v1/37/371cb08301fb6baa2ad986117434a4e10cfef3e25143179820578f80132c475b.wav,e96060d39853d4e8ad3706b1e836d6d7e6caecded47e4039593389af41b981ce,10.054240362811791,22050,local_cpu_piper,
7044,reserve,xlsr_sls_model_v4_kk_spoof:Train/podcasts/04_03_072,v4:kk:Train/podcasts/04_03_072,kk-piper-issai-high-v1,piper_neural_tts,piper_kk_issai_high,ISSAI_KazakhTTS2_F3,2,,succeeded,ISSAI_KazakhTTS2_F3,2,,1812153482,1,[],raw/v4/xlsr_sls_model_v4_kk_spoof_raw_v1/kk-piper-issai-high-v1/26/268a3bbdff8710eeaaff0299d5a8d1b5fe7661024ce6290c1e00dde5fdf9f9c1.wav,f85b99304580d569843151747d31a3cc0f09758e1772431cbc5b5e65f4e65b68,5.851428571428571,22050,local_cpu_piper,
7048,reserve,xlsr_sls_model_v4_kk_spoof:Train/parliament/mazhilis_17_1_567,v4:kk:Train/parliament/mazhilis_17_1_567,kk-piper-issai-high-v1,piper_neural_tts,piper_kk_issai_high,ISSAI_KazakhTTS_F1_Raya,3,,succeeded,ISSAI_KazakhTTS_F1_Raya,3,,1581286558,1,[],raw/v4/xlsr_sls_model_v4_kk_spoof_raw_v1/kk-piper-issai-high-v1/53/53b1c6bd665e0af38a44e7e429f02ee3d771ea0f82f420fb5e6522f7d221d76f.wav,290bd52a1abd6b0475733ea44c3f759de98a122cee40848041d282a687732e55,11.04108843537415,22050,local_cpu_piper,
7052,reserve,xlsr_sls_model_v4_kk_spoof:Train/talkshow/01_77_485,v4:kk:Train/talkshow/01_77_485,kk-piper-issai-high-v1,piper_neural_tts,piper_kk_issai_high,ISSAI_KazakhTTS2_F1,4,,succeeded,ISSAI_KazakhTTS2_F1,4,,44392031,1,[],raw/v4/xlsr_sls_model_v4_kk_spoof_raw_v1/kk-piper-issai-high-v1/dc/dc8892d47817cacd73656260f2a0d4da2d84dee448fc77a68171fe4159db4096.wav,8f7b8752ddb0b5ee778843f8460eae209db18d27afd4e23f384e924a17829073,4.655600907029479,22050,local_cpu_piper,
7056,reserve,xlsr_sls_model_v4_kk_spoof:Train/radio/01_49_013,v4:kk:Train/radio/01_49_013,kk-piper-issai-high-v1,piper_neural_tts,piper_kk_issai_high,ISSAI_KazakhTTS2_F2,5,,succeeded,ISSAI_KazakhTTS2_F2,5,,888526283,1,[],raw/v4/xlsr_sls_model_v4_kk_spoof_raw_v1/kk-piper-issai-high-v1/fa/fa367f9a2dce7207b004538777ffb469b6c38f5126b7ddb0483726e6f7faac72.wav,8472fe552b94fd3252873a43119910557b47b6764013d37c511c2aa7cbdb37c7,1.7531065759637188,22050,local_cpu_piper,
7060,reserve,xlsr_sls_model_v4_kk_spoof:Train/radio/01_15_28,v4:kk:Train/radio/01_15_28,kk-piper-issai-high-v1,piper_neural_tts,piper_kk_issai_high,ISSAI_KazakhTTS2_M2,,,succeeded,ISSAI_KazakhTTS2_M2,,,2032145515,1,[],raw/v4/xlsr_sls_model_v4_kk_spoof_raw_v1/kk-piper-issai-high-v1/c4/c4283cbd6002fb44133203aff736a3e66fea24bad52bbfdd3204c082f97a8c8d.wav,23ea214e1b90491cea75f75e38fe723fde54b1952b1239d54b604068204134da,1.7414965986394557,22050,local_cpu_piper,
7064,reserve,xlsr_sls_model_v4_kk_spoof:Train/parliament/mazhilis_20_765,v4:kk:Train/parliament/mazhilis_20_765,kk-piper-issai-high-v1,piper_neural_tts,piper_kk_issai_high,ISSAI_KazakhTTS_M1_Iseke,1,,succeeded,ISSAI_KazakhTTS_M1_Iseke,1,,120678609,1,[],raw/v4/xlsr_sls_model_v4_kk_spoof_raw_v1/kk-piper-issai-high-v1/f9/f99b8ad75a5aeaba56b4047d23587dc845914a8ad2f2dc60074d52731c5201e4.wav,691d6125df8b69c7205d626c3be3577e7e716f7582b0cfc3fcb150519e13e7e1,10.112290249433107,22050,local_cpu_piper,
7068,reserve,xlsr_sls_model_v4_kk_spoof:Train/talkshow/01_78_333,v4:kk:Train/talkshow/01_78_333,kk-piper-issai-high-v1,piper_neural_tts,piper_kk_issai_high,ISSAI_KazakhTTS2_F3,2,,succeeded,ISSAI_KazakhTTS2_F3,2,,168466151,1,[],raw/v4/xlsr_sls_model_v4_kk_spoof_raw_v1/kk-piper-issai-high-v1/ba/ba52579b26b5d8a84909a338b32ca151353dc368dc295d7a56e18fddb896b1ae.wav,fa8011a5c0687556d0b083d07aba1f19b7daa16c49882b32fcdb79cf8c6f87e0,1.8575963718820863,22050,local_cpu_piper,
7072,reserve,xlsr_sls_model_v4_kk_spoof:Train/tv_news/5f834ddd63e66,v4:kk:Train/tv_news/5f834ddd63e66,kk-piper-issai-high-v1,piper_neural_tts,piper_kk_issai_high,ISSAI_KazakhTTS_F1_Raya,3,,succeeded,ISSAI_KazakhTTS_F1_Raya,3,,2061457948,1,[],raw/v4/xlsr_sls_model_v4_kk_spoof_raw_v1/kk-piper-issai-high-v1/22/2299aca5eeff1d0ba1f33aefb08b71f99441ba5990739d6b512358462c32e0f8.wav,9bdcddb5daff32290368d0155e284188f0ecab1504608d328015df789750b736,2.4380952380952383,22050,local_cpu_piper,
7076,reserve,xlsr_sls_model_v4_kk_spoof:Train/podcasts/01_00_320,v4:kk:Train/podcasts/01_00_320,kk-piper-issai-high-v1,piper_neural_tts,piper_kk_issai_high,ISSAI_KazakhTTS2_F1,4,,succeeded,ISSAI_KazakhTTS2_F1,4,,2047326325,1,[],raw/v4/xlsr_sls_model_v4_kk_spoof_raw_v1/kk-piper-issai-high-v1/fc/fc72fe8332d318dcc179fa3075766b00cb0b8e25d4a5b820e9cbd057c50ea543.wav,08995fdd057e670985fa6f7e5133b8383333656d2d3658119777cbd8ffec1cb4,9.137052154195011,22050,local_cpu_piper,
7080,reserve,xlsr_sls_model_v4_kk_spoof:Train/parliament/mazhilis_15_1_398,v4:kk:Train/parliament/mazhilis_15_1_398,kk-piper-issai-high-v1,piper_neural_tts,piper_kk_issai_high,ISSAI_KazakhTTS2_F2,5,,succeeded,ISSAI_KazakhTTS2_F2,5,,803242036,1,[],raw/v4/xlsr_sls_model_v4_kk_spoof_raw_v1/kk-piper-issai-high-v1/66/66a9fe33c3f7f0a5049473980dda333e1506f185338685823302a4655c8c65c2.wav,35403cf05622bc09fa985396b93dcb624c06fc420f5c3eca9d3790f029d27ec4,1.6486167800453515,22050,local_cpu_piper,
7084,reserve,xlsr_sls_model_v4_kk_spoof:Train/podcasts/05_02_137,v4:kk:Train/podcasts/05_02_137,kk-piper-issai-high-v1,piper_neural_tts,piper_kk_issai_high,ISSAI_KazakhTTS2_M2,,,succeeded,ISSAI_KazakhTTS2_M2,,,1125776039,1,[],raw/v4/xlsr_sls_model_v4_kk_spoof_raw_v1/kk-piper-issai-high-v1/bf/bfdf16a4b788068afba57d2ab9a6b8a3d7c2481dae737439e2c5f6c19bf9f888.wav,49a42973c4a6a18c9bfded6e15ada3889f4b67ffbe79884efaed6abd3408db45,6.408707482993197,22050,local_cpu_piper,
7088,reserve,xlsr_sls_model_v4_kk_spoof:Train/tv_news/5fa2e7b79a6f7,v4:kk:Train/tv_news/5fa2e7b79a6f7,kk-piper-issai-high-v1,piper_neural_tts,piper_kk_issai_high,ISSAI_KazakhTTS_M1_Iseke,1,,succeeded,ISSAI_KazakhTTS_M1_Iseke,1,,88648928,1,[],raw/v4/xlsr_sls_model_v4_kk_spoof_raw_v1/kk-piper-issai-high-v1/3c/3cee2cb6fe9240b3fb772b1d9c5af0a96855bf4e2622fb156af80b243620bfe1.wav,73f3e9a16d7c1100bd571dd530339298711a6b091666e69fc10cd984f9f8cb7a,5.456689342403628,22050,local_cpu_piper,
7092,reserve,xlsr_sls_model_v4_kk_spoof:Train/podcasts/05_05_034,v4:kk:Train/podcasts/05_05_034,kk-piper-issai-high-v1,piper_neural_tts,piper_kk_issai_high,ISSAI_KazakhTTS2_F3,2,,succeeded,ISSAI_KazakhTTS2_F3,2,,1710707242,1,[],raw/v4/xlsr_sls_model_v4_kk_spoof_raw_v1/kk-piper-issai-high-v1/7c/7cb76ac1cb082d02ea1773d37da06dbc17a4903c117693055dad85dec13d2399.wav,4d8f3c8c96e6cdcb6c4873d4c831ce042b1611d6405cf2f5b37b56c73a5332c4,5.746938775510204,22050,local_cpu_piper,
7096,reserve,xlsr_sls_model_v4_kk_spoof:Train/radio/01_35_309,v4:kk:Train/radio/01_35_309,kk-piper-issai-high-v1,piper_neural_tts,piper_kk_issai_high,ISSAI_KazakhTTS_F1_Raya,3,,succeeded,ISSAI_KazakhTTS_F1_Raya,3,,790232927,1,[],raw/v4/xlsr_sls_model_v4_kk_spoof_raw_v1/kk-piper-issai-high-v1/b7/b7205462462fedaec29ae4067f2395d17c9527c6d6264d9c19358f0f01a7c16f.wav,ced008afb3306571fa3542690b3402255a7d555c22195379dc3cb9cfe4ed7cf1,7.952834467120182,22050,local_cpu_piper,
7100,reserve,xlsr_sls_model_v4_kk_spoof:Train/tv_news/5f71d1d8332f6,v4:kk:Train/tv_news/5f71d1d8332f6,kk-piper-issai-high-v1,piper_neural_tts,piper_kk_issai_high,ISSAI_KazakhTTS2_F1,4,,succeeded,ISSAI_KazakhTTS2_F1,4,,679211819,1,[],raw/v4/xlsr_sls_model_v4_kk_spoof_raw_v1/kk-piper-issai-high-v1/c9/c9cf2dcff2d2e7ca5894f8f2bbb00fff3a3c85af5b4eeae0d0af1e15a0115ec0.wav,2b34f07a1c9185083729494411e060eca846c98fac4613068239e69baeba32d1,4.632380952380952,22050,local_cpu_piper,
7104,reserve,xlsr_sls_model_v4_kk_spoof:Train/talkshow/01_50_338,v4:kk:Train/talkshow/01_50_338,kk-piper-issai-high-v1,piper_neural_tts,piper_kk_issai_high,ISSAI_KazakhTTS2_F2,5,,succeeded,ISSAI_KazakhTTS2_F2,5,,1370402275,1,[],raw/v4/xlsr_sls_model_v4_kk_spoof_raw_v1/kk-piper-issai-high-v1/55/55b04104e1edf49608e189ee657e388d280d93d754a4e61d339e414892670384.wav,668426f5ca46dfee45ff2ddc91a8069ab25c68bfcf0c8ce9a967cd983139c679,8.394013605442177,22050,local_cpu_piper,
7108,reserve,xlsr_sls_model_v4_kk_spoof:Train/talkshow/01_14_071,v4:kk:Train/talkshow/01_14_071,kk-piper-issai-high-v1,piper_neural_tts,piper_kk_issai_high,ISSAI_KazakhTTS2_M2,,,succeeded,ISSAI_KazakhTTS2_M2,,,2120026965,1,[],raw/v4/xlsr_sls_model_v4_kk_spoof_raw_v1/kk-piper-issai-high-v1/d1/d12c87d7aab67a0eaf4544375bdd50b8a635461201d9d70550ee82ecf959f614.wav,720e22be2f25b568133c65c6a34ad1882347e64aad00e9beb5c3f95ecca87611,2.3568253968253967,22050,local_cpu_piper,
7112,reserve,xlsr_sls_model_v4_kk_spoof:Train/podcasts/03_46_301,v4:kk:Train/podcasts/03_46_301,kk-piper-issai-high-v1,piper_neural_tts,piper_kk_issai_high,ISSAI_KazakhTTS_M1_Iseke,1,,succeeded,ISSAI_KazakhTTS_M1_Iseke,1,,1747172104,1,[],raw/v4/xlsr_sls_model_v4_kk_spoof_raw_v1/kk-piper-issai-high-v1/31/3136eb1859ac0082c0999e8a26a56639899e8a74557789f0c5f19b3459eace91.wav,3df5210b872620e90f803c70fa9d64d299f8c877aacf8f1405188491ca109d7c,3.8080725623582765,22050,local_cpu_piper,
7116,reserve,xlsr_sls_model_v4_kk_spoof:Train/parliament/mazhilis_15_1_189,v4:kk:Train/parliament/mazhilis_15_1_189,kk-piper-issai-high-v1,piper_neural_tts,piper_kk_issai_high,ISSAI_KazakhTTS2_F3,2,,succeeded,ISSAI_KazakhTTS2_F3,2,,94007146,1,[],raw/v4/xlsr_sls_model_v4_kk_spoof_raw_v1/kk-piper-issai-high-v1/64/643ef2bf21052f975751abe413bcbfbb3fe846a24da861ae32a8f973535c3259.wav,18c95b7ea45cc21201e3ec436a8d02e3ee1ce60e2f94aa9a2fbdca3820ea7f8e,4.20281179138322,22050,local_cpu_piper,
7120,reserve,xlsr_sls_model_v4_kk_spoof:Train/radio/01_57_154,v4:kk:Train/radio/01_57_154,kk-piper-issai-high-v1,piper_neural_tts,piper_kk_issai_high,ISSAI_KazakhTTS_F1_Raya,3,,succeeded,ISSAI_KazakhTTS_F1_Raya,3,,1181536166,1,[],raw/v4/xlsr_sls_model_v4_kk_spoof_raw_v1/kk-piper-issai-high-v1/53/53e863221dd9a6d8c75c4630ab2f8ac4d570dc912bd06a14a01767032621d3f3.wav,9990beab856da8b6245a95cb5dd585d2256baa555a80a5429bb76683549efc89,2.809614512471655,22050,local_cpu_piper,
7124,reserve,xlsr_sls_model_v4_kk_spoof:Train/talkshow/01_49_259,v4:kk:Train/talkshow/01_49_259,kk-piper-issai-high-v1,piper_neural_tts,piper_kk_issai_high,ISSAI_KazakhTTS2_F1,4,,succeeded,ISSAI_KazakhTTS2_F1,4,,531546016,1,[],raw/v4/xlsr_sls_model_v4_kk_spoof_raw_v1/kk-piper-issai-high-v1/d0/d0f0a11eb2b062b88aec0569ff2a29d7dab9cd9858f038b2ee5780884bb50709.wav,dc05baef17865920f647fb02b1f29ec4471b9a073ab2fa628e80df0032addb42,5.526349206349207,22050,local_cpu_piper,
7128,reserve,xlsr_sls_model_v4_kk_spoof:Train/radio/01_07_078,v4:kk:Train/radio/01_07_078,kk-piper-issai-high-v1,piper_neural_tts,piper_kk_issai_high,ISSAI_KazakhTTS2_F2,5,,succeeded,ISSAI_KazakhTTS2_F2,5,,1804908594,1,[],raw/v4/xlsr_sls_model_v4_kk_spoof_raw_v1/kk-piper-issai-high-v1/4a/4a6284027f4f670a18806c85c77bd5b897800dbcf5a13c8c933a5a4075c8de40.wav,d49e59818472cd609397faec8900ad029d385267d7fdbc6e9ca4cc4ea3ebc1e3,6.466757369614513,22050,local_cpu_piper,
7132,reserve,xlsr_sls_model_v4_kk_spoof:Train/tv_news/5fe2a63e5c3f3,v4:kk:Train/tv_news/5fe2a63e5c3f3,kk-piper-issai-high-v1,piper_neural_tts,piper_kk_issai_high,ISSAI_KazakhTTS2_M2,,,succeeded,ISSAI_KazakhTTS2_M2,,,1861995808,1,[],raw/v4/xlsr_sls_model_v4_kk_spoof_raw_v1/kk-piper-issai-high-v1/35/35ec81f8eb10b202fd3177daff4b1efd7adf41a1766e3be4359abfabc9ff62d4.wav,52833013b625723465425f20fb6189d51ba73b37ede1c811dd2c35e3403d7ccc,5.5495691609977325,22050,local_cpu_piper,
7136,reserve,xlsr_sls_model_v4_kk_spoof:Train/radio/01_23_033,v4:kk:Train/radio/01_23_033,kk-piper-issai-high-v1,piper_neural_tts,piper_kk_issai_high,ISSAI_KazakhTTS_M1_Iseke,1,,succeeded,ISSAI_KazakhTTS_M1_Iseke,1,,1890830051,1,[],raw/v4/xlsr_sls_model_v4_kk_spoof_raw_v1/kk-piper-issai-high-v1/31/31a3c1895f8e5d07d95c699404303eb66d3d6d486fb37ddd3f485c2346dd16f1.wav,ab49d22655c75fbdefe3818cfadfdc645c7a05308585e8dfa0fd94f380c64526,5.2477097505668935,22050,local_cpu_piper,
7140,reserve,xlsr_sls_model_v4_kk_spoof:Train/tv_news/5f71cff960eaa,v4:kk:Train/tv_news/5f71cff960eaa,kk-piper-issai-high-v1,piper_neural_tts,piper_kk_issai_high,ISSAI_KazakhTTS2_F3,2,,succeeded,ISSAI_KazakhTTS2_F3,2,,112935281,1,[],raw/v4/xlsr_sls_model_v4_kk_spoof_raw_v1/kk-piper-issai-high-v1/07/072cd9a499b53e96dcd274900e5508833963391198cb2670b60fc64ac4d94cd1.wav,1e8bf584e340aec867b6d4f970168e6b170549143cf76fccca2feee8d4f001d0,8.579773242630386,22050,local_cpu_piper,
7144,reserve,xlsr_sls_model_v4_kk_spoof:Train/talkshow/01_72_338,v4:kk:Train/talkshow/01_72_338,kk-piper-issai-high-v1,piper_neural_tts,piper_kk_issai_high,ISSAI_KazakhTTS_F1_Raya,3,,succeeded,ISSAI_KazakhTTS_F1_Raya,3,,2043336191,1,[],raw/v4/xlsr_sls_model_v4_kk_spoof_raw_v1/kk-piper-issai-high-v1/af/af41872d0552ad698fbc938ca5a8899f8a004bbd478a4f5fde7eb96e64e46cf4.wav,2929760a1b84e0cb65904cd64e0922fb26af7f802d2b76279a9c1edaf643f1dd,7.743854875283446,22050,local_cpu_piper,
7148,reserve,xlsr_sls_model_v4_kk_spoof:Train/tv_news/5fd037dc3f5a0,v4:kk:Train/tv_news/5fd037dc3f5a0,kk-piper-issai-high-v1,piper_neural_tts,piper_kk_issai_high,ISSAI_KazakhTTS2_F1,4,,succeeded,ISSAI_KazakhTTS2_F1,4,,1130890102,1,[],raw/v4/xlsr_sls_model_v4_kk_spoof_raw_v1/kk-piper-issai-high-v1/ec/ec9a8f85b29bfb5e39b95d57cc72a83d889f1914bd1745f88590fd3d80cd53f7.wav,d42da8d62456801e87c2fc0408b220c5ee6e89ccaaa9eb9e62e467383a31a5ec,2.6006349206349206,22050,local_cpu_piper,
7152,reserve,xlsr_sls_model_v4_kk_spoof:Train/talkshow/01_04_275,v4:kk:Train/talkshow/01_04_275,kk-piper-issai-high-v1,piper_neural_tts,piper_kk_issai_high,ISSAI_KazakhTTS2_F2,5,,succeeded,ISSAI_KazakhTTS2_F2,5,,1819491465,1,[],raw/v4/xlsr_sls_model_v4_kk_spoof_raw_v1/kk-piper-issai-high-v1/05/05fddf2e06d3dc8218d18c12e2a1692818f32f266d6166763d207243ae4cc858.wav,960d6062d9d08b7be019747a7328994e0e4b4f1632f362e9ec451035fad12579,3.982222222222222,22050,local_cpu_piper,
7156,reserve,xlsr_sls_model_v4_kk_spoof:Train/podcasts/03_30_27,v4:kk:Train/podcasts/03_30_27,kk-piper-issai-high-v1,piper_neural_tts,piper_kk_issai_high,ISSAI_KazakhTTS2_M2,,,succeeded,ISSAI_KazakhTTS2_M2,,,206916295,1,[],raw/v4/xlsr_sls_model_v4_kk_spoof_raw_v1/kk-piper-issai-high-v1/78/7828a4f494e66ab42b30cbae3cacf5fa3fe6da17adc0d83d1b14d21de9250d18.wav,908be971bc0cb2b0ae564619fe606844e8b8dc29adaea04d73b5ff774b6e9f11,2.914104308390023,22050,local_cpu_piper,
7160,reserve,xlsr_sls_model_v4_kk_spoof:Train/talkshow/01_52_018,v4:kk:Train/talkshow/01_52_018,kk-piper-issai-high-v1,piper_neural_tts,piper_kk_issai_high,ISSAI_KazakhTTS_M1_Iseke,1,,succeeded,ISSAI_KazakhTTS_M1_Iseke,1,,1119908749,1,[],raw/v4/xlsr_sls_model_v4_kk_spoof_raw_v1/kk-piper-issai-high-v1/9f/9f7860100795684399c9e96ae94723983a1a52edbc7218cb6f33ad9cbc31d202.wav,1a3604cfc52e8a5dc20497e5dcf6f1a7f28e91609112e14a696e064aa1935526,2.914104308390023,22050,local_cpu_piper,
7164,reserve,xlsr_sls_model_v4_kk_spoof:Train/talkshow/01_79_397,v4:kk:Train/talkshow/01_79_397,kk-piper-issai-high-v1,piper_neural_tts,piper_kk_issai_high,ISSAI_KazakhTTS2_F3,2,,succeeded,ISSAI_KazakhTTS2_F3,2,,1952315716,1,[],raw/v4/xlsr_sls_model_v4_kk_spoof_raw_v1/kk-piper-issai-high-v1/48/48fac8efd52e013e0056c0f5e589b477767e2786ae9308abc5b2d1fb73cdc6e4.wav,90560def369f43a75799c6f51ed27c2ea285c76c2824312b9dc36cd1efeba9dc,1.8459863945578232,22050,local_cpu_piper,
7168,reserve,xlsr_sls_model_v4_kk_spoof:Train/radio/01_14_264,v4:kk:Train/radio/01_14_264,kk-piper-issai-high-v1,piper_neural_tts,piper_kk_issai_high,ISSAI_KazakhTTS_F1_Raya,3,,succeeded,ISSAI_KazakhTTS_F1_Raya,3,,2119322734,1,[],raw/v4/xlsr_sls_model_v4_kk_spoof_raw_v1/kk-piper-issai-high-v1/05/0581f29b2d74567ec721f01906dfa775b695067d9ab0a30ef6ed8a7c1d9ba131.wav,d2ef62f8813008b7e15fa7fcae99c0f0bef9d31f0a42eb92451792c71af392fd,5.0967800453514736,22050,local_cpu_piper,
7172,reserve,xlsr_sls_model_v4_kk_spoof:Train/podcasts/01_07_496,v4:kk:Train/podcasts/01_07_496,kk-piper-issai-high-v1,piper_neural_tts,piper_kk_issai_high,ISSAI_KazakhTTS2_F1,4,,succeeded,ISSAI_KazakhTTS2_F1,4,,1277859239,1,[],raw/v4/xlsr_sls_model_v4_kk_spoof_raw_v1/kk-piper-issai-high-v1/38/38422fd8fa9bf10857101755830e282bb65fdcd479c7453518dc6db68fc39bc6.wav,17038431bd7e94928e07d9ee99d077b5e70b22acb4ceb4488cfd62e8b125eb11,7.163356009070295,22050,local_cpu_piper,
7176,reserve,xlsr_sls_model_v4_kk_spoof:Train/tv_news/5fd03825e751c,v4:kk:Train/tv_news/5fd03825e751c,kk-piper-issai-high-v1,piper_neural_tts,piper_kk_issai_high,ISSAI_KazakhTTS2_F2,5,,succeeded,ISSAI_KazakhTTS2_F2,5,,1555655218,1,[],raw/v4/xlsr_sls_model_v4_kk_spoof_raw_v1/kk-piper-issai-high-v1/cd/cdbb39951fe4a5413e79e0dc1ef71261f5d558360ba2d58f4eb138481a298797.wav,0d7dde7b72725ac875375fe0f578ba7b2518245d8f16c7ebdc119d302ca9436d,5.758548752834467,22050,local_cpu_piper,
7180,reserve,xlsr_sls_model_v4_kk_spoof:Train/parliament/mazhilis_14_281,v4:kk:Train/parliament/mazhilis_14_281,kk-piper-issai-high-v1,piper_neural_tts,piper_kk_issai_high,ISSAI_KazakhTTS2_M2,,,succeeded,ISSAI_KazakhTTS2_M2,,,267150475,1,[],raw/v4/xlsr_sls_model_v4_kk_spoof_raw_v1/kk-piper-issai-high-v1/80/807da8f2fdf8c200a120ccfd7de36c9d030ef9a6e67dbab9e094597c09f6211a.wav,be979789e8b8c1b03d58bbb03804715ae52766e2b96e27a82ed82f0a189466b8,4.574331065759637,22050,local_cpu_piper,
7184,reserve,xlsr_sls_model_v4_kk_spoof:Train/tv_news/5fd30f316cf5f,v4:kk:Train/tv_news/5fd30f316cf5f,kk-piper-issai-high-v1,piper_neural_tts,piper_kk_issai_high,ISSAI_KazakhTTS_M1_Iseke,1,,succeeded,ISSAI_KazakhTTS_M1_Iseke,1,,1453180166,1,[],raw/v4/xlsr_sls_model_v4_kk_spoof_raw_v1/kk-piper-issai-high-v1/93/93d2edbc7cddbe9057c6651511c7d375619c5d7d8b0c10ff1e536f3e7cd370b7.wav,7746f31e742b4ff48bc6f60573499725409455c9cea03bfd5c77dc9f301b9f8a,4.702040816326531,22050,local_cpu_piper,
7188,reserve,xlsr_sls_model_v4_kk_spoof:Train/podcasts/01_04_039,v4:kk:Train/podcasts/01_04_039,kk-piper-issai-high-v1,piper_neural_tts,piper_kk_issai_high,ISSAI_KazakhTTS2_F3,2,,succeeded,ISSAI_KazakhTTS2_F3,2,,713648997,1,[],raw/v4/xlsr_sls_model_v4_kk_spoof_raw_v1/kk-piper-issai-high-v1/af/af418feedb4fd67c01afff3f97f1b02edad34d820b79331a3be1c30408aede49.wav,532c48666ef977e2f20b75d20f4293db0d81b0726bf402d713ef7907133d990e,2.9024943310657596,22050,local_cpu_piper,
7192,reserve,xlsr_sls_model_v4_kk_spoof:Train/podcasts/01_07_397,v4:kk:Train/podcasts/01_07_397,kk-piper-issai-high-v1,piper_neural_tts,piper_kk_issai_high,ISSAI_KazakhTTS_F1_Raya,3,,succeeded,ISSAI_KazakhTTS_F1_Raya,3,,827112766,1,[],raw/v4/xlsr_sls_model_v4_kk_spoof_raw_v1/kk-piper-issai-high-v1/96/96f38ff2c642d3f3ce34bdb2c3b1eddb7ba045fce69df638b98594747b80195f.wav,583b9c9f4779dd36ab34a7f6487b4947881cd974987854f1e76438e9a7ca57df,12.422675736961452,22050,local_cpu_piper,
7196,reserve,xlsr_sls_model_v4_kk_spoof:Train/podcasts/03_56_099,v4:kk:Train/podcasts/03_56_099,kk-piper-issai-high-v1,piper_neural_tts,piper_kk_issai_high,ISSAI_KazakhTTS2_F1,4,,succeeded,ISSAI_KazakhTTS2_F1,4,,1237189533,1,[],raw/v4/xlsr_sls_model_v4_kk_spoof_raw_v1/kk-piper-issai-high-v1/02/0215035da22994edd0bfeba9ec849c9da2864ff701a489ced624821744e39fa2.wav,b402994b43435d754ac634d896448443acd9cfd8ffd8a2f4efbb12b7aa37d40d,4.829750566893424,22050,local_cpu_piper,
7200,reserve,xlsr_sls_model_v4_kk_spoof:Train/parliament/mazhilis_24_686,v4:kk:Train/parliament/mazhilis_24_686,kk-piper-issai-high-v1,piper_neural_tts,piper_kk_issai_high,ISSAI_KazakhTTS2_F2,5,,succeeded,ISSAI_KazakhTTS2_F2,5,,1615614112,1,[],raw/v4/xlsr_sls_model_v4_kk_spoof_raw_v1/kk-piper-issai-high-v1/01/01e65b0cbbb3a675d1b03df4555bf4a53bac12c96626ea114c363753b106547a.wav,d80b8b6c44d1efa7d9cd7a6b295c6371fbf2769c647c34e7ef50812a60f7ff38,11.842176870748299,22050,local_cpu_piper,
