sample_id,relative_path,sha256,split,label,language,code_switch,parent_group_id,source_name,source_license,rights_basis,speaker_pseudo_id,text_id,text_hash,duration_s,generator_family,generator_name,generator_version,voice_id,clone_consent_id,device,capture_route,original_sr,codec,augmentation_chain,augmentation_seed,created_at
qwen3_tts_customvoice_aiden_v4_final_salvage:91ffc8db1c69a7d12feb,processed/v4/xlsr_sls_model_v4_final_salvage_materialization_v1/ru_spoof/b3/b34b1e4cde736835fe606d3d6002165446cbc8f906ebd50c275378c49a3717fe.wav,b4dd54939a48b105581bea617e3d27d385cdbdc6f0aaae7b365cac35d5c2c031,test,spoof,ru,false,qwen3_tts_customvoice_aiden_v4_final_salvage:fixed-profile:qwen3_tts_0_6b_customvoice_aiden_q8_0,qwen3_tts_customvoice_aiden_v4_final_salvage,"Apache-2.0: Qwen CustomVoice and tokenizer model cards, cstr GGUF conversion cards, and CrispASR runtime release; permitted only for this project's personal-research scope with no training, calibration, product, re-hosting, verified-speaker or speaker-independence claim","One-shot local text-only derivative of frozen common_voice_ru_v24_v4_final_salvage text 5cbd497183474f66174a9f6b08dce9dde01f2d629774a2c46b57807f0b6620ca; no reference audio, cloning, resynthesis, replacement or backfill",qwen3_tts_customvoice_aiden_v4_final_salvage:synthetic-profile:qwen3_tts_0_6b_customvoice_aiden_q8_0,5cbd497183474f66174a9f6b08dce9dde01f2d629774a2c46b57807f0b6620ca,f33e675917075623564484c2109aefae8c5469aa509079b1390823682c4cdbbe,5.84,qwen3_tts_customvoice_gguf,Qwen3-TTS 0.6B CustomVoice Q8_0 GGUF,talker-cstr-29094dcb46f19b0898616aa9aeb876aa9aa6e086-5227dcbc4df7c5533341d111cc469fa491a48e722b23dd10f553181b52dff2d9; codec-cstr-344e279551177654762e5c7d39e217834325f222-70dc95dbfdd9aa5d9d406236ff771d061bf17b0cda02a72513953355606e719b; crispasr-v0.8.28-99e990ae-c2413af7d5e70a166b74fe96f5afb6d7463f1414a5ac2dea7cd982da9f83f827; fixed-aiden; wrapper-f02d93fd7ee064539771a868c5033bc163bec1c94c838eb1152c52eb7eb677b7,qwen3_tts_customvoice:aiden,not_applicable:text_only_no_reference_audio,cuda:0,offline_text_only_final_materialization,16000,wav,synthesis_text_sha256=f33e675917075623564484c2109aefae8c5469aa509079b1390823682c4cdbbe;reference_audio=forbidden;voice_cloning=false,4080953177,2026-08-16T01:00:00+06:00
qwen3_tts_customvoice_aiden_v4_final_salvage:287064b6e893106b8d8e,processed/v4/xlsr_sls_model_v4_final_salvage_materialization_v1/ru_spoof/5e/5eb72046d981f2ae1b951f1a6472b90a288f7676a7c65927fc898d7a6e393c11.wav,933800e6e7b27ac13486afc1114f9ea4110192d175c1e59e23223617874811c7,test,spoof,ru,false,qwen3_tts_customvoice_aiden_v4_final_salvage:fixed-profile:qwen3_tts_0_6b_customvoice_aiden_q8_0,qwen3_tts_customvoice_aiden_v4_final_salvage,"Apache-2.0: Qwen CustomVoice and tokenizer model cards, cstr GGUF conversion cards, and CrispASR runtime release; permitted only for this project's personal-research scope with no training, calibration, product, re-hosting, verified-speaker or speaker-independence claim","One-shot local text-only derivative of frozen common_voice_ru_v24_v4_final_salvage text 7140d01b88c26fc7e6f4ec83794f1d7d672d2ea666d82fcd4e2b729f39a3532a; no reference audio, cloning, resynthesis, replacement or backfill",qwen3_tts_customvoice_aiden_v4_final_salvage:synthetic-profile:qwen3_tts_0_6b_customvoice_aiden_q8_0,7140d01b88c26fc7e6f4ec83794f1d7d672d2ea666d82fcd4e2b729f39a3532a,8ee44ab2f66fb8e8d12856ececb67501044998b8efeec898e88a01b09af5ca6b,4.32,qwen3_tts_customvoice_gguf,Qwen3-TTS 0.6B CustomVoice Q8_0 GGUF,talker-cstr-29094dcb46f19b0898616aa9aeb876aa9aa6e086-5227dcbc4df7c5533341d111cc469fa491a48e722b23dd10f553181b52dff2d9; codec-cstr-344e279551177654762e5c7d39e217834325f222-70dc95dbfdd9aa5d9d406236ff771d061bf17b0cda02a72513953355606e719b; crispasr-v0.8.28-99e990ae-c2413af7d5e70a166b74fe96f5afb6d7463f1414a5ac2dea7cd982da9f83f827; fixed-aiden; wrapper-f02d93fd7ee064539771a868c5033bc163bec1c94c838eb1152c52eb7eb677b7,qwen3_tts_customvoice:aiden,not_applicable:text_only_no_reference_audio,cuda:0,offline_text_only_final_materialization,16000,wav,synthesis_text_sha256=8ee44ab2f66fb8e8d12856ececb67501044998b8efeec898e88a01b09af5ca6b;reference_audio=forbidden;voice_cloning=false,2397326002,2026-08-16T01:00:00+06:00
qwen3_tts_customvoice_aiden_v4_final_salvage:e16a345fdfc4e11c470a,processed/v4/xlsr_sls_model_v4_final_salvage_materialization_v1/ru_spoof/ab/ab034df606ad0673f16454a552472bd44f083543a9f82da50b2aa88f1f630824.wav,1da165bf15e0e23f187e5b686f2f162ecc43d5d07cd5e4f21f669a8f27b6948f,test,spoof,ru,false,qwen3_tts_customvoice_aiden_v4_final_salvage:fixed-profile:qwen3_tts_0_6b_customvoice_aiden_q8_0,qwen3_tts_customvoice_aiden_v4_final_salvage,"Apache-2.0: Qwen CustomVoice and tokenizer model cards, cstr GGUF conversion cards, and CrispASR runtime release; permitted only for this project's personal-research scope with no training, calibration, product, re-hosting, verified-speaker or speaker-independence claim","One-shot local text-only derivative of frozen common_voice_ru_v24_v4_final_salvage text e7a4ba37d3c3de8c9e8aab0f2523c7925f3a6e2d2e79f6a562e36e770da13729; no reference audio, cloning, resynthesis, replacement or backfill",qwen3_tts_customvoice_aiden_v4_final_salvage:synthetic-profile:qwen3_tts_0_6b_customvoice_aiden_q8_0,e7a4ba37d3c3de8c9e8aab0f2523c7925f3a6e2d2e79f6a562e36e770da13729,b52d47c722cb1fc965d03feb0359ba1ea720a6dcf9205b6eaeba64de1ba5ba85,4.16,qwen3_tts_customvoice_gguf,Qwen3-TTS 0.6B CustomVoice Q8_0 GGUF,talker-cstr-29094dcb46f19b0898616aa9aeb876aa9aa6e086-5227dcbc4df7c5533341d111cc469fa491a48e722b23dd10f553181b52dff2d9; codec-cstr-344e279551177654762e5c7d39e217834325f222-70dc95dbfdd9aa5d9d406236ff771d061bf17b0cda02a72513953355606e719b; crispasr-v0.8.28-99e990ae-c2413af7d5e70a166b74fe96f5afb6d7463f1414a5ac2dea7cd982da9f83f827; fixed-aiden; wrapper-f02d93fd7ee064539771a868c5033bc163bec1c94c838eb1152c52eb7eb677b7,qwen3_tts_customvoice:aiden,not_applicable:text_only_no_reference_audio,cuda:0,offline_text_only_final_materialization,16000,wav,synthesis_text_sha256=b52d47c722cb1fc965d03feb0359ba1ea720a6dcf9205b6eaeba64de1ba5ba85;reference_audio=forbidden;voice_cloning=false,3039643591,2026-08-16T01:00:00+06:00
qwen3_tts_customvoice_aiden_v4_final_salvage:e355a395cf6247a5c1a1,processed/v4/xlsr_sls_model_v4_final_salvage_materialization_v1/ru_spoof/0a/0a58158cf9daab87687985b3ac537cbc385c65e0e20cc97b14da3191dff554dd.wav,c1d9cb35bcbeabf5a9ed5017cd92e35284fdd08ca803e82b8b84adb510978a68,test,spoof,ru,false,qwen3_tts_customvoice_aiden_v4_final_salvage:fixed-profile:qwen3_tts_0_6b_customvoice_aiden_q8_0,qwen3_tts_customvoice_aiden_v4_final_salvage,"Apache-2.0: Qwen CustomVoice and tokenizer model cards, cstr GGUF conversion cards, and CrispASR runtime release; permitted only for this project's personal-research scope with no training, calibration, product, re-hosting, verified-speaker or speaker-independence claim","One-shot local text-only derivative of frozen common_voice_ru_v24_v4_final_salvage text d05a0c9e2ec809748ffbdf7970558812ba1597cb4df0e7f41ed1ec10882b56fe; no reference audio, cloning, resynthesis, replacement or backfill",qwen3_tts_customvoice_aiden_v4_final_salvage:synthetic-profile:qwen3_tts_0_6b_customvoice_aiden_q8_0,d05a0c9e2ec809748ffbdf7970558812ba1597cb4df0e7f41ed1ec10882b56fe,9cca30af544691548e11bdfd0eae8ef3e6b6fa1751f5d773d7db58993194c5e7,3.92,qwen3_tts_customvoice_gguf,Qwen3-TTS 0.6B CustomVoice Q8_0 GGUF,talker-cstr-29094dcb46f19b0898616aa9aeb876aa9aa6e086-5227dcbc4df7c5533341d111cc469fa491a48e722b23dd10f553181b52dff2d9; codec-cstr-344e279551177654762e5c7d39e217834325f222-70dc95dbfdd9aa5d9d406236ff771d061bf17b0cda02a72513953355606e719b; crispasr-v0.8.28-99e990ae-c2413af7d5e70a166b74fe96f5afb6d7463f1414a5ac2dea7cd982da9f83f827; fixed-aiden; wrapper-f02d93fd7ee064539771a868c5033bc163bec1c94c838eb1152c52eb7eb677b7,qwen3_tts_customvoice:aiden,not_applicable:text_only_no_reference_audio,cuda:0,offline_text_only_final_materialization,16000,wav,synthesis_text_sha256=9cca30af544691548e11bdfd0eae8ef3e6b6fa1751f5d773d7db58993194c5e7;reference_audio=forbidden;voice_cloning=false,2630496431,2026-08-16T01:00:00+06:00
qwen3_tts_customvoice_aiden_v4_final_salvage:0579f7eeb91fb10f5f78,processed/v4/xlsr_sls_model_v4_final_salvage_materialization_v1/ru_spoof/ec/ec0384fc7f79a9aa398d588ae07a7edf73464b9c3921184f8b0a5cbdd74a45b6.wav,e5557ae3a01ed15c33f98f6b62361857659c62ae795f57ea9abb99c121dbfb4e,test,spoof,ru,false,qwen3_tts_customvoice_aiden_v4_final_salvage:fixed-profile:qwen3_tts_0_6b_customvoice_aiden_q8_0,qwen3_tts_customvoice_aiden_v4_final_salvage,"Apache-2.0: Qwen CustomVoice and tokenizer model cards, cstr GGUF conversion cards, and CrispASR runtime release; permitted only for this project's personal-research scope with no training, calibration, product, re-hosting, verified-speaker or speaker-independence claim","One-shot local text-only derivative of frozen common_voice_ru_v24_v4_final_salvage text 9bde62d37676f7c21886db78d36522851f0e3030c4de24f1a5630d9911756ba8; no reference audio, cloning, resynthesis, replacement or backfill",qwen3_tts_customvoice_aiden_v4_final_salvage:synthetic-profile:qwen3_tts_0_6b_customvoice_aiden_q8_0,9bde62d37676f7c21886db78d36522851f0e3030c4de24f1a5630d9911756ba8,4bb13f4d7a5fa5abe3c5ad239850ca4d1ac0a43b1abb520722c38d2924d86957,3.44,qwen3_tts_customvoice_gguf,Qwen3-TTS 0.6B CustomVoice Q8_0 GGUF,talker-cstr-29094dcb46f19b0898616aa9aeb876aa9aa6e086-5227dcbc4df7c5533341d111cc469fa491a48e722b23dd10f553181b52dff2d9; codec-cstr-344e279551177654762e5c7d39e217834325f222-70dc95dbfdd9aa5d9d406236ff771d061bf17b0cda02a72513953355606e719b; crispasr-v0.8.28-99e990ae-c2413af7d5e70a166b74fe96f5afb6d7463f1414a5ac2dea7cd982da9f83f827; fixed-aiden; wrapper-f02d93fd7ee064539771a868c5033bc163bec1c94c838eb1152c52eb7eb677b7,qwen3_tts_customvoice:aiden,not_applicable:text_only_no_reference_audio,cuda:0,offline_text_only_final_materialization,16000,wav,synthesis_text_sha256=4bb13f4d7a5fa5abe3c5ad239850ca4d1ac0a43b1abb520722c38d2924d86957;reference_audio=forbidden;voice_cloning=false,1269907277,2026-08-16T01:00:00+06:00
qwen3_tts_customvoice_aiden_v4_final_salvage:c2f309f6046187fc825e,processed/v4/xlsr_sls_model_v4_final_salvage_materialization_v1/ru_spoof/6c/6cc64487a89cbec0a2b9f09b2127722295438808b04742009e3c0905b04a0cca.wav,48c33bcc8425ee4c128efb0def9fa2e22400a322e321a3dcf9b2e8db962734ec,test,spoof,ru,false,qwen3_tts_customvoice_aiden_v4_final_salvage:fixed-profile:qwen3_tts_0_6b_customvoice_aiden_q8_0,qwen3_tts_customvoice_aiden_v4_final_salvage,"Apache-2.0: Qwen CustomVoice and tokenizer model cards, cstr GGUF conversion cards, and CrispASR runtime release; permitted only for this project's personal-research scope with no training, calibration, product, re-hosting, verified-speaker or speaker-independence claim","One-shot local text-only derivative of frozen common_voice_ru_v24_v4_final_salvage text e41ffc47eb071032001f0a15693ca484bf49546b6542a86c26401e0601701ca8; no reference audio, cloning, resynthesis, replacement or backfill",qwen3_tts_customvoice_aiden_v4_final_salvage:synthetic-profile:qwen3_tts_0_6b_customvoice_aiden_q8_0,e41ffc47eb071032001f0a15693ca484bf49546b6542a86c26401e0601701ca8,97ca7266394fe0bea3bccb5fcb026c8eb197bde8b9eaea72b4856d141fe9d681,7.52,qwen3_tts_customvoice_gguf,Qwen3-TTS 0.6B CustomVoice Q8_0 GGUF,talker-cstr-29094dcb46f19b0898616aa9aeb876aa9aa6e086-5227dcbc4df7c5533341d111cc469fa491a48e722b23dd10f553181b52dff2d9; codec-cstr-344e279551177654762e5c7d39e217834325f222-70dc95dbfdd9aa5d9d406236ff771d061bf17b0cda02a72513953355606e719b; crispasr-v0.8.28-99e990ae-c2413af7d5e70a166b74fe96f5afb6d7463f1414a5ac2dea7cd982da9f83f827; fixed-aiden; wrapper-f02d93fd7ee064539771a868c5033bc163bec1c94c838eb1152c52eb7eb677b7,qwen3_tts_customvoice:aiden,not_applicable:text_only_no_reference_audio,cuda:0,offline_text_only_final_materialization,16000,wav,synthesis_text_sha256=97ca7266394fe0bea3bccb5fcb026c8eb197bde8b9eaea72b4856d141fe9d681;reference_audio=forbidden;voice_cloning=false,2546627174,2026-08-16T01:00:00+06:00
qwen3_tts_customvoice_aiden_v4_final_salvage:bebb4311902f36410973,processed/v4/xlsr_sls_model_v4_final_salvage_materialization_v1/ru_spoof/33/3342809c9af92f5c964e2e5a8f9254a2ebee360f48aef41b3c437e0e3abaa3f3.wav,c13e1a98265015ba6597288e4d4d8c93b45eb5ea408faa89ca4ad75c4e43980d,test,spoof,ru,false,qwen3_tts_customvoice_aiden_v4_final_salvage:fixed-profile:qwen3_tts_0_6b_customvoice_aiden_q8_0,qwen3_tts_customvoice_aiden_v4_final_salvage,"Apache-2.0: Qwen CustomVoice and tokenizer model cards, cstr GGUF conversion cards, and CrispASR runtime release; permitted only for this project's personal-research scope with no training, calibration, product, re-hosting, verified-speaker or speaker-independence claim","One-shot local text-only derivative of frozen common_voice_ru_v24_v4_final_salvage text a491e115baae90119e01b82c056305df23bf1c3733d57717555715c6885fd1b6; no reference audio, cloning, resynthesis, replacement or backfill",qwen3_tts_customvoice_aiden_v4_final_salvage:synthetic-profile:qwen3_tts_0_6b_customvoice_aiden_q8_0,a491e115baae90119e01b82c056305df23bf1c3733d57717555715c6885fd1b6,c39d6f1bf6cdf95d6494fc024a98a66dd38cf17d7eecc0c7c1fb319d9118012c,5.52,qwen3_tts_customvoice_gguf,Qwen3-TTS 0.6B CustomVoice Q8_0 GGUF,talker-cstr-29094dcb46f19b0898616aa9aeb876aa9aa6e086-5227dcbc4df7c5533341d111cc469fa491a48e722b23dd10f553181b52dff2d9; codec-cstr-344e279551177654762e5c7d39e217834325f222-70dc95dbfdd9aa5d9d406236ff771d061bf17b0cda02a72513953355606e719b; crispasr-v0.8.28-99e990ae-c2413af7d5e70a166b74fe96f5afb6d7463f1414a5ac2dea7cd982da9f83f827; fixed-aiden; wrapper-f02d93fd7ee064539771a868c5033bc163bec1c94c838eb1152c52eb7eb677b7,qwen3_tts_customvoice:aiden,not_applicable:text_only_no_reference_audio,cuda:0,offline_text_only_final_materialization,16000,wav,synthesis_text_sha256=c39d6f1bf6cdf95d6494fc024a98a66dd38cf17d7eecc0c7c1fb319d9118012c;reference_audio=forbidden;voice_cloning=false,3281874715,2026-08-16T01:00:00+06:00
qwen3_tts_customvoice_aiden_v4_final_salvage:50fdbed256cd9406c0f1,processed/v4/xlsr_sls_model_v4_final_salvage_materialization_v1/ru_spoof/b5/b589b292cc714e31d0ce9d49b3374ea7f2fbded5dbc8a5b708a92efeda3b9c90.wav,4cf98f516f39ef887eba5216b5e4a1da547c411a92587e903370b54a3b2f8463,test,spoof,ru,false,qwen3_tts_customvoice_aiden_v4_final_salvage:fixed-profile:qwen3_tts_0_6b_customvoice_aiden_q8_0,qwen3_tts_customvoice_aiden_v4_final_salvage,"Apache-2.0: Qwen CustomVoice and tokenizer model cards, cstr GGUF conversion cards, and CrispASR runtime release; permitted only for this project's personal-research scope with no training, calibration, product, re-hosting, verified-speaker or speaker-independence claim","One-shot local text-only derivative of frozen common_voice_ru_v24_v4_final_salvage text f6480652ea9a551a70d662cf9496c776a08ad9f4c97be999cd927441abebb844; no reference audio, cloning, resynthesis, replacement or backfill",qwen3_tts_customvoice_aiden_v4_final_salvage:synthetic-profile:qwen3_tts_0_6b_customvoice_aiden_q8_0,f6480652ea9a551a70d662cf9496c776a08ad9f4c97be999cd927441abebb844,70dc6fda9f4d5dbffe51bf3e69b8f669d50a6071eb6ed91e22843d829f51ad94,5.36,qwen3_tts_customvoice_gguf,Qwen3-TTS 0.6B CustomVoice Q8_0 GGUF,talker-cstr-29094dcb46f19b0898616aa9aeb876aa9aa6e086-5227dcbc4df7c5533341d111cc469fa491a48e722b23dd10f553181b52dff2d9; codec-cstr-344e279551177654762e5c7d39e217834325f222-70dc95dbfdd9aa5d9d406236ff771d061bf17b0cda02a72513953355606e719b; crispasr-v0.8.28-99e990ae-c2413af7d5e70a166b74fe96f5afb6d7463f1414a5ac2dea7cd982da9f83f827; fixed-aiden; wrapper-f02d93fd7ee064539771a868c5033bc163bec1c94c838eb1152c52eb7eb677b7,qwen3_tts_customvoice:aiden,not_applicable:text_only_no_reference_audio,cuda:0,offline_text_only_final_materialization,16000,wav,synthesis_text_sha256=70dc6fda9f4d5dbffe51bf3e69b8f669d50a6071eb6ed91e22843d829f51ad94;reference_audio=forbidden;voice_cloning=false,1893494746,2026-08-16T01:00:00+06:00
qwen3_tts_customvoice_aiden_v4_final_salvage:6ccd8c7db48ad9704424,processed/v4/xlsr_sls_model_v4_final_salvage_materialization_v1/ru_spoof/e5/e5b6b069b3c57f6781d45daa4f58c97416d03cb887af7eeb7a8cd3cf2a9797a2.wav,dd19eb2c5fbcae9a0df8a828ba0f1f7c10e2315d1dd1ae5b3e5b4178eb0a15c4,test,spoof,ru,false,qwen3_tts_customvoice_aiden_v4_final_salvage:fixed-profile:qwen3_tts_0_6b_customvoice_aiden_q8_0,qwen3_tts_customvoice_aiden_v4_final_salvage,"Apache-2.0: Qwen CustomVoice and tokenizer model cards, cstr GGUF conversion cards, and CrispASR runtime release; permitted only for this project's personal-research scope with no training, calibration, product, re-hosting, verified-speaker or speaker-independence claim","One-shot local text-only derivative of frozen common_voice_ru_v24_v4_final_salvage text 94821c8469f911d2024f19c42ef477e16c738e4adfb07d010ea852a2daa716a7; no reference audio, cloning, resynthesis, replacement or backfill",qwen3_tts_customvoice_aiden_v4_final_salvage:synthetic-profile:qwen3_tts_0_6b_customvoice_aiden_q8_0,94821c8469f911d2024f19c42ef477e16c738e4adfb07d010ea852a2daa716a7,fa4a1abd9daefdd91535411aa7aed1e4f711edcfe1fbe13537cad6628f6fbd53,2.96,qwen3_tts_customvoice_gguf,Qwen3-TTS 0.6B CustomVoice Q8_0 GGUF,talker-cstr-29094dcb46f19b0898616aa9aeb876aa9aa6e086-5227dcbc4df7c5533341d111cc469fa491a48e722b23dd10f553181b52dff2d9; codec-cstr-344e279551177654762e5c7d39e217834325f222-70dc95dbfdd9aa5d9d406236ff771d061bf17b0cda02a72513953355606e719b; crispasr-v0.8.28-99e990ae-c2413af7d5e70a166b74fe96f5afb6d7463f1414a5ac2dea7cd982da9f83f827; fixed-aiden; wrapper-f02d93fd7ee064539771a868c5033bc163bec1c94c838eb1152c52eb7eb677b7,qwen3_tts_customvoice:aiden,not_applicable:text_only_no_reference_audio,cuda:0,offline_text_only_final_materialization,16000,wav,synthesis_text_sha256=fa4a1abd9daefdd91535411aa7aed1e4f711edcfe1fbe13537cad6628f6fbd53;reference_audio=forbidden;voice_cloning=false,4199160509,2026-08-16T01:00:00+06:00
qwen3_tts_customvoice_aiden_v4_final_salvage:4c17f898bd9676191c5f,processed/v4/xlsr_sls_model_v4_final_salvage_materialization_v1/ru_spoof/fe/feaefb8b4dc88f0331f9388675650396e76af2e150a8f0a45a7c7bd3c992fc13.wav,ffdf440ead203d47559d66b87cbe3ad3b3568ec7d0976e3f1da9650aaed635a0,test,spoof,ru,false,qwen3_tts_customvoice_aiden_v4_final_salvage:fixed-profile:qwen3_tts_0_6b_customvoice_aiden_q8_0,qwen3_tts_customvoice_aiden_v4_final_salvage,"Apache-2.0: Qwen CustomVoice and tokenizer model cards, cstr GGUF conversion cards, and CrispASR runtime release; permitted only for this project's personal-research scope with no training, calibration, product, re-hosting, verified-speaker or speaker-independence claim","One-shot local text-only derivative of frozen common_voice_ru_v24_v4_final_salvage text 393e5235fa699fdcb28590f8d16471d3a85e1f6eefb3ac6508afbb6d67bf6237; no reference audio, cloning, resynthesis, replacement or backfill",qwen3_tts_customvoice_aiden_v4_final_salvage:synthetic-profile:qwen3_tts_0_6b_customvoice_aiden_q8_0,393e5235fa699fdcb28590f8d16471d3a85e1f6eefb3ac6508afbb6d67bf6237,51a1aaf11a8b2fef7540b013f2a4b7a4d94e03466476de69b99ecafd7f06bdf8,8.96,qwen3_tts_customvoice_gguf,Qwen3-TTS 0.6B CustomVoice Q8_0 GGUF,talker-cstr-29094dcb46f19b0898616aa9aeb876aa9aa6e086-5227dcbc4df7c5533341d111cc469fa491a48e722b23dd10f553181b52dff2d9; codec-cstr-344e279551177654762e5c7d39e217834325f222-70dc95dbfdd9aa5d9d406236ff771d061bf17b0cda02a72513953355606e719b; crispasr-v0.8.28-99e990ae-c2413af7d5e70a166b74fe96f5afb6d7463f1414a5ac2dea7cd982da9f83f827; fixed-aiden; wrapper-f02d93fd7ee064539771a868c5033bc163bec1c94c838eb1152c52eb7eb677b7,qwen3_tts_customvoice:aiden,not_applicable:text_only_no_reference_audio,cuda:0,offline_text_only_final_materialization,16000,wav,synthesis_text_sha256=51a1aaf11a8b2fef7540b013f2a4b7a4d94e03466476de69b99ecafd7f06bdf8;reference_audio=forbidden;voice_cloning=false,1369549553,2026-08-16T01:00:00+06:00
qwen3_tts_customvoice_aiden_v4_final_salvage:9b18e5b141f7faac6505,processed/v4/xlsr_sls_model_v4_final_salvage_materialization_v1/ru_spoof/23/23e331aa8705c83c02a3093add598968864193c0b6df45f4149c3ea9c5c31f03.wav,2b215305fb8293532f456d1ce57f9b1028fbe73ee5a22286abbd151558994d1e,test,spoof,ru,false,qwen3_tts_customvoice_aiden_v4_final_salvage:fixed-profile:qwen3_tts_0_6b_customvoice_aiden_q8_0,qwen3_tts_customvoice_aiden_v4_final_salvage,"Apache-2.0: Qwen CustomVoice and tokenizer model cards, cstr GGUF conversion cards, and CrispASR runtime release; permitted only for this project's personal-research scope with no training, calibration, product, re-hosting, verified-speaker or speaker-independence claim","One-shot local text-only derivative of frozen common_voice_ru_v24_v4_final_salvage text b8a72c1021954980298dd7b4d4252f523646e9f5330a9a3f316ad458f329ddac; no reference audio, cloning, resynthesis, replacement or backfill",qwen3_tts_customvoice_aiden_v4_final_salvage:synthetic-profile:qwen3_tts_0_6b_customvoice_aiden_q8_0,b8a72c1021954980298dd7b4d4252f523646e9f5330a9a3f316ad458f329ddac,224bb25a02b4e29474bdec300c45fdd4bc9598b8ad1e67590abc820418f3611e,5.12,qwen3_tts_customvoice_gguf,Qwen3-TTS 0.6B CustomVoice Q8_0 GGUF,talker-cstr-29094dcb46f19b0898616aa9aeb876aa9aa6e086-5227dcbc4df7c5533341d111cc469fa491a48e722b23dd10f553181b52dff2d9; codec-cstr-344e279551177654762e5c7d39e217834325f222-70dc95dbfdd9aa5d9d406236ff771d061bf17b0cda02a72513953355606e719b; crispasr-v0.8.28-99e990ae-c2413af7d5e70a166b74fe96f5afb6d7463f1414a5ac2dea7cd982da9f83f827; fixed-aiden; wrapper-f02d93fd7ee064539771a868c5033bc163bec1c94c838eb1152c52eb7eb677b7,qwen3_tts_customvoice:aiden,not_applicable:text_only_no_reference_audio,cuda:0,offline_text_only_final_materialization,16000,wav,synthesis_text_sha256=224bb25a02b4e29474bdec300c45fdd4bc9598b8ad1e67590abc820418f3611e;reference_audio=forbidden;voice_cloning=false,575386202,2026-08-16T01:00:00+06:00
qwen3_tts_customvoice_aiden_v4_final_salvage:1e5655d66adfa1d90dce,processed/v4/xlsr_sls_model_v4_final_salvage_materialization_v1/ru_spoof/1d/1d78baa27559942ad574873a478e9d510f0edbe2363e63d9ed78c05371be7773.wav,0d1f3bac1d19386208e3edc88b2368ea21742dd59e44b69f2266c1539d874258,test,spoof,ru,false,qwen3_tts_customvoice_aiden_v4_final_salvage:fixed-profile:qwen3_tts_0_6b_customvoice_aiden_q8_0,qwen3_tts_customvoice_aiden_v4_final_salvage,"Apache-2.0: Qwen CustomVoice and tokenizer model cards, cstr GGUF conversion cards, and CrispASR runtime release; permitted only for this project's personal-research scope with no training, calibration, product, re-hosting, verified-speaker or speaker-independence claim","One-shot local text-only derivative of frozen common_voice_ru_v24_v4_final_salvage text 141dc8c8161502f188b70188cef576474fece754503594ebf6a0fa0b257c312b; no reference audio, cloning, resynthesis, replacement or backfill",qwen3_tts_customvoice_aiden_v4_final_salvage:synthetic-profile:qwen3_tts_0_6b_customvoice_aiden_q8_0,141dc8c8161502f188b70188cef576474fece754503594ebf6a0fa0b257c312b,e3c8f81cd7d9341c903b6eb12856bf8ed5ce34f9d8b47f96656a627c9491bf92,7.28,qwen3_tts_customvoice_gguf,Qwen3-TTS 0.6B CustomVoice Q8_0 GGUF,talker-cstr-29094dcb46f19b0898616aa9aeb876aa9aa6e086-5227dcbc4df7c5533341d111cc469fa491a48e722b23dd10f553181b52dff2d9; codec-cstr-344e279551177654762e5c7d39e217834325f222-70dc95dbfdd9aa5d9d406236ff771d061bf17b0cda02a72513953355606e719b; crispasr-v0.8.28-99e990ae-c2413af7d5e70a166b74fe96f5afb6d7463f1414a5ac2dea7cd982da9f83f827; fixed-aiden; wrapper-f02d93fd7ee064539771a868c5033bc163bec1c94c838eb1152c52eb7eb677b7,qwen3_tts_customvoice:aiden,not_applicable:text_only_no_reference_audio,cuda:0,offline_text_only_final_materialization,16000,wav,synthesis_text_sha256=e3c8f81cd7d9341c903b6eb12856bf8ed5ce34f9d8b47f96656a627c9491bf92;reference_audio=forbidden;voice_cloning=false,3821598748,2026-08-16T01:00:00+06:00
qwen3_tts_customvoice_aiden_v4_final_salvage:7a536bfe37e5f167c7b2,processed/v4/xlsr_sls_model_v4_final_salvage_materialization_v1/ru_spoof/a9/a9fefbd6f31ff2256d2b07c7d04ef0a6afbd169c0682d97dcf5a0cbff8eeb1df.wav,1d1bd2e98c27c0b2521afd59347d6a8f5942beebe4f4e888b8dbe6fc02878308,test,spoof,ru,false,qwen3_tts_customvoice_aiden_v4_final_salvage:fixed-profile:qwen3_tts_0_6b_customvoice_aiden_q8_0,qwen3_tts_customvoice_aiden_v4_final_salvage,"Apache-2.0: Qwen CustomVoice and tokenizer model cards, cstr GGUF conversion cards, and CrispASR runtime release; permitted only for this project's personal-research scope with no training, calibration, product, re-hosting, verified-speaker or speaker-independence claim","One-shot local text-only derivative of frozen common_voice_ru_v24_v4_final_salvage text 3b66eae33405eee530da279265b92abc56203dcf4f5f3df69e1d429efbddaa71; no reference audio, cloning, resynthesis, replacement or backfill",qwen3_tts_customvoice_aiden_v4_final_salvage:synthetic-profile:qwen3_tts_0_6b_customvoice_aiden_q8_0,3b66eae33405eee530da279265b92abc56203dcf4f5f3df69e1d429efbddaa71,fe5d3b40dcb6ac04cfd68699fb176cc3dcd8c44486748e8bc981340a1aa1cd35,11.6,qwen3_tts_customvoice_gguf,Qwen3-TTS 0.6B CustomVoice Q8_0 GGUF,talker-cstr-29094dcb46f19b0898616aa9aeb876aa9aa6e086-5227dcbc4df7c5533341d111cc469fa491a48e722b23dd10f553181b52dff2d9; codec-cstr-344e279551177654762e5c7d39e217834325f222-70dc95dbfdd9aa5d9d406236ff771d061bf17b0cda02a72513953355606e719b; crispasr-v0.8.28-99e990ae-c2413af7d5e70a166b74fe96f5afb6d7463f1414a5ac2dea7cd982da9f83f827; fixed-aiden; wrapper-f02d93fd7ee064539771a868c5033bc163bec1c94c838eb1152c52eb7eb677b7,qwen3_tts_customvoice:aiden,not_applicable:text_only_no_reference_audio,cuda:0,offline_text_only_final_materialization,16000,wav,synthesis_text_sha256=fe5d3b40dcb6ac04cfd68699fb176cc3dcd8c44486748e8bc981340a1aa1cd35;reference_audio=forbidden;voice_cloning=false,4267522880,2026-08-16T01:00:00+06:00
qwen3_tts_customvoice_aiden_v4_final_salvage:aa5fcd406eb4eba3b41c,processed/v4/xlsr_sls_model_v4_final_salvage_materialization_v1/ru_spoof/1c/1caae523918ba57b007a6625202a2394e6fd6a009e442dfb3ae5d26aac5f845d.wav,ae6ee9290f7b9be9bad38356b9a6b097207bbc7f42c9880083b9967de7e855e5,test,spoof,ru,false,qwen3_tts_customvoice_aiden_v4_final_salvage:fixed-profile:qwen3_tts_0_6b_customvoice_aiden_q8_0,qwen3_tts_customvoice_aiden_v4_final_salvage,"Apache-2.0: Qwen CustomVoice and tokenizer model cards, cstr GGUF conversion cards, and CrispASR runtime release; permitted only for this project's personal-research scope with no training, calibration, product, re-hosting, verified-speaker or speaker-independence claim","One-shot local text-only derivative of frozen common_voice_ru_v24_v4_final_salvage text 95f272a6cbb77cd55a7f54db7ae8f0ee85f2a81c70cac6af4c282ca6a02f4147; no reference audio, cloning, resynthesis, replacement or backfill",qwen3_tts_customvoice_aiden_v4_final_salvage:synthetic-profile:qwen3_tts_0_6b_customvoice_aiden_q8_0,95f272a6cbb77cd55a7f54db7ae8f0ee85f2a81c70cac6af4c282ca6a02f4147,51724825eda871a1ea4f420ecf77e1e9189f018803236199a45c374799fa4588,5.84,qwen3_tts_customvoice_gguf,Qwen3-TTS 0.6B CustomVoice Q8_0 GGUF,talker-cstr-29094dcb46f19b0898616aa9aeb876aa9aa6e086-5227dcbc4df7c5533341d111cc469fa491a48e722b23dd10f553181b52dff2d9; codec-cstr-344e279551177654762e5c7d39e217834325f222-70dc95dbfdd9aa5d9d406236ff771d061bf17b0cda02a72513953355606e719b; crispasr-v0.8.28-99e990ae-c2413af7d5e70a166b74fe96f5afb6d7463f1414a5ac2dea7cd982da9f83f827; fixed-aiden; wrapper-f02d93fd7ee064539771a868c5033bc163bec1c94c838eb1152c52eb7eb677b7,qwen3_tts_customvoice:aiden,not_applicable:text_only_no_reference_audio,cuda:0,offline_text_only_final_materialization,16000,wav,synthesis_text_sha256=51724825eda871a1ea4f420ecf77e1e9189f018803236199a45c374799fa4588;reference_audio=forbidden;voice_cloning=false,1366444069,2026-08-16T01:00:00+06:00
qwen3_tts_customvoice_aiden_v4_final_salvage:12b32c19429d770e587c,processed/v4/xlsr_sls_model_v4_final_salvage_materialization_v1/ru_spoof/42/42193d507e90992cfe58558346d9a8185902116d00c3841ce39f7f7eff99d7c1.wav,8c1403c81c8785551426d1f1c82d27e1194cbef99eaa2d803724e514ce8a0a42,test,spoof,ru,false,qwen3_tts_customvoice_aiden_v4_final_salvage:fixed-profile:qwen3_tts_0_6b_customvoice_aiden_q8_0,qwen3_tts_customvoice_aiden_v4_final_salvage,"Apache-2.0: Qwen CustomVoice and tokenizer model cards, cstr GGUF conversion cards, and CrispASR runtime release; permitted only for this project's personal-research scope with no training, calibration, product, re-hosting, verified-speaker or speaker-independence claim","One-shot local text-only derivative of frozen common_voice_ru_v24_v4_final_salvage text 6063727dd79af389b4dcc77ae12eab3074ceb4d1b12f0de0ba510979b4cb7001; no reference audio, cloning, resynthesis, replacement or backfill",qwen3_tts_customvoice_aiden_v4_final_salvage:synthetic-profile:qwen3_tts_0_6b_customvoice_aiden_q8_0,6063727dd79af389b4dcc77ae12eab3074ceb4d1b12f0de0ba510979b4cb7001,002ea0799d2c44d7795bca1e865607d0276615cb54c62342b08edb4fd76348e9,3.6,qwen3_tts_customvoice_gguf,Qwen3-TTS 0.6B CustomVoice Q8_0 GGUF,talker-cstr-29094dcb46f19b0898616aa9aeb876aa9aa6e086-5227dcbc4df7c5533341d111cc469fa491a48e722b23dd10f553181b52dff2d9; codec-cstr-344e279551177654762e5c7d39e217834325f222-70dc95dbfdd9aa5d9d406236ff771d061bf17b0cda02a72513953355606e719b; crispasr-v0.8.28-99e990ae-c2413af7d5e70a166b74fe96f5afb6d7463f1414a5ac2dea7cd982da9f83f827; fixed-aiden; wrapper-f02d93fd7ee064539771a868c5033bc163bec1c94c838eb1152c52eb7eb677b7,qwen3_tts_customvoice:aiden,not_applicable:text_only_no_reference_audio,cuda:0,offline_text_only_final_materialization,16000,wav,synthesis_text_sha256=002ea0799d2c44d7795bca1e865607d0276615cb54c62342b08edb4fd76348e9;reference_audio=forbidden;voice_cloning=false,3055737,2026-08-16T01:00:00+06:00
qwen3_tts_customvoice_aiden_v4_final_salvage:75acd048d93d777e62c5,processed/v4/xlsr_sls_model_v4_final_salvage_materialization_v1/ru_spoof/30/30ecb2b4eea8966665daf8a2345037812d67107d27be6b7b70d29b41616751bb.wav,911ae50e8caa065e3439ce794fff4e91091d33c666eee6740476a107a7afeb76,test,spoof,ru,false,qwen3_tts_customvoice_aiden_v4_final_salvage:fixed-profile:qwen3_tts_0_6b_customvoice_aiden_q8_0,qwen3_tts_customvoice_aiden_v4_final_salvage,"Apache-2.0: Qwen CustomVoice and tokenizer model cards, cstr GGUF conversion cards, and CrispASR runtime release; permitted only for this project's personal-research scope with no training, calibration, product, re-hosting, verified-speaker or speaker-independence claim","One-shot local text-only derivative of frozen common_voice_ru_v24_v4_final_salvage text 4f6a48a53d5e1af32c466b8ad454979dd3ef92eaa1ef697bf26326e19f1c5143; no reference audio, cloning, resynthesis, replacement or backfill",qwen3_tts_customvoice_aiden_v4_final_salvage:synthetic-profile:qwen3_tts_0_6b_customvoice_aiden_q8_0,4f6a48a53d5e1af32c466b8ad454979dd3ef92eaa1ef697bf26326e19f1c5143,b5986a376aa9075db06c71c56fa5692932de64969a2d7cd6211856dba6962847,3.28,qwen3_tts_customvoice_gguf,Qwen3-TTS 0.6B CustomVoice Q8_0 GGUF,talker-cstr-29094dcb46f19b0898616aa9aeb876aa9aa6e086-5227dcbc4df7c5533341d111cc469fa491a48e722b23dd10f553181b52dff2d9; codec-cstr-344e279551177654762e5c7d39e217834325f222-70dc95dbfdd9aa5d9d406236ff771d061bf17b0cda02a72513953355606e719b; crispasr-v0.8.28-99e990ae-c2413af7d5e70a166b74fe96f5afb6d7463f1414a5ac2dea7cd982da9f83f827; fixed-aiden; wrapper-f02d93fd7ee064539771a868c5033bc163bec1c94c838eb1152c52eb7eb677b7,qwen3_tts_customvoice:aiden,not_applicable:text_only_no_reference_audio,cuda:0,offline_text_only_final_materialization,16000,wav,synthesis_text_sha256=b5986a376aa9075db06c71c56fa5692932de64969a2d7cd6211856dba6962847;reference_audio=forbidden;voice_cloning=false,3046664759,2026-08-16T01:00:00+06:00
qwen3_tts_customvoice_aiden_v4_final_salvage:685cbf0a85497d41037c,processed/v4/xlsr_sls_model_v4_final_salvage_materialization_v1/ru_spoof/07/078ad7fa53dbcfcc6a5bc8b8b0e1f6c02b8226a461ca2a63a424bfc9d5ff7d3a.wav,fa8a7476b3ea7fc8ad739bedf48240fd41b1d42a1c7171c0145656a289c2be2a,test,spoof,ru,false,qwen3_tts_customvoice_aiden_v4_final_salvage:fixed-profile:qwen3_tts_0_6b_customvoice_aiden_q8_0,qwen3_tts_customvoice_aiden_v4_final_salvage,"Apache-2.0: Qwen CustomVoice and tokenizer model cards, cstr GGUF conversion cards, and CrispASR runtime release; permitted only for this project's personal-research scope with no training, calibration, product, re-hosting, verified-speaker or speaker-independence claim","One-shot local text-only derivative of frozen common_voice_ru_v24_v4_final_salvage text b9cfc9f56fc02271951f196111f7c8aff4eaf82cd8ea09d4cfb09e5f9bc252c6; no reference audio, cloning, resynthesis, replacement or backfill",qwen3_tts_customvoice_aiden_v4_final_salvage:synthetic-profile:qwen3_tts_0_6b_customvoice_aiden_q8_0,b9cfc9f56fc02271951f196111f7c8aff4eaf82cd8ea09d4cfb09e5f9bc252c6,924d3585aa578035a9ef2edfff9a0b31140950e4f8b50a2d699ff7fdc71d06e7,6.32,qwen3_tts_customvoice_gguf,Qwen3-TTS 0.6B CustomVoice Q8_0 GGUF,talker-cstr-29094dcb46f19b0898616aa9aeb876aa9aa6e086-5227dcbc4df7c5533341d111cc469fa491a48e722b23dd10f553181b52dff2d9; codec-cstr-344e279551177654762e5c7d39e217834325f222-70dc95dbfdd9aa5d9d406236ff771d061bf17b0cda02a72513953355606e719b; crispasr-v0.8.28-99e990ae-c2413af7d5e70a166b74fe96f5afb6d7463f1414a5ac2dea7cd982da9f83f827; fixed-aiden; wrapper-f02d93fd7ee064539771a868c5033bc163bec1c94c838eb1152c52eb7eb677b7,qwen3_tts_customvoice:aiden,not_applicable:text_only_no_reference_audio,cuda:0,offline_text_only_final_materialization,16000,wav,synthesis_text_sha256=924d3585aa578035a9ef2edfff9a0b31140950e4f8b50a2d699ff7fdc71d06e7;reference_audio=forbidden;voice_cloning=false,2454533509,2026-08-16T01:00:00+06:00
qwen3_tts_customvoice_aiden_v4_final_salvage:dd39907f332bf08f0d10,processed/v4/xlsr_sls_model_v4_final_salvage_materialization_v1/ru_spoof/08/08a5abf1b3abd874ca0dfb2a09dd345aecc65aeb3e80c68771c1605def601766.wav,3b350bb9d911e8d36812615fd07a90278ee93ef9760867ea52ae70a27d45c1cb,test,spoof,ru,false,qwen3_tts_customvoice_aiden_v4_final_salvage:fixed-profile:qwen3_tts_0_6b_customvoice_aiden_q8_0,qwen3_tts_customvoice_aiden_v4_final_salvage,"Apache-2.0: Qwen CustomVoice and tokenizer model cards, cstr GGUF conversion cards, and CrispASR runtime release; permitted only for this project's personal-research scope with no training, calibration, product, re-hosting, verified-speaker or speaker-independence claim","One-shot local text-only derivative of frozen common_voice_ru_v24_v4_final_salvage text 87be7a2406919e5cedda77f32a25d797fb0c1e035072e67c66fa95d6228b9e05; no reference audio, cloning, resynthesis, replacement or backfill",qwen3_tts_customvoice_aiden_v4_final_salvage:synthetic-profile:qwen3_tts_0_6b_customvoice_aiden_q8_0,87be7a2406919e5cedda77f32a25d797fb0c1e035072e67c66fa95d6228b9e05,2b1ac2405bdcf1781ec9d3300657887b74d1ffba637753bdb050addb1f2d0147,3.52,qwen3_tts_customvoice_gguf,Qwen3-TTS 0.6B CustomVoice Q8_0 GGUF,talker-cstr-29094dcb46f19b0898616aa9aeb876aa9aa6e086-5227dcbc4df7c5533341d111cc469fa491a48e722b23dd10f553181b52dff2d9; codec-cstr-344e279551177654762e5c7d39e217834325f222-70dc95dbfdd9aa5d9d406236ff771d061bf17b0cda02a72513953355606e719b; crispasr-v0.8.28-99e990ae-c2413af7d5e70a166b74fe96f5afb6d7463f1414a5ac2dea7cd982da9f83f827; fixed-aiden; wrapper-f02d93fd7ee064539771a868c5033bc163bec1c94c838eb1152c52eb7eb677b7,qwen3_tts_customvoice:aiden,not_applicable:text_only_no_reference_audio,cuda:0,offline_text_only_final_materialization,16000,wav,synthesis_text_sha256=2b1ac2405bdcf1781ec9d3300657887b74d1ffba637753bdb050addb1f2d0147;reference_audio=forbidden;voice_cloning=false,723173952,2026-08-16T01:00:00+06:00
qwen3_tts_customvoice_aiden_v4_final_salvage:dc591b7f7f9b2e6aa63c,processed/v4/xlsr_sls_model_v4_final_salvage_materialization_v1/ru_spoof/ed/ede8486f37d40927eb9e56db862825128ca97d77d25633197148a7e2fa2701b5.wav,a5a2105fbfd79e91e18efad0b1a0e32d2010b29137f0228af470091c7a03e63e,test,spoof,ru,false,qwen3_tts_customvoice_aiden_v4_final_salvage:fixed-profile:qwen3_tts_0_6b_customvoice_aiden_q8_0,qwen3_tts_customvoice_aiden_v4_final_salvage,"Apache-2.0: Qwen CustomVoice and tokenizer model cards, cstr GGUF conversion cards, and CrispASR runtime release; permitted only for this project's personal-research scope with no training, calibration, product, re-hosting, verified-speaker or speaker-independence claim","One-shot local text-only derivative of frozen common_voice_ru_v24_v4_final_salvage text f512ef1a6b6f6fbc885d6925ed2a36c69528994c4680d31d751487ca5c48ab08; no reference audio, cloning, resynthesis, replacement or backfill",qwen3_tts_customvoice_aiden_v4_final_salvage:synthetic-profile:qwen3_tts_0_6b_customvoice_aiden_q8_0,f512ef1a6b6f6fbc885d6925ed2a36c69528994c4680d31d751487ca5c48ab08,510922e5113273f2aa8052fbf6c6eba7b7298310bf15f937f42028a063c3d74a,6.88,qwen3_tts_customvoice_gguf,Qwen3-TTS 0.6B CustomVoice Q8_0 GGUF,talker-cstr-29094dcb46f19b0898616aa9aeb876aa9aa6e086-5227dcbc4df7c5533341d111cc469fa491a48e722b23dd10f553181b52dff2d9; codec-cstr-344e279551177654762e5c7d39e217834325f222-70dc95dbfdd9aa5d9d406236ff771d061bf17b0cda02a72513953355606e719b; crispasr-v0.8.28-99e990ae-c2413af7d5e70a166b74fe96f5afb6d7463f1414a5ac2dea7cd982da9f83f827; fixed-aiden; wrapper-f02d93fd7ee064539771a868c5033bc163bec1c94c838eb1152c52eb7eb677b7,qwen3_tts_customvoice:aiden,not_applicable:text_only_no_reference_audio,cuda:0,offline_text_only_final_materialization,16000,wav,synthesis_text_sha256=510922e5113273f2aa8052fbf6c6eba7b7298310bf15f937f42028a063c3d74a;reference_audio=forbidden;voice_cloning=false,1359553253,2026-08-16T01:00:00+06:00
qwen3_tts_customvoice_aiden_v4_final_salvage:d1525c5e40c83fcd91c5,processed/v4/xlsr_sls_model_v4_final_salvage_materialization_v1/ru_spoof/83/83355de2e3b1d904e4e52bf856061a6d94286c9c6dbfcb02a45105d40d953aa6.wav,039517c7527eab5c1bbf93bae86755c40bb302ce7ff928addcf6218cd6a0b104,test,spoof,ru,false,qwen3_tts_customvoice_aiden_v4_final_salvage:fixed-profile:qwen3_tts_0_6b_customvoice_aiden_q8_0,qwen3_tts_customvoice_aiden_v4_final_salvage,"Apache-2.0: Qwen CustomVoice and tokenizer model cards, cstr GGUF conversion cards, and CrispASR runtime release; permitted only for this project's personal-research scope with no training, calibration, product, re-hosting, verified-speaker or speaker-independence claim","One-shot local text-only derivative of frozen common_voice_ru_v24_v4_final_salvage text 13e96fd4c7099d531d38c0b0bbb25dc446507b2e3e0261fa7f552e3f3c23ff25; no reference audio, cloning, resynthesis, replacement or backfill",qwen3_tts_customvoice_aiden_v4_final_salvage:synthetic-profile:qwen3_tts_0_6b_customvoice_aiden_q8_0,13e96fd4c7099d531d38c0b0bbb25dc446507b2e3e0261fa7f552e3f3c23ff25,a97e6c25a76ef60f7c52e1b77d3be50e7963ff59b412f11d6e867358859f8fa3,6.72,qwen3_tts_customvoice_gguf,Qwen3-TTS 0.6B CustomVoice Q8_0 GGUF,talker-cstr-29094dcb46f19b0898616aa9aeb876aa9aa6e086-5227dcbc4df7c5533341d111cc469fa491a48e722b23dd10f553181b52dff2d9; codec-cstr-344e279551177654762e5c7d39e217834325f222-70dc95dbfdd9aa5d9d406236ff771d061bf17b0cda02a72513953355606e719b; crispasr-v0.8.28-99e990ae-c2413af7d5e70a166b74fe96f5afb6d7463f1414a5ac2dea7cd982da9f83f827; fixed-aiden; wrapper-f02d93fd7ee064539771a868c5033bc163bec1c94c838eb1152c52eb7eb677b7,qwen3_tts_customvoice:aiden,not_applicable:text_only_no_reference_audio,cuda:0,offline_text_only_final_materialization,16000,wav,synthesis_text_sha256=a97e6c25a76ef60f7c52e1b77d3be50e7963ff59b412f11d6e867358859f8fa3;reference_audio=forbidden;voice_cloning=false,2843634725,2026-08-16T01:00:00+06:00
qwen3_tts_customvoice_aiden_v4_final_salvage:222fc822961e6a6b1990,processed/v4/xlsr_sls_model_v4_final_salvage_materialization_v1/ru_spoof/78/780d62290867797a52940ee41d6852819a062a9e074cee61724f2c5cf3505167.wav,6511db0eb560b9a5b1e2d8e538bd7f5753c24b1aa17d1885cc355181ec374c71,test,spoof,ru,false,qwen3_tts_customvoice_aiden_v4_final_salvage:fixed-profile:qwen3_tts_0_6b_customvoice_aiden_q8_0,qwen3_tts_customvoice_aiden_v4_final_salvage,"Apache-2.0: Qwen CustomVoice and tokenizer model cards, cstr GGUF conversion cards, and CrispASR runtime release; permitted only for this project's personal-research scope with no training, calibration, product, re-hosting, verified-speaker or speaker-independence claim","One-shot local text-only derivative of frozen common_voice_ru_v24_v4_final_salvage text 37412b4852fd4a7c63b3ce92780c3edec11c634ad79eb2af5335c07ef0205b8a; no reference audio, cloning, resynthesis, replacement or backfill",qwen3_tts_customvoice_aiden_v4_final_salvage:synthetic-profile:qwen3_tts_0_6b_customvoice_aiden_q8_0,37412b4852fd4a7c63b3ce92780c3edec11c634ad79eb2af5335c07ef0205b8a,eea6a57fd72be50d01e044174e7a93e51247a7190b574b0eb3194abf76ed5de0,5.92,qwen3_tts_customvoice_gguf,Qwen3-TTS 0.6B CustomVoice Q8_0 GGUF,talker-cstr-29094dcb46f19b0898616aa9aeb876aa9aa6e086-5227dcbc4df7c5533341d111cc469fa491a48e722b23dd10f553181b52dff2d9; codec-cstr-344e279551177654762e5c7d39e217834325f222-70dc95dbfdd9aa5d9d406236ff771d061bf17b0cda02a72513953355606e719b; crispasr-v0.8.28-99e990ae-c2413af7d5e70a166b74fe96f5afb6d7463f1414a5ac2dea7cd982da9f83f827; fixed-aiden; wrapper-f02d93fd7ee064539771a868c5033bc163bec1c94c838eb1152c52eb7eb677b7,qwen3_tts_customvoice:aiden,not_applicable:text_only_no_reference_audio,cuda:0,offline_text_only_final_materialization,16000,wav,synthesis_text_sha256=eea6a57fd72be50d01e044174e7a93e51247a7190b574b0eb3194abf76ed5de0;reference_audio=forbidden;voice_cloning=false,4003898751,2026-08-16T01:00:00+06:00
qwen3_tts_customvoice_aiden_v4_final_salvage:2406ccaec8be5ee344be,processed/v4/xlsr_sls_model_v4_final_salvage_materialization_v1/ru_spoof/56/56c948820806307c8391ca43833d3a4c377c213c558b929b78e6e9b4b98c3304.wav,1504d51ad2c2aa197881b6c8d0bc4d252b4f990de8859855b881e371472568f2,test,spoof,ru,false,qwen3_tts_customvoice_aiden_v4_final_salvage:fixed-profile:qwen3_tts_0_6b_customvoice_aiden_q8_0,qwen3_tts_customvoice_aiden_v4_final_salvage,"Apache-2.0: Qwen CustomVoice and tokenizer model cards, cstr GGUF conversion cards, and CrispASR runtime release; permitted only for this project's personal-research scope with no training, calibration, product, re-hosting, verified-speaker or speaker-independence claim","One-shot local text-only derivative of frozen common_voice_ru_v24_v4_final_salvage text d16f446c96b957566261a97ef6da2884ab7e92fe0b5c58ccb82d8b354db54877; no reference audio, cloning, resynthesis, replacement or backfill",qwen3_tts_customvoice_aiden_v4_final_salvage:synthetic-profile:qwen3_tts_0_6b_customvoice_aiden_q8_0,d16f446c96b957566261a97ef6da2884ab7e92fe0b5c58ccb82d8b354db54877,b0e5ef3f486f5895e9d0753165a159d3d887530a9a281f7bba7f66b8a86a40a8,5.92,qwen3_tts_customvoice_gguf,Qwen3-TTS 0.6B CustomVoice Q8_0 GGUF,talker-cstr-29094dcb46f19b0898616aa9aeb876aa9aa6e086-5227dcbc4df7c5533341d111cc469fa491a48e722b23dd10f553181b52dff2d9; codec-cstr-344e279551177654762e5c7d39e217834325f222-70dc95dbfdd9aa5d9d406236ff771d061bf17b0cda02a72513953355606e719b; crispasr-v0.8.28-99e990ae-c2413af7d5e70a166b74fe96f5afb6d7463f1414a5ac2dea7cd982da9f83f827; fixed-aiden; wrapper-f02d93fd7ee064539771a868c5033bc163bec1c94c838eb1152c52eb7eb677b7,qwen3_tts_customvoice:aiden,not_applicable:text_only_no_reference_audio,cuda:0,offline_text_only_final_materialization,16000,wav,synthesis_text_sha256=b0e5ef3f486f5895e9d0753165a159d3d887530a9a281f7bba7f66b8a86a40a8;reference_audio=forbidden;voice_cloning=false,2967859007,2026-08-16T01:00:00+06:00
qwen3_tts_customvoice_aiden_v4_final_salvage:7ebb29f4663fa7c4f57f,processed/v4/xlsr_sls_model_v4_final_salvage_materialization_v1/ru_spoof/26/2604ed3a237263ae230f34d7215f07b137cd7615511dbebdd8683db09f651666.wav,14da242a868b67da9845a6eaba0638f5c6b61bb7a276475d32809b6dd244fe59,test,spoof,ru,false,qwen3_tts_customvoice_aiden_v4_final_salvage:fixed-profile:qwen3_tts_0_6b_customvoice_aiden_q8_0,qwen3_tts_customvoice_aiden_v4_final_salvage,"Apache-2.0: Qwen CustomVoice and tokenizer model cards, cstr GGUF conversion cards, and CrispASR runtime release; permitted only for this project's personal-research scope with no training, calibration, product, re-hosting, verified-speaker or speaker-independence claim","One-shot local text-only derivative of frozen common_voice_ru_v24_v4_final_salvage text f403128f8213306a11388dd507b53c901e352ce1fc207100280797d06f4b02e1; no reference audio, cloning, resynthesis, replacement or backfill",qwen3_tts_customvoice_aiden_v4_final_salvage:synthetic-profile:qwen3_tts_0_6b_customvoice_aiden_q8_0,f403128f8213306a11388dd507b53c901e352ce1fc207100280797d06f4b02e1,8944d6795f1101b56be6c72487054e4f7ef1aaa372cd78bbcc85f3d80bcfeeac,5.36,qwen3_tts_customvoice_gguf,Qwen3-TTS 0.6B CustomVoice Q8_0 GGUF,talker-cstr-29094dcb46f19b0898616aa9aeb876aa9aa6e086-5227dcbc4df7c5533341d111cc469fa491a48e722b23dd10f553181b52dff2d9; codec-cstr-344e279551177654762e5c7d39e217834325f222-70dc95dbfdd9aa5d9d406236ff771d061bf17b0cda02a72513953355606e719b; crispasr-v0.8.28-99e990ae-c2413af7d5e70a166b74fe96f5afb6d7463f1414a5ac2dea7cd982da9f83f827; fixed-aiden; wrapper-f02d93fd7ee064539771a868c5033bc163bec1c94c838eb1152c52eb7eb677b7,qwen3_tts_customvoice:aiden,not_applicable:text_only_no_reference_audio,cuda:0,offline_text_only_final_materialization,16000,wav,synthesis_text_sha256=8944d6795f1101b56be6c72487054e4f7ef1aaa372cd78bbcc85f3d80bcfeeac;reference_audio=forbidden;voice_cloning=false,2302989945,2026-08-16T01:00:00+06:00
qwen3_tts_customvoice_aiden_v4_final_salvage:1f36066c463be242caba,processed/v4/xlsr_sls_model_v4_final_salvage_materialization_v1/ru_spoof/05/0506474c2e13e0d7abfc0160ca11824d3ef14d4939383a5d97e1eff94edb0938.wav,d29d1e66709d2f4ae6ff15feafab8b7eeb85642e39f82ea0c33270d9da7aff80,test,spoof,ru,false,qwen3_tts_customvoice_aiden_v4_final_salvage:fixed-profile:qwen3_tts_0_6b_customvoice_aiden_q8_0,qwen3_tts_customvoice_aiden_v4_final_salvage,"Apache-2.0: Qwen CustomVoice and tokenizer model cards, cstr GGUF conversion cards, and CrispASR runtime release; permitted only for this project's personal-research scope with no training, calibration, product, re-hosting, verified-speaker or speaker-independence claim","One-shot local text-only derivative of frozen common_voice_ru_v24_v4_final_salvage text 693a3aee1ad7c8672c7bb512f7b775eb2049a1bcb5e6877acc80faa6131642d2; no reference audio, cloning, resynthesis, replacement or backfill",qwen3_tts_customvoice_aiden_v4_final_salvage:synthetic-profile:qwen3_tts_0_6b_customvoice_aiden_q8_0,693a3aee1ad7c8672c7bb512f7b775eb2049a1bcb5e6877acc80faa6131642d2,d3b3065c081ed3cf4a62679b4790c668b357449c9299ad9bf3eea3df21f11606,5.12,qwen3_tts_customvoice_gguf,Qwen3-TTS 0.6B CustomVoice Q8_0 GGUF,talker-cstr-29094dcb46f19b0898616aa9aeb876aa9aa6e086-5227dcbc4df7c5533341d111cc469fa491a48e722b23dd10f553181b52dff2d9; codec-cstr-344e279551177654762e5c7d39e217834325f222-70dc95dbfdd9aa5d9d406236ff771d061bf17b0cda02a72513953355606e719b; crispasr-v0.8.28-99e990ae-c2413af7d5e70a166b74fe96f5afb6d7463f1414a5ac2dea7cd982da9f83f827; fixed-aiden; wrapper-f02d93fd7ee064539771a868c5033bc163bec1c94c838eb1152c52eb7eb677b7,qwen3_tts_customvoice:aiden,not_applicable:text_only_no_reference_audio,cuda:0,offline_text_only_final_materialization,16000,wav,synthesis_text_sha256=d3b3065c081ed3cf4a62679b4790c668b357449c9299ad9bf3eea3df21f11606;reference_audio=forbidden;voice_cloning=false,3551725148,2026-08-16T01:00:00+06:00
qwen3_tts_customvoice_aiden_v4_final_salvage:899ac6f427bd1b658de1,processed/v4/xlsr_sls_model_v4_final_salvage_materialization_v1/ru_spoof/fd/fd32eb7c5c3ff6c380c8e2f9152f06df1a1d9c9d25ede10d833ae371da976429.wav,2697465b629c8f7a08076e2b774d0d68117c6dd4fba587397dd1e7d45babbf57,test,spoof,ru,false,qwen3_tts_customvoice_aiden_v4_final_salvage:fixed-profile:qwen3_tts_0_6b_customvoice_aiden_q8_0,qwen3_tts_customvoice_aiden_v4_final_salvage,"Apache-2.0: Qwen CustomVoice and tokenizer model cards, cstr GGUF conversion cards, and CrispASR runtime release; permitted only for this project's personal-research scope with no training, calibration, product, re-hosting, verified-speaker or speaker-independence claim","One-shot local text-only derivative of frozen common_voice_ru_v24_v4_final_salvage text cc6da16ba460474f4a90cca151464363ddbf5fdbf840776974b3d70e3b62f8e4; no reference audio, cloning, resynthesis, replacement or backfill",qwen3_tts_customvoice_aiden_v4_final_salvage:synthetic-profile:qwen3_tts_0_6b_customvoice_aiden_q8_0,cc6da16ba460474f4a90cca151464363ddbf5fdbf840776974b3d70e3b62f8e4,893c50f6da3359ce53fce04f75c8946ccddf649513f026076a74023a561db1f9,4.08,qwen3_tts_customvoice_gguf,Qwen3-TTS 0.6B CustomVoice Q8_0 GGUF,talker-cstr-29094dcb46f19b0898616aa9aeb876aa9aa6e086-5227dcbc4df7c5533341d111cc469fa491a48e722b23dd10f553181b52dff2d9; codec-cstr-344e279551177654762e5c7d39e217834325f222-70dc95dbfdd9aa5d9d406236ff771d061bf17b0cda02a72513953355606e719b; crispasr-v0.8.28-99e990ae-c2413af7d5e70a166b74fe96f5afb6d7463f1414a5ac2dea7cd982da9f83f827; fixed-aiden; wrapper-f02d93fd7ee064539771a868c5033bc163bec1c94c838eb1152c52eb7eb677b7,qwen3_tts_customvoice:aiden,not_applicable:text_only_no_reference_audio,cuda:0,offline_text_only_final_materialization,16000,wav,synthesis_text_sha256=893c50f6da3359ce53fce04f75c8946ccddf649513f026076a74023a561db1f9;reference_audio=forbidden;voice_cloning=false,2302431478,2026-08-16T01:00:00+06:00
qwen3_tts_customvoice_aiden_v4_final_salvage:675f64cee7827f0aefa9,processed/v4/xlsr_sls_model_v4_final_salvage_materialization_v1/ru_spoof/c1/c1f40f9ccca62ae0efef326a16904cd66dd24c4ea95db0c92db162e903b852fc.wav,442a03a4f24d7bd8039ef07793222cc8f506b30f2f1cac6a2daf6df5fe9534b8,test,spoof,ru,false,qwen3_tts_customvoice_aiden_v4_final_salvage:fixed-profile:qwen3_tts_0_6b_customvoice_aiden_q8_0,qwen3_tts_customvoice_aiden_v4_final_salvage,"Apache-2.0: Qwen CustomVoice and tokenizer model cards, cstr GGUF conversion cards, and CrispASR runtime release; permitted only for this project's personal-research scope with no training, calibration, product, re-hosting, verified-speaker or speaker-independence claim","One-shot local text-only derivative of frozen common_voice_ru_v24_v4_final_salvage text 7322ee020e8f5ad5ddb7a28646cf271750e055a7ac8aeb95767687fe776c54f4; no reference audio, cloning, resynthesis, replacement or backfill",qwen3_tts_customvoice_aiden_v4_final_salvage:synthetic-profile:qwen3_tts_0_6b_customvoice_aiden_q8_0,7322ee020e8f5ad5ddb7a28646cf271750e055a7ac8aeb95767687fe776c54f4,f07c2ed11ec6ea012ec52accaaf53769c6637dcef2c5a12b39dba347fdb2c9d9,10.24,qwen3_tts_customvoice_gguf,Qwen3-TTS 0.6B CustomVoice Q8_0 GGUF,talker-cstr-29094dcb46f19b0898616aa9aeb876aa9aa6e086-5227dcbc4df7c5533341d111cc469fa491a48e722b23dd10f553181b52dff2d9; codec-cstr-344e279551177654762e5c7d39e217834325f222-70dc95dbfdd9aa5d9d406236ff771d061bf17b0cda02a72513953355606e719b; crispasr-v0.8.28-99e990ae-c2413af7d5e70a166b74fe96f5afb6d7463f1414a5ac2dea7cd982da9f83f827; fixed-aiden; wrapper-f02d93fd7ee064539771a868c5033bc163bec1c94c838eb1152c52eb7eb677b7,qwen3_tts_customvoice:aiden,not_applicable:text_only_no_reference_audio,cuda:0,offline_text_only_final_materialization,16000,wav,synthesis_text_sha256=f07c2ed11ec6ea012ec52accaaf53769c6637dcef2c5a12b39dba347fdb2c9d9;reference_audio=forbidden;voice_cloning=false,4034670289,2026-08-16T01:00:00+06:00
qwen3_tts_customvoice_aiden_v4_final_salvage:be01126263d317878ead,processed/v4/xlsr_sls_model_v4_final_salvage_materialization_v1/ru_spoof/8a/8ac5a2db6f44a73da0e40a511af5922bdd211e53c0dd25791a3a40b70c1cedd8.wav,4ef3934a6a2882b87ba8d2db3c1e477ce3cee8ec3c232a771cccf7dbf6eb8d11,test,spoof,ru,false,qwen3_tts_customvoice_aiden_v4_final_salvage:fixed-profile:qwen3_tts_0_6b_customvoice_aiden_q8_0,qwen3_tts_customvoice_aiden_v4_final_salvage,"Apache-2.0: Qwen CustomVoice and tokenizer model cards, cstr GGUF conversion cards, and CrispASR runtime release; permitted only for this project's personal-research scope with no training, calibration, product, re-hosting, verified-speaker or speaker-independence claim","One-shot local text-only derivative of frozen common_voice_ru_v24_v4_final_salvage text 4d851c2ef374820f2040ab05769af22f9a93048be86d2662aeb1daf468d77160; no reference audio, cloning, resynthesis, replacement or backfill",qwen3_tts_customvoice_aiden_v4_final_salvage:synthetic-profile:qwen3_tts_0_6b_customvoice_aiden_q8_0,4d851c2ef374820f2040ab05769af22f9a93048be86d2662aeb1daf468d77160,b968789f169137d1b39c3e435b7f949539c82f45bf1029db5eb72a43628524c5,4.56,qwen3_tts_customvoice_gguf,Qwen3-TTS 0.6B CustomVoice Q8_0 GGUF,talker-cstr-29094dcb46f19b0898616aa9aeb876aa9aa6e086-5227dcbc4df7c5533341d111cc469fa491a48e722b23dd10f553181b52dff2d9; codec-cstr-344e279551177654762e5c7d39e217834325f222-70dc95dbfdd9aa5d9d406236ff771d061bf17b0cda02a72513953355606e719b; crispasr-v0.8.28-99e990ae-c2413af7d5e70a166b74fe96f5afb6d7463f1414a5ac2dea7cd982da9f83f827; fixed-aiden; wrapper-f02d93fd7ee064539771a868c5033bc163bec1c94c838eb1152c52eb7eb677b7,qwen3_tts_customvoice:aiden,not_applicable:text_only_no_reference_audio,cuda:0,offline_text_only_final_materialization,16000,wav,synthesis_text_sha256=b968789f169137d1b39c3e435b7f949539c82f45bf1029db5eb72a43628524c5;reference_audio=forbidden;voice_cloning=false,3110631583,2026-08-16T01:00:00+06:00
qwen3_tts_customvoice_aiden_v4_final_salvage:950fd647c18528e5bafe,processed/v4/xlsr_sls_model_v4_final_salvage_materialization_v1/ru_spoof/0f/0fc7d657001732d51077508af64f7865f146b767bb213c6d8841230056da5a77.wav,24fe8834df254344a399fa4b9c61d80c88c34a2290cec0639b4635a94888c994,test,spoof,ru,false,qwen3_tts_customvoice_aiden_v4_final_salvage:fixed-profile:qwen3_tts_0_6b_customvoice_aiden_q8_0,qwen3_tts_customvoice_aiden_v4_final_salvage,"Apache-2.0: Qwen CustomVoice and tokenizer model cards, cstr GGUF conversion cards, and CrispASR runtime release; permitted only for this project's personal-research scope with no training, calibration, product, re-hosting, verified-speaker or speaker-independence claim","One-shot local text-only derivative of frozen common_voice_ru_v24_v4_final_salvage text 57051dedea930298d362c372491b35a3a00a6d4351d67f697f040520f2ee29ec; no reference audio, cloning, resynthesis, replacement or backfill",qwen3_tts_customvoice_aiden_v4_final_salvage:synthetic-profile:qwen3_tts_0_6b_customvoice_aiden_q8_0,57051dedea930298d362c372491b35a3a00a6d4351d67f697f040520f2ee29ec,24e4af328875122f8404e804e03141a82c290c0ec1a3c11febd3d23314b37c51,4.16,qwen3_tts_customvoice_gguf,Qwen3-TTS 0.6B CustomVoice Q8_0 GGUF,talker-cstr-29094dcb46f19b0898616aa9aeb876aa9aa6e086-5227dcbc4df7c5533341d111cc469fa491a48e722b23dd10f553181b52dff2d9; codec-cstr-344e279551177654762e5c7d39e217834325f222-70dc95dbfdd9aa5d9d406236ff771d061bf17b0cda02a72513953355606e719b; crispasr-v0.8.28-99e990ae-c2413af7d5e70a166b74fe96f5afb6d7463f1414a5ac2dea7cd982da9f83f827; fixed-aiden; wrapper-f02d93fd7ee064539771a868c5033bc163bec1c94c838eb1152c52eb7eb677b7,qwen3_tts_customvoice:aiden,not_applicable:text_only_no_reference_audio,cuda:0,offline_text_only_final_materialization,16000,wav,synthesis_text_sha256=24e4af328875122f8404e804e03141a82c290c0ec1a3c11febd3d23314b37c51;reference_audio=forbidden;voice_cloning=false,618966834,2026-08-16T01:00:00+06:00
qwen3_tts_customvoice_aiden_v4_final_salvage:bf1916f5abb6e06a9433,processed/v4/xlsr_sls_model_v4_final_salvage_materialization_v1/ru_spoof/4f/4f00dac5df8f7fbaab2ce1a00a87c3055eaf7885a75ecb33ebaa262d5980b5a5.wav,4c803e021acae584efb9b404a87ed9f1fcebee324840264ee1bff96393012056,test,spoof,ru,false,qwen3_tts_customvoice_aiden_v4_final_salvage:fixed-profile:qwen3_tts_0_6b_customvoice_aiden_q8_0,qwen3_tts_customvoice_aiden_v4_final_salvage,"Apache-2.0: Qwen CustomVoice and tokenizer model cards, cstr GGUF conversion cards, and CrispASR runtime release; permitted only for this project's personal-research scope with no training, calibration, product, re-hosting, verified-speaker or speaker-independence claim","One-shot local text-only derivative of frozen common_voice_ru_v24_v4_final_salvage text 7c022ed02be44c8382947aeffe3e38ae9aa19b490a1e6b46db7de8c49e0761c5; no reference audio, cloning, resynthesis, replacement or backfill",qwen3_tts_customvoice_aiden_v4_final_salvage:synthetic-profile:qwen3_tts_0_6b_customvoice_aiden_q8_0,7c022ed02be44c8382947aeffe3e38ae9aa19b490a1e6b46db7de8c49e0761c5,34226b3e9a92556c3c23b089544fea3b3e99b0e3c949cee2d1edfe5b279f2138,3.2,qwen3_tts_customvoice_gguf,Qwen3-TTS 0.6B CustomVoice Q8_0 GGUF,talker-cstr-29094dcb46f19b0898616aa9aeb876aa9aa6e086-5227dcbc4df7c5533341d111cc469fa491a48e722b23dd10f553181b52dff2d9; codec-cstr-344e279551177654762e5c7d39e217834325f222-70dc95dbfdd9aa5d9d406236ff771d061bf17b0cda02a72513953355606e719b; crispasr-v0.8.28-99e990ae-c2413af7d5e70a166b74fe96f5afb6d7463f1414a5ac2dea7cd982da9f83f827; fixed-aiden; wrapper-f02d93fd7ee064539771a868c5033bc163bec1c94c838eb1152c52eb7eb677b7,qwen3_tts_customvoice:aiden,not_applicable:text_only_no_reference_audio,cuda:0,offline_text_only_final_materialization,16000,wav,synthesis_text_sha256=34226b3e9a92556c3c23b089544fea3b3e99b0e3c949cee2d1edfe5b279f2138;reference_audio=forbidden;voice_cloning=false,874670910,2026-08-16T01:00:00+06:00
qwen3_tts_customvoice_aiden_v4_final_salvage:26919721b8ec84f4bd60,processed/v4/xlsr_sls_model_v4_final_salvage_materialization_v1/ru_spoof/e9/e953bf933f3765e16b86f08c2426c701d0374e66513f4115cb74bd6c49111562.wav,35b52845306b566d580d4722a236fe5e59beb40f231097b995fc8b3ab01a1a45,test,spoof,ru,false,qwen3_tts_customvoice_aiden_v4_final_salvage:fixed-profile:qwen3_tts_0_6b_customvoice_aiden_q8_0,qwen3_tts_customvoice_aiden_v4_final_salvage,"Apache-2.0: Qwen CustomVoice and tokenizer model cards, cstr GGUF conversion cards, and CrispASR runtime release; permitted only for this project's personal-research scope with no training, calibration, product, re-hosting, verified-speaker or speaker-independence claim","One-shot local text-only derivative of frozen common_voice_ru_v24_v4_final_salvage text 880fa53b67c7055b473f22a71591e3884a34c9e8d20e41274e3812693eeef9be; no reference audio, cloning, resynthesis, replacement or backfill",qwen3_tts_customvoice_aiden_v4_final_salvage:synthetic-profile:qwen3_tts_0_6b_customvoice_aiden_q8_0,880fa53b67c7055b473f22a71591e3884a34c9e8d20e41274e3812693eeef9be,9b7a93fd674a655efe12af2f79d4cb5f9cdfe0f1b3ae016dfdd3d09e6d3e829c,5.12,qwen3_tts_customvoice_gguf,Qwen3-TTS 0.6B CustomVoice Q8_0 GGUF,talker-cstr-29094dcb46f19b0898616aa9aeb876aa9aa6e086-5227dcbc4df7c5533341d111cc469fa491a48e722b23dd10f553181b52dff2d9; codec-cstr-344e279551177654762e5c7d39e217834325f222-70dc95dbfdd9aa5d9d406236ff771d061bf17b0cda02a72513953355606e719b; crispasr-v0.8.28-99e990ae-c2413af7d5e70a166b74fe96f5afb6d7463f1414a5ac2dea7cd982da9f83f827; fixed-aiden; wrapper-f02d93fd7ee064539771a868c5033bc163bec1c94c838eb1152c52eb7eb677b7,qwen3_tts_customvoice:aiden,not_applicable:text_only_no_reference_audio,cuda:0,offline_text_only_final_materialization,16000,wav,synthesis_text_sha256=9b7a93fd674a655efe12af2f79d4cb5f9cdfe0f1b3ae016dfdd3d09e6d3e829c;reference_audio=forbidden;voice_cloning=false,2608501757,2026-08-16T01:00:00+06:00
qwen3_tts_customvoice_aiden_v4_final_salvage:41bda5672dd991f1e206,processed/v4/xlsr_sls_model_v4_final_salvage_materialization_v1/ru_spoof/06/069992779181edfbb4e318f35eab7beff7c735a4e88b2f46dae69c10ec4af497.wav,87f80c4da135d2b045f48207ff45df01cb00c9062313582a9b1aedd35bf9142a,test,spoof,ru,false,qwen3_tts_customvoice_aiden_v4_final_salvage:fixed-profile:qwen3_tts_0_6b_customvoice_aiden_q8_0,qwen3_tts_customvoice_aiden_v4_final_salvage,"Apache-2.0: Qwen CustomVoice and tokenizer model cards, cstr GGUF conversion cards, and CrispASR runtime release; permitted only for this project's personal-research scope with no training, calibration, product, re-hosting, verified-speaker or speaker-independence claim","One-shot local text-only derivative of frozen common_voice_ru_v24_v4_final_salvage text a29fc67864b49218d0270c9bccd8a9d1b77331e606f16e970cb966810b7d2ecf; no reference audio, cloning, resynthesis, replacement or backfill",qwen3_tts_customvoice_aiden_v4_final_salvage:synthetic-profile:qwen3_tts_0_6b_customvoice_aiden_q8_0,a29fc67864b49218d0270c9bccd8a9d1b77331e606f16e970cb966810b7d2ecf,1fdd53401b31181fc9cde82a8c887da952ae1972818ec543cbc48b7609b04a9b,6.96,qwen3_tts_customvoice_gguf,Qwen3-TTS 0.6B CustomVoice Q8_0 GGUF,talker-cstr-29094dcb46f19b0898616aa9aeb876aa9aa6e086-5227dcbc4df7c5533341d111cc469fa491a48e722b23dd10f553181b52dff2d9; codec-cstr-344e279551177654762e5c7d39e217834325f222-70dc95dbfdd9aa5d9d406236ff771d061bf17b0cda02a72513953355606e719b; crispasr-v0.8.28-99e990ae-c2413af7d5e70a166b74fe96f5afb6d7463f1414a5ac2dea7cd982da9f83f827; fixed-aiden; wrapper-f02d93fd7ee064539771a868c5033bc163bec1c94c838eb1152c52eb7eb677b7,qwen3_tts_customvoice:aiden,not_applicable:text_only_no_reference_audio,cuda:0,offline_text_only_final_materialization,16000,wav,synthesis_text_sha256=1fdd53401b31181fc9cde82a8c887da952ae1972818ec543cbc48b7609b04a9b;reference_audio=forbidden;voice_cloning=false,534598464,2026-08-16T01:00:00+06:00
qwen3_tts_customvoice_aiden_v4_final_salvage:672c36d61f4913da6ccb,processed/v4/xlsr_sls_model_v4_final_salvage_materialization_v1/ru_spoof/0d/0d323b3fe34bdd51dc0e68fcd197cff7e27b6430e17edc9f4f27a44a9b0e1a04.wav,b685b9fb864fcb7099351fc6c76eb2f4f01c112c5eee163d925bd929f3acf390,test,spoof,ru,false,qwen3_tts_customvoice_aiden_v4_final_salvage:fixed-profile:qwen3_tts_0_6b_customvoice_aiden_q8_0,qwen3_tts_customvoice_aiden_v4_final_salvage,"Apache-2.0: Qwen CustomVoice and tokenizer model cards, cstr GGUF conversion cards, and CrispASR runtime release; permitted only for this project's personal-research scope with no training, calibration, product, re-hosting, verified-speaker or speaker-independence claim","One-shot local text-only derivative of frozen common_voice_ru_v24_v4_final_salvage text dd6fedf073a61edcaae9eec44e1c785696d3a6ee5cad73a1004bde44672a12f9; no reference audio, cloning, resynthesis, replacement or backfill",qwen3_tts_customvoice_aiden_v4_final_salvage:synthetic-profile:qwen3_tts_0_6b_customvoice_aiden_q8_0,dd6fedf073a61edcaae9eec44e1c785696d3a6ee5cad73a1004bde44672a12f9,6164f1b54f0619e9cc0bf10e5fdd4106c2260983f576f0cd8ac1e9e1e52c2a59,3.44,qwen3_tts_customvoice_gguf,Qwen3-TTS 0.6B CustomVoice Q8_0 GGUF,talker-cstr-29094dcb46f19b0898616aa9aeb876aa9aa6e086-5227dcbc4df7c5533341d111cc469fa491a48e722b23dd10f553181b52dff2d9; codec-cstr-344e279551177654762e5c7d39e217834325f222-70dc95dbfdd9aa5d9d406236ff771d061bf17b0cda02a72513953355606e719b; crispasr-v0.8.28-99e990ae-c2413af7d5e70a166b74fe96f5afb6d7463f1414a5ac2dea7cd982da9f83f827; fixed-aiden; wrapper-f02d93fd7ee064539771a868c5033bc163bec1c94c838eb1152c52eb7eb677b7,qwen3_tts_customvoice:aiden,not_applicable:text_only_no_reference_audio,cuda:0,offline_text_only_final_materialization,16000,wav,synthesis_text_sha256=6164f1b54f0619e9cc0bf10e5fdd4106c2260983f576f0cd8ac1e9e1e52c2a59;reference_audio=forbidden;voice_cloning=false,1634005429,2026-08-16T01:00:00+06:00
qwen3_tts_customvoice_aiden_v4_final_salvage:f0bb3ecdfcfcf375094e,processed/v4/xlsr_sls_model_v4_final_salvage_materialization_v1/ru_spoof/54/54045bc36017f35a1149c420c9d72e2bb63b477340254127e8d650abe5f1c877.wav,2863a5205543b467b1420c7e362b3fb5c3b630e0615cce89a36d92c438e29857,test,spoof,ru,false,qwen3_tts_customvoice_aiden_v4_final_salvage:fixed-profile:qwen3_tts_0_6b_customvoice_aiden_q8_0,qwen3_tts_customvoice_aiden_v4_final_salvage,"Apache-2.0: Qwen CustomVoice and tokenizer model cards, cstr GGUF conversion cards, and CrispASR runtime release; permitted only for this project's personal-research scope with no training, calibration, product, re-hosting, verified-speaker or speaker-independence claim","One-shot local text-only derivative of frozen common_voice_ru_v24_v4_final_salvage text d294461d3bf3a499276d1d57cfd721a23552525f1745988aa2650673b2fd723e; no reference audio, cloning, resynthesis, replacement or backfill",qwen3_tts_customvoice_aiden_v4_final_salvage:synthetic-profile:qwen3_tts_0_6b_customvoice_aiden_q8_0,d294461d3bf3a499276d1d57cfd721a23552525f1745988aa2650673b2fd723e,802ddb89c694dd718abfc3712b696c49ad7234a2373fb9358fb3502dc5cb5ad9,4.72,qwen3_tts_customvoice_gguf,Qwen3-TTS 0.6B CustomVoice Q8_0 GGUF,talker-cstr-29094dcb46f19b0898616aa9aeb876aa9aa6e086-5227dcbc4df7c5533341d111cc469fa491a48e722b23dd10f553181b52dff2d9; codec-cstr-344e279551177654762e5c7d39e217834325f222-70dc95dbfdd9aa5d9d406236ff771d061bf17b0cda02a72513953355606e719b; crispasr-v0.8.28-99e990ae-c2413af7d5e70a166b74fe96f5afb6d7463f1414a5ac2dea7cd982da9f83f827; fixed-aiden; wrapper-f02d93fd7ee064539771a868c5033bc163bec1c94c838eb1152c52eb7eb677b7,qwen3_tts_customvoice:aiden,not_applicable:text_only_no_reference_audio,cuda:0,offline_text_only_final_materialization,16000,wav,synthesis_text_sha256=802ddb89c694dd718abfc3712b696c49ad7234a2373fb9358fb3502dc5cb5ad9;reference_audio=forbidden;voice_cloning=false,2150488969,2026-08-16T01:00:00+06:00
qwen3_tts_customvoice_aiden_v4_final_salvage:6521908deff7be572846,processed/v4/xlsr_sls_model_v4_final_salvage_materialization_v1/ru_spoof/a1/a12c39ee0b7c40b6597adb941db48b96e7b0162bf5d76136be2c68c699b5e8d0.wav,b74de7b12e860b35a384a2867929f9d4e151518debcb66fa4a8a0ca7abbfcfec,test,spoof,ru,false,qwen3_tts_customvoice_aiden_v4_final_salvage:fixed-profile:qwen3_tts_0_6b_customvoice_aiden_q8_0,qwen3_tts_customvoice_aiden_v4_final_salvage,"Apache-2.0: Qwen CustomVoice and tokenizer model cards, cstr GGUF conversion cards, and CrispASR runtime release; permitted only for this project's personal-research scope with no training, calibration, product, re-hosting, verified-speaker or speaker-independence claim","One-shot local text-only derivative of frozen common_voice_ru_v24_v4_final_salvage text b4da1377e6e0e4506c4c8be00ee5f34ef1551978f29af94417b9b9604ae82e32; no reference audio, cloning, resynthesis, replacement or backfill",qwen3_tts_customvoice_aiden_v4_final_salvage:synthetic-profile:qwen3_tts_0_6b_customvoice_aiden_q8_0,b4da1377e6e0e4506c4c8be00ee5f34ef1551978f29af94417b9b9604ae82e32,3b223a7e94c13b590806bb59a88a40c264b7bd496dbc7a1a105760c7c3edd494,5.52,qwen3_tts_customvoice_gguf,Qwen3-TTS 0.6B CustomVoice Q8_0 GGUF,talker-cstr-29094dcb46f19b0898616aa9aeb876aa9aa6e086-5227dcbc4df7c5533341d111cc469fa491a48e722b23dd10f553181b52dff2d9; codec-cstr-344e279551177654762e5c7d39e217834325f222-70dc95dbfdd9aa5d9d406236ff771d061bf17b0cda02a72513953355606e719b; crispasr-v0.8.28-99e990ae-c2413af7d5e70a166b74fe96f5afb6d7463f1414a5ac2dea7cd982da9f83f827; fixed-aiden; wrapper-f02d93fd7ee064539771a868c5033bc163bec1c94c838eb1152c52eb7eb677b7,qwen3_tts_customvoice:aiden,not_applicable:text_only_no_reference_audio,cuda:0,offline_text_only_final_materialization,16000,wav,synthesis_text_sha256=3b223a7e94c13b590806bb59a88a40c264b7bd496dbc7a1a105760c7c3edd494;reference_audio=forbidden;voice_cloning=false,992098942,2026-08-16T01:00:00+06:00
qwen3_tts_customvoice_aiden_v4_final_salvage:59fa53320ca574f5ee4a,processed/v4/xlsr_sls_model_v4_final_salvage_materialization_v1/ru_spoof/15/150c9c337d74b2812075366806760220682668ef3ff7aa644722e923199ae157.wav,8f84f5490532383e83e805c83f890219af53986e5cf6e8c03629cb2671622f15,test,spoof,ru,false,qwen3_tts_customvoice_aiden_v4_final_salvage:fixed-profile:qwen3_tts_0_6b_customvoice_aiden_q8_0,qwen3_tts_customvoice_aiden_v4_final_salvage,"Apache-2.0: Qwen CustomVoice and tokenizer model cards, cstr GGUF conversion cards, and CrispASR runtime release; permitted only for this project's personal-research scope with no training, calibration, product, re-hosting, verified-speaker or speaker-independence claim","One-shot local text-only derivative of frozen common_voice_ru_v24_v4_final_salvage text f4a8c14eed4bcc1b757fcd67a7fc4cdb74f364fed00a55d8256b7fda9a6c7c90; no reference audio, cloning, resynthesis, replacement or backfill",qwen3_tts_customvoice_aiden_v4_final_salvage:synthetic-profile:qwen3_tts_0_6b_customvoice_aiden_q8_0,f4a8c14eed4bcc1b757fcd67a7fc4cdb74f364fed00a55d8256b7fda9a6c7c90,99e1dfde0bf33fcb0c5f9d77f3d2fa1614cd2abbf4bab5a8abf17b5c163d6277,4.4,qwen3_tts_customvoice_gguf,Qwen3-TTS 0.6B CustomVoice Q8_0 GGUF,talker-cstr-29094dcb46f19b0898616aa9aeb876aa9aa6e086-5227dcbc4df7c5533341d111cc469fa491a48e722b23dd10f553181b52dff2d9; codec-cstr-344e279551177654762e5c7d39e217834325f222-70dc95dbfdd9aa5d9d406236ff771d061bf17b0cda02a72513953355606e719b; crispasr-v0.8.28-99e990ae-c2413af7d5e70a166b74fe96f5afb6d7463f1414a5ac2dea7cd982da9f83f827; fixed-aiden; wrapper-f02d93fd7ee064539771a868c5033bc163bec1c94c838eb1152c52eb7eb677b7,qwen3_tts_customvoice:aiden,not_applicable:text_only_no_reference_audio,cuda:0,offline_text_only_final_materialization,16000,wav,synthesis_text_sha256=99e1dfde0bf33fcb0c5f9d77f3d2fa1614cd2abbf4bab5a8abf17b5c163d6277;reference_audio=forbidden;voice_cloning=false,2581716958,2026-08-16T01:00:00+06:00
qwen3_tts_customvoice_aiden_v4_final_salvage:74f82b301f6df05ecc0a,processed/v4/xlsr_sls_model_v4_final_salvage_materialization_v1/ru_spoof/69/69ecd274a6851d5b315faf77e22fb9e8701049f2c4a93d66e6b3af5f09d2bfa7.wav,e8948bbc22d461224da7b20154cbec2d715712c51f00cd68149987dc827977d6,test,spoof,ru,false,qwen3_tts_customvoice_aiden_v4_final_salvage:fixed-profile:qwen3_tts_0_6b_customvoice_aiden_q8_0,qwen3_tts_customvoice_aiden_v4_final_salvage,"Apache-2.0: Qwen CustomVoice and tokenizer model cards, cstr GGUF conversion cards, and CrispASR runtime release; permitted only for this project's personal-research scope with no training, calibration, product, re-hosting, verified-speaker or speaker-independence claim","One-shot local text-only derivative of frozen common_voice_ru_v24_v4_final_salvage text 909adc517c5b201f2a028a4db141e9920a0760837b87ca6377ad04bb2859a5d7; no reference audio, cloning, resynthesis, replacement or backfill",qwen3_tts_customvoice_aiden_v4_final_salvage:synthetic-profile:qwen3_tts_0_6b_customvoice_aiden_q8_0,909adc517c5b201f2a028a4db141e9920a0760837b87ca6377ad04bb2859a5d7,bf7b925465f7cfa85169893ce1abc65642fc68f7c1b44602cee1a7399df8b31c,3.04,qwen3_tts_customvoice_gguf,Qwen3-TTS 0.6B CustomVoice Q8_0 GGUF,talker-cstr-29094dcb46f19b0898616aa9aeb876aa9aa6e086-5227dcbc4df7c5533341d111cc469fa491a48e722b23dd10f553181b52dff2d9; codec-cstr-344e279551177654762e5c7d39e217834325f222-70dc95dbfdd9aa5d9d406236ff771d061bf17b0cda02a72513953355606e719b; crispasr-v0.8.28-99e990ae-c2413af7d5e70a166b74fe96f5afb6d7463f1414a5ac2dea7cd982da9f83f827; fixed-aiden; wrapper-f02d93fd7ee064539771a868c5033bc163bec1c94c838eb1152c52eb7eb677b7,qwen3_tts_customvoice:aiden,not_applicable:text_only_no_reference_audio,cuda:0,offline_text_only_final_materialization,16000,wav,synthesis_text_sha256=bf7b925465f7cfa85169893ce1abc65642fc68f7c1b44602cee1a7399df8b31c;reference_audio=forbidden;voice_cloning=false,3212546644,2026-08-16T01:00:00+06:00
qwen3_tts_customvoice_aiden_v4_final_salvage:b28ec1584ac29fd7ce34,processed/v4/xlsr_sls_model_v4_final_salvage_materialization_v1/ru_spoof/9e/9e6bad814576623fa588e29ebcb72986161c36365108d6ba3e547bdfdce9c2c5.wav,265fd5628bfc8abc4998b72bdd802eb2f665c010c1e328e6862c8df68b7fbbf2,test,spoof,ru,false,qwen3_tts_customvoice_aiden_v4_final_salvage:fixed-profile:qwen3_tts_0_6b_customvoice_aiden_q8_0,qwen3_tts_customvoice_aiden_v4_final_salvage,"Apache-2.0: Qwen CustomVoice and tokenizer model cards, cstr GGUF conversion cards, and CrispASR runtime release; permitted only for this project's personal-research scope with no training, calibration, product, re-hosting, verified-speaker or speaker-independence claim","One-shot local text-only derivative of frozen common_voice_ru_v24_v4_final_salvage text a0cf8feb5ace3c65e64065a7cf5b93f00ac7ad9533daa1d5ff881376a9f09a28; no reference audio, cloning, resynthesis, replacement or backfill",qwen3_tts_customvoice_aiden_v4_final_salvage:synthetic-profile:qwen3_tts_0_6b_customvoice_aiden_q8_0,a0cf8feb5ace3c65e64065a7cf5b93f00ac7ad9533daa1d5ff881376a9f09a28,d8815c070bc62b3a5d323f9723b3e63857800ad1ab3b681a88fe9d8d1ecd6c6d,5.6,qwen3_tts_customvoice_gguf,Qwen3-TTS 0.6B CustomVoice Q8_0 GGUF,talker-cstr-29094dcb46f19b0898616aa9aeb876aa9aa6e086-5227dcbc4df7c5533341d111cc469fa491a48e722b23dd10f553181b52dff2d9; codec-cstr-344e279551177654762e5c7d39e217834325f222-70dc95dbfdd9aa5d9d406236ff771d061bf17b0cda02a72513953355606e719b; crispasr-v0.8.28-99e990ae-c2413af7d5e70a166b74fe96f5afb6d7463f1414a5ac2dea7cd982da9f83f827; fixed-aiden; wrapper-f02d93fd7ee064539771a868c5033bc163bec1c94c838eb1152c52eb7eb677b7,qwen3_tts_customvoice:aiden,not_applicable:text_only_no_reference_audio,cuda:0,offline_text_only_final_materialization,16000,wav,synthesis_text_sha256=d8815c070bc62b3a5d323f9723b3e63857800ad1ab3b681a88fe9d8d1ecd6c6d;reference_audio=forbidden;voice_cloning=false,3632356359,2026-08-16T01:00:00+06:00
qwen3_tts_customvoice_aiden_v4_final_salvage:bf849f7ad3b68a61d1c1,processed/v4/xlsr_sls_model_v4_final_salvage_materialization_v1/ru_spoof/1c/1cf507d73a5c0509b44fc48cba1d29aed4e19d01f35830b2d4e15e2d72e51432.wav,da043b1d0ab168cbf1e875a3ee19643a8c85f23d8d599ecefce75848eefafa7f,test,spoof,ru,false,qwen3_tts_customvoice_aiden_v4_final_salvage:fixed-profile:qwen3_tts_0_6b_customvoice_aiden_q8_0,qwen3_tts_customvoice_aiden_v4_final_salvage,"Apache-2.0: Qwen CustomVoice and tokenizer model cards, cstr GGUF conversion cards, and CrispASR runtime release; permitted only for this project's personal-research scope with no training, calibration, product, re-hosting, verified-speaker or speaker-independence claim","One-shot local text-only derivative of frozen common_voice_ru_v24_v4_final_salvage text de2f560b906934b2f031045b776d66cfb10d3729a90be34295b4e495fbe846ec; no reference audio, cloning, resynthesis, replacement or backfill",qwen3_tts_customvoice_aiden_v4_final_salvage:synthetic-profile:qwen3_tts_0_6b_customvoice_aiden_q8_0,de2f560b906934b2f031045b776d66cfb10d3729a90be34295b4e495fbe846ec,512ab839db7fc108c9f0edd0344cc19b5265b8a53e689ffeec556653d6b9a58b,3.6,qwen3_tts_customvoice_gguf,Qwen3-TTS 0.6B CustomVoice Q8_0 GGUF,talker-cstr-29094dcb46f19b0898616aa9aeb876aa9aa6e086-5227dcbc4df7c5533341d111cc469fa491a48e722b23dd10f553181b52dff2d9; codec-cstr-344e279551177654762e5c7d39e217834325f222-70dc95dbfdd9aa5d9d406236ff771d061bf17b0cda02a72513953355606e719b; crispasr-v0.8.28-99e990ae-c2413af7d5e70a166b74fe96f5afb6d7463f1414a5ac2dea7cd982da9f83f827; fixed-aiden; wrapper-f02d93fd7ee064539771a868c5033bc163bec1c94c838eb1152c52eb7eb677b7,qwen3_tts_customvoice:aiden,not_applicable:text_only_no_reference_audio,cuda:0,offline_text_only_final_materialization,16000,wav,synthesis_text_sha256=512ab839db7fc108c9f0edd0344cc19b5265b8a53e689ffeec556653d6b9a58b;reference_audio=forbidden;voice_cloning=false,1361754169,2026-08-16T01:00:00+06:00
qwen3_tts_customvoice_aiden_v4_final_salvage:ba03c9379b5fdb98649e,processed/v4/xlsr_sls_model_v4_final_salvage_materialization_v1/ru_spoof/8e/8e1ee9dbb54432d4efeb089dfcb2dd5358f1291a559897b9f3bc6e9440dd5805.wav,c90ee95038449a3de0cb52ed25ab53dd6aafa6e34585ca6f5f94efc116216820,test,spoof,ru,false,qwen3_tts_customvoice_aiden_v4_final_salvage:fixed-profile:qwen3_tts_0_6b_customvoice_aiden_q8_0,qwen3_tts_customvoice_aiden_v4_final_salvage,"Apache-2.0: Qwen CustomVoice and tokenizer model cards, cstr GGUF conversion cards, and CrispASR runtime release; permitted only for this project's personal-research scope with no training, calibration, product, re-hosting, verified-speaker or speaker-independence claim","One-shot local text-only derivative of frozen common_voice_ru_v24_v4_final_salvage text 4261e91fc2cedad76375f334c9e7aab6c7cdcb358a4c248fd9b06a8a8b6fdced; no reference audio, cloning, resynthesis, replacement or backfill",qwen3_tts_customvoice_aiden_v4_final_salvage:synthetic-profile:qwen3_tts_0_6b_customvoice_aiden_q8_0,4261e91fc2cedad76375f334c9e7aab6c7cdcb358a4c248fd9b06a8a8b6fdced,8f5dab80cbc26a976129bab4db2c2ecd18899fff27fe66ac1d79ac392575e31d,7.28,qwen3_tts_customvoice_gguf,Qwen3-TTS 0.6B CustomVoice Q8_0 GGUF,talker-cstr-29094dcb46f19b0898616aa9aeb876aa9aa6e086-5227dcbc4df7c5533341d111cc469fa491a48e722b23dd10f553181b52dff2d9; codec-cstr-344e279551177654762e5c7d39e217834325f222-70dc95dbfdd9aa5d9d406236ff771d061bf17b0cda02a72513953355606e719b; crispasr-v0.8.28-99e990ae-c2413af7d5e70a166b74fe96f5afb6d7463f1414a5ac2dea7cd982da9f83f827; fixed-aiden; wrapper-f02d93fd7ee064539771a868c5033bc163bec1c94c838eb1152c52eb7eb677b7,qwen3_tts_customvoice:aiden,not_applicable:text_only_no_reference_audio,cuda:0,offline_text_only_final_materialization,16000,wav,synthesis_text_sha256=8f5dab80cbc26a976129bab4db2c2ecd18899fff27fe66ac1d79ac392575e31d;reference_audio=forbidden;voice_cloning=false,2405280640,2026-08-16T01:00:00+06:00
qwen3_tts_customvoice_aiden_v4_final_salvage:2d5bf88740b6c64082cd,processed/v4/xlsr_sls_model_v4_final_salvage_materialization_v1/ru_spoof/30/30d5e4295fe442ad1ae0b34df5bf911dc01fac74c019dc66508059c27ca8c4ab.wav,61ffdccb9ee496e53b71488c8403d4c5ed925afae66e2381291351a0183dba81,test,spoof,ru,false,qwen3_tts_customvoice_aiden_v4_final_salvage:fixed-profile:qwen3_tts_0_6b_customvoice_aiden_q8_0,qwen3_tts_customvoice_aiden_v4_final_salvage,"Apache-2.0: Qwen CustomVoice and tokenizer model cards, cstr GGUF conversion cards, and CrispASR runtime release; permitted only for this project's personal-research scope with no training, calibration, product, re-hosting, verified-speaker or speaker-independence claim","One-shot local text-only derivative of frozen common_voice_ru_v24_v4_final_salvage text 4680b973e1399bc9be648b4d70fcfc5938b006c2ed29a59fe0b73fe6a04495b6; no reference audio, cloning, resynthesis, replacement or backfill",qwen3_tts_customvoice_aiden_v4_final_salvage:synthetic-profile:qwen3_tts_0_6b_customvoice_aiden_q8_0,4680b973e1399bc9be648b4d70fcfc5938b006c2ed29a59fe0b73fe6a04495b6,fdfc322af5fda571ba7fb13cf437676bbabc883d1b8db6e8848cd16ed3c5b98a,3.92,qwen3_tts_customvoice_gguf,Qwen3-TTS 0.6B CustomVoice Q8_0 GGUF,talker-cstr-29094dcb46f19b0898616aa9aeb876aa9aa6e086-5227dcbc4df7c5533341d111cc469fa491a48e722b23dd10f553181b52dff2d9; codec-cstr-344e279551177654762e5c7d39e217834325f222-70dc95dbfdd9aa5d9d406236ff771d061bf17b0cda02a72513953355606e719b; crispasr-v0.8.28-99e990ae-c2413af7d5e70a166b74fe96f5afb6d7463f1414a5ac2dea7cd982da9f83f827; fixed-aiden; wrapper-f02d93fd7ee064539771a868c5033bc163bec1c94c838eb1152c52eb7eb677b7,qwen3_tts_customvoice:aiden,not_applicable:text_only_no_reference_audio,cuda:0,offline_text_only_final_materialization,16000,wav,synthesis_text_sha256=fdfc322af5fda571ba7fb13cf437676bbabc883d1b8db6e8848cd16ed3c5b98a;reference_audio=forbidden;voice_cloning=false,4261163562,2026-08-16T01:00:00+06:00
qwen3_tts_customvoice_aiden_v4_final_salvage:941b4aa75764bf3cc019,processed/v4/xlsr_sls_model_v4_final_salvage_materialization_v1/ru_spoof/f3/f3098c18fa32ecb98fa47fe864a78688c7ed324833a15af89912a35bfee3f0ee.wav,3e7b476f605dd7a34e1159abb096c7dd31058c36b4c784323b0b48fca788ea3b,test,spoof,ru,false,qwen3_tts_customvoice_aiden_v4_final_salvage:fixed-profile:qwen3_tts_0_6b_customvoice_aiden_q8_0,qwen3_tts_customvoice_aiden_v4_final_salvage,"Apache-2.0: Qwen CustomVoice and tokenizer model cards, cstr GGUF conversion cards, and CrispASR runtime release; permitted only for this project's personal-research scope with no training, calibration, product, re-hosting, verified-speaker or speaker-independence claim","One-shot local text-only derivative of frozen common_voice_ru_v24_v4_final_salvage text c6dd0699cb1c125913abd95c437ceedddd43e83f3b7d37a431160e0f52be4d3f; no reference audio, cloning, resynthesis, replacement or backfill",qwen3_tts_customvoice_aiden_v4_final_salvage:synthetic-profile:qwen3_tts_0_6b_customvoice_aiden_q8_0,c6dd0699cb1c125913abd95c437ceedddd43e83f3b7d37a431160e0f52be4d3f,2c1abe433aeefc5d699bc9b12b06512eb17ad6f384857cc91fb5a76b5875846d,3.52,qwen3_tts_customvoice_gguf,Qwen3-TTS 0.6B CustomVoice Q8_0 GGUF,talker-cstr-29094dcb46f19b0898616aa9aeb876aa9aa6e086-5227dcbc4df7c5533341d111cc469fa491a48e722b23dd10f553181b52dff2d9; codec-cstr-344e279551177654762e5c7d39e217834325f222-70dc95dbfdd9aa5d9d406236ff771d061bf17b0cda02a72513953355606e719b; crispasr-v0.8.28-99e990ae-c2413af7d5e70a166b74fe96f5afb6d7463f1414a5ac2dea7cd982da9f83f827; fixed-aiden; wrapper-f02d93fd7ee064539771a868c5033bc163bec1c94c838eb1152c52eb7eb677b7,qwen3_tts_customvoice:aiden,not_applicable:text_only_no_reference_audio,cuda:0,offline_text_only_final_materialization,16000,wav,synthesis_text_sha256=2c1abe433aeefc5d699bc9b12b06512eb17ad6f384857cc91fb5a76b5875846d;reference_audio=forbidden;voice_cloning=false,739950147,2026-08-16T01:00:00+06:00
qwen3_tts_customvoice_aiden_v4_final_salvage:0c4d060abde81e2d9dc8,processed/v4/xlsr_sls_model_v4_final_salvage_materialization_v1/ru_spoof/15/15b2fdb74354823dec063be07462fb8b2d98ad7da9a5ec361facecd8b3173d7c.wav,bbab80fa46b0d2c49c74895914b8b0de99a3e4d486c163c50874f3cc2650162f,test,spoof,ru,false,qwen3_tts_customvoice_aiden_v4_final_salvage:fixed-profile:qwen3_tts_0_6b_customvoice_aiden_q8_0,qwen3_tts_customvoice_aiden_v4_final_salvage,"Apache-2.0: Qwen CustomVoice and tokenizer model cards, cstr GGUF conversion cards, and CrispASR runtime release; permitted only for this project's personal-research scope with no training, calibration, product, re-hosting, verified-speaker or speaker-independence claim","One-shot local text-only derivative of frozen common_voice_ru_v24_v4_final_salvage text e0ed91997727d31b0585e74d3ebbb4abdba97cfc402bb7109c7606fd88082375; no reference audio, cloning, resynthesis, replacement or backfill",qwen3_tts_customvoice_aiden_v4_final_salvage:synthetic-profile:qwen3_tts_0_6b_customvoice_aiden_q8_0,e0ed91997727d31b0585e74d3ebbb4abdba97cfc402bb7109c7606fd88082375,e9d1564d3b95970ee80ef98f1d4101c3e20d1183f48e09cfce73d59923faa27a,7.84,qwen3_tts_customvoice_gguf,Qwen3-TTS 0.6B CustomVoice Q8_0 GGUF,talker-cstr-29094dcb46f19b0898616aa9aeb876aa9aa6e086-5227dcbc4df7c5533341d111cc469fa491a48e722b23dd10f553181b52dff2d9; codec-cstr-344e279551177654762e5c7d39e217834325f222-70dc95dbfdd9aa5d9d406236ff771d061bf17b0cda02a72513953355606e719b; crispasr-v0.8.28-99e990ae-c2413af7d5e70a166b74fe96f5afb6d7463f1414a5ac2dea7cd982da9f83f827; fixed-aiden; wrapper-f02d93fd7ee064539771a868c5033bc163bec1c94c838eb1152c52eb7eb677b7,qwen3_tts_customvoice:aiden,not_applicable:text_only_no_reference_audio,cuda:0,offline_text_only_final_materialization,16000,wav,synthesis_text_sha256=e9d1564d3b95970ee80ef98f1d4101c3e20d1183f48e09cfce73d59923faa27a;reference_audio=forbidden;voice_cloning=false,3922810445,2026-08-16T01:00:00+06:00
qwen3_tts_customvoice_aiden_v4_final_salvage:24b3dcba49b10d329e46,processed/v4/xlsr_sls_model_v4_final_salvage_materialization_v1/ru_spoof/12/127ce42b052a3db92d53947d8bca441a22aa8e91b7a007c52e065dc871ed23a5.wav,89756723b289783bc705e80cadfb33aea3f34929d9c11afee7d9820f44d41524,test,spoof,ru,false,qwen3_tts_customvoice_aiden_v4_final_salvage:fixed-profile:qwen3_tts_0_6b_customvoice_aiden_q8_0,qwen3_tts_customvoice_aiden_v4_final_salvage,"Apache-2.0: Qwen CustomVoice and tokenizer model cards, cstr GGUF conversion cards, and CrispASR runtime release; permitted only for this project's personal-research scope with no training, calibration, product, re-hosting, verified-speaker or speaker-independence claim","One-shot local text-only derivative of frozen common_voice_ru_v24_v4_final_salvage text 564213868b05b4a59e77ea22bdbb8a5d63df6b12c23bcecc58d41a1d023302e2; no reference audio, cloning, resynthesis, replacement or backfill",qwen3_tts_customvoice_aiden_v4_final_salvage:synthetic-profile:qwen3_tts_0_6b_customvoice_aiden_q8_0,564213868b05b4a59e77ea22bdbb8a5d63df6b12c23bcecc58d41a1d023302e2,f28e753686bd392716a845fe46e46e37636124daa6dd20bc89b8f7d707edc441,3.28,qwen3_tts_customvoice_gguf,Qwen3-TTS 0.6B CustomVoice Q8_0 GGUF,talker-cstr-29094dcb46f19b0898616aa9aeb876aa9aa6e086-5227dcbc4df7c5533341d111cc469fa491a48e722b23dd10f553181b52dff2d9; codec-cstr-344e279551177654762e5c7d39e217834325f222-70dc95dbfdd9aa5d9d406236ff771d061bf17b0cda02a72513953355606e719b; crispasr-v0.8.28-99e990ae-c2413af7d5e70a166b74fe96f5afb6d7463f1414a5ac2dea7cd982da9f83f827; fixed-aiden; wrapper-f02d93fd7ee064539771a868c5033bc163bec1c94c838eb1152c52eb7eb677b7,qwen3_tts_customvoice:aiden,not_applicable:text_only_no_reference_audio,cuda:0,offline_text_only_final_materialization,16000,wav,synthesis_text_sha256=f28e753686bd392716a845fe46e46e37636124daa6dd20bc89b8f7d707edc441;reference_audio=forbidden;voice_cloning=false,4069422390,2026-08-16T01:00:00+06:00
qwen3_tts_customvoice_aiden_v4_final_salvage:e18e54ebc286efd6cbc0,processed/v4/xlsr_sls_model_v4_final_salvage_materialization_v1/ru_spoof/94/9492a79796fb635dbec7153709a6834cbd645cfe838535b8f0162c4a55a4f936.wav,e9a0fa298d416efa9f4b30881fc26c662b124b19e31f573a24db1a6e480e6169,test,spoof,ru,false,qwen3_tts_customvoice_aiden_v4_final_salvage:fixed-profile:qwen3_tts_0_6b_customvoice_aiden_q8_0,qwen3_tts_customvoice_aiden_v4_final_salvage,"Apache-2.0: Qwen CustomVoice and tokenizer model cards, cstr GGUF conversion cards, and CrispASR runtime release; permitted only for this project's personal-research scope with no training, calibration, product, re-hosting, verified-speaker or speaker-independence claim","One-shot local text-only derivative of frozen common_voice_ru_v24_v4_final_salvage text 5fa0e887dc00ebd7413a060a3df33983678945b45b7f7570801593bef8db25f3; no reference audio, cloning, resynthesis, replacement or backfill",qwen3_tts_customvoice_aiden_v4_final_salvage:synthetic-profile:qwen3_tts_0_6b_customvoice_aiden_q8_0,5fa0e887dc00ebd7413a060a3df33983678945b45b7f7570801593bef8db25f3,e9d0237a996a202193db73c3a330ad1d5a953b05cea09c25b0d041e020d6fec6,5.36,qwen3_tts_customvoice_gguf,Qwen3-TTS 0.6B CustomVoice Q8_0 GGUF,talker-cstr-29094dcb46f19b0898616aa9aeb876aa9aa6e086-5227dcbc4df7c5533341d111cc469fa491a48e722b23dd10f553181b52dff2d9; codec-cstr-344e279551177654762e5c7d39e217834325f222-70dc95dbfdd9aa5d9d406236ff771d061bf17b0cda02a72513953355606e719b; crispasr-v0.8.28-99e990ae-c2413af7d5e70a166b74fe96f5afb6d7463f1414a5ac2dea7cd982da9f83f827; fixed-aiden; wrapper-f02d93fd7ee064539771a868c5033bc163bec1c94c838eb1152c52eb7eb677b7,qwen3_tts_customvoice:aiden,not_applicable:text_only_no_reference_audio,cuda:0,offline_text_only_final_materialization,16000,wav,synthesis_text_sha256=e9d0237a996a202193db73c3a330ad1d5a953b05cea09c25b0d041e020d6fec6;reference_audio=forbidden;voice_cloning=false,3922731898,2026-08-16T01:00:00+06:00
qwen3_tts_customvoice_aiden_v4_final_salvage:d069da08f0e6c80d1cc4,processed/v4/xlsr_sls_model_v4_final_salvage_materialization_v1/ru_spoof/98/98147978c01739e44100fe6270806433f75bb81e6e634e7d8b6519733b78b40c.wav,9e8018dce23550b5aeff318f197c4143cc88f80920468d0e8a1ffed4df58b6fa,test,spoof,ru,false,qwen3_tts_customvoice_aiden_v4_final_salvage:fixed-profile:qwen3_tts_0_6b_customvoice_aiden_q8_0,qwen3_tts_customvoice_aiden_v4_final_salvage,"Apache-2.0: Qwen CustomVoice and tokenizer model cards, cstr GGUF conversion cards, and CrispASR runtime release; permitted only for this project's personal-research scope with no training, calibration, product, re-hosting, verified-speaker or speaker-independence claim","One-shot local text-only derivative of frozen common_voice_ru_v24_v4_final_salvage text 55cbeafeb07a0f9c227ced05dd9b6a3df7aa581b22178ab89f280dad95d0f749; no reference audio, cloning, resynthesis, replacement or backfill",qwen3_tts_customvoice_aiden_v4_final_salvage:synthetic-profile:qwen3_tts_0_6b_customvoice_aiden_q8_0,55cbeafeb07a0f9c227ced05dd9b6a3df7aa581b22178ab89f280dad95d0f749,945386582b26d4395cc42c7f00263fc8423a656ccbe32081862b1cbd97a47675,4.16,qwen3_tts_customvoice_gguf,Qwen3-TTS 0.6B CustomVoice Q8_0 GGUF,talker-cstr-29094dcb46f19b0898616aa9aeb876aa9aa6e086-5227dcbc4df7c5533341d111cc469fa491a48e722b23dd10f553181b52dff2d9; codec-cstr-344e279551177654762e5c7d39e217834325f222-70dc95dbfdd9aa5d9d406236ff771d061bf17b0cda02a72513953355606e719b; crispasr-v0.8.28-99e990ae-c2413af7d5e70a166b74fe96f5afb6d7463f1414a5ac2dea7cd982da9f83f827; fixed-aiden; wrapper-f02d93fd7ee064539771a868c5033bc163bec1c94c838eb1152c52eb7eb677b7,qwen3_tts_customvoice:aiden,not_applicable:text_only_no_reference_audio,cuda:0,offline_text_only_final_materialization,16000,wav,synthesis_text_sha256=945386582b26d4395cc42c7f00263fc8423a656ccbe32081862b1cbd97a47675;reference_audio=forbidden;voice_cloning=false,2488501848,2026-08-16T01:00:00+06:00
qwen3_tts_customvoice_aiden_v4_final_salvage:a1cd124a4997252a147d,processed/v4/xlsr_sls_model_v4_final_salvage_materialization_v1/ru_spoof/ee/ee4c0e3b91f0fd882d3260f279e3d1456f2b5d243c3bce535d10ec2db9710961.wav,8ef977d85ce086b611c4dcfcc3b4395c5c0988f88ce842c58085dd7d09d86ddb,test,spoof,ru,false,qwen3_tts_customvoice_aiden_v4_final_salvage:fixed-profile:qwen3_tts_0_6b_customvoice_aiden_q8_0,qwen3_tts_customvoice_aiden_v4_final_salvage,"Apache-2.0: Qwen CustomVoice and tokenizer model cards, cstr GGUF conversion cards, and CrispASR runtime release; permitted only for this project's personal-research scope with no training, calibration, product, re-hosting, verified-speaker or speaker-independence claim","One-shot local text-only derivative of frozen common_voice_ru_v24_v4_final_salvage text 33805b246610bfcc567a876cee3d565d180fbe3584ed04c619e54d4b23269e90; no reference audio, cloning, resynthesis, replacement or backfill",qwen3_tts_customvoice_aiden_v4_final_salvage:synthetic-profile:qwen3_tts_0_6b_customvoice_aiden_q8_0,33805b246610bfcc567a876cee3d565d180fbe3584ed04c619e54d4b23269e90,2e13bfd630883de5d9f852765b1043cf876de1960826f68ecfc439d8839328c1,5.36,qwen3_tts_customvoice_gguf,Qwen3-TTS 0.6B CustomVoice Q8_0 GGUF,talker-cstr-29094dcb46f19b0898616aa9aeb876aa9aa6e086-5227dcbc4df7c5533341d111cc469fa491a48e722b23dd10f553181b52dff2d9; codec-cstr-344e279551177654762e5c7d39e217834325f222-70dc95dbfdd9aa5d9d406236ff771d061bf17b0cda02a72513953355606e719b; crispasr-v0.8.28-99e990ae-c2413af7d5e70a166b74fe96f5afb6d7463f1414a5ac2dea7cd982da9f83f827; fixed-aiden; wrapper-f02d93fd7ee064539771a868c5033bc163bec1c94c838eb1152c52eb7eb677b7,qwen3_tts_customvoice:aiden,not_applicable:text_only_no_reference_audio,cuda:0,offline_text_only_final_materialization,16000,wav,synthesis_text_sha256=2e13bfd630883de5d9f852765b1043cf876de1960826f68ecfc439d8839328c1;reference_audio=forbidden;voice_cloning=false,773046230,2026-08-16T01:00:00+06:00
qwen3_tts_customvoice_aiden_v4_final_salvage:9fa53711be6af8ca7281,processed/v4/xlsr_sls_model_v4_final_salvage_materialization_v1/ru_spoof/52/5244627266fd15e824bada16432536003a1df073147845e3f7801a6ac2086aa1.wav,ac39077b074b92ecfa9b5afe866aa24e40cffd54a9dd909a84963e444e83bdaa,test,spoof,ru,false,qwen3_tts_customvoice_aiden_v4_final_salvage:fixed-profile:qwen3_tts_0_6b_customvoice_aiden_q8_0,qwen3_tts_customvoice_aiden_v4_final_salvage,"Apache-2.0: Qwen CustomVoice and tokenizer model cards, cstr GGUF conversion cards, and CrispASR runtime release; permitted only for this project's personal-research scope with no training, calibration, product, re-hosting, verified-speaker or speaker-independence claim","One-shot local text-only derivative of frozen common_voice_ru_v24_v4_final_salvage text 90883519e111b59f0dbc863609b028cbc8fc2e12acd7e89711c26c2810a0afdb; no reference audio, cloning, resynthesis, replacement or backfill",qwen3_tts_customvoice_aiden_v4_final_salvage:synthetic-profile:qwen3_tts_0_6b_customvoice_aiden_q8_0,90883519e111b59f0dbc863609b028cbc8fc2e12acd7e89711c26c2810a0afdb,4d093cf36bc5a58c5560a0377108f8cd9e255ee58319af5a5de6923f157ffd17,5.12,qwen3_tts_customvoice_gguf,Qwen3-TTS 0.6B CustomVoice Q8_0 GGUF,talker-cstr-29094dcb46f19b0898616aa9aeb876aa9aa6e086-5227dcbc4df7c5533341d111cc469fa491a48e722b23dd10f553181b52dff2d9; codec-cstr-344e279551177654762e5c7d39e217834325f222-70dc95dbfdd9aa5d9d406236ff771d061bf17b0cda02a72513953355606e719b; crispasr-v0.8.28-99e990ae-c2413af7d5e70a166b74fe96f5afb6d7463f1414a5ac2dea7cd982da9f83f827; fixed-aiden; wrapper-f02d93fd7ee064539771a868c5033bc163bec1c94c838eb1152c52eb7eb677b7,qwen3_tts_customvoice:aiden,not_applicable:text_only_no_reference_audio,cuda:0,offline_text_only_final_materialization,16000,wav,synthesis_text_sha256=4d093cf36bc5a58c5560a0377108f8cd9e255ee58319af5a5de6923f157ffd17;reference_audio=forbidden;voice_cloning=false,1292451059,2026-08-16T01:00:00+06:00
qwen3_tts_customvoice_aiden_v4_final_salvage:389049884fad21f28298,processed/v4/xlsr_sls_model_v4_final_salvage_materialization_v1/ru_spoof/64/644dda2856d5f1f01682f02da37957221efe961bd8fcbe84d836f43c7307a9a6.wav,3ed781d1e0d2cf24e1ab9f6764cf1018c6f90140ae72ffee5b7666b3f3f1ab57,test,spoof,ru,false,qwen3_tts_customvoice_aiden_v4_final_salvage:fixed-profile:qwen3_tts_0_6b_customvoice_aiden_q8_0,qwen3_tts_customvoice_aiden_v4_final_salvage,"Apache-2.0: Qwen CustomVoice and tokenizer model cards, cstr GGUF conversion cards, and CrispASR runtime release; permitted only for this project's personal-research scope with no training, calibration, product, re-hosting, verified-speaker or speaker-independence claim","One-shot local text-only derivative of frozen common_voice_ru_v24_v4_final_salvage text 07293f2e0d110510fb34a7e56fab0ad4e7fed2d07de5626f0df0ac4522fcfad8; no reference audio, cloning, resynthesis, replacement or backfill",qwen3_tts_customvoice_aiden_v4_final_salvage:synthetic-profile:qwen3_tts_0_6b_customvoice_aiden_q8_0,07293f2e0d110510fb34a7e56fab0ad4e7fed2d07de5626f0df0ac4522fcfad8,2dd476a1d513a4e118a816c8eac291a1db72f58f75ae93c9cf77c08284ec5f53,4.72,qwen3_tts_customvoice_gguf,Qwen3-TTS 0.6B CustomVoice Q8_0 GGUF,talker-cstr-29094dcb46f19b0898616aa9aeb876aa9aa6e086-5227dcbc4df7c5533341d111cc469fa491a48e722b23dd10f553181b52dff2d9; codec-cstr-344e279551177654762e5c7d39e217834325f222-70dc95dbfdd9aa5d9d406236ff771d061bf17b0cda02a72513953355606e719b; crispasr-v0.8.28-99e990ae-c2413af7d5e70a166b74fe96f5afb6d7463f1414a5ac2dea7cd982da9f83f827; fixed-aiden; wrapper-f02d93fd7ee064539771a868c5033bc163bec1c94c838eb1152c52eb7eb677b7,qwen3_tts_customvoice:aiden,not_applicable:text_only_no_reference_audio,cuda:0,offline_text_only_final_materialization,16000,wav,synthesis_text_sha256=2dd476a1d513a4e118a816c8eac291a1db72f58f75ae93c9cf77c08284ec5f53;reference_audio=forbidden;voice_cloning=false,768898721,2026-08-16T01:00:00+06:00
qwen3_tts_customvoice_aiden_v4_final_salvage:f4dbf180d8223a069f2c,processed/v4/xlsr_sls_model_v4_final_salvage_materialization_v1/ru_spoof/2a/2aa9ba94c28832eb98e3f47e4b93e888134b68f1855e24e5baf4bfe62b5c367d.wav,29fad580a28b49aaeac870cd7178eeded9c39be52fe83c48d86ea54a9776d3be,test,spoof,ru,false,qwen3_tts_customvoice_aiden_v4_final_salvage:fixed-profile:qwen3_tts_0_6b_customvoice_aiden_q8_0,qwen3_tts_customvoice_aiden_v4_final_salvage,"Apache-2.0: Qwen CustomVoice and tokenizer model cards, cstr GGUF conversion cards, and CrispASR runtime release; permitted only for this project's personal-research scope with no training, calibration, product, re-hosting, verified-speaker or speaker-independence claim","One-shot local text-only derivative of frozen common_voice_ru_v24_v4_final_salvage text 60c1dafc72f6a99d57ec731835a75fab6211760e769b1f71ae2f574e27d5d33d; no reference audio, cloning, resynthesis, replacement or backfill",qwen3_tts_customvoice_aiden_v4_final_salvage:synthetic-profile:qwen3_tts_0_6b_customvoice_aiden_q8_0,60c1dafc72f6a99d57ec731835a75fab6211760e769b1f71ae2f574e27d5d33d,02e2f3415860fbea72e51e5009d6078581347ce2e159db494dd1bc083a881423,4.4,qwen3_tts_customvoice_gguf,Qwen3-TTS 0.6B CustomVoice Q8_0 GGUF,talker-cstr-29094dcb46f19b0898616aa9aeb876aa9aa6e086-5227dcbc4df7c5533341d111cc469fa491a48e722b23dd10f553181b52dff2d9; codec-cstr-344e279551177654762e5c7d39e217834325f222-70dc95dbfdd9aa5d9d406236ff771d061bf17b0cda02a72513953355606e719b; crispasr-v0.8.28-99e990ae-c2413af7d5e70a166b74fe96f5afb6d7463f1414a5ac2dea7cd982da9f83f827; fixed-aiden; wrapper-f02d93fd7ee064539771a868c5033bc163bec1c94c838eb1152c52eb7eb677b7,qwen3_tts_customvoice:aiden,not_applicable:text_only_no_reference_audio,cuda:0,offline_text_only_final_materialization,16000,wav,synthesis_text_sha256=02e2f3415860fbea72e51e5009d6078581347ce2e159db494dd1bc083a881423;reference_audio=forbidden;voice_cloning=false,48427841,2026-08-16T01:00:00+06:00
qwen3_tts_customvoice_aiden_v4_final_salvage:7a440b231d45ea0e23c6,processed/v4/xlsr_sls_model_v4_final_salvage_materialization_v1/ru_spoof/69/696c3bd83159f53e43d16f5bf65bdc95fb865b0e72506ceab4d8f1cd0f26008e.wav,ab04987bdd10c5995c7df8b343634df1ead00dfd884b294e235346d2f6c8a40d,test,spoof,ru,false,qwen3_tts_customvoice_aiden_v4_final_salvage:fixed-profile:qwen3_tts_0_6b_customvoice_aiden_q8_0,qwen3_tts_customvoice_aiden_v4_final_salvage,"Apache-2.0: Qwen CustomVoice and tokenizer model cards, cstr GGUF conversion cards, and CrispASR runtime release; permitted only for this project's personal-research scope with no training, calibration, product, re-hosting, verified-speaker or speaker-independence claim","One-shot local text-only derivative of frozen common_voice_ru_v24_v4_final_salvage text b4b8bfde67f413596db9aa5dfad574bf9df0600b8770a1bba7a3c8c6e8d8583b; no reference audio, cloning, resynthesis, replacement or backfill",qwen3_tts_customvoice_aiden_v4_final_salvage:synthetic-profile:qwen3_tts_0_6b_customvoice_aiden_q8_0,b4b8bfde67f413596db9aa5dfad574bf9df0600b8770a1bba7a3c8c6e8d8583b,a0369894dfe1e925f15121d6ca0f4608b7824853b3abf8bb4a9ab0356914c947,5.2,qwen3_tts_customvoice_gguf,Qwen3-TTS 0.6B CustomVoice Q8_0 GGUF,talker-cstr-29094dcb46f19b0898616aa9aeb876aa9aa6e086-5227dcbc4df7c5533341d111cc469fa491a48e722b23dd10f553181b52dff2d9; codec-cstr-344e279551177654762e5c7d39e217834325f222-70dc95dbfdd9aa5d9d406236ff771d061bf17b0cda02a72513953355606e719b; crispasr-v0.8.28-99e990ae-c2413af7d5e70a166b74fe96f5afb6d7463f1414a5ac2dea7cd982da9f83f827; fixed-aiden; wrapper-f02d93fd7ee064539771a868c5033bc163bec1c94c838eb1152c52eb7eb677b7,qwen3_tts_customvoice:aiden,not_applicable:text_only_no_reference_audio,cuda:0,offline_text_only_final_materialization,16000,wav,synthesis_text_sha256=a0369894dfe1e925f15121d6ca0f4608b7824853b3abf8bb4a9ab0356914c947;reference_audio=forbidden;voice_cloning=false,2687932564,2026-08-16T01:00:00+06:00
qwen3_tts_customvoice_aiden_v4_final_salvage:66e0d735683fbf5c242f,processed/v4/xlsr_sls_model_v4_final_salvage_materialization_v1/ru_spoof/e8/e818e989d2bd644268ecd0c053362fc9af628655da53c30c9d3c5eb63abb952d.wav,d180df0adfa221bb831dfd77d9f68f591dd3355c7e8960dc7c2a1d795c9873d0,test,spoof,ru,false,qwen3_tts_customvoice_aiden_v4_final_salvage:fixed-profile:qwen3_tts_0_6b_customvoice_aiden_q8_0,qwen3_tts_customvoice_aiden_v4_final_salvage,"Apache-2.0: Qwen CustomVoice and tokenizer model cards, cstr GGUF conversion cards, and CrispASR runtime release; permitted only for this project's personal-research scope with no training, calibration, product, re-hosting, verified-speaker or speaker-independence claim","One-shot local text-only derivative of frozen common_voice_ru_v24_v4_final_salvage text 5147fa14b7f458cf910155df0ae483b20b84f51c63e7ebece60daeaa9b01a2cc; no reference audio, cloning, resynthesis, replacement or backfill",qwen3_tts_customvoice_aiden_v4_final_salvage:synthetic-profile:qwen3_tts_0_6b_customvoice_aiden_q8_0,5147fa14b7f458cf910155df0ae483b20b84f51c63e7ebece60daeaa9b01a2cc,a594851d8d876102bed723d61b07788a7afcc79d949d788a375d707656fe761e,4.0,qwen3_tts_customvoice_gguf,Qwen3-TTS 0.6B CustomVoice Q8_0 GGUF,talker-cstr-29094dcb46f19b0898616aa9aeb876aa9aa6e086-5227dcbc4df7c5533341d111cc469fa491a48e722b23dd10f553181b52dff2d9; codec-cstr-344e279551177654762e5c7d39e217834325f222-70dc95dbfdd9aa5d9d406236ff771d061bf17b0cda02a72513953355606e719b; crispasr-v0.8.28-99e990ae-c2413af7d5e70a166b74fe96f5afb6d7463f1414a5ac2dea7cd982da9f83f827; fixed-aiden; wrapper-f02d93fd7ee064539771a868c5033bc163bec1c94c838eb1152c52eb7eb677b7,qwen3_tts_customvoice:aiden,not_applicable:text_only_no_reference_audio,cuda:0,offline_text_only_final_materialization,16000,wav,synthesis_text_sha256=a594851d8d876102bed723d61b07788a7afcc79d949d788a375d707656fe761e;reference_audio=forbidden;voice_cloning=false,2777974045,2026-08-16T01:00:00+06:00
qwen3_tts_customvoice_aiden_v4_final_salvage:390a4f860fd846838eff,processed/v4/xlsr_sls_model_v4_final_salvage_materialization_v1/ru_spoof/bd/bd0f27fc9c03a406c470bfa780b3f2604a4e151134113a7d87bb6f69cc8a6397.wav,0fe62f1304ad3fcb925221b91a3333d4db97e8688c7d5a06385444da61ad01e8,test,spoof,ru,false,qwen3_tts_customvoice_aiden_v4_final_salvage:fixed-profile:qwen3_tts_0_6b_customvoice_aiden_q8_0,qwen3_tts_customvoice_aiden_v4_final_salvage,"Apache-2.0: Qwen CustomVoice and tokenizer model cards, cstr GGUF conversion cards, and CrispASR runtime release; permitted only for this project's personal-research scope with no training, calibration, product, re-hosting, verified-speaker or speaker-independence claim","One-shot local text-only derivative of frozen common_voice_ru_v24_v4_final_salvage text 1572864380d0f6eb79c6c998ac9e78736e121f88da149f353d6cf66aba775064; no reference audio, cloning, resynthesis, replacement or backfill",qwen3_tts_customvoice_aiden_v4_final_salvage:synthetic-profile:qwen3_tts_0_6b_customvoice_aiden_q8_0,1572864380d0f6eb79c6c998ac9e78736e121f88da149f353d6cf66aba775064,31cf41741a20f06d8ac23a1ba31cb31bf56a2bfc14605e06053748a32d177cd2,7.52,qwen3_tts_customvoice_gguf,Qwen3-TTS 0.6B CustomVoice Q8_0 GGUF,talker-cstr-29094dcb46f19b0898616aa9aeb876aa9aa6e086-5227dcbc4df7c5533341d111cc469fa491a48e722b23dd10f553181b52dff2d9; codec-cstr-344e279551177654762e5c7d39e217834325f222-70dc95dbfdd9aa5d9d406236ff771d061bf17b0cda02a72513953355606e719b; crispasr-v0.8.28-99e990ae-c2413af7d5e70a166b74fe96f5afb6d7463f1414a5ac2dea7cd982da9f83f827; fixed-aiden; wrapper-f02d93fd7ee064539771a868c5033bc163bec1c94c838eb1152c52eb7eb677b7,qwen3_tts_customvoice:aiden,not_applicable:text_only_no_reference_audio,cuda:0,offline_text_only_final_materialization,16000,wav,synthesis_text_sha256=31cf41741a20f06d8ac23a1ba31cb31bf56a2bfc14605e06053748a32d177cd2;reference_audio=forbidden;voice_cloning=false,835666292,2026-08-16T01:00:00+06:00
qwen3_tts_customvoice_aiden_v4_final_salvage:78c7a3fb67b2d5d4f5bb,processed/v4/xlsr_sls_model_v4_final_salvage_materialization_v1/ru_spoof/e3/e3fbdecaa9a0fd1a45066ec55f5a85fda5c962373af136e1d8297032f5ddd561.wav,1cf457c40dbe6817f79f8924161bacaa9d0b26a481927e37552ea76fdf29fc7e,test,spoof,ru,false,qwen3_tts_customvoice_aiden_v4_final_salvage:fixed-profile:qwen3_tts_0_6b_customvoice_aiden_q8_0,qwen3_tts_customvoice_aiden_v4_final_salvage,"Apache-2.0: Qwen CustomVoice and tokenizer model cards, cstr GGUF conversion cards, and CrispASR runtime release; permitted only for this project's personal-research scope with no training, calibration, product, re-hosting, verified-speaker or speaker-independence claim","One-shot local text-only derivative of frozen common_voice_ru_v24_v4_final_salvage text 6b0f8627ebb6c98606f4cf103637dd878953f6d7cdf095f7ddf71a8469117499; no reference audio, cloning, resynthesis, replacement or backfill",qwen3_tts_customvoice_aiden_v4_final_salvage:synthetic-profile:qwen3_tts_0_6b_customvoice_aiden_q8_0,6b0f8627ebb6c98606f4cf103637dd878953f6d7cdf095f7ddf71a8469117499,1ec4f524af5c222a73bc61752f41894dd714f607a5ee31cfce77284eedcb5df0,3.28,qwen3_tts_customvoice_gguf,Qwen3-TTS 0.6B CustomVoice Q8_0 GGUF,talker-cstr-29094dcb46f19b0898616aa9aeb876aa9aa6e086-5227dcbc4df7c5533341d111cc469fa491a48e722b23dd10f553181b52dff2d9; codec-cstr-344e279551177654762e5c7d39e217834325f222-70dc95dbfdd9aa5d9d406236ff771d061bf17b0cda02a72513953355606e719b; crispasr-v0.8.28-99e990ae-c2413af7d5e70a166b74fe96f5afb6d7463f1414a5ac2dea7cd982da9f83f827; fixed-aiden; wrapper-f02d93fd7ee064539771a868c5033bc163bec1c94c838eb1152c52eb7eb677b7,qwen3_tts_customvoice:aiden,not_applicable:text_only_no_reference_audio,cuda:0,offline_text_only_final_materialization,16000,wav,synthesis_text_sha256=1ec4f524af5c222a73bc61752f41894dd714f607a5ee31cfce77284eedcb5df0;reference_audio=forbidden;voice_cloning=false,516224292,2026-08-16T01:00:00+06:00
qwen3_tts_customvoice_aiden_v4_final_salvage:421c4fdd32dfb8dc3999,processed/v4/xlsr_sls_model_v4_final_salvage_materialization_v1/ru_spoof/a5/a599a49fb47150b98b49bc3ad560fdccb25cc34ef65aedf1fdfe377902411ff7.wav,2be94ba0ba0eed11cd407b20815a4bcb912a5495d5163298ea22037a7a1430ee,test,spoof,ru,false,qwen3_tts_customvoice_aiden_v4_final_salvage:fixed-profile:qwen3_tts_0_6b_customvoice_aiden_q8_0,qwen3_tts_customvoice_aiden_v4_final_salvage,"Apache-2.0: Qwen CustomVoice and tokenizer model cards, cstr GGUF conversion cards, and CrispASR runtime release; permitted only for this project's personal-research scope with no training, calibration, product, re-hosting, verified-speaker or speaker-independence claim","One-shot local text-only derivative of frozen common_voice_ru_v24_v4_final_salvage text 2b4b7b16c7f0755da90467b6e3512b0df67490fa6cc913a89271012dfa3a0ebc; no reference audio, cloning, resynthesis, replacement or backfill",qwen3_tts_customvoice_aiden_v4_final_salvage:synthetic-profile:qwen3_tts_0_6b_customvoice_aiden_q8_0,2b4b7b16c7f0755da90467b6e3512b0df67490fa6cc913a89271012dfa3a0ebc,da7254dd38349387b852d6f6d1ff47c98d4e42701bc3eb9e0a16244fba0441a5,5.6,qwen3_tts_customvoice_gguf,Qwen3-TTS 0.6B CustomVoice Q8_0 GGUF,talker-cstr-29094dcb46f19b0898616aa9aeb876aa9aa6e086-5227dcbc4df7c5533341d111cc469fa491a48e722b23dd10f553181b52dff2d9; codec-cstr-344e279551177654762e5c7d39e217834325f222-70dc95dbfdd9aa5d9d406236ff771d061bf17b0cda02a72513953355606e719b; crispasr-v0.8.28-99e990ae-c2413af7d5e70a166b74fe96f5afb6d7463f1414a5ac2dea7cd982da9f83f827; fixed-aiden; wrapper-f02d93fd7ee064539771a868c5033bc163bec1c94c838eb1152c52eb7eb677b7,qwen3_tts_customvoice:aiden,not_applicable:text_only_no_reference_audio,cuda:0,offline_text_only_final_materialization,16000,wav,synthesis_text_sha256=da7254dd38349387b852d6f6d1ff47c98d4e42701bc3eb9e0a16244fba0441a5;reference_audio=forbidden;voice_cloning=false,3664925917,2026-08-16T01:00:00+06:00
qwen3_tts_customvoice_aiden_v4_final_salvage:28bc98ec20f45c62ffa6,processed/v4/xlsr_sls_model_v4_final_salvage_materialization_v1/ru_spoof/b5/b5ad183ee6170a9fbdd268698ced702591583e5babf3599495e632b54485b988.wav,d87a74cd444605e80490f2771300a141ae0d8d5e35023e88a773e5cf5c6765ca,test,spoof,ru,false,qwen3_tts_customvoice_aiden_v4_final_salvage:fixed-profile:qwen3_tts_0_6b_customvoice_aiden_q8_0,qwen3_tts_customvoice_aiden_v4_final_salvage,"Apache-2.0: Qwen CustomVoice and tokenizer model cards, cstr GGUF conversion cards, and CrispASR runtime release; permitted only for this project's personal-research scope with no training, calibration, product, re-hosting, verified-speaker or speaker-independence claim","One-shot local text-only derivative of frozen common_voice_ru_v24_v4_final_salvage text 225190c2820f99c9e62644f7a33091a9f6dbf608aab4158ec0d5c03e1664da01; no reference audio, cloning, resynthesis, replacement or backfill",qwen3_tts_customvoice_aiden_v4_final_salvage:synthetic-profile:qwen3_tts_0_6b_customvoice_aiden_q8_0,225190c2820f99c9e62644f7a33091a9f6dbf608aab4158ec0d5c03e1664da01,183832ee3562a1d654618df708e06bcdeb443732715fa381a37402ce971ab998,3.92,qwen3_tts_customvoice_gguf,Qwen3-TTS 0.6B CustomVoice Q8_0 GGUF,talker-cstr-29094dcb46f19b0898616aa9aeb876aa9aa6e086-5227dcbc4df7c5533341d111cc469fa491a48e722b23dd10f553181b52dff2d9; codec-cstr-344e279551177654762e5c7d39e217834325f222-70dc95dbfdd9aa5d9d406236ff771d061bf17b0cda02a72513953355606e719b; crispasr-v0.8.28-99e990ae-c2413af7d5e70a166b74fe96f5afb6d7463f1414a5ac2dea7cd982da9f83f827; fixed-aiden; wrapper-f02d93fd7ee064539771a868c5033bc163bec1c94c838eb1152c52eb7eb677b7,qwen3_tts_customvoice:aiden,not_applicable:text_only_no_reference_audio,cuda:0,offline_text_only_final_materialization,16000,wav,synthesis_text_sha256=183832ee3562a1d654618df708e06bcdeb443732715fa381a37402ce971ab998;reference_audio=forbidden;voice_cloning=false,406336238,2026-08-16T01:00:00+06:00
qwen3_tts_customvoice_aiden_v4_final_salvage:51c614627137db99dc5b,processed/v4/xlsr_sls_model_v4_final_salvage_materialization_v1/ru_spoof/dd/dd85d848e6d289ab49a02cc7585a9c337edc4e76cfc36508190e18e184cfb532.wav,a1ac328ff9bb0b89c5b107dd65b4d7ca39b5f049d44a00466924ccec3476a4f3,test,spoof,ru,false,qwen3_tts_customvoice_aiden_v4_final_salvage:fixed-profile:qwen3_tts_0_6b_customvoice_aiden_q8_0,qwen3_tts_customvoice_aiden_v4_final_salvage,"Apache-2.0: Qwen CustomVoice and tokenizer model cards, cstr GGUF conversion cards, and CrispASR runtime release; permitted only for this project's personal-research scope with no training, calibration, product, re-hosting, verified-speaker or speaker-independence claim","One-shot local text-only derivative of frozen common_voice_ru_v24_v4_final_salvage text 87d07ce9a0a4fccf1275730b5cfd5851fe14dddb701645564b5d3dc9cdfcbd27; no reference audio, cloning, resynthesis, replacement or backfill",qwen3_tts_customvoice_aiden_v4_final_salvage:synthetic-profile:qwen3_tts_0_6b_customvoice_aiden_q8_0,87d07ce9a0a4fccf1275730b5cfd5851fe14dddb701645564b5d3dc9cdfcbd27,391e0620d8b941c161cef27100cf9d41d2dc812df1dbf9c29a5c6bddfea6eccc,5.52,qwen3_tts_customvoice_gguf,Qwen3-TTS 0.6B CustomVoice Q8_0 GGUF,talker-cstr-29094dcb46f19b0898616aa9aeb876aa9aa6e086-5227dcbc4df7c5533341d111cc469fa491a48e722b23dd10f553181b52dff2d9; codec-cstr-344e279551177654762e5c7d39e217834325f222-70dc95dbfdd9aa5d9d406236ff771d061bf17b0cda02a72513953355606e719b; crispasr-v0.8.28-99e990ae-c2413af7d5e70a166b74fe96f5afb6d7463f1414a5ac2dea7cd982da9f83f827; fixed-aiden; wrapper-f02d93fd7ee064539771a868c5033bc163bec1c94c838eb1152c52eb7eb677b7,qwen3_tts_customvoice:aiden,not_applicable:text_only_no_reference_audio,cuda:0,offline_text_only_final_materialization,16000,wav,synthesis_text_sha256=391e0620d8b941c161cef27100cf9d41d2dc812df1dbf9c29a5c6bddfea6eccc;reference_audio=forbidden;voice_cloning=false,958268960,2026-08-16T01:00:00+06:00
qwen3_tts_customvoice_aiden_v4_final_salvage:9bdac18d54e10d9c8dc3,processed/v4/xlsr_sls_model_v4_final_salvage_materialization_v1/ru_spoof/a4/a4b1e3bf5eedad4a80004d91616589cab003e70422a90bdc23b99d9936550ce5.wav,5724288733cb7a7ee8f9bee457987cb9f13dfb005e0a666d76a7a126ed5dc698,test,spoof,ru,false,qwen3_tts_customvoice_aiden_v4_final_salvage:fixed-profile:qwen3_tts_0_6b_customvoice_aiden_q8_0,qwen3_tts_customvoice_aiden_v4_final_salvage,"Apache-2.0: Qwen CustomVoice and tokenizer model cards, cstr GGUF conversion cards, and CrispASR runtime release; permitted only for this project's personal-research scope with no training, calibration, product, re-hosting, verified-speaker or speaker-independence claim","One-shot local text-only derivative of frozen common_voice_ru_v24_v4_final_salvage text 4658505101168ffc798898d3e2ddeb5a975ee454be01f3c57518575cd9c16a0e; no reference audio, cloning, resynthesis, replacement or backfill",qwen3_tts_customvoice_aiden_v4_final_salvage:synthetic-profile:qwen3_tts_0_6b_customvoice_aiden_q8_0,4658505101168ffc798898d3e2ddeb5a975ee454be01f3c57518575cd9c16a0e,709124203d9c8c57653f8ed331850d296f69dbee1b803ae8fa13ba98afebfa0b,4.88,qwen3_tts_customvoice_gguf,Qwen3-TTS 0.6B CustomVoice Q8_0 GGUF,talker-cstr-29094dcb46f19b0898616aa9aeb876aa9aa6e086-5227dcbc4df7c5533341d111cc469fa491a48e722b23dd10f553181b52dff2d9; codec-cstr-344e279551177654762e5c7d39e217834325f222-70dc95dbfdd9aa5d9d406236ff771d061bf17b0cda02a72513953355606e719b; crispasr-v0.8.28-99e990ae-c2413af7d5e70a166b74fe96f5afb6d7463f1414a5ac2dea7cd982da9f83f827; fixed-aiden; wrapper-f02d93fd7ee064539771a868c5033bc163bec1c94c838eb1152c52eb7eb677b7,qwen3_tts_customvoice:aiden,not_applicable:text_only_no_reference_audio,cuda:0,offline_text_only_final_materialization,16000,wav,synthesis_text_sha256=709124203d9c8c57653f8ed331850d296f69dbee1b803ae8fa13ba98afebfa0b;reference_audio=forbidden;voice_cloning=false,1888560160,2026-08-16T01:00:00+06:00
qwen3_tts_customvoice_aiden_v4_final_salvage:c331dcf5ce6c22481015,processed/v4/xlsr_sls_model_v4_final_salvage_materialization_v1/ru_spoof/5f/5faf34c8b9c8e1379d6df73db69a6aec6d59b656c22e24950344a0c20a4a2e06.wav,7cf632149d60fe255c95e4bb847f40a152dbf21ca4bc80e60c10c85c00ac1826,test,spoof,ru,false,qwen3_tts_customvoice_aiden_v4_final_salvage:fixed-profile:qwen3_tts_0_6b_customvoice_aiden_q8_0,qwen3_tts_customvoice_aiden_v4_final_salvage,"Apache-2.0: Qwen CustomVoice and tokenizer model cards, cstr GGUF conversion cards, and CrispASR runtime release; permitted only for this project's personal-research scope with no training, calibration, product, re-hosting, verified-speaker or speaker-independence claim","One-shot local text-only derivative of frozen common_voice_ru_v24_v4_final_salvage text 85e09e746304c687a7797254c902f1cf2db9e9c72ced1605103c97777ea41760; no reference audio, cloning, resynthesis, replacement or backfill",qwen3_tts_customvoice_aiden_v4_final_salvage:synthetic-profile:qwen3_tts_0_6b_customvoice_aiden_q8_0,85e09e746304c687a7797254c902f1cf2db9e9c72ced1605103c97777ea41760,f54ef1a0b636007a726666248371a0f950429dbc50496e47d62f3873d93ca9cb,3.84,qwen3_tts_customvoice_gguf,Qwen3-TTS 0.6B CustomVoice Q8_0 GGUF,talker-cstr-29094dcb46f19b0898616aa9aeb876aa9aa6e086-5227dcbc4df7c5533341d111cc469fa491a48e722b23dd10f553181b52dff2d9; codec-cstr-344e279551177654762e5c7d39e217834325f222-70dc95dbfdd9aa5d9d406236ff771d061bf17b0cda02a72513953355606e719b; crispasr-v0.8.28-99e990ae-c2413af7d5e70a166b74fe96f5afb6d7463f1414a5ac2dea7cd982da9f83f827; fixed-aiden; wrapper-f02d93fd7ee064539771a868c5033bc163bec1c94c838eb1152c52eb7eb677b7,qwen3_tts_customvoice:aiden,not_applicable:text_only_no_reference_audio,cuda:0,offline_text_only_final_materialization,16000,wav,synthesis_text_sha256=f54ef1a0b636007a726666248371a0f950429dbc50496e47d62f3873d93ca9cb;reference_audio=forbidden;voice_cloning=false,4115591584,2026-08-16T01:00:00+06:00
qwen3_tts_customvoice_aiden_v4_final_salvage:f106fda5af904fa86a9d,processed/v4/xlsr_sls_model_v4_final_salvage_materialization_v1/ru_spoof/dc/dc38fa8def687015e61fc83e3dab7eec91b9fb68151d40de519755d87efa53d5.wav,58c742e4bb44c86b7110fcf9bd2d214d874857e3bfddb7254eb7e0f5382256cd,test,spoof,ru,false,qwen3_tts_customvoice_aiden_v4_final_salvage:fixed-profile:qwen3_tts_0_6b_customvoice_aiden_q8_0,qwen3_tts_customvoice_aiden_v4_final_salvage,"Apache-2.0: Qwen CustomVoice and tokenizer model cards, cstr GGUF conversion cards, and CrispASR runtime release; permitted only for this project's personal-research scope with no training, calibration, product, re-hosting, verified-speaker or speaker-independence claim","One-shot local text-only derivative of frozen common_voice_ru_v24_v4_final_salvage text 37ba0e582617abc0edbc17fbd3e630092c087379d333b3cae71b4d6512bf69f3; no reference audio, cloning, resynthesis, replacement or backfill",qwen3_tts_customvoice_aiden_v4_final_salvage:synthetic-profile:qwen3_tts_0_6b_customvoice_aiden_q8_0,37ba0e582617abc0edbc17fbd3e630092c087379d333b3cae71b4d6512bf69f3,47e635db4fe50ae61b35ad0ab181d470e88049a71c3749af8bb09d023c0c8b24,6.88,qwen3_tts_customvoice_gguf,Qwen3-TTS 0.6B CustomVoice Q8_0 GGUF,talker-cstr-29094dcb46f19b0898616aa9aeb876aa9aa6e086-5227dcbc4df7c5533341d111cc469fa491a48e722b23dd10f553181b52dff2d9; codec-cstr-344e279551177654762e5c7d39e217834325f222-70dc95dbfdd9aa5d9d406236ff771d061bf17b0cda02a72513953355606e719b; crispasr-v0.8.28-99e990ae-c2413af7d5e70a166b74fe96f5afb6d7463f1414a5ac2dea7cd982da9f83f827; fixed-aiden; wrapper-f02d93fd7ee064539771a868c5033bc163bec1c94c838eb1152c52eb7eb677b7,qwen3_tts_customvoice:aiden,not_applicable:text_only_no_reference_audio,cuda:0,offline_text_only_final_materialization,16000,wav,synthesis_text_sha256=47e635db4fe50ae61b35ad0ab181d470e88049a71c3749af8bb09d023c0c8b24;reference_audio=forbidden;voice_cloning=false,1206269403,2026-08-16T01:00:00+06:00
qwen3_tts_customvoice_aiden_v4_final_salvage:b330b7439634ffd04040,processed/v4/xlsr_sls_model_v4_final_salvage_materialization_v1/ru_spoof/32/329399d6a9592e91f653daf2c2dea563d06c4307ff1436ba5292194839976cae.wav,b6a66bffd4ec95669be0c8dea52754b674a4158fba7512043320ab69cd77b5a7,test,spoof,ru,false,qwen3_tts_customvoice_aiden_v4_final_salvage:fixed-profile:qwen3_tts_0_6b_customvoice_aiden_q8_0,qwen3_tts_customvoice_aiden_v4_final_salvage,"Apache-2.0: Qwen CustomVoice and tokenizer model cards, cstr GGUF conversion cards, and CrispASR runtime release; permitted only for this project's personal-research scope with no training, calibration, product, re-hosting, verified-speaker or speaker-independence claim","One-shot local text-only derivative of frozen common_voice_ru_v24_v4_final_salvage text 5f69bb071d7f3201def14fe5f7e0b40e12cbcc1640c7a4078e203455433709a9; no reference audio, cloning, resynthesis, replacement or backfill",qwen3_tts_customvoice_aiden_v4_final_salvage:synthetic-profile:qwen3_tts_0_6b_customvoice_aiden_q8_0,5f69bb071d7f3201def14fe5f7e0b40e12cbcc1640c7a4078e203455433709a9,e44c38b3d9a52892f5794c2cfcff39ebab9709a450b25760d9d6836d85259db2,3.76,qwen3_tts_customvoice_gguf,Qwen3-TTS 0.6B CustomVoice Q8_0 GGUF,talker-cstr-29094dcb46f19b0898616aa9aeb876aa9aa6e086-5227dcbc4df7c5533341d111cc469fa491a48e722b23dd10f553181b52dff2d9; codec-cstr-344e279551177654762e5c7d39e217834325f222-70dc95dbfdd9aa5d9d406236ff771d061bf17b0cda02a72513953355606e719b; crispasr-v0.8.28-99e990ae-c2413af7d5e70a166b74fe96f5afb6d7463f1414a5ac2dea7cd982da9f83f827; fixed-aiden; wrapper-f02d93fd7ee064539771a868c5033bc163bec1c94c838eb1152c52eb7eb677b7,qwen3_tts_customvoice:aiden,not_applicable:text_only_no_reference_audio,cuda:0,offline_text_only_final_materialization,16000,wav,synthesis_text_sha256=e44c38b3d9a52892f5794c2cfcff39ebab9709a450b25760d9d6836d85259db2;reference_audio=forbidden;voice_cloning=false,3830200499,2026-08-16T01:00:00+06:00
qwen3_tts_customvoice_aiden_v4_final_salvage:0c92d996af66111a1487,processed/v4/xlsr_sls_model_v4_final_salvage_materialization_v1/ru_spoof/ed/ed940f68aa9bc2976535e9f346e81b6348a8f2ed4f1e3c8d964b34ade5300ce7.wav,7a37648b2a9d8e7751b25d6f72cb29b4079fd90f77cb13c1ed8711239d4f5d95,test,spoof,ru,false,qwen3_tts_customvoice_aiden_v4_final_salvage:fixed-profile:qwen3_tts_0_6b_customvoice_aiden_q8_0,qwen3_tts_customvoice_aiden_v4_final_salvage,"Apache-2.0: Qwen CustomVoice and tokenizer model cards, cstr GGUF conversion cards, and CrispASR runtime release; permitted only for this project's personal-research scope with no training, calibration, product, re-hosting, verified-speaker or speaker-independence claim","One-shot local text-only derivative of frozen common_voice_ru_v24_v4_final_salvage text 1a11820cbdcc8159f11147e45c3b75201471dc55e1bf88fa68c91d730a94b25f; no reference audio, cloning, resynthesis, replacement or backfill",qwen3_tts_customvoice_aiden_v4_final_salvage:synthetic-profile:qwen3_tts_0_6b_customvoice_aiden_q8_0,1a11820cbdcc8159f11147e45c3b75201471dc55e1bf88fa68c91d730a94b25f,98711abcd47b24298910ce6554ecf1e3e67ccfbb1d94136703f17b724f4d6a79,5.84,qwen3_tts_customvoice_gguf,Qwen3-TTS 0.6B CustomVoice Q8_0 GGUF,talker-cstr-29094dcb46f19b0898616aa9aeb876aa9aa6e086-5227dcbc4df7c5533341d111cc469fa491a48e722b23dd10f553181b52dff2d9; codec-cstr-344e279551177654762e5c7d39e217834325f222-70dc95dbfdd9aa5d9d406236ff771d061bf17b0cda02a72513953355606e719b; crispasr-v0.8.28-99e990ae-c2413af7d5e70a166b74fe96f5afb6d7463f1414a5ac2dea7cd982da9f83f827; fixed-aiden; wrapper-f02d93fd7ee064539771a868c5033bc163bec1c94c838eb1152c52eb7eb677b7,qwen3_tts_customvoice:aiden,not_applicable:text_only_no_reference_audio,cuda:0,offline_text_only_final_materialization,16000,wav,synthesis_text_sha256=98711abcd47b24298910ce6554ecf1e3e67ccfbb1d94136703f17b724f4d6a79;reference_audio=forbidden;voice_cloning=false,2557549244,2026-08-16T01:00:00+06:00
qwen3_tts_customvoice_aiden_v4_final_salvage:e927bb9f0c05272bffe4,processed/v4/xlsr_sls_model_v4_final_salvage_materialization_v1/ru_spoof/3c/3cfd975b5eb4156f14eeee3745f074173820a54465acea81cadfc2b7a5acebfe.wav,d51814900ab7b38f16bb7c78cfef2c4812e169d3fbdc2af393e706dfddb04e65,test,spoof,ru,false,qwen3_tts_customvoice_aiden_v4_final_salvage:fixed-profile:qwen3_tts_0_6b_customvoice_aiden_q8_0,qwen3_tts_customvoice_aiden_v4_final_salvage,"Apache-2.0: Qwen CustomVoice and tokenizer model cards, cstr GGUF conversion cards, and CrispASR runtime release; permitted only for this project's personal-research scope with no training, calibration, product, re-hosting, verified-speaker or speaker-independence claim","One-shot local text-only derivative of frozen common_voice_ru_v24_v4_final_salvage text 92576c4991f37321bea752bcde4dd233841ac3a7dd064b0e6b69d2bd7ce644dd; no reference audio, cloning, resynthesis, replacement or backfill",qwen3_tts_customvoice_aiden_v4_final_salvage:synthetic-profile:qwen3_tts_0_6b_customvoice_aiden_q8_0,92576c4991f37321bea752bcde4dd233841ac3a7dd064b0e6b69d2bd7ce644dd,f6dc8d94ca3541bd34bed1e8fa3be32531d91c3c328f415016e996d91feb71b0,4.64,qwen3_tts_customvoice_gguf,Qwen3-TTS 0.6B CustomVoice Q8_0 GGUF,talker-cstr-29094dcb46f19b0898616aa9aeb876aa9aa6e086-5227dcbc4df7c5533341d111cc469fa491a48e722b23dd10f553181b52dff2d9; codec-cstr-344e279551177654762e5c7d39e217834325f222-70dc95dbfdd9aa5d9d406236ff771d061bf17b0cda02a72513953355606e719b; crispasr-v0.8.28-99e990ae-c2413af7d5e70a166b74fe96f5afb6d7463f1414a5ac2dea7cd982da9f83f827; fixed-aiden; wrapper-f02d93fd7ee064539771a868c5033bc163bec1c94c838eb1152c52eb7eb677b7,qwen3_tts_customvoice:aiden,not_applicable:text_only_no_reference_audio,cuda:0,offline_text_only_final_materialization,16000,wav,synthesis_text_sha256=f6dc8d94ca3541bd34bed1e8fa3be32531d91c3c328f415016e996d91feb71b0;reference_audio=forbidden;voice_cloning=false,4141649300,2026-08-16T01:00:00+06:00
qwen3_tts_customvoice_aiden_v4_final_salvage:5aa3c8c1faa2688aa634,processed/v4/xlsr_sls_model_v4_final_salvage_materialization_v1/ru_spoof/0a/0ad36b0a032817d280a061ea3d0dd3e5bf6835480190551284635780dcb52f8d.wav,2a233fe617ea3ac2aad038f84745b4fa5c4a3ce69fb8f2fd16fcb306b8328f61,test,spoof,ru,false,qwen3_tts_customvoice_aiden_v4_final_salvage:fixed-profile:qwen3_tts_0_6b_customvoice_aiden_q8_0,qwen3_tts_customvoice_aiden_v4_final_salvage,"Apache-2.0: Qwen CustomVoice and tokenizer model cards, cstr GGUF conversion cards, and CrispASR runtime release; permitted only for this project's personal-research scope with no training, calibration, product, re-hosting, verified-speaker or speaker-independence claim","One-shot local text-only derivative of frozen common_voice_ru_v24_v4_final_salvage text c54710c3635f985d29622f20079f8eb07cd1b4d49c690b354ec49f200f4f9d5c; no reference audio, cloning, resynthesis, replacement or backfill",qwen3_tts_customvoice_aiden_v4_final_salvage:synthetic-profile:qwen3_tts_0_6b_customvoice_aiden_q8_0,c54710c3635f985d29622f20079f8eb07cd1b4d49c690b354ec49f200f4f9d5c,4d22534a3422b45834a44b26de9e0c4511ece0425caf12dedc5bf0bd9852d51e,4.32,qwen3_tts_customvoice_gguf,Qwen3-TTS 0.6B CustomVoice Q8_0 GGUF,talker-cstr-29094dcb46f19b0898616aa9aeb876aa9aa6e086-5227dcbc4df7c5533341d111cc469fa491a48e722b23dd10f553181b52dff2d9; codec-cstr-344e279551177654762e5c7d39e217834325f222-70dc95dbfdd9aa5d9d406236ff771d061bf17b0cda02a72513953355606e719b; crispasr-v0.8.28-99e990ae-c2413af7d5e70a166b74fe96f5afb6d7463f1414a5ac2dea7cd982da9f83f827; fixed-aiden; wrapper-f02d93fd7ee064539771a868c5033bc163bec1c94c838eb1152c52eb7eb677b7,qwen3_tts_customvoice:aiden,not_applicable:text_only_no_reference_audio,cuda:0,offline_text_only_final_materialization,16000,wav,synthesis_text_sha256=4d22534a3422b45834a44b26de9e0c4511ece0425caf12dedc5bf0bd9852d51e;reference_audio=forbidden;voice_cloning=false,1294095178,2026-08-16T01:00:00+06:00
qwen3_tts_customvoice_aiden_v4_final_salvage:e938f8edc183cd8ad1d2,processed/v4/xlsr_sls_model_v4_final_salvage_materialization_v1/ru_spoof/7f/7fc499e54e65a39fe6879f1a2744c86d2cef2fd88fe07ac76ee4235e61bf9ec9.wav,c706685203202c568fe6fac3e5308d740660e7524b18829fdf7132a2313f44fe,test,spoof,ru,false,qwen3_tts_customvoice_aiden_v4_final_salvage:fixed-profile:qwen3_tts_0_6b_customvoice_aiden_q8_0,qwen3_tts_customvoice_aiden_v4_final_salvage,"Apache-2.0: Qwen CustomVoice and tokenizer model cards, cstr GGUF conversion cards, and CrispASR runtime release; permitted only for this project's personal-research scope with no training, calibration, product, re-hosting, verified-speaker or speaker-independence claim","One-shot local text-only derivative of frozen common_voice_ru_v24_v4_final_salvage text 5a063efb0455dd2382dd77ef02a4e2cf2951b5905facaeb61d5351967c669a40; no reference audio, cloning, resynthesis, replacement or backfill",qwen3_tts_customvoice_aiden_v4_final_salvage:synthetic-profile:qwen3_tts_0_6b_customvoice_aiden_q8_0,5a063efb0455dd2382dd77ef02a4e2cf2951b5905facaeb61d5351967c669a40,a683dcc76305b404368bd58bbf65001af2f2e54f847c08571609987771d06309,4.24,qwen3_tts_customvoice_gguf,Qwen3-TTS 0.6B CustomVoice Q8_0 GGUF,talker-cstr-29094dcb46f19b0898616aa9aeb876aa9aa6e086-5227dcbc4df7c5533341d111cc469fa491a48e722b23dd10f553181b52dff2d9; codec-cstr-344e279551177654762e5c7d39e217834325f222-70dc95dbfdd9aa5d9d406236ff771d061bf17b0cda02a72513953355606e719b; crispasr-v0.8.28-99e990ae-c2413af7d5e70a166b74fe96f5afb6d7463f1414a5ac2dea7cd982da9f83f827; fixed-aiden; wrapper-f02d93fd7ee064539771a868c5033bc163bec1c94c838eb1152c52eb7eb677b7,qwen3_tts_customvoice:aiden,not_applicable:text_only_no_reference_audio,cuda:0,offline_text_only_final_materialization,16000,wav,synthesis_text_sha256=a683dcc76305b404368bd58bbf65001af2f2e54f847c08571609987771d06309;reference_audio=forbidden;voice_cloning=false,2793659591,2026-08-16T01:00:00+06:00
qwen3_tts_customvoice_aiden_v4_final_salvage:7131774cb08cb159436d,processed/v4/xlsr_sls_model_v4_final_salvage_materialization_v1/ru_spoof/41/41ab623cf4cda49dfcf17aaedccab35f5e4fdc1085f2ba8e190194fa3747d33d.wav,cdc0a56f71c20c1432144de80095c9751545bca648499741eb6bde1638aff4c6,test,spoof,ru,false,qwen3_tts_customvoice_aiden_v4_final_salvage:fixed-profile:qwen3_tts_0_6b_customvoice_aiden_q8_0,qwen3_tts_customvoice_aiden_v4_final_salvage,"Apache-2.0: Qwen CustomVoice and tokenizer model cards, cstr GGUF conversion cards, and CrispASR runtime release; permitted only for this project's personal-research scope with no training, calibration, product, re-hosting, verified-speaker or speaker-independence claim","One-shot local text-only derivative of frozen common_voice_ru_v24_v4_final_salvage text a76388e7694a4c94db519f9c3e418d82443703ffb346c414d2c62c166dd33ffb; no reference audio, cloning, resynthesis, replacement or backfill",qwen3_tts_customvoice_aiden_v4_final_salvage:synthetic-profile:qwen3_tts_0_6b_customvoice_aiden_q8_0,a76388e7694a4c94db519f9c3e418d82443703ffb346c414d2c62c166dd33ffb,37fe48220d6ca449af0384b655af999e13ce9d6bf83424b737fc406f9cbc9b87,4.8,qwen3_tts_customvoice_gguf,Qwen3-TTS 0.6B CustomVoice Q8_0 GGUF,talker-cstr-29094dcb46f19b0898616aa9aeb876aa9aa6e086-5227dcbc4df7c5533341d111cc469fa491a48e722b23dd10f553181b52dff2d9; codec-cstr-344e279551177654762e5c7d39e217834325f222-70dc95dbfdd9aa5d9d406236ff771d061bf17b0cda02a72513953355606e719b; crispasr-v0.8.28-99e990ae-c2413af7d5e70a166b74fe96f5afb6d7463f1414a5ac2dea7cd982da9f83f827; fixed-aiden; wrapper-f02d93fd7ee064539771a868c5033bc163bec1c94c838eb1152c52eb7eb677b7,qwen3_tts_customvoice:aiden,not_applicable:text_only_no_reference_audio,cuda:0,offline_text_only_final_materialization,16000,wav,synthesis_text_sha256=37fe48220d6ca449af0384b655af999e13ce9d6bf83424b737fc406f9cbc9b87;reference_audio=forbidden;voice_cloning=false,939411490,2026-08-16T01:00:00+06:00
qwen3_tts_customvoice_aiden_v4_final_salvage:99cf5b93fc55d927bd2b,processed/v4/xlsr_sls_model_v4_final_salvage_materialization_v1/ru_spoof/db/dba19a44999c46c0d2aed65a7a9b552ed451f2b7713b3610b4964c5f8471879f.wav,571a55867c9363a897f6e039a2826730cf170bbf347d8272ce7f4d3eb4c957f7,test,spoof,ru,false,qwen3_tts_customvoice_aiden_v4_final_salvage:fixed-profile:qwen3_tts_0_6b_customvoice_aiden_q8_0,qwen3_tts_customvoice_aiden_v4_final_salvage,"Apache-2.0: Qwen CustomVoice and tokenizer model cards, cstr GGUF conversion cards, and CrispASR runtime release; permitted only for this project's personal-research scope with no training, calibration, product, re-hosting, verified-speaker or speaker-independence claim","One-shot local text-only derivative of frozen common_voice_ru_v24_v4_final_salvage text 9737bb2dcbe0c737a52423ee123881141053e04ef2406cc5d572aef2d187b847; no reference audio, cloning, resynthesis, replacement or backfill",qwen3_tts_customvoice_aiden_v4_final_salvage:synthetic-profile:qwen3_tts_0_6b_customvoice_aiden_q8_0,9737bb2dcbe0c737a52423ee123881141053e04ef2406cc5d572aef2d187b847,b2b61ee25c580fb36e5d75d6918a7d67b00c2212ffc459fc6f6fe46d19871a0a,6.64,qwen3_tts_customvoice_gguf,Qwen3-TTS 0.6B CustomVoice Q8_0 GGUF,talker-cstr-29094dcb46f19b0898616aa9aeb876aa9aa6e086-5227dcbc4df7c5533341d111cc469fa491a48e722b23dd10f553181b52dff2d9; codec-cstr-344e279551177654762e5c7d39e217834325f222-70dc95dbfdd9aa5d9d406236ff771d061bf17b0cda02a72513953355606e719b; crispasr-v0.8.28-99e990ae-c2413af7d5e70a166b74fe96f5afb6d7463f1414a5ac2dea7cd982da9f83f827; fixed-aiden; wrapper-f02d93fd7ee064539771a868c5033bc163bec1c94c838eb1152c52eb7eb677b7,qwen3_tts_customvoice:aiden,not_applicable:text_only_no_reference_audio,cuda:0,offline_text_only_final_materialization,16000,wav,synthesis_text_sha256=b2b61ee25c580fb36e5d75d6918a7d67b00c2212ffc459fc6f6fe46d19871a0a;reference_audio=forbidden;voice_cloning=false,2998279906,2026-08-16T01:00:00+06:00
qwen3_tts_customvoice_aiden_v4_final_salvage:f81308d6c51af824efad,processed/v4/xlsr_sls_model_v4_final_salvage_materialization_v1/ru_spoof/05/05fb95598521501118e9322ee27df0020e87dc92f972dc6daac0d8ba1eb64868.wav,a3495d345722c18bb0a020136772adfea5565f19936e2b19f68657ea0ea9f7c1,test,spoof,ru,false,qwen3_tts_customvoice_aiden_v4_final_salvage:fixed-profile:qwen3_tts_0_6b_customvoice_aiden_q8_0,qwen3_tts_customvoice_aiden_v4_final_salvage,"Apache-2.0: Qwen CustomVoice and tokenizer model cards, cstr GGUF conversion cards, and CrispASR runtime release; permitted only for this project's personal-research scope with no training, calibration, product, re-hosting, verified-speaker or speaker-independence claim","One-shot local text-only derivative of frozen common_voice_ru_v24_v4_final_salvage text 5c2515abfbb13897446bbb2e2157d55ceb26093ca74e36191e71a820192ded07; no reference audio, cloning, resynthesis, replacement or backfill",qwen3_tts_customvoice_aiden_v4_final_salvage:synthetic-profile:qwen3_tts_0_6b_customvoice_aiden_q8_0,5c2515abfbb13897446bbb2e2157d55ceb26093ca74e36191e71a820192ded07,708a61b7b113e523e4ac5d7b6835badb55a1f3333dad439eef5d2da0f5ab20d4,8.0,qwen3_tts_customvoice_gguf,Qwen3-TTS 0.6B CustomVoice Q8_0 GGUF,talker-cstr-29094dcb46f19b0898616aa9aeb876aa9aa6e086-5227dcbc4df7c5533341d111cc469fa491a48e722b23dd10f553181b52dff2d9; codec-cstr-344e279551177654762e5c7d39e217834325f222-70dc95dbfdd9aa5d9d406236ff771d061bf17b0cda02a72513953355606e719b; crispasr-v0.8.28-99e990ae-c2413af7d5e70a166b74fe96f5afb6d7463f1414a5ac2dea7cd982da9f83f827; fixed-aiden; wrapper-f02d93fd7ee064539771a868c5033bc163bec1c94c838eb1152c52eb7eb677b7,qwen3_tts_customvoice:aiden,not_applicable:text_only_no_reference_audio,cuda:0,offline_text_only_final_materialization,16000,wav,synthesis_text_sha256=708a61b7b113e523e4ac5d7b6835badb55a1f3333dad439eef5d2da0f5ab20d4;reference_audio=forbidden;voice_cloning=false,1888117175,2026-08-16T01:00:00+06:00
qwen3_tts_customvoice_aiden_v4_final_salvage:bc7164e1ef21723a8a49,processed/v4/xlsr_sls_model_v4_final_salvage_materialization_v1/ru_spoof/0f/0f7bac528271ae5da4e7413bfd6ebf4b945bd8cc31c5205b8ad03da0a79a14d1.wav,a120def46225ee1a34c9e1e3300c27afa0cb9a850ac43a87c212a1a73015640a,test,spoof,ru,false,qwen3_tts_customvoice_aiden_v4_final_salvage:fixed-profile:qwen3_tts_0_6b_customvoice_aiden_q8_0,qwen3_tts_customvoice_aiden_v4_final_salvage,"Apache-2.0: Qwen CustomVoice and tokenizer model cards, cstr GGUF conversion cards, and CrispASR runtime release; permitted only for this project's personal-research scope with no training, calibration, product, re-hosting, verified-speaker or speaker-independence claim","One-shot local text-only derivative of frozen common_voice_ru_v24_v4_final_salvage text 79ff699de142f82dfd082a47b7e5ae7b617fd0d8555c6db7f448c4c90fcd470b; no reference audio, cloning, resynthesis, replacement or backfill",qwen3_tts_customvoice_aiden_v4_final_salvage:synthetic-profile:qwen3_tts_0_6b_customvoice_aiden_q8_0,79ff699de142f82dfd082a47b7e5ae7b617fd0d8555c6db7f448c4c90fcd470b,9ee493a9c916dd7704a9fb5d77af3990abcc9be622bb6a2d0f0e372e865714ce,4.64,qwen3_tts_customvoice_gguf,Qwen3-TTS 0.6B CustomVoice Q8_0 GGUF,talker-cstr-29094dcb46f19b0898616aa9aeb876aa9aa6e086-5227dcbc4df7c5533341d111cc469fa491a48e722b23dd10f553181b52dff2d9; codec-cstr-344e279551177654762e5c7d39e217834325f222-70dc95dbfdd9aa5d9d406236ff771d061bf17b0cda02a72513953355606e719b; crispasr-v0.8.28-99e990ae-c2413af7d5e70a166b74fe96f5afb6d7463f1414a5ac2dea7cd982da9f83f827; fixed-aiden; wrapper-f02d93fd7ee064539771a868c5033bc163bec1c94c838eb1152c52eb7eb677b7,qwen3_tts_customvoice:aiden,not_applicable:text_only_no_reference_audio,cuda:0,offline_text_only_final_materialization,16000,wav,synthesis_text_sha256=9ee493a9c916dd7704a9fb5d77af3990abcc9be622bb6a2d0f0e372e865714ce;reference_audio=forbidden;voice_cloning=false,2665780137,2026-08-16T01:00:00+06:00
qwen3_tts_customvoice_aiden_v4_final_salvage:51d35a72a4ace6ecb547,processed/v4/xlsr_sls_model_v4_final_salvage_materialization_v1/ru_spoof/87/8749e19d95346f1e1b674589a05e82e356785b9ad46db29a1a8a9dab131209a6.wav,0fb6657afe73656f999a2ca0846823433c309e7274e79ad462eaf9cda0326c12,test,spoof,ru,false,qwen3_tts_customvoice_aiden_v4_final_salvage:fixed-profile:qwen3_tts_0_6b_customvoice_aiden_q8_0,qwen3_tts_customvoice_aiden_v4_final_salvage,"Apache-2.0: Qwen CustomVoice and tokenizer model cards, cstr GGUF conversion cards, and CrispASR runtime release; permitted only for this project's personal-research scope with no training, calibration, product, re-hosting, verified-speaker or speaker-independence claim","One-shot local text-only derivative of frozen common_voice_ru_v24_v4_final_salvage text 08719ac1309cb3d0babcde157edeaca604d9817976fe822a4137db1135efbe42; no reference audio, cloning, resynthesis, replacement or backfill",qwen3_tts_customvoice_aiden_v4_final_salvage:synthetic-profile:qwen3_tts_0_6b_customvoice_aiden_q8_0,08719ac1309cb3d0babcde157edeaca604d9817976fe822a4137db1135efbe42,7dcb04339bfdaae8c3e9cf929ab3ea294dd0aae55f1e9f4d5f3a85d190cc17f4,3.12,qwen3_tts_customvoice_gguf,Qwen3-TTS 0.6B CustomVoice Q8_0 GGUF,talker-cstr-29094dcb46f19b0898616aa9aeb876aa9aa6e086-5227dcbc4df7c5533341d111cc469fa491a48e722b23dd10f553181b52dff2d9; codec-cstr-344e279551177654762e5c7d39e217834325f222-70dc95dbfdd9aa5d9d406236ff771d061bf17b0cda02a72513953355606e719b; crispasr-v0.8.28-99e990ae-c2413af7d5e70a166b74fe96f5afb6d7463f1414a5ac2dea7cd982da9f83f827; fixed-aiden; wrapper-f02d93fd7ee064539771a868c5033bc163bec1c94c838eb1152c52eb7eb677b7,qwen3_tts_customvoice:aiden,not_applicable:text_only_no_reference_audio,cuda:0,offline_text_only_final_materialization,16000,wav,synthesis_text_sha256=7dcb04339bfdaae8c3e9cf929ab3ea294dd0aae55f1e9f4d5f3a85d190cc17f4;reference_audio=forbidden;voice_cloning=false,2110456883,2026-08-16T01:00:00+06:00
qwen3_tts_customvoice_aiden_v4_final_salvage:29a731c595f80c751f1c,processed/v4/xlsr_sls_model_v4_final_salvage_materialization_v1/ru_spoof/1d/1d4318987e8c23a7a2eb5060de4a5be359ef943c8fc49ca12f4647f8d56ab132.wav,f1dc8d7708e98e6103db8d665845c6b1f956e1fc0b8223b28fe53450d89078a1,test,spoof,ru,false,qwen3_tts_customvoice_aiden_v4_final_salvage:fixed-profile:qwen3_tts_0_6b_customvoice_aiden_q8_0,qwen3_tts_customvoice_aiden_v4_final_salvage,"Apache-2.0: Qwen CustomVoice and tokenizer model cards, cstr GGUF conversion cards, and CrispASR runtime release; permitted only for this project's personal-research scope with no training, calibration, product, re-hosting, verified-speaker or speaker-independence claim","One-shot local text-only derivative of frozen common_voice_ru_v24_v4_final_salvage text fbb38eceafa3397020a87a70f3655d7d8c8d74325c51816d03cd2c6788122b5a; no reference audio, cloning, resynthesis, replacement or backfill",qwen3_tts_customvoice_aiden_v4_final_salvage:synthetic-profile:qwen3_tts_0_6b_customvoice_aiden_q8_0,fbb38eceafa3397020a87a70f3655d7d8c8d74325c51816d03cd2c6788122b5a,e20eb6cce06f5c1f58bed465e0e54a98b282894e009f2276d270f75888800a22,4.72,qwen3_tts_customvoice_gguf,Qwen3-TTS 0.6B CustomVoice Q8_0 GGUF,talker-cstr-29094dcb46f19b0898616aa9aeb876aa9aa6e086-5227dcbc4df7c5533341d111cc469fa491a48e722b23dd10f553181b52dff2d9; codec-cstr-344e279551177654762e5c7d39e217834325f222-70dc95dbfdd9aa5d9d406236ff771d061bf17b0cda02a72513953355606e719b; crispasr-v0.8.28-99e990ae-c2413af7d5e70a166b74fe96f5afb6d7463f1414a5ac2dea7cd982da9f83f827; fixed-aiden; wrapper-f02d93fd7ee064539771a868c5033bc163bec1c94c838eb1152c52eb7eb677b7,qwen3_tts_customvoice:aiden,not_applicable:text_only_no_reference_audio,cuda:0,offline_text_only_final_materialization,16000,wav,synthesis_text_sha256=e20eb6cce06f5c1f58bed465e0e54a98b282894e009f2276d270f75888800a22;reference_audio=forbidden;voice_cloning=false,3792615116,2026-08-16T01:00:00+06:00
qwen3_tts_customvoice_aiden_v4_final_salvage:2257e3206a70485b02dd,processed/v4/xlsr_sls_model_v4_final_salvage_materialization_v1/ru_spoof/59/59197fb3e74e8b79d1d1ca231f28b847c328866c636811a45ce03d52f333ed69.wav,5a89f8d2ff54e50fa2e3b58c3c2d32eb03f1e45d621ccdfb30a3376bb40687b7,test,spoof,ru,false,qwen3_tts_customvoice_aiden_v4_final_salvage:fixed-profile:qwen3_tts_0_6b_customvoice_aiden_q8_0,qwen3_tts_customvoice_aiden_v4_final_salvage,"Apache-2.0: Qwen CustomVoice and tokenizer model cards, cstr GGUF conversion cards, and CrispASR runtime release; permitted only for this project's personal-research scope with no training, calibration, product, re-hosting, verified-speaker or speaker-independence claim","One-shot local text-only derivative of frozen common_voice_ru_v24_v4_final_salvage text c667a62c41e5af7f9ac1861458f3ae209fbfee85d2efb8357414c5358f5e9e59; no reference audio, cloning, resynthesis, replacement or backfill",qwen3_tts_customvoice_aiden_v4_final_salvage:synthetic-profile:qwen3_tts_0_6b_customvoice_aiden_q8_0,c667a62c41e5af7f9ac1861458f3ae209fbfee85d2efb8357414c5358f5e9e59,40de14d171df5e5585a7e6deac35d3f3a82305814749353d52c1fab73beb722e,9.6,qwen3_tts_customvoice_gguf,Qwen3-TTS 0.6B CustomVoice Q8_0 GGUF,talker-cstr-29094dcb46f19b0898616aa9aeb876aa9aa6e086-5227dcbc4df7c5533341d111cc469fa491a48e722b23dd10f553181b52dff2d9; codec-cstr-344e279551177654762e5c7d39e217834325f222-70dc95dbfdd9aa5d9d406236ff771d061bf17b0cda02a72513953355606e719b; crispasr-v0.8.28-99e990ae-c2413af7d5e70a166b74fe96f5afb6d7463f1414a5ac2dea7cd982da9f83f827; fixed-aiden; wrapper-f02d93fd7ee064539771a868c5033bc163bec1c94c838eb1152c52eb7eb677b7,qwen3_tts_customvoice:aiden,not_applicable:text_only_no_reference_audio,cuda:0,offline_text_only_final_materialization,16000,wav,synthesis_text_sha256=40de14d171df5e5585a7e6deac35d3f3a82305814749353d52c1fab73beb722e;reference_audio=forbidden;voice_cloning=false,1088296145,2026-08-16T01:00:00+06:00
qwen3_tts_customvoice_aiden_v4_final_salvage:8b3e5deec8bb8629c6ea,processed/v4/xlsr_sls_model_v4_final_salvage_materialization_v1/ru_spoof/f4/f40ab02438494c0a7655c394cc79944985c69a0267455b19f0b48344e2810044.wav,12f93f7b6af97b0ce2c75e23c6d8b50a39399cb27e43b635766ee6b107e6aeec,test,spoof,ru,false,qwen3_tts_customvoice_aiden_v4_final_salvage:fixed-profile:qwen3_tts_0_6b_customvoice_aiden_q8_0,qwen3_tts_customvoice_aiden_v4_final_salvage,"Apache-2.0: Qwen CustomVoice and tokenizer model cards, cstr GGUF conversion cards, and CrispASR runtime release; permitted only for this project's personal-research scope with no training, calibration, product, re-hosting, verified-speaker or speaker-independence claim","One-shot local text-only derivative of frozen common_voice_ru_v24_v4_final_salvage text 9a2babd578297a687db8aea063cbd790d79838c50e9c28bc27d39e909d53b905; no reference audio, cloning, resynthesis, replacement or backfill",qwen3_tts_customvoice_aiden_v4_final_salvage:synthetic-profile:qwen3_tts_0_6b_customvoice_aiden_q8_0,9a2babd578297a687db8aea063cbd790d79838c50e9c28bc27d39e909d53b905,f7d56bb8d77e6c10c136050558616a2b5d200e5d951f983bad0497b8b756a01a,3.84,qwen3_tts_customvoice_gguf,Qwen3-TTS 0.6B CustomVoice Q8_0 GGUF,talker-cstr-29094dcb46f19b0898616aa9aeb876aa9aa6e086-5227dcbc4df7c5533341d111cc469fa491a48e722b23dd10f553181b52dff2d9; codec-cstr-344e279551177654762e5c7d39e217834325f222-70dc95dbfdd9aa5d9d406236ff771d061bf17b0cda02a72513953355606e719b; crispasr-v0.8.28-99e990ae-c2413af7d5e70a166b74fe96f5afb6d7463f1414a5ac2dea7cd982da9f83f827; fixed-aiden; wrapper-f02d93fd7ee064539771a868c5033bc163bec1c94c838eb1152c52eb7eb677b7,qwen3_tts_customvoice:aiden,not_applicable:text_only_no_reference_audio,cuda:0,offline_text_only_final_materialization,16000,wav,synthesis_text_sha256=f7d56bb8d77e6c10c136050558616a2b5d200e5d951f983bad0497b8b756a01a;reference_audio=forbidden;voice_cloning=false,4157959096,2026-08-16T01:00:00+06:00
qwen3_tts_customvoice_aiden_v4_final_salvage:850d744818ff52b9b8b2,processed/v4/xlsr_sls_model_v4_final_salvage_materialization_v1/ru_spoof/cb/cb82f9fc27c27b0a107640d6ce7be033a25af584e439cf162ca64fca540ec3d3.wav,534c6b0bf313ceebd9fba189e3df7f9545c1475445978f119061648c85c2188a,test,spoof,ru,false,qwen3_tts_customvoice_aiden_v4_final_salvage:fixed-profile:qwen3_tts_0_6b_customvoice_aiden_q8_0,qwen3_tts_customvoice_aiden_v4_final_salvage,"Apache-2.0: Qwen CustomVoice and tokenizer model cards, cstr GGUF conversion cards, and CrispASR runtime release; permitted only for this project's personal-research scope with no training, calibration, product, re-hosting, verified-speaker or speaker-independence claim","One-shot local text-only derivative of frozen common_voice_ru_v24_v4_final_salvage text ce649041c9943e452fccb2d492da094bdd5bb77ec4f135fbfc47af33d72c50d1; no reference audio, cloning, resynthesis, replacement or backfill",qwen3_tts_customvoice_aiden_v4_final_salvage:synthetic-profile:qwen3_tts_0_6b_customvoice_aiden_q8_0,ce649041c9943e452fccb2d492da094bdd5bb77ec4f135fbfc47af33d72c50d1,e51c1f4bf2ad858ccc4474597ce9c8920a5d1f6fd0a23efffbb9e9f89139adb2,6.88,qwen3_tts_customvoice_gguf,Qwen3-TTS 0.6B CustomVoice Q8_0 GGUF,talker-cstr-29094dcb46f19b0898616aa9aeb876aa9aa6e086-5227dcbc4df7c5533341d111cc469fa491a48e722b23dd10f553181b52dff2d9; codec-cstr-344e279551177654762e5c7d39e217834325f222-70dc95dbfdd9aa5d9d406236ff771d061bf17b0cda02a72513953355606e719b; crispasr-v0.8.28-99e990ae-c2413af7d5e70a166b74fe96f5afb6d7463f1414a5ac2dea7cd982da9f83f827; fixed-aiden; wrapper-f02d93fd7ee064539771a868c5033bc163bec1c94c838eb1152c52eb7eb677b7,qwen3_tts_customvoice:aiden,not_applicable:text_only_no_reference_audio,cuda:0,offline_text_only_final_materialization,16000,wav,synthesis_text_sha256=e51c1f4bf2ad858ccc4474597ce9c8920a5d1f6fd0a23efffbb9e9f89139adb2;reference_audio=forbidden;voice_cloning=false,3843825483,2026-08-16T01:00:00+06:00
qwen3_tts_customvoice_aiden_v4_final_salvage:3cb56f2163ecb318497b,processed/v4/xlsr_sls_model_v4_final_salvage_materialization_v1/ru_spoof/04/044e0932ad2e147734a5b4d3eb4b7caaf2815333a8fd9ff8acc22d68ac26f9f1.wav,6f122e453582cea84965ec174d2f96926c86ca5942c0717f64f001f0f98bb776,test,spoof,ru,false,qwen3_tts_customvoice_aiden_v4_final_salvage:fixed-profile:qwen3_tts_0_6b_customvoice_aiden_q8_0,qwen3_tts_customvoice_aiden_v4_final_salvage,"Apache-2.0: Qwen CustomVoice and tokenizer model cards, cstr GGUF conversion cards, and CrispASR runtime release; permitted only for this project's personal-research scope with no training, calibration, product, re-hosting, verified-speaker or speaker-independence claim","One-shot local text-only derivative of frozen common_voice_ru_v24_v4_final_salvage text 0899a8b2581c16466dc4bf451a1fdf1442267ed039a10550f09e738a8a40505b; no reference audio, cloning, resynthesis, replacement or backfill",qwen3_tts_customvoice_aiden_v4_final_salvage:synthetic-profile:qwen3_tts_0_6b_customvoice_aiden_q8_0,0899a8b2581c16466dc4bf451a1fdf1442267ed039a10550f09e738a8a40505b,234036ee3cfa12f67b6fb0dd7c7d9503ec3c4688b9eacd58740de992f91d2445,6.16,qwen3_tts_customvoice_gguf,Qwen3-TTS 0.6B CustomVoice Q8_0 GGUF,talker-cstr-29094dcb46f19b0898616aa9aeb876aa9aa6e086-5227dcbc4df7c5533341d111cc469fa491a48e722b23dd10f553181b52dff2d9; codec-cstr-344e279551177654762e5c7d39e217834325f222-70dc95dbfdd9aa5d9d406236ff771d061bf17b0cda02a72513953355606e719b; crispasr-v0.8.28-99e990ae-c2413af7d5e70a166b74fe96f5afb6d7463f1414a5ac2dea7cd982da9f83f827; fixed-aiden; wrapper-f02d93fd7ee064539771a868c5033bc163bec1c94c838eb1152c52eb7eb677b7,qwen3_tts_customvoice:aiden,not_applicable:text_only_no_reference_audio,cuda:0,offline_text_only_final_materialization,16000,wav,synthesis_text_sha256=234036ee3cfa12f67b6fb0dd7c7d9503ec3c4688b9eacd58740de992f91d2445;reference_audio=forbidden;voice_cloning=false,591410926,2026-08-16T01:00:00+06:00
qwen3_tts_customvoice_aiden_v4_final_salvage:b492f81d3670a66b9de0,processed/v4/xlsr_sls_model_v4_final_salvage_materialization_v1/ru_spoof/30/306c26a32b6937ad7295f5d9d9cd50f7d7249b6f035ae17371e991e3a2302e62.wav,3283ae3aac3a99d7167485956ae701dc7f1707e026e0f8898aa3dfd85635c125,test,spoof,ru,false,qwen3_tts_customvoice_aiden_v4_final_salvage:fixed-profile:qwen3_tts_0_6b_customvoice_aiden_q8_0,qwen3_tts_customvoice_aiden_v4_final_salvage,"Apache-2.0: Qwen CustomVoice and tokenizer model cards, cstr GGUF conversion cards, and CrispASR runtime release; permitted only for this project's personal-research scope with no training, calibration, product, re-hosting, verified-speaker or speaker-independence claim","One-shot local text-only derivative of frozen common_voice_ru_v24_v4_final_salvage text 8df5569502f0f27061110eef6afb740a1dce4a7a1652e02abeab2cf0e6862666; no reference audio, cloning, resynthesis, replacement or backfill",qwen3_tts_customvoice_aiden_v4_final_salvage:synthetic-profile:qwen3_tts_0_6b_customvoice_aiden_q8_0,8df5569502f0f27061110eef6afb740a1dce4a7a1652e02abeab2cf0e6862666,eb6d32f1de72a46da3a01b1a057ad95583d81200094b76b16bd15d255156bbdb,4.72,qwen3_tts_customvoice_gguf,Qwen3-TTS 0.6B CustomVoice Q8_0 GGUF,talker-cstr-29094dcb46f19b0898616aa9aeb876aa9aa6e086-5227dcbc4df7c5533341d111cc469fa491a48e722b23dd10f553181b52dff2d9; codec-cstr-344e279551177654762e5c7d39e217834325f222-70dc95dbfdd9aa5d9d406236ff771d061bf17b0cda02a72513953355606e719b; crispasr-v0.8.28-99e990ae-c2413af7d5e70a166b74fe96f5afb6d7463f1414a5ac2dea7cd982da9f83f827; fixed-aiden; wrapper-f02d93fd7ee064539771a868c5033bc163bec1c94c838eb1152c52eb7eb677b7,qwen3_tts_customvoice:aiden,not_applicable:text_only_no_reference_audio,cuda:0,offline_text_only_final_materialization,16000,wav,synthesis_text_sha256=eb6d32f1de72a46da3a01b1a057ad95583d81200094b76b16bd15d255156bbdb;reference_audio=forbidden;voice_cloning=false,3949802225,2026-08-16T01:00:00+06:00
qwen3_tts_customvoice_aiden_v4_final_salvage:fcb3db545d22caf27f94,processed/v4/xlsr_sls_model_v4_final_salvage_materialization_v1/ru_spoof/f8/f8247510609c9044f08bb2d425a406076bbcd1b130918fa45d5cc3a3a083c62e.wav,b63df760786c5a9de9c2dd066917c282194ea3b9622ba24fc5f04ae299703e7f,test,spoof,ru,false,qwen3_tts_customvoice_aiden_v4_final_salvage:fixed-profile:qwen3_tts_0_6b_customvoice_aiden_q8_0,qwen3_tts_customvoice_aiden_v4_final_salvage,"Apache-2.0: Qwen CustomVoice and tokenizer model cards, cstr GGUF conversion cards, and CrispASR runtime release; permitted only for this project's personal-research scope with no training, calibration, product, re-hosting, verified-speaker or speaker-independence claim","One-shot local text-only derivative of frozen common_voice_ru_v24_v4_final_salvage text 61481cb8ee39966b849962c10b116bb3b38b65c29e396f5c4effaee9c6af2275; no reference audio, cloning, resynthesis, replacement or backfill",qwen3_tts_customvoice_aiden_v4_final_salvage:synthetic-profile:qwen3_tts_0_6b_customvoice_aiden_q8_0,61481cb8ee39966b849962c10b116bb3b38b65c29e396f5c4effaee9c6af2275,bba62b12a653a17eae808da4ddd036e76ab7c80aa76114c941cd84a6a4bf6083,3.76,qwen3_tts_customvoice_gguf,Qwen3-TTS 0.6B CustomVoice Q8_0 GGUF,talker-cstr-29094dcb46f19b0898616aa9aeb876aa9aa6e086-5227dcbc4df7c5533341d111cc469fa491a48e722b23dd10f553181b52dff2d9; codec-cstr-344e279551177654762e5c7d39e217834325f222-70dc95dbfdd9aa5d9d406236ff771d061bf17b0cda02a72513953355606e719b; crispasr-v0.8.28-99e990ae-c2413af7d5e70a166b74fe96f5afb6d7463f1414a5ac2dea7cd982da9f83f827; fixed-aiden; wrapper-f02d93fd7ee064539771a868c5033bc163bec1c94c838eb1152c52eb7eb677b7,qwen3_tts_customvoice:aiden,not_applicable:text_only_no_reference_audio,cuda:0,offline_text_only_final_materialization,16000,wav,synthesis_text_sha256=bba62b12a653a17eae808da4ddd036e76ab7c80aa76114c941cd84a6a4bf6083;reference_audio=forbidden;voice_cloning=false,3148229394,2026-08-16T01:00:00+06:00
qwen3_tts_customvoice_aiden_v4_final_salvage:246dcb29a05e21830385,processed/v4/xlsr_sls_model_v4_final_salvage_materialization_v1/ru_spoof/70/70f519d982e449f49bbb70f058a930c2a3ac5dfce76410efdb5e8bc73cd3b9c1.wav,ea284c8142be2e571b999148fcbc04904886e3ef6191400a1f6c0e5c3da2b937,test,spoof,ru,false,qwen3_tts_customvoice_aiden_v4_final_salvage:fixed-profile:qwen3_tts_0_6b_customvoice_aiden_q8_0,qwen3_tts_customvoice_aiden_v4_final_salvage,"Apache-2.0: Qwen CustomVoice and tokenizer model cards, cstr GGUF conversion cards, and CrispASR runtime release; permitted only for this project's personal-research scope with no training, calibration, product, re-hosting, verified-speaker or speaker-independence claim","One-shot local text-only derivative of frozen common_voice_ru_v24_v4_final_salvage text 0ced740fe02b430044cc1347d37c7ed6e96e85cf92475ef4b11910395fd6c533; no reference audio, cloning, resynthesis, replacement or backfill",qwen3_tts_customvoice_aiden_v4_final_salvage:synthetic-profile:qwen3_tts_0_6b_customvoice_aiden_q8_0,0ced740fe02b430044cc1347d37c7ed6e96e85cf92475ef4b11910395fd6c533,7ecb2c4fa6aa99a596069d3d0fdddeb84a1353799ecf87d0d315692f9bd7fd52,3.84,qwen3_tts_customvoice_gguf,Qwen3-TTS 0.6B CustomVoice Q8_0 GGUF,talker-cstr-29094dcb46f19b0898616aa9aeb876aa9aa6e086-5227dcbc4df7c5533341d111cc469fa491a48e722b23dd10f553181b52dff2d9; codec-cstr-344e279551177654762e5c7d39e217834325f222-70dc95dbfdd9aa5d9d406236ff771d061bf17b0cda02a72513953355606e719b; crispasr-v0.8.28-99e990ae-c2413af7d5e70a166b74fe96f5afb6d7463f1414a5ac2dea7cd982da9f83f827; fixed-aiden; wrapper-f02d93fd7ee064539771a868c5033bc163bec1c94c838eb1152c52eb7eb677b7,qwen3_tts_customvoice:aiden,not_applicable:text_only_no_reference_audio,cuda:0,offline_text_only_final_materialization,16000,wav,synthesis_text_sha256=7ecb2c4fa6aa99a596069d3d0fdddeb84a1353799ecf87d0d315692f9bd7fd52;reference_audio=forbidden;voice_cloning=false,2127244367,2026-08-16T01:00:00+06:00
qwen3_tts_customvoice_aiden_v4_final_salvage:056363bb6ae621ffe5f2,processed/v4/xlsr_sls_model_v4_final_salvage_materialization_v1/ru_spoof/8f/8f9fe0f272614b4b07412b0fa043b6b794eb2eb729fa313c9659c45faa8e4a7f.wav,c2242cbc1909f1923966e2fe5fc28fb0f5b5bdbe588c04a58f8942cfe444e2c4,test,spoof,ru,false,qwen3_tts_customvoice_aiden_v4_final_salvage:fixed-profile:qwen3_tts_0_6b_customvoice_aiden_q8_0,qwen3_tts_customvoice_aiden_v4_final_salvage,"Apache-2.0: Qwen CustomVoice and tokenizer model cards, cstr GGUF conversion cards, and CrispASR runtime release; permitted only for this project's personal-research scope with no training, calibration, product, re-hosting, verified-speaker or speaker-independence claim","One-shot local text-only derivative of frozen common_voice_ru_v24_v4_final_salvage text abe8424ae850fc183099cd8480cbbabca1bc16e6f6bfea857dfea2f448f20786; no reference audio, cloning, resynthesis, replacement or backfill",qwen3_tts_customvoice_aiden_v4_final_salvage:synthetic-profile:qwen3_tts_0_6b_customvoice_aiden_q8_0,abe8424ae850fc183099cd8480cbbabca1bc16e6f6bfea857dfea2f448f20786,65cbb6d3e1a69ac8deb760b6a3515603603c4d14fca877b788e0a10109db06b1,3.76,qwen3_tts_customvoice_gguf,Qwen3-TTS 0.6B CustomVoice Q8_0 GGUF,talker-cstr-29094dcb46f19b0898616aa9aeb876aa9aa6e086-5227dcbc4df7c5533341d111cc469fa491a48e722b23dd10f553181b52dff2d9; codec-cstr-344e279551177654762e5c7d39e217834325f222-70dc95dbfdd9aa5d9d406236ff771d061bf17b0cda02a72513953355606e719b; crispasr-v0.8.28-99e990ae-c2413af7d5e70a166b74fe96f5afb6d7463f1414a5ac2dea7cd982da9f83f827; fixed-aiden; wrapper-f02d93fd7ee064539771a868c5033bc163bec1c94c838eb1152c52eb7eb677b7,qwen3_tts_customvoice:aiden,not_applicable:text_only_no_reference_audio,cuda:0,offline_text_only_final_materialization,16000,wav,synthesis_text_sha256=65cbb6d3e1a69ac8deb760b6a3515603603c4d14fca877b788e0a10109db06b1;reference_audio=forbidden;voice_cloning=false,1707849427,2026-08-16T01:00:00+06:00
qwen3_tts_customvoice_aiden_v4_final_salvage:5452bb830c5e872bf3ae,processed/v4/xlsr_sls_model_v4_final_salvage_materialization_v1/ru_spoof/dd/dd02a387821f1ef24f7f2c6b742d6c54172f9cb962d391a9efe974dab32d4c2f.wav,722f243ce445121252f87ec94a3c4a4c1e5b4cab620dd5b071def93a7db6975c,test,spoof,ru,false,qwen3_tts_customvoice_aiden_v4_final_salvage:fixed-profile:qwen3_tts_0_6b_customvoice_aiden_q8_0,qwen3_tts_customvoice_aiden_v4_final_salvage,"Apache-2.0: Qwen CustomVoice and tokenizer model cards, cstr GGUF conversion cards, and CrispASR runtime release; permitted only for this project's personal-research scope with no training, calibration, product, re-hosting, verified-speaker or speaker-independence claim","One-shot local text-only derivative of frozen common_voice_ru_v24_v4_final_salvage text bdace92931c422bd8e6a10d4b98bdd02e4bbdb5abc27e4139be8b2c7d2ebd9a6; no reference audio, cloning, resynthesis, replacement or backfill",qwen3_tts_customvoice_aiden_v4_final_salvage:synthetic-profile:qwen3_tts_0_6b_customvoice_aiden_q8_0,bdace92931c422bd8e6a10d4b98bdd02e4bbdb5abc27e4139be8b2c7d2ebd9a6,c47797c1f0377797df495b903460308615f01f28e4912fac9f67bd5d2c035082,5.52,qwen3_tts_customvoice_gguf,Qwen3-TTS 0.6B CustomVoice Q8_0 GGUF,talker-cstr-29094dcb46f19b0898616aa9aeb876aa9aa6e086-5227dcbc4df7c5533341d111cc469fa491a48e722b23dd10f553181b52dff2d9; codec-cstr-344e279551177654762e5c7d39e217834325f222-70dc95dbfdd9aa5d9d406236ff771d061bf17b0cda02a72513953355606e719b; crispasr-v0.8.28-99e990ae-c2413af7d5e70a166b74fe96f5afb6d7463f1414a5ac2dea7cd982da9f83f827; fixed-aiden; wrapper-f02d93fd7ee064539771a868c5033bc163bec1c94c838eb1152c52eb7eb677b7,qwen3_tts_customvoice:aiden,not_applicable:text_only_no_reference_audio,cuda:0,offline_text_only_final_materialization,16000,wav,synthesis_text_sha256=c47797c1f0377797df495b903460308615f01f28e4912fac9f67bd5d2c035082;reference_audio=forbidden;voice_cloning=false,3296171969,2026-08-16T01:00:00+06:00
qwen3_tts_customvoice_aiden_v4_final_salvage:31100e1c8a05ac87be29,processed/v4/xlsr_sls_model_v4_final_salvage_materialization_v1/ru_spoof/a2/a2bdf400363849e085550b6096452e0ca935b960ef3046cbf7caf2e4600ffb56.wav,c64b7059db68071faa7bd300e9b2a7a30697d73165b2e1d14dff57afd652a214,test,spoof,ru,false,qwen3_tts_customvoice_aiden_v4_final_salvage:fixed-profile:qwen3_tts_0_6b_customvoice_aiden_q8_0,qwen3_tts_customvoice_aiden_v4_final_salvage,"Apache-2.0: Qwen CustomVoice and tokenizer model cards, cstr GGUF conversion cards, and CrispASR runtime release; permitted only for this project's personal-research scope with no training, calibration, product, re-hosting, verified-speaker or speaker-independence claim","One-shot local text-only derivative of frozen common_voice_ru_v24_v4_final_salvage text 7bd9463a12e23769e69285be203a8f1e6dd08a27a79d293a4b04af9a31cc71d4; no reference audio, cloning, resynthesis, replacement or backfill",qwen3_tts_customvoice_aiden_v4_final_salvage:synthetic-profile:qwen3_tts_0_6b_customvoice_aiden_q8_0,7bd9463a12e23769e69285be203a8f1e6dd08a27a79d293a4b04af9a31cc71d4,65a054d6e4006cb74bc86701b81f96a48f348edea2df18285210dbf948e0fcd7,4.96,qwen3_tts_customvoice_gguf,Qwen3-TTS 0.6B CustomVoice Q8_0 GGUF,talker-cstr-29094dcb46f19b0898616aa9aeb876aa9aa6e086-5227dcbc4df7c5533341d111cc469fa491a48e722b23dd10f553181b52dff2d9; codec-cstr-344e279551177654762e5c7d39e217834325f222-70dc95dbfdd9aa5d9d406236ff771d061bf17b0cda02a72513953355606e719b; crispasr-v0.8.28-99e990ae-c2413af7d5e70a166b74fe96f5afb6d7463f1414a5ac2dea7cd982da9f83f827; fixed-aiden; wrapper-f02d93fd7ee064539771a868c5033bc163bec1c94c838eb1152c52eb7eb677b7,qwen3_tts_customvoice:aiden,not_applicable:text_only_no_reference_audio,cuda:0,offline_text_only_final_materialization,16000,wav,synthesis_text_sha256=65a054d6e4006cb74bc86701b81f96a48f348edea2df18285210dbf948e0fcd7;reference_audio=forbidden;voice_cloning=false,1705006294,2026-08-16T01:00:00+06:00
qwen3_tts_customvoice_aiden_v4_final_salvage:9713e40fc1b197af6e3e,processed/v4/xlsr_sls_model_v4_final_salvage_materialization_v1/ru_spoof/99/99ac9ed94d63409cd8a2b343a530621816a70fd96ff484e32721819bf63a94f6.wav,886732ee4511d3446368dc0f3b36ae5a5feb4330eba9d1bf6bb03a70cab60c9a,test,spoof,ru,false,qwen3_tts_customvoice_aiden_v4_final_salvage:fixed-profile:qwen3_tts_0_6b_customvoice_aiden_q8_0,qwen3_tts_customvoice_aiden_v4_final_salvage,"Apache-2.0: Qwen CustomVoice and tokenizer model cards, cstr GGUF conversion cards, and CrispASR runtime release; permitted only for this project's personal-research scope with no training, calibration, product, re-hosting, verified-speaker or speaker-independence claim","One-shot local text-only derivative of frozen common_voice_ru_v24_v4_final_salvage text 5c678e36c5513402b71f51ae85c5cae1d1bf0ba08fbf5b5bb61665bb4fdfd7fe; no reference audio, cloning, resynthesis, replacement or backfill",qwen3_tts_customvoice_aiden_v4_final_salvage:synthetic-profile:qwen3_tts_0_6b_customvoice_aiden_q8_0,5c678e36c5513402b71f51ae85c5cae1d1bf0ba08fbf5b5bb61665bb4fdfd7fe,0f46c653f2bb5ad11c3df1f040c706feddba34f76c9303c169c337cfe62c9178,4.48,qwen3_tts_customvoice_gguf,Qwen3-TTS 0.6B CustomVoice Q8_0 GGUF,talker-cstr-29094dcb46f19b0898616aa9aeb876aa9aa6e086-5227dcbc4df7c5533341d111cc469fa491a48e722b23dd10f553181b52dff2d9; codec-cstr-344e279551177654762e5c7d39e217834325f222-70dc95dbfdd9aa5d9d406236ff771d061bf17b0cda02a72513953355606e719b; crispasr-v0.8.28-99e990ae-c2413af7d5e70a166b74fe96f5afb6d7463f1414a5ac2dea7cd982da9f83f827; fixed-aiden; wrapper-f02d93fd7ee064539771a868c5033bc163bec1c94c838eb1152c52eb7eb677b7,qwen3_tts_customvoice:aiden,not_applicable:text_only_no_reference_audio,cuda:0,offline_text_only_final_materialization,16000,wav,synthesis_text_sha256=0f46c653f2bb5ad11c3df1f040c706feddba34f76c9303c169c337cfe62c9178;reference_audio=forbidden;voice_cloning=false,256296531,2026-08-16T01:00:00+06:00
qwen3_tts_customvoice_aiden_v4_final_salvage:4463b72e0260baeebd50,processed/v4/xlsr_sls_model_v4_final_salvage_materialization_v1/ru_spoof/27/27de782848a657c7c5492bd697e416ca9d67c7b65c79f4955d5764d794055683.wav,96361b6472a06389c5f06588fadc9bf0519c64f3d6e7dfe14558b7669ea92da2,test,spoof,ru,false,qwen3_tts_customvoice_aiden_v4_final_salvage:fixed-profile:qwen3_tts_0_6b_customvoice_aiden_q8_0,qwen3_tts_customvoice_aiden_v4_final_salvage,"Apache-2.0: Qwen CustomVoice and tokenizer model cards, cstr GGUF conversion cards, and CrispASR runtime release; permitted only for this project's personal-research scope with no training, calibration, product, re-hosting, verified-speaker or speaker-independence claim","One-shot local text-only derivative of frozen common_voice_ru_v24_v4_final_salvage text 4132d0961f95901096f992cf505edfb6b05283c557117361d05ad1f5cbeb8848; no reference audio, cloning, resynthesis, replacement or backfill",qwen3_tts_customvoice_aiden_v4_final_salvage:synthetic-profile:qwen3_tts_0_6b_customvoice_aiden_q8_0,4132d0961f95901096f992cf505edfb6b05283c557117361d05ad1f5cbeb8848,931937f9abc1cf9533082532a690ce9e3f5d4abcdabfd5e0ad4d123f81819a06,3.68,qwen3_tts_customvoice_gguf,Qwen3-TTS 0.6B CustomVoice Q8_0 GGUF,talker-cstr-29094dcb46f19b0898616aa9aeb876aa9aa6e086-5227dcbc4df7c5533341d111cc469fa491a48e722b23dd10f553181b52dff2d9; codec-cstr-344e279551177654762e5c7d39e217834325f222-70dc95dbfdd9aa5d9d406236ff771d061bf17b0cda02a72513953355606e719b; crispasr-v0.8.28-99e990ae-c2413af7d5e70a166b74fe96f5afb6d7463f1414a5ac2dea7cd982da9f83f827; fixed-aiden; wrapper-f02d93fd7ee064539771a868c5033bc163bec1c94c838eb1152c52eb7eb677b7,qwen3_tts_customvoice:aiden,not_applicable:text_only_no_reference_audio,cuda:0,offline_text_only_final_materialization,16000,wav,synthesis_text_sha256=931937f9abc1cf9533082532a690ce9e3f5d4abcdabfd5e0ad4d123f81819a06;reference_audio=forbidden;voice_cloning=false,2467903481,2026-08-16T01:00:00+06:00
qwen3_tts_customvoice_aiden_v4_final_salvage:701c02cc4e68402d93b0,processed/v4/xlsr_sls_model_v4_final_salvage_materialization_v1/ru_spoof/e2/e2fe102abc67acc035e3ebbdda81ac5055bc168cb6c238801bd29d843a0fed10.wav,dc9b373a9a41363a4dcfd4848688de754778e61d49047cb93447aa7132b68aad,test,spoof,ru,false,qwen3_tts_customvoice_aiden_v4_final_salvage:fixed-profile:qwen3_tts_0_6b_customvoice_aiden_q8_0,qwen3_tts_customvoice_aiden_v4_final_salvage,"Apache-2.0: Qwen CustomVoice and tokenizer model cards, cstr GGUF conversion cards, and CrispASR runtime release; permitted only for this project's personal-research scope with no training, calibration, product, re-hosting, verified-speaker or speaker-independence claim","One-shot local text-only derivative of frozen common_voice_ru_v24_v4_final_salvage text c9cbb88459d2953f39ab15c5030fda106cce24766054ea92fe6b4ba02f32f5ad; no reference audio, cloning, resynthesis, replacement or backfill",qwen3_tts_customvoice_aiden_v4_final_salvage:synthetic-profile:qwen3_tts_0_6b_customvoice_aiden_q8_0,c9cbb88459d2953f39ab15c5030fda106cce24766054ea92fe6b4ba02f32f5ad,b4a21f436efac9d0cbefb5c820cf2f1023bfbae2a23224632925bb0b9a52f45b,3.12,qwen3_tts_customvoice_gguf,Qwen3-TTS 0.6B CustomVoice Q8_0 GGUF,talker-cstr-29094dcb46f19b0898616aa9aeb876aa9aa6e086-5227dcbc4df7c5533341d111cc469fa491a48e722b23dd10f553181b52dff2d9; codec-cstr-344e279551177654762e5c7d39e217834325f222-70dc95dbfdd9aa5d9d406236ff771d061bf17b0cda02a72513953355606e719b; crispasr-v0.8.28-99e990ae-c2413af7d5e70a166b74fe96f5afb6d7463f1414a5ac2dea7cd982da9f83f827; fixed-aiden; wrapper-f02d93fd7ee064539771a868c5033bc163bec1c94c838eb1152c52eb7eb677b7,qwen3_tts_customvoice:aiden,not_applicable:text_only_no_reference_audio,cuda:0,offline_text_only_final_materialization,16000,wav,synthesis_text_sha256=b4a21f436efac9d0cbefb5c820cf2f1023bfbae2a23224632925bb0b9a52f45b;reference_audio=forbidden;voice_cloning=false,3030523715,2026-08-16T01:00:00+06:00
qwen3_tts_customvoice_aiden_v4_final_salvage:9a92aa048d37aa6d4b03,processed/v4/xlsr_sls_model_v4_final_salvage_materialization_v1/ru_spoof/28/28debe208196918f179a82a0f122de9b6c0120743c3e49b1568e61dd82a1d5cf.wav,9e3f8ddd3ee620c343d3fdb11c413f22ad84f43949667094995686eb659a8865,test,spoof,ru,false,qwen3_tts_customvoice_aiden_v4_final_salvage:fixed-profile:qwen3_tts_0_6b_customvoice_aiden_q8_0,qwen3_tts_customvoice_aiden_v4_final_salvage,"Apache-2.0: Qwen CustomVoice and tokenizer model cards, cstr GGUF conversion cards, and CrispASR runtime release; permitted only for this project's personal-research scope with no training, calibration, product, re-hosting, verified-speaker or speaker-independence claim","One-shot local text-only derivative of frozen common_voice_ru_v24_v4_final_salvage text d814f750fddf08e83a7cf0f0a9cf600088a86eba46f260df8e635cd1efd66ee9; no reference audio, cloning, resynthesis, replacement or backfill",qwen3_tts_customvoice_aiden_v4_final_salvage:synthetic-profile:qwen3_tts_0_6b_customvoice_aiden_q8_0,d814f750fddf08e83a7cf0f0a9cf600088a86eba46f260df8e635cd1efd66ee9,9fa31d10c82b47437bbb116c7e647128a018651c6e77029f9ad01b91be1de206,4.0,qwen3_tts_customvoice_gguf,Qwen3-TTS 0.6B CustomVoice Q8_0 GGUF,talker-cstr-29094dcb46f19b0898616aa9aeb876aa9aa6e086-5227dcbc4df7c5533341d111cc469fa491a48e722b23dd10f553181b52dff2d9; codec-cstr-344e279551177654762e5c7d39e217834325f222-70dc95dbfdd9aa5d9d406236ff771d061bf17b0cda02a72513953355606e719b; crispasr-v0.8.28-99e990ae-c2413af7d5e70a166b74fe96f5afb6d7463f1414a5ac2dea7cd982da9f83f827; fixed-aiden; wrapper-f02d93fd7ee064539771a868c5033bc163bec1c94c838eb1152c52eb7eb677b7,qwen3_tts_customvoice:aiden,not_applicable:text_only_no_reference_audio,cuda:0,offline_text_only_final_materialization,16000,wav,synthesis_text_sha256=9fa31d10c82b47437bbb116c7e647128a018651c6e77029f9ad01b91be1de206;reference_audio=forbidden;voice_cloning=false,2678267152,2026-08-16T01:00:00+06:00
qwen3_tts_customvoice_aiden_v4_final_salvage:518c4a73df616eb80fa5,processed/v4/xlsr_sls_model_v4_final_salvage_materialization_v1/ru_spoof/e4/e420c20c23f7486c4e7d3df0dffdc5e284665400b7a85a447b1169be666f227c.wav,622192c9dd613e39628d62a9a67c697429d8fc683549a9d25d20efd8b1052f9d,test,spoof,ru,false,qwen3_tts_customvoice_aiden_v4_final_salvage:fixed-profile:qwen3_tts_0_6b_customvoice_aiden_q8_0,qwen3_tts_customvoice_aiden_v4_final_salvage,"Apache-2.0: Qwen CustomVoice and tokenizer model cards, cstr GGUF conversion cards, and CrispASR runtime release; permitted only for this project's personal-research scope with no training, calibration, product, re-hosting, verified-speaker or speaker-independence claim","One-shot local text-only derivative of frozen common_voice_ru_v24_v4_final_salvage text 2729ff55831727295fab415d2b066017340e7486d9fee7e2cb3ce465b1fbdf01; no reference audio, cloning, resynthesis, replacement or backfill",qwen3_tts_customvoice_aiden_v4_final_salvage:synthetic-profile:qwen3_tts_0_6b_customvoice_aiden_q8_0,2729ff55831727295fab415d2b066017340e7486d9fee7e2cb3ce465b1fbdf01,9fe856892bdf2e832e8c19686857f9e73bd00967ce683e40e5751ff9bc4b26e4,6.48,qwen3_tts_customvoice_gguf,Qwen3-TTS 0.6B CustomVoice Q8_0 GGUF,talker-cstr-29094dcb46f19b0898616aa9aeb876aa9aa6e086-5227dcbc4df7c5533341d111cc469fa491a48e722b23dd10f553181b52dff2d9; codec-cstr-344e279551177654762e5c7d39e217834325f222-70dc95dbfdd9aa5d9d406236ff771d061bf17b0cda02a72513953355606e719b; crispasr-v0.8.28-99e990ae-c2413af7d5e70a166b74fe96f5afb6d7463f1414a5ac2dea7cd982da9f83f827; fixed-aiden; wrapper-f02d93fd7ee064539771a868c5033bc163bec1c94c838eb1152c52eb7eb677b7,qwen3_tts_customvoice:aiden,not_applicable:text_only_no_reference_audio,cuda:0,offline_text_only_final_materialization,16000,wav,synthesis_text_sha256=9fe856892bdf2e832e8c19686857f9e73bd00967ce683e40e5751ff9bc4b26e4;reference_audio=forbidden;voice_cloning=false,2682803849,2026-08-16T01:00:00+06:00
qwen3_tts_customvoice_aiden_v4_final_salvage:59b6d3d7d63a3bfff0fc,processed/v4/xlsr_sls_model_v4_final_salvage_materialization_v1/ru_spoof/21/211571bec9cb68c7f9168d8cf0b0ac7f54555cf3986dc37d0035e35fc311b689.wav,49c7495e0d29410eba9afe3afb1bda9d17f71c0b6895d27b3cd7d3d99ef28f9c,test,spoof,ru,false,qwen3_tts_customvoice_aiden_v4_final_salvage:fixed-profile:qwen3_tts_0_6b_customvoice_aiden_q8_0,qwen3_tts_customvoice_aiden_v4_final_salvage,"Apache-2.0: Qwen CustomVoice and tokenizer model cards, cstr GGUF conversion cards, and CrispASR runtime release; permitted only for this project's personal-research scope with no training, calibration, product, re-hosting, verified-speaker or speaker-independence claim","One-shot local text-only derivative of frozen common_voice_ru_v24_v4_final_salvage text bfacca6fedcc1431f97125a9eec8d44db42da0394782d9c95e3db3adbf4fc062; no reference audio, cloning, resynthesis, replacement or backfill",qwen3_tts_customvoice_aiden_v4_final_salvage:synthetic-profile:qwen3_tts_0_6b_customvoice_aiden_q8_0,bfacca6fedcc1431f97125a9eec8d44db42da0394782d9c95e3db3adbf4fc062,ca78063615bf3ea4790518dc24cc48ce31728b3872cbfd8b291bd71c1f188e9c,3.68,qwen3_tts_customvoice_gguf,Qwen3-TTS 0.6B CustomVoice Q8_0 GGUF,talker-cstr-29094dcb46f19b0898616aa9aeb876aa9aa6e086-5227dcbc4df7c5533341d111cc469fa491a48e722b23dd10f553181b52dff2d9; codec-cstr-344e279551177654762e5c7d39e217834325f222-70dc95dbfdd9aa5d9d406236ff771d061bf17b0cda02a72513953355606e719b; crispasr-v0.8.28-99e990ae-c2413af7d5e70a166b74fe96f5afb6d7463f1414a5ac2dea7cd982da9f83f827; fixed-aiden; wrapper-f02d93fd7ee064539771a868c5033bc163bec1c94c838eb1152c52eb7eb677b7,qwen3_tts_customvoice:aiden,not_applicable:text_only_no_reference_audio,cuda:0,offline_text_only_final_materialization,16000,wav,synthesis_text_sha256=ca78063615bf3ea4790518dc24cc48ce31728b3872cbfd8b291bd71c1f188e9c;reference_audio=forbidden;voice_cloning=false,3396863542,2026-08-16T01:00:00+06:00
qwen3_tts_customvoice_aiden_v4_final_salvage:aa8d452d144621d937db,processed/v4/xlsr_sls_model_v4_final_salvage_materialization_v1/ru_spoof/ae/ae987f65ac63b9e1352bd9c1f1091b7f07d2ff1067d783975d3277248d9cb71e.wav,21a448705f61e11aa6cac3f71985a09289a0e2afb8cb73593cf7461e2ee1003b,test,spoof,ru,false,qwen3_tts_customvoice_aiden_v4_final_salvage:fixed-profile:qwen3_tts_0_6b_customvoice_aiden_q8_0,qwen3_tts_customvoice_aiden_v4_final_salvage,"Apache-2.0: Qwen CustomVoice and tokenizer model cards, cstr GGUF conversion cards, and CrispASR runtime release; permitted only for this project's personal-research scope with no training, calibration, product, re-hosting, verified-speaker or speaker-independence claim","One-shot local text-only derivative of frozen common_voice_ru_v24_v4_final_salvage text 004a5b6427d20652b1c2606f0082296a84a1d41cb4f6b92470535f020a7a73a5; no reference audio, cloning, resynthesis, replacement or backfill",qwen3_tts_customvoice_aiden_v4_final_salvage:synthetic-profile:qwen3_tts_0_6b_customvoice_aiden_q8_0,004a5b6427d20652b1c2606f0082296a84a1d41cb4f6b92470535f020a7a73a5,97124c1ea0e5168e2a46096f01f5b4739cf11e8af5f5e5f136bef9281971e04a,5.44,qwen3_tts_customvoice_gguf,Qwen3-TTS 0.6B CustomVoice Q8_0 GGUF,talker-cstr-29094dcb46f19b0898616aa9aeb876aa9aa6e086-5227dcbc4df7c5533341d111cc469fa491a48e722b23dd10f553181b52dff2d9; codec-cstr-344e279551177654762e5c7d39e217834325f222-70dc95dbfdd9aa5d9d406236ff771d061bf17b0cda02a72513953355606e719b; crispasr-v0.8.28-99e990ae-c2413af7d5e70a166b74fe96f5afb6d7463f1414a5ac2dea7cd982da9f83f827; fixed-aiden; wrapper-f02d93fd7ee064539771a868c5033bc163bec1c94c838eb1152c52eb7eb677b7,qwen3_tts_customvoice:aiden,not_applicable:text_only_no_reference_audio,cuda:0,offline_text_only_final_materialization,16000,wav,synthesis_text_sha256=97124c1ea0e5168e2a46096f01f5b4739cf11e8af5f5e5f136bef9281971e04a;reference_audio=forbidden;voice_cloning=false,2534558750,2026-08-16T01:00:00+06:00
qwen3_tts_customvoice_aiden_v4_final_salvage:0ff30b3948895c50f177,processed/v4/xlsr_sls_model_v4_final_salvage_materialization_v1/ru_spoof/35/35275bc3058d5f7c10468ad62dda87d7b7bcc060147b436ba1c3833b74012f29.wav,f897f9a4bd029308737d69550dbe28becbc763493e49b1ed4b8e0eebcb5ffb2f,test,spoof,ru,false,qwen3_tts_customvoice_aiden_v4_final_salvage:fixed-profile:qwen3_tts_0_6b_customvoice_aiden_q8_0,qwen3_tts_customvoice_aiden_v4_final_salvage,"Apache-2.0: Qwen CustomVoice and tokenizer model cards, cstr GGUF conversion cards, and CrispASR runtime release; permitted only for this project's personal-research scope with no training, calibration, product, re-hosting, verified-speaker or speaker-independence claim","One-shot local text-only derivative of frozen common_voice_ru_v24_v4_final_salvage text 7d156914118b508095eb6fd00b6dc3ed6039ad764a3753b05a52cf39e5e72313; no reference audio, cloning, resynthesis, replacement or backfill",qwen3_tts_customvoice_aiden_v4_final_salvage:synthetic-profile:qwen3_tts_0_6b_customvoice_aiden_q8_0,7d156914118b508095eb6fd00b6dc3ed6039ad764a3753b05a52cf39e5e72313,7f14b032e94dce3248191755e71ac2e8d425fd26611496c5adcbb31447a4c7c0,4.4,qwen3_tts_customvoice_gguf,Qwen3-TTS 0.6B CustomVoice Q8_0 GGUF,talker-cstr-29094dcb46f19b0898616aa9aeb876aa9aa6e086-5227dcbc4df7c5533341d111cc469fa491a48e722b23dd10f553181b52dff2d9; codec-cstr-344e279551177654762e5c7d39e217834325f222-70dc95dbfdd9aa5d9d406236ff771d061bf17b0cda02a72513953355606e719b; crispasr-v0.8.28-99e990ae-c2413af7d5e70a166b74fe96f5afb6d7463f1414a5ac2dea7cd982da9f83f827; fixed-aiden; wrapper-f02d93fd7ee064539771a868c5033bc163bec1c94c838eb1152c52eb7eb677b7,qwen3_tts_customvoice:aiden,not_applicable:text_only_no_reference_audio,cuda:0,offline_text_only_final_materialization,16000,wav,synthesis_text_sha256=7f14b032e94dce3248191755e71ac2e8d425fd26611496c5adcbb31447a4c7c0;reference_audio=forbidden;voice_cloning=false,2132062258,2026-08-16T01:00:00+06:00
qwen3_tts_customvoice_aiden_v4_final_salvage:e7f12797bcd8310035fe,processed/v4/xlsr_sls_model_v4_final_salvage_materialization_v1/ru_spoof/b8/b8c223f604da3bd45c6e524a429a2482072ecc230de2165c85701918e5830809.wav,97d47b40549e92756a80b3c70ef434419bdb543bf173e9a2d4a0a09171d929c2,test,spoof,ru,false,qwen3_tts_customvoice_aiden_v4_final_salvage:fixed-profile:qwen3_tts_0_6b_customvoice_aiden_q8_0,qwen3_tts_customvoice_aiden_v4_final_salvage,"Apache-2.0: Qwen CustomVoice and tokenizer model cards, cstr GGUF conversion cards, and CrispASR runtime release; permitted only for this project's personal-research scope with no training, calibration, product, re-hosting, verified-speaker or speaker-independence claim","One-shot local text-only derivative of frozen common_voice_ru_v24_v4_final_salvage text 90c98f9dc84e1e943eec8c81386eb7faee6a57f9d26f6e6f41ad933c6c032e49; no reference audio, cloning, resynthesis, replacement or backfill",qwen3_tts_customvoice_aiden_v4_final_salvage:synthetic-profile:qwen3_tts_0_6b_customvoice_aiden_q8_0,90c98f9dc84e1e943eec8c81386eb7faee6a57f9d26f6e6f41ad933c6c032e49,f2690742361cd62cd67cd917bf4c14579cd2f4a05ab5b80951c1974a28775aac,3.28,qwen3_tts_customvoice_gguf,Qwen3-TTS 0.6B CustomVoice Q8_0 GGUF,talker-cstr-29094dcb46f19b0898616aa9aeb876aa9aa6e086-5227dcbc4df7c5533341d111cc469fa491a48e722b23dd10f553181b52dff2d9; codec-cstr-344e279551177654762e5c7d39e217834325f222-70dc95dbfdd9aa5d9d406236ff771d061bf17b0cda02a72513953355606e719b; crispasr-v0.8.28-99e990ae-c2413af7d5e70a166b74fe96f5afb6d7463f1414a5ac2dea7cd982da9f83f827; fixed-aiden; wrapper-f02d93fd7ee064539771a868c5033bc163bec1c94c838eb1152c52eb7eb677b7,qwen3_tts_customvoice:aiden,not_applicable:text_only_no_reference_audio,cuda:0,offline_text_only_final_materialization,16000,wav,synthesis_text_sha256=f2690742361cd62cd67cd917bf4c14579cd2f4a05ab5b80951c1974a28775aac;reference_audio=forbidden;voice_cloning=false,4066969410,2026-08-16T01:00:00+06:00
qwen3_tts_customvoice_aiden_v4_final_salvage:b2114a81bf404b73a211,processed/v4/xlsr_sls_model_v4_final_salvage_materialization_v1/ru_spoof/57/57d10c8a6a4ce67794681e5e7af107508432263cdf0933194ca846fea7a3a51d.wav,c6d6f2b4b45967cded258a2cd91a05b7274da6c1b359f534b1f8cd90b7b100aa,test,spoof,ru,false,qwen3_tts_customvoice_aiden_v4_final_salvage:fixed-profile:qwen3_tts_0_6b_customvoice_aiden_q8_0,qwen3_tts_customvoice_aiden_v4_final_salvage,"Apache-2.0: Qwen CustomVoice and tokenizer model cards, cstr GGUF conversion cards, and CrispASR runtime release; permitted only for this project's personal-research scope with no training, calibration, product, re-hosting, verified-speaker or speaker-independence claim","One-shot local text-only derivative of frozen common_voice_ru_v24_v4_final_salvage text e2ef825654e78b1e2bda6790aeeeb44337f561e472b43e2a689d49a67f84c1ec; no reference audio, cloning, resynthesis, replacement or backfill",qwen3_tts_customvoice_aiden_v4_final_salvage:synthetic-profile:qwen3_tts_0_6b_customvoice_aiden_q8_0,e2ef825654e78b1e2bda6790aeeeb44337f561e472b43e2a689d49a67f84c1ec,3e67fbab9b936177cc82c83bf3f21b9a1a2a8d9dc9ab7639a07f7e6736c5508c,4.88,qwen3_tts_customvoice_gguf,Qwen3-TTS 0.6B CustomVoice Q8_0 GGUF,talker-cstr-29094dcb46f19b0898616aa9aeb876aa9aa6e086-5227dcbc4df7c5533341d111cc469fa491a48e722b23dd10f553181b52dff2d9; codec-cstr-344e279551177654762e5c7d39e217834325f222-70dc95dbfdd9aa5d9d406236ff771d061bf17b0cda02a72513953355606e719b; crispasr-v0.8.28-99e990ae-c2413af7d5e70a166b74fe96f5afb6d7463f1414a5ac2dea7cd982da9f83f827; fixed-aiden; wrapper-f02d93fd7ee064539771a868c5033bc163bec1c94c838eb1152c52eb7eb677b7,qwen3_tts_customvoice:aiden,not_applicable:text_only_no_reference_audio,cuda:0,offline_text_only_final_materialization,16000,wav,synthesis_text_sha256=3e67fbab9b936177cc82c83bf3f21b9a1a2a8d9dc9ab7639a07f7e6736c5508c;reference_audio=forbidden;voice_cloning=false,1047002027,2026-08-16T01:00:00+06:00
qwen3_tts_customvoice_aiden_v4_final_salvage:2415f049533f7f70e7ac,processed/v4/xlsr_sls_model_v4_final_salvage_materialization_v1/ru_spoof/75/751af2cc14be1e29809a1ffdba920edde1347dcfcfcbea79a0962dbc13681432.wav,bce4912cc05578971a0b9ed93b875d6be34e7b474d009fdaa4b65368cb2d1709,test,spoof,ru,false,qwen3_tts_customvoice_aiden_v4_final_salvage:fixed-profile:qwen3_tts_0_6b_customvoice_aiden_q8_0,qwen3_tts_customvoice_aiden_v4_final_salvage,"Apache-2.0: Qwen CustomVoice and tokenizer model cards, cstr GGUF conversion cards, and CrispASR runtime release; permitted only for this project's personal-research scope with no training, calibration, product, re-hosting, verified-speaker or speaker-independence claim","One-shot local text-only derivative of frozen common_voice_ru_v24_v4_final_salvage text 72097bd25dcc9bd1073f71105eedabce71d56e92afa44198b8af30ba4faba592; no reference audio, cloning, resynthesis, replacement or backfill",qwen3_tts_customvoice_aiden_v4_final_salvage:synthetic-profile:qwen3_tts_0_6b_customvoice_aiden_q8_0,72097bd25dcc9bd1073f71105eedabce71d56e92afa44198b8af30ba4faba592,9fd8a84adf8196a202be7cfc93a078f49943021940f53aa28274b35a0b6557aa,5.92,qwen3_tts_customvoice_gguf,Qwen3-TTS 0.6B CustomVoice Q8_0 GGUF,talker-cstr-29094dcb46f19b0898616aa9aeb876aa9aa6e086-5227dcbc4df7c5533341d111cc469fa491a48e722b23dd10f553181b52dff2d9; codec-cstr-344e279551177654762e5c7d39e217834325f222-70dc95dbfdd9aa5d9d406236ff771d061bf17b0cda02a72513953355606e719b; crispasr-v0.8.28-99e990ae-c2413af7d5e70a166b74fe96f5afb6d7463f1414a5ac2dea7cd982da9f83f827; fixed-aiden; wrapper-f02d93fd7ee064539771a868c5033bc163bec1c94c838eb1152c52eb7eb677b7,qwen3_tts_customvoice:aiden,not_applicable:text_only_no_reference_audio,cuda:0,offline_text_only_final_materialization,16000,wav,synthesis_text_sha256=9fd8a84adf8196a202be7cfc93a078f49943021940f53aa28274b35a0b6557aa;reference_audio=forbidden;voice_cloning=false,2681776202,2026-08-16T01:00:00+06:00
qwen3_tts_customvoice_aiden_v4_final_salvage:0ae0d8bdb03cc464c378,processed/v4/xlsr_sls_model_v4_final_salvage_materialization_v1/ru_spoof/d2/d2ecb4adc8ff16ee2494c05082c0319aa9a6b0e27afde846e7fead39333c8871.wav,7b9b0ad1d86b5efbce8057669dc48f0fbb5513d5a19b82f20b980dcfb209b1fe,test,spoof,ru,false,qwen3_tts_customvoice_aiden_v4_final_salvage:fixed-profile:qwen3_tts_0_6b_customvoice_aiden_q8_0,qwen3_tts_customvoice_aiden_v4_final_salvage,"Apache-2.0: Qwen CustomVoice and tokenizer model cards, cstr GGUF conversion cards, and CrispASR runtime release; permitted only for this project's personal-research scope with no training, calibration, product, re-hosting, verified-speaker or speaker-independence claim","One-shot local text-only derivative of frozen common_voice_ru_v24_v4_final_salvage text a25624834eb2f260b7622190f49a1d0d98d82e8134d379c925e517e205de07a7; no reference audio, cloning, resynthesis, replacement or backfill",qwen3_tts_customvoice_aiden_v4_final_salvage:synthetic-profile:qwen3_tts_0_6b_customvoice_aiden_q8_0,a25624834eb2f260b7622190f49a1d0d98d82e8134d379c925e517e205de07a7,a2dc9ef6a50e8f4781fe0304d8eb429c64d47ff0bf5ee6ad39a3ab3a43526b0d,3.28,qwen3_tts_customvoice_gguf,Qwen3-TTS 0.6B CustomVoice Q8_0 GGUF,talker-cstr-29094dcb46f19b0898616aa9aeb876aa9aa6e086-5227dcbc4df7c5533341d111cc469fa491a48e722b23dd10f553181b52dff2d9; codec-cstr-344e279551177654762e5c7d39e217834325f222-70dc95dbfdd9aa5d9d406236ff771d061bf17b0cda02a72513953355606e719b; crispasr-v0.8.28-99e990ae-c2413af7d5e70a166b74fe96f5afb6d7463f1414a5ac2dea7cd982da9f83f827; fixed-aiden; wrapper-f02d93fd7ee064539771a868c5033bc163bec1c94c838eb1152c52eb7eb677b7,qwen3_tts_customvoice:aiden,not_applicable:text_only_no_reference_audio,cuda:0,offline_text_only_final_materialization,16000,wav,synthesis_text_sha256=a2dc9ef6a50e8f4781fe0304d8eb429c64d47ff0bf5ee6ad39a3ab3a43526b0d;reference_audio=forbidden;voice_cloning=false,2732367606,2026-08-16T01:00:00+06:00
qwen3_tts_customvoice_aiden_v4_final_salvage:7e854603e093cbe8b416,processed/v4/xlsr_sls_model_v4_final_salvage_materialization_v1/ru_spoof/c4/c43b6acd015c304307c6deeb42ea28e030983f15abb25b9a568e848343a59514.wav,875f9c453a3c21afdc9b6d288918932f0cb09a35e45eba15c75e465ba07ec711,test,spoof,ru,false,qwen3_tts_customvoice_aiden_v4_final_salvage:fixed-profile:qwen3_tts_0_6b_customvoice_aiden_q8_0,qwen3_tts_customvoice_aiden_v4_final_salvage,"Apache-2.0: Qwen CustomVoice and tokenizer model cards, cstr GGUF conversion cards, and CrispASR runtime release; permitted only for this project's personal-research scope with no training, calibration, product, re-hosting, verified-speaker or speaker-independence claim","One-shot local text-only derivative of frozen common_voice_ru_v24_v4_final_salvage text b586b29d51b12cfa92babac96abe9b94e54915113c4732213881957ccd825d2b; no reference audio, cloning, resynthesis, replacement or backfill",qwen3_tts_customvoice_aiden_v4_final_salvage:synthetic-profile:qwen3_tts_0_6b_customvoice_aiden_q8_0,b586b29d51b12cfa92babac96abe9b94e54915113c4732213881957ccd825d2b,66ac276c0e817d59cdd7ea08d95ae562bf3a4ae71ace1b67a2926727532ac8cc,3.12,qwen3_tts_customvoice_gguf,Qwen3-TTS 0.6B CustomVoice Q8_0 GGUF,talker-cstr-29094dcb46f19b0898616aa9aeb876aa9aa6e086-5227dcbc4df7c5533341d111cc469fa491a48e722b23dd10f553181b52dff2d9; codec-cstr-344e279551177654762e5c7d39e217834325f222-70dc95dbfdd9aa5d9d406236ff771d061bf17b0cda02a72513953355606e719b; crispasr-v0.8.28-99e990ae-c2413af7d5e70a166b74fe96f5afb6d7463f1414a5ac2dea7cd982da9f83f827; fixed-aiden; wrapper-f02d93fd7ee064539771a868c5033bc163bec1c94c838eb1152c52eb7eb677b7,qwen3_tts_customvoice:aiden,not_applicable:text_only_no_reference_audio,cuda:0,offline_text_only_final_materialization,16000,wav,synthesis_text_sha256=66ac276c0e817d59cdd7ea08d95ae562bf3a4ae71ace1b67a2926727532ac8cc;reference_audio=forbidden;voice_cloning=false,1722558316,2026-08-16T01:00:00+06:00
qwen3_tts_customvoice_aiden_v4_final_salvage:43d542ad61006b7ade4f,processed/v4/xlsr_sls_model_v4_final_salvage_materialization_v1/ru_spoof/ea/ea40b383bbb90327194668f406eb1acb7b44ee998a9a47c1910551958960b5e7.wav,fe0d32b485ffa2dc053487039f4a4841b9ac081f9473c41b16adda5132817be3,test,spoof,ru,false,qwen3_tts_customvoice_aiden_v4_final_salvage:fixed-profile:qwen3_tts_0_6b_customvoice_aiden_q8_0,qwen3_tts_customvoice_aiden_v4_final_salvage,"Apache-2.0: Qwen CustomVoice and tokenizer model cards, cstr GGUF conversion cards, and CrispASR runtime release; permitted only for this project's personal-research scope with no training, calibration, product, re-hosting, verified-speaker or speaker-independence claim","One-shot local text-only derivative of frozen common_voice_ru_v24_v4_final_salvage text b0568b2c13aec50c8686aee5ff0138c9c98e3375a656e1728518e0a9485cf43b; no reference audio, cloning, resynthesis, replacement or backfill",qwen3_tts_customvoice_aiden_v4_final_salvage:synthetic-profile:qwen3_tts_0_6b_customvoice_aiden_q8_0,b0568b2c13aec50c8686aee5ff0138c9c98e3375a656e1728518e0a9485cf43b,d73ec9e95b9a74ce4f2da6067f211603857c8b3be0dd1b4ef55f745304a7220a,3.6,qwen3_tts_customvoice_gguf,Qwen3-TTS 0.6B CustomVoice Q8_0 GGUF,talker-cstr-29094dcb46f19b0898616aa9aeb876aa9aa6e086-5227dcbc4df7c5533341d111cc469fa491a48e722b23dd10f553181b52dff2d9; codec-cstr-344e279551177654762e5c7d39e217834325f222-70dc95dbfdd9aa5d9d406236ff771d061bf17b0cda02a72513953355606e719b; crispasr-v0.8.28-99e990ae-c2413af7d5e70a166b74fe96f5afb6d7463f1414a5ac2dea7cd982da9f83f827; fixed-aiden; wrapper-f02d93fd7ee064539771a868c5033bc163bec1c94c838eb1152c52eb7eb677b7,qwen3_tts_customvoice:aiden,not_applicable:text_only_no_reference_audio,cuda:0,offline_text_only_final_materialization,16000,wav,synthesis_text_sha256=d73ec9e95b9a74ce4f2da6067f211603857c8b3be0dd1b4ef55f745304a7220a;reference_audio=forbidden;voice_cloning=false,3611216361,2026-08-16T01:00:00+06:00
qwen3_tts_customvoice_aiden_v4_final_salvage:12de5a36dbef44b62a26,processed/v4/xlsr_sls_model_v4_final_salvage_materialization_v1/ru_spoof/3a/3a5f9f016717df1d92bd537378b9f95081e86bd1743e505e0f44509e9a0400f4.wav,e70d7d59dbb87a9b974577bdb973593b3794186ede6806ed65675f0afa7ac6d3,test,spoof,ru,false,qwen3_tts_customvoice_aiden_v4_final_salvage:fixed-profile:qwen3_tts_0_6b_customvoice_aiden_q8_0,qwen3_tts_customvoice_aiden_v4_final_salvage,"Apache-2.0: Qwen CustomVoice and tokenizer model cards, cstr GGUF conversion cards, and CrispASR runtime release; permitted only for this project's personal-research scope with no training, calibration, product, re-hosting, verified-speaker or speaker-independence claim","One-shot local text-only derivative of frozen common_voice_ru_v24_v4_final_salvage text 8cd858784ccdff4f48d61c25dd666d49b0780100c3b0b5dbd9336be5e5f2b207; no reference audio, cloning, resynthesis, replacement or backfill",qwen3_tts_customvoice_aiden_v4_final_salvage:synthetic-profile:qwen3_tts_0_6b_customvoice_aiden_q8_0,8cd858784ccdff4f48d61c25dd666d49b0780100c3b0b5dbd9336be5e5f2b207,b9177abaab2d85d113ae44e289e12ae3098e11b7cd5ed106c83dbffda646dd6d,5.52,qwen3_tts_customvoice_gguf,Qwen3-TTS 0.6B CustomVoice Q8_0 GGUF,talker-cstr-29094dcb46f19b0898616aa9aeb876aa9aa6e086-5227dcbc4df7c5533341d111cc469fa491a48e722b23dd10f553181b52dff2d9; codec-cstr-344e279551177654762e5c7d39e217834325f222-70dc95dbfdd9aa5d9d406236ff771d061bf17b0cda02a72513953355606e719b; crispasr-v0.8.28-99e990ae-c2413af7d5e70a166b74fe96f5afb6d7463f1414a5ac2dea7cd982da9f83f827; fixed-aiden; wrapper-f02d93fd7ee064539771a868c5033bc163bec1c94c838eb1152c52eb7eb677b7,qwen3_tts_customvoice:aiden,not_applicable:text_only_no_reference_audio,cuda:0,offline_text_only_final_materialization,16000,wav,synthesis_text_sha256=b9177abaab2d85d113ae44e289e12ae3098e11b7cd5ed106c83dbffda646dd6d;reference_audio=forbidden;voice_cloning=false,3105323706,2026-08-16T01:00:00+06:00
qwen3_tts_customvoice_aiden_v4_final_salvage:741964573bb551f2f362,processed/v4/xlsr_sls_model_v4_final_salvage_materialization_v1/ru_spoof/16/16cdd5ab1fab195e36f8c126e7d72a7ccaf0fca3e823eff677342bebf714a6dd.wav,516c15228a1532e841610fef3e36827ba7590f81a9c798bbcd855347e57d8814,test,spoof,ru,false,qwen3_tts_customvoice_aiden_v4_final_salvage:fixed-profile:qwen3_tts_0_6b_customvoice_aiden_q8_0,qwen3_tts_customvoice_aiden_v4_final_salvage,"Apache-2.0: Qwen CustomVoice and tokenizer model cards, cstr GGUF conversion cards, and CrispASR runtime release; permitted only for this project's personal-research scope with no training, calibration, product, re-hosting, verified-speaker or speaker-independence claim","One-shot local text-only derivative of frozen common_voice_ru_v24_v4_final_salvage text d7a427b2984c88f63f27695d191ad4f3126da1c9d43b619e0085f8587ec14959; no reference audio, cloning, resynthesis, replacement or backfill",qwen3_tts_customvoice_aiden_v4_final_salvage:synthetic-profile:qwen3_tts_0_6b_customvoice_aiden_q8_0,d7a427b2984c88f63f27695d191ad4f3126da1c9d43b619e0085f8587ec14959,44d99b601c32fc8caf098eecda369318d9d221407e72e6970da0b12bb4d1d8df,6.32,qwen3_tts_customvoice_gguf,Qwen3-TTS 0.6B CustomVoice Q8_0 GGUF,talker-cstr-29094dcb46f19b0898616aa9aeb876aa9aa6e086-5227dcbc4df7c5533341d111cc469fa491a48e722b23dd10f553181b52dff2d9; codec-cstr-344e279551177654762e5c7d39e217834325f222-70dc95dbfdd9aa5d9d406236ff771d061bf17b0cda02a72513953355606e719b; crispasr-v0.8.28-99e990ae-c2413af7d5e70a166b74fe96f5afb6d7463f1414a5ac2dea7cd982da9f83f827; fixed-aiden; wrapper-f02d93fd7ee064539771a868c5033bc163bec1c94c838eb1152c52eb7eb677b7,qwen3_tts_customvoice:aiden,not_applicable:text_only_no_reference_audio,cuda:0,offline_text_only_final_materialization,16000,wav,synthesis_text_sha256=44d99b601c32fc8caf098eecda369318d9d221407e72e6970da0b12bb4d1d8df;reference_audio=forbidden;voice_cloning=false,1155111776,2026-08-16T01:00:00+06:00
qwen3_tts_customvoice_aiden_v4_final_salvage:f6bbd79d8d703a55c5b3,processed/v4/xlsr_sls_model_v4_final_salvage_materialization_v1/ru_spoof/a0/a04b99bbee4251bd45206229315120927089297625591975cc7e1eb6e0b78019.wav,daa9521fb638ce1425e6354e647ea607b7265de9f43a5463193933c97539189d,test,spoof,ru,false,qwen3_tts_customvoice_aiden_v4_final_salvage:fixed-profile:qwen3_tts_0_6b_customvoice_aiden_q8_0,qwen3_tts_customvoice_aiden_v4_final_salvage,"Apache-2.0: Qwen CustomVoice and tokenizer model cards, cstr GGUF conversion cards, and CrispASR runtime release; permitted only for this project's personal-research scope with no training, calibration, product, re-hosting, verified-speaker or speaker-independence claim","One-shot local text-only derivative of frozen common_voice_ru_v24_v4_final_salvage text 19d795f248a1421255ef3928c1c4c93f714849275de38b48c4e3a604ca1aef84; no reference audio, cloning, resynthesis, replacement or backfill",qwen3_tts_customvoice_aiden_v4_final_salvage:synthetic-profile:qwen3_tts_0_6b_customvoice_aiden_q8_0,19d795f248a1421255ef3928c1c4c93f714849275de38b48c4e3a604ca1aef84,6426365ed1bcc157d2f0eeefddd2100782bf26c8d6be556d152fe098b2a13c6b,2.96,qwen3_tts_customvoice_gguf,Qwen3-TTS 0.6B CustomVoice Q8_0 GGUF,talker-cstr-29094dcb46f19b0898616aa9aeb876aa9aa6e086-5227dcbc4df7c5533341d111cc469fa491a48e722b23dd10f553181b52dff2d9; codec-cstr-344e279551177654762e5c7d39e217834325f222-70dc95dbfdd9aa5d9d406236ff771d061bf17b0cda02a72513953355606e719b; crispasr-v0.8.28-99e990ae-c2413af7d5e70a166b74fe96f5afb6d7463f1414a5ac2dea7cd982da9f83f827; fixed-aiden; wrapper-f02d93fd7ee064539771a868c5033bc163bec1c94c838eb1152c52eb7eb677b7,qwen3_tts_customvoice:aiden,not_applicable:text_only_no_reference_audio,cuda:0,offline_text_only_final_materialization,16000,wav,synthesis_text_sha256=6426365ed1bcc157d2f0eeefddd2100782bf26c8d6be556d152fe098b2a13c6b;reference_audio=forbidden;voice_cloning=false,1680225886,2026-08-16T01:00:00+06:00
qwen3_tts_customvoice_aiden_v4_final_salvage:bc2b6eebee802000d6d4,processed/v4/xlsr_sls_model_v4_final_salvage_materialization_v1/ru_spoof/50/507f553a101420e5a313a58ff852ed0855574ed47d537e254fdd0013f9e8c330.wav,ec42fdb728bf715d95d0c22f1dec9b95f9adb2230b50aeb39b3eef6ac8b40116,test,spoof,ru,false,qwen3_tts_customvoice_aiden_v4_final_salvage:fixed-profile:qwen3_tts_0_6b_customvoice_aiden_q8_0,qwen3_tts_customvoice_aiden_v4_final_salvage,"Apache-2.0: Qwen CustomVoice and tokenizer model cards, cstr GGUF conversion cards, and CrispASR runtime release; permitted only for this project's personal-research scope with no training, calibration, product, re-hosting, verified-speaker or speaker-independence claim","One-shot local text-only derivative of frozen common_voice_ru_v24_v4_final_salvage text ddce8c72ab4d5d03e5ad1e860ed82a52df3bab152617607ec17cd4f3a54551ad; no reference audio, cloning, resynthesis, replacement or backfill",qwen3_tts_customvoice_aiden_v4_final_salvage:synthetic-profile:qwen3_tts_0_6b_customvoice_aiden_q8_0,ddce8c72ab4d5d03e5ad1e860ed82a52df3bab152617607ec17cd4f3a54551ad,795e7ef0d470a5d3890c241b86a14d2962973c366e0872e4514fe0afae7d5be2,3.6,qwen3_tts_customvoice_gguf,Qwen3-TTS 0.6B CustomVoice Q8_0 GGUF,talker-cstr-29094dcb46f19b0898616aa9aeb876aa9aa6e086-5227dcbc4df7c5533341d111cc469fa491a48e722b23dd10f553181b52dff2d9; codec-cstr-344e279551177654762e5c7d39e217834325f222-70dc95dbfdd9aa5d9d406236ff771d061bf17b0cda02a72513953355606e719b; crispasr-v0.8.28-99e990ae-c2413af7d5e70a166b74fe96f5afb6d7463f1414a5ac2dea7cd982da9f83f827; fixed-aiden; wrapper-f02d93fd7ee064539771a868c5033bc163bec1c94c838eb1152c52eb7eb677b7,qwen3_tts_customvoice:aiden,not_applicable:text_only_no_reference_audio,cuda:0,offline_text_only_final_materialization,16000,wav,synthesis_text_sha256=795e7ef0d470a5d3890c241b86a14d2962973c366e0872e4514fe0afae7d5be2;reference_audio=forbidden;voice_cloning=false,2036236016,2026-08-16T01:00:00+06:00
qwen3_tts_customvoice_aiden_v4_final_salvage:2020facbade15b3cd877,processed/v4/xlsr_sls_model_v4_final_salvage_materialization_v1/ru_spoof/b9/b9df7b6d770f0a579c6c661a8fb2b6b1e510a116af51af5f281b60346bd87a8c.wav,df2f1055890836478b68b435f4ee44f6b39e16f46da1c384e9b37183fb2076a5,test,spoof,ru,false,qwen3_tts_customvoice_aiden_v4_final_salvage:fixed-profile:qwen3_tts_0_6b_customvoice_aiden_q8_0,qwen3_tts_customvoice_aiden_v4_final_salvage,"Apache-2.0: Qwen CustomVoice and tokenizer model cards, cstr GGUF conversion cards, and CrispASR runtime release; permitted only for this project's personal-research scope with no training, calibration, product, re-hosting, verified-speaker or speaker-independence claim","One-shot local text-only derivative of frozen common_voice_ru_v24_v4_final_salvage text 6baa176193bf86fb8cd023805ced3a5b1e328edc5d8e460c19063722496712d6; no reference audio, cloning, resynthesis, replacement or backfill",qwen3_tts_customvoice_aiden_v4_final_salvage:synthetic-profile:qwen3_tts_0_6b_customvoice_aiden_q8_0,6baa176193bf86fb8cd023805ced3a5b1e328edc5d8e460c19063722496712d6,17e97f181117fe364f59d2f83b96ed50b1158cad932f5639f8a6bb74ae534339,3.04,qwen3_tts_customvoice_gguf,Qwen3-TTS 0.6B CustomVoice Q8_0 GGUF,talker-cstr-29094dcb46f19b0898616aa9aeb876aa9aa6e086-5227dcbc4df7c5533341d111cc469fa491a48e722b23dd10f553181b52dff2d9; codec-cstr-344e279551177654762e5c7d39e217834325f222-70dc95dbfdd9aa5d9d406236ff771d061bf17b0cda02a72513953355606e719b; crispasr-v0.8.28-99e990ae-c2413af7d5e70a166b74fe96f5afb6d7463f1414a5ac2dea7cd982da9f83f827; fixed-aiden; wrapper-f02d93fd7ee064539771a868c5033bc163bec1c94c838eb1152c52eb7eb677b7,qwen3_tts_customvoice:aiden,not_applicable:text_only_no_reference_audio,cuda:0,offline_text_only_final_materialization,16000,wav,synthesis_text_sha256=17e97f181117fe364f59d2f83b96ed50b1158cad932f5639f8a6bb74ae534339;reference_audio=forbidden;voice_cloning=false,401178392,2026-08-16T01:00:00+06:00
qwen3_tts_customvoice_aiden_v4_final_salvage:1024ccd07fbe8ab552bd,processed/v4/xlsr_sls_model_v4_final_salvage_materialization_v1/ru_spoof/ed/ed85ed54de93a4cdcff51674766ecfd0768f3f9e3a01eb9cf435678300dacc70.wav,499dc9166ef97cfbb37e09588b97d9a63e86ac9e53374db92b743bbc2d93eae7,test,spoof,ru,false,qwen3_tts_customvoice_aiden_v4_final_salvage:fixed-profile:qwen3_tts_0_6b_customvoice_aiden_q8_0,qwen3_tts_customvoice_aiden_v4_final_salvage,"Apache-2.0: Qwen CustomVoice and tokenizer model cards, cstr GGUF conversion cards, and CrispASR runtime release; permitted only for this project's personal-research scope with no training, calibration, product, re-hosting, verified-speaker or speaker-independence claim","One-shot local text-only derivative of frozen common_voice_ru_v24_v4_final_salvage text 30ebc2bee282f7a16c0782fc21963aaf5a58539c1a63ede6819187d2b0fd86a7; no reference audio, cloning, resynthesis, replacement or backfill",qwen3_tts_customvoice_aiden_v4_final_salvage:synthetic-profile:qwen3_tts_0_6b_customvoice_aiden_q8_0,30ebc2bee282f7a16c0782fc21963aaf5a58539c1a63ede6819187d2b0fd86a7,f52a524eb0e6d92d5c429784da3ecf43157e08dfc5f727c9f08dee643b3f34aa,4.32,qwen3_tts_customvoice_gguf,Qwen3-TTS 0.6B CustomVoice Q8_0 GGUF,talker-cstr-29094dcb46f19b0898616aa9aeb876aa9aa6e086-5227dcbc4df7c5533341d111cc469fa491a48e722b23dd10f553181b52dff2d9; codec-cstr-344e279551177654762e5c7d39e217834325f222-70dc95dbfdd9aa5d9d406236ff771d061bf17b0cda02a72513953355606e719b; crispasr-v0.8.28-99e990ae-c2413af7d5e70a166b74fe96f5afb6d7463f1414a5ac2dea7cd982da9f83f827; fixed-aiden; wrapper-f02d93fd7ee064539771a868c5033bc163bec1c94c838eb1152c52eb7eb677b7,qwen3_tts_customvoice:aiden,not_applicable:text_only_no_reference_audio,cuda:0,offline_text_only_final_materialization,16000,wav,synthesis_text_sha256=f52a524eb0e6d92d5c429784da3ecf43157e08dfc5f727c9f08dee643b3f34aa;reference_audio=forbidden;voice_cloning=false,4113191502,2026-08-16T01:00:00+06:00
qwen3_tts_customvoice_aiden_v4_final_salvage:599307420955d40e50ee,processed/v4/xlsr_sls_model_v4_final_salvage_materialization_v1/ru_spoof/0a/0a2db5695ec4d9b60ecff53311e0db98b15a11d1d61e99fdcfb4c0be4a900050.wav,d6944e8de68656429d63ff0b4f10e552bc6f1b0d7c2bbb3f2e2828013c015abd,test,spoof,ru,false,qwen3_tts_customvoice_aiden_v4_final_salvage:fixed-profile:qwen3_tts_0_6b_customvoice_aiden_q8_0,qwen3_tts_customvoice_aiden_v4_final_salvage,"Apache-2.0: Qwen CustomVoice and tokenizer model cards, cstr GGUF conversion cards, and CrispASR runtime release; permitted only for this project's personal-research scope with no training, calibration, product, re-hosting, verified-speaker or speaker-independence claim","One-shot local text-only derivative of frozen common_voice_ru_v24_v4_final_salvage text 87f76c1ff74958f9cd9d9b6c67649b2561937b8ec348fdf2b93140171209355b; no reference audio, cloning, resynthesis, replacement or backfill",qwen3_tts_customvoice_aiden_v4_final_salvage:synthetic-profile:qwen3_tts_0_6b_customvoice_aiden_q8_0,87f76c1ff74958f9cd9d9b6c67649b2561937b8ec348fdf2b93140171209355b,343ee9002d268d39b2ac27ac81e3707ecde3ebda9154711d6a69e846ed325bd6,5.04,qwen3_tts_customvoice_gguf,Qwen3-TTS 0.6B CustomVoice Q8_0 GGUF,talker-cstr-29094dcb46f19b0898616aa9aeb876aa9aa6e086-5227dcbc4df7c5533341d111cc469fa491a48e722b23dd10f553181b52dff2d9; codec-cstr-344e279551177654762e5c7d39e217834325f222-70dc95dbfdd9aa5d9d406236ff771d061bf17b0cda02a72513953355606e719b; crispasr-v0.8.28-99e990ae-c2413af7d5e70a166b74fe96f5afb6d7463f1414a5ac2dea7cd982da9f83f827; fixed-aiden; wrapper-f02d93fd7ee064539771a868c5033bc163bec1c94c838eb1152c52eb7eb677b7,qwen3_tts_customvoice:aiden,not_applicable:text_only_no_reference_audio,cuda:0,offline_text_only_final_materialization,16000,wav,synthesis_text_sha256=343ee9002d268d39b2ac27ac81e3707ecde3ebda9154711d6a69e846ed325bd6;reference_audio=forbidden;voice_cloning=false,876538112,2026-08-16T01:00:00+06:00
qwen3_tts_customvoice_aiden_v4_final_salvage:0cd8282d552ac535f0db,processed/v4/xlsr_sls_model_v4_final_salvage_materialization_v1/ru_spoof/a9/a9b8b7f26245808788af8e450feffe9a4a6fdb99f65c3b28b90b5fd6455b9803.wav,a37049a61e5bdf7ee4928fb4d27fe23bd7572de770d9d2e43d23fe0596452424,test,spoof,ru,false,qwen3_tts_customvoice_aiden_v4_final_salvage:fixed-profile:qwen3_tts_0_6b_customvoice_aiden_q8_0,qwen3_tts_customvoice_aiden_v4_final_salvage,"Apache-2.0: Qwen CustomVoice and tokenizer model cards, cstr GGUF conversion cards, and CrispASR runtime release; permitted only for this project's personal-research scope with no training, calibration, product, re-hosting, verified-speaker or speaker-independence claim","One-shot local text-only derivative of frozen common_voice_ru_v24_v4_final_salvage text 22aa9043323b5973fde37ab73336f5cb6d00836287f19e3daad634d48b3666f2; no reference audio, cloning, resynthesis, replacement or backfill",qwen3_tts_customvoice_aiden_v4_final_salvage:synthetic-profile:qwen3_tts_0_6b_customvoice_aiden_q8_0,22aa9043323b5973fde37ab73336f5cb6d00836287f19e3daad634d48b3666f2,e60582979a7027d6fea282eaf0cf2e691d422207e114bca30c006912274957ef,6.88,qwen3_tts_customvoice_gguf,Qwen3-TTS 0.6B CustomVoice Q8_0 GGUF,talker-cstr-29094dcb46f19b0898616aa9aeb876aa9aa6e086-5227dcbc4df7c5533341d111cc469fa491a48e722b23dd10f553181b52dff2d9; codec-cstr-344e279551177654762e5c7d39e217834325f222-70dc95dbfdd9aa5d9d406236ff771d061bf17b0cda02a72513953355606e719b; crispasr-v0.8.28-99e990ae-c2413af7d5e70a166b74fe96f5afb6d7463f1414a5ac2dea7cd982da9f83f827; fixed-aiden; wrapper-f02d93fd7ee064539771a868c5033bc163bec1c94c838eb1152c52eb7eb677b7,qwen3_tts_customvoice:aiden,not_applicable:text_only_no_reference_audio,cuda:0,offline_text_only_final_materialization,16000,wav,synthesis_text_sha256=e60582979a7027d6fea282eaf0cf2e691d422207e114bca30c006912274957ef;reference_audio=forbidden;voice_cloning=false,3859120791,2026-08-16T01:00:00+06:00
qwen3_tts_customvoice_aiden_v4_final_salvage:1a6cce13c213b3c0067d,processed/v4/xlsr_sls_model_v4_final_salvage_materialization_v1/ru_spoof/b3/b3e79f38d6013374c14b02202f665ad13e04a819b51c0c0586c72bf7444f2f7c.wav,35d8e6f7d3edfaeda25f09c55076dd2c129721f374b637f9c83534c62e465507,test,spoof,ru,false,qwen3_tts_customvoice_aiden_v4_final_salvage:fixed-profile:qwen3_tts_0_6b_customvoice_aiden_q8_0,qwen3_tts_customvoice_aiden_v4_final_salvage,"Apache-2.0: Qwen CustomVoice and tokenizer model cards, cstr GGUF conversion cards, and CrispASR runtime release; permitted only for this project's personal-research scope with no training, calibration, product, re-hosting, verified-speaker or speaker-independence claim","One-shot local text-only derivative of frozen common_voice_ru_v24_v4_final_salvage text edcd11a3b8c2c45f12ce62c31903ff37a9ec858a4986f5cf0318623001ae217a; no reference audio, cloning, resynthesis, replacement or backfill",qwen3_tts_customvoice_aiden_v4_final_salvage:synthetic-profile:qwen3_tts_0_6b_customvoice_aiden_q8_0,edcd11a3b8c2c45f12ce62c31903ff37a9ec858a4986f5cf0318623001ae217a,b487f112df781a10b0f0054d28406760adae365d7382ae694cd7acae790fc716,5.6,qwen3_tts_customvoice_gguf,Qwen3-TTS 0.6B CustomVoice Q8_0 GGUF,talker-cstr-29094dcb46f19b0898616aa9aeb876aa9aa6e086-5227dcbc4df7c5533341d111cc469fa491a48e722b23dd10f553181b52dff2d9; codec-cstr-344e279551177654762e5c7d39e217834325f222-70dc95dbfdd9aa5d9d406236ff771d061bf17b0cda02a72513953355606e719b; crispasr-v0.8.28-99e990ae-c2413af7d5e70a166b74fe96f5afb6d7463f1414a5ac2dea7cd982da9f83f827; fixed-aiden; wrapper-f02d93fd7ee064539771a868c5033bc163bec1c94c838eb1152c52eb7eb677b7,qwen3_tts_customvoice:aiden,not_applicable:text_only_no_reference_audio,cuda:0,offline_text_only_final_materialization,16000,wav,synthesis_text_sha256=b487f112df781a10b0f0054d28406760adae365d7382ae694cd7acae790fc716;reference_audio=forbidden;voice_cloning=false,3028807954,2026-08-16T01:00:00+06:00
qwen3_tts_customvoice_aiden_v4_final_salvage:52a7d53cc0f99716081e,processed/v4/xlsr_sls_model_v4_final_salvage_materialization_v1/ru_spoof/35/3503adb27b112fe523610e0777f1af4441be0597c0abbf7c3b3cd5ee4e3efcbe.wav,40d17939fbf60041e94b917397eeef9c52d3cc51bc503f33732413d85b7d996d,test,spoof,ru,false,qwen3_tts_customvoice_aiden_v4_final_salvage:fixed-profile:qwen3_tts_0_6b_customvoice_aiden_q8_0,qwen3_tts_customvoice_aiden_v4_final_salvage,"Apache-2.0: Qwen CustomVoice and tokenizer model cards, cstr GGUF conversion cards, and CrispASR runtime release; permitted only for this project's personal-research scope with no training, calibration, product, re-hosting, verified-speaker or speaker-independence claim","One-shot local text-only derivative of frozen common_voice_ru_v24_v4_final_salvage text 989bec022349fe607aa5940fbee7a1296b4aada7610ec947d2466c851577e582; no reference audio, cloning, resynthesis, replacement or backfill",qwen3_tts_customvoice_aiden_v4_final_salvage:synthetic-profile:qwen3_tts_0_6b_customvoice_aiden_q8_0,989bec022349fe607aa5940fbee7a1296b4aada7610ec947d2466c851577e582,476168a736f73ddaa93fc0bcacdabace36c4e80c79511a44212f3a0c8028d592,6.0,qwen3_tts_customvoice_gguf,Qwen3-TTS 0.6B CustomVoice Q8_0 GGUF,talker-cstr-29094dcb46f19b0898616aa9aeb876aa9aa6e086-5227dcbc4df7c5533341d111cc469fa491a48e722b23dd10f553181b52dff2d9; codec-cstr-344e279551177654762e5c7d39e217834325f222-70dc95dbfdd9aa5d9d406236ff771d061bf17b0cda02a72513953355606e719b; crispasr-v0.8.28-99e990ae-c2413af7d5e70a166b74fe96f5afb6d7463f1414a5ac2dea7cd982da9f83f827; fixed-aiden; wrapper-f02d93fd7ee064539771a868c5033bc163bec1c94c838eb1152c52eb7eb677b7,qwen3_tts_customvoice:aiden,not_applicable:text_only_no_reference_audio,cuda:0,offline_text_only_final_materialization,16000,wav,synthesis_text_sha256=476168a736f73ddaa93fc0bcacdabace36c4e80c79511a44212f3a0c8028d592;reference_audio=forbidden;voice_cloning=false,1197566119,2026-08-16T01:00:00+06:00
qwen3_tts_customvoice_aiden_v4_final_salvage:4d1dba3349b31cd20fd3,processed/v4/xlsr_sls_model_v4_final_salvage_materialization_v1/ru_spoof/9e/9eaf232af2c035c062610ff6d7c9d76382ebb6b589d8ac612873543d744d665b.wav,1bf57125fb9a611a5f087d9507ac00fc749108fed60e5baedb3617ab58b0c351,test,spoof,ru,false,qwen3_tts_customvoice_aiden_v4_final_salvage:fixed-profile:qwen3_tts_0_6b_customvoice_aiden_q8_0,qwen3_tts_customvoice_aiden_v4_final_salvage,"Apache-2.0: Qwen CustomVoice and tokenizer model cards, cstr GGUF conversion cards, and CrispASR runtime release; permitted only for this project's personal-research scope with no training, calibration, product, re-hosting, verified-speaker or speaker-independence claim","One-shot local text-only derivative of frozen common_voice_ru_v24_v4_final_salvage text a483b0f91d0ebdcfdd60258060304f870057ee9314a2c62a4ddc999498f84148; no reference audio, cloning, resynthesis, replacement or backfill",qwen3_tts_customvoice_aiden_v4_final_salvage:synthetic-profile:qwen3_tts_0_6b_customvoice_aiden_q8_0,a483b0f91d0ebdcfdd60258060304f870057ee9314a2c62a4ddc999498f84148,dbefd3065b4d073bbbb2bbe501124970fc538f5e56d7198bac949ff360fe4b0d,5.2,qwen3_tts_customvoice_gguf,Qwen3-TTS 0.6B CustomVoice Q8_0 GGUF,talker-cstr-29094dcb46f19b0898616aa9aeb876aa9aa6e086-5227dcbc4df7c5533341d111cc469fa491a48e722b23dd10f553181b52dff2d9; codec-cstr-344e279551177654762e5c7d39e217834325f222-70dc95dbfdd9aa5d9d406236ff771d061bf17b0cda02a72513953355606e719b; crispasr-v0.8.28-99e990ae-c2413af7d5e70a166b74fe96f5afb6d7463f1414a5ac2dea7cd982da9f83f827; fixed-aiden; wrapper-f02d93fd7ee064539771a868c5033bc163bec1c94c838eb1152c52eb7eb677b7,qwen3_tts_customvoice:aiden,not_applicable:text_only_no_reference_audio,cuda:0,offline_text_only_final_materialization,16000,wav,synthesis_text_sha256=dbefd3065b4d073bbbb2bbe501124970fc538f5e56d7198bac949ff360fe4b0d;reference_audio=forbidden;voice_cloning=false,3689927430,2026-08-16T01:00:00+06:00
qwen3_tts_customvoice_aiden_v4_final_salvage:8e6137ba1b08daee299b,processed/v4/xlsr_sls_model_v4_final_salvage_materialization_v1/ru_spoof/79/79a9b66fd7bdc0bdb3abd538981ec6438d3e5cc47f9ff6f2c79b3c2af9aff14f.wav,141b0ec5519282f47945dfa10ef3008110f3ac71cdac79080a76812ed2c21ef2,test,spoof,ru,false,qwen3_tts_customvoice_aiden_v4_final_salvage:fixed-profile:qwen3_tts_0_6b_customvoice_aiden_q8_0,qwen3_tts_customvoice_aiden_v4_final_salvage,"Apache-2.0: Qwen CustomVoice and tokenizer model cards, cstr GGUF conversion cards, and CrispASR runtime release; permitted only for this project's personal-research scope with no training, calibration, product, re-hosting, verified-speaker or speaker-independence claim","One-shot local text-only derivative of frozen common_voice_ru_v24_v4_final_salvage text e609874923ab230c6978b461364e270511649ed77282af617680635f6b7e7b01; no reference audio, cloning, resynthesis, replacement or backfill",qwen3_tts_customvoice_aiden_v4_final_salvage:synthetic-profile:qwen3_tts_0_6b_customvoice_aiden_q8_0,e609874923ab230c6978b461364e270511649ed77282af617680635f6b7e7b01,26982698794f6823f4a867dbfb3e1b0159cecf088183e3ef3d69bafce49c8b51,3.76,qwen3_tts_customvoice_gguf,Qwen3-TTS 0.6B CustomVoice Q8_0 GGUF,talker-cstr-29094dcb46f19b0898616aa9aeb876aa9aa6e086-5227dcbc4df7c5533341d111cc469fa491a48e722b23dd10f553181b52dff2d9; codec-cstr-344e279551177654762e5c7d39e217834325f222-70dc95dbfdd9aa5d9d406236ff771d061bf17b0cda02a72513953355606e719b; crispasr-v0.8.28-99e990ae-c2413af7d5e70a166b74fe96f5afb6d7463f1414a5ac2dea7cd982da9f83f827; fixed-aiden; wrapper-f02d93fd7ee064539771a868c5033bc163bec1c94c838eb1152c52eb7eb677b7,qwen3_tts_customvoice:aiden,not_applicable:text_only_no_reference_audio,cuda:0,offline_text_only_final_materialization,16000,wav,synthesis_text_sha256=26982698794f6823f4a867dbfb3e1b0159cecf088183e3ef3d69bafce49c8b51;reference_audio=forbidden;voice_cloning=false,647505560,2026-08-16T01:00:00+06:00
qwen3_tts_customvoice_aiden_v4_final_salvage:5b72444429b2bfa5fbd2,processed/v4/xlsr_sls_model_v4_final_salvage_materialization_v1/ru_spoof/94/943e56e54a88f6410d0595b31f6835d2bf59aee0b43b2def1e9341de8052d6e5.wav,0663971dbb3af1aa0e96ab35469b8211bca980ae1b3b7402105e096b331c751a,test,spoof,ru,false,qwen3_tts_customvoice_aiden_v4_final_salvage:fixed-profile:qwen3_tts_0_6b_customvoice_aiden_q8_0,qwen3_tts_customvoice_aiden_v4_final_salvage,"Apache-2.0: Qwen CustomVoice and tokenizer model cards, cstr GGUF conversion cards, and CrispASR runtime release; permitted only for this project's personal-research scope with no training, calibration, product, re-hosting, verified-speaker or speaker-independence claim","One-shot local text-only derivative of frozen common_voice_ru_v24_v4_final_salvage text 4bcbc2a20584ce6e948352eeb6715eb47ccb1ccbaed0bf45c425289febefb0ea; no reference audio, cloning, resynthesis, replacement or backfill",qwen3_tts_customvoice_aiden_v4_final_salvage:synthetic-profile:qwen3_tts_0_6b_customvoice_aiden_q8_0,4bcbc2a20584ce6e948352eeb6715eb47ccb1ccbaed0bf45c425289febefb0ea,1ecdd806c5dd2c7152b9cd2694ec96a81d2ad4b97b567007e8a9fa009288e026,5.84,qwen3_tts_customvoice_gguf,Qwen3-TTS 0.6B CustomVoice Q8_0 GGUF,talker-cstr-29094dcb46f19b0898616aa9aeb876aa9aa6e086-5227dcbc4df7c5533341d111cc469fa491a48e722b23dd10f553181b52dff2d9; codec-cstr-344e279551177654762e5c7d39e217834325f222-70dc95dbfdd9aa5d9d406236ff771d061bf17b0cda02a72513953355606e719b; crispasr-v0.8.28-99e990ae-c2413af7d5e70a166b74fe96f5afb6d7463f1414a5ac2dea7cd982da9f83f827; fixed-aiden; wrapper-f02d93fd7ee064539771a868c5033bc163bec1c94c838eb1152c52eb7eb677b7,qwen3_tts_customvoice:aiden,not_applicable:text_only_no_reference_audio,cuda:0,offline_text_only_final_materialization,16000,wav,synthesis_text_sha256=1ecdd806c5dd2c7152b9cd2694ec96a81d2ad4b97b567007e8a9fa009288e026;reference_audio=forbidden;voice_cloning=false,516806662,2026-08-16T01:00:00+06:00
qwen3_tts_customvoice_aiden_v4_final_salvage:f7769142028d7284577d,processed/v4/xlsr_sls_model_v4_final_salvage_materialization_v1/ru_spoof/44/44e79b2068fae50669a36439ad74f599c813fcd360ac31a43cd014f76904cd77.wav,df71dd38ed65bdb409f5706f136dfcd263298c4e5348a2746338048819123189,test,spoof,ru,false,qwen3_tts_customvoice_aiden_v4_final_salvage:fixed-profile:qwen3_tts_0_6b_customvoice_aiden_q8_0,qwen3_tts_customvoice_aiden_v4_final_salvage,"Apache-2.0: Qwen CustomVoice and tokenizer model cards, cstr GGUF conversion cards, and CrispASR runtime release; permitted only for this project's personal-research scope with no training, calibration, product, re-hosting, verified-speaker or speaker-independence claim","One-shot local text-only derivative of frozen common_voice_ru_v24_v4_final_salvage text 435d81d452d7b8c79490fc9a8e6589a1c5a6c3b3cc100b862e1b655e95982b41; no reference audio, cloning, resynthesis, replacement or backfill",qwen3_tts_customvoice_aiden_v4_final_salvage:synthetic-profile:qwen3_tts_0_6b_customvoice_aiden_q8_0,435d81d452d7b8c79490fc9a8e6589a1c5a6c3b3cc100b862e1b655e95982b41,361e9acd68edf065ffdc7f5f04340f2eddc869c33f49ed97f14b421d0f340393,5.6,qwen3_tts_customvoice_gguf,Qwen3-TTS 0.6B CustomVoice Q8_0 GGUF,talker-cstr-29094dcb46f19b0898616aa9aeb876aa9aa6e086-5227dcbc4df7c5533341d111cc469fa491a48e722b23dd10f553181b52dff2d9; codec-cstr-344e279551177654762e5c7d39e217834325f222-70dc95dbfdd9aa5d9d406236ff771d061bf17b0cda02a72513953355606e719b; crispasr-v0.8.28-99e990ae-c2413af7d5e70a166b74fe96f5afb6d7463f1414a5ac2dea7cd982da9f83f827; fixed-aiden; wrapper-f02d93fd7ee064539771a868c5033bc163bec1c94c838eb1152c52eb7eb677b7,qwen3_tts_customvoice:aiden,not_applicable:text_only_no_reference_audio,cuda:0,offline_text_only_final_materialization,16000,wav,synthesis_text_sha256=361e9acd68edf065ffdc7f5f04340f2eddc869c33f49ed97f14b421d0f340393;reference_audio=forbidden;voice_cloning=false,907975373,2026-08-16T01:00:00+06:00
qwen3_tts_customvoice_aiden_v4_final_salvage:fec1989bc91093229b19,processed/v4/xlsr_sls_model_v4_final_salvage_materialization_v1/ru_spoof/75/7550e1b443672c39c796a13eef8d1a80f72d30f9966aa2cfdb0f7c662627937d.wav,93dea95f92c831932853bf2f5520c85a7369d5f6cd17be6b9f7849e38ffda510,test,spoof,ru,false,qwen3_tts_customvoice_aiden_v4_final_salvage:fixed-profile:qwen3_tts_0_6b_customvoice_aiden_q8_0,qwen3_tts_customvoice_aiden_v4_final_salvage,"Apache-2.0: Qwen CustomVoice and tokenizer model cards, cstr GGUF conversion cards, and CrispASR runtime release; permitted only for this project's personal-research scope with no training, calibration, product, re-hosting, verified-speaker or speaker-independence claim","One-shot local text-only derivative of frozen common_voice_ru_v24_v4_final_salvage text f471c2980c52f4b32a037e252fcf8ed68af7d425dea44ece5dd1b89d69cb9f10; no reference audio, cloning, resynthesis, replacement or backfill",qwen3_tts_customvoice_aiden_v4_final_salvage:synthetic-profile:qwen3_tts_0_6b_customvoice_aiden_q8_0,f471c2980c52f4b32a037e252fcf8ed68af7d425dea44ece5dd1b89d69cb9f10,bb759b8870498065d748b5f6790a472cc769e110fa404f59d7bb3cca1e8b027b,4.8,qwen3_tts_customvoice_gguf,Qwen3-TTS 0.6B CustomVoice Q8_0 GGUF,talker-cstr-29094dcb46f19b0898616aa9aeb876aa9aa6e086-5227dcbc4df7c5533341d111cc469fa491a48e722b23dd10f553181b52dff2d9; codec-cstr-344e279551177654762e5c7d39e217834325f222-70dc95dbfdd9aa5d9d406236ff771d061bf17b0cda02a72513953355606e719b; crispasr-v0.8.28-99e990ae-c2413af7d5e70a166b74fe96f5afb6d7463f1414a5ac2dea7cd982da9f83f827; fixed-aiden; wrapper-f02d93fd7ee064539771a868c5033bc163bec1c94c838eb1152c52eb7eb677b7,qwen3_tts_customvoice:aiden,not_applicable:text_only_no_reference_audio,cuda:0,offline_text_only_final_materialization,16000,wav,synthesis_text_sha256=bb759b8870498065d748b5f6790a472cc769e110fa404f59d7bb3cca1e8b027b;reference_audio=forbidden;voice_cloning=false,3145046920,2026-08-16T01:00:00+06:00
qwen3_tts_customvoice_aiden_v4_final_salvage:a9e1949dacdf887742f3,processed/v4/xlsr_sls_model_v4_final_salvage_materialization_v1/ru_spoof/5a/5a51dfad03a76889c0fc59ede3b5ef9719331e366d306cde90c4f1923eaf6acb.wav,017b49f4dce1e6d669015062ae20c4645e68ff77ffefd6ea73d65f11ef09837e,test,spoof,ru,false,qwen3_tts_customvoice_aiden_v4_final_salvage:fixed-profile:qwen3_tts_0_6b_customvoice_aiden_q8_0,qwen3_tts_customvoice_aiden_v4_final_salvage,"Apache-2.0: Qwen CustomVoice and tokenizer model cards, cstr GGUF conversion cards, and CrispASR runtime release; permitted only for this project's personal-research scope with no training, calibration, product, re-hosting, verified-speaker or speaker-independence claim","One-shot local text-only derivative of frozen common_voice_ru_v24_v4_final_salvage text 8ebc95e8b4408f1ccc4b92ca7bdd9f6403b74e616bbba98ffacb7e3ac6f3b147; no reference audio, cloning, resynthesis, replacement or backfill",qwen3_tts_customvoice_aiden_v4_final_salvage:synthetic-profile:qwen3_tts_0_6b_customvoice_aiden_q8_0,8ebc95e8b4408f1ccc4b92ca7bdd9f6403b74e616bbba98ffacb7e3ac6f3b147,4142d144de025d36da6f29b81ab1be255a53bcde35c1ca2eab27f655daaa2f43,5.44,qwen3_tts_customvoice_gguf,Qwen3-TTS 0.6B CustomVoice Q8_0 GGUF,talker-cstr-29094dcb46f19b0898616aa9aeb876aa9aa6e086-5227dcbc4df7c5533341d111cc469fa491a48e722b23dd10f553181b52dff2d9; codec-cstr-344e279551177654762e5c7d39e217834325f222-70dc95dbfdd9aa5d9d406236ff771d061bf17b0cda02a72513953355606e719b; crispasr-v0.8.28-99e990ae-c2413af7d5e70a166b74fe96f5afb6d7463f1414a5ac2dea7cd982da9f83f827; fixed-aiden; wrapper-f02d93fd7ee064539771a868c5033bc163bec1c94c838eb1152c52eb7eb677b7,qwen3_tts_customvoice:aiden,not_applicable:text_only_no_reference_audio,cuda:0,offline_text_only_final_materialization,16000,wav,synthesis_text_sha256=4142d144de025d36da6f29b81ab1be255a53bcde35c1ca2eab27f655daaa2f43;reference_audio=forbidden;voice_cloning=false,1094897988,2026-08-16T01:00:00+06:00
qwen3_tts_customvoice_aiden_v4_final_salvage:02e553f27d20290b6f9c,processed/v4/xlsr_sls_model_v4_final_salvage_materialization_v1/ru_spoof/02/02ffb15c9bb17c32441a896a294d25a8e2f96aa57c4b6ec46912b8f526773dd8.wav,c13100cbfd7a05b9af7b841e52dc0aca5a50a31034c8d649900889af6815c395,test,spoof,ru,false,qwen3_tts_customvoice_aiden_v4_final_salvage:fixed-profile:qwen3_tts_0_6b_customvoice_aiden_q8_0,qwen3_tts_customvoice_aiden_v4_final_salvage,"Apache-2.0: Qwen CustomVoice and tokenizer model cards, cstr GGUF conversion cards, and CrispASR runtime release; permitted only for this project's personal-research scope with no training, calibration, product, re-hosting, verified-speaker or speaker-independence claim","One-shot local text-only derivative of frozen common_voice_ru_v24_v4_final_salvage text aba834080174160108171a23607ec26026aac594af6f12bdb29877091a146792; no reference audio, cloning, resynthesis, replacement or backfill",qwen3_tts_customvoice_aiden_v4_final_salvage:synthetic-profile:qwen3_tts_0_6b_customvoice_aiden_q8_0,aba834080174160108171a23607ec26026aac594af6f12bdb29877091a146792,3c041234fac42f8b662b2f6aba7ac4905c6c42e5bb985705478c902f83275d64,5.52,qwen3_tts_customvoice_gguf,Qwen3-TTS 0.6B CustomVoice Q8_0 GGUF,talker-cstr-29094dcb46f19b0898616aa9aeb876aa9aa6e086-5227dcbc4df7c5533341d111cc469fa491a48e722b23dd10f553181b52dff2d9; codec-cstr-344e279551177654762e5c7d39e217834325f222-70dc95dbfdd9aa5d9d406236ff771d061bf17b0cda02a72513953355606e719b; crispasr-v0.8.28-99e990ae-c2413af7d5e70a166b74fe96f5afb6d7463f1414a5ac2dea7cd982da9f83f827; fixed-aiden; wrapper-f02d93fd7ee064539771a868c5033bc163bec1c94c838eb1152c52eb7eb677b7,qwen3_tts_customvoice:aiden,not_applicable:text_only_no_reference_audio,cuda:0,offline_text_only_final_materialization,16000,wav,synthesis_text_sha256=3c041234fac42f8b662b2f6aba7ac4905c6c42e5bb985705478c902f83275d64;reference_audio=forbidden;voice_cloning=false,1006899764,2026-08-16T01:00:00+06:00
qwen3_tts_customvoice_aiden_v4_final_salvage:5c034d84cedd5ddf59b7,processed/v4/xlsr_sls_model_v4_final_salvage_materialization_v1/ru_spoof/fe/fe6c801919613e9cdc15d294ece28c04638000fcce9426f27f17b9cecd674879.wav,d4de0a29e3d10d3644e5d420968df5114a329eba044c4e6f4f2fe11eb8fb522f,test,spoof,ru,false,qwen3_tts_customvoice_aiden_v4_final_salvage:fixed-profile:qwen3_tts_0_6b_customvoice_aiden_q8_0,qwen3_tts_customvoice_aiden_v4_final_salvage,"Apache-2.0: Qwen CustomVoice and tokenizer model cards, cstr GGUF conversion cards, and CrispASR runtime release; permitted only for this project's personal-research scope with no training, calibration, product, re-hosting, verified-speaker or speaker-independence claim","One-shot local text-only derivative of frozen common_voice_ru_v24_v4_final_salvage text f75217dacf4887fbbf0e6f178ccc9e71a2d38550d3d426b7a19226a30255d9d7; no reference audio, cloning, resynthesis, replacement or backfill",qwen3_tts_customvoice_aiden_v4_final_salvage:synthetic-profile:qwen3_tts_0_6b_customvoice_aiden_q8_0,f75217dacf4887fbbf0e6f178ccc9e71a2d38550d3d426b7a19226a30255d9d7,7895d0461326cecae35b90b24723c1e8e2d5490555d5fb0782ca94904ec7f0e2,4.08,qwen3_tts_customvoice_gguf,Qwen3-TTS 0.6B CustomVoice Q8_0 GGUF,talker-cstr-29094dcb46f19b0898616aa9aeb876aa9aa6e086-5227dcbc4df7c5533341d111cc469fa491a48e722b23dd10f553181b52dff2d9; codec-cstr-344e279551177654762e5c7d39e217834325f222-70dc95dbfdd9aa5d9d406236ff771d061bf17b0cda02a72513953355606e719b; crispasr-v0.8.28-99e990ae-c2413af7d5e70a166b74fe96f5afb6d7463f1414a5ac2dea7cd982da9f83f827; fixed-aiden; wrapper-f02d93fd7ee064539771a868c5033bc163bec1c94c838eb1152c52eb7eb677b7,qwen3_tts_customvoice:aiden,not_applicable:text_only_no_reference_audio,cuda:0,offline_text_only_final_materialization,16000,wav,synthesis_text_sha256=7895d0461326cecae35b90b24723c1e8e2d5490555d5fb0782ca94904ec7f0e2;reference_audio=forbidden;voice_cloning=false,2023084102,2026-08-16T01:00:00+06:00
qwen3_tts_customvoice_aiden_v4_final_salvage:b6743f0b8bf954b16b22,processed/v4/xlsr_sls_model_v4_final_salvage_materialization_v1/ru_spoof/49/4923f0d93642f3d92f7afcff4a44701f0477c550b016ff413646f409a60bec5c.wav,fb2b1df0f97592c96fef4a4a25e84d5293215b0bcd6950ee19ef69597334966d,test,spoof,ru,false,qwen3_tts_customvoice_aiden_v4_final_salvage:fixed-profile:qwen3_tts_0_6b_customvoice_aiden_q8_0,qwen3_tts_customvoice_aiden_v4_final_salvage,"Apache-2.0: Qwen CustomVoice and tokenizer model cards, cstr GGUF conversion cards, and CrispASR runtime release; permitted only for this project's personal-research scope with no training, calibration, product, re-hosting, verified-speaker or speaker-independence claim","One-shot local text-only derivative of frozen common_voice_ru_v24_v4_final_salvage text ca6f4bc8371208a864fd4cab2789d02b4f2eb5a442ee743c04594e909a33ea9f; no reference audio, cloning, resynthesis, replacement or backfill",qwen3_tts_customvoice_aiden_v4_final_salvage:synthetic-profile:qwen3_tts_0_6b_customvoice_aiden_q8_0,ca6f4bc8371208a864fd4cab2789d02b4f2eb5a442ee743c04594e909a33ea9f,47f26362489ec258cbb45b9032cc477c805052be3747635d5c16cf837b5acea1,3.76,qwen3_tts_customvoice_gguf,Qwen3-TTS 0.6B CustomVoice Q8_0 GGUF,talker-cstr-29094dcb46f19b0898616aa9aeb876aa9aa6e086-5227dcbc4df7c5533341d111cc469fa491a48e722b23dd10f553181b52dff2d9; codec-cstr-344e279551177654762e5c7d39e217834325f222-70dc95dbfdd9aa5d9d406236ff771d061bf17b0cda02a72513953355606e719b; crispasr-v0.8.28-99e990ae-c2413af7d5e70a166b74fe96f5afb6d7463f1414a5ac2dea7cd982da9f83f827; fixed-aiden; wrapper-f02d93fd7ee064539771a868c5033bc163bec1c94c838eb1152c52eb7eb677b7,qwen3_tts_customvoice:aiden,not_applicable:text_only_no_reference_audio,cuda:0,offline_text_only_final_materialization,16000,wav,synthesis_text_sha256=47f26362489ec258cbb45b9032cc477c805052be3747635d5c16cf837b5acea1;reference_audio=forbidden;voice_cloning=false,1207067490,2026-08-16T01:00:00+06:00
qwen3_tts_customvoice_aiden_v4_final_salvage:633b5c7a4b9295e1b3d9,processed/v4/xlsr_sls_model_v4_final_salvage_materialization_v1/ru_spoof/51/51b73541fa8adf5b9d86ed8f542269d77736ff5cdde785bc3e3d2167970e0bde.wav,b361c0c9e89aab76614f3ec9b90e9e032164b7927cfa07d35ea6b17e762db088,test,spoof,ru,false,qwen3_tts_customvoice_aiden_v4_final_salvage:fixed-profile:qwen3_tts_0_6b_customvoice_aiden_q8_0,qwen3_tts_customvoice_aiden_v4_final_salvage,"Apache-2.0: Qwen CustomVoice and tokenizer model cards, cstr GGUF conversion cards, and CrispASR runtime release; permitted only for this project's personal-research scope with no training, calibration, product, re-hosting, verified-speaker or speaker-independence claim","One-shot local text-only derivative of frozen common_voice_ru_v24_v4_final_salvage text 9cf570ea30eeef133123d060b162651d4202b192c9253dd50166bc6a2a1a750e; no reference audio, cloning, resynthesis, replacement or backfill",qwen3_tts_customvoice_aiden_v4_final_salvage:synthetic-profile:qwen3_tts_0_6b_customvoice_aiden_q8_0,9cf570ea30eeef133123d060b162651d4202b192c9253dd50166bc6a2a1a750e,52a21ea1dc08f712a6ccca4bdeda3e87ccd3e7667a9ce7bc134e2ae28cd2c855,5.52,qwen3_tts_customvoice_gguf,Qwen3-TTS 0.6B CustomVoice Q8_0 GGUF,talker-cstr-29094dcb46f19b0898616aa9aeb876aa9aa6e086-5227dcbc4df7c5533341d111cc469fa491a48e722b23dd10f553181b52dff2d9; codec-cstr-344e279551177654762e5c7d39e217834325f222-70dc95dbfdd9aa5d9d406236ff771d061bf17b0cda02a72513953355606e719b; crispasr-v0.8.28-99e990ae-c2413af7d5e70a166b74fe96f5afb6d7463f1414a5ac2dea7cd982da9f83f827; fixed-aiden; wrapper-f02d93fd7ee064539771a868c5033bc163bec1c94c838eb1152c52eb7eb677b7,qwen3_tts_customvoice:aiden,not_applicable:text_only_no_reference_audio,cuda:0,offline_text_only_final_materialization,16000,wav,synthesis_text_sha256=52a21ea1dc08f712a6ccca4bdeda3e87ccd3e7667a9ce7bc134e2ae28cd2c855;reference_audio=forbidden;voice_cloning=false,1386356385,2026-08-16T01:00:00+06:00
qwen3_tts_customvoice_aiden_v4_final_salvage:a1d688f2c01a73f405fb,processed/v4/xlsr_sls_model_v4_final_salvage_materialization_v1/ru_spoof/28/28714ac84106aa0234fe1479a41054e6b99e21358531f370f96d3ec4de3f3367.wav,121c25339555bd98d918e5f148099eaabb5b901150d7bc41ff3c7f91ecb908ba,test,spoof,ru,false,qwen3_tts_customvoice_aiden_v4_final_salvage:fixed-profile:qwen3_tts_0_6b_customvoice_aiden_q8_0,qwen3_tts_customvoice_aiden_v4_final_salvage,"Apache-2.0: Qwen CustomVoice and tokenizer model cards, cstr GGUF conversion cards, and CrispASR runtime release; permitted only for this project's personal-research scope with no training, calibration, product, re-hosting, verified-speaker or speaker-independence claim","One-shot local text-only derivative of frozen common_voice_ru_v24_v4_final_salvage text 80f3ef87f5ae444392ebb1dfffb36c95f967929c3c7950e33e5d4a8c4c228ab3; no reference audio, cloning, resynthesis, replacement or backfill",qwen3_tts_customvoice_aiden_v4_final_salvage:synthetic-profile:qwen3_tts_0_6b_customvoice_aiden_q8_0,80f3ef87f5ae444392ebb1dfffb36c95f967929c3c7950e33e5d4a8c4c228ab3,5901281817b97792f05de7275c2009129a6712c5250db8ea77e186f6febb1368,5.12,qwen3_tts_customvoice_gguf,Qwen3-TTS 0.6B CustomVoice Q8_0 GGUF,talker-cstr-29094dcb46f19b0898616aa9aeb876aa9aa6e086-5227dcbc4df7c5533341d111cc469fa491a48e722b23dd10f553181b52dff2d9; codec-cstr-344e279551177654762e5c7d39e217834325f222-70dc95dbfdd9aa5d9d406236ff771d061bf17b0cda02a72513953355606e719b; crispasr-v0.8.28-99e990ae-c2413af7d5e70a166b74fe96f5afb6d7463f1414a5ac2dea7cd982da9f83f827; fixed-aiden; wrapper-f02d93fd7ee064539771a868c5033bc163bec1c94c838eb1152c52eb7eb677b7,qwen3_tts_customvoice:aiden,not_applicable:text_only_no_reference_audio,cuda:0,offline_text_only_final_materialization,16000,wav,synthesis_text_sha256=5901281817b97792f05de7275c2009129a6712c5250db8ea77e186f6febb1368;reference_audio=forbidden;voice_cloning=false,1493248024,2026-08-16T01:00:00+06:00
qwen3_tts_customvoice_aiden_v4_final_salvage:ac4d112a5a2e785c63d7,processed/v4/xlsr_sls_model_v4_final_salvage_materialization_v1/ru_spoof/27/2712122e1e6052d2637abee46d18e8de62d4eddc6690addd71e3437c233752af.wav,bec4515f4d06d59b07c4017ac3610eb5ba3effee7e11aedad9eedc4ee77fc01d,test,spoof,ru,false,qwen3_tts_customvoice_aiden_v4_final_salvage:fixed-profile:qwen3_tts_0_6b_customvoice_aiden_q8_0,qwen3_tts_customvoice_aiden_v4_final_salvage,"Apache-2.0: Qwen CustomVoice and tokenizer model cards, cstr GGUF conversion cards, and CrispASR runtime release; permitted only for this project's personal-research scope with no training, calibration, product, re-hosting, verified-speaker or speaker-independence claim","One-shot local text-only derivative of frozen common_voice_ru_v24_v4_final_salvage text 877e348f4397e9dbc33872adcfe38c823dde1347b62c19631584c2317ac5ff1e; no reference audio, cloning, resynthesis, replacement or backfill",qwen3_tts_customvoice_aiden_v4_final_salvage:synthetic-profile:qwen3_tts_0_6b_customvoice_aiden_q8_0,877e348f4397e9dbc33872adcfe38c823dde1347b62c19631584c2317ac5ff1e,d60ad88fe1781f033eb4a65b3e6d8338b20447e30aaa6da7d9cea00246223556,6.88,qwen3_tts_customvoice_gguf,Qwen3-TTS 0.6B CustomVoice Q8_0 GGUF,talker-cstr-29094dcb46f19b0898616aa9aeb876aa9aa6e086-5227dcbc4df7c5533341d111cc469fa491a48e722b23dd10f553181b52dff2d9; codec-cstr-344e279551177654762e5c7d39e217834325f222-70dc95dbfdd9aa5d9d406236ff771d061bf17b0cda02a72513953355606e719b; crispasr-v0.8.28-99e990ae-c2413af7d5e70a166b74fe96f5afb6d7463f1414a5ac2dea7cd982da9f83f827; fixed-aiden; wrapper-f02d93fd7ee064539771a868c5033bc163bec1c94c838eb1152c52eb7eb677b7,qwen3_tts_customvoice:aiden,not_applicable:text_only_no_reference_audio,cuda:0,offline_text_only_final_materialization,16000,wav,synthesis_text_sha256=d60ad88fe1781f033eb4a65b3e6d8338b20447e30aaa6da7d9cea00246223556;reference_audio=forbidden;voice_cloning=false,3591035023,2026-08-16T01:00:00+06:00
qwen3_tts_customvoice_aiden_v4_final_salvage:371a0989b0a0664213a4,processed/v4/xlsr_sls_model_v4_final_salvage_materialization_v1/ru_spoof/0e/0ec63ce2764a8f2de824e8156fafc57bd58fc5b6add72b55843130cd1d4572ef.wav,5179b3376f68be8f2d99a01dae7f6b13b9fdfa49d7bab7cbe4047a8f5aa30f10,test,spoof,ru,false,qwen3_tts_customvoice_aiden_v4_final_salvage:fixed-profile:qwen3_tts_0_6b_customvoice_aiden_q8_0,qwen3_tts_customvoice_aiden_v4_final_salvage,"Apache-2.0: Qwen CustomVoice and tokenizer model cards, cstr GGUF conversion cards, and CrispASR runtime release; permitted only for this project's personal-research scope with no training, calibration, product, re-hosting, verified-speaker or speaker-independence claim","One-shot local text-only derivative of frozen common_voice_ru_v24_v4_final_salvage text 675e85803ca5df6cc523d2b7e4b9e9ffce3dbbf6c4f273c5121c0abf0592dac4; no reference audio, cloning, resynthesis, replacement or backfill",qwen3_tts_customvoice_aiden_v4_final_salvage:synthetic-profile:qwen3_tts_0_6b_customvoice_aiden_q8_0,675e85803ca5df6cc523d2b7e4b9e9ffce3dbbf6c4f273c5121c0abf0592dac4,10175776d8fae783c2f04603400061c2e329abd557f1b185f132b80e43636795,3.84,qwen3_tts_customvoice_gguf,Qwen3-TTS 0.6B CustomVoice Q8_0 GGUF,talker-cstr-29094dcb46f19b0898616aa9aeb876aa9aa6e086-5227dcbc4df7c5533341d111cc469fa491a48e722b23dd10f553181b52dff2d9; codec-cstr-344e279551177654762e5c7d39e217834325f222-70dc95dbfdd9aa5d9d406236ff771d061bf17b0cda02a72513953355606e719b; crispasr-v0.8.28-99e990ae-c2413af7d5e70a166b74fe96f5afb6d7463f1414a5ac2dea7cd982da9f83f827; fixed-aiden; wrapper-f02d93fd7ee064539771a868c5033bc163bec1c94c838eb1152c52eb7eb677b7,qwen3_tts_customvoice:aiden,not_applicable:text_only_no_reference_audio,cuda:0,offline_text_only_final_materialization,16000,wav,synthesis_text_sha256=10175776d8fae783c2f04603400061c2e329abd557f1b185f132b80e43636795;reference_audio=forbidden;voice_cloning=false,269965174,2026-08-16T01:00:00+06:00
qwen3_tts_customvoice_aiden_v4_final_salvage:9726b2ebad24b2668791,processed/v4/xlsr_sls_model_v4_final_salvage_materialization_v1/ru_spoof/29/29dbf4db4d24d1f5cd72b97dcd2b926ee2343416c70578f29c517a847f25ab02.wav,cfec340899e618ef5368bcbc31d6c6b7a58512d04a030853ca4dbae9d626bd1d,test,spoof,ru,false,qwen3_tts_customvoice_aiden_v4_final_salvage:fixed-profile:qwen3_tts_0_6b_customvoice_aiden_q8_0,qwen3_tts_customvoice_aiden_v4_final_salvage,"Apache-2.0: Qwen CustomVoice and tokenizer model cards, cstr GGUF conversion cards, and CrispASR runtime release; permitted only for this project's personal-research scope with no training, calibration, product, re-hosting, verified-speaker or speaker-independence claim","One-shot local text-only derivative of frozen common_voice_ru_v24_v4_final_salvage text b3355e21c420d458d8d0da80ecb3e05187eb360ac1989b14b4aa98cdd72b8768; no reference audio, cloning, resynthesis, replacement or backfill",qwen3_tts_customvoice_aiden_v4_final_salvage:synthetic-profile:qwen3_tts_0_6b_customvoice_aiden_q8_0,b3355e21c420d458d8d0da80ecb3e05187eb360ac1989b14b4aa98cdd72b8768,3b7756874c8778b3f7f5d249f18fe356f8a40a46c40648d42a4c52d3c9efd74f,5.52,qwen3_tts_customvoice_gguf,Qwen3-TTS 0.6B CustomVoice Q8_0 GGUF,talker-cstr-29094dcb46f19b0898616aa9aeb876aa9aa6e086-5227dcbc4df7c5533341d111cc469fa491a48e722b23dd10f553181b52dff2d9; codec-cstr-344e279551177654762e5c7d39e217834325f222-70dc95dbfdd9aa5d9d406236ff771d061bf17b0cda02a72513953355606e719b; crispasr-v0.8.28-99e990ae-c2413af7d5e70a166b74fe96f5afb6d7463f1414a5ac2dea7cd982da9f83f827; fixed-aiden; wrapper-f02d93fd7ee064539771a868c5033bc163bec1c94c838eb1152c52eb7eb677b7,qwen3_tts_customvoice:aiden,not_applicable:text_only_no_reference_audio,cuda:0,offline_text_only_final_materialization,16000,wav,synthesis_text_sha256=3b7756874c8778b3f7f5d249f18fe356f8a40a46c40648d42a4c52d3c9efd74f;reference_audio=forbidden;voice_cloning=false,997676679,2026-08-16T01:00:00+06:00
qwen3_tts_customvoice_aiden_v4_final_salvage:d8dc46f8713af63708eb,processed/v4/xlsr_sls_model_v4_final_salvage_materialization_v1/ru_spoof/70/7001083e7788911728ae0c6ddbf9e762c7a94fa9f0e6935140edf4a27efd5688.wav,8224af230c2a9ea72af43ceb18ccb1141692a95e7d60092f586d2479bd4ff412,test,spoof,ru,false,qwen3_tts_customvoice_aiden_v4_final_salvage:fixed-profile:qwen3_tts_0_6b_customvoice_aiden_q8_0,qwen3_tts_customvoice_aiden_v4_final_salvage,"Apache-2.0: Qwen CustomVoice and tokenizer model cards, cstr GGUF conversion cards, and CrispASR runtime release; permitted only for this project's personal-research scope with no training, calibration, product, re-hosting, verified-speaker or speaker-independence claim","One-shot local text-only derivative of frozen common_voice_ru_v24_v4_final_salvage text 0082328e9b70064f71ea4095597321d55649172eb66ed3f25961f3dc441b1bb6; no reference audio, cloning, resynthesis, replacement or backfill",qwen3_tts_customvoice_aiden_v4_final_salvage:synthetic-profile:qwen3_tts_0_6b_customvoice_aiden_q8_0,0082328e9b70064f71ea4095597321d55649172eb66ed3f25961f3dc441b1bb6,635b43236a4578d40ee63611277599ab138c67e709cc961e74d11356a07c2407,4.0,qwen3_tts_customvoice_gguf,Qwen3-TTS 0.6B CustomVoice Q8_0 GGUF,talker-cstr-29094dcb46f19b0898616aa9aeb876aa9aa6e086-5227dcbc4df7c5533341d111cc469fa491a48e722b23dd10f553181b52dff2d9; codec-cstr-344e279551177654762e5c7d39e217834325f222-70dc95dbfdd9aa5d9d406236ff771d061bf17b0cda02a72513953355606e719b; crispasr-v0.8.28-99e990ae-c2413af7d5e70a166b74fe96f5afb6d7463f1414a5ac2dea7cd982da9f83f827; fixed-aiden; wrapper-f02d93fd7ee064539771a868c5033bc163bec1c94c838eb1152c52eb7eb677b7,qwen3_tts_customvoice:aiden,not_applicable:text_only_no_reference_audio,cuda:0,offline_text_only_final_materialization,16000,wav,synthesis_text_sha256=635b43236a4578d40ee63611277599ab138c67e709cc961e74d11356a07c2407;reference_audio=forbidden;voice_cloning=false,1666925347,2026-08-16T01:00:00+06:00
qwen3_tts_customvoice_aiden_v4_final_salvage:09e7a383ccf42edf34c6,processed/v4/xlsr_sls_model_v4_final_salvage_materialization_v1/ru_spoof/42/42f1a604faa7e2c1bfe247ac6b22674613b30199a74dca034527e665a5333bc3.wav,c9a074f9d66fc5c171953b64be6e8b0067604ba312c9bc6b742dff8b0ca3f98e,test,spoof,ru,false,qwen3_tts_customvoice_aiden_v4_final_salvage:fixed-profile:qwen3_tts_0_6b_customvoice_aiden_q8_0,qwen3_tts_customvoice_aiden_v4_final_salvage,"Apache-2.0: Qwen CustomVoice and tokenizer model cards, cstr GGUF conversion cards, and CrispASR runtime release; permitted only for this project's personal-research scope with no training, calibration, product, re-hosting, verified-speaker or speaker-independence claim","One-shot local text-only derivative of frozen common_voice_ru_v24_v4_final_salvage text 6694aa2b1044de5e05daa7ca77e4bbd1a047a69704b679c69869afefcba071e9; no reference audio, cloning, resynthesis, replacement or backfill",qwen3_tts_customvoice_aiden_v4_final_salvage:synthetic-profile:qwen3_tts_0_6b_customvoice_aiden_q8_0,6694aa2b1044de5e05daa7ca77e4bbd1a047a69704b679c69869afefcba071e9,f775466d582b14616e1bcbc6eefde798fcac20478520daa307c21c22be0064be,7.68,qwen3_tts_customvoice_gguf,Qwen3-TTS 0.6B CustomVoice Q8_0 GGUF,talker-cstr-29094dcb46f19b0898616aa9aeb876aa9aa6e086-5227dcbc4df7c5533341d111cc469fa491a48e722b23dd10f553181b52dff2d9; codec-cstr-344e279551177654762e5c7d39e217834325f222-70dc95dbfdd9aa5d9d406236ff771d061bf17b0cda02a72513953355606e719b; crispasr-v0.8.28-99e990ae-c2413af7d5e70a166b74fe96f5afb6d7463f1414a5ac2dea7cd982da9f83f827; fixed-aiden; wrapper-f02d93fd7ee064539771a868c5033bc163bec1c94c838eb1152c52eb7eb677b7,qwen3_tts_customvoice:aiden,not_applicable:text_only_no_reference_audio,cuda:0,offline_text_only_final_materialization,16000,wav,synthesis_text_sha256=f775466d582b14616e1bcbc6eefde798fcac20478520daa307c21c22be0064be;reference_audio=forbidden;voice_cloning=false,4151658093,2026-08-16T01:00:00+06:00
qwen3_tts_customvoice_aiden_v4_final_salvage:efae13fa7d4b90217dd6,processed/v4/xlsr_sls_model_v4_final_salvage_materialization_v1/ru_spoof/b0/b04164c006a1f5d46a09d632622389d5f5625505fdc4024da4ae76202905feb6.wav,6ad5a5d233b3c9db5b8dd9d9213f3f2603db8ea1e39fe8e05219cf1996d6cf59,test,spoof,ru,false,qwen3_tts_customvoice_aiden_v4_final_salvage:fixed-profile:qwen3_tts_0_6b_customvoice_aiden_q8_0,qwen3_tts_customvoice_aiden_v4_final_salvage,"Apache-2.0: Qwen CustomVoice and tokenizer model cards, cstr GGUF conversion cards, and CrispASR runtime release; permitted only for this project's personal-research scope with no training, calibration, product, re-hosting, verified-speaker or speaker-independence claim","One-shot local text-only derivative of frozen common_voice_ru_v24_v4_final_salvage text 5247237ee497551fabf4e59f9b58e0502e8ef50c4357335d858ad897a529e6fc; no reference audio, cloning, resynthesis, replacement or backfill",qwen3_tts_customvoice_aiden_v4_final_salvage:synthetic-profile:qwen3_tts_0_6b_customvoice_aiden_q8_0,5247237ee497551fabf4e59f9b58e0502e8ef50c4357335d858ad897a529e6fc,3ccd94b4ac28d2a6731ecf0129d1b603af61e2ae3a231ebfb78fcf1abe5961c8,7.2,qwen3_tts_customvoice_gguf,Qwen3-TTS 0.6B CustomVoice Q8_0 GGUF,talker-cstr-29094dcb46f19b0898616aa9aeb876aa9aa6e086-5227dcbc4df7c5533341d111cc469fa491a48e722b23dd10f553181b52dff2d9; codec-cstr-344e279551177654762e5c7d39e217834325f222-70dc95dbfdd9aa5d9d406236ff771d061bf17b0cda02a72513953355606e719b; crispasr-v0.8.28-99e990ae-c2413af7d5e70a166b74fe96f5afb6d7463f1414a5ac2dea7cd982da9f83f827; fixed-aiden; wrapper-f02d93fd7ee064539771a868c5033bc163bec1c94c838eb1152c52eb7eb677b7,qwen3_tts_customvoice:aiden,not_applicable:text_only_no_reference_audio,cuda:0,offline_text_only_final_materialization,16000,wav,synthesis_text_sha256=3ccd94b4ac28d2a6731ecf0129d1b603af61e2ae3a231ebfb78fcf1abe5961c8;reference_audio=forbidden;voice_cloning=false,1020105908,2026-08-16T01:00:00+06:00
qwen3_tts_customvoice_aiden_v4_final_salvage:3472aeb74f6660eb46fe,processed/v4/xlsr_sls_model_v4_final_salvage_materialization_v1/ru_spoof/7a/7a0c3317695f066ee87389f8135b19403cd8cf87892c3a59d5c5695ff5bfa1b9.wav,fdd0156f8383da3af0c6931a96f925b62493951425f00d836a521f593a5b43dd,test,spoof,ru,false,qwen3_tts_customvoice_aiden_v4_final_salvage:fixed-profile:qwen3_tts_0_6b_customvoice_aiden_q8_0,qwen3_tts_customvoice_aiden_v4_final_salvage,"Apache-2.0: Qwen CustomVoice and tokenizer model cards, cstr GGUF conversion cards, and CrispASR runtime release; permitted only for this project's personal-research scope with no training, calibration, product, re-hosting, verified-speaker or speaker-independence claim","One-shot local text-only derivative of frozen common_voice_ru_v24_v4_final_salvage text 7bd1a0a65b57ef6c198fd943d7a46450eeb034d6b1a9cbabdd4a3724404d7220; no reference audio, cloning, resynthesis, replacement or backfill",qwen3_tts_customvoice_aiden_v4_final_salvage:synthetic-profile:qwen3_tts_0_6b_customvoice_aiden_q8_0,7bd1a0a65b57ef6c198fd943d7a46450eeb034d6b1a9cbabdd4a3724404d7220,0886cac9a13644c0087a6b09364b7582a7229e055f59367d35f8c54696297e1a,3.36,qwen3_tts_customvoice_gguf,Qwen3-TTS 0.6B CustomVoice Q8_0 GGUF,talker-cstr-29094dcb46f19b0898616aa9aeb876aa9aa6e086-5227dcbc4df7c5533341d111cc469fa491a48e722b23dd10f553181b52dff2d9; codec-cstr-344e279551177654762e5c7d39e217834325f222-70dc95dbfdd9aa5d9d406236ff771d061bf17b0cda02a72513953355606e719b; crispasr-v0.8.28-99e990ae-c2413af7d5e70a166b74fe96f5afb6d7463f1414a5ac2dea7cd982da9f83f827; fixed-aiden; wrapper-f02d93fd7ee064539771a868c5033bc163bec1c94c838eb1152c52eb7eb677b7,qwen3_tts_customvoice:aiden,not_applicable:text_only_no_reference_audio,cuda:0,offline_text_only_final_materialization,16000,wav,synthesis_text_sha256=0886cac9a13644c0087a6b09364b7582a7229e055f59367d35f8c54696297e1a;reference_audio=forbidden;voice_cloning=false,143051465,2026-08-16T01:00:00+06:00
qwen3_tts_customvoice_aiden_v4_final_salvage:f2de7219a86ef0e54fdd,processed/v4/xlsr_sls_model_v4_final_salvage_materialization_v1/ru_spoof/b1/b19784481cecd335e441df3c54a1c38d2304a2e5b36427701a00232a0828a6a0.wav,11a37dc36d9c77ac082482ebd1e13c16a3f4833ad57ab780e70e090ef794af8e,test,spoof,ru,false,qwen3_tts_customvoice_aiden_v4_final_salvage:fixed-profile:qwen3_tts_0_6b_customvoice_aiden_q8_0,qwen3_tts_customvoice_aiden_v4_final_salvage,"Apache-2.0: Qwen CustomVoice and tokenizer model cards, cstr GGUF conversion cards, and CrispASR runtime release; permitted only for this project's personal-research scope with no training, calibration, product, re-hosting, verified-speaker or speaker-independence claim","One-shot local text-only derivative of frozen common_voice_ru_v24_v4_final_salvage text 93b71c001863b07f47488ecab2a0f5872ff61320d5472a8add838662870ec9ff; no reference audio, cloning, resynthesis, replacement or backfill",qwen3_tts_customvoice_aiden_v4_final_salvage:synthetic-profile:qwen3_tts_0_6b_customvoice_aiden_q8_0,93b71c001863b07f47488ecab2a0f5872ff61320d5472a8add838662870ec9ff,e6964baed96e5eb1bc69114bc97dcfc8a70612a0d699e131f56f42e4d355035e,3.76,qwen3_tts_customvoice_gguf,Qwen3-TTS 0.6B CustomVoice Q8_0 GGUF,talker-cstr-29094dcb46f19b0898616aa9aeb876aa9aa6e086-5227dcbc4df7c5533341d111cc469fa491a48e722b23dd10f553181b52dff2d9; codec-cstr-344e279551177654762e5c7d39e217834325f222-70dc95dbfdd9aa5d9d406236ff771d061bf17b0cda02a72513953355606e719b; crispasr-v0.8.28-99e990ae-c2413af7d5e70a166b74fe96f5afb6d7463f1414a5ac2dea7cd982da9f83f827; fixed-aiden; wrapper-f02d93fd7ee064539771a868c5033bc163bec1c94c838eb1152c52eb7eb677b7,qwen3_tts_customvoice:aiden,not_applicable:text_only_no_reference_audio,cuda:0,offline_text_only_final_materialization,16000,wav,synthesis_text_sha256=e6964baed96e5eb1bc69114bc97dcfc8a70612a0d699e131f56f42e4d355035e;reference_audio=forbidden;voice_cloning=false,3868609454,2026-08-16T01:00:00+06:00
qwen3_tts_customvoice_aiden_v4_final_salvage:f4e0b094ada72637f975,processed/v4/xlsr_sls_model_v4_final_salvage_materialization_v1/ru_spoof/b7/b73836c2cef19cce84c22e62e538def7d880e721dcc7d8bc338d4ea46b17bc9b.wav,85ebb16bb4f03678d9cdeedc1fe0b9dc04f1ae3a6f09e9b4d2aa09dcae55e38d,test,spoof,ru,false,qwen3_tts_customvoice_aiden_v4_final_salvage:fixed-profile:qwen3_tts_0_6b_customvoice_aiden_q8_0,qwen3_tts_customvoice_aiden_v4_final_salvage,"Apache-2.0: Qwen CustomVoice and tokenizer model cards, cstr GGUF conversion cards, and CrispASR runtime release; permitted only for this project's personal-research scope with no training, calibration, product, re-hosting, verified-speaker or speaker-independence claim","One-shot local text-only derivative of frozen common_voice_ru_v24_v4_final_salvage text 45020cbd2b45a1bfe648944d1e0fa0258f56aaeda0c8ab60d7e9d8f6f3f47210; no reference audio, cloning, resynthesis, replacement or backfill",qwen3_tts_customvoice_aiden_v4_final_salvage:synthetic-profile:qwen3_tts_0_6b_customvoice_aiden_q8_0,45020cbd2b45a1bfe648944d1e0fa0258f56aaeda0c8ab60d7e9d8f6f3f47210,8921d9b01b65e693508967a6ea4050159fa3608e267c2207d993c308924bc479,3.2,qwen3_tts_customvoice_gguf,Qwen3-TTS 0.6B CustomVoice Q8_0 GGUF,talker-cstr-29094dcb46f19b0898616aa9aeb876aa9aa6e086-5227dcbc4df7c5533341d111cc469fa491a48e722b23dd10f553181b52dff2d9; codec-cstr-344e279551177654762e5c7d39e217834325f222-70dc95dbfdd9aa5d9d406236ff771d061bf17b0cda02a72513953355606e719b; crispasr-v0.8.28-99e990ae-c2413af7d5e70a166b74fe96f5afb6d7463f1414a5ac2dea7cd982da9f83f827; fixed-aiden; wrapper-f02d93fd7ee064539771a868c5033bc163bec1c94c838eb1152c52eb7eb677b7,qwen3_tts_customvoice:aiden,not_applicable:text_only_no_reference_audio,cuda:0,offline_text_only_final_materialization,16000,wav,synthesis_text_sha256=8921d9b01b65e693508967a6ea4050159fa3608e267c2207d993c308924bc479;reference_audio=forbidden;voice_cloning=false,2300697008,2026-08-16T01:00:00+06:00
qwen3_tts_customvoice_aiden_v4_final_salvage:c9d5a1a5e98c04ef165b,processed/v4/xlsr_sls_model_v4_final_salvage_materialization_v1/ru_spoof/3e/3e5c38b793a3e945f809757f5567150661685049b69316daae19d567e958986f.wav,2fc1539e02e105258d7ef503caa798be9d60a4be10847956a406a26055b4ed2e,test,spoof,ru,false,qwen3_tts_customvoice_aiden_v4_final_salvage:fixed-profile:qwen3_tts_0_6b_customvoice_aiden_q8_0,qwen3_tts_customvoice_aiden_v4_final_salvage,"Apache-2.0: Qwen CustomVoice and tokenizer model cards, cstr GGUF conversion cards, and CrispASR runtime release; permitted only for this project's personal-research scope with no training, calibration, product, re-hosting, verified-speaker or speaker-independence claim","One-shot local text-only derivative of frozen common_voice_ru_v24_v4_final_salvage text 90333dcc4f9ace924fcbd01f34dddf1c805453b4319db2aca117a01efb29c089; no reference audio, cloning, resynthesis, replacement or backfill",qwen3_tts_customvoice_aiden_v4_final_salvage:synthetic-profile:qwen3_tts_0_6b_customvoice_aiden_q8_0,90333dcc4f9ace924fcbd01f34dddf1c805453b4319db2aca117a01efb29c089,758946e3612b31eb68c1fd4a8d37375efa232520565922fd2db7b9306233f0df,3.76,qwen3_tts_customvoice_gguf,Qwen3-TTS 0.6B CustomVoice Q8_0 GGUF,talker-cstr-29094dcb46f19b0898616aa9aeb876aa9aa6e086-5227dcbc4df7c5533341d111cc469fa491a48e722b23dd10f553181b52dff2d9; codec-cstr-344e279551177654762e5c7d39e217834325f222-70dc95dbfdd9aa5d9d406236ff771d061bf17b0cda02a72513953355606e719b; crispasr-v0.8.28-99e990ae-c2413af7d5e70a166b74fe96f5afb6d7463f1414a5ac2dea7cd982da9f83f827; fixed-aiden; wrapper-f02d93fd7ee064539771a868c5033bc163bec1c94c838eb1152c52eb7eb677b7,qwen3_tts_customvoice:aiden,not_applicable:text_only_no_reference_audio,cuda:0,offline_text_only_final_materialization,16000,wav,synthesis_text_sha256=758946e3612b31eb68c1fd4a8d37375efa232520565922fd2db7b9306233f0df;reference_audio=forbidden;voice_cloning=false,1971930851,2026-08-16T01:00:00+06:00
qwen3_tts_customvoice_aiden_v4_final_salvage:771cdcf4c8fcd7b76fec,processed/v4/xlsr_sls_model_v4_final_salvage_materialization_v1/ru_spoof/bb/bb7c9748384c3390af5754ab2274a794de68480c43f26f6c969cc890bb7d2233.wav,483e6494922c57eae3273d45fb83c5c5361ebd361a80bac1c934cf09bd293813,test,spoof,ru,false,qwen3_tts_customvoice_aiden_v4_final_salvage:fixed-profile:qwen3_tts_0_6b_customvoice_aiden_q8_0,qwen3_tts_customvoice_aiden_v4_final_salvage,"Apache-2.0: Qwen CustomVoice and tokenizer model cards, cstr GGUF conversion cards, and CrispASR runtime release; permitted only for this project's personal-research scope with no training, calibration, product, re-hosting, verified-speaker or speaker-independence claim","One-shot local text-only derivative of frozen common_voice_ru_v24_v4_final_salvage text 3bae13986e26d6a8e4bcbfadbf09c2d696a06e5ca1a3c0e47d2dc1397e1dc75e; no reference audio, cloning, resynthesis, replacement or backfill",qwen3_tts_customvoice_aiden_v4_final_salvage:synthetic-profile:qwen3_tts_0_6b_customvoice_aiden_q8_0,3bae13986e26d6a8e4bcbfadbf09c2d696a06e5ca1a3c0e47d2dc1397e1dc75e,e4f5b326083d058bf78d32b71540964686b6d2698302f0f8d97067e436f447fe,3.36,qwen3_tts_customvoice_gguf,Qwen3-TTS 0.6B CustomVoice Q8_0 GGUF,talker-cstr-29094dcb46f19b0898616aa9aeb876aa9aa6e086-5227dcbc4df7c5533341d111cc469fa491a48e722b23dd10f553181b52dff2d9; codec-cstr-344e279551177654762e5c7d39e217834325f222-70dc95dbfdd9aa5d9d406236ff771d061bf17b0cda02a72513953355606e719b; crispasr-v0.8.28-99e990ae-c2413af7d5e70a166b74fe96f5afb6d7463f1414a5ac2dea7cd982da9f83f827; fixed-aiden; wrapper-f02d93fd7ee064539771a868c5033bc163bec1c94c838eb1152c52eb7eb677b7,qwen3_tts_customvoice:aiden,not_applicable:text_only_no_reference_audio,cuda:0,offline_text_only_final_materialization,16000,wav,synthesis_text_sha256=e4f5b326083d058bf78d32b71540964686b6d2698302f0f8d97067e436f447fe;reference_audio=forbidden;voice_cloning=false,3841307430,2026-08-16T01:00:00+06:00
qwen3_tts_customvoice_aiden_v4_final_salvage:58bacd9a1cabff31acbc,processed/v4/xlsr_sls_model_v4_final_salvage_materialization_v1/ru_spoof/52/52134ea151b96c26ad69a3a6b7d6d03a4123d172ccd037b29385a6d62bdcf23f.wav,c0ef151ab3c6a4cf1ad8134e2b98d89204ecdf199534984c5073d657336550f0,test,spoof,ru,false,qwen3_tts_customvoice_aiden_v4_final_salvage:fixed-profile:qwen3_tts_0_6b_customvoice_aiden_q8_0,qwen3_tts_customvoice_aiden_v4_final_salvage,"Apache-2.0: Qwen CustomVoice and tokenizer model cards, cstr GGUF conversion cards, and CrispASR runtime release; permitted only for this project's personal-research scope with no training, calibration, product, re-hosting, verified-speaker or speaker-independence claim","One-shot local text-only derivative of frozen common_voice_ru_v24_v4_final_salvage text 1c8912a21bf6649e62be2defe3d2da1f66d80ea7ce467ec8bb1b559953cc2a87; no reference audio, cloning, resynthesis, replacement or backfill",qwen3_tts_customvoice_aiden_v4_final_salvage:synthetic-profile:qwen3_tts_0_6b_customvoice_aiden_q8_0,1c8912a21bf6649e62be2defe3d2da1f66d80ea7ce467ec8bb1b559953cc2a87,67d104a66088c0806f8f1873a8db2f948808a623039fead54d65e3111a621a42,6.16,qwen3_tts_customvoice_gguf,Qwen3-TTS 0.6B CustomVoice Q8_0 GGUF,talker-cstr-29094dcb46f19b0898616aa9aeb876aa9aa6e086-5227dcbc4df7c5533341d111cc469fa491a48e722b23dd10f553181b52dff2d9; codec-cstr-344e279551177654762e5c7d39e217834325f222-70dc95dbfdd9aa5d9d406236ff771d061bf17b0cda02a72513953355606e719b; crispasr-v0.8.28-99e990ae-c2413af7d5e70a166b74fe96f5afb6d7463f1414a5ac2dea7cd982da9f83f827; fixed-aiden; wrapper-f02d93fd7ee064539771a868c5033bc163bec1c94c838eb1152c52eb7eb677b7,qwen3_tts_customvoice:aiden,not_applicable:text_only_no_reference_audio,cuda:0,offline_text_only_final_materialization,16000,wav,synthesis_text_sha256=67d104a66088c0806f8f1873a8db2f948808a623039fead54d65e3111a621a42;reference_audio=forbidden;voice_cloning=false,1741751462,2026-08-16T01:00:00+06:00
qwen3_tts_customvoice_aiden_v4_final_salvage:050b3c58e7945ee3ae67,processed/v4/xlsr_sls_model_v4_final_salvage_materialization_v1/ru_spoof/5b/5b0fa1568f2b690f79b257506c9b112de13e48b53a466a4099a7659876146796.wav,ac0922a7db0c977f2bc8c381e48bc5e8b8728f9fd66c4c9424f640d08b59252e,test,spoof,ru,false,qwen3_tts_customvoice_aiden_v4_final_salvage:fixed-profile:qwen3_tts_0_6b_customvoice_aiden_q8_0,qwen3_tts_customvoice_aiden_v4_final_salvage,"Apache-2.0: Qwen CustomVoice and tokenizer model cards, cstr GGUF conversion cards, and CrispASR runtime release; permitted only for this project's personal-research scope with no training, calibration, product, re-hosting, verified-speaker or speaker-independence claim","One-shot local text-only derivative of frozen common_voice_ru_v24_v4_final_salvage text 7cff5396e8ce67b219326506bdf3fad26fbcdb290e014ad7ad8d367b320e880a; no reference audio, cloning, resynthesis, replacement or backfill",qwen3_tts_customvoice_aiden_v4_final_salvage:synthetic-profile:qwen3_tts_0_6b_customvoice_aiden_q8_0,7cff5396e8ce67b219326506bdf3fad26fbcdb290e014ad7ad8d367b320e880a,3f4f22a486ae2adda8898b3563ab7bfe62364a11ecd587389e4f5a28fb8fa063,5.36,qwen3_tts_customvoice_gguf,Qwen3-TTS 0.6B CustomVoice Q8_0 GGUF,talker-cstr-29094dcb46f19b0898616aa9aeb876aa9aa6e086-5227dcbc4df7c5533341d111cc469fa491a48e722b23dd10f553181b52dff2d9; codec-cstr-344e279551177654762e5c7d39e217834325f222-70dc95dbfdd9aa5d9d406236ff771d061bf17b0cda02a72513953355606e719b; crispasr-v0.8.28-99e990ae-c2413af7d5e70a166b74fe96f5afb6d7463f1414a5ac2dea7cd982da9f83f827; fixed-aiden; wrapper-f02d93fd7ee064539771a868c5033bc163bec1c94c838eb1152c52eb7eb677b7,qwen3_tts_customvoice:aiden,not_applicable:text_only_no_reference_audio,cuda:0,offline_text_only_final_materialization,16000,wav,synthesis_text_sha256=3f4f22a486ae2adda8898b3563ab7bfe62364a11ecd587389e4f5a28fb8fa063;reference_audio=forbidden;voice_cloning=false,1062150820,2026-08-16T01:00:00+06:00
qwen3_tts_customvoice_aiden_v4_final_salvage:7d8c874f1ac06aaefd56,processed/v4/xlsr_sls_model_v4_final_salvage_materialization_v1/ru_spoof/30/30e750bb70e7938163a0f23fa5e6c74af6b4573e77a409716b05bb208946505b.wav,78e505ebd3345383a475ef22ba5f03e359184da6be7231b06dcf35914acd00ef,test,spoof,ru,false,qwen3_tts_customvoice_aiden_v4_final_salvage:fixed-profile:qwen3_tts_0_6b_customvoice_aiden_q8_0,qwen3_tts_customvoice_aiden_v4_final_salvage,"Apache-2.0: Qwen CustomVoice and tokenizer model cards, cstr GGUF conversion cards, and CrispASR runtime release; permitted only for this project's personal-research scope with no training, calibration, product, re-hosting, verified-speaker or speaker-independence claim","One-shot local text-only derivative of frozen common_voice_ru_v24_v4_final_salvage text aa7b78cc2e4ccd5eaffeedf618d1f734ce0c9934ec7788f78c95be1e1077a30c; no reference audio, cloning, resynthesis, replacement or backfill",qwen3_tts_customvoice_aiden_v4_final_salvage:synthetic-profile:qwen3_tts_0_6b_customvoice_aiden_q8_0,aa7b78cc2e4ccd5eaffeedf618d1f734ce0c9934ec7788f78c95be1e1077a30c,ae451237307818e801186af57eaa3dcb257031a1783465b35cb2ff511403c7fa,3.84,qwen3_tts_customvoice_gguf,Qwen3-TTS 0.6B CustomVoice Q8_0 GGUF,talker-cstr-29094dcb46f19b0898616aa9aeb876aa9aa6e086-5227dcbc4df7c5533341d111cc469fa491a48e722b23dd10f553181b52dff2d9; codec-cstr-344e279551177654762e5c7d39e217834325f222-70dc95dbfdd9aa5d9d406236ff771d061bf17b0cda02a72513953355606e719b; crispasr-v0.8.28-99e990ae-c2413af7d5e70a166b74fe96f5afb6d7463f1414a5ac2dea7cd982da9f83f827; fixed-aiden; wrapper-f02d93fd7ee064539771a868c5033bc163bec1c94c838eb1152c52eb7eb677b7,qwen3_tts_customvoice:aiden,not_applicable:text_only_no_reference_audio,cuda:0,offline_text_only_final_materialization,16000,wav,synthesis_text_sha256=ae451237307818e801186af57eaa3dcb257031a1783465b35cb2ff511403c7fa;reference_audio=forbidden;voice_cloning=false,2923762231,2026-08-16T01:00:00+06:00
qwen3_tts_customvoice_aiden_v4_final_salvage:0279ac71bea093d12c2c,processed/v4/xlsr_sls_model_v4_final_salvage_materialization_v1/ru_spoof/ba/ba96a85a30766c564bc4d3d0cd18322e12ab3fbb3babebe7dd37fb9e4503a863.wav,4f038d50fcde41afb29cab7812ac175465dc714f8de02d1508f689458ee26dc4,test,spoof,ru,false,qwen3_tts_customvoice_aiden_v4_final_salvage:fixed-profile:qwen3_tts_0_6b_customvoice_aiden_q8_0,qwen3_tts_customvoice_aiden_v4_final_salvage,"Apache-2.0: Qwen CustomVoice and tokenizer model cards, cstr GGUF conversion cards, and CrispASR runtime release; permitted only for this project's personal-research scope with no training, calibration, product, re-hosting, verified-speaker or speaker-independence claim","One-shot local text-only derivative of frozen common_voice_ru_v24_v4_final_salvage text a63985125f9f83acffc39d7fbe8b5510c34a73db56e4c92d61b7a655e118e1f9; no reference audio, cloning, resynthesis, replacement or backfill",qwen3_tts_customvoice_aiden_v4_final_salvage:synthetic-profile:qwen3_tts_0_6b_customvoice_aiden_q8_0,a63985125f9f83acffc39d7fbe8b5510c34a73db56e4c92d61b7a655e118e1f9,2bd2c6bab1c048256d4578c1a5c079f2ea7fa7fb7ed893973ae3e983bff46810,5.36,qwen3_tts_customvoice_gguf,Qwen3-TTS 0.6B CustomVoice Q8_0 GGUF,talker-cstr-29094dcb46f19b0898616aa9aeb876aa9aa6e086-5227dcbc4df7c5533341d111cc469fa491a48e722b23dd10f553181b52dff2d9; codec-cstr-344e279551177654762e5c7d39e217834325f222-70dc95dbfdd9aa5d9d406236ff771d061bf17b0cda02a72513953355606e719b; crispasr-v0.8.28-99e990ae-c2413af7d5e70a166b74fe96f5afb6d7463f1414a5ac2dea7cd982da9f83f827; fixed-aiden; wrapper-f02d93fd7ee064539771a868c5033bc163bec1c94c838eb1152c52eb7eb677b7,qwen3_tts_customvoice:aiden,not_applicable:text_only_no_reference_audio,cuda:0,offline_text_only_final_materialization,16000,wav,synthesis_text_sha256=2bd2c6bab1c048256d4578c1a5c079f2ea7fa7fb7ed893973ae3e983bff46810;reference_audio=forbidden;voice_cloning=false,735233722,2026-08-16T01:00:00+06:00
qwen3_tts_customvoice_aiden_v4_final_salvage:395894bb4cb66eefe99a,processed/v4/xlsr_sls_model_v4_final_salvage_materialization_v1/ru_spoof/c0/c03ce812e62601fc9f8ef571797aaaafd19415a0490cc3878d4bb6d517074778.wav,ce0721248ff966936fe184e5e77bf91d21fbec481ff18d4d99e926c277b5cf39,test,spoof,ru,false,qwen3_tts_customvoice_aiden_v4_final_salvage:fixed-profile:qwen3_tts_0_6b_customvoice_aiden_q8_0,qwen3_tts_customvoice_aiden_v4_final_salvage,"Apache-2.0: Qwen CustomVoice and tokenizer model cards, cstr GGUF conversion cards, and CrispASR runtime release; permitted only for this project's personal-research scope with no training, calibration, product, re-hosting, verified-speaker or speaker-independence claim","One-shot local text-only derivative of frozen common_voice_ru_v24_v4_final_salvage text 950aff15dbb42510ce8c1880307b39b29c2dcd75f319d3015bf056e91580a96d; no reference audio, cloning, resynthesis, replacement or backfill",qwen3_tts_customvoice_aiden_v4_final_salvage:synthetic-profile:qwen3_tts_0_6b_customvoice_aiden_q8_0,950aff15dbb42510ce8c1880307b39b29c2dcd75f319d3015bf056e91580a96d,07a1950b5fbcea762bf4f3b07516cd291726214d3c78352d3bd780d80100144a,9.6,qwen3_tts_customvoice_gguf,Qwen3-TTS 0.6B CustomVoice Q8_0 GGUF,talker-cstr-29094dcb46f19b0898616aa9aeb876aa9aa6e086-5227dcbc4df7c5533341d111cc469fa491a48e722b23dd10f553181b52dff2d9; codec-cstr-344e279551177654762e5c7d39e217834325f222-70dc95dbfdd9aa5d9d406236ff771d061bf17b0cda02a72513953355606e719b; crispasr-v0.8.28-99e990ae-c2413af7d5e70a166b74fe96f5afb6d7463f1414a5ac2dea7cd982da9f83f827; fixed-aiden; wrapper-f02d93fd7ee064539771a868c5033bc163bec1c94c838eb1152c52eb7eb677b7,qwen3_tts_customvoice:aiden,not_applicable:text_only_no_reference_audio,cuda:0,offline_text_only_final_materialization,16000,wav,synthesis_text_sha256=07a1950b5fbcea762bf4f3b07516cd291726214d3c78352d3bd780d80100144a;reference_audio=forbidden;voice_cloning=false,128029963,2026-08-16T01:00:00+06:00
qwen3_tts_customvoice_aiden_v4_final_salvage:fa0230f890584989344e,processed/v4/xlsr_sls_model_v4_final_salvage_materialization_v1/ru_spoof/3d/3d9c8e7c933f37ad4c32a14e6e11e2089fd6cab66d3f16e1d21a75eb38f5629c.wav,7c484cd2f8a576d721ba19981a55b8f9d94ca076c73a56d300f3dd12101d2e62,test,spoof,ru,false,qwen3_tts_customvoice_aiden_v4_final_salvage:fixed-profile:qwen3_tts_0_6b_customvoice_aiden_q8_0,qwen3_tts_customvoice_aiden_v4_final_salvage,"Apache-2.0: Qwen CustomVoice and tokenizer model cards, cstr GGUF conversion cards, and CrispASR runtime release; permitted only for this project's personal-research scope with no training, calibration, product, re-hosting, verified-speaker or speaker-independence claim","One-shot local text-only derivative of frozen common_voice_ru_v24_v4_final_salvage text 1df89b324d1ad90f87940b48d48fa79f97681a1ef6809b4566bda2d08125a6a0; no reference audio, cloning, resynthesis, replacement or backfill",qwen3_tts_customvoice_aiden_v4_final_salvage:synthetic-profile:qwen3_tts_0_6b_customvoice_aiden_q8_0,1df89b324d1ad90f87940b48d48fa79f97681a1ef6809b4566bda2d08125a6a0,ec78a7ce1b647f5a674a9a5d5b76e3b7a4d7a82612083eebf66ac2eac38b8305,5.04,qwen3_tts_customvoice_gguf,Qwen3-TTS 0.6B CustomVoice Q8_0 GGUF,talker-cstr-29094dcb46f19b0898616aa9aeb876aa9aa6e086-5227dcbc4df7c5533341d111cc469fa491a48e722b23dd10f553181b52dff2d9; codec-cstr-344e279551177654762e5c7d39e217834325f222-70dc95dbfdd9aa5d9d406236ff771d061bf17b0cda02a72513953355606e719b; crispasr-v0.8.28-99e990ae-c2413af7d5e70a166b74fe96f5afb6d7463f1414a5ac2dea7cd982da9f83f827; fixed-aiden; wrapper-f02d93fd7ee064539771a868c5033bc163bec1c94c838eb1152c52eb7eb677b7,qwen3_tts_customvoice:aiden,not_applicable:text_only_no_reference_audio,cuda:0,offline_text_only_final_materialization,16000,wav,synthesis_text_sha256=ec78a7ce1b647f5a674a9a5d5b76e3b7a4d7a82612083eebf66ac2eac38b8305;reference_audio=forbidden;voice_cloning=false,3967330254,2026-08-16T01:00:00+06:00
qwen3_tts_customvoice_aiden_v4_final_salvage:0ec03a170a317b4fc939,processed/v4/xlsr_sls_model_v4_final_salvage_materialization_v1/ru_spoof/34/34f3a768761386fc6ba6ac1c46d2a33cef764eb37395fbe6cd1c11165d547fe9.wav,4edf160171b96da5aabdfd3830831b0efbdfb0f4e2f566dbec2cb3c9eea592a8,test,spoof,ru,false,qwen3_tts_customvoice_aiden_v4_final_salvage:fixed-profile:qwen3_tts_0_6b_customvoice_aiden_q8_0,qwen3_tts_customvoice_aiden_v4_final_salvage,"Apache-2.0: Qwen CustomVoice and tokenizer model cards, cstr GGUF conversion cards, and CrispASR runtime release; permitted only for this project's personal-research scope with no training, calibration, product, re-hosting, verified-speaker or speaker-independence claim","One-shot local text-only derivative of frozen common_voice_ru_v24_v4_final_salvage text dcb847a53af61f57bd911c3bc92e209dcf3946dd3c248689efff87baae3ca1cf; no reference audio, cloning, resynthesis, replacement or backfill",qwen3_tts_customvoice_aiden_v4_final_salvage:synthetic-profile:qwen3_tts_0_6b_customvoice_aiden_q8_0,dcb847a53af61f57bd911c3bc92e209dcf3946dd3c248689efff87baae3ca1cf,9599a1316e85965264bc79f278a23de21b4224d5940aae2ca2d3d2d01e3dc40e,3.28,qwen3_tts_customvoice_gguf,Qwen3-TTS 0.6B CustomVoice Q8_0 GGUF,talker-cstr-29094dcb46f19b0898616aa9aeb876aa9aa6e086-5227dcbc4df7c5533341d111cc469fa491a48e722b23dd10f553181b52dff2d9; codec-cstr-344e279551177654762e5c7d39e217834325f222-70dc95dbfdd9aa5d9d406236ff771d061bf17b0cda02a72513953355606e719b; crispasr-v0.8.28-99e990ae-c2413af7d5e70a166b74fe96f5afb6d7463f1414a5ac2dea7cd982da9f83f827; fixed-aiden; wrapper-f02d93fd7ee064539771a868c5033bc163bec1c94c838eb1152c52eb7eb677b7,qwen3_tts_customvoice:aiden,not_applicable:text_only_no_reference_audio,cuda:0,offline_text_only_final_materialization,16000,wav,synthesis_text_sha256=9599a1316e85965264bc79f278a23de21b4224d5940aae2ca2d3d2d01e3dc40e;reference_audio=forbidden;voice_cloning=false,2509873457,2026-08-16T01:00:00+06:00
qwen3_tts_customvoice_aiden_v4_final_salvage:c3673196cab5f0378820,processed/v4/xlsr_sls_model_v4_final_salvage_materialization_v1/ru_spoof/4a/4ab23792d13537d09ea9e72e63ef116f7e97089c54cafdb1abf721b495214fed.wav,50cba56234e019b6361cb48b99994703d497c6b20dc172b540f1f675ad009cf7,test,spoof,ru,false,qwen3_tts_customvoice_aiden_v4_final_salvage:fixed-profile:qwen3_tts_0_6b_customvoice_aiden_q8_0,qwen3_tts_customvoice_aiden_v4_final_salvage,"Apache-2.0: Qwen CustomVoice and tokenizer model cards, cstr GGUF conversion cards, and CrispASR runtime release; permitted only for this project's personal-research scope with no training, calibration, product, re-hosting, verified-speaker or speaker-independence claim","One-shot local text-only derivative of frozen common_voice_ru_v24_v4_final_salvage text dfb46be661205909b92b2c8d8b86ab8a526831993d02ef6f38496d1aa5cbfb1d; no reference audio, cloning, resynthesis, replacement or backfill",qwen3_tts_customvoice_aiden_v4_final_salvage:synthetic-profile:qwen3_tts_0_6b_customvoice_aiden_q8_0,dfb46be661205909b92b2c8d8b86ab8a526831993d02ef6f38496d1aa5cbfb1d,80d94163b9143ba61b1640acbccff7b858500cc97da86b9e5e30c3c504e5e581,3.2,qwen3_tts_customvoice_gguf,Qwen3-TTS 0.6B CustomVoice Q8_0 GGUF,talker-cstr-29094dcb46f19b0898616aa9aeb876aa9aa6e086-5227dcbc4df7c5533341d111cc469fa491a48e722b23dd10f553181b52dff2d9; codec-cstr-344e279551177654762e5c7d39e217834325f222-70dc95dbfdd9aa5d9d406236ff771d061bf17b0cda02a72513953355606e719b; crispasr-v0.8.28-99e990ae-c2413af7d5e70a166b74fe96f5afb6d7463f1414a5ac2dea7cd982da9f83f827; fixed-aiden; wrapper-f02d93fd7ee064539771a868c5033bc163bec1c94c838eb1152c52eb7eb677b7,qwen3_tts_customvoice:aiden,not_applicable:text_only_no_reference_audio,cuda:0,offline_text_only_final_materialization,16000,wav,synthesis_text_sha256=80d94163b9143ba61b1640acbccff7b858500cc97da86b9e5e30c3c504e5e581;reference_audio=forbidden;voice_cloning=false,2161721699,2026-08-16T01:00:00+06:00
qwen3_tts_customvoice_aiden_v4_final_salvage:7d196aa3d01a998823e3,processed/v4/xlsr_sls_model_v4_final_salvage_materialization_v1/ru_spoof/1b/1bcccb2562c0b9c580512e514e09a5cf1d27876be1b5988a867225cf7ebdbce6.wav,ff8aae78e0acbeb28aa8612643624503afbac0b51ab40ec0e9968a0c9020c02c,test,spoof,ru,false,qwen3_tts_customvoice_aiden_v4_final_salvage:fixed-profile:qwen3_tts_0_6b_customvoice_aiden_q8_0,qwen3_tts_customvoice_aiden_v4_final_salvage,"Apache-2.0: Qwen CustomVoice and tokenizer model cards, cstr GGUF conversion cards, and CrispASR runtime release; permitted only for this project's personal-research scope with no training, calibration, product, re-hosting, verified-speaker or speaker-independence claim","One-shot local text-only derivative of frozen common_voice_ru_v24_v4_final_salvage text e2f4ad0a3ed799653d43c7afd89b497f13bf721249e236ee11ca72d3a65d5a7a; no reference audio, cloning, resynthesis, replacement or backfill",qwen3_tts_customvoice_aiden_v4_final_salvage:synthetic-profile:qwen3_tts_0_6b_customvoice_aiden_q8_0,e2f4ad0a3ed799653d43c7afd89b497f13bf721249e236ee11ca72d3a65d5a7a,a5bac0d9c40202c179ad00c9ceb9f4d23c3bbf59f6a93704634bc17bfba3a919,4.32,qwen3_tts_customvoice_gguf,Qwen3-TTS 0.6B CustomVoice Q8_0 GGUF,talker-cstr-29094dcb46f19b0898616aa9aeb876aa9aa6e086-5227dcbc4df7c5533341d111cc469fa491a48e722b23dd10f553181b52dff2d9; codec-cstr-344e279551177654762e5c7d39e217834325f222-70dc95dbfdd9aa5d9d406236ff771d061bf17b0cda02a72513953355606e719b; crispasr-v0.8.28-99e990ae-c2413af7d5e70a166b74fe96f5afb6d7463f1414a5ac2dea7cd982da9f83f827; fixed-aiden; wrapper-f02d93fd7ee064539771a868c5033bc163bec1c94c838eb1152c52eb7eb677b7,qwen3_tts_customvoice:aiden,not_applicable:text_only_no_reference_audio,cuda:0,offline_text_only_final_materialization,16000,wav,synthesis_text_sha256=a5bac0d9c40202c179ad00c9ceb9f4d23c3bbf59f6a93704634bc17bfba3a919;reference_audio=forbidden;voice_cloning=false,2780479705,2026-08-16T01:00:00+06:00
qwen3_tts_customvoice_aiden_v4_final_salvage:2c5b20a90bc391eb7c56,processed/v4/xlsr_sls_model_v4_final_salvage_materialization_v1/ru_spoof/bf/bfd9249bfa34d3b85bc2883e4d44f7c425b808b0c22c229e9ab9fa73c9012758.wav,6c9ed4c053fa3d5d0840eb461de8705ed150cd1c5e43bdd6c04503a5a94736ac,test,spoof,ru,false,qwen3_tts_customvoice_aiden_v4_final_salvage:fixed-profile:qwen3_tts_0_6b_customvoice_aiden_q8_0,qwen3_tts_customvoice_aiden_v4_final_salvage,"Apache-2.0: Qwen CustomVoice and tokenizer model cards, cstr GGUF conversion cards, and CrispASR runtime release; permitted only for this project's personal-research scope with no training, calibration, product, re-hosting, verified-speaker or speaker-independence claim","One-shot local text-only derivative of frozen common_voice_ru_v24_v4_final_salvage text c986c88da5db2095bd15f6b50e8b6184488fb748998c160ec1de743965e687a7; no reference audio, cloning, resynthesis, replacement or backfill",qwen3_tts_customvoice_aiden_v4_final_salvage:synthetic-profile:qwen3_tts_0_6b_customvoice_aiden_q8_0,c986c88da5db2095bd15f6b50e8b6184488fb748998c160ec1de743965e687a7,a7268c651c99dc303890088fb4ff6a3dfea6a44ba9c1f3847f7952cadbe7fcfa,4.96,qwen3_tts_customvoice_gguf,Qwen3-TTS 0.6B CustomVoice Q8_0 GGUF,talker-cstr-29094dcb46f19b0898616aa9aeb876aa9aa6e086-5227dcbc4df7c5533341d111cc469fa491a48e722b23dd10f553181b52dff2d9; codec-cstr-344e279551177654762e5c7d39e217834325f222-70dc95dbfdd9aa5d9d406236ff771d061bf17b0cda02a72513953355606e719b; crispasr-v0.8.28-99e990ae-c2413af7d5e70a166b74fe96f5afb6d7463f1414a5ac2dea7cd982da9f83f827; fixed-aiden; wrapper-f02d93fd7ee064539771a868c5033bc163bec1c94c838eb1152c52eb7eb677b7,qwen3_tts_customvoice:aiden,not_applicable:text_only_no_reference_audio,cuda:0,offline_text_only_final_materialization,16000,wav,synthesis_text_sha256=a7268c651c99dc303890088fb4ff6a3dfea6a44ba9c1f3847f7952cadbe7fcfa;reference_audio=forbidden;voice_cloning=false,2804321381,2026-08-16T01:00:00+06:00
qwen3_tts_customvoice_aiden_v4_final_salvage:e2f2477f4ea070b3142c,processed/v4/xlsr_sls_model_v4_final_salvage_materialization_v1/ru_spoof/c6/c690fa31c21e06e039e371d466c48b9066846ef1fb7e7e15d4d4c99701ae5cca.wav,730b88e2f6e94ba5188e7289db7cc45b1cc1f69756e2b62ea7024d3e975cadc1,test,spoof,ru,false,qwen3_tts_customvoice_aiden_v4_final_salvage:fixed-profile:qwen3_tts_0_6b_customvoice_aiden_q8_0,qwen3_tts_customvoice_aiden_v4_final_salvage,"Apache-2.0: Qwen CustomVoice and tokenizer model cards, cstr GGUF conversion cards, and CrispASR runtime release; permitted only for this project's personal-research scope with no training, calibration, product, re-hosting, verified-speaker or speaker-independence claim","One-shot local text-only derivative of frozen common_voice_ru_v24_v4_final_salvage text 2f8260bdbab262acf73b6f513809dd12200153a7f9aace6efc49e7288c6dc78e; no reference audio, cloning, resynthesis, replacement or backfill",qwen3_tts_customvoice_aiden_v4_final_salvage:synthetic-profile:qwen3_tts_0_6b_customvoice_aiden_q8_0,2f8260bdbab262acf73b6f513809dd12200153a7f9aace6efc49e7288c6dc78e,0dace4f3282b0c2d52949930a6dd5e25a372730c891e279c1fa9f0d85fb047c8,4.08,qwen3_tts_customvoice_gguf,Qwen3-TTS 0.6B CustomVoice Q8_0 GGUF,talker-cstr-29094dcb46f19b0898616aa9aeb876aa9aa6e086-5227dcbc4df7c5533341d111cc469fa491a48e722b23dd10f553181b52dff2d9; codec-cstr-344e279551177654762e5c7d39e217834325f222-70dc95dbfdd9aa5d9d406236ff771d061bf17b0cda02a72513953355606e719b; crispasr-v0.8.28-99e990ae-c2413af7d5e70a166b74fe96f5afb6d7463f1414a5ac2dea7cd982da9f83f827; fixed-aiden; wrapper-f02d93fd7ee064539771a868c5033bc163bec1c94c838eb1152c52eb7eb677b7,qwen3_tts_customvoice:aiden,not_applicable:text_only_no_reference_audio,cuda:0,offline_text_only_final_materialization,16000,wav,synthesis_text_sha256=0dace4f3282b0c2d52949930a6dd5e25a372730c891e279c1fa9f0d85fb047c8;reference_audio=forbidden;voice_cloning=false,229434611,2026-08-16T01:00:00+06:00
qwen3_tts_customvoice_aiden_v4_final_salvage:292c6be358a84c9861cf,processed/v4/xlsr_sls_model_v4_final_salvage_materialization_v1/ru_spoof/6d/6d5fd885154bdeec964c773f6c8443794293a47bc6e2379c249858578063743f.wav,9edfd49d8f04fc66389bbd76a584319ae39ad48e433ac1b1cc849ea540d1476c,test,spoof,ru,false,qwen3_tts_customvoice_aiden_v4_final_salvage:fixed-profile:qwen3_tts_0_6b_customvoice_aiden_q8_0,qwen3_tts_customvoice_aiden_v4_final_salvage,"Apache-2.0: Qwen CustomVoice and tokenizer model cards, cstr GGUF conversion cards, and CrispASR runtime release; permitted only for this project's personal-research scope with no training, calibration, product, re-hosting, verified-speaker or speaker-independence claim","One-shot local text-only derivative of frozen common_voice_ru_v24_v4_final_salvage text 49893911cabf21073e0657696d99f2fa0338c83e27eff3ae0f59d90da03eb5f8; no reference audio, cloning, resynthesis, replacement or backfill",qwen3_tts_customvoice_aiden_v4_final_salvage:synthetic-profile:qwen3_tts_0_6b_customvoice_aiden_q8_0,49893911cabf21073e0657696d99f2fa0338c83e27eff3ae0f59d90da03eb5f8,52da58ae3e3ae727ed2d1d58c3bb9f02b951d5a9f22f34d8f43a21bdd06fe166,3.04,qwen3_tts_customvoice_gguf,Qwen3-TTS 0.6B CustomVoice Q8_0 GGUF,talker-cstr-29094dcb46f19b0898616aa9aeb876aa9aa6e086-5227dcbc4df7c5533341d111cc469fa491a48e722b23dd10f553181b52dff2d9; codec-cstr-344e279551177654762e5c7d39e217834325f222-70dc95dbfdd9aa5d9d406236ff771d061bf17b0cda02a72513953355606e719b; crispasr-v0.8.28-99e990ae-c2413af7d5e70a166b74fe96f5afb6d7463f1414a5ac2dea7cd982da9f83f827; fixed-aiden; wrapper-f02d93fd7ee064539771a868c5033bc163bec1c94c838eb1152c52eb7eb677b7,qwen3_tts_customvoice:aiden,not_applicable:text_only_no_reference_audio,cuda:0,offline_text_only_final_materialization,16000,wav,synthesis_text_sha256=52da58ae3e3ae727ed2d1d58c3bb9f02b951d5a9f22f34d8f43a21bdd06fe166;reference_audio=forbidden;voice_cloning=false,1390041262,2026-08-16T01:00:00+06:00
qwen3_tts_customvoice_aiden_v4_final_salvage:6e9acd2a1a639b69f1b0,processed/v4/xlsr_sls_model_v4_final_salvage_materialization_v1/ru_spoof/d9/d91c8f4d2360b95c348401d2596d4670c70a2424805f6eec0d84d164b72ef0e7.wav,9c9113793239d95c4278bc5e3d2033f991eacb4ec9804ccf1a54bf95205ad18a,test,spoof,ru,false,qwen3_tts_customvoice_aiden_v4_final_salvage:fixed-profile:qwen3_tts_0_6b_customvoice_aiden_q8_0,qwen3_tts_customvoice_aiden_v4_final_salvage,"Apache-2.0: Qwen CustomVoice and tokenizer model cards, cstr GGUF conversion cards, and CrispASR runtime release; permitted only for this project's personal-research scope with no training, calibration, product, re-hosting, verified-speaker or speaker-independence claim","One-shot local text-only derivative of frozen common_voice_ru_v24_v4_final_salvage text 5ba8134f01d300232b411be849356b23a77824ed7b259610ab859eab34912d89; no reference audio, cloning, resynthesis, replacement or backfill",qwen3_tts_customvoice_aiden_v4_final_salvage:synthetic-profile:qwen3_tts_0_6b_customvoice_aiden_q8_0,5ba8134f01d300232b411be849356b23a77824ed7b259610ab859eab34912d89,79fdae4eafb60d639684dcf0f79a5c9c473dc370bb2dc27e82c866077f37dedf,3.52,qwen3_tts_customvoice_gguf,Qwen3-TTS 0.6B CustomVoice Q8_0 GGUF,talker-cstr-29094dcb46f19b0898616aa9aeb876aa9aa6e086-5227dcbc4df7c5533341d111cc469fa491a48e722b23dd10f553181b52dff2d9; codec-cstr-344e279551177654762e5c7d39e217834325f222-70dc95dbfdd9aa5d9d406236ff771d061bf17b0cda02a72513953355606e719b; crispasr-v0.8.28-99e990ae-c2413af7d5e70a166b74fe96f5afb6d7463f1414a5ac2dea7cd982da9f83f827; fixed-aiden; wrapper-f02d93fd7ee064539771a868c5033bc163bec1c94c838eb1152c52eb7eb677b7,qwen3_tts_customvoice:aiden,not_applicable:text_only_no_reference_audio,cuda:0,offline_text_only_final_materialization,16000,wav,synthesis_text_sha256=79fdae4eafb60d639684dcf0f79a5c9c473dc370bb2dc27e82c866077f37dedf;reference_audio=forbidden;voice_cloning=false,2046668366,2026-08-16T01:00:00+06:00
qwen3_tts_customvoice_aiden_v4_final_salvage:d6a95a13d4a0e29d09c2,processed/v4/xlsr_sls_model_v4_final_salvage_materialization_v1/ru_spoof/7a/7aae43d563d1a7659f416296941ffd0d3940ae0ea4e7dc79b2c1c133c4745179.wav,166a95f0f4caf6f1e4064fc5361b070c830a4ced8dfd10fcf7d3922101ce1fee,test,spoof,ru,false,qwen3_tts_customvoice_aiden_v4_final_salvage:fixed-profile:qwen3_tts_0_6b_customvoice_aiden_q8_0,qwen3_tts_customvoice_aiden_v4_final_salvage,"Apache-2.0: Qwen CustomVoice and tokenizer model cards, cstr GGUF conversion cards, and CrispASR runtime release; permitted only for this project's personal-research scope with no training, calibration, product, re-hosting, verified-speaker or speaker-independence claim","One-shot local text-only derivative of frozen common_voice_ru_v24_v4_final_salvage text b64ab74fad2e925cdd8a723cc66b84d642d0e7c24ee4b4e1067dcbcf1600a511; no reference audio, cloning, resynthesis, replacement or backfill",qwen3_tts_customvoice_aiden_v4_final_salvage:synthetic-profile:qwen3_tts_0_6b_customvoice_aiden_q8_0,b64ab74fad2e925cdd8a723cc66b84d642d0e7c24ee4b4e1067dcbcf1600a511,970f8aabfed813907fae3f52da6ebf603a1e07146a2da9681ec2436f5f38cf0a,6.56,qwen3_tts_customvoice_gguf,Qwen3-TTS 0.6B CustomVoice Q8_0 GGUF,talker-cstr-29094dcb46f19b0898616aa9aeb876aa9aa6e086-5227dcbc4df7c5533341d111cc469fa491a48e722b23dd10f553181b52dff2d9; codec-cstr-344e279551177654762e5c7d39e217834325f222-70dc95dbfdd9aa5d9d406236ff771d061bf17b0cda02a72513953355606e719b; crispasr-v0.8.28-99e990ae-c2413af7d5e70a166b74fe96f5afb6d7463f1414a5ac2dea7cd982da9f83f827; fixed-aiden; wrapper-f02d93fd7ee064539771a868c5033bc163bec1c94c838eb1152c52eb7eb677b7,qwen3_tts_customvoice:aiden,not_applicable:text_only_no_reference_audio,cuda:0,offline_text_only_final_materialization,16000,wav,synthesis_text_sha256=970f8aabfed813907fae3f52da6ebf603a1e07146a2da9681ec2436f5f38cf0a;reference_audio=forbidden;voice_cloning=false,2534378155,2026-08-16T01:00:00+06:00
qwen3_tts_customvoice_aiden_v4_final_salvage:bd59a02d8c3b75feaddd,processed/v4/xlsr_sls_model_v4_final_salvage_materialization_v1/ru_spoof/56/56a0015fea0bcb0f0ca28110ee56bad1ed7e6e2544faa6ef2484b625f98539d4.wav,53917f3377a873ad6db00f00d4b328e96662408ece5d38f7426b6913c9034ce6,test,spoof,ru,false,qwen3_tts_customvoice_aiden_v4_final_salvage:fixed-profile:qwen3_tts_0_6b_customvoice_aiden_q8_0,qwen3_tts_customvoice_aiden_v4_final_salvage,"Apache-2.0: Qwen CustomVoice and tokenizer model cards, cstr GGUF conversion cards, and CrispASR runtime release; permitted only for this project's personal-research scope with no training, calibration, product, re-hosting, verified-speaker or speaker-independence claim","One-shot local text-only derivative of frozen common_voice_ru_v24_v4_final_salvage text c993401fd773c29b4e052c55c31e84041333ada26bef84cd351765a795aa9106; no reference audio, cloning, resynthesis, replacement or backfill",qwen3_tts_customvoice_aiden_v4_final_salvage:synthetic-profile:qwen3_tts_0_6b_customvoice_aiden_q8_0,c993401fd773c29b4e052c55c31e84041333ada26bef84cd351765a795aa9106,38af15ceb1db6afb296803fa3a4b01118ffb63f57ad6dcfac9144a5d13cde828,5.92,qwen3_tts_customvoice_gguf,Qwen3-TTS 0.6B CustomVoice Q8_0 GGUF,talker-cstr-29094dcb46f19b0898616aa9aeb876aa9aa6e086-5227dcbc4df7c5533341d111cc469fa491a48e722b23dd10f553181b52dff2d9; codec-cstr-344e279551177654762e5c7d39e217834325f222-70dc95dbfdd9aa5d9d406236ff771d061bf17b0cda02a72513953355606e719b; crispasr-v0.8.28-99e990ae-c2413af7d5e70a166b74fe96f5afb6d7463f1414a5ac2dea7cd982da9f83f827; fixed-aiden; wrapper-f02d93fd7ee064539771a868c5033bc163bec1c94c838eb1152c52eb7eb677b7,qwen3_tts_customvoice:aiden,not_applicable:text_only_no_reference_audio,cuda:0,offline_text_only_final_materialization,16000,wav,synthesis_text_sha256=38af15ceb1db6afb296803fa3a4b01118ffb63f57ad6dcfac9144a5d13cde828;reference_audio=forbidden;voice_cloning=false,950998478,2026-08-16T01:00:00+06:00
qwen3_tts_customvoice_aiden_v4_final_salvage:d3a7f5d53ed28a039fd5,processed/v4/xlsr_sls_model_v4_final_salvage_materialization_v1/ru_spoof/84/8470e5d21c144060805af99596dd74e8f16e989f75de371b4455af220ee42ee4.wav,833965b081ccc8f8ba608465cb9c58f32849c1159d52ef0844140343a1d8bf31,test,spoof,ru,false,qwen3_tts_customvoice_aiden_v4_final_salvage:fixed-profile:qwen3_tts_0_6b_customvoice_aiden_q8_0,qwen3_tts_customvoice_aiden_v4_final_salvage,"Apache-2.0: Qwen CustomVoice and tokenizer model cards, cstr GGUF conversion cards, and CrispASR runtime release; permitted only for this project's personal-research scope with no training, calibration, product, re-hosting, verified-speaker or speaker-independence claim","One-shot local text-only derivative of frozen common_voice_ru_v24_v4_final_salvage text 821f5fd2b22b8afa104f249c43bc2416cb5b420a1e62e4f4ef1874983adfb56c; no reference audio, cloning, resynthesis, replacement or backfill",qwen3_tts_customvoice_aiden_v4_final_salvage:synthetic-profile:qwen3_tts_0_6b_customvoice_aiden_q8_0,821f5fd2b22b8afa104f249c43bc2416cb5b420a1e62e4f4ef1874983adfb56c,a74e3167259ec0695077125e15d45c8dd5226610af78aa8591d4a9a80a08496d,5.52,qwen3_tts_customvoice_gguf,Qwen3-TTS 0.6B CustomVoice Q8_0 GGUF,talker-cstr-29094dcb46f19b0898616aa9aeb876aa9aa6e086-5227dcbc4df7c5533341d111cc469fa491a48e722b23dd10f553181b52dff2d9; codec-cstr-344e279551177654762e5c7d39e217834325f222-70dc95dbfdd9aa5d9d406236ff771d061bf17b0cda02a72513953355606e719b; crispasr-v0.8.28-99e990ae-c2413af7d5e70a166b74fe96f5afb6d7463f1414a5ac2dea7cd982da9f83f827; fixed-aiden; wrapper-f02d93fd7ee064539771a868c5033bc163bec1c94c838eb1152c52eb7eb677b7,qwen3_tts_customvoice:aiden,not_applicable:text_only_no_reference_audio,cuda:0,offline_text_only_final_materialization,16000,wav,synthesis_text_sha256=a74e3167259ec0695077125e15d45c8dd5226610af78aa8591d4a9a80a08496d;reference_audio=forbidden;voice_cloning=false,2806919527,2026-08-16T01:00:00+06:00
qwen3_tts_customvoice_aiden_v4_final_salvage:df0586d8e6337aaf86b8,processed/v4/xlsr_sls_model_v4_final_salvage_materialization_v1/ru_spoof/66/660a82f5796324520faf57de5a02b0ed7fbfae3480e5b0b8228c0966dc85ae92.wav,7fddf19952b0f248be68b353f63296f742493b2c2c0b79b48768b2eee6b1d954,test,spoof,ru,false,qwen3_tts_customvoice_aiden_v4_final_salvage:fixed-profile:qwen3_tts_0_6b_customvoice_aiden_q8_0,qwen3_tts_customvoice_aiden_v4_final_salvage,"Apache-2.0: Qwen CustomVoice and tokenizer model cards, cstr GGUF conversion cards, and CrispASR runtime release; permitted only for this project's personal-research scope with no training, calibration, product, re-hosting, verified-speaker or speaker-independence claim","One-shot local text-only derivative of frozen common_voice_ru_v24_v4_final_salvage text 4aa37f1c181ab06975730fee0f171c3a1e55d7fec2381f21b62c90115b7fcf1b; no reference audio, cloning, resynthesis, replacement or backfill",qwen3_tts_customvoice_aiden_v4_final_salvage:synthetic-profile:qwen3_tts_0_6b_customvoice_aiden_q8_0,4aa37f1c181ab06975730fee0f171c3a1e55d7fec2381f21b62c90115b7fcf1b,363e58982c9aec46b2834d96ff5e1889cf0a61a8fd0928dad382453bf30709a0,3.84,qwen3_tts_customvoice_gguf,Qwen3-TTS 0.6B CustomVoice Q8_0 GGUF,talker-cstr-29094dcb46f19b0898616aa9aeb876aa9aa6e086-5227dcbc4df7c5533341d111cc469fa491a48e722b23dd10f553181b52dff2d9; codec-cstr-344e279551177654762e5c7d39e217834325f222-70dc95dbfdd9aa5d9d406236ff771d061bf17b0cda02a72513953355606e719b; crispasr-v0.8.28-99e990ae-c2413af7d5e70a166b74fe96f5afb6d7463f1414a5ac2dea7cd982da9f83f827; fixed-aiden; wrapper-f02d93fd7ee064539771a868c5033bc163bec1c94c838eb1152c52eb7eb677b7,qwen3_tts_customvoice:aiden,not_applicable:text_only_no_reference_audio,cuda:0,offline_text_only_final_materialization,16000,wav,synthesis_text_sha256=363e58982c9aec46b2834d96ff5e1889cf0a61a8fd0928dad382453bf30709a0;reference_audio=forbidden;voice_cloning=false,910055576,2026-08-16T01:00:00+06:00
qwen3_tts_customvoice_aiden_v4_final_salvage:c0db7c40f4003a9059af,processed/v4/xlsr_sls_model_v4_final_salvage_materialization_v1/ru_spoof/32/32db5a4eb43073050988d2bdb085c31c6207baf6c2469c8194595da8d5d71b6d.wav,d85139141f576f02ca4b6b09eb72bea84e7f2a34aa91eca3a80dd99662fada47,test,spoof,ru,false,qwen3_tts_customvoice_aiden_v4_final_salvage:fixed-profile:qwen3_tts_0_6b_customvoice_aiden_q8_0,qwen3_tts_customvoice_aiden_v4_final_salvage,"Apache-2.0: Qwen CustomVoice and tokenizer model cards, cstr GGUF conversion cards, and CrispASR runtime release; permitted only for this project's personal-research scope with no training, calibration, product, re-hosting, verified-speaker or speaker-independence claim","One-shot local text-only derivative of frozen common_voice_ru_v24_v4_final_salvage text b003d7e461b31f4a54259eb3316825ada3f91bfdb028095244ff57697e71b89d; no reference audio, cloning, resynthesis, replacement or backfill",qwen3_tts_customvoice_aiden_v4_final_salvage:synthetic-profile:qwen3_tts_0_6b_customvoice_aiden_q8_0,b003d7e461b31f4a54259eb3316825ada3f91bfdb028095244ff57697e71b89d,24e1eed344cf51f595dd635a20d94287a43b831d0d974739e8713a60ea66cb4a,3.04,qwen3_tts_customvoice_gguf,Qwen3-TTS 0.6B CustomVoice Q8_0 GGUF,talker-cstr-29094dcb46f19b0898616aa9aeb876aa9aa6e086-5227dcbc4df7c5533341d111cc469fa491a48e722b23dd10f553181b52dff2d9; codec-cstr-344e279551177654762e5c7d39e217834325f222-70dc95dbfdd9aa5d9d406236ff771d061bf17b0cda02a72513953355606e719b; crispasr-v0.8.28-99e990ae-c2413af7d5e70a166b74fe96f5afb6d7463f1414a5ac2dea7cd982da9f83f827; fixed-aiden; wrapper-f02d93fd7ee064539771a868c5033bc163bec1c94c838eb1152c52eb7eb677b7,qwen3_tts_customvoice:aiden,not_applicable:text_only_no_reference_audio,cuda:0,offline_text_only_final_materialization,16000,wav,synthesis_text_sha256=24e1eed344cf51f595dd635a20d94287a43b831d0d974739e8713a60ea66cb4a;reference_audio=forbidden;voice_cloning=false,618786515,2026-08-16T01:00:00+06:00
qwen3_tts_customvoice_aiden_v4_final_salvage:3090916742a6d78c67d5,processed/v4/xlsr_sls_model_v4_final_salvage_materialization_v1/ru_spoof/39/3949042df46e59e463a1bca3fbeb6db34b727ce28a87f041b9965b352dfdfb15.wav,1310267f0b96417d88df8ad6b8d749ede2bdf6efbb90d1d89f820fae7f6616bf,test,spoof,ru,false,qwen3_tts_customvoice_aiden_v4_final_salvage:fixed-profile:qwen3_tts_0_6b_customvoice_aiden_q8_0,qwen3_tts_customvoice_aiden_v4_final_salvage,"Apache-2.0: Qwen CustomVoice and tokenizer model cards, cstr GGUF conversion cards, and CrispASR runtime release; permitted only for this project's personal-research scope with no training, calibration, product, re-hosting, verified-speaker or speaker-independence claim","One-shot local text-only derivative of frozen common_voice_ru_v24_v4_final_salvage text 6da9da6f42e87a516d1e45100f72a5182690157da314f81b1ed325287d7abd93; no reference audio, cloning, resynthesis, replacement or backfill",qwen3_tts_customvoice_aiden_v4_final_salvage:synthetic-profile:qwen3_tts_0_6b_customvoice_aiden_q8_0,6da9da6f42e87a516d1e45100f72a5182690157da314f81b1ed325287d7abd93,81e6b062ec8ed34841a5e2125fd9f79ea5bd089d33ce9cf62c39da21095efa9f,7.84,qwen3_tts_customvoice_gguf,Qwen3-TTS 0.6B CustomVoice Q8_0 GGUF,talker-cstr-29094dcb46f19b0898616aa9aeb876aa9aa6e086-5227dcbc4df7c5533341d111cc469fa491a48e722b23dd10f553181b52dff2d9; codec-cstr-344e279551177654762e5c7d39e217834325f222-70dc95dbfdd9aa5d9d406236ff771d061bf17b0cda02a72513953355606e719b; crispasr-v0.8.28-99e990ae-c2413af7d5e70a166b74fe96f5afb6d7463f1414a5ac2dea7cd982da9f83f827; fixed-aiden; wrapper-f02d93fd7ee064539771a868c5033bc163bec1c94c838eb1152c52eb7eb677b7,qwen3_tts_customvoice:aiden,not_applicable:text_only_no_reference_audio,cuda:0,offline_text_only_final_materialization,16000,wav,synthesis_text_sha256=81e6b062ec8ed34841a5e2125fd9f79ea5bd089d33ce9cf62c39da21095efa9f;reference_audio=forbidden;voice_cloning=false,2179379298,2026-08-16T01:00:00+06:00
qwen3_tts_customvoice_aiden_v4_final_salvage:e047d6d29472c18e9c63,processed/v4/xlsr_sls_model_v4_final_salvage_materialization_v1/ru_spoof/ed/ed4e6c57de8598ea741279a0bb7d703656423d60dad7349196af4f2f9551c5bf.wav,0d5c291dd46a0f2495e57722392a8d7d9040b8445f4cc58c63541c44e97ad6ca,test,spoof,ru,false,qwen3_tts_customvoice_aiden_v4_final_salvage:fixed-profile:qwen3_tts_0_6b_customvoice_aiden_q8_0,qwen3_tts_customvoice_aiden_v4_final_salvage,"Apache-2.0: Qwen CustomVoice and tokenizer model cards, cstr GGUF conversion cards, and CrispASR runtime release; permitted only for this project's personal-research scope with no training, calibration, product, re-hosting, verified-speaker or speaker-independence claim","One-shot local text-only derivative of frozen common_voice_ru_v24_v4_final_salvage text a0c5f041e817c9a50cbfb0f1d7c738ab34bc743252f6b703f81e7f2ba77254b8; no reference audio, cloning, resynthesis, replacement or backfill",qwen3_tts_customvoice_aiden_v4_final_salvage:synthetic-profile:qwen3_tts_0_6b_customvoice_aiden_q8_0,a0c5f041e817c9a50cbfb0f1d7c738ab34bc743252f6b703f81e7f2ba77254b8,ba8dd10e94f31436c17eec3b8ce34d95bda0c4760f3ff4a368188f75832ff636,3.44,qwen3_tts_customvoice_gguf,Qwen3-TTS 0.6B CustomVoice Q8_0 GGUF,talker-cstr-29094dcb46f19b0898616aa9aeb876aa9aa6e086-5227dcbc4df7c5533341d111cc469fa491a48e722b23dd10f553181b52dff2d9; codec-cstr-344e279551177654762e5c7d39e217834325f222-70dc95dbfdd9aa5d9d406236ff771d061bf17b0cda02a72513953355606e719b; crispasr-v0.8.28-99e990ae-c2413af7d5e70a166b74fe96f5afb6d7463f1414a5ac2dea7cd982da9f83f827; fixed-aiden; wrapper-f02d93fd7ee064539771a868c5033bc163bec1c94c838eb1152c52eb7eb677b7,qwen3_tts_customvoice:aiden,not_applicable:text_only_no_reference_audio,cuda:0,offline_text_only_final_materialization,16000,wav,synthesis_text_sha256=ba8dd10e94f31436c17eec3b8ce34d95bda0c4760f3ff4a368188f75832ff636;reference_audio=forbidden;voice_cloning=false,3129856270,2026-08-16T01:00:00+06:00
qwen3_tts_customvoice_aiden_v4_final_salvage:817ce3a3e7f2369e9380,processed/v4/xlsr_sls_model_v4_final_salvage_materialization_v1/ru_spoof/d9/d9f405588aa2de75cf69acff469a167a03f7e900e0f858e8ff06f32ed659c874.wav,2fec89199157ca95a75679f6b2914e7074aef7d4b2634788027ab7736c0014d6,test,spoof,ru,false,qwen3_tts_customvoice_aiden_v4_final_salvage:fixed-profile:qwen3_tts_0_6b_customvoice_aiden_q8_0,qwen3_tts_customvoice_aiden_v4_final_salvage,"Apache-2.0: Qwen CustomVoice and tokenizer model cards, cstr GGUF conversion cards, and CrispASR runtime release; permitted only for this project's personal-research scope with no training, calibration, product, re-hosting, verified-speaker or speaker-independence claim","One-shot local text-only derivative of frozen common_voice_ru_v24_v4_final_salvage text 5f52300f9a83916fba003a5847ce1d153f0922badc37dc7dc866e3b1fca30a97; no reference audio, cloning, resynthesis, replacement or backfill",qwen3_tts_customvoice_aiden_v4_final_salvage:synthetic-profile:qwen3_tts_0_6b_customvoice_aiden_q8_0,5f52300f9a83916fba003a5847ce1d153f0922badc37dc7dc866e3b1fca30a97,bdb611a437062002f01650d0dffe7289e8c6f14a3d27ed071e3e5ab62edbfd83,7.36,qwen3_tts_customvoice_gguf,Qwen3-TTS 0.6B CustomVoice Q8_0 GGUF,talker-cstr-29094dcb46f19b0898616aa9aeb876aa9aa6e086-5227dcbc4df7c5533341d111cc469fa491a48e722b23dd10f553181b52dff2d9; codec-cstr-344e279551177654762e5c7d39e217834325f222-70dc95dbfdd9aa5d9d406236ff771d061bf17b0cda02a72513953355606e719b; crispasr-v0.8.28-99e990ae-c2413af7d5e70a166b74fe96f5afb6d7463f1414a5ac2dea7cd982da9f83f827; fixed-aiden; wrapper-f02d93fd7ee064539771a868c5033bc163bec1c94c838eb1152c52eb7eb677b7,qwen3_tts_customvoice:aiden,not_applicable:text_only_no_reference_audio,cuda:0,offline_text_only_final_materialization,16000,wav,synthesis_text_sha256=bdb611a437062002f01650d0dffe7289e8c6f14a3d27ed071e3e5ab62edbfd83;reference_audio=forbidden;voice_cloning=false,3182825892,2026-08-16T01:00:00+06:00
qwen3_tts_customvoice_aiden_v4_final_salvage:20ce3d66917504db2e36,processed/v4/xlsr_sls_model_v4_final_salvage_materialization_v1/ru_spoof/57/572d9b39ca2987ee2f819402c6e041eb648f189c69ab9d924eb0e358229bab64.wav,bd73f840a6d076929161e7fb767d1c638431bc0d3153686ac7bd2bd886979cbd,test,spoof,ru,false,qwen3_tts_customvoice_aiden_v4_final_salvage:fixed-profile:qwen3_tts_0_6b_customvoice_aiden_q8_0,qwen3_tts_customvoice_aiden_v4_final_salvage,"Apache-2.0: Qwen CustomVoice and tokenizer model cards, cstr GGUF conversion cards, and CrispASR runtime release; permitted only for this project's personal-research scope with no training, calibration, product, re-hosting, verified-speaker or speaker-independence claim","One-shot local text-only derivative of frozen common_voice_ru_v24_v4_final_salvage text 215a7add7cfb4898cba485dfbe672d2660114bc9ccaca554dc70bbfd9c1937f3; no reference audio, cloning, resynthesis, replacement or backfill",qwen3_tts_customvoice_aiden_v4_final_salvage:synthetic-profile:qwen3_tts_0_6b_customvoice_aiden_q8_0,215a7add7cfb4898cba485dfbe672d2660114bc9ccaca554dc70bbfd9c1937f3,57fd8d91b1f569e49496391e17e540892b233883adb50d498183921f8723865e,4.4,qwen3_tts_customvoice_gguf,Qwen3-TTS 0.6B CustomVoice Q8_0 GGUF,talker-cstr-29094dcb46f19b0898616aa9aeb876aa9aa6e086-5227dcbc4df7c5533341d111cc469fa491a48e722b23dd10f553181b52dff2d9; codec-cstr-344e279551177654762e5c7d39e217834325f222-70dc95dbfdd9aa5d9d406236ff771d061bf17b0cda02a72513953355606e719b; crispasr-v0.8.28-99e990ae-c2413af7d5e70a166b74fe96f5afb6d7463f1414a5ac2dea7cd982da9f83f827; fixed-aiden; wrapper-f02d93fd7ee064539771a868c5033bc163bec1c94c838eb1152c52eb7eb677b7,qwen3_tts_customvoice:aiden,not_applicable:text_only_no_reference_audio,cuda:0,offline_text_only_final_materialization,16000,wav,synthesis_text_sha256=57fd8d91b1f569e49496391e17e540892b233883adb50d498183921f8723865e;reference_audio=forbidden;voice_cloning=false,1476234641,2026-08-16T01:00:00+06:00
qwen3_tts_customvoice_aiden_v4_final_salvage:27a6376a1018d31e2aa7,processed/v4/xlsr_sls_model_v4_final_salvage_materialization_v1/ru_spoof/13/13cc3a7f1ae5b3d81325f3da3837a97710b6462b365a682472c29ae6f750e969.wav,f866656ae33f97e7dced25c275099187a9e3e4d911b663e2bf2723d3d71d15f4,test,spoof,ru,false,qwen3_tts_customvoice_aiden_v4_final_salvage:fixed-profile:qwen3_tts_0_6b_customvoice_aiden_q8_0,qwen3_tts_customvoice_aiden_v4_final_salvage,"Apache-2.0: Qwen CustomVoice and tokenizer model cards, cstr GGUF conversion cards, and CrispASR runtime release; permitted only for this project's personal-research scope with no training, calibration, product, re-hosting, verified-speaker or speaker-independence claim","One-shot local text-only derivative of frozen common_voice_ru_v24_v4_final_salvage text c7a18fe1db1524197fbab112af6e3d206eda773a3d838ff854b2869fbcda9ba0; no reference audio, cloning, resynthesis, replacement or backfill",qwen3_tts_customvoice_aiden_v4_final_salvage:synthetic-profile:qwen3_tts_0_6b_customvoice_aiden_q8_0,c7a18fe1db1524197fbab112af6e3d206eda773a3d838ff854b2869fbcda9ba0,01eb8d6838036fd8074b98c0222e9855baff64b7cf4c1d71462486fefedd6faf,6.24,qwen3_tts_customvoice_gguf,Qwen3-TTS 0.6B CustomVoice Q8_0 GGUF,talker-cstr-29094dcb46f19b0898616aa9aeb876aa9aa6e086-5227dcbc4df7c5533341d111cc469fa491a48e722b23dd10f553181b52dff2d9; codec-cstr-344e279551177654762e5c7d39e217834325f222-70dc95dbfdd9aa5d9d406236ff771d061bf17b0cda02a72513953355606e719b; crispasr-v0.8.28-99e990ae-c2413af7d5e70a166b74fe96f5afb6d7463f1414a5ac2dea7cd982da9f83f827; fixed-aiden; wrapper-f02d93fd7ee064539771a868c5033bc163bec1c94c838eb1152c52eb7eb677b7,qwen3_tts_customvoice:aiden,not_applicable:text_only_no_reference_audio,cuda:0,offline_text_only_final_materialization,16000,wav,synthesis_text_sha256=01eb8d6838036fd8074b98c0222e9855baff64b7cf4c1d71462486fefedd6faf;reference_audio=forbidden;voice_cloning=false,32214376,2026-08-16T01:00:00+06:00
qwen3_tts_customvoice_aiden_v4_final_salvage:dad61ae0cfb4f94a61a7,processed/v4/xlsr_sls_model_v4_final_salvage_materialization_v1/ru_spoof/4a/4a6e0d79998ae1a7b1fbc4403bee4d2bd4c8fd935702dc91ffbb7d5af5924f45.wav,896612dce5556e2b6c9391fcf03382d1110a4017c36c70ad25373db7ba4eda8a,test,spoof,ru,false,qwen3_tts_customvoice_aiden_v4_final_salvage:fixed-profile:qwen3_tts_0_6b_customvoice_aiden_q8_0,qwen3_tts_customvoice_aiden_v4_final_salvage,"Apache-2.0: Qwen CustomVoice and tokenizer model cards, cstr GGUF conversion cards, and CrispASR runtime release; permitted only for this project's personal-research scope with no training, calibration, product, re-hosting, verified-speaker or speaker-independence claim","One-shot local text-only derivative of frozen common_voice_ru_v24_v4_final_salvage text 157d79f648c590d9589063344047cdac9c8d7f41cbb5c2bf9945946cacf20a18; no reference audio, cloning, resynthesis, replacement or backfill",qwen3_tts_customvoice_aiden_v4_final_salvage:synthetic-profile:qwen3_tts_0_6b_customvoice_aiden_q8_0,157d79f648c590d9589063344047cdac9c8d7f41cbb5c2bf9945946cacf20a18,fc6eeddc72cfcf5d2683082711b3779a458ec7f1eea39b6c9ee36941a75b988b,5.36,qwen3_tts_customvoice_gguf,Qwen3-TTS 0.6B CustomVoice Q8_0 GGUF,talker-cstr-29094dcb46f19b0898616aa9aeb876aa9aa6e086-5227dcbc4df7c5533341d111cc469fa491a48e722b23dd10f553181b52dff2d9; codec-cstr-344e279551177654762e5c7d39e217834325f222-70dc95dbfdd9aa5d9d406236ff771d061bf17b0cda02a72513953355606e719b; crispasr-v0.8.28-99e990ae-c2413af7d5e70a166b74fe96f5afb6d7463f1414a5ac2dea7cd982da9f83f827; fixed-aiden; wrapper-f02d93fd7ee064539771a868c5033bc163bec1c94c838eb1152c52eb7eb677b7,qwen3_tts_customvoice:aiden,not_applicable:text_only_no_reference_audio,cuda:0,offline_text_only_final_materialization,16000,wav,synthesis_text_sha256=fc6eeddc72cfcf5d2683082711b3779a458ec7f1eea39b6c9ee36941a75b988b;reference_audio=forbidden;voice_cloning=false,4235128284,2026-08-16T01:00:00+06:00
qwen3_tts_customvoice_aiden_v4_final_salvage:2a691376f38d42724b8a,processed/v4/xlsr_sls_model_v4_final_salvage_materialization_v1/ru_spoof/97/9790b1ab955e81a95868a244acb8e1a583c6e1a6cb765a25593f9fb7f4e02e2a.wav,4b0c1b9771c16ca7fc90b9945c4f07316a112b49f401d2f88dc3455389556c38,test,spoof,ru,false,qwen3_tts_customvoice_aiden_v4_final_salvage:fixed-profile:qwen3_tts_0_6b_customvoice_aiden_q8_0,qwen3_tts_customvoice_aiden_v4_final_salvage,"Apache-2.0: Qwen CustomVoice and tokenizer model cards, cstr GGUF conversion cards, and CrispASR runtime release; permitted only for this project's personal-research scope with no training, calibration, product, re-hosting, verified-speaker or speaker-independence claim","One-shot local text-only derivative of frozen common_voice_ru_v24_v4_final_salvage text 129bc293cfb0f89b2a85a732182eb5c6909ee6b32cabccf24d23252e90b04545; no reference audio, cloning, resynthesis, replacement or backfill",qwen3_tts_customvoice_aiden_v4_final_salvage:synthetic-profile:qwen3_tts_0_6b_customvoice_aiden_q8_0,129bc293cfb0f89b2a85a732182eb5c6909ee6b32cabccf24d23252e90b04545,a04e8727c721848a5c2018d5ef60503f0647bdc61e28c00995ff31f3da875ff2,3.44,qwen3_tts_customvoice_gguf,Qwen3-TTS 0.6B CustomVoice Q8_0 GGUF,talker-cstr-29094dcb46f19b0898616aa9aeb876aa9aa6e086-5227dcbc4df7c5533341d111cc469fa491a48e722b23dd10f553181b52dff2d9; codec-cstr-344e279551177654762e5c7d39e217834325f222-70dc95dbfdd9aa5d9d406236ff771d061bf17b0cda02a72513953355606e719b; crispasr-v0.8.28-99e990ae-c2413af7d5e70a166b74fe96f5afb6d7463f1414a5ac2dea7cd982da9f83f827; fixed-aiden; wrapper-f02d93fd7ee064539771a868c5033bc163bec1c94c838eb1152c52eb7eb677b7,qwen3_tts_customvoice:aiden,not_applicable:text_only_no_reference_audio,cuda:0,offline_text_only_final_materialization,16000,wav,synthesis_text_sha256=a04e8727c721848a5c2018d5ef60503f0647bdc61e28c00995ff31f3da875ff2;reference_audio=forbidden;voice_cloning=false,2689500967,2026-08-16T01:00:00+06:00
qwen3_tts_customvoice_aiden_v4_final_salvage:bd9dfc3345a64c864bfa,processed/v4/xlsr_sls_model_v4_final_salvage_materialization_v1/ru_spoof/73/73aada5ba1da58e5e8850351a3124af9bedaecb262025c96252f2805d460dff6.wav,519343fd5cf3d027d8913623f813b467183f761fbdb15c48b9c33940ad7edb7a,test,spoof,ru,false,qwen3_tts_customvoice_aiden_v4_final_salvage:fixed-profile:qwen3_tts_0_6b_customvoice_aiden_q8_0,qwen3_tts_customvoice_aiden_v4_final_salvage,"Apache-2.0: Qwen CustomVoice and tokenizer model cards, cstr GGUF conversion cards, and CrispASR runtime release; permitted only for this project's personal-research scope with no training, calibration, product, re-hosting, verified-speaker or speaker-independence claim","One-shot local text-only derivative of frozen common_voice_ru_v24_v4_final_salvage text ab7896406ff31af688846a3c2025f50c4067a380418180c1fc5b855f9997f661; no reference audio, cloning, resynthesis, replacement or backfill",qwen3_tts_customvoice_aiden_v4_final_salvage:synthetic-profile:qwen3_tts_0_6b_customvoice_aiden_q8_0,ab7896406ff31af688846a3c2025f50c4067a380418180c1fc5b855f9997f661,486a9c6aae81dd4b495ea7f49810df6b686f940131886c680277646c089a472c,6.0,qwen3_tts_customvoice_gguf,Qwen3-TTS 0.6B CustomVoice Q8_0 GGUF,talker-cstr-29094dcb46f19b0898616aa9aeb876aa9aa6e086-5227dcbc4df7c5533341d111cc469fa491a48e722b23dd10f553181b52dff2d9; codec-cstr-344e279551177654762e5c7d39e217834325f222-70dc95dbfdd9aa5d9d406236ff771d061bf17b0cda02a72513953355606e719b; crispasr-v0.8.28-99e990ae-c2413af7d5e70a166b74fe96f5afb6d7463f1414a5ac2dea7cd982da9f83f827; fixed-aiden; wrapper-f02d93fd7ee064539771a868c5033bc163bec1c94c838eb1152c52eb7eb677b7,qwen3_tts_customvoice:aiden,not_applicable:text_only_no_reference_audio,cuda:0,offline_text_only_final_materialization,16000,wav,synthesis_text_sha256=486a9c6aae81dd4b495ea7f49810df6b686f940131886c680277646c089a472c;reference_audio=forbidden;voice_cloning=false,1214946410,2026-08-16T01:00:00+06:00
qwen3_tts_customvoice_aiden_v4_final_salvage:16ad5ab38b7a597a1a71,processed/v4/xlsr_sls_model_v4_final_salvage_materialization_v1/ru_spoof/2a/2afd74d4a1e7e98f17e21f3ba0d7a36a7e24f74eeef0e412232415e7dd90264f.wav,67b416d5253f91a89a800d560aab9b07bf19a6e2d887e272a65173b35c40859c,test,spoof,ru,false,qwen3_tts_customvoice_aiden_v4_final_salvage:fixed-profile:qwen3_tts_0_6b_customvoice_aiden_q8_0,qwen3_tts_customvoice_aiden_v4_final_salvage,"Apache-2.0: Qwen CustomVoice and tokenizer model cards, cstr GGUF conversion cards, and CrispASR runtime release; permitted only for this project's personal-research scope with no training, calibration, product, re-hosting, verified-speaker or speaker-independence claim","One-shot local text-only derivative of frozen common_voice_ru_v24_v4_final_salvage text 30916d971419e9fb54fa0d5878858201982a5d1cf23bb32ac1791b1757264d8c; no reference audio, cloning, resynthesis, replacement or backfill",qwen3_tts_customvoice_aiden_v4_final_salvage:synthetic-profile:qwen3_tts_0_6b_customvoice_aiden_q8_0,30916d971419e9fb54fa0d5878858201982a5d1cf23bb32ac1791b1757264d8c,4a9a71d09b2a601657ee272945fb813b43aa6420493a848198aa2bbfcaf8eed6,5.76,qwen3_tts_customvoice_gguf,Qwen3-TTS 0.6B CustomVoice Q8_0 GGUF,talker-cstr-29094dcb46f19b0898616aa9aeb876aa9aa6e086-5227dcbc4df7c5533341d111cc469fa491a48e722b23dd10f553181b52dff2d9; codec-cstr-344e279551177654762e5c7d39e217834325f222-70dc95dbfdd9aa5d9d406236ff771d061bf17b0cda02a72513953355606e719b; crispasr-v0.8.28-99e990ae-c2413af7d5e70a166b74fe96f5afb6d7463f1414a5ac2dea7cd982da9f83f827; fixed-aiden; wrapper-f02d93fd7ee064539771a868c5033bc163bec1c94c838eb1152c52eb7eb677b7,qwen3_tts_customvoice:aiden,not_applicable:text_only_no_reference_audio,cuda:0,offline_text_only_final_materialization,16000,wav,synthesis_text_sha256=4a9a71d09b2a601657ee272945fb813b43aa6420493a848198aa2bbfcaf8eed6;reference_audio=forbidden;voice_cloning=false,1251635664,2026-08-16T01:00:00+06:00
qwen3_tts_customvoice_aiden_v4_final_salvage:0e1a368fd69c6d9fc2e0,processed/v4/xlsr_sls_model_v4_final_salvage_materialization_v1/ru_spoof/43/4354c0d3a7a8941cb69b3d3806f9e79c917e019cf48c692ddc83f100733ef5f6.wav,ddc43bd2aebd3733903941204196200cffddd1facd2bbbf79a1bddbc54554fd4,test,spoof,ru,false,qwen3_tts_customvoice_aiden_v4_final_salvage:fixed-profile:qwen3_tts_0_6b_customvoice_aiden_q8_0,qwen3_tts_customvoice_aiden_v4_final_salvage,"Apache-2.0: Qwen CustomVoice and tokenizer model cards, cstr GGUF conversion cards, and CrispASR runtime release; permitted only for this project's personal-research scope with no training, calibration, product, re-hosting, verified-speaker or speaker-independence claim","One-shot local text-only derivative of frozen common_voice_ru_v24_v4_final_salvage text 64ec75705cb6089db0d9e4bdb95b46284d299e9bb479b9e864a8832e79f77256; no reference audio, cloning, resynthesis, replacement or backfill",qwen3_tts_customvoice_aiden_v4_final_salvage:synthetic-profile:qwen3_tts_0_6b_customvoice_aiden_q8_0,64ec75705cb6089db0d9e4bdb95b46284d299e9bb479b9e864a8832e79f77256,495034a80cb05cf5a62b8ec6ed2c5385b0361673e31eb9f37337ca34fedab48a,3.76,qwen3_tts_customvoice_gguf,Qwen3-TTS 0.6B CustomVoice Q8_0 GGUF,talker-cstr-29094dcb46f19b0898616aa9aeb876aa9aa6e086-5227dcbc4df7c5533341d111cc469fa491a48e722b23dd10f553181b52dff2d9; codec-cstr-344e279551177654762e5c7d39e217834325f222-70dc95dbfdd9aa5d9d406236ff771d061bf17b0cda02a72513953355606e719b; crispasr-v0.8.28-99e990ae-c2413af7d5e70a166b74fe96f5afb6d7463f1414a5ac2dea7cd982da9f83f827; fixed-aiden; wrapper-f02d93fd7ee064539771a868c5033bc163bec1c94c838eb1152c52eb7eb677b7,qwen3_tts_customvoice:aiden,not_applicable:text_only_no_reference_audio,cuda:0,offline_text_only_final_materialization,16000,wav,synthesis_text_sha256=495034a80cb05cf5a62b8ec6ed2c5385b0361673e31eb9f37337ca34fedab48a;reference_audio=forbidden;voice_cloning=false,1229993128,2026-08-16T01:00:00+06:00
qwen3_tts_customvoice_aiden_v4_final_salvage:804173c2bc002c5c122b,processed/v4/xlsr_sls_model_v4_final_salvage_materialization_v1/ru_spoof/60/6049fa981ebaf8a7d1e87b2dd18432af4021365166bf0104a903914fd5cc46b8.wav,76b387758d8bc89c0c2a22f71eb3aebb3852fd69d6a02ec10977118d150f784d,test,spoof,ru,false,qwen3_tts_customvoice_aiden_v4_final_salvage:fixed-profile:qwen3_tts_0_6b_customvoice_aiden_q8_0,qwen3_tts_customvoice_aiden_v4_final_salvage,"Apache-2.0: Qwen CustomVoice and tokenizer model cards, cstr GGUF conversion cards, and CrispASR runtime release; permitted only for this project's personal-research scope with no training, calibration, product, re-hosting, verified-speaker or speaker-independence claim","One-shot local text-only derivative of frozen common_voice_ru_v24_v4_final_salvage text 83d344d6272a0e374903be2ee5dc4dddcfdd7fb7573092d3acb35b52e172c188; no reference audio, cloning, resynthesis, replacement or backfill",qwen3_tts_customvoice_aiden_v4_final_salvage:synthetic-profile:qwen3_tts_0_6b_customvoice_aiden_q8_0,83d344d6272a0e374903be2ee5dc4dddcfdd7fb7573092d3acb35b52e172c188,1fa8e06b09f50e10a8d4999306605b7f5a8dd9b163e262f15bc9d5ee225d5055,5.12,qwen3_tts_customvoice_gguf,Qwen3-TTS 0.6B CustomVoice Q8_0 GGUF,talker-cstr-29094dcb46f19b0898616aa9aeb876aa9aa6e086-5227dcbc4df7c5533341d111cc469fa491a48e722b23dd10f553181b52dff2d9; codec-cstr-344e279551177654762e5c7d39e217834325f222-70dc95dbfdd9aa5d9d406236ff771d061bf17b0cda02a72513953355606e719b; crispasr-v0.8.28-99e990ae-c2413af7d5e70a166b74fe96f5afb6d7463f1414a5ac2dea7cd982da9f83f827; fixed-aiden; wrapper-f02d93fd7ee064539771a868c5033bc163bec1c94c838eb1152c52eb7eb677b7,qwen3_tts_customvoice:aiden,not_applicable:text_only_no_reference_audio,cuda:0,offline_text_only_final_materialization,16000,wav,synthesis_text_sha256=1fa8e06b09f50e10a8d4999306605b7f5a8dd9b163e262f15bc9d5ee225d5055;reference_audio=forbidden;voice_cloning=false,531161195,2026-08-16T01:00:00+06:00
qwen3_tts_customvoice_aiden_v4_final_salvage:963e981ca3d03d85f969,processed/v4/xlsr_sls_model_v4_final_salvage_materialization_v1/ru_spoof/fd/fd52d04559c38a4f44b12809c9ed5f22b328401fba9ac71ff186f6b98843cb8e.wav,9bb6bf9c5c0baf9df234ab1779a18803ed6592e06c2fe37ff68720eeded4c10f,test,spoof,ru,false,qwen3_tts_customvoice_aiden_v4_final_salvage:fixed-profile:qwen3_tts_0_6b_customvoice_aiden_q8_0,qwen3_tts_customvoice_aiden_v4_final_salvage,"Apache-2.0: Qwen CustomVoice and tokenizer model cards, cstr GGUF conversion cards, and CrispASR runtime release; permitted only for this project's personal-research scope with no training, calibration, product, re-hosting, verified-speaker or speaker-independence claim","One-shot local text-only derivative of frozen common_voice_ru_v24_v4_final_salvage text d390d6d161db5f32d4deb4dfd4f3a1a060033bfa29e275ad3652954763f02431; no reference audio, cloning, resynthesis, replacement or backfill",qwen3_tts_customvoice_aiden_v4_final_salvage:synthetic-profile:qwen3_tts_0_6b_customvoice_aiden_q8_0,d390d6d161db5f32d4deb4dfd4f3a1a060033bfa29e275ad3652954763f02431,e7daa025ab9dc9ca04b7fe4181dde767bcbc687bc3916ce6c49466e371f83d81,3.92,qwen3_tts_customvoice_gguf,Qwen3-TTS 0.6B CustomVoice Q8_0 GGUF,talker-cstr-29094dcb46f19b0898616aa9aeb876aa9aa6e086-5227dcbc4df7c5533341d111cc469fa491a48e722b23dd10f553181b52dff2d9; codec-cstr-344e279551177654762e5c7d39e217834325f222-70dc95dbfdd9aa5d9d406236ff771d061bf17b0cda02a72513953355606e719b; crispasr-v0.8.28-99e990ae-c2413af7d5e70a166b74fe96f5afb6d7463f1414a5ac2dea7cd982da9f83f827; fixed-aiden; wrapper-f02d93fd7ee064539771a868c5033bc163bec1c94c838eb1152c52eb7eb677b7,qwen3_tts_customvoice:aiden,not_applicable:text_only_no_reference_audio,cuda:0,offline_text_only_final_materialization,16000,wav,synthesis_text_sha256=e7daa025ab9dc9ca04b7fe4181dde767bcbc687bc3916ce6c49466e371f83d81;reference_audio=forbidden;voice_cloning=false,3889864741,2026-08-16T01:00:00+06:00
qwen3_tts_customvoice_aiden_v4_final_salvage:7be7a642caab0783d96e,processed/v4/xlsr_sls_model_v4_final_salvage_materialization_v1/ru_spoof/63/63893357874b5b222a0d783dd0852178606ec36117526c2127371ff74d922b6f.wav,fa6b945f780be431dd1abf5c58ded09eea0dc368928e7bb3cca25570a779edbc,test,spoof,ru,false,qwen3_tts_customvoice_aiden_v4_final_salvage:fixed-profile:qwen3_tts_0_6b_customvoice_aiden_q8_0,qwen3_tts_customvoice_aiden_v4_final_salvage,"Apache-2.0: Qwen CustomVoice and tokenizer model cards, cstr GGUF conversion cards, and CrispASR runtime release; permitted only for this project's personal-research scope with no training, calibration, product, re-hosting, verified-speaker or speaker-independence claim","One-shot local text-only derivative of frozen common_voice_ru_v24_v4_final_salvage text dbdd459f30f4715d692e87ab64098170b1e9b64e2ebcfed4063031341c8504aa; no reference audio, cloning, resynthesis, replacement or backfill",qwen3_tts_customvoice_aiden_v4_final_salvage:synthetic-profile:qwen3_tts_0_6b_customvoice_aiden_q8_0,dbdd459f30f4715d692e87ab64098170b1e9b64e2ebcfed4063031341c8504aa,f56fb32c99d9e33693ae575f083926ca90ab1c9d1fde4612c9f11aedce59ca71,3.52,qwen3_tts_customvoice_gguf,Qwen3-TTS 0.6B CustomVoice Q8_0 GGUF,talker-cstr-29094dcb46f19b0898616aa9aeb876aa9aa6e086-5227dcbc4df7c5533341d111cc469fa491a48e722b23dd10f553181b52dff2d9; codec-cstr-344e279551177654762e5c7d39e217834325f222-70dc95dbfdd9aa5d9d406236ff771d061bf17b0cda02a72513953355606e719b; crispasr-v0.8.28-99e990ae-c2413af7d5e70a166b74fe96f5afb6d7463f1414a5ac2dea7cd982da9f83f827; fixed-aiden; wrapper-f02d93fd7ee064539771a868c5033bc163bec1c94c838eb1152c52eb7eb677b7,qwen3_tts_customvoice:aiden,not_applicable:text_only_no_reference_audio,cuda:0,offline_text_only_final_materialization,16000,wav,synthesis_text_sha256=f56fb32c99d9e33693ae575f083926ca90ab1c9d1fde4612c9f11aedce59ca71;reference_audio=forbidden;voice_cloning=false,4117738284,2026-08-16T01:00:00+06:00
qwen3_tts_customvoice_aiden_v4_final_salvage:9dadde70787d52d14621,processed/v4/xlsr_sls_model_v4_final_salvage_materialization_v1/ru_spoof/99/99cc2ec01e9f6b5c13b85a6ed84a7afdf9335a98b2d15cba6198c02a03a3f943.wav,e3717541f8c472a56735d171719c71742d1fd86e4f214ab6f7bdef25cd618520,test,spoof,ru,false,qwen3_tts_customvoice_aiden_v4_final_salvage:fixed-profile:qwen3_tts_0_6b_customvoice_aiden_q8_0,qwen3_tts_customvoice_aiden_v4_final_salvage,"Apache-2.0: Qwen CustomVoice and tokenizer model cards, cstr GGUF conversion cards, and CrispASR runtime release; permitted only for this project's personal-research scope with no training, calibration, product, re-hosting, verified-speaker or speaker-independence claim","One-shot local text-only derivative of frozen common_voice_ru_v24_v4_final_salvage text 40059cec39e2450984c1794cbe1d070f0decd92bf85264dd02a59b47bcc1c2ce; no reference audio, cloning, resynthesis, replacement or backfill",qwen3_tts_customvoice_aiden_v4_final_salvage:synthetic-profile:qwen3_tts_0_6b_customvoice_aiden_q8_0,40059cec39e2450984c1794cbe1d070f0decd92bf85264dd02a59b47bcc1c2ce,3eec0ad1c1ecba83286a2004d09f68cfa35d78efef33c9106a797d8f18f2a897,6.32,qwen3_tts_customvoice_gguf,Qwen3-TTS 0.6B CustomVoice Q8_0 GGUF,talker-cstr-29094dcb46f19b0898616aa9aeb876aa9aa6e086-5227dcbc4df7c5533341d111cc469fa491a48e722b23dd10f553181b52dff2d9; codec-cstr-344e279551177654762e5c7d39e217834325f222-70dc95dbfdd9aa5d9d406236ff771d061bf17b0cda02a72513953355606e719b; crispasr-v0.8.28-99e990ae-c2413af7d5e70a166b74fe96f5afb6d7463f1414a5ac2dea7cd982da9f83f827; fixed-aiden; wrapper-f02d93fd7ee064539771a868c5033bc163bec1c94c838eb1152c52eb7eb677b7,qwen3_tts_customvoice:aiden,not_applicable:text_only_no_reference_audio,cuda:0,offline_text_only_final_materialization,16000,wav,synthesis_text_sha256=3eec0ad1c1ecba83286a2004d09f68cfa35d78efef33c9106a797d8f18f2a897;reference_audio=forbidden;voice_cloning=false,1055656657,2026-08-16T01:00:00+06:00
qwen3_tts_customvoice_aiden_v4_final_salvage:d00ff10f2db2d97c43a8,processed/v4/xlsr_sls_model_v4_final_salvage_materialization_v1/ru_spoof/81/81438839b7e11a384b2677adbd8c2f7afa1a0589f9982c3a323ff75aa43bc626.wav,3e1f2103e8a16c3d73339d42da1bc8647c88b07b645f845ce0f6b4d66f610177,test,spoof,ru,false,qwen3_tts_customvoice_aiden_v4_final_salvage:fixed-profile:qwen3_tts_0_6b_customvoice_aiden_q8_0,qwen3_tts_customvoice_aiden_v4_final_salvage,"Apache-2.0: Qwen CustomVoice and tokenizer model cards, cstr GGUF conversion cards, and CrispASR runtime release; permitted only for this project's personal-research scope with no training, calibration, product, re-hosting, verified-speaker or speaker-independence claim","One-shot local text-only derivative of frozen common_voice_ru_v24_v4_final_salvage text e8eb4a1fe52104f3f585e09af5552a258a84c8aebaa7e09ab987713087e54138; no reference audio, cloning, resynthesis, replacement or backfill",qwen3_tts_customvoice_aiden_v4_final_salvage:synthetic-profile:qwen3_tts_0_6b_customvoice_aiden_q8_0,e8eb4a1fe52104f3f585e09af5552a258a84c8aebaa7e09ab987713087e54138,d573132c301f1b9eddacaf540ef7f24d8b72199f688ba464c56a905d682978bf,3.04,qwen3_tts_customvoice_gguf,Qwen3-TTS 0.6B CustomVoice Q8_0 GGUF,talker-cstr-29094dcb46f19b0898616aa9aeb876aa9aa6e086-5227dcbc4df7c5533341d111cc469fa491a48e722b23dd10f553181b52dff2d9; codec-cstr-344e279551177654762e5c7d39e217834325f222-70dc95dbfdd9aa5d9d406236ff771d061bf17b0cda02a72513953355606e719b; crispasr-v0.8.28-99e990ae-c2413af7d5e70a166b74fe96f5afb6d7463f1414a5ac2dea7cd982da9f83f827; fixed-aiden; wrapper-f02d93fd7ee064539771a868c5033bc163bec1c94c838eb1152c52eb7eb677b7,qwen3_tts_customvoice:aiden,not_applicable:text_only_no_reference_audio,cuda:0,offline_text_only_final_materialization,16000,wav,synthesis_text_sha256=d573132c301f1b9eddacaf540ef7f24d8b72199f688ba464c56a905d682978bf;reference_audio=forbidden;voice_cloning=false,3581088556,2026-08-16T01:00:00+06:00
qwen3_tts_customvoice_aiden_v4_final_salvage:482a3e3ee1c7f60b716e,processed/v4/xlsr_sls_model_v4_final_salvage_materialization_v1/ru_spoof/70/70ce7d755b2e22e685343579a381ff0c557724703ae95c3600a2776010fb19de.wav,c4694ddedbd145e32f6a244f99f594defe74b2e121c48b583cab63bc1b86c218,test,spoof,ru,false,qwen3_tts_customvoice_aiden_v4_final_salvage:fixed-profile:qwen3_tts_0_6b_customvoice_aiden_q8_0,qwen3_tts_customvoice_aiden_v4_final_salvage,"Apache-2.0: Qwen CustomVoice and tokenizer model cards, cstr GGUF conversion cards, and CrispASR runtime release; permitted only for this project's personal-research scope with no training, calibration, product, re-hosting, verified-speaker or speaker-independence claim","One-shot local text-only derivative of frozen common_voice_ru_v24_v4_final_salvage text 02a66153cd21cb7993a48de7eccd74a76e2a1f454ddc9afb6a01e90cf945c27c; no reference audio, cloning, resynthesis, replacement or backfill",qwen3_tts_customvoice_aiden_v4_final_salvage:synthetic-profile:qwen3_tts_0_6b_customvoice_aiden_q8_0,02a66153cd21cb7993a48de7eccd74a76e2a1f454ddc9afb6a01e90cf945c27c,39746cc1195c370440d60a8bc89328b55aad71574932919e15a30e34beb12554,3.84,qwen3_tts_customvoice_gguf,Qwen3-TTS 0.6B CustomVoice Q8_0 GGUF,talker-cstr-29094dcb46f19b0898616aa9aeb876aa9aa6e086-5227dcbc4df7c5533341d111cc469fa491a48e722b23dd10f553181b52dff2d9; codec-cstr-344e279551177654762e5c7d39e217834325f222-70dc95dbfdd9aa5d9d406236ff771d061bf17b0cda02a72513953355606e719b; crispasr-v0.8.28-99e990ae-c2413af7d5e70a166b74fe96f5afb6d7463f1414a5ac2dea7cd982da9f83f827; fixed-aiden; wrapper-f02d93fd7ee064539771a868c5033bc163bec1c94c838eb1152c52eb7eb677b7,qwen3_tts_customvoice:aiden,not_applicable:text_only_no_reference_audio,cuda:0,offline_text_only_final_materialization,16000,wav,synthesis_text_sha256=39746cc1195c370440d60a8bc89328b55aad71574932919e15a30e34beb12554;reference_audio=forbidden;voice_cloning=false,963931329,2026-08-16T01:00:00+06:00
qwen3_tts_customvoice_aiden_v4_final_salvage:3a8573cbe28ead8486ce,processed/v4/xlsr_sls_model_v4_final_salvage_materialization_v1/ru_spoof/a1/a14a58401c4338e7a544ddda44ca84ff16036463d4efd5066e49c36f21ca2af2.wav,f29ebca01ceebedb74fdf907a338d1f09edb8fe510d1de9b55db6f865934f05f,test,spoof,ru,false,qwen3_tts_customvoice_aiden_v4_final_salvage:fixed-profile:qwen3_tts_0_6b_customvoice_aiden_q8_0,qwen3_tts_customvoice_aiden_v4_final_salvage,"Apache-2.0: Qwen CustomVoice and tokenizer model cards, cstr GGUF conversion cards, and CrispASR runtime release; permitted only for this project's personal-research scope with no training, calibration, product, re-hosting, verified-speaker or speaker-independence claim","One-shot local text-only derivative of frozen common_voice_ru_v24_v4_final_salvage text a344b89717e7fe2eddc2e8252b1fc644ec71d52c522197a2fe4e4391a361ecb1; no reference audio, cloning, resynthesis, replacement or backfill",qwen3_tts_customvoice_aiden_v4_final_salvage:synthetic-profile:qwen3_tts_0_6b_customvoice_aiden_q8_0,a344b89717e7fe2eddc2e8252b1fc644ec71d52c522197a2fe4e4391a361ecb1,7a88bcf87b2b127653f127e7598af899a90706cb33ab79f086d0b2850d3de54d,4.32,qwen3_tts_customvoice_gguf,Qwen3-TTS 0.6B CustomVoice Q8_0 GGUF,talker-cstr-29094dcb46f19b0898616aa9aeb876aa9aa6e086-5227dcbc4df7c5533341d111cc469fa491a48e722b23dd10f553181b52dff2d9; codec-cstr-344e279551177654762e5c7d39e217834325f222-70dc95dbfdd9aa5d9d406236ff771d061bf17b0cda02a72513953355606e719b; crispasr-v0.8.28-99e990ae-c2413af7d5e70a166b74fe96f5afb6d7463f1414a5ac2dea7cd982da9f83f827; fixed-aiden; wrapper-f02d93fd7ee064539771a868c5033bc163bec1c94c838eb1152c52eb7eb677b7,qwen3_tts_customvoice:aiden,not_applicable:text_only_no_reference_audio,cuda:0,offline_text_only_final_materialization,16000,wav,synthesis_text_sha256=7a88bcf87b2b127653f127e7598af899a90706cb33ab79f086d0b2850d3de54d;reference_audio=forbidden;voice_cloning=false,2055781624,2026-08-16T01:00:00+06:00
qwen3_tts_customvoice_aiden_v4_final_salvage:b4db90e245965910caf2,processed/v4/xlsr_sls_model_v4_final_salvage_materialization_v1/ru_spoof/da/da253b377e83e1eca6c224ab6f8fa688e400edb154daee6242f1015614e3e528.wav,9251cab3ab7086397ee89a3ecbf7e295e49b2849ff0c699530356415c552a388,test,spoof,ru,false,qwen3_tts_customvoice_aiden_v4_final_salvage:fixed-profile:qwen3_tts_0_6b_customvoice_aiden_q8_0,qwen3_tts_customvoice_aiden_v4_final_salvage,"Apache-2.0: Qwen CustomVoice and tokenizer model cards, cstr GGUF conversion cards, and CrispASR runtime release; permitted only for this project's personal-research scope with no training, calibration, product, re-hosting, verified-speaker or speaker-independence claim","One-shot local text-only derivative of frozen common_voice_ru_v24_v4_final_salvage text 503e68a36ee262e85ea08989543b234bed3740430b8ac7a7b6120c1fd09b74a2; no reference audio, cloning, resynthesis, replacement or backfill",qwen3_tts_customvoice_aiden_v4_final_salvage:synthetic-profile:qwen3_tts_0_6b_customvoice_aiden_q8_0,503e68a36ee262e85ea08989543b234bed3740430b8ac7a7b6120c1fd09b74a2,210a5a9224b7b2f3a1f1bf3b48e356c09050cbb8135b7e0df97d57462f6fbefe,4.08,qwen3_tts_customvoice_gguf,Qwen3-TTS 0.6B CustomVoice Q8_0 GGUF,talker-cstr-29094dcb46f19b0898616aa9aeb876aa9aa6e086-5227dcbc4df7c5533341d111cc469fa491a48e722b23dd10f553181b52dff2d9; codec-cstr-344e279551177654762e5c7d39e217834325f222-70dc95dbfdd9aa5d9d406236ff771d061bf17b0cda02a72513953355606e719b; crispasr-v0.8.28-99e990ae-c2413af7d5e70a166b74fe96f5afb6d7463f1414a5ac2dea7cd982da9f83f827; fixed-aiden; wrapper-f02d93fd7ee064539771a868c5033bc163bec1c94c838eb1152c52eb7eb677b7,qwen3_tts_customvoice:aiden,not_applicable:text_only_no_reference_audio,cuda:0,offline_text_only_final_materialization,16000,wav,synthesis_text_sha256=210a5a9224b7b2f3a1f1bf3b48e356c09050cbb8135b7e0df97d57462f6fbefe;reference_audio=forbidden;voice_cloning=false,554326674,2026-08-16T01:00:00+06:00
qwen3_tts_customvoice_aiden_v4_final_salvage:5c8cd8b47da3367be3c4,processed/v4/xlsr_sls_model_v4_final_salvage_materialization_v1/ru_spoof/4a/4a61261cf0eea6ecf268cd4a651e8e3f8344939c866e3c88c85b453b9e3b7ae6.wav,214fadcc441876d8b2a3486cc1c7afbab2c77feb93dbb7bcefd6d907190a3806,test,spoof,ru,false,qwen3_tts_customvoice_aiden_v4_final_salvage:fixed-profile:qwen3_tts_0_6b_customvoice_aiden_q8_0,qwen3_tts_customvoice_aiden_v4_final_salvage,"Apache-2.0: Qwen CustomVoice and tokenizer model cards, cstr GGUF conversion cards, and CrispASR runtime release; permitted only for this project's personal-research scope with no training, calibration, product, re-hosting, verified-speaker or speaker-independence claim","One-shot local text-only derivative of frozen common_voice_ru_v24_v4_final_salvage text 92273a8da0496f1816b6ae341a9bb5c0aaca0339875447e2b0a9ee66b1d28a1e; no reference audio, cloning, resynthesis, replacement or backfill",qwen3_tts_customvoice_aiden_v4_final_salvage:synthetic-profile:qwen3_tts_0_6b_customvoice_aiden_q8_0,92273a8da0496f1816b6ae341a9bb5c0aaca0339875447e2b0a9ee66b1d28a1e,7e8466f9460914a408d5b92412d7fba8705bfade581b67eb9d21bc3d17af85ad,6.72,qwen3_tts_customvoice_gguf,Qwen3-TTS 0.6B CustomVoice Q8_0 GGUF,talker-cstr-29094dcb46f19b0898616aa9aeb876aa9aa6e086-5227dcbc4df7c5533341d111cc469fa491a48e722b23dd10f553181b52dff2d9; codec-cstr-344e279551177654762e5c7d39e217834325f222-70dc95dbfdd9aa5d9d406236ff771d061bf17b0cda02a72513953355606e719b; crispasr-v0.8.28-99e990ae-c2413af7d5e70a166b74fe96f5afb6d7463f1414a5ac2dea7cd982da9f83f827; fixed-aiden; wrapper-f02d93fd7ee064539771a868c5033bc163bec1c94c838eb1152c52eb7eb677b7,qwen3_tts_customvoice:aiden,not_applicable:text_only_no_reference_audio,cuda:0,offline_text_only_final_materialization,16000,wav,synthesis_text_sha256=7e8466f9460914a408d5b92412d7fba8705bfade581b67eb9d21bc3d17af85ad;reference_audio=forbidden;voice_cloning=false,2122606329,2026-08-16T01:00:00+06:00
qwen3_tts_customvoice_aiden_v4_final_salvage:471f7989a36beb884b80,processed/v4/xlsr_sls_model_v4_final_salvage_materialization_v1/ru_spoof/32/32beb214e97b8952359ac20ae8e45e78fa28cea2cc493d0c00576feae103cf28.wav,05180960074b3a55b308588854eedf4531ee6d31ecf890b97fd3c70fac30d0cb,test,spoof,ru,false,qwen3_tts_customvoice_aiden_v4_final_salvage:fixed-profile:qwen3_tts_0_6b_customvoice_aiden_q8_0,qwen3_tts_customvoice_aiden_v4_final_salvage,"Apache-2.0: Qwen CustomVoice and tokenizer model cards, cstr GGUF conversion cards, and CrispASR runtime release; permitted only for this project's personal-research scope with no training, calibration, product, re-hosting, verified-speaker or speaker-independence claim","One-shot local text-only derivative of frozen common_voice_ru_v24_v4_final_salvage text 63d03b6b6d34b943e30f07bee16552198aa3ac9f819034a43c7e5727dfbf42ff; no reference audio, cloning, resynthesis, replacement or backfill",qwen3_tts_customvoice_aiden_v4_final_salvage:synthetic-profile:qwen3_tts_0_6b_customvoice_aiden_q8_0,63d03b6b6d34b943e30f07bee16552198aa3ac9f819034a43c7e5727dfbf42ff,537c90180e45352ed3398070dce5c3403669908cc3fd8431e671a1996c6a19e3,3.52,qwen3_tts_customvoice_gguf,Qwen3-TTS 0.6B CustomVoice Q8_0 GGUF,talker-cstr-29094dcb46f19b0898616aa9aeb876aa9aa6e086-5227dcbc4df7c5533341d111cc469fa491a48e722b23dd10f553181b52dff2d9; codec-cstr-344e279551177654762e5c7d39e217834325f222-70dc95dbfdd9aa5d9d406236ff771d061bf17b0cda02a72513953355606e719b; crispasr-v0.8.28-99e990ae-c2413af7d5e70a166b74fe96f5afb6d7463f1414a5ac2dea7cd982da9f83f827; fixed-aiden; wrapper-f02d93fd7ee064539771a868c5033bc163bec1c94c838eb1152c52eb7eb677b7,qwen3_tts_customvoice:aiden,not_applicable:text_only_no_reference_audio,cuda:0,offline_text_only_final_materialization,16000,wav,synthesis_text_sha256=537c90180e45352ed3398070dce5c3403669908cc3fd8431e671a1996c6a19e3;reference_audio=forbidden;voice_cloning=false,1400672280,2026-08-16T01:00:00+06:00
qwen3_tts_customvoice_aiden_v4_final_salvage:bae8f124af08d78ea1c8,processed/v4/xlsr_sls_model_v4_final_salvage_materialization_v1/ru_spoof/fb/fb17fc2f804cc9f1908b8611ba3a89cf419fe3cdb5a43b75454a64bd29ed0d8a.wav,84ddb4869ffc99e29760e2405782150ea8213cb17c9fe31f06a77a434352fc60,test,spoof,ru,false,qwen3_tts_customvoice_aiden_v4_final_salvage:fixed-profile:qwen3_tts_0_6b_customvoice_aiden_q8_0,qwen3_tts_customvoice_aiden_v4_final_salvage,"Apache-2.0: Qwen CustomVoice and tokenizer model cards, cstr GGUF conversion cards, and CrispASR runtime release; permitted only for this project's personal-research scope with no training, calibration, product, re-hosting, verified-speaker or speaker-independence claim","One-shot local text-only derivative of frozen common_voice_ru_v24_v4_final_salvage text fbce945f6a9f22134ab3d7599fc78d78d2db3f0d3beacdcd8fc92edc9b1f131b; no reference audio, cloning, resynthesis, replacement or backfill",qwen3_tts_customvoice_aiden_v4_final_salvage:synthetic-profile:qwen3_tts_0_6b_customvoice_aiden_q8_0,fbce945f6a9f22134ab3d7599fc78d78d2db3f0d3beacdcd8fc92edc9b1f131b,b0da466448b3e2db470d2f6c44646c5c90643c5c4df0a53e5b7963f7b6002167,3.84,qwen3_tts_customvoice_gguf,Qwen3-TTS 0.6B CustomVoice Q8_0 GGUF,talker-cstr-29094dcb46f19b0898616aa9aeb876aa9aa6e086-5227dcbc4df7c5533341d111cc469fa491a48e722b23dd10f553181b52dff2d9; codec-cstr-344e279551177654762e5c7d39e217834325f222-70dc95dbfdd9aa5d9d406236ff771d061bf17b0cda02a72513953355606e719b; crispasr-v0.8.28-99e990ae-c2413af7d5e70a166b74fe96f5afb6d7463f1414a5ac2dea7cd982da9f83f827; fixed-aiden; wrapper-f02d93fd7ee064539771a868c5033bc163bec1c94c838eb1152c52eb7eb677b7,qwen3_tts_customvoice:aiden,not_applicable:text_only_no_reference_audio,cuda:0,offline_text_only_final_materialization,16000,wav,synthesis_text_sha256=b0da466448b3e2db470d2f6c44646c5c90643c5c4df0a53e5b7963f7b6002167;reference_audio=forbidden;voice_cloning=false,2967094884,2026-08-16T01:00:00+06:00
qwen3_tts_customvoice_aiden_v4_final_salvage:1984312f4947e1f10a03,processed/v4/xlsr_sls_model_v4_final_salvage_materialization_v1/ru_spoof/42/42a5777dfe40f5737e82ae412893f5a6212c0b3ee9925e5dbf6f3918fdda12d0.wav,e86ddc4a830db6401188e0b14ef2abdade17074bd021e16b3a0ad11f146ddd1f,test,spoof,ru,false,qwen3_tts_customvoice_aiden_v4_final_salvage:fixed-profile:qwen3_tts_0_6b_customvoice_aiden_q8_0,qwen3_tts_customvoice_aiden_v4_final_salvage,"Apache-2.0: Qwen CustomVoice and tokenizer model cards, cstr GGUF conversion cards, and CrispASR runtime release; permitted only for this project's personal-research scope with no training, calibration, product, re-hosting, verified-speaker or speaker-independence claim","One-shot local text-only derivative of frozen common_voice_ru_v24_v4_final_salvage text 50e96a84bb119d0455953b991f18384317ac73d063304c594978d5a92e9e4844; no reference audio, cloning, resynthesis, replacement or backfill",qwen3_tts_customvoice_aiden_v4_final_salvage:synthetic-profile:qwen3_tts_0_6b_customvoice_aiden_q8_0,50e96a84bb119d0455953b991f18384317ac73d063304c594978d5a92e9e4844,889574dcd1fed568ef254c2d77a2fb6ef7754d5e1c83c0a851f88048782511ff,4.56,qwen3_tts_customvoice_gguf,Qwen3-TTS 0.6B CustomVoice Q8_0 GGUF,talker-cstr-29094dcb46f19b0898616aa9aeb876aa9aa6e086-5227dcbc4df7c5533341d111cc469fa491a48e722b23dd10f553181b52dff2d9; codec-cstr-344e279551177654762e5c7d39e217834325f222-70dc95dbfdd9aa5d9d406236ff771d061bf17b0cda02a72513953355606e719b; crispasr-v0.8.28-99e990ae-c2413af7d5e70a166b74fe96f5afb6d7463f1414a5ac2dea7cd982da9f83f827; fixed-aiden; wrapper-f02d93fd7ee064539771a868c5033bc163bec1c94c838eb1152c52eb7eb677b7,qwen3_tts_customvoice:aiden,not_applicable:text_only_no_reference_audio,cuda:0,offline_text_only_final_materialization,16000,wav,synthesis_text_sha256=889574dcd1fed568ef254c2d77a2fb6ef7754d5e1c83c0a851f88048782511ff;reference_audio=forbidden;voice_cloning=false,2291496156,2026-08-16T01:00:00+06:00
qwen3_tts_customvoice_aiden_v4_final_salvage:5b915b418afe0464ab89,processed/v4/xlsr_sls_model_v4_final_salvage_materialization_v1/ru_spoof/9f/9f70b9c26b5d8adc1bf16811a7ecba119a56d8c5422151fa8a2d2c3824b97f74.wav,7d1c90b4601077e563ba8a23d87cc4a9486a92c083943dc1d2696d548872754f,test,spoof,ru,false,qwen3_tts_customvoice_aiden_v4_final_salvage:fixed-profile:qwen3_tts_0_6b_customvoice_aiden_q8_0,qwen3_tts_customvoice_aiden_v4_final_salvage,"Apache-2.0: Qwen CustomVoice and tokenizer model cards, cstr GGUF conversion cards, and CrispASR runtime release; permitted only for this project's personal-research scope with no training, calibration, product, re-hosting, verified-speaker or speaker-independence claim","One-shot local text-only derivative of frozen common_voice_ru_v24_v4_final_salvage text c085b5ef89996a7df9668f40324b989031d6627d17e751febd934ab3b04467de; no reference audio, cloning, resynthesis, replacement or backfill",qwen3_tts_customvoice_aiden_v4_final_salvage:synthetic-profile:qwen3_tts_0_6b_customvoice_aiden_q8_0,c085b5ef89996a7df9668f40324b989031d6627d17e751febd934ab3b04467de,c461b50543b5491a29bdbed00afe5ca02b058e3b0644484044c5019904e65001,5.76,qwen3_tts_customvoice_gguf,Qwen3-TTS 0.6B CustomVoice Q8_0 GGUF,talker-cstr-29094dcb46f19b0898616aa9aeb876aa9aa6e086-5227dcbc4df7c5533341d111cc469fa491a48e722b23dd10f553181b52dff2d9; codec-cstr-344e279551177654762e5c7d39e217834325f222-70dc95dbfdd9aa5d9d406236ff771d061bf17b0cda02a72513953355606e719b; crispasr-v0.8.28-99e990ae-c2413af7d5e70a166b74fe96f5afb6d7463f1414a5ac2dea7cd982da9f83f827; fixed-aiden; wrapper-f02d93fd7ee064539771a868c5033bc163bec1c94c838eb1152c52eb7eb677b7,qwen3_tts_customvoice:aiden,not_applicable:text_only_no_reference_audio,cuda:0,offline_text_only_final_materialization,16000,wav,synthesis_text_sha256=c461b50543b5491a29bdbed00afe5ca02b058e3b0644484044c5019904e65001;reference_audio=forbidden;voice_cloning=false,3294737669,2026-08-16T01:00:00+06:00
qwen3_tts_customvoice_aiden_v4_final_salvage:a644d9988f473c305321,processed/v4/xlsr_sls_model_v4_final_salvage_materialization_v1/ru_spoof/11/118f0483dc02550ec0d836c99230102488b4e6084ce0a2570af990fe373762ca.wav,55b608b029772395987771fbd818da8fe6b3b51c66d9df336bf71882882dfd39,test,spoof,ru,false,qwen3_tts_customvoice_aiden_v4_final_salvage:fixed-profile:qwen3_tts_0_6b_customvoice_aiden_q8_0,qwen3_tts_customvoice_aiden_v4_final_salvage,"Apache-2.0: Qwen CustomVoice and tokenizer model cards, cstr GGUF conversion cards, and CrispASR runtime release; permitted only for this project's personal-research scope with no training, calibration, product, re-hosting, verified-speaker or speaker-independence claim","One-shot local text-only derivative of frozen common_voice_ru_v24_v4_final_salvage text 9150a32361dac2feda02e3c007d0829a60f18f0b57e851a8c5a5c30a33d077ca; no reference audio, cloning, resynthesis, replacement or backfill",qwen3_tts_customvoice_aiden_v4_final_salvage:synthetic-profile:qwen3_tts_0_6b_customvoice_aiden_q8_0,9150a32361dac2feda02e3c007d0829a60f18f0b57e851a8c5a5c30a33d077ca,aca65c9c7cd8bf763cd5db14983d7ab3d3ace7594bf411fa147171f42a19c658,4.96,qwen3_tts_customvoice_gguf,Qwen3-TTS 0.6B CustomVoice Q8_0 GGUF,talker-cstr-29094dcb46f19b0898616aa9aeb876aa9aa6e086-5227dcbc4df7c5533341d111cc469fa491a48e722b23dd10f553181b52dff2d9; codec-cstr-344e279551177654762e5c7d39e217834325f222-70dc95dbfdd9aa5d9d406236ff771d061bf17b0cda02a72513953355606e719b; crispasr-v0.8.28-99e990ae-c2413af7d5e70a166b74fe96f5afb6d7463f1414a5ac2dea7cd982da9f83f827; fixed-aiden; wrapper-f02d93fd7ee064539771a868c5033bc163bec1c94c838eb1152c52eb7eb677b7,qwen3_tts_customvoice:aiden,not_applicable:text_only_no_reference_audio,cuda:0,offline_text_only_final_materialization,16000,wav,synthesis_text_sha256=aca65c9c7cd8bf763cd5db14983d7ab3d3ace7594bf411fa147171f42a19c658;reference_audio=forbidden;voice_cloning=false,2896583836,2026-08-16T01:00:00+06:00
qwen3_tts_customvoice_aiden_v4_final_salvage:3fd54d800e6057282433,processed/v4/xlsr_sls_model_v4_final_salvage_materialization_v1/ru_spoof/5d/5dee40a1797e150ebe3cadfae12100f9670bea793b202307faccdc826e5ad45a.wav,2db720f60e4f9a4c3379487e0e1d17598794f9d4e04e23f414cdc860cbdc599c,test,spoof,ru,false,qwen3_tts_customvoice_aiden_v4_final_salvage:fixed-profile:qwen3_tts_0_6b_customvoice_aiden_q8_0,qwen3_tts_customvoice_aiden_v4_final_salvage,"Apache-2.0: Qwen CustomVoice and tokenizer model cards, cstr GGUF conversion cards, and CrispASR runtime release; permitted only for this project's personal-research scope with no training, calibration, product, re-hosting, verified-speaker or speaker-independence claim","One-shot local text-only derivative of frozen common_voice_ru_v24_v4_final_salvage text 692f7b41577085206e02594ea1865223b95214adcf3ada5c6993d95aeb66ceb5; no reference audio, cloning, resynthesis, replacement or backfill",qwen3_tts_customvoice_aiden_v4_final_salvage:synthetic-profile:qwen3_tts_0_6b_customvoice_aiden_q8_0,692f7b41577085206e02594ea1865223b95214adcf3ada5c6993d95aeb66ceb5,3fd5115b6eb539ae40d6ffe8e51bb1b420399701fb926fdb4a26827e65685a24,4.4,qwen3_tts_customvoice_gguf,Qwen3-TTS 0.6B CustomVoice Q8_0 GGUF,talker-cstr-29094dcb46f19b0898616aa9aeb876aa9aa6e086-5227dcbc4df7c5533341d111cc469fa491a48e722b23dd10f553181b52dff2d9; codec-cstr-344e279551177654762e5c7d39e217834325f222-70dc95dbfdd9aa5d9d406236ff771d061bf17b0cda02a72513953355606e719b; crispasr-v0.8.28-99e990ae-c2413af7d5e70a166b74fe96f5afb6d7463f1414a5ac2dea7cd982da9f83f827; fixed-aiden; wrapper-f02d93fd7ee064539771a868c5033bc163bec1c94c838eb1152c52eb7eb677b7,qwen3_tts_customvoice:aiden,not_applicable:text_only_no_reference_audio,cuda:0,offline_text_only_final_materialization,16000,wav,synthesis_text_sha256=3fd5115b6eb539ae40d6ffe8e51bb1b420399701fb926fdb4a26827e65685a24;reference_audio=forbidden;voice_cloning=false,1070928219,2026-08-16T01:00:00+06:00
qwen3_tts_customvoice_aiden_v4_final_salvage:3d8bc262b896428734a8,processed/v4/xlsr_sls_model_v4_final_salvage_materialization_v1/ru_spoof/33/33458319ebf2b5ca90b7c3c01f9749a4cf7e8b1383abec426d0923e099014f3a.wav,65943806a745e1b5acc95264722cb5d08bd176f1c26a0652811ceb9fa9cd6d57,test,spoof,ru,false,qwen3_tts_customvoice_aiden_v4_final_salvage:fixed-profile:qwen3_tts_0_6b_customvoice_aiden_q8_0,qwen3_tts_customvoice_aiden_v4_final_salvage,"Apache-2.0: Qwen CustomVoice and tokenizer model cards, cstr GGUF conversion cards, and CrispASR runtime release; permitted only for this project's personal-research scope with no training, calibration, product, re-hosting, verified-speaker or speaker-independence claim","One-shot local text-only derivative of frozen common_voice_ru_v24_v4_final_salvage text f26e7f4516df8d26d560ea5535f0d2db389822e6b21dd66653a8e7cba618e4c8; no reference audio, cloning, resynthesis, replacement or backfill",qwen3_tts_customvoice_aiden_v4_final_salvage:synthetic-profile:qwen3_tts_0_6b_customvoice_aiden_q8_0,f26e7f4516df8d26d560ea5535f0d2db389822e6b21dd66653a8e7cba618e4c8,8c327920bf7afb3abb37ed3c31150b5c8bba518ad9d2d9ba08ffafea8b268e56,6.0,qwen3_tts_customvoice_gguf,Qwen3-TTS 0.6B CustomVoice Q8_0 GGUF,talker-cstr-29094dcb46f19b0898616aa9aeb876aa9aa6e086-5227dcbc4df7c5533341d111cc469fa491a48e722b23dd10f553181b52dff2d9; codec-cstr-344e279551177654762e5c7d39e217834325f222-70dc95dbfdd9aa5d9d406236ff771d061bf17b0cda02a72513953355606e719b; crispasr-v0.8.28-99e990ae-c2413af7d5e70a166b74fe96f5afb6d7463f1414a5ac2dea7cd982da9f83f827; fixed-aiden; wrapper-f02d93fd7ee064539771a868c5033bc163bec1c94c838eb1152c52eb7eb677b7,qwen3_tts_customvoice:aiden,not_applicable:text_only_no_reference_audio,cuda:0,offline_text_only_final_materialization,16000,wav,synthesis_text_sha256=8c327920bf7afb3abb37ed3c31150b5c8bba518ad9d2d9ba08ffafea8b268e56;reference_audio=forbidden;voice_cloning=false,2352118048,2026-08-16T01:00:00+06:00
qwen3_tts_customvoice_aiden_v4_final_salvage:4eb8a2cb7c89349db80e,processed/v4/xlsr_sls_model_v4_final_salvage_materialization_v1/ru_spoof/de/deb9473e35b7c332256febeb356ee1f4ed5099614581321b3a699312945203a6.wav,fe44208f1b6b323ecf4a60fa0c893f14b16d3eadb0154bc74fe2075ed7345a90,test,spoof,ru,false,qwen3_tts_customvoice_aiden_v4_final_salvage:fixed-profile:qwen3_tts_0_6b_customvoice_aiden_q8_0,qwen3_tts_customvoice_aiden_v4_final_salvage,"Apache-2.0: Qwen CustomVoice and tokenizer model cards, cstr GGUF conversion cards, and CrispASR runtime release; permitted only for this project's personal-research scope with no training, calibration, product, re-hosting, verified-speaker or speaker-independence claim","One-shot local text-only derivative of frozen common_voice_ru_v24_v4_final_salvage text 046dcc3f7fc25d4ddf198746f11522576e00e9f9b9f1ab61e44fc453de43a69e; no reference audio, cloning, resynthesis, replacement or backfill",qwen3_tts_customvoice_aiden_v4_final_salvage:synthetic-profile:qwen3_tts_0_6b_customvoice_aiden_q8_0,046dcc3f7fc25d4ddf198746f11522576e00e9f9b9f1ab61e44fc453de43a69e,0dfef0c2f6634d8d8713aa4a989563e17d3b81f59f0c2528de5793902a2b6c66,6.08,qwen3_tts_customvoice_gguf,Qwen3-TTS 0.6B CustomVoice Q8_0 GGUF,talker-cstr-29094dcb46f19b0898616aa9aeb876aa9aa6e086-5227dcbc4df7c5533341d111cc469fa491a48e722b23dd10f553181b52dff2d9; codec-cstr-344e279551177654762e5c7d39e217834325f222-70dc95dbfdd9aa5d9d406236ff771d061bf17b0cda02a72513953355606e719b; crispasr-v0.8.28-99e990ae-c2413af7d5e70a166b74fe96f5afb6d7463f1414a5ac2dea7cd982da9f83f827; fixed-aiden; wrapper-f02d93fd7ee064539771a868c5033bc163bec1c94c838eb1152c52eb7eb677b7,qwen3_tts_customvoice:aiden,not_applicable:text_only_no_reference_audio,cuda:0,offline_text_only_final_materialization,16000,wav,synthesis_text_sha256=0dfef0c2f6634d8d8713aa4a989563e17d3b81f59f0c2528de5793902a2b6c66;reference_audio=forbidden;voice_cloning=false,234811586,2026-08-16T01:00:00+06:00
qwen3_tts_customvoice_aiden_v4_final_salvage:b0866970a6502c76126b,processed/v4/xlsr_sls_model_v4_final_salvage_materialization_v1/ru_spoof/63/63c0cb6d776821e5059d4302f5be7552c35ce3aa8d158c1abb45f0118815975e.wav,1241ab3489f384e9d25b763cd25f6d6d98b8c5f7a0735b5925b810620b4a8c99,test,spoof,ru,false,qwen3_tts_customvoice_aiden_v4_final_salvage:fixed-profile:qwen3_tts_0_6b_customvoice_aiden_q8_0,qwen3_tts_customvoice_aiden_v4_final_salvage,"Apache-2.0: Qwen CustomVoice and tokenizer model cards, cstr GGUF conversion cards, and CrispASR runtime release; permitted only for this project's personal-research scope with no training, calibration, product, re-hosting, verified-speaker or speaker-independence claim","One-shot local text-only derivative of frozen common_voice_ru_v24_v4_final_salvage text b7907a08915a670fdf9fad54132a4589effbf796152228ad52cae728017c3201; no reference audio, cloning, resynthesis, replacement or backfill",qwen3_tts_customvoice_aiden_v4_final_salvage:synthetic-profile:qwen3_tts_0_6b_customvoice_aiden_q8_0,b7907a08915a670fdf9fad54132a4589effbf796152228ad52cae728017c3201,efb87dc9c913b6e247bba46247fc64ba544bb1c55789718dc104dad2b4583af5,7.44,qwen3_tts_customvoice_gguf,Qwen3-TTS 0.6B CustomVoice Q8_0 GGUF,talker-cstr-29094dcb46f19b0898616aa9aeb876aa9aa6e086-5227dcbc4df7c5533341d111cc469fa491a48e722b23dd10f553181b52dff2d9; codec-cstr-344e279551177654762e5c7d39e217834325f222-70dc95dbfdd9aa5d9d406236ff771d061bf17b0cda02a72513953355606e719b; crispasr-v0.8.28-99e990ae-c2413af7d5e70a166b74fe96f5afb6d7463f1414a5ac2dea7cd982da9f83f827; fixed-aiden; wrapper-f02d93fd7ee064539771a868c5033bc163bec1c94c838eb1152c52eb7eb677b7,qwen3_tts_customvoice:aiden,not_applicable:text_only_no_reference_audio,cuda:0,offline_text_only_final_materialization,16000,wav,synthesis_text_sha256=efb87dc9c913b6e247bba46247fc64ba544bb1c55789718dc104dad2b4583af5;reference_audio=forbidden;voice_cloning=false,4021845449,2026-08-16T01:00:00+06:00
qwen3_tts_customvoice_aiden_v4_final_salvage:429dc0163de5a4950bdb,processed/v4/xlsr_sls_model_v4_final_salvage_materialization_v1/ru_spoof/9d/9d7ee9528e50b9fe4ca0710779d2fc1d4788f357775f8886174e96e318c6db63.wav,64dd2a9569e393c3af5189c02cb147ac4f8ce3d663f23281988426a1cdd0f694,test,spoof,ru,false,qwen3_tts_customvoice_aiden_v4_final_salvage:fixed-profile:qwen3_tts_0_6b_customvoice_aiden_q8_0,qwen3_tts_customvoice_aiden_v4_final_salvage,"Apache-2.0: Qwen CustomVoice and tokenizer model cards, cstr GGUF conversion cards, and CrispASR runtime release; permitted only for this project's personal-research scope with no training, calibration, product, re-hosting, verified-speaker or speaker-independence claim","One-shot local text-only derivative of frozen common_voice_ru_v24_v4_final_salvage text 20c3ec988da3ce894c76b3f5a1115a4d42d1b8097d693805885d71eee9436657; no reference audio, cloning, resynthesis, replacement or backfill",qwen3_tts_customvoice_aiden_v4_final_salvage:synthetic-profile:qwen3_tts_0_6b_customvoice_aiden_q8_0,20c3ec988da3ce894c76b3f5a1115a4d42d1b8097d693805885d71eee9436657,1b881c43cc562ab627229de78d1250688c8d8369d7e5ae8d00fb0bdc063e70f9,6.72,qwen3_tts_customvoice_gguf,Qwen3-TTS 0.6B CustomVoice Q8_0 GGUF,talker-cstr-29094dcb46f19b0898616aa9aeb876aa9aa6e086-5227dcbc4df7c5533341d111cc469fa491a48e722b23dd10f553181b52dff2d9; codec-cstr-344e279551177654762e5c7d39e217834325f222-70dc95dbfdd9aa5d9d406236ff771d061bf17b0cda02a72513953355606e719b; crispasr-v0.8.28-99e990ae-c2413af7d5e70a166b74fe96f5afb6d7463f1414a5ac2dea7cd982da9f83f827; fixed-aiden; wrapper-f02d93fd7ee064539771a868c5033bc163bec1c94c838eb1152c52eb7eb677b7,qwen3_tts_customvoice:aiden,not_applicable:text_only_no_reference_audio,cuda:0,offline_text_only_final_materialization,16000,wav,synthesis_text_sha256=1b881c43cc562ab627229de78d1250688c8d8369d7e5ae8d00fb0bdc063e70f9;reference_audio=forbidden;voice_cloning=false,461904963,2026-08-16T01:00:00+06:00
qwen3_tts_customvoice_aiden_v4_final_salvage:7e993e92948fb81f0e47,processed/v4/xlsr_sls_model_v4_final_salvage_materialization_v1/ru_spoof/f3/f3fc2980c0e32f999f3a31c66869c13575fb2b82e661637b5a8e8944170a0a33.wav,a96cdb218c96cda4c318ef58ee603c79b864715ed531602e8a7c197112164316,test,spoof,ru,false,qwen3_tts_customvoice_aiden_v4_final_salvage:fixed-profile:qwen3_tts_0_6b_customvoice_aiden_q8_0,qwen3_tts_customvoice_aiden_v4_final_salvage,"Apache-2.0: Qwen CustomVoice and tokenizer model cards, cstr GGUF conversion cards, and CrispASR runtime release; permitted only for this project's personal-research scope with no training, calibration, product, re-hosting, verified-speaker or speaker-independence claim","One-shot local text-only derivative of frozen common_voice_ru_v24_v4_final_salvage text 787e0ec97c11fc502baf6b1fd1063fa37defc372fcad5dd2163de2fe290dd8bd; no reference audio, cloning, resynthesis, replacement or backfill",qwen3_tts_customvoice_aiden_v4_final_salvage:synthetic-profile:qwen3_tts_0_6b_customvoice_aiden_q8_0,787e0ec97c11fc502baf6b1fd1063fa37defc372fcad5dd2163de2fe290dd8bd,4494ea27b8594fdb6a8f88bedf071b78b5e1dcfbe32bdd9c2aa651af664ff5a1,4.96,qwen3_tts_customvoice_gguf,Qwen3-TTS 0.6B CustomVoice Q8_0 GGUF,talker-cstr-29094dcb46f19b0898616aa9aeb876aa9aa6e086-5227dcbc4df7c5533341d111cc469fa491a48e722b23dd10f553181b52dff2d9; codec-cstr-344e279551177654762e5c7d39e217834325f222-70dc95dbfdd9aa5d9d406236ff771d061bf17b0cda02a72513953355606e719b; crispasr-v0.8.28-99e990ae-c2413af7d5e70a166b74fe96f5afb6d7463f1414a5ac2dea7cd982da9f83f827; fixed-aiden; wrapper-f02d93fd7ee064539771a868c5033bc163bec1c94c838eb1152c52eb7eb677b7,qwen3_tts_customvoice:aiden,not_applicable:text_only_no_reference_audio,cuda:0,offline_text_only_final_materialization,16000,wav,synthesis_text_sha256=4494ea27b8594fdb6a8f88bedf071b78b5e1dcfbe32bdd9c2aa651af664ff5a1;reference_audio=forbidden;voice_cloning=false,1150609959,2026-08-16T01:00:00+06:00
qwen3_tts_customvoice_aiden_v4_final_salvage:3396e30052e618dcc817,processed/v4/xlsr_sls_model_v4_final_salvage_materialization_v1/ru_spoof/c3/c306b5276f470da112d089fc7c089da65c13658dcdaaf0910e1106a7a087825f.wav,885ee8cc9035c8ad2fade4bd493b8331fcb421eeec037392cb60aae941089c7a,test,spoof,ru,false,qwen3_tts_customvoice_aiden_v4_final_salvage:fixed-profile:qwen3_tts_0_6b_customvoice_aiden_q8_0,qwen3_tts_customvoice_aiden_v4_final_salvage,"Apache-2.0: Qwen CustomVoice and tokenizer model cards, cstr GGUF conversion cards, and CrispASR runtime release; permitted only for this project's personal-research scope with no training, calibration, product, re-hosting, verified-speaker or speaker-independence claim","One-shot local text-only derivative of frozen common_voice_ru_v24_v4_final_salvage text a065f40d15ca54b8bccf2fdc555dfb45af5c63aa732602146efa893821ea2a3a; no reference audio, cloning, resynthesis, replacement or backfill",qwen3_tts_customvoice_aiden_v4_final_salvage:synthetic-profile:qwen3_tts_0_6b_customvoice_aiden_q8_0,a065f40d15ca54b8bccf2fdc555dfb45af5c63aa732602146efa893821ea2a3a,71356c21f5efc4a771199533b86a30bf6a017f63e6763ce7f6c001b43f057b6a,6.0,qwen3_tts_customvoice_gguf,Qwen3-TTS 0.6B CustomVoice Q8_0 GGUF,talker-cstr-29094dcb46f19b0898616aa9aeb876aa9aa6e086-5227dcbc4df7c5533341d111cc469fa491a48e722b23dd10f553181b52dff2d9; codec-cstr-344e279551177654762e5c7d39e217834325f222-70dc95dbfdd9aa5d9d406236ff771d061bf17b0cda02a72513953355606e719b; crispasr-v0.8.28-99e990ae-c2413af7d5e70a166b74fe96f5afb6d7463f1414a5ac2dea7cd982da9f83f827; fixed-aiden; wrapper-f02d93fd7ee064539771a868c5033bc163bec1c94c838eb1152c52eb7eb677b7,qwen3_tts_customvoice:aiden,not_applicable:text_only_no_reference_audio,cuda:0,offline_text_only_final_materialization,16000,wav,synthesis_text_sha256=71356c21f5efc4a771199533b86a30bf6a017f63e6763ce7f6c001b43f057b6a;reference_audio=forbidden;voice_cloning=false,1899326497,2026-08-16T01:00:00+06:00
qwen3_tts_customvoice_aiden_v4_final_salvage:4ec58f53ee8afb1a83d7,processed/v4/xlsr_sls_model_v4_final_salvage_materialization_v1/ru_spoof/d6/d68022d14c41d2f0f31093414966cef9d566d31f169beb94f2487adb64a2bc18.wav,2208b2392b9a561f1492326866f9a47a73fef9348b99a1f525f8b56aa5976e89,test,spoof,ru,false,qwen3_tts_customvoice_aiden_v4_final_salvage:fixed-profile:qwen3_tts_0_6b_customvoice_aiden_q8_0,qwen3_tts_customvoice_aiden_v4_final_salvage,"Apache-2.0: Qwen CustomVoice and tokenizer model cards, cstr GGUF conversion cards, and CrispASR runtime release; permitted only for this project's personal-research scope with no training, calibration, product, re-hosting, verified-speaker or speaker-independence claim","One-shot local text-only derivative of frozen common_voice_ru_v24_v4_final_salvage text 83dfb0f1144b9a52bd4d4a72c23ebb7ca616ae1b7b86947fb184526ed2bfa2e8; no reference audio, cloning, resynthesis, replacement or backfill",qwen3_tts_customvoice_aiden_v4_final_salvage:synthetic-profile:qwen3_tts_0_6b_customvoice_aiden_q8_0,83dfb0f1144b9a52bd4d4a72c23ebb7ca616ae1b7b86947fb184526ed2bfa2e8,49a799a0821aa250fe027c6df1e7097052bf46c470e3af54b1e185bbee6169c8,3.2,qwen3_tts_customvoice_gguf,Qwen3-TTS 0.6B CustomVoice Q8_0 GGUF,talker-cstr-29094dcb46f19b0898616aa9aeb876aa9aa6e086-5227dcbc4df7c5533341d111cc469fa491a48e722b23dd10f553181b52dff2d9; codec-cstr-344e279551177654762e5c7d39e217834325f222-70dc95dbfdd9aa5d9d406236ff771d061bf17b0cda02a72513953355606e719b; crispasr-v0.8.28-99e990ae-c2413af7d5e70a166b74fe96f5afb6d7463f1414a5ac2dea7cd982da9f83f827; fixed-aiden; wrapper-f02d93fd7ee064539771a868c5033bc163bec1c94c838eb1152c52eb7eb677b7,qwen3_tts_customvoice:aiden,not_applicable:text_only_no_reference_audio,cuda:0,offline_text_only_final_materialization,16000,wav,synthesis_text_sha256=49a799a0821aa250fe027c6df1e7097052bf46c470e3af54b1e185bbee6169c8;reference_audio=forbidden;voice_cloning=false,1235720608,2026-08-16T01:00:00+06:00
qwen3_tts_customvoice_aiden_v4_final_salvage:d66aeb3cb4eef67c6a12,processed/v4/xlsr_sls_model_v4_final_salvage_materialization_v1/ru_spoof/0f/0f8062bf0a4af319397255422803b65dff98db55e211cae533e10899b56709a9.wav,096f2234121db336005467880f64b2a6d5bf53a9aa7e30d057aa1d38df38d7f2,test,spoof,ru,false,qwen3_tts_customvoice_aiden_v4_final_salvage:fixed-profile:qwen3_tts_0_6b_customvoice_aiden_q8_0,qwen3_tts_customvoice_aiden_v4_final_salvage,"Apache-2.0: Qwen CustomVoice and tokenizer model cards, cstr GGUF conversion cards, and CrispASR runtime release; permitted only for this project's personal-research scope with no training, calibration, product, re-hosting, verified-speaker or speaker-independence claim","One-shot local text-only derivative of frozen common_voice_ru_v24_v4_final_salvage text 4c0d4115a37e8d2b3cf69ae23286fb80c1bd34142f7531f9af453109fdf0f7ad; no reference audio, cloning, resynthesis, replacement or backfill",qwen3_tts_customvoice_aiden_v4_final_salvage:synthetic-profile:qwen3_tts_0_6b_customvoice_aiden_q8_0,4c0d4115a37e8d2b3cf69ae23286fb80c1bd34142f7531f9af453109fdf0f7ad,34e2a1fc2a1aee54bd70c3decb7bf6d893f029bc192b83a7106a06856a6913b6,6.72,qwen3_tts_customvoice_gguf,Qwen3-TTS 0.6B CustomVoice Q8_0 GGUF,talker-cstr-29094dcb46f19b0898616aa9aeb876aa9aa6e086-5227dcbc4df7c5533341d111cc469fa491a48e722b23dd10f553181b52dff2d9; codec-cstr-344e279551177654762e5c7d39e217834325f222-70dc95dbfdd9aa5d9d406236ff771d061bf17b0cda02a72513953355606e719b; crispasr-v0.8.28-99e990ae-c2413af7d5e70a166b74fe96f5afb6d7463f1414a5ac2dea7cd982da9f83f827; fixed-aiden; wrapper-f02d93fd7ee064539771a868c5033bc163bec1c94c838eb1152c52eb7eb677b7,qwen3_tts_customvoice:aiden,not_applicable:text_only_no_reference_audio,cuda:0,offline_text_only_final_materialization,16000,wav,synthesis_text_sha256=34e2a1fc2a1aee54bd70c3decb7bf6d893f029bc192b83a7106a06856a6913b6;reference_audio=forbidden;voice_cloning=false,887267836,2026-08-16T01:00:00+06:00
qwen3_tts_customvoice_aiden_v4_final_salvage:a1c4b4cbbe4792392b24,processed/v4/xlsr_sls_model_v4_final_salvage_materialization_v1/ru_spoof/34/3471d967d08e007f8e8003c03867d935bdcfd65058547733f12dfcacdc311b58.wav,8308591ce6ce82a17a8c0c1a05ff0bd7a13253365a852db3b09ce131e1f78e9c,test,spoof,ru,false,qwen3_tts_customvoice_aiden_v4_final_salvage:fixed-profile:qwen3_tts_0_6b_customvoice_aiden_q8_0,qwen3_tts_customvoice_aiden_v4_final_salvage,"Apache-2.0: Qwen CustomVoice and tokenizer model cards, cstr GGUF conversion cards, and CrispASR runtime release; permitted only for this project's personal-research scope with no training, calibration, product, re-hosting, verified-speaker or speaker-independence claim","One-shot local text-only derivative of frozen common_voice_ru_v24_v4_final_salvage text 39369564a2586de901c02247ddf845d97ba44a812eefdc36b3375a12acb5b6e8; no reference audio, cloning, resynthesis, replacement or backfill",qwen3_tts_customvoice_aiden_v4_final_salvage:synthetic-profile:qwen3_tts_0_6b_customvoice_aiden_q8_0,39369564a2586de901c02247ddf845d97ba44a812eefdc36b3375a12acb5b6e8,4268648edcfcef39e957c9c9310544bc047127ebe1c2cdeef8f74072c477591e,5.28,qwen3_tts_customvoice_gguf,Qwen3-TTS 0.6B CustomVoice Q8_0 GGUF,talker-cstr-29094dcb46f19b0898616aa9aeb876aa9aa6e086-5227dcbc4df7c5533341d111cc469fa491a48e722b23dd10f553181b52dff2d9; codec-cstr-344e279551177654762e5c7d39e217834325f222-70dc95dbfdd9aa5d9d406236ff771d061bf17b0cda02a72513953355606e719b; crispasr-v0.8.28-99e990ae-c2413af7d5e70a166b74fe96f5afb6d7463f1414a5ac2dea7cd982da9f83f827; fixed-aiden; wrapper-f02d93fd7ee064539771a868c5033bc163bec1c94c838eb1152c52eb7eb677b7,qwen3_tts_customvoice:aiden,not_applicable:text_only_no_reference_audio,cuda:0,offline_text_only_final_materialization,16000,wav,synthesis_text_sha256=4268648edcfcef39e957c9c9310544bc047127ebe1c2cdeef8f74072c477591e;reference_audio=forbidden;voice_cloning=false,1114137742,2026-08-16T01:00:00+06:00
qwen3_tts_customvoice_aiden_v4_final_salvage:8ad97544d9ec772fdadf,processed/v4/xlsr_sls_model_v4_final_salvage_materialization_v1/ru_spoof/e0/e0bc704148625192b3de7dd3b28386f825a242c49b28430dc3cd15a82a29d729.wav,0d81e7447428f48b5e24050ce394205f5cf56683319d3b666d5bc4b0bf1135c3,test,spoof,ru,false,qwen3_tts_customvoice_aiden_v4_final_salvage:fixed-profile:qwen3_tts_0_6b_customvoice_aiden_q8_0,qwen3_tts_customvoice_aiden_v4_final_salvage,"Apache-2.0: Qwen CustomVoice and tokenizer model cards, cstr GGUF conversion cards, and CrispASR runtime release; permitted only for this project's personal-research scope with no training, calibration, product, re-hosting, verified-speaker or speaker-independence claim","One-shot local text-only derivative of frozen common_voice_ru_v24_v4_final_salvage text 5af754b185a1aa4e4d2bb8b5236268ff2d2246badfe7149a82676807946606e9; no reference audio, cloning, resynthesis, replacement or backfill",qwen3_tts_customvoice_aiden_v4_final_salvage:synthetic-profile:qwen3_tts_0_6b_customvoice_aiden_q8_0,5af754b185a1aa4e4d2bb8b5236268ff2d2246badfe7149a82676807946606e9,1be9e9092b620119d5ed46f4c92e71c7f9eb5411acef5cd94612d4753252fb2c,4.24,qwen3_tts_customvoice_gguf,Qwen3-TTS 0.6B CustomVoice Q8_0 GGUF,talker-cstr-29094dcb46f19b0898616aa9aeb876aa9aa6e086-5227dcbc4df7c5533341d111cc469fa491a48e722b23dd10f553181b52dff2d9; codec-cstr-344e279551177654762e5c7d39e217834325f222-70dc95dbfdd9aa5d9d406236ff771d061bf17b0cda02a72513953355606e719b; crispasr-v0.8.28-99e990ae-c2413af7d5e70a166b74fe96f5afb6d7463f1414a5ac2dea7cd982da9f83f827; fixed-aiden; wrapper-f02d93fd7ee064539771a868c5033bc163bec1c94c838eb1152c52eb7eb677b7,qwen3_tts_customvoice:aiden,not_applicable:text_only_no_reference_audio,cuda:0,offline_text_only_final_materialization,16000,wav,synthesis_text_sha256=1be9e9092b620119d5ed46f4c92e71c7f9eb5411acef5cd94612d4753252fb2c;reference_audio=forbidden;voice_cloning=false,468314377,2026-08-16T01:00:00+06:00
qwen3_tts_customvoice_aiden_v4_final_salvage:011e177aba92a9c68675,processed/v4/xlsr_sls_model_v4_final_salvage_materialization_v1/ru_spoof/1f/1fb13d519d5ae927253eff20b70bcf250c55806ff11e6a32f94e09fefe1e519b.wav,72d2c227b030c1007a548157a92d19b3c28e6d4b9a21f89add905a30fa058f13,test,spoof,ru,false,qwen3_tts_customvoice_aiden_v4_final_salvage:fixed-profile:qwen3_tts_0_6b_customvoice_aiden_q8_0,qwen3_tts_customvoice_aiden_v4_final_salvage,"Apache-2.0: Qwen CustomVoice and tokenizer model cards, cstr GGUF conversion cards, and CrispASR runtime release; permitted only for this project's personal-research scope with no training, calibration, product, re-hosting, verified-speaker or speaker-independence claim","One-shot local text-only derivative of frozen common_voice_ru_v24_v4_final_salvage text cd00096d589b5766186117c23e97eca7c606e2482243e34c1d82a0a78e7ea622; no reference audio, cloning, resynthesis, replacement or backfill",qwen3_tts_customvoice_aiden_v4_final_salvage:synthetic-profile:qwen3_tts_0_6b_customvoice_aiden_q8_0,cd00096d589b5766186117c23e97eca7c606e2482243e34c1d82a0a78e7ea622,379443ae63c9f6c26a768cfa03958331401941a81742234a8e22d1fb99ba1415,4.64,qwen3_tts_customvoice_gguf,Qwen3-TTS 0.6B CustomVoice Q8_0 GGUF,talker-cstr-29094dcb46f19b0898616aa9aeb876aa9aa6e086-5227dcbc4df7c5533341d111cc469fa491a48e722b23dd10f553181b52dff2d9; codec-cstr-344e279551177654762e5c7d39e217834325f222-70dc95dbfdd9aa5d9d406236ff771d061bf17b0cda02a72513953355606e719b; crispasr-v0.8.28-99e990ae-c2413af7d5e70a166b74fe96f5afb6d7463f1414a5ac2dea7cd982da9f83f827; fixed-aiden; wrapper-f02d93fd7ee064539771a868c5033bc163bec1c94c838eb1152c52eb7eb677b7,qwen3_tts_customvoice:aiden,not_applicable:text_only_no_reference_audio,cuda:0,offline_text_only_final_materialization,16000,wav,synthesis_text_sha256=379443ae63c9f6c26a768cfa03958331401941a81742234a8e22d1fb99ba1415;reference_audio=forbidden;voice_cloning=false,932463534,2026-08-16T01:00:00+06:00
qwen3_tts_customvoice_aiden_v4_final_salvage:f6d70485764ce9b3ebaa,processed/v4/xlsr_sls_model_v4_final_salvage_materialization_v1/ru_spoof/98/988d3fd84612a59d30adf8f267463700b1c3e9213195a28e4ce5a8125ebc5ee3.wav,02d51555135e26327b7334c5bff3b900795ef6a8e8a51226a0a667fbca2ad120,test,spoof,ru,false,qwen3_tts_customvoice_aiden_v4_final_salvage:fixed-profile:qwen3_tts_0_6b_customvoice_aiden_q8_0,qwen3_tts_customvoice_aiden_v4_final_salvage,"Apache-2.0: Qwen CustomVoice and tokenizer model cards, cstr GGUF conversion cards, and CrispASR runtime release; permitted only for this project's personal-research scope with no training, calibration, product, re-hosting, verified-speaker or speaker-independence claim","One-shot local text-only derivative of frozen common_voice_ru_v24_v4_final_salvage text 65db35b7a70cdd1ce4a821241eae2ea2d1d8204952a3c8d551b8c48bb934404d; no reference audio, cloning, resynthesis, replacement or backfill",qwen3_tts_customvoice_aiden_v4_final_salvage:synthetic-profile:qwen3_tts_0_6b_customvoice_aiden_q8_0,65db35b7a70cdd1ce4a821241eae2ea2d1d8204952a3c8d551b8c48bb934404d,dad0d248ffc5316d0c562100fd0932e7f2067b2cace1cd2bc6d4763a5ce4824b,6.88,qwen3_tts_customvoice_gguf,Qwen3-TTS 0.6B CustomVoice Q8_0 GGUF,talker-cstr-29094dcb46f19b0898616aa9aeb876aa9aa6e086-5227dcbc4df7c5533341d111cc469fa491a48e722b23dd10f553181b52dff2d9; codec-cstr-344e279551177654762e5c7d39e217834325f222-70dc95dbfdd9aa5d9d406236ff771d061bf17b0cda02a72513953355606e719b; crispasr-v0.8.28-99e990ae-c2413af7d5e70a166b74fe96f5afb6d7463f1414a5ac2dea7cd982da9f83f827; fixed-aiden; wrapper-f02d93fd7ee064539771a868c5033bc163bec1c94c838eb1152c52eb7eb677b7,qwen3_tts_customvoice:aiden,not_applicable:text_only_no_reference_audio,cuda:0,offline_text_only_final_materialization,16000,wav,synthesis_text_sha256=dad0d248ffc5316d0c562100fd0932e7f2067b2cace1cd2bc6d4763a5ce4824b;reference_audio=forbidden;voice_cloning=false,3671118408,2026-08-16T01:00:00+06:00
qwen3_tts_customvoice_aiden_v4_final_salvage:91961eceb1634fbfd39a,processed/v4/xlsr_sls_model_v4_final_salvage_materialization_v1/ru_spoof/ba/babc5e2684b92fb6a23256396a685f8dab3ddb3295d1fd2f17979850aa3a792b.wav,633dac236b120ba04fadfd4e969351711c5c37b1fbab7b0c7127be664beec82c,test,spoof,ru,false,qwen3_tts_customvoice_aiden_v4_final_salvage:fixed-profile:qwen3_tts_0_6b_customvoice_aiden_q8_0,qwen3_tts_customvoice_aiden_v4_final_salvage,"Apache-2.0: Qwen CustomVoice and tokenizer model cards, cstr GGUF conversion cards, and CrispASR runtime release; permitted only for this project's personal-research scope with no training, calibration, product, re-hosting, verified-speaker or speaker-independence claim","One-shot local text-only derivative of frozen common_voice_ru_v24_v4_final_salvage text f91612dcbb5d168c48c7deb1aeeae63673d4f13ae82a68a5d2c1b6db784ab623; no reference audio, cloning, resynthesis, replacement or backfill",qwen3_tts_customvoice_aiden_v4_final_salvage:synthetic-profile:qwen3_tts_0_6b_customvoice_aiden_q8_0,f91612dcbb5d168c48c7deb1aeeae63673d4f13ae82a68a5d2c1b6db784ab623,aa239ba74fa9ba4155996ae744daee11d0c4cd06610bab772ac3ee29647d6a8d,6.48,qwen3_tts_customvoice_gguf,Qwen3-TTS 0.6B CustomVoice Q8_0 GGUF,talker-cstr-29094dcb46f19b0898616aa9aeb876aa9aa6e086-5227dcbc4df7c5533341d111cc469fa491a48e722b23dd10f553181b52dff2d9; codec-cstr-344e279551177654762e5c7d39e217834325f222-70dc95dbfdd9aa5d9d406236ff771d061bf17b0cda02a72513953355606e719b; crispasr-v0.8.28-99e990ae-c2413af7d5e70a166b74fe96f5afb6d7463f1414a5ac2dea7cd982da9f83f827; fixed-aiden; wrapper-f02d93fd7ee064539771a868c5033bc163bec1c94c838eb1152c52eb7eb677b7,qwen3_tts_customvoice:aiden,not_applicable:text_only_no_reference_audio,cuda:0,offline_text_only_final_materialization,16000,wav,synthesis_text_sha256=aa239ba74fa9ba4155996ae744daee11d0c4cd06610bab772ac3ee29647d6a8d;reference_audio=forbidden;voice_cloning=false,2854460327,2026-08-16T01:00:00+06:00
qwen3_tts_customvoice_aiden_v4_final_salvage:142d7a476e953eac4a8b,processed/v4/xlsr_sls_model_v4_final_salvage_materialization_v1/ru_spoof/06/06ae30f44752eeefbe777273239235f06b54955fafb0ff78a24c16fb397552c9.wav,4ae94f0d8a5884f8353ab2d2ef55e69ff17743f272f987d3d45778605ef7a1d3,test,spoof,ru,false,qwen3_tts_customvoice_aiden_v4_final_salvage:fixed-profile:qwen3_tts_0_6b_customvoice_aiden_q8_0,qwen3_tts_customvoice_aiden_v4_final_salvage,"Apache-2.0: Qwen CustomVoice and tokenizer model cards, cstr GGUF conversion cards, and CrispASR runtime release; permitted only for this project's personal-research scope with no training, calibration, product, re-hosting, verified-speaker or speaker-independence claim","One-shot local text-only derivative of frozen common_voice_ru_v24_v4_final_salvage text ca3d0bed2974dfbac257d2f5105cf6c9cb63f22a2f6e8de5fc822f63c5951c1e; no reference audio, cloning, resynthesis, replacement or backfill",qwen3_tts_customvoice_aiden_v4_final_salvage:synthetic-profile:qwen3_tts_0_6b_customvoice_aiden_q8_0,ca3d0bed2974dfbac257d2f5105cf6c9cb63f22a2f6e8de5fc822f63c5951c1e,2449dfb1f5e17a76b9d6627fc286d2728a608ceae73ab70615642d5b0b174b91,7.12,qwen3_tts_customvoice_gguf,Qwen3-TTS 0.6B CustomVoice Q8_0 GGUF,talker-cstr-29094dcb46f19b0898616aa9aeb876aa9aa6e086-5227dcbc4df7c5533341d111cc469fa491a48e722b23dd10f553181b52dff2d9; codec-cstr-344e279551177654762e5c7d39e217834325f222-70dc95dbfdd9aa5d9d406236ff771d061bf17b0cda02a72513953355606e719b; crispasr-v0.8.28-99e990ae-c2413af7d5e70a166b74fe96f5afb6d7463f1414a5ac2dea7cd982da9f83f827; fixed-aiden; wrapper-f02d93fd7ee064539771a868c5033bc163bec1c94c838eb1152c52eb7eb677b7,qwen3_tts_customvoice:aiden,not_applicable:text_only_no_reference_audio,cuda:0,offline_text_only_final_materialization,16000,wav,synthesis_text_sha256=2449dfb1f5e17a76b9d6627fc286d2728a608ceae73ab70615642d5b0b174b91;reference_audio=forbidden;voice_cloning=false,608821169,2026-08-16T01:00:00+06:00
qwen3_tts_customvoice_aiden_v4_final_salvage:6cf5fcc4675865e9ab62,processed/v4/xlsr_sls_model_v4_final_salvage_materialization_v1/ru_spoof/e0/e03d35536fc38bf6a67cb987204f43b855285477309850a14db654aa294ddfd3.wav,a6216b590ba00e491d908cf1db3e24291d7681051b9a91b94788ebdc34457534,test,spoof,ru,false,qwen3_tts_customvoice_aiden_v4_final_salvage:fixed-profile:qwen3_tts_0_6b_customvoice_aiden_q8_0,qwen3_tts_customvoice_aiden_v4_final_salvage,"Apache-2.0: Qwen CustomVoice and tokenizer model cards, cstr GGUF conversion cards, and CrispASR runtime release; permitted only for this project's personal-research scope with no training, calibration, product, re-hosting, verified-speaker or speaker-independence claim","One-shot local text-only derivative of frozen common_voice_ru_v24_v4_final_salvage text 042855845542760f6bbe351bcbf6da4df185ea39f7f62a0fbb441e4cce0f939b; no reference audio, cloning, resynthesis, replacement or backfill",qwen3_tts_customvoice_aiden_v4_final_salvage:synthetic-profile:qwen3_tts_0_6b_customvoice_aiden_q8_0,042855845542760f6bbe351bcbf6da4df185ea39f7f62a0fbb441e4cce0f939b,a0d2a5161c3a22cbb8c2f83e0c239e7f7d6cffb37acce428d4f388ab63bfaee0,4.0,qwen3_tts_customvoice_gguf,Qwen3-TTS 0.6B CustomVoice Q8_0 GGUF,talker-cstr-29094dcb46f19b0898616aa9aeb876aa9aa6e086-5227dcbc4df7c5533341d111cc469fa491a48e722b23dd10f553181b52dff2d9; codec-cstr-344e279551177654762e5c7d39e217834325f222-70dc95dbfdd9aa5d9d406236ff771d061bf17b0cda02a72513953355606e719b; crispasr-v0.8.28-99e990ae-c2413af7d5e70a166b74fe96f5afb6d7463f1414a5ac2dea7cd982da9f83f827; fixed-aiden; wrapper-f02d93fd7ee064539771a868c5033bc163bec1c94c838eb1152c52eb7eb677b7,qwen3_tts_customvoice:aiden,not_applicable:text_only_no_reference_audio,cuda:0,offline_text_only_final_materialization,16000,wav,synthesis_text_sha256=a0d2a5161c3a22cbb8c2f83e0c239e7f7d6cffb37acce428d4f388ab63bfaee0;reference_audio=forbidden;voice_cloning=false,2698159382,2026-08-16T01:00:00+06:00
qwen3_tts_customvoice_aiden_v4_final_salvage:f60c2c8bc9dcca2afcfb,processed/v4/xlsr_sls_model_v4_final_salvage_materialization_v1/ru_spoof/99/992a449a80fad0168a654f015ade08b60112c1153186fbaf356e3fc1b2725201.wav,6c0babc8b5453d9fa004e02db59e26e94c36c7762f14a948e616c54bcd8092fa,test,spoof,ru,false,qwen3_tts_customvoice_aiden_v4_final_salvage:fixed-profile:qwen3_tts_0_6b_customvoice_aiden_q8_0,qwen3_tts_customvoice_aiden_v4_final_salvage,"Apache-2.0: Qwen CustomVoice and tokenizer model cards, cstr GGUF conversion cards, and CrispASR runtime release; permitted only for this project's personal-research scope with no training, calibration, product, re-hosting, verified-speaker or speaker-independence claim","One-shot local text-only derivative of frozen common_voice_ru_v24_v4_final_salvage text d2ec6908fef549256c6ee839de0a9e2069bafc2a59e47c2dbec57cb551e0d69b; no reference audio, cloning, resynthesis, replacement or backfill",qwen3_tts_customvoice_aiden_v4_final_salvage:synthetic-profile:qwen3_tts_0_6b_customvoice_aiden_q8_0,d2ec6908fef549256c6ee839de0a9e2069bafc2a59e47c2dbec57cb551e0d69b,9a26505efd0a5e313f55d0ed0740d7cfa80e57dd104e292d06a9bc89aa6e50bf,6.88,qwen3_tts_customvoice_gguf,Qwen3-TTS 0.6B CustomVoice Q8_0 GGUF,talker-cstr-29094dcb46f19b0898616aa9aeb876aa9aa6e086-5227dcbc4df7c5533341d111cc469fa491a48e722b23dd10f553181b52dff2d9; codec-cstr-344e279551177654762e5c7d39e217834325f222-70dc95dbfdd9aa5d9d406236ff771d061bf17b0cda02a72513953355606e719b; crispasr-v0.8.28-99e990ae-c2413af7d5e70a166b74fe96f5afb6d7463f1414a5ac2dea7cd982da9f83f827; fixed-aiden; wrapper-f02d93fd7ee064539771a868c5033bc163bec1c94c838eb1152c52eb7eb677b7,qwen3_tts_customvoice:aiden,not_applicable:text_only_no_reference_audio,cuda:0,offline_text_only_final_materialization,16000,wav,synthesis_text_sha256=9a26505efd0a5e313f55d0ed0740d7cfa80e57dd104e292d06a9bc89aa6e50bf;reference_audio=forbidden;voice_cloning=false,2586202206,2026-08-16T01:00:00+06:00
qwen3_tts_customvoice_aiden_v4_final_salvage:300b3cc5cdb574b0af3e,processed/v4/xlsr_sls_model_v4_final_salvage_materialization_v1/ru_spoof/44/444b44cc939cd7629f99dcf5072d9873e60d5f4c6735fdbb57240a3072c8d620.wav,be45072111f50d0e35484b38f1ba2b985baa4eafefc4116fd54850b31be2577b,test,spoof,ru,false,qwen3_tts_customvoice_aiden_v4_final_salvage:fixed-profile:qwen3_tts_0_6b_customvoice_aiden_q8_0,qwen3_tts_customvoice_aiden_v4_final_salvage,"Apache-2.0: Qwen CustomVoice and tokenizer model cards, cstr GGUF conversion cards, and CrispASR runtime release; permitted only for this project's personal-research scope with no training, calibration, product, re-hosting, verified-speaker or speaker-independence claim","One-shot local text-only derivative of frozen common_voice_ru_v24_v4_final_salvage text 9945cd75994e347e9430236793459183de4771abdba597dcb379145dee0d700b; no reference audio, cloning, resynthesis, replacement or backfill",qwen3_tts_customvoice_aiden_v4_final_salvage:synthetic-profile:qwen3_tts_0_6b_customvoice_aiden_q8_0,9945cd75994e347e9430236793459183de4771abdba597dcb379145dee0d700b,7185b91b2cc7b078f78713131077a297d636ab6560f163aa183a433118630cb6,5.84,qwen3_tts_customvoice_gguf,Qwen3-TTS 0.6B CustomVoice Q8_0 GGUF,talker-cstr-29094dcb46f19b0898616aa9aeb876aa9aa6e086-5227dcbc4df7c5533341d111cc469fa491a48e722b23dd10f553181b52dff2d9; codec-cstr-344e279551177654762e5c7d39e217834325f222-70dc95dbfdd9aa5d9d406236ff771d061bf17b0cda02a72513953355606e719b; crispasr-v0.8.28-99e990ae-c2413af7d5e70a166b74fe96f5afb6d7463f1414a5ac2dea7cd982da9f83f827; fixed-aiden; wrapper-f02d93fd7ee064539771a868c5033bc163bec1c94c838eb1152c52eb7eb677b7,qwen3_tts_customvoice:aiden,not_applicable:text_only_no_reference_audio,cuda:0,offline_text_only_final_materialization,16000,wav,synthesis_text_sha256=7185b91b2cc7b078f78713131077a297d636ab6560f163aa183a433118630cb6;reference_audio=forbidden;voice_cloning=false,1904589083,2026-08-16T01:00:00+06:00
qwen3_tts_customvoice_aiden_v4_final_salvage:956440123450fc73c883,processed/v4/xlsr_sls_model_v4_final_salvage_materialization_v1/ru_spoof/15/157da4a1006b88d2a6e679f409e242c0897c1713195d69f3fa0946bf62e8d4d1.wav,fbe15164399ae74e6608e3594a8c9eed77afd32015f12524acd36eabb755c1aa,test,spoof,ru,false,qwen3_tts_customvoice_aiden_v4_final_salvage:fixed-profile:qwen3_tts_0_6b_customvoice_aiden_q8_0,qwen3_tts_customvoice_aiden_v4_final_salvage,"Apache-2.0: Qwen CustomVoice and tokenizer model cards, cstr GGUF conversion cards, and CrispASR runtime release; permitted only for this project's personal-research scope with no training, calibration, product, re-hosting, verified-speaker or speaker-independence claim","One-shot local text-only derivative of frozen common_voice_ru_v24_v4_final_salvage text 0bed1076a72e2c6c9c2015c1f56710403c75bee45d1b2b2b12e9c1b6206b2da2; no reference audio, cloning, resynthesis, replacement or backfill",qwen3_tts_customvoice_aiden_v4_final_salvage:synthetic-profile:qwen3_tts_0_6b_customvoice_aiden_q8_0,0bed1076a72e2c6c9c2015c1f56710403c75bee45d1b2b2b12e9c1b6206b2da2,a240138f3a550c60d7f636c5797ab2da532722ecd422270823c5ca299b07d538,4.0,qwen3_tts_customvoice_gguf,Qwen3-TTS 0.6B CustomVoice Q8_0 GGUF,talker-cstr-29094dcb46f19b0898616aa9aeb876aa9aa6e086-5227dcbc4df7c5533341d111cc469fa491a48e722b23dd10f553181b52dff2d9; codec-cstr-344e279551177654762e5c7d39e217834325f222-70dc95dbfdd9aa5d9d406236ff771d061bf17b0cda02a72513953355606e719b; crispasr-v0.8.28-99e990ae-c2413af7d5e70a166b74fe96f5afb6d7463f1414a5ac2dea7cd982da9f83f827; fixed-aiden; wrapper-f02d93fd7ee064539771a868c5033bc163bec1c94c838eb1152c52eb7eb677b7,qwen3_tts_customvoice:aiden,not_applicable:text_only_no_reference_audio,cuda:0,offline_text_only_final_materialization,16000,wav,synthesis_text_sha256=a240138f3a550c60d7f636c5797ab2da532722ecd422270823c5ca299b07d538;reference_audio=forbidden;voice_cloning=false,2722108303,2026-08-16T01:00:00+06:00
qwen3_tts_customvoice_aiden_v4_final_salvage:df7b5625b73921243cfb,processed/v4/xlsr_sls_model_v4_final_salvage_materialization_v1/ru_spoof/87/8732e3e490c0bbb2d36405184d41624e38f1c8662d755a2b636158e8206c5084.wav,b0bb33d509402b8a8f80ae8e7e361910b6b6347e3c70690a9e8b1c5e55cd227b,test,spoof,ru,false,qwen3_tts_customvoice_aiden_v4_final_salvage:fixed-profile:qwen3_tts_0_6b_customvoice_aiden_q8_0,qwen3_tts_customvoice_aiden_v4_final_salvage,"Apache-2.0: Qwen CustomVoice and tokenizer model cards, cstr GGUF conversion cards, and CrispASR runtime release; permitted only for this project's personal-research scope with no training, calibration, product, re-hosting, verified-speaker or speaker-independence claim","One-shot local text-only derivative of frozen common_voice_ru_v24_v4_final_salvage text dca5058195d851916ba8b124d8ee5776408d35fe36fca0c1a4945404c9020002; no reference audio, cloning, resynthesis, replacement or backfill",qwen3_tts_customvoice_aiden_v4_final_salvage:synthetic-profile:qwen3_tts_0_6b_customvoice_aiden_q8_0,dca5058195d851916ba8b124d8ee5776408d35fe36fca0c1a4945404c9020002,546a4e7645ded5edc36551a7fc9800e3adb4cc798ce8bb4741bab171930739de,3.76,qwen3_tts_customvoice_gguf,Qwen3-TTS 0.6B CustomVoice Q8_0 GGUF,talker-cstr-29094dcb46f19b0898616aa9aeb876aa9aa6e086-5227dcbc4df7c5533341d111cc469fa491a48e722b23dd10f553181b52dff2d9; codec-cstr-344e279551177654762e5c7d39e217834325f222-70dc95dbfdd9aa5d9d406236ff771d061bf17b0cda02a72513953355606e719b; crispasr-v0.8.28-99e990ae-c2413af7d5e70a166b74fe96f5afb6d7463f1414a5ac2dea7cd982da9f83f827; fixed-aiden; wrapper-f02d93fd7ee064539771a868c5033bc163bec1c94c838eb1152c52eb7eb677b7,qwen3_tts_customvoice:aiden,not_applicable:text_only_no_reference_audio,cuda:0,offline_text_only_final_materialization,16000,wav,synthesis_text_sha256=546a4e7645ded5edc36551a7fc9800e3adb4cc798ce8bb4741bab171930739de;reference_audio=forbidden;voice_cloning=false,1416253046,2026-08-16T01:00:00+06:00
qwen3_tts_customvoice_aiden_v4_final_salvage:bb08c839b5bf8ab59b00,processed/v4/xlsr_sls_model_v4_final_salvage_materialization_v1/ru_spoof/ef/ef458e25525dac9292aa0209e1c8f3cb7202e3c6165bb2710ece84fef4d38380.wav,3a44a46efeb1c11aabbbb8558eebc502574e0f1870ffb9a37a736d80ecf44f45,test,spoof,ru,false,qwen3_tts_customvoice_aiden_v4_final_salvage:fixed-profile:qwen3_tts_0_6b_customvoice_aiden_q8_0,qwen3_tts_customvoice_aiden_v4_final_salvage,"Apache-2.0: Qwen CustomVoice and tokenizer model cards, cstr GGUF conversion cards, and CrispASR runtime release; permitted only for this project's personal-research scope with no training, calibration, product, re-hosting, verified-speaker or speaker-independence claim","One-shot local text-only derivative of frozen common_voice_ru_v24_v4_final_salvage text 16e5994af70a0928d8a395c32ba2af0a69e8e9d6bbabf311656b25a5ea554d6c; no reference audio, cloning, resynthesis, replacement or backfill",qwen3_tts_customvoice_aiden_v4_final_salvage:synthetic-profile:qwen3_tts_0_6b_customvoice_aiden_q8_0,16e5994af70a0928d8a395c32ba2af0a69e8e9d6bbabf311656b25a5ea554d6c,88130d43c348f3dd552ffd733acbee3d613364658046ca741dd7af6c4cb4f355,6.8,qwen3_tts_customvoice_gguf,Qwen3-TTS 0.6B CustomVoice Q8_0 GGUF,talker-cstr-29094dcb46f19b0898616aa9aeb876aa9aa6e086-5227dcbc4df7c5533341d111cc469fa491a48e722b23dd10f553181b52dff2d9; codec-cstr-344e279551177654762e5c7d39e217834325f222-70dc95dbfdd9aa5d9d406236ff771d061bf17b0cda02a72513953355606e719b; crispasr-v0.8.28-99e990ae-c2413af7d5e70a166b74fe96f5afb6d7463f1414a5ac2dea7cd982da9f83f827; fixed-aiden; wrapper-f02d93fd7ee064539771a868c5033bc163bec1c94c838eb1152c52eb7eb677b7,qwen3_tts_customvoice:aiden,not_applicable:text_only_no_reference_audio,cuda:0,offline_text_only_final_materialization,16000,wav,synthesis_text_sha256=88130d43c348f3dd552ffd733acbee3d613364658046ca741dd7af6c4cb4f355;reference_audio=forbidden;voice_cloning=false,2282949955,2026-08-16T01:00:00+06:00
qwen3_tts_customvoice_aiden_v4_final_salvage:72a49457ccd90f4b6feb,processed/v4/xlsr_sls_model_v4_final_salvage_materialization_v1/ru_spoof/f7/f714c269b133eddfe1f908b75956ab1c71ba38d735defc87f9eb8e2ef9aade23.wav,e53dada53492ebc21192dc7c36b5a6c816e396f33d19e8b090d64cbb2e0ef596,test,spoof,ru,false,qwen3_tts_customvoice_aiden_v4_final_salvage:fixed-profile:qwen3_tts_0_6b_customvoice_aiden_q8_0,qwen3_tts_customvoice_aiden_v4_final_salvage,"Apache-2.0: Qwen CustomVoice and tokenizer model cards, cstr GGUF conversion cards, and CrispASR runtime release; permitted only for this project's personal-research scope with no training, calibration, product, re-hosting, verified-speaker or speaker-independence claim","One-shot local text-only derivative of frozen common_voice_ru_v24_v4_final_salvage text c7730394f29bf4d390a712e8b9d35c8cd168451afcaec34db65ec45040681f4b; no reference audio, cloning, resynthesis, replacement or backfill",qwen3_tts_customvoice_aiden_v4_final_salvage:synthetic-profile:qwen3_tts_0_6b_customvoice_aiden_q8_0,c7730394f29bf4d390a712e8b9d35c8cd168451afcaec34db65ec45040681f4b,0049855b50fa784848911c4d551f3074a85866561567ab2b1e9d57ccfe0b76ab,3.6,qwen3_tts_customvoice_gguf,Qwen3-TTS 0.6B CustomVoice Q8_0 GGUF,talker-cstr-29094dcb46f19b0898616aa9aeb876aa9aa6e086-5227dcbc4df7c5533341d111cc469fa491a48e722b23dd10f553181b52dff2d9; codec-cstr-344e279551177654762e5c7d39e217834325f222-70dc95dbfdd9aa5d9d406236ff771d061bf17b0cda02a72513953355606e719b; crispasr-v0.8.28-99e990ae-c2413af7d5e70a166b74fe96f5afb6d7463f1414a5ac2dea7cd982da9f83f827; fixed-aiden; wrapper-f02d93fd7ee064539771a868c5033bc163bec1c94c838eb1152c52eb7eb677b7,qwen3_tts_customvoice:aiden,not_applicable:text_only_no_reference_audio,cuda:0,offline_text_only_final_materialization,16000,wav,synthesis_text_sha256=0049855b50fa784848911c4d551f3074a85866561567ab2b1e9d57ccfe0b76ab;reference_audio=forbidden;voice_cloning=false,4818267,2026-08-16T01:00:00+06:00
qwen3_tts_customvoice_aiden_v4_final_salvage:ea4ce934d74190c23d1b,processed/v4/xlsr_sls_model_v4_final_salvage_materialization_v1/ru_spoof/f4/f4b85d3b22523637678a84a55ee839c316c645282a444e9f92c95a3d0e99343e.wav,59b40be94b99647d4fbb7687674443008e7a87666fccf39fe620e3641af38f11,test,spoof,ru,false,qwen3_tts_customvoice_aiden_v4_final_salvage:fixed-profile:qwen3_tts_0_6b_customvoice_aiden_q8_0,qwen3_tts_customvoice_aiden_v4_final_salvage,"Apache-2.0: Qwen CustomVoice and tokenizer model cards, cstr GGUF conversion cards, and CrispASR runtime release; permitted only for this project's personal-research scope with no training, calibration, product, re-hosting, verified-speaker or speaker-independence claim","One-shot local text-only derivative of frozen common_voice_ru_v24_v4_final_salvage text 57d13d4c6ee4658502bb02d3ba9387df9cdf84d6d9049825a2ae2e19985f3d77; no reference audio, cloning, resynthesis, replacement or backfill",qwen3_tts_customvoice_aiden_v4_final_salvage:synthetic-profile:qwen3_tts_0_6b_customvoice_aiden_q8_0,57d13d4c6ee4658502bb02d3ba9387df9cdf84d6d9049825a2ae2e19985f3d77,de8b4b7a725a79dd6d3992fd235ef87e92995b37068abcf2a38314e912e1b82e,5.44,qwen3_tts_customvoice_gguf,Qwen3-TTS 0.6B CustomVoice Q8_0 GGUF,talker-cstr-29094dcb46f19b0898616aa9aeb876aa9aa6e086-5227dcbc4df7c5533341d111cc469fa491a48e722b23dd10f553181b52dff2d9; codec-cstr-344e279551177654762e5c7d39e217834325f222-70dc95dbfdd9aa5d9d406236ff771d061bf17b0cda02a72513953355606e719b; crispasr-v0.8.28-99e990ae-c2413af7d5e70a166b74fe96f5afb6d7463f1414a5ac2dea7cd982da9f83f827; fixed-aiden; wrapper-f02d93fd7ee064539771a868c5033bc163bec1c94c838eb1152c52eb7eb677b7,qwen3_tts_customvoice:aiden,not_applicable:text_only_no_reference_audio,cuda:0,offline_text_only_final_materialization,16000,wav,synthesis_text_sha256=de8b4b7a725a79dd6d3992fd235ef87e92995b37068abcf2a38314e912e1b82e;reference_audio=forbidden;voice_cloning=false,3733670778,2026-08-16T01:00:00+06:00
qwen3_tts_customvoice_aiden_v4_final_salvage:3981b59400c232623774,processed/v4/xlsr_sls_model_v4_final_salvage_materialization_v1/ru_spoof/75/75e5fb40d588a6ee943ef3c2a86221f0ff3f99bc1796fdff1eb55ca31da0a43a.wav,2b4e48934ae4259318cfa0ed358f179ea91d5a4e1241977479ed44bd45fc6bfc,test,spoof,ru,false,qwen3_tts_customvoice_aiden_v4_final_salvage:fixed-profile:qwen3_tts_0_6b_customvoice_aiden_q8_0,qwen3_tts_customvoice_aiden_v4_final_salvage,"Apache-2.0: Qwen CustomVoice and tokenizer model cards, cstr GGUF conversion cards, and CrispASR runtime release; permitted only for this project's personal-research scope with no training, calibration, product, re-hosting, verified-speaker or speaker-independence claim","One-shot local text-only derivative of frozen common_voice_ru_v24_v4_final_salvage text b36c32375825610a660adf360538c6db69fa0e9396f05c79b85397b4b8c8c6ba; no reference audio, cloning, resynthesis, replacement or backfill",qwen3_tts_customvoice_aiden_v4_final_salvage:synthetic-profile:qwen3_tts_0_6b_customvoice_aiden_q8_0,b36c32375825610a660adf360538c6db69fa0e9396f05c79b85397b4b8c8c6ba,3f322fca90f87b695c94d3c11fb46419caee6f99b3426681db1f7dde6caaa285,4.08,qwen3_tts_customvoice_gguf,Qwen3-TTS 0.6B CustomVoice Q8_0 GGUF,talker-cstr-29094dcb46f19b0898616aa9aeb876aa9aa6e086-5227dcbc4df7c5533341d111cc469fa491a48e722b23dd10f553181b52dff2d9; codec-cstr-344e279551177654762e5c7d39e217834325f222-70dc95dbfdd9aa5d9d406236ff771d061bf17b0cda02a72513953355606e719b; crispasr-v0.8.28-99e990ae-c2413af7d5e70a166b74fe96f5afb6d7463f1414a5ac2dea7cd982da9f83f827; fixed-aiden; wrapper-f02d93fd7ee064539771a868c5033bc163bec1c94c838eb1152c52eb7eb677b7,qwen3_tts_customvoice:aiden,not_applicable:text_only_no_reference_audio,cuda:0,offline_text_only_final_materialization,16000,wav,synthesis_text_sha256=3f322fca90f87b695c94d3c11fb46419caee6f99b3426681db1f7dde6caaa285;reference_audio=forbidden;voice_cloning=false,1060253642,2026-08-16T01:00:00+06:00
qwen3_tts_customvoice_aiden_v4_final_salvage:79853ebaacda421476b5,processed/v4/xlsr_sls_model_v4_final_salvage_materialization_v1/ru_spoof/5a/5a159211e91cb2667c47ce29ff21ab3945734ad341d080e39ba7ae583c6bfc6f.wav,4d0d4cfb9aaf7647da4e6b8be3b4d64bcdbc55cb9c6b3657f0a01e69fadb918a,test,spoof,ru,false,qwen3_tts_customvoice_aiden_v4_final_salvage:fixed-profile:qwen3_tts_0_6b_customvoice_aiden_q8_0,qwen3_tts_customvoice_aiden_v4_final_salvage,"Apache-2.0: Qwen CustomVoice and tokenizer model cards, cstr GGUF conversion cards, and CrispASR runtime release; permitted only for this project's personal-research scope with no training, calibration, product, re-hosting, verified-speaker or speaker-independence claim","One-shot local text-only derivative of frozen common_voice_ru_v24_v4_final_salvage text a6a7ee02f524f45aab71844b195fc18c0cbd999aa433b2448cf24450a8357fc0; no reference audio, cloning, resynthesis, replacement or backfill",qwen3_tts_customvoice_aiden_v4_final_salvage:synthetic-profile:qwen3_tts_0_6b_customvoice_aiden_q8_0,a6a7ee02f524f45aab71844b195fc18c0cbd999aa433b2448cf24450a8357fc0,8f3c1a3ac6a49e4058c58836b9c4d5f3581c432ed2845292ef29ea5981f3e6c5,3.6,qwen3_tts_customvoice_gguf,Qwen3-TTS 0.6B CustomVoice Q8_0 GGUF,talker-cstr-29094dcb46f19b0898616aa9aeb876aa9aa6e086-5227dcbc4df7c5533341d111cc469fa491a48e722b23dd10f553181b52dff2d9; codec-cstr-344e279551177654762e5c7d39e217834325f222-70dc95dbfdd9aa5d9d406236ff771d061bf17b0cda02a72513953355606e719b; crispasr-v0.8.28-99e990ae-c2413af7d5e70a166b74fe96f5afb6d7463f1414a5ac2dea7cd982da9f83f827; fixed-aiden; wrapper-f02d93fd7ee064539771a868c5033bc163bec1c94c838eb1152c52eb7eb677b7,qwen3_tts_customvoice:aiden,not_applicable:text_only_no_reference_audio,cuda:0,offline_text_only_final_materialization,16000,wav,synthesis_text_sha256=8f3c1a3ac6a49e4058c58836b9c4d5f3581c432ed2845292ef29ea5981f3e6c5;reference_audio=forbidden;voice_cloning=false,2403080762,2026-08-16T01:00:00+06:00
qwen3_tts_customvoice_aiden_v4_final_salvage:002b1ab915fcbf07924f,processed/v4/xlsr_sls_model_v4_final_salvage_materialization_v1/ru_spoof/64/647e35732bef391d3bc731cd19bb9a891e4e840c096107272c52c6a390500acb.wav,47b08f6ecac871a626980502c311f50c883db4ee0cf02cf6826e4e7f311946c5,test,spoof,ru,false,qwen3_tts_customvoice_aiden_v4_final_salvage:fixed-profile:qwen3_tts_0_6b_customvoice_aiden_q8_0,qwen3_tts_customvoice_aiden_v4_final_salvage,"Apache-2.0: Qwen CustomVoice and tokenizer model cards, cstr GGUF conversion cards, and CrispASR runtime release; permitted only for this project's personal-research scope with no training, calibration, product, re-hosting, verified-speaker or speaker-independence claim","One-shot local text-only derivative of frozen common_voice_ru_v24_v4_final_salvage text 0854cab7a2aeedfcd5e9545f449e460a770774b410112582ccf428f926eaa19d; no reference audio, cloning, resynthesis, replacement or backfill",qwen3_tts_customvoice_aiden_v4_final_salvage:synthetic-profile:qwen3_tts_0_6b_customvoice_aiden_q8_0,0854cab7a2aeedfcd5e9545f449e460a770774b410112582ccf428f926eaa19d,5621df408d5a76a48df210b5d3e6fba8dc1a00af8f1c677b4322231cc97ece32,2.96,qwen3_tts_customvoice_gguf,Qwen3-TTS 0.6B CustomVoice Q8_0 GGUF,talker-cstr-29094dcb46f19b0898616aa9aeb876aa9aa6e086-5227dcbc4df7c5533341d111cc469fa491a48e722b23dd10f553181b52dff2d9; codec-cstr-344e279551177654762e5c7d39e217834325f222-70dc95dbfdd9aa5d9d406236ff771d061bf17b0cda02a72513953355606e719b; crispasr-v0.8.28-99e990ae-c2413af7d5e70a166b74fe96f5afb6d7463f1414a5ac2dea7cd982da9f83f827; fixed-aiden; wrapper-f02d93fd7ee064539771a868c5033bc163bec1c94c838eb1152c52eb7eb677b7,qwen3_tts_customvoice:aiden,not_applicable:text_only_no_reference_audio,cuda:0,offline_text_only_final_materialization,16000,wav,synthesis_text_sha256=5621df408d5a76a48df210b5d3e6fba8dc1a00af8f1c677b4322231cc97ece32;reference_audio=forbidden;voice_cloning=false,1445060416,2026-08-16T01:00:00+06:00
qwen3_tts_customvoice_aiden_v4_final_salvage:68a4ab1f17c7c8fb882f,processed/v4/xlsr_sls_model_v4_final_salvage_materialization_v1/ru_spoof/c2/c25e01d27e7898660add2ef2e27d0106145546f226f227e6e6fdd53ebd4dce82.wav,5ee4152fbf82a873dd2d9739b3c1d809f9e93f7e1909e65751adf8caeae9773b,test,spoof,ru,false,qwen3_tts_customvoice_aiden_v4_final_salvage:fixed-profile:qwen3_tts_0_6b_customvoice_aiden_q8_0,qwen3_tts_customvoice_aiden_v4_final_salvage,"Apache-2.0: Qwen CustomVoice and tokenizer model cards, cstr GGUF conversion cards, and CrispASR runtime release; permitted only for this project's personal-research scope with no training, calibration, product, re-hosting, verified-speaker or speaker-independence claim","One-shot local text-only derivative of frozen common_voice_ru_v24_v4_final_salvage text 58430d465952975e536b21208cf3b4d8c5f8cb00dc49d038656eb84cb6fff445; no reference audio, cloning, resynthesis, replacement or backfill",qwen3_tts_customvoice_aiden_v4_final_salvage:synthetic-profile:qwen3_tts_0_6b_customvoice_aiden_q8_0,58430d465952975e536b21208cf3b4d8c5f8cb00dc49d038656eb84cb6fff445,4cd0e03e188e877ca5c119eabba81074b8504e0cf835008362bc7749b9299550,10.08,qwen3_tts_customvoice_gguf,Qwen3-TTS 0.6B CustomVoice Q8_0 GGUF,talker-cstr-29094dcb46f19b0898616aa9aeb876aa9aa6e086-5227dcbc4df7c5533341d111cc469fa491a48e722b23dd10f553181b52dff2d9; codec-cstr-344e279551177654762e5c7d39e217834325f222-70dc95dbfdd9aa5d9d406236ff771d061bf17b0cda02a72513953355606e719b; crispasr-v0.8.28-99e990ae-c2413af7d5e70a166b74fe96f5afb6d7463f1414a5ac2dea7cd982da9f83f827; fixed-aiden; wrapper-f02d93fd7ee064539771a868c5033bc163bec1c94c838eb1152c52eb7eb677b7,qwen3_tts_customvoice:aiden,not_applicable:text_only_no_reference_audio,cuda:0,offline_text_only_final_materialization,16000,wav,synthesis_text_sha256=4cd0e03e188e877ca5c119eabba81074b8504e0cf835008362bc7749b9299550;reference_audio=forbidden;voice_cloning=false,1288757310,2026-08-16T01:00:00+06:00
qwen3_tts_customvoice_aiden_v4_final_salvage:113f37e2dcd77dd656cb,processed/v4/xlsr_sls_model_v4_final_salvage_materialization_v1/ru_spoof/59/598a1fcfbe89b41fa01e8fd245814edfe0be444dc2a8fcabede9df925cbe10e0.wav,ffa8468d6319465bdd0abdf6a65bdf9dc90e716225d59bf6f9783ce389382e78,test,spoof,ru,false,qwen3_tts_customvoice_aiden_v4_final_salvage:fixed-profile:qwen3_tts_0_6b_customvoice_aiden_q8_0,qwen3_tts_customvoice_aiden_v4_final_salvage,"Apache-2.0: Qwen CustomVoice and tokenizer model cards, cstr GGUF conversion cards, and CrispASR runtime release; permitted only for this project's personal-research scope with no training, calibration, product, re-hosting, verified-speaker or speaker-independence claim","One-shot local text-only derivative of frozen common_voice_ru_v24_v4_final_salvage text bcac472f6369c46244cb718e7881e06b981e04d79d2bee9f6696abb4df313ca7; no reference audio, cloning, resynthesis, replacement or backfill",qwen3_tts_customvoice_aiden_v4_final_salvage:synthetic-profile:qwen3_tts_0_6b_customvoice_aiden_q8_0,bcac472f6369c46244cb718e7881e06b981e04d79d2bee9f6696abb4df313ca7,3a60908aa169b53694d4d1fc9bd7b08393bede0c07ef97f7115275b5b809cb38,5.52,qwen3_tts_customvoice_gguf,Qwen3-TTS 0.6B CustomVoice Q8_0 GGUF,talker-cstr-29094dcb46f19b0898616aa9aeb876aa9aa6e086-5227dcbc4df7c5533341d111cc469fa491a48e722b23dd10f553181b52dff2d9; codec-cstr-344e279551177654762e5c7d39e217834325f222-70dc95dbfdd9aa5d9d406236ff771d061bf17b0cda02a72513953355606e719b; crispasr-v0.8.28-99e990ae-c2413af7d5e70a166b74fe96f5afb6d7463f1414a5ac2dea7cd982da9f83f827; fixed-aiden; wrapper-f02d93fd7ee064539771a868c5033bc163bec1c94c838eb1152c52eb7eb677b7,qwen3_tts_customvoice:aiden,not_applicable:text_only_no_reference_audio,cuda:0,offline_text_only_final_materialization,16000,wav,synthesis_text_sha256=3a60908aa169b53694d4d1fc9bd7b08393bede0c07ef97f7115275b5b809cb38;reference_audio=forbidden;voice_cloning=false,979406986,2026-08-16T01:00:00+06:00
qwen3_tts_customvoice_aiden_v4_final_salvage:f9ac1caa0d60ce5a9d30,processed/v4/xlsr_sls_model_v4_final_salvage_materialization_v1/ru_spoof/a4/a4a6acc53793d602db0900623bcaf31a7c79d35817c3d2e292c2d7444bc460e5.wav,78159f6515be6fd57c81dcde3d1fa6b2d705ff204bba4da34d6a92fe3ef74cde,test,spoof,ru,false,qwen3_tts_customvoice_aiden_v4_final_salvage:fixed-profile:qwen3_tts_0_6b_customvoice_aiden_q8_0,qwen3_tts_customvoice_aiden_v4_final_salvage,"Apache-2.0: Qwen CustomVoice and tokenizer model cards, cstr GGUF conversion cards, and CrispASR runtime release; permitted only for this project's personal-research scope with no training, calibration, product, re-hosting, verified-speaker or speaker-independence claim","One-shot local text-only derivative of frozen common_voice_ru_v24_v4_final_salvage text b7ce10ff2dff3414f460ffa751894509a6deebb86be15caff590d2e8cb08cf91; no reference audio, cloning, resynthesis, replacement or backfill",qwen3_tts_customvoice_aiden_v4_final_salvage:synthetic-profile:qwen3_tts_0_6b_customvoice_aiden_q8_0,b7ce10ff2dff3414f460ffa751894509a6deebb86be15caff590d2e8cb08cf91,5141327f216f76632f5967d116bce6884ceac653381ab7db55094ffdadf2ef0f,5.28,qwen3_tts_customvoice_gguf,Qwen3-TTS 0.6B CustomVoice Q8_0 GGUF,talker-cstr-29094dcb46f19b0898616aa9aeb876aa9aa6e086-5227dcbc4df7c5533341d111cc469fa491a48e722b23dd10f553181b52dff2d9; codec-cstr-344e279551177654762e5c7d39e217834325f222-70dc95dbfdd9aa5d9d406236ff771d061bf17b0cda02a72513953355606e719b; crispasr-v0.8.28-99e990ae-c2413af7d5e70a166b74fe96f5afb6d7463f1414a5ac2dea7cd982da9f83f827; fixed-aiden; wrapper-f02d93fd7ee064539771a868c5033bc163bec1c94c838eb1152c52eb7eb677b7,qwen3_tts_customvoice:aiden,not_applicable:text_only_no_reference_audio,cuda:0,offline_text_only_final_materialization,16000,wav,synthesis_text_sha256=5141327f216f76632f5967d116bce6884ceac653381ab7db55094ffdadf2ef0f;reference_audio=forbidden;voice_cloning=false,1363227263,2026-08-16T01:00:00+06:00
qwen3_tts_customvoice_aiden_v4_final_salvage:0ea644c2e12e907602b1,processed/v4/xlsr_sls_model_v4_final_salvage_materialization_v1/ru_spoof/e1/e1d3ed681e36ebee6ba45d44e1d2bafb53fb79eb5e01b3977867c1730313dc75.wav,c4d5f83e2d00aa69d23f5a27c9218167a07eb8102ed756de8d99e984e747efc4,test,spoof,ru,false,qwen3_tts_customvoice_aiden_v4_final_salvage:fixed-profile:qwen3_tts_0_6b_customvoice_aiden_q8_0,qwen3_tts_customvoice_aiden_v4_final_salvage,"Apache-2.0: Qwen CustomVoice and tokenizer model cards, cstr GGUF conversion cards, and CrispASR runtime release; permitted only for this project's personal-research scope with no training, calibration, product, re-hosting, verified-speaker or speaker-independence claim","One-shot local text-only derivative of frozen common_voice_ru_v24_v4_final_salvage text 81a1f12352a1bfc4eed4bc4036cfc08196be47a5d23cb46891a4cd0cea0f304b; no reference audio, cloning, resynthesis, replacement or backfill",qwen3_tts_customvoice_aiden_v4_final_salvage:synthetic-profile:qwen3_tts_0_6b_customvoice_aiden_q8_0,81a1f12352a1bfc4eed4bc4036cfc08196be47a5d23cb46891a4cd0cea0f304b,e89473bb48a0a1398b5b1e339c4342526c1be9ab79bb11e98eb53d5e8070690d,6.96,qwen3_tts_customvoice_gguf,Qwen3-TTS 0.6B CustomVoice Q8_0 GGUF,talker-cstr-29094dcb46f19b0898616aa9aeb876aa9aa6e086-5227dcbc4df7c5533341d111cc469fa491a48e722b23dd10f553181b52dff2d9; codec-cstr-344e279551177654762e5c7d39e217834325f222-70dc95dbfdd9aa5d9d406236ff771d061bf17b0cda02a72513953355606e719b; crispasr-v0.8.28-99e990ae-c2413af7d5e70a166b74fe96f5afb6d7463f1414a5ac2dea7cd982da9f83f827; fixed-aiden; wrapper-f02d93fd7ee064539771a868c5033bc163bec1c94c838eb1152c52eb7eb677b7,qwen3_tts_customvoice:aiden,not_applicable:text_only_no_reference_audio,cuda:0,offline_text_only_final_materialization,16000,wav,synthesis_text_sha256=e89473bb48a0a1398b5b1e339c4342526c1be9ab79bb11e98eb53d5e8070690d;reference_audio=forbidden;voice_cloning=false,3902043067,2026-08-16T01:00:00+06:00
qwen3_tts_customvoice_aiden_v4_final_salvage:a7216bbe3bdf5e9dd254,processed/v4/xlsr_sls_model_v4_final_salvage_materialization_v1/ru_spoof/d8/d85057169a4c357f3340d948010daad43f771b22e203545d2a627b0b8d0e1293.wav,bd2c33e88797c34b5cc31ecc0c7224d74ac6f457208a8009984a8a155f8db666,test,spoof,ru,false,qwen3_tts_customvoice_aiden_v4_final_salvage:fixed-profile:qwen3_tts_0_6b_customvoice_aiden_q8_0,qwen3_tts_customvoice_aiden_v4_final_salvage,"Apache-2.0: Qwen CustomVoice and tokenizer model cards, cstr GGUF conversion cards, and CrispASR runtime release; permitted only for this project's personal-research scope with no training, calibration, product, re-hosting, verified-speaker or speaker-independence claim","One-shot local text-only derivative of frozen common_voice_ru_v24_v4_final_salvage text 98186446732183318df8f636fcae4454c06234099e67e4a2a091dc9655916cc4; no reference audio, cloning, resynthesis, replacement or backfill",qwen3_tts_customvoice_aiden_v4_final_salvage:synthetic-profile:qwen3_tts_0_6b_customvoice_aiden_q8_0,98186446732183318df8f636fcae4454c06234099e67e4a2a091dc9655916cc4,f7418c555f1014005b50d1187ed301fc503143d5ebf301adad99ab5227b31b13,5.04,qwen3_tts_customvoice_gguf,Qwen3-TTS 0.6B CustomVoice Q8_0 GGUF,talker-cstr-29094dcb46f19b0898616aa9aeb876aa9aa6e086-5227dcbc4df7c5533341d111cc469fa491a48e722b23dd10f553181b52dff2d9; codec-cstr-344e279551177654762e5c7d39e217834325f222-70dc95dbfdd9aa5d9d406236ff771d061bf17b0cda02a72513953355606e719b; crispasr-v0.8.28-99e990ae-c2413af7d5e70a166b74fe96f5afb6d7463f1414a5ac2dea7cd982da9f83f827; fixed-aiden; wrapper-f02d93fd7ee064539771a868c5033bc163bec1c94c838eb1152c52eb7eb677b7,qwen3_tts_customvoice:aiden,not_applicable:text_only_no_reference_audio,cuda:0,offline_text_only_final_materialization,16000,wav,synthesis_text_sha256=f7418c555f1014005b50d1187ed301fc503143d5ebf301adad99ab5227b31b13;reference_audio=forbidden;voice_cloning=false,4148268117,2026-08-16T01:00:00+06:00
qwen3_tts_customvoice_aiden_v4_final_salvage:ce743f9c5a180196fde8,processed/v4/xlsr_sls_model_v4_final_salvage_materialization_v1/ru_spoof/49/49917376c1a3d79ca8cb58585daca64de070962866df4d7f0bad53167a3194e2.wav,cade008b1df089740aef48e907ca3303adcd466eb44e71206a77cdab16eb35ba,test,spoof,ru,false,qwen3_tts_customvoice_aiden_v4_final_salvage:fixed-profile:qwen3_tts_0_6b_customvoice_aiden_q8_0,qwen3_tts_customvoice_aiden_v4_final_salvage,"Apache-2.0: Qwen CustomVoice and tokenizer model cards, cstr GGUF conversion cards, and CrispASR runtime release; permitted only for this project's personal-research scope with no training, calibration, product, re-hosting, verified-speaker or speaker-independence claim","One-shot local text-only derivative of frozen common_voice_ru_v24_v4_final_salvage text b669e5a75834f94be3f3ab76243448fddf861bfa0c5553f07c5d2191c36a219b; no reference audio, cloning, resynthesis, replacement or backfill",qwen3_tts_customvoice_aiden_v4_final_salvage:synthetic-profile:qwen3_tts_0_6b_customvoice_aiden_q8_0,b669e5a75834f94be3f3ab76243448fddf861bfa0c5553f07c5d2191c36a219b,248cb9242bf56cb30d291fac06dcd766c7220790919cab53bc421fd5f16bd09d,5.44,qwen3_tts_customvoice_gguf,Qwen3-TTS 0.6B CustomVoice Q8_0 GGUF,talker-cstr-29094dcb46f19b0898616aa9aeb876aa9aa6e086-5227dcbc4df7c5533341d111cc469fa491a48e722b23dd10f553181b52dff2d9; codec-cstr-344e279551177654762e5c7d39e217834325f222-70dc95dbfdd9aa5d9d406236ff771d061bf17b0cda02a72513953355606e719b; crispasr-v0.8.28-99e990ae-c2413af7d5e70a166b74fe96f5afb6d7463f1414a5ac2dea7cd982da9f83f827; fixed-aiden; wrapper-f02d93fd7ee064539771a868c5033bc163bec1c94c838eb1152c52eb7eb677b7,qwen3_tts_customvoice:aiden,not_applicable:text_only_no_reference_audio,cuda:0,offline_text_only_final_materialization,16000,wav,synthesis_text_sha256=248cb9242bf56cb30d291fac06dcd766c7220790919cab53bc421fd5f16bd09d;reference_audio=forbidden;voice_cloning=false,613202212,2026-08-16T01:00:00+06:00
qwen3_tts_customvoice_aiden_v4_final_salvage:b24305b67ab81e22e6b8,processed/v4/xlsr_sls_model_v4_final_salvage_materialization_v1/ru_spoof/70/706541643c1caa31444c8a815f1616715e773414de3bcca9c0b2529202ded723.wav,3e284cb3a38ada33006288c3d2490300efad929a4c7db47db6d26cd277eb0300,test,spoof,ru,false,qwen3_tts_customvoice_aiden_v4_final_salvage:fixed-profile:qwen3_tts_0_6b_customvoice_aiden_q8_0,qwen3_tts_customvoice_aiden_v4_final_salvage,"Apache-2.0: Qwen CustomVoice and tokenizer model cards, cstr GGUF conversion cards, and CrispASR runtime release; permitted only for this project's personal-research scope with no training, calibration, product, re-hosting, verified-speaker or speaker-independence claim","One-shot local text-only derivative of frozen common_voice_ru_v24_v4_final_salvage text 52f1bdb97c0f4732a065b0fd894c1d6edb3ec3af32fd5c67f8edbb5a57aad61f; no reference audio, cloning, resynthesis, replacement or backfill",qwen3_tts_customvoice_aiden_v4_final_salvage:synthetic-profile:qwen3_tts_0_6b_customvoice_aiden_q8_0,52f1bdb97c0f4732a065b0fd894c1d6edb3ec3af32fd5c67f8edbb5a57aad61f,7e9738dbf7a697c9328ef1d47a34842a454ab0253185f13ad0d3609ee22d2ae0,4.64,qwen3_tts_customvoice_gguf,Qwen3-TTS 0.6B CustomVoice Q8_0 GGUF,talker-cstr-29094dcb46f19b0898616aa9aeb876aa9aa6e086-5227dcbc4df7c5533341d111cc469fa491a48e722b23dd10f553181b52dff2d9; codec-cstr-344e279551177654762e5c7d39e217834325f222-70dc95dbfdd9aa5d9d406236ff771d061bf17b0cda02a72513953355606e719b; crispasr-v0.8.28-99e990ae-c2413af7d5e70a166b74fe96f5afb6d7463f1414a5ac2dea7cd982da9f83f827; fixed-aiden; wrapper-f02d93fd7ee064539771a868c5033bc163bec1c94c838eb1152c52eb7eb677b7,qwen3_tts_customvoice:aiden,not_applicable:text_only_no_reference_audio,cuda:0,offline_text_only_final_materialization,16000,wav,synthesis_text_sha256=7e9738dbf7a697c9328ef1d47a34842a454ab0253185f13ad0d3609ee22d2ae0;reference_audio=forbidden;voice_cloning=false,2123839707,2026-08-16T01:00:00+06:00
qwen3_tts_customvoice_aiden_v4_final_salvage:8c27c37a689ac1febbe3,processed/v4/xlsr_sls_model_v4_final_salvage_materialization_v1/ru_spoof/a6/a66945abf8f26b36a7a5eaa2152dc46c8b481b88fac44c5877e2f6a6900252c9.wav,2721e9b1a0818c722a31d8aee9f0a33f86899fb9cb05beb01a684162e8ecffed,test,spoof,ru,false,qwen3_tts_customvoice_aiden_v4_final_salvage:fixed-profile:qwen3_tts_0_6b_customvoice_aiden_q8_0,qwen3_tts_customvoice_aiden_v4_final_salvage,"Apache-2.0: Qwen CustomVoice and tokenizer model cards, cstr GGUF conversion cards, and CrispASR runtime release; permitted only for this project's personal-research scope with no training, calibration, product, re-hosting, verified-speaker or speaker-independence claim","One-shot local text-only derivative of frozen common_voice_ru_v24_v4_final_salvage text 62610f238911f7f856f55ab693caea0973a9c2ad060e0aa4ca20b9d6de8b4095; no reference audio, cloning, resynthesis, replacement or backfill",qwen3_tts_customvoice_aiden_v4_final_salvage:synthetic-profile:qwen3_tts_0_6b_customvoice_aiden_q8_0,62610f238911f7f856f55ab693caea0973a9c2ad060e0aa4ca20b9d6de8b4095,4c0f725a2a0c2f762258e5f20d090aa4faeecd6c5f0256b60da141d6f7e78717,3.12,qwen3_tts_customvoice_gguf,Qwen3-TTS 0.6B CustomVoice Q8_0 GGUF,talker-cstr-29094dcb46f19b0898616aa9aeb876aa9aa6e086-5227dcbc4df7c5533341d111cc469fa491a48e722b23dd10f553181b52dff2d9; codec-cstr-344e279551177654762e5c7d39e217834325f222-70dc95dbfdd9aa5d9d406236ff771d061bf17b0cda02a72513953355606e719b; crispasr-v0.8.28-99e990ae-c2413af7d5e70a166b74fe96f5afb6d7463f1414a5ac2dea7cd982da9f83f827; fixed-aiden; wrapper-f02d93fd7ee064539771a868c5033bc163bec1c94c838eb1152c52eb7eb677b7,qwen3_tts_customvoice:aiden,not_applicable:text_only_no_reference_audio,cuda:0,offline_text_only_final_materialization,16000,wav,synthesis_text_sha256=4c0f725a2a0c2f762258e5f20d090aa4faeecd6c5f0256b60da141d6f7e78717;reference_audio=forbidden;voice_cloning=false,1276080730,2026-08-16T01:00:00+06:00
qwen3_tts_customvoice_aiden_v4_final_salvage:7e87a8693eca733c12ea,processed/v4/xlsr_sls_model_v4_final_salvage_materialization_v1/ru_spoof/11/11049d7fc03bf25be69acf07558df7836706d43f8897307b39e7a110b975f541.wav,4f3b22d73dfb8458858dee7164c8d6af25af4c62c5df37a8a79182ed4ba0cf59,test,spoof,ru,false,qwen3_tts_customvoice_aiden_v4_final_salvage:fixed-profile:qwen3_tts_0_6b_customvoice_aiden_q8_0,qwen3_tts_customvoice_aiden_v4_final_salvage,"Apache-2.0: Qwen CustomVoice and tokenizer model cards, cstr GGUF conversion cards, and CrispASR runtime release; permitted only for this project's personal-research scope with no training, calibration, product, re-hosting, verified-speaker or speaker-independence claim","One-shot local text-only derivative of frozen common_voice_ru_v24_v4_final_salvage text 96f9f68df48263d78e2d370d29cf0c735b9ee79f125aadeebc26d83f9d079b0f; no reference audio, cloning, resynthesis, replacement or backfill",qwen3_tts_customvoice_aiden_v4_final_salvage:synthetic-profile:qwen3_tts_0_6b_customvoice_aiden_q8_0,96f9f68df48263d78e2d370d29cf0c735b9ee79f125aadeebc26d83f9d079b0f,2899885ccfb2a1e58d438ee1f0fe9464a9192530480280633a2d5d7164d622ff,4.16,qwen3_tts_customvoice_gguf,Qwen3-TTS 0.6B CustomVoice Q8_0 GGUF,talker-cstr-29094dcb46f19b0898616aa9aeb876aa9aa6e086-5227dcbc4df7c5533341d111cc469fa491a48e722b23dd10f553181b52dff2d9; codec-cstr-344e279551177654762e5c7d39e217834325f222-70dc95dbfdd9aa5d9d406236ff771d061bf17b0cda02a72513953355606e719b; crispasr-v0.8.28-99e990ae-c2413af7d5e70a166b74fe96f5afb6d7463f1414a5ac2dea7cd982da9f83f827; fixed-aiden; wrapper-f02d93fd7ee064539771a868c5033bc163bec1c94c838eb1152c52eb7eb677b7,qwen3_tts_customvoice:aiden,not_applicable:text_only_no_reference_audio,cuda:0,offline_text_only_final_materialization,16000,wav,synthesis_text_sha256=2899885ccfb2a1e58d438ee1f0fe9464a9192530480280633a2d5d7164d622ff;reference_audio=forbidden;voice_cloning=false,681150556,2026-08-16T01:00:00+06:00
qwen3_tts_customvoice_aiden_v4_final_salvage:ef5b655061de48d23059,processed/v4/xlsr_sls_model_v4_final_salvage_materialization_v1/ru_spoof/a9/a9437659c7e13904103dd60af71fa2f585ef0a35dc74979f368fb09f6034ef73.wav,003de3168ec0277b8502b525df6c55cf5266e93239092280b70fc2645bd36770,test,spoof,ru,false,qwen3_tts_customvoice_aiden_v4_final_salvage:fixed-profile:qwen3_tts_0_6b_customvoice_aiden_q8_0,qwen3_tts_customvoice_aiden_v4_final_salvage,"Apache-2.0: Qwen CustomVoice and tokenizer model cards, cstr GGUF conversion cards, and CrispASR runtime release; permitted only for this project's personal-research scope with no training, calibration, product, re-hosting, verified-speaker or speaker-independence claim","One-shot local text-only derivative of frozen common_voice_ru_v24_v4_final_salvage text 89f46b0d0a20df2902896ce2234c72aab2dd075ec203f2259ad4277e7cbf1938; no reference audio, cloning, resynthesis, replacement or backfill",qwen3_tts_customvoice_aiden_v4_final_salvage:synthetic-profile:qwen3_tts_0_6b_customvoice_aiden_q8_0,89f46b0d0a20df2902896ce2234c72aab2dd075ec203f2259ad4277e7cbf1938,31dd6d0dbc6545e1990fa492b85f40e85daf24cc40318732524d339d7572d0d7,7.12,qwen3_tts_customvoice_gguf,Qwen3-TTS 0.6B CustomVoice Q8_0 GGUF,talker-cstr-29094dcb46f19b0898616aa9aeb876aa9aa6e086-5227dcbc4df7c5533341d111cc469fa491a48e722b23dd10f553181b52dff2d9; codec-cstr-344e279551177654762e5c7d39e217834325f222-70dc95dbfdd9aa5d9d406236ff771d061bf17b0cda02a72513953355606e719b; crispasr-v0.8.28-99e990ae-c2413af7d5e70a166b74fe96f5afb6d7463f1414a5ac2dea7cd982da9f83f827; fixed-aiden; wrapper-f02d93fd7ee064539771a868c5033bc163bec1c94c838eb1152c52eb7eb677b7,qwen3_tts_customvoice:aiden,not_applicable:text_only_no_reference_audio,cuda:0,offline_text_only_final_materialization,16000,wav,synthesis_text_sha256=31dd6d0dbc6545e1990fa492b85f40e85daf24cc40318732524d339d7572d0d7;reference_audio=forbidden;voice_cloning=false,836594957,2026-08-16T01:00:00+06:00
qwen3_tts_customvoice_aiden_v4_final_salvage:594e5f9ccbbcbf8e8070,processed/v4/xlsr_sls_model_v4_final_salvage_materialization_v1/ru_spoof/53/537f6f94ef1423bac9b58a9325f11467526fa1e90f2ecaa8f7e4c53ced9644a7.wav,3b47f01d316396db4a9985a212fa396c16abeab06a812fd93c3224ed7210aeaf,test,spoof,ru,false,qwen3_tts_customvoice_aiden_v4_final_salvage:fixed-profile:qwen3_tts_0_6b_customvoice_aiden_q8_0,qwen3_tts_customvoice_aiden_v4_final_salvage,"Apache-2.0: Qwen CustomVoice and tokenizer model cards, cstr GGUF conversion cards, and CrispASR runtime release; permitted only for this project's personal-research scope with no training, calibration, product, re-hosting, verified-speaker or speaker-independence claim","One-shot local text-only derivative of frozen common_voice_ru_v24_v4_final_salvage text b859c759cbea278496218527ef454c6fea01599c6ba6fb91be39fe057767c0e9; no reference audio, cloning, resynthesis, replacement or backfill",qwen3_tts_customvoice_aiden_v4_final_salvage:synthetic-profile:qwen3_tts_0_6b_customvoice_aiden_q8_0,b859c759cbea278496218527ef454c6fea01599c6ba6fb91be39fe057767c0e9,a4d6423c6a22b967b0fc610f6acf0a8212f08e61aa34b2bc5cbf32d10d9aa850,8.16,qwen3_tts_customvoice_gguf,Qwen3-TTS 0.6B CustomVoice Q8_0 GGUF,talker-cstr-29094dcb46f19b0898616aa9aeb876aa9aa6e086-5227dcbc4df7c5533341d111cc469fa491a48e722b23dd10f553181b52dff2d9; codec-cstr-344e279551177654762e5c7d39e217834325f222-70dc95dbfdd9aa5d9d406236ff771d061bf17b0cda02a72513953355606e719b; crispasr-v0.8.28-99e990ae-c2413af7d5e70a166b74fe96f5afb6d7463f1414a5ac2dea7cd982da9f83f827; fixed-aiden; wrapper-f02d93fd7ee064539771a868c5033bc163bec1c94c838eb1152c52eb7eb677b7,qwen3_tts_customvoice:aiden,not_applicable:text_only_no_reference_audio,cuda:0,offline_text_only_final_materialization,16000,wav,synthesis_text_sha256=a4d6423c6a22b967b0fc610f6acf0a8212f08e61aa34b2bc5cbf32d10d9aa850;reference_audio=forbidden;voice_cloning=false,2765505084,2026-08-16T01:00:00+06:00
qwen3_tts_customvoice_aiden_v4_final_salvage:43ab66ad1f8cfaedc0c6,processed/v4/xlsr_sls_model_v4_final_salvage_materialization_v1/ru_spoof/9e/9e0db8bdffcf185e787dba92639200afab6fe19e0e61bb9ae401ed7a03957abe.wav,2d5e2bb0290b0783a87a992d363390c119399eff0f3e1005263cd75c41df9cf1,test,spoof,ru,false,qwen3_tts_customvoice_aiden_v4_final_salvage:fixed-profile:qwen3_tts_0_6b_customvoice_aiden_q8_0,qwen3_tts_customvoice_aiden_v4_final_salvage,"Apache-2.0: Qwen CustomVoice and tokenizer model cards, cstr GGUF conversion cards, and CrispASR runtime release; permitted only for this project's personal-research scope with no training, calibration, product, re-hosting, verified-speaker or speaker-independence claim","One-shot local text-only derivative of frozen common_voice_ru_v24_v4_final_salvage text 25b998ca6ccd3c05eda31756ae41f6afa71694ca4ea7e320bad69ccdd89664ed; no reference audio, cloning, resynthesis, replacement or backfill",qwen3_tts_customvoice_aiden_v4_final_salvage:synthetic-profile:qwen3_tts_0_6b_customvoice_aiden_q8_0,25b998ca6ccd3c05eda31756ae41f6afa71694ca4ea7e320bad69ccdd89664ed,f5dcf78deb5b3e0753da08fa67b5ecf8208c75883d6b211c14ea1d7073cb6221,3.52,qwen3_tts_customvoice_gguf,Qwen3-TTS 0.6B CustomVoice Q8_0 GGUF,talker-cstr-29094dcb46f19b0898616aa9aeb876aa9aa6e086-5227dcbc4df7c5533341d111cc469fa491a48e722b23dd10f553181b52dff2d9; codec-cstr-344e279551177654762e5c7d39e217834325f222-70dc95dbfdd9aa5d9d406236ff771d061bf17b0cda02a72513953355606e719b; crispasr-v0.8.28-99e990ae-c2413af7d5e70a166b74fe96f5afb6d7463f1414a5ac2dea7cd982da9f83f827; fixed-aiden; wrapper-f02d93fd7ee064539771a868c5033bc163bec1c94c838eb1152c52eb7eb677b7,qwen3_tts_customvoice:aiden,not_applicable:text_only_no_reference_audio,cuda:0,offline_text_only_final_materialization,16000,wav,synthesis_text_sha256=f5dcf78deb5b3e0753da08fa67b5ecf8208c75883d6b211c14ea1d7073cb6221;reference_audio=forbidden;voice_cloning=false,4124899213,2026-08-16T01:00:00+06:00
qwen3_tts_customvoice_aiden_v4_final_salvage:c47a71b806197903c6fd,processed/v4/xlsr_sls_model_v4_final_salvage_materialization_v1/ru_spoof/a5/a57b0d9e652c3288a49908aadbe866aa1d6a49589c7fd1187a9ef0202500879a.wav,763643ed4a8cfe49a62c241d0aa7646f8bc316d50d055b4559d9c1b14849f7a3,test,spoof,ru,false,qwen3_tts_customvoice_aiden_v4_final_salvage:fixed-profile:qwen3_tts_0_6b_customvoice_aiden_q8_0,qwen3_tts_customvoice_aiden_v4_final_salvage,"Apache-2.0: Qwen CustomVoice and tokenizer model cards, cstr GGUF conversion cards, and CrispASR runtime release; permitted only for this project's personal-research scope with no training, calibration, product, re-hosting, verified-speaker or speaker-independence claim","One-shot local text-only derivative of frozen common_voice_ru_v24_v4_final_salvage text dbb2187b48b5a78054cb1027ddc53ad24b011e4b40536b47951a16b51051db7f; no reference audio, cloning, resynthesis, replacement or backfill",qwen3_tts_customvoice_aiden_v4_final_salvage:synthetic-profile:qwen3_tts_0_6b_customvoice_aiden_q8_0,dbb2187b48b5a78054cb1027ddc53ad24b011e4b40536b47951a16b51051db7f,ae4501327feef83d04e7225f39dccae51c8bb3835862b63df025efc486a8f6ff,2.88,qwen3_tts_customvoice_gguf,Qwen3-TTS 0.6B CustomVoice Q8_0 GGUF,talker-cstr-29094dcb46f19b0898616aa9aeb876aa9aa6e086-5227dcbc4df7c5533341d111cc469fa491a48e722b23dd10f553181b52dff2d9; codec-cstr-344e279551177654762e5c7d39e217834325f222-70dc95dbfdd9aa5d9d406236ff771d061bf17b0cda02a72513953355606e719b; crispasr-v0.8.28-99e990ae-c2413af7d5e70a166b74fe96f5afb6d7463f1414a5ac2dea7cd982da9f83f827; fixed-aiden; wrapper-f02d93fd7ee064539771a868c5033bc163bec1c94c838eb1152c52eb7eb677b7,qwen3_tts_customvoice:aiden,not_applicable:text_only_no_reference_audio,cuda:0,offline_text_only_final_materialization,16000,wav,synthesis_text_sha256=ae4501327feef83d04e7225f39dccae51c8bb3835862b63df025efc486a8f6ff;reference_audio=forbidden;voice_cloning=false,2923757874,2026-08-16T01:00:00+06:00
qwen3_tts_customvoice_aiden_v4_final_salvage:3cd1c51b3ee3f3230234,processed/v4/xlsr_sls_model_v4_final_salvage_materialization_v1/ru_spoof/69/69f05b1e42a374fb3cdd83aa325850cdeb70f1eaba69155054917f56471db762.wav,90a393bdb5e5990cb3fa6075e244c9aa878f0b604d1223d318fe66975fc6f811,test,spoof,ru,false,qwen3_tts_customvoice_aiden_v4_final_salvage:fixed-profile:qwen3_tts_0_6b_customvoice_aiden_q8_0,qwen3_tts_customvoice_aiden_v4_final_salvage,"Apache-2.0: Qwen CustomVoice and tokenizer model cards, cstr GGUF conversion cards, and CrispASR runtime release; permitted only for this project's personal-research scope with no training, calibration, product, re-hosting, verified-speaker or speaker-independence claim","One-shot local text-only derivative of frozen common_voice_ru_v24_v4_final_salvage text 4db0d870fdb4234c292b8d699c3f389316e2010ba2a7683d1019b394a58cf9af; no reference audio, cloning, resynthesis, replacement or backfill",qwen3_tts_customvoice_aiden_v4_final_salvage:synthetic-profile:qwen3_tts_0_6b_customvoice_aiden_q8_0,4db0d870fdb4234c292b8d699c3f389316e2010ba2a7683d1019b394a58cf9af,4b16136da92820eafc3b1db3ad0609370518d47c2ba5fdceeaf5a0c3ab1e3806,4.72,qwen3_tts_customvoice_gguf,Qwen3-TTS 0.6B CustomVoice Q8_0 GGUF,talker-cstr-29094dcb46f19b0898616aa9aeb876aa9aa6e086-5227dcbc4df7c5533341d111cc469fa491a48e722b23dd10f553181b52dff2d9; codec-cstr-344e279551177654762e5c7d39e217834325f222-70dc95dbfdd9aa5d9d406236ff771d061bf17b0cda02a72513953355606e719b; crispasr-v0.8.28-99e990ae-c2413af7d5e70a166b74fe96f5afb6d7463f1414a5ac2dea7cd982da9f83f827; fixed-aiden; wrapper-f02d93fd7ee064539771a868c5033bc163bec1c94c838eb1152c52eb7eb677b7,qwen3_tts_customvoice:aiden,not_applicable:text_only_no_reference_audio,cuda:0,offline_text_only_final_materialization,16000,wav,synthesis_text_sha256=4b16136da92820eafc3b1db3ad0609370518d47c2ba5fdceeaf5a0c3ab1e3806;reference_audio=forbidden;voice_cloning=false,1259737965,2026-08-16T01:00:00+06:00
qwen3_tts_customvoice_aiden_v4_final_salvage:cf414fd6b3c71bb50e54,processed/v4/xlsr_sls_model_v4_final_salvage_materialization_v1/ru_spoof/8d/8d0bed49a52d79099b20ab73427d3e3b2cf2d5b4fc17bde34f78c6611b7ed1c0.wav,48259d8d1cc83919392b32cb3b171117c3b8334151d44ecb45a2fab35537b71a,test,spoof,ru,false,qwen3_tts_customvoice_aiden_v4_final_salvage:fixed-profile:qwen3_tts_0_6b_customvoice_aiden_q8_0,qwen3_tts_customvoice_aiden_v4_final_salvage,"Apache-2.0: Qwen CustomVoice and tokenizer model cards, cstr GGUF conversion cards, and CrispASR runtime release; permitted only for this project's personal-research scope with no training, calibration, product, re-hosting, verified-speaker or speaker-independence claim","One-shot local text-only derivative of frozen common_voice_ru_v24_v4_final_salvage text 45caa802c750f22aac30ae73e01820e1c3ab77c5b1e53ef30fb69db7f4c4f799; no reference audio, cloning, resynthesis, replacement or backfill",qwen3_tts_customvoice_aiden_v4_final_salvage:synthetic-profile:qwen3_tts_0_6b_customvoice_aiden_q8_0,45caa802c750f22aac30ae73e01820e1c3ab77c5b1e53ef30fb69db7f4c4f799,e273b8e40a2ad56dfaa6768fcd7020e34ddab8c541173da56efc915a95c31bee,3.68,qwen3_tts_customvoice_gguf,Qwen3-TTS 0.6B CustomVoice Q8_0 GGUF,talker-cstr-29094dcb46f19b0898616aa9aeb876aa9aa6e086-5227dcbc4df7c5533341d111cc469fa491a48e722b23dd10f553181b52dff2d9; codec-cstr-344e279551177654762e5c7d39e217834325f222-70dc95dbfdd9aa5d9d406236ff771d061bf17b0cda02a72513953355606e719b; crispasr-v0.8.28-99e990ae-c2413af7d5e70a166b74fe96f5afb6d7463f1414a5ac2dea7cd982da9f83f827; fixed-aiden; wrapper-f02d93fd7ee064539771a868c5033bc163bec1c94c838eb1152c52eb7eb677b7,qwen3_tts_customvoice:aiden,not_applicable:text_only_no_reference_audio,cuda:0,offline_text_only_final_materialization,16000,wav,synthesis_text_sha256=e273b8e40a2ad56dfaa6768fcd7020e34ddab8c541173da56efc915a95c31bee;reference_audio=forbidden;voice_cloning=false,3799234788,2026-08-16T01:00:00+06:00
qwen3_tts_customvoice_aiden_v4_final_salvage:ddb3ab36c9b55de34ba8,processed/v4/xlsr_sls_model_v4_final_salvage_materialization_v1/ru_spoof/d4/d470a1cce7f8ec405fb172d66249fee38b93606abe4effc3222f7cf82bda0536.wav,d3698abc83c46ce49f8320866f40986a731393541eb665528b59d8d12002665f,test,spoof,ru,false,qwen3_tts_customvoice_aiden_v4_final_salvage:fixed-profile:qwen3_tts_0_6b_customvoice_aiden_q8_0,qwen3_tts_customvoice_aiden_v4_final_salvage,"Apache-2.0: Qwen CustomVoice and tokenizer model cards, cstr GGUF conversion cards, and CrispASR runtime release; permitted only for this project's personal-research scope with no training, calibration, product, re-hosting, verified-speaker or speaker-independence claim","One-shot local text-only derivative of frozen common_voice_ru_v24_v4_final_salvage text 9826e59db6e231d29f8bf8e6d130e269ec1e0c76e4a153ec4a15da479174bb81; no reference audio, cloning, resynthesis, replacement or backfill",qwen3_tts_customvoice_aiden_v4_final_salvage:synthetic-profile:qwen3_tts_0_6b_customvoice_aiden_q8_0,9826e59db6e231d29f8bf8e6d130e269ec1e0c76e4a153ec4a15da479174bb81,f88941597a623d3d7aeb4ac0a1c6b2adabacacaaa7acb34088e770327e293128,4.0,qwen3_tts_customvoice_gguf,Qwen3-TTS 0.6B CustomVoice Q8_0 GGUF,talker-cstr-29094dcb46f19b0898616aa9aeb876aa9aa6e086-5227dcbc4df7c5533341d111cc469fa491a48e722b23dd10f553181b52dff2d9; codec-cstr-344e279551177654762e5c7d39e217834325f222-70dc95dbfdd9aa5d9d406236ff771d061bf17b0cda02a72513953355606e719b; crispasr-v0.8.28-99e990ae-c2413af7d5e70a166b74fe96f5afb6d7463f1414a5ac2dea7cd982da9f83f827; fixed-aiden; wrapper-f02d93fd7ee064539771a868c5033bc163bec1c94c838eb1152c52eb7eb677b7,qwen3_tts_customvoice:aiden,not_applicable:text_only_no_reference_audio,cuda:0,offline_text_only_final_materialization,16000,wav,synthesis_text_sha256=f88941597a623d3d7aeb4ac0a1c6b2adabacacaaa7acb34088e770327e293128;reference_audio=forbidden;voice_cloning=false,4169744729,2026-08-16T01:00:00+06:00
qwen3_tts_customvoice_aiden_v4_final_salvage:491dadd46bd2f03c99fd,processed/v4/xlsr_sls_model_v4_final_salvage_materialization_v1/ru_spoof/e6/e6633559c62b2b6264fb66a7b4595f426d1b03ff16b3e79b8b738e0cfd7c8752.wav,b7e184e51b0b596e78654f6d5ce84950a2d2d72cbe67699455bbba9ec705caf6,test,spoof,ru,false,qwen3_tts_customvoice_aiden_v4_final_salvage:fixed-profile:qwen3_tts_0_6b_customvoice_aiden_q8_0,qwen3_tts_customvoice_aiden_v4_final_salvage,"Apache-2.0: Qwen CustomVoice and tokenizer model cards, cstr GGUF conversion cards, and CrispASR runtime release; permitted only for this project's personal-research scope with no training, calibration, product, re-hosting, verified-speaker or speaker-independence claim","One-shot local text-only derivative of frozen common_voice_ru_v24_v4_final_salvage text 82d91ea26ead331cb35e3c37e3f370117c27700b371f82c5c0cdd7339965e4aa; no reference audio, cloning, resynthesis, replacement or backfill",qwen3_tts_customvoice_aiden_v4_final_salvage:synthetic-profile:qwen3_tts_0_6b_customvoice_aiden_q8_0,82d91ea26ead331cb35e3c37e3f370117c27700b371f82c5c0cdd7339965e4aa,2b7cacc831bdd24f816f12d7a22ebd70dc426e4c0e22a348e9471f4b8acf5d31,3.52,qwen3_tts_customvoice_gguf,Qwen3-TTS 0.6B CustomVoice Q8_0 GGUF,talker-cstr-29094dcb46f19b0898616aa9aeb876aa9aa6e086-5227dcbc4df7c5533341d111cc469fa491a48e722b23dd10f553181b52dff2d9; codec-cstr-344e279551177654762e5c7d39e217834325f222-70dc95dbfdd9aa5d9d406236ff771d061bf17b0cda02a72513953355606e719b; crispasr-v0.8.28-99e990ae-c2413af7d5e70a166b74fe96f5afb6d7463f1414a5ac2dea7cd982da9f83f827; fixed-aiden; wrapper-f02d93fd7ee064539771a868c5033bc163bec1c94c838eb1152c52eb7eb677b7,qwen3_tts_customvoice:aiden,not_applicable:text_only_no_reference_audio,cuda:0,offline_text_only_final_materialization,16000,wav,synthesis_text_sha256=2b7cacc831bdd24f816f12d7a22ebd70dc426e4c0e22a348e9471f4b8acf5d31;reference_audio=forbidden;voice_cloning=false,729590984,2026-08-16T01:00:00+06:00
qwen3_tts_customvoice_aiden_v4_final_salvage:4484b0a408bca4a36362,processed/v4/xlsr_sls_model_v4_final_salvage_materialization_v1/ru_spoof/78/78663f45d37b8833955e311d4964ba0136097c40b004e6842d9a6c7e8d388549.wav,89414a54097bf6bd7abb39a303ce9512ec672034394bb4d08bcba770c0035cd5,test,spoof,ru,false,qwen3_tts_customvoice_aiden_v4_final_salvage:fixed-profile:qwen3_tts_0_6b_customvoice_aiden_q8_0,qwen3_tts_customvoice_aiden_v4_final_salvage,"Apache-2.0: Qwen CustomVoice and tokenizer model cards, cstr GGUF conversion cards, and CrispASR runtime release; permitted only for this project's personal-research scope with no training, calibration, product, re-hosting, verified-speaker or speaker-independence claim","One-shot local text-only derivative of frozen common_voice_ru_v24_v4_final_salvage text f8160963eee3b6bebe4ca68471ea6d8f23882dd4f6be1713e812647832228540; no reference audio, cloning, resynthesis, replacement or backfill",qwen3_tts_customvoice_aiden_v4_final_salvage:synthetic-profile:qwen3_tts_0_6b_customvoice_aiden_q8_0,f8160963eee3b6bebe4ca68471ea6d8f23882dd4f6be1713e812647832228540,0d7e6a94ab6939ef35b2fa36aa10c2a1e284df4bb487f0823035e62026157483,7.28,qwen3_tts_customvoice_gguf,Qwen3-TTS 0.6B CustomVoice Q8_0 GGUF,talker-cstr-29094dcb46f19b0898616aa9aeb876aa9aa6e086-5227dcbc4df7c5533341d111cc469fa491a48e722b23dd10f553181b52dff2d9; codec-cstr-344e279551177654762e5c7d39e217834325f222-70dc95dbfdd9aa5d9d406236ff771d061bf17b0cda02a72513953355606e719b; crispasr-v0.8.28-99e990ae-c2413af7d5e70a166b74fe96f5afb6d7463f1414a5ac2dea7cd982da9f83f827; fixed-aiden; wrapper-f02d93fd7ee064539771a868c5033bc163bec1c94c838eb1152c52eb7eb677b7,qwen3_tts_customvoice:aiden,not_applicable:text_only_no_reference_audio,cuda:0,offline_text_only_final_materialization,16000,wav,synthesis_text_sha256=0d7e6a94ab6939ef35b2fa36aa10c2a1e284df4bb487f0823035e62026157483;reference_audio=forbidden;voice_cloning=false,226388628,2026-08-16T01:00:00+06:00
qwen3_tts_customvoice_aiden_v4_final_salvage:a770e809705a725d6d07,processed/v4/xlsr_sls_model_v4_final_salvage_materialization_v1/ru_spoof/6d/6de69d63184c38cd361ea079f79f1f2479ffca2f6bbf1875592c06232a4a5c5d.wav,e9981ebe5310acf30612a4d5110af0abd02b6658ca94d83ed0dd6e0f867738a1,test,spoof,ru,false,qwen3_tts_customvoice_aiden_v4_final_salvage:fixed-profile:qwen3_tts_0_6b_customvoice_aiden_q8_0,qwen3_tts_customvoice_aiden_v4_final_salvage,"Apache-2.0: Qwen CustomVoice and tokenizer model cards, cstr GGUF conversion cards, and CrispASR runtime release; permitted only for this project's personal-research scope with no training, calibration, product, re-hosting, verified-speaker or speaker-independence claim","One-shot local text-only derivative of frozen common_voice_ru_v24_v4_final_salvage text 112764965c219eed6768479e288f8cf4452dfae279d1444165a683f60d8d85d9; no reference audio, cloning, resynthesis, replacement or backfill",qwen3_tts_customvoice_aiden_v4_final_salvage:synthetic-profile:qwen3_tts_0_6b_customvoice_aiden_q8_0,112764965c219eed6768479e288f8cf4452dfae279d1444165a683f60d8d85d9,df95dbc636ca19d2cd4f9704577d456d312ca0344e4ae5bb6ddd7c48a2325c70,4.72,qwen3_tts_customvoice_gguf,Qwen3-TTS 0.6B CustomVoice Q8_0 GGUF,talker-cstr-29094dcb46f19b0898616aa9aeb876aa9aa6e086-5227dcbc4df7c5533341d111cc469fa491a48e722b23dd10f553181b52dff2d9; codec-cstr-344e279551177654762e5c7d39e217834325f222-70dc95dbfdd9aa5d9d406236ff771d061bf17b0cda02a72513953355606e719b; crispasr-v0.8.28-99e990ae-c2413af7d5e70a166b74fe96f5afb6d7463f1414a5ac2dea7cd982da9f83f827; fixed-aiden; wrapper-f02d93fd7ee064539771a868c5033bc163bec1c94c838eb1152c52eb7eb677b7,qwen3_tts_customvoice:aiden,not_applicable:text_only_no_reference_audio,cuda:0,offline_text_only_final_materialization,16000,wav,synthesis_text_sha256=df95dbc636ca19d2cd4f9704577d456d312ca0344e4ae5bb6ddd7c48a2325c70;reference_audio=forbidden;voice_cloning=false,3751140294,2026-08-16T01:00:00+06:00
qwen3_tts_customvoice_aiden_v4_final_salvage:d41083be58dc2e94b7a3,processed/v4/xlsr_sls_model_v4_final_salvage_materialization_v1/ru_spoof/e1/e103918170530d9800431317b7d374e9d3d48db74fd3671d3ad49080fbb24a9b.wav,4984a101e68530080e47864579b2a552a1578490b45c1a3572bf3be85e3650e8,test,spoof,ru,false,qwen3_tts_customvoice_aiden_v4_final_salvage:fixed-profile:qwen3_tts_0_6b_customvoice_aiden_q8_0,qwen3_tts_customvoice_aiden_v4_final_salvage,"Apache-2.0: Qwen CustomVoice and tokenizer model cards, cstr GGUF conversion cards, and CrispASR runtime release; permitted only for this project's personal-research scope with no training, calibration, product, re-hosting, verified-speaker or speaker-independence claim","One-shot local text-only derivative of frozen common_voice_ru_v24_v4_final_salvage text 275b70a9b922152c65c5f547ad19823ee458609e7f3eb71b4a2f8f5d24e911cd; no reference audio, cloning, resynthesis, replacement or backfill",qwen3_tts_customvoice_aiden_v4_final_salvage:synthetic-profile:qwen3_tts_0_6b_customvoice_aiden_q8_0,275b70a9b922152c65c5f547ad19823ee458609e7f3eb71b4a2f8f5d24e911cd,8437828b65e51f0d77d661d11fa89bef3f64ec8c4c5c99f69c734b249e7df821,6.8,qwen3_tts_customvoice_gguf,Qwen3-TTS 0.6B CustomVoice Q8_0 GGUF,talker-cstr-29094dcb46f19b0898616aa9aeb876aa9aa6e086-5227dcbc4df7c5533341d111cc469fa491a48e722b23dd10f553181b52dff2d9; codec-cstr-344e279551177654762e5c7d39e217834325f222-70dc95dbfdd9aa5d9d406236ff771d061bf17b0cda02a72513953355606e719b; crispasr-v0.8.28-99e990ae-c2413af7d5e70a166b74fe96f5afb6d7463f1414a5ac2dea7cd982da9f83f827; fixed-aiden; wrapper-f02d93fd7ee064539771a868c5033bc163bec1c94c838eb1152c52eb7eb677b7,qwen3_tts_customvoice:aiden,not_applicable:text_only_no_reference_audio,cuda:0,offline_text_only_final_materialization,16000,wav,synthesis_text_sha256=8437828b65e51f0d77d661d11fa89bef3f64ec8c4c5c99f69c734b249e7df821;reference_audio=forbidden;voice_cloning=false,2218230411,2026-08-16T01:00:00+06:00
qwen3_tts_customvoice_aiden_v4_final_salvage:e5208d9857e94abae529,processed/v4/xlsr_sls_model_v4_final_salvage_materialization_v1/ru_spoof/d3/d3c828963b4c5b0fa02311d6dc730f4bc3852d95c7750a795c925712633f2c23.wav,b571590d1b59f9c07d96fea97b6a727f73051a67d0e91145e5f1c6f8388a0750,test,spoof,ru,false,qwen3_tts_customvoice_aiden_v4_final_salvage:fixed-profile:qwen3_tts_0_6b_customvoice_aiden_q8_0,qwen3_tts_customvoice_aiden_v4_final_salvage,"Apache-2.0: Qwen CustomVoice and tokenizer model cards, cstr GGUF conversion cards, and CrispASR runtime release; permitted only for this project's personal-research scope with no training, calibration, product, re-hosting, verified-speaker or speaker-independence claim","One-shot local text-only derivative of frozen common_voice_ru_v24_v4_final_salvage text f59bcfda761b658980e1e8ae2c651efd64eb4ba9060515a6905c19ad236fca61; no reference audio, cloning, resynthesis, replacement or backfill",qwen3_tts_customvoice_aiden_v4_final_salvage:synthetic-profile:qwen3_tts_0_6b_customvoice_aiden_q8_0,f59bcfda761b658980e1e8ae2c651efd64eb4ba9060515a6905c19ad236fca61,d56a04757f20fa688bf394c709215bb29b2f4a04eed32d95be1165ff66326309,4.4,qwen3_tts_customvoice_gguf,Qwen3-TTS 0.6B CustomVoice Q8_0 GGUF,talker-cstr-29094dcb46f19b0898616aa9aeb876aa9aa6e086-5227dcbc4df7c5533341d111cc469fa491a48e722b23dd10f553181b52dff2d9; codec-cstr-344e279551177654762e5c7d39e217834325f222-70dc95dbfdd9aa5d9d406236ff771d061bf17b0cda02a72513953355606e719b; crispasr-v0.8.28-99e990ae-c2413af7d5e70a166b74fe96f5afb6d7463f1414a5ac2dea7cd982da9f83f827; fixed-aiden; wrapper-f02d93fd7ee064539771a868c5033bc163bec1c94c838eb1152c52eb7eb677b7,qwen3_tts_customvoice:aiden,not_applicable:text_only_no_reference_audio,cuda:0,offline_text_only_final_materialization,16000,wav,synthesis_text_sha256=d56a04757f20fa688bf394c709215bb29b2f4a04eed32d95be1165ff66326309;reference_audio=forbidden;voice_cloning=false,3580494965,2026-08-16T01:00:00+06:00
qwen3_tts_customvoice_aiden_v4_final_salvage:d0db3b1be3ac1d9c7e48,processed/v4/xlsr_sls_model_v4_final_salvage_materialization_v1/ru_spoof/5b/5ba4d07bebc9cf69e5b995ff45d1edb49ac084c6a278ba136ff1460bba230014.wav,eea3af40f7bbc2feda4dea35789a6dd46b97918df946e278c04f8a4c1036a4a2,test,spoof,ru,false,qwen3_tts_customvoice_aiden_v4_final_salvage:fixed-profile:qwen3_tts_0_6b_customvoice_aiden_q8_0,qwen3_tts_customvoice_aiden_v4_final_salvage,"Apache-2.0: Qwen CustomVoice and tokenizer model cards, cstr GGUF conversion cards, and CrispASR runtime release; permitted only for this project's personal-research scope with no training, calibration, product, re-hosting, verified-speaker or speaker-independence claim","One-shot local text-only derivative of frozen common_voice_ru_v24_v4_final_salvage text 220baabecc4506c4b2e6833a84015aa4a06b711989b260b0f74571cfd68cb0b9; no reference audio, cloning, resynthesis, replacement or backfill",qwen3_tts_customvoice_aiden_v4_final_salvage:synthetic-profile:qwen3_tts_0_6b_customvoice_aiden_q8_0,220baabecc4506c4b2e6833a84015aa4a06b711989b260b0f74571cfd68cb0b9,6242c682fed9f374e2cfa78a01d4d32fee25c84ee599035fa34ebbe05dd14680,5.84,qwen3_tts_customvoice_gguf,Qwen3-TTS 0.6B CustomVoice Q8_0 GGUF,talker-cstr-29094dcb46f19b0898616aa9aeb876aa9aa6e086-5227dcbc4df7c5533341d111cc469fa491a48e722b23dd10f553181b52dff2d9; codec-cstr-344e279551177654762e5c7d39e217834325f222-70dc95dbfdd9aa5d9d406236ff771d061bf17b0cda02a72513953355606e719b; crispasr-v0.8.28-99e990ae-c2413af7d5e70a166b74fe96f5afb6d7463f1414a5ac2dea7cd982da9f83f827; fixed-aiden; wrapper-f02d93fd7ee064539771a868c5033bc163bec1c94c838eb1152c52eb7eb677b7,qwen3_tts_customvoice:aiden,not_applicable:text_only_no_reference_audio,cuda:0,offline_text_only_final_materialization,16000,wav,synthesis_text_sha256=6242c682fed9f374e2cfa78a01d4d32fee25c84ee599035fa34ebbe05dd14680;reference_audio=forbidden;voice_cloning=false,1648543362,2026-08-16T01:00:00+06:00
qwen3_tts_customvoice_aiden_v4_final_salvage:19d8dcfd7af8a07b745a,processed/v4/xlsr_sls_model_v4_final_salvage_materialization_v1/ru_spoof/c6/c6d20456e309367360ed2aa43235ea087a976f25e5f66a6f5585fd465ceadc43.wav,15aa2770df1ee9f07d62c7e043d908325bf8a58ced888e3c3d105b43062c9061,test,spoof,ru,false,qwen3_tts_customvoice_aiden_v4_final_salvage:fixed-profile:qwen3_tts_0_6b_customvoice_aiden_q8_0,qwen3_tts_customvoice_aiden_v4_final_salvage,"Apache-2.0: Qwen CustomVoice and tokenizer model cards, cstr GGUF conversion cards, and CrispASR runtime release; permitted only for this project's personal-research scope with no training, calibration, product, re-hosting, verified-speaker or speaker-independence claim","One-shot local text-only derivative of frozen common_voice_ru_v24_v4_final_salvage text 6601e499061708684ac840c1c0bb4777c8514fd45b2f74a946666ef3785ddee8; no reference audio, cloning, resynthesis, replacement or backfill",qwen3_tts_customvoice_aiden_v4_final_salvage:synthetic-profile:qwen3_tts_0_6b_customvoice_aiden_q8_0,6601e499061708684ac840c1c0bb4777c8514fd45b2f74a946666ef3785ddee8,7cc29e11f7cec060561d52a30f06564d3ff7b90c0a85bae4c448cf9542b86f3f,4.96,qwen3_tts_customvoice_gguf,Qwen3-TTS 0.6B CustomVoice Q8_0 GGUF,talker-cstr-29094dcb46f19b0898616aa9aeb876aa9aa6e086-5227dcbc4df7c5533341d111cc469fa491a48e722b23dd10f553181b52dff2d9; codec-cstr-344e279551177654762e5c7d39e217834325f222-70dc95dbfdd9aa5d9d406236ff771d061bf17b0cda02a72513953355606e719b; crispasr-v0.8.28-99e990ae-c2413af7d5e70a166b74fe96f5afb6d7463f1414a5ac2dea7cd982da9f83f827; fixed-aiden; wrapper-f02d93fd7ee064539771a868c5033bc163bec1c94c838eb1152c52eb7eb677b7,qwen3_tts_customvoice:aiden,not_applicable:text_only_no_reference_audio,cuda:0,offline_text_only_final_materialization,16000,wav,synthesis_text_sha256=7cc29e11f7cec060561d52a30f06564d3ff7b90c0a85bae4c448cf9542b86f3f;reference_audio=forbidden;voice_cloning=false,2093129233,2026-08-16T01:00:00+06:00
qwen3_tts_customvoice_aiden_v4_final_salvage:4c4976948c66ef1d8f7c,processed/v4/xlsr_sls_model_v4_final_salvage_materialization_v1/ru_spoof/d9/d9aa8e6bdf1380b45e15de24e980ae5324f6cb545436698fcce2afcd047f6d45.wav,0db7f239ed34c2a5f79f05ec0a434e130ac1a8007425f8d8b86b21900b51882e,test,spoof,ru,false,qwen3_tts_customvoice_aiden_v4_final_salvage:fixed-profile:qwen3_tts_0_6b_customvoice_aiden_q8_0,qwen3_tts_customvoice_aiden_v4_final_salvage,"Apache-2.0: Qwen CustomVoice and tokenizer model cards, cstr GGUF conversion cards, and CrispASR runtime release; permitted only for this project's personal-research scope with no training, calibration, product, re-hosting, verified-speaker or speaker-independence claim","One-shot local text-only derivative of frozen common_voice_ru_v24_v4_final_salvage text ac27b73e6bf63c3fd347424ea077e76d61e2a879ee04f2b9a1324632a969d2cb; no reference audio, cloning, resynthesis, replacement or backfill",qwen3_tts_customvoice_aiden_v4_final_salvage:synthetic-profile:qwen3_tts_0_6b_customvoice_aiden_q8_0,ac27b73e6bf63c3fd347424ea077e76d61e2a879ee04f2b9a1324632a969d2cb,5a51102193eefe84823e0daa6dbc52d92436be0a9a6407733fae8799b889e1b4,6.72,qwen3_tts_customvoice_gguf,Qwen3-TTS 0.6B CustomVoice Q8_0 GGUF,talker-cstr-29094dcb46f19b0898616aa9aeb876aa9aa6e086-5227dcbc4df7c5533341d111cc469fa491a48e722b23dd10f553181b52dff2d9; codec-cstr-344e279551177654762e5c7d39e217834325f222-70dc95dbfdd9aa5d9d406236ff771d061bf17b0cda02a72513953355606e719b; crispasr-v0.8.28-99e990ae-c2413af7d5e70a166b74fe96f5afb6d7463f1414a5ac2dea7cd982da9f83f827; fixed-aiden; wrapper-f02d93fd7ee064539771a868c5033bc163bec1c94c838eb1152c52eb7eb677b7,qwen3_tts_customvoice:aiden,not_applicable:text_only_no_reference_audio,cuda:0,offline_text_only_final_materialization,16000,wav,synthesis_text_sha256=5a51102193eefe84823e0daa6dbc52d92436be0a9a6407733fae8799b889e1b4;reference_audio=forbidden;voice_cloning=false,1515261985,2026-08-16T01:00:00+06:00
qwen3_tts_customvoice_aiden_v4_final_salvage:590ef21d2ebca5f9a895,processed/v4/xlsr_sls_model_v4_final_salvage_materialization_v1/ru_spoof/44/44714378d8c60d562a3c43a02859f93e00f404f2f4aa612d1b529daf4c46e1a4.wav,161b9b0377213bf7103eb1409b40f422f785aa072ee7acdf3ef8cfce7793fb57,test,spoof,ru,false,qwen3_tts_customvoice_aiden_v4_final_salvage:fixed-profile:qwen3_tts_0_6b_customvoice_aiden_q8_0,qwen3_tts_customvoice_aiden_v4_final_salvage,"Apache-2.0: Qwen CustomVoice and tokenizer model cards, cstr GGUF conversion cards, and CrispASR runtime release; permitted only for this project's personal-research scope with no training, calibration, product, re-hosting, verified-speaker or speaker-independence claim","One-shot local text-only derivative of frozen common_voice_ru_v24_v4_final_salvage text 26947f54c35376e044297971a7ec2cd008aed655baeb5cc62eb3d68859e55c5c; no reference audio, cloning, resynthesis, replacement or backfill",qwen3_tts_customvoice_aiden_v4_final_salvage:synthetic-profile:qwen3_tts_0_6b_customvoice_aiden_q8_0,26947f54c35376e044297971a7ec2cd008aed655baeb5cc62eb3d68859e55c5c,53147a98c8a2eb216bb6fa2748bdc2984b74548e6ab13b6301e3b24793c6731a,5.12,qwen3_tts_customvoice_gguf,Qwen3-TTS 0.6B CustomVoice Q8_0 GGUF,talker-cstr-29094dcb46f19b0898616aa9aeb876aa9aa6e086-5227dcbc4df7c5533341d111cc469fa491a48e722b23dd10f553181b52dff2d9; codec-cstr-344e279551177654762e5c7d39e217834325f222-70dc95dbfdd9aa5d9d406236ff771d061bf17b0cda02a72513953355606e719b; crispasr-v0.8.28-99e990ae-c2413af7d5e70a166b74fe96f5afb6d7463f1414a5ac2dea7cd982da9f83f827; fixed-aiden; wrapper-f02d93fd7ee064539771a868c5033bc163bec1c94c838eb1152c52eb7eb677b7,qwen3_tts_customvoice:aiden,not_applicable:text_only_no_reference_audio,cuda:0,offline_text_only_final_materialization,16000,wav,synthesis_text_sha256=53147a98c8a2eb216bb6fa2748bdc2984b74548e6ab13b6301e3b24793c6731a;reference_audio=forbidden;voice_cloning=false,1393851032,2026-08-16T01:00:00+06:00
qwen3_tts_customvoice_aiden_v4_final_salvage:c3e086ecdfd4d8569b28,processed/v4/xlsr_sls_model_v4_final_salvage_materialization_v1/ru_spoof/6e/6ebd5b7bb34c3910057087ea567feb070980b6d6a21c04c65397294235b624e2.wav,7879c081f4928c98be5e8433028cc4139784cea7bb6e5ecacb6b4892e185b254,test,spoof,ru,false,qwen3_tts_customvoice_aiden_v4_final_salvage:fixed-profile:qwen3_tts_0_6b_customvoice_aiden_q8_0,qwen3_tts_customvoice_aiden_v4_final_salvage,"Apache-2.0: Qwen CustomVoice and tokenizer model cards, cstr GGUF conversion cards, and CrispASR runtime release; permitted only for this project's personal-research scope with no training, calibration, product, re-hosting, verified-speaker or speaker-independence claim","One-shot local text-only derivative of frozen common_voice_ru_v24_v4_final_salvage text 6239f86419b7b5c3c36cbe191589883d910ae2cb0034e06cc249019d6bf2d0ef; no reference audio, cloning, resynthesis, replacement or backfill",qwen3_tts_customvoice_aiden_v4_final_salvage:synthetic-profile:qwen3_tts_0_6b_customvoice_aiden_q8_0,6239f86419b7b5c3c36cbe191589883d910ae2cb0034e06cc249019d6bf2d0ef,b9b9a0677881e433e368ecad2050571461517889db52831ae260f593488440c4,7.12,qwen3_tts_customvoice_gguf,Qwen3-TTS 0.6B CustomVoice Q8_0 GGUF,talker-cstr-29094dcb46f19b0898616aa9aeb876aa9aa6e086-5227dcbc4df7c5533341d111cc469fa491a48e722b23dd10f553181b52dff2d9; codec-cstr-344e279551177654762e5c7d39e217834325f222-70dc95dbfdd9aa5d9d406236ff771d061bf17b0cda02a72513953355606e719b; crispasr-v0.8.28-99e990ae-c2413af7d5e70a166b74fe96f5afb6d7463f1414a5ac2dea7cd982da9f83f827; fixed-aiden; wrapper-f02d93fd7ee064539771a868c5033bc163bec1c94c838eb1152c52eb7eb677b7,qwen3_tts_customvoice:aiden,not_applicable:text_only_no_reference_audio,cuda:0,offline_text_only_final_materialization,16000,wav,synthesis_text_sha256=b9b9a0677881e433e368ecad2050571461517889db52831ae260f593488440c4;reference_audio=forbidden;voice_cloning=false,3115950183,2026-08-16T01:00:00+06:00
qwen3_tts_customvoice_aiden_v4_final_salvage:183eba919f3ac7c779ab,processed/v4/xlsr_sls_model_v4_final_salvage_materialization_v1/ru_spoof/70/70ebe2743c614dc62deb39120536cd089b11e618c8d992da6247b9f68ad03462.wav,4c77928a3b21a2a76dd541cd65cb71034fac2f1cd060573f3ec2a21e1e20b2e8,test,spoof,ru,false,qwen3_tts_customvoice_aiden_v4_final_salvage:fixed-profile:qwen3_tts_0_6b_customvoice_aiden_q8_0,qwen3_tts_customvoice_aiden_v4_final_salvage,"Apache-2.0: Qwen CustomVoice and tokenizer model cards, cstr GGUF conversion cards, and CrispASR runtime release; permitted only for this project's personal-research scope with no training, calibration, product, re-hosting, verified-speaker or speaker-independence claim","One-shot local text-only derivative of frozen common_voice_ru_v24_v4_final_salvage text 927ca4ab3f9924478142202e849af6df92c72b070aae604388841dc37c2baea2; no reference audio, cloning, resynthesis, replacement or backfill",qwen3_tts_customvoice_aiden_v4_final_salvage:synthetic-profile:qwen3_tts_0_6b_customvoice_aiden_q8_0,927ca4ab3f9924478142202e849af6df92c72b070aae604388841dc37c2baea2,fec834dadc52c5e71dfc7540c8a308a2444f9831a5bc2be205edd9922504ef8a,3.68,qwen3_tts_customvoice_gguf,Qwen3-TTS 0.6B CustomVoice Q8_0 GGUF,talker-cstr-29094dcb46f19b0898616aa9aeb876aa9aa6e086-5227dcbc4df7c5533341d111cc469fa491a48e722b23dd10f553181b52dff2d9; codec-cstr-344e279551177654762e5c7d39e217834325f222-70dc95dbfdd9aa5d9d406236ff771d061bf17b0cda02a72513953355606e719b; crispasr-v0.8.28-99e990ae-c2413af7d5e70a166b74fe96f5afb6d7463f1414a5ac2dea7cd982da9f83f827; fixed-aiden; wrapper-f02d93fd7ee064539771a868c5033bc163bec1c94c838eb1152c52eb7eb677b7,qwen3_tts_customvoice:aiden,not_applicable:text_only_no_reference_audio,cuda:0,offline_text_only_final_materialization,16000,wav,synthesis_text_sha256=fec834dadc52c5e71dfc7540c8a308a2444f9831a5bc2be205edd9922504ef8a;reference_audio=forbidden;voice_cloning=false,4274533594,2026-08-16T01:00:00+06:00
qwen3_tts_customvoice_aiden_v4_final_salvage:3925f3356cf51c266988,processed/v4/xlsr_sls_model_v4_final_salvage_materialization_v1/ru_spoof/db/dbf8945140c0519de910cf714dcaa07edf8d194f6bc1d57d951514d73d6514f6.wav,156dd7167f7d025777ab90e577de6ee20d25badf329d46ad83638ad42084ed36,test,spoof,ru,false,qwen3_tts_customvoice_aiden_v4_final_salvage:fixed-profile:qwen3_tts_0_6b_customvoice_aiden_q8_0,qwen3_tts_customvoice_aiden_v4_final_salvage,"Apache-2.0: Qwen CustomVoice and tokenizer model cards, cstr GGUF conversion cards, and CrispASR runtime release; permitted only for this project's personal-research scope with no training, calibration, product, re-hosting, verified-speaker or speaker-independence claim","One-shot local text-only derivative of frozen common_voice_ru_v24_v4_final_salvage text 5e3a2a2349338f7a913ae9bf69bfd40b687282067006be242c075da51b0cf984; no reference audio, cloning, resynthesis, replacement or backfill",qwen3_tts_customvoice_aiden_v4_final_salvage:synthetic-profile:qwen3_tts_0_6b_customvoice_aiden_q8_0,5e3a2a2349338f7a913ae9bf69bfd40b687282067006be242c075da51b0cf984,7b9dcba8dcc1cb46959e77df4c545c13e79e618d9d7de32fddbd3195f0626f88,5.36,qwen3_tts_customvoice_gguf,Qwen3-TTS 0.6B CustomVoice Q8_0 GGUF,talker-cstr-29094dcb46f19b0898616aa9aeb876aa9aa6e086-5227dcbc4df7c5533341d111cc469fa491a48e722b23dd10f553181b52dff2d9; codec-cstr-344e279551177654762e5c7d39e217834325f222-70dc95dbfdd9aa5d9d406236ff771d061bf17b0cda02a72513953355606e719b; crispasr-v0.8.28-99e990ae-c2413af7d5e70a166b74fe96f5afb6d7463f1414a5ac2dea7cd982da9f83f827; fixed-aiden; wrapper-f02d93fd7ee064539771a868c5033bc163bec1c94c838eb1152c52eb7eb677b7,qwen3_tts_customvoice:aiden,not_applicable:text_only_no_reference_audio,cuda:0,offline_text_only_final_materialization,16000,wav,synthesis_text_sha256=7b9dcba8dcc1cb46959e77df4c545c13e79e618d9d7de32fddbd3195f0626f88;reference_audio=forbidden;voice_cloning=false,2073938856,2026-08-16T01:00:00+06:00
qwen3_tts_customvoice_aiden_v4_final_salvage:39f5f177aa3883f75f6b,processed/v4/xlsr_sls_model_v4_final_salvage_materialization_v1/ru_spoof/4f/4f6de1721f876667ef4e6228456afcf5b568859154082ec3682b33afa10cfbf8.wav,5fafa727049baba13dcea9500479e91950d5917c670429fed2ae05d11ae78ff6,test,spoof,ru,false,qwen3_tts_customvoice_aiden_v4_final_salvage:fixed-profile:qwen3_tts_0_6b_customvoice_aiden_q8_0,qwen3_tts_customvoice_aiden_v4_final_salvage,"Apache-2.0: Qwen CustomVoice and tokenizer model cards, cstr GGUF conversion cards, and CrispASR runtime release; permitted only for this project's personal-research scope with no training, calibration, product, re-hosting, verified-speaker or speaker-independence claim","One-shot local text-only derivative of frozen common_voice_ru_v24_v4_final_salvage text ad7a4c9c9d60e7542d845b85bba43698e73ae7b43aab91a08c53faf15d5b6aa0; no reference audio, cloning, resynthesis, replacement or backfill",qwen3_tts_customvoice_aiden_v4_final_salvage:synthetic-profile:qwen3_tts_0_6b_customvoice_aiden_q8_0,ad7a4c9c9d60e7542d845b85bba43698e73ae7b43aab91a08c53faf15d5b6aa0,3d41999af3aebc632c432d1721d57d6175c8b9b30854eff262fc699343387c21,6.0,qwen3_tts_customvoice_gguf,Qwen3-TTS 0.6B CustomVoice Q8_0 GGUF,talker-cstr-29094dcb46f19b0898616aa9aeb876aa9aa6e086-5227dcbc4df7c5533341d111cc469fa491a48e722b23dd10f553181b52dff2d9; codec-cstr-344e279551177654762e5c7d39e217834325f222-70dc95dbfdd9aa5d9d406236ff771d061bf17b0cda02a72513953355606e719b; crispasr-v0.8.28-99e990ae-c2413af7d5e70a166b74fe96f5afb6d7463f1414a5ac2dea7cd982da9f83f827; fixed-aiden; wrapper-f02d93fd7ee064539771a868c5033bc163bec1c94c838eb1152c52eb7eb677b7,qwen3_tts_customvoice:aiden,not_applicable:text_only_no_reference_audio,cuda:0,offline_text_only_final_materialization,16000,wav,synthesis_text_sha256=3d41999af3aebc632c432d1721d57d6175c8b9b30854eff262fc699343387c21;reference_audio=forbidden;voice_cloning=false,1027709338,2026-08-16T01:00:00+06:00
qwen3_tts_customvoice_aiden_v4_final_salvage:0a9f56e09f2e0d00e61d,processed/v4/xlsr_sls_model_v4_final_salvage_materialization_v1/ru_spoof/04/04d27c1daf70b4f36b726b6b319379bf1bdd41d621413102ab45ef1dd47e7b87.wav,54b7ba9714c62853d36f3e20904ae04aed29be30945b205fefe5f87bf0699f5d,test,spoof,ru,false,qwen3_tts_customvoice_aiden_v4_final_salvage:fixed-profile:qwen3_tts_0_6b_customvoice_aiden_q8_0,qwen3_tts_customvoice_aiden_v4_final_salvage,"Apache-2.0: Qwen CustomVoice and tokenizer model cards, cstr GGUF conversion cards, and CrispASR runtime release; permitted only for this project's personal-research scope with no training, calibration, product, re-hosting, verified-speaker or speaker-independence claim","One-shot local text-only derivative of frozen common_voice_ru_v24_v4_final_salvage text d25639f770bab14833e83fe56d8cbb43788dac32d199c472ef0bc19c4940e8aa; no reference audio, cloning, resynthesis, replacement or backfill",qwen3_tts_customvoice_aiden_v4_final_salvage:synthetic-profile:qwen3_tts_0_6b_customvoice_aiden_q8_0,d25639f770bab14833e83fe56d8cbb43788dac32d199c472ef0bc19c4940e8aa,4c27a2d206681ef31732b33122798dd99f21695edf908f5891330c51ba3aa3c7,5.28,qwen3_tts_customvoice_gguf,Qwen3-TTS 0.6B CustomVoice Q8_0 GGUF,talker-cstr-29094dcb46f19b0898616aa9aeb876aa9aa6e086-5227dcbc4df7c5533341d111cc469fa491a48e722b23dd10f553181b52dff2d9; codec-cstr-344e279551177654762e5c7d39e217834325f222-70dc95dbfdd9aa5d9d406236ff771d061bf17b0cda02a72513953355606e719b; crispasr-v0.8.28-99e990ae-c2413af7d5e70a166b74fe96f5afb6d7463f1414a5ac2dea7cd982da9f83f827; fixed-aiden; wrapper-f02d93fd7ee064539771a868c5033bc163bec1c94c838eb1152c52eb7eb677b7,qwen3_tts_customvoice:aiden,not_applicable:text_only_no_reference_audio,cuda:0,offline_text_only_final_materialization,16000,wav,synthesis_text_sha256=4c27a2d206681ef31732b33122798dd99f21695edf908f5891330c51ba3aa3c7;reference_audio=forbidden;voice_cloning=false,1277666002,2026-08-16T01:00:00+06:00
qwen3_tts_customvoice_aiden_v4_final_salvage:d752834910f191aff035,processed/v4/xlsr_sls_model_v4_final_salvage_materialization_v1/ru_spoof/e6/e6b11c1ef7c899262d7e8a9322ebb981dfaa81133e67b6e5c983a8071b83c218.wav,995583e5181b96066b2121a5c0d67ca7215b9b8bba98f2712e1da0ce603b6529,test,spoof,ru,false,qwen3_tts_customvoice_aiden_v4_final_salvage:fixed-profile:qwen3_tts_0_6b_customvoice_aiden_q8_0,qwen3_tts_customvoice_aiden_v4_final_salvage,"Apache-2.0: Qwen CustomVoice and tokenizer model cards, cstr GGUF conversion cards, and CrispASR runtime release; permitted only for this project's personal-research scope with no training, calibration, product, re-hosting, verified-speaker or speaker-independence claim","One-shot local text-only derivative of frozen common_voice_ru_v24_v4_final_salvage text 21ddbf749630d763e4dac48c4bf46c21ad0336f466da961583b036efe4dee7c3; no reference audio, cloning, resynthesis, replacement or backfill",qwen3_tts_customvoice_aiden_v4_final_salvage:synthetic-profile:qwen3_tts_0_6b_customvoice_aiden_q8_0,21ddbf749630d763e4dac48c4bf46c21ad0336f466da961583b036efe4dee7c3,fad1295ac3bcf15d59dc97134bf3ba7ec096339fd455c53da056a33282d4d46e,7.36,qwen3_tts_customvoice_gguf,Qwen3-TTS 0.6B CustomVoice Q8_0 GGUF,talker-cstr-29094dcb46f19b0898616aa9aeb876aa9aa6e086-5227dcbc4df7c5533341d111cc469fa491a48e722b23dd10f553181b52dff2d9; codec-cstr-344e279551177654762e5c7d39e217834325f222-70dc95dbfdd9aa5d9d406236ff771d061bf17b0cda02a72513953355606e719b; crispasr-v0.8.28-99e990ae-c2413af7d5e70a166b74fe96f5afb6d7463f1414a5ac2dea7cd982da9f83f827; fixed-aiden; wrapper-f02d93fd7ee064539771a868c5033bc163bec1c94c838eb1152c52eb7eb677b7,qwen3_tts_customvoice:aiden,not_applicable:text_only_no_reference_audio,cuda:0,offline_text_only_final_materialization,16000,wav,synthesis_text_sha256=fad1295ac3bcf15d59dc97134bf3ba7ec096339fd455c53da056a33282d4d46e;reference_audio=forbidden;voice_cloning=false,4208011610,2026-08-16T01:00:00+06:00
qwen3_tts_customvoice_aiden_v4_final_salvage:4ae37116d49974087e91,processed/v4/xlsr_sls_model_v4_final_salvage_materialization_v1/ru_spoof/f1/f150a749ba120398475e44d9eb88f417418e5e4273a8841bcb5e646c20dd2793.wav,8b7af9a1480fbd6e78e93e5e2329678f4f89782ed35b98439aef73435ee87fb2,test,spoof,ru,false,qwen3_tts_customvoice_aiden_v4_final_salvage:fixed-profile:qwen3_tts_0_6b_customvoice_aiden_q8_0,qwen3_tts_customvoice_aiden_v4_final_salvage,"Apache-2.0: Qwen CustomVoice and tokenizer model cards, cstr GGUF conversion cards, and CrispASR runtime release; permitted only for this project's personal-research scope with no training, calibration, product, re-hosting, verified-speaker or speaker-independence claim","One-shot local text-only derivative of frozen common_voice_ru_v24_v4_final_salvage text 00e64238c64080143aabac624032be7039cb42015c3d315e4ce2b2b40325b0e0; no reference audio, cloning, resynthesis, replacement or backfill",qwen3_tts_customvoice_aiden_v4_final_salvage:synthetic-profile:qwen3_tts_0_6b_customvoice_aiden_q8_0,00e64238c64080143aabac624032be7039cb42015c3d315e4ce2b2b40325b0e0,42bb47b6b76101f6eedd9138ef38f143d2781966e700959edc94978ee222e280,5.28,qwen3_tts_customvoice_gguf,Qwen3-TTS 0.6B CustomVoice Q8_0 GGUF,talker-cstr-29094dcb46f19b0898616aa9aeb876aa9aa6e086-5227dcbc4df7c5533341d111cc469fa491a48e722b23dd10f553181b52dff2d9; codec-cstr-344e279551177654762e5c7d39e217834325f222-70dc95dbfdd9aa5d9d406236ff771d061bf17b0cda02a72513953355606e719b; crispasr-v0.8.28-99e990ae-c2413af7d5e70a166b74fe96f5afb6d7463f1414a5ac2dea7cd982da9f83f827; fixed-aiden; wrapper-f02d93fd7ee064539771a868c5033bc163bec1c94c838eb1152c52eb7eb677b7,qwen3_tts_customvoice:aiden,not_applicable:text_only_no_reference_audio,cuda:0,offline_text_only_final_materialization,16000,wav,synthesis_text_sha256=42bb47b6b76101f6eedd9138ef38f143d2781966e700959edc94978ee222e280;reference_audio=forbidden;voice_cloning=false,1119569846,2026-08-16T01:00:00+06:00
qwen3_tts_customvoice_aiden_v4_final_salvage:a52d2a143491d2aac424,processed/v4/xlsr_sls_model_v4_final_salvage_materialization_v1/ru_spoof/ab/abbf0041865080428554c384388e3860e8df8fed17063880d17ddc1fa4d8e8b7.wav,b4b31e8eb3bd43e9f1eb5e20817ddbf3c11d93ca0ec881fd5d3b1573f6b4b2c7,test,spoof,ru,false,qwen3_tts_customvoice_aiden_v4_final_salvage:fixed-profile:qwen3_tts_0_6b_customvoice_aiden_q8_0,qwen3_tts_customvoice_aiden_v4_final_salvage,"Apache-2.0: Qwen CustomVoice and tokenizer model cards, cstr GGUF conversion cards, and CrispASR runtime release; permitted only for this project's personal-research scope with no training, calibration, product, re-hosting, verified-speaker or speaker-independence claim","One-shot local text-only derivative of frozen common_voice_ru_v24_v4_final_salvage text d637942f38ccec38f0742d988d9cabb0f2b63c1eadf1b31cc600832649ed1e1d; no reference audio, cloning, resynthesis, replacement or backfill",qwen3_tts_customvoice_aiden_v4_final_salvage:synthetic-profile:qwen3_tts_0_6b_customvoice_aiden_q8_0,d637942f38ccec38f0742d988d9cabb0f2b63c1eadf1b31cc600832649ed1e1d,8d77aeef1421235785b862bc54ce0b048becb40ace2261a51da8d3f9d6e5997d,3.68,qwen3_tts_customvoice_gguf,Qwen3-TTS 0.6B CustomVoice Q8_0 GGUF,talker-cstr-29094dcb46f19b0898616aa9aeb876aa9aa6e086-5227dcbc4df7c5533341d111cc469fa491a48e722b23dd10f553181b52dff2d9; codec-cstr-344e279551177654762e5c7d39e217834325f222-70dc95dbfdd9aa5d9d406236ff771d061bf17b0cda02a72513953355606e719b; crispasr-v0.8.28-99e990ae-c2413af7d5e70a166b74fe96f5afb6d7463f1414a5ac2dea7cd982da9f83f827; fixed-aiden; wrapper-f02d93fd7ee064539771a868c5033bc163bec1c94c838eb1152c52eb7eb677b7,qwen3_tts_customvoice:aiden,not_applicable:text_only_no_reference_audio,cuda:0,offline_text_only_final_materialization,16000,wav,synthesis_text_sha256=8d77aeef1421235785b862bc54ce0b048becb40ace2261a51da8d3f9d6e5997d;reference_audio=forbidden;voice_cloning=false,2373431023,2026-08-16T01:00:00+06:00
qwen3_tts_customvoice_aiden_v4_final_salvage:0db427d0482af72ef56a,processed/v4/xlsr_sls_model_v4_final_salvage_materialization_v1/ru_spoof/89/897d03c2bd88bd9852678be1446c5213141a0fb8f7d251b414006b0889e66d76.wav,acf373e51ca6d858bea4d64f826d682237e07b69070fe910c26d8b779f32831f,test,spoof,ru,false,qwen3_tts_customvoice_aiden_v4_final_salvage:fixed-profile:qwen3_tts_0_6b_customvoice_aiden_q8_0,qwen3_tts_customvoice_aiden_v4_final_salvage,"Apache-2.0: Qwen CustomVoice and tokenizer model cards, cstr GGUF conversion cards, and CrispASR runtime release; permitted only for this project's personal-research scope with no training, calibration, product, re-hosting, verified-speaker or speaker-independence claim","One-shot local text-only derivative of frozen common_voice_ru_v24_v4_final_salvage text 2a19e50d0f8c7abddcb24b46599fd4b4275cc1ace35fd6eb02ccce323eaa5c20; no reference audio, cloning, resynthesis, replacement or backfill",qwen3_tts_customvoice_aiden_v4_final_salvage:synthetic-profile:qwen3_tts_0_6b_customvoice_aiden_q8_0,2a19e50d0f8c7abddcb24b46599fd4b4275cc1ace35fd6eb02ccce323eaa5c20,e46b6fd71a6497e31c7d47525f583e85ac36824a18ceee7fbbdb3f752fecf3b1,7.52,qwen3_tts_customvoice_gguf,Qwen3-TTS 0.6B CustomVoice Q8_0 GGUF,talker-cstr-29094dcb46f19b0898616aa9aeb876aa9aa6e086-5227dcbc4df7c5533341d111cc469fa491a48e722b23dd10f553181b52dff2d9; codec-cstr-344e279551177654762e5c7d39e217834325f222-70dc95dbfdd9aa5d9d406236ff771d061bf17b0cda02a72513953355606e719b; crispasr-v0.8.28-99e990ae-c2413af7d5e70a166b74fe96f5afb6d7463f1414a5ac2dea7cd982da9f83f827; fixed-aiden; wrapper-f02d93fd7ee064539771a868c5033bc163bec1c94c838eb1152c52eb7eb677b7,qwen3_tts_customvoice:aiden,not_applicable:text_only_no_reference_audio,cuda:0,offline_text_only_final_materialization,16000,wav,synthesis_text_sha256=e46b6fd71a6497e31c7d47525f583e85ac36824a18ceee7fbbdb3f752fecf3b1;reference_audio=forbidden;voice_cloning=false,3832246231,2026-08-16T01:00:00+06:00
qwen3_tts_customvoice_aiden_v4_final_salvage:ea313073105c7d30d866,processed/v4/xlsr_sls_model_v4_final_salvage_materialization_v1/ru_spoof/0e/0e6a4bf0881d67b5206a3291514cb50af14ca575fb2f5f4f6a1a6f401e632a51.wav,ff65c23117d0fa1899cdb6f776e810b643aa3b57f58dcf28189d56b8227cc3a3,test,spoof,ru,false,qwen3_tts_customvoice_aiden_v4_final_salvage:fixed-profile:qwen3_tts_0_6b_customvoice_aiden_q8_0,qwen3_tts_customvoice_aiden_v4_final_salvage,"Apache-2.0: Qwen CustomVoice and tokenizer model cards, cstr GGUF conversion cards, and CrispASR runtime release; permitted only for this project's personal-research scope with no training, calibration, product, re-hosting, verified-speaker or speaker-independence claim","One-shot local text-only derivative of frozen common_voice_ru_v24_v4_final_salvage text 290a082d7fade65061454db7ec51ccf82ea373c4307482f4a0cb181d77788c1b; no reference audio, cloning, resynthesis, replacement or backfill",qwen3_tts_customvoice_aiden_v4_final_salvage:synthetic-profile:qwen3_tts_0_6b_customvoice_aiden_q8_0,290a082d7fade65061454db7ec51ccf82ea373c4307482f4a0cb181d77788c1b,c60e476a1407694553c3e0b65db2fd853a3c00f0cdbcdc6099accd3a71a22065,3.28,qwen3_tts_customvoice_gguf,Qwen3-TTS 0.6B CustomVoice Q8_0 GGUF,talker-cstr-29094dcb46f19b0898616aa9aeb876aa9aa6e086-5227dcbc4df7c5533341d111cc469fa491a48e722b23dd10f553181b52dff2d9; codec-cstr-344e279551177654762e5c7d39e217834325f222-70dc95dbfdd9aa5d9d406236ff771d061bf17b0cda02a72513953355606e719b; crispasr-v0.8.28-99e990ae-c2413af7d5e70a166b74fe96f5afb6d7463f1414a5ac2dea7cd982da9f83f827; fixed-aiden; wrapper-f02d93fd7ee064539771a868c5033bc163bec1c94c838eb1152c52eb7eb677b7,qwen3_tts_customvoice:aiden,not_applicable:text_only_no_reference_audio,cuda:0,offline_text_only_final_materialization,16000,wav,synthesis_text_sha256=c60e476a1407694553c3e0b65db2fd853a3c00f0cdbcdc6099accd3a71a22065;reference_audio=forbidden;voice_cloning=false,3322824554,2026-08-16T01:00:00+06:00
qwen3_tts_customvoice_aiden_v4_final_salvage:d4fec1563489b1ff774b,processed/v4/xlsr_sls_model_v4_final_salvage_materialization_v1/ru_spoof/60/600e9fad1662444990206bbf05c105b626c9263a427a6182d1ef1c8e9699b37a.wav,faa037cb1f7f0e6fbdac57172c7ed52ae4ad18584e5a4315b6cbb92e0f647283,test,spoof,ru,false,qwen3_tts_customvoice_aiden_v4_final_salvage:fixed-profile:qwen3_tts_0_6b_customvoice_aiden_q8_0,qwen3_tts_customvoice_aiden_v4_final_salvage,"Apache-2.0: Qwen CustomVoice and tokenizer model cards, cstr GGUF conversion cards, and CrispASR runtime release; permitted only for this project's personal-research scope with no training, calibration, product, re-hosting, verified-speaker or speaker-independence claim","One-shot local text-only derivative of frozen common_voice_ru_v24_v4_final_salvage text 6c7a69f3baa69dc73194719e4409813c58cac707041fec268cd4bd0400035341; no reference audio, cloning, resynthesis, replacement or backfill",qwen3_tts_customvoice_aiden_v4_final_salvage:synthetic-profile:qwen3_tts_0_6b_customvoice_aiden_q8_0,6c7a69f3baa69dc73194719e4409813c58cac707041fec268cd4bd0400035341,53341fbd7250deb586af2147c4e43d0db93e34264f7b949c8dfd5e97f301a71a,7.52,qwen3_tts_customvoice_gguf,Qwen3-TTS 0.6B CustomVoice Q8_0 GGUF,talker-cstr-29094dcb46f19b0898616aa9aeb876aa9aa6e086-5227dcbc4df7c5533341d111cc469fa491a48e722b23dd10f553181b52dff2d9; codec-cstr-344e279551177654762e5c7d39e217834325f222-70dc95dbfdd9aa5d9d406236ff771d061bf17b0cda02a72513953355606e719b; crispasr-v0.8.28-99e990ae-c2413af7d5e70a166b74fe96f5afb6d7463f1414a5ac2dea7cd982da9f83f827; fixed-aiden; wrapper-f02d93fd7ee064539771a868c5033bc163bec1c94c838eb1152c52eb7eb677b7,qwen3_tts_customvoice:aiden,not_applicable:text_only_no_reference_audio,cuda:0,offline_text_only_final_materialization,16000,wav,synthesis_text_sha256=53341fbd7250deb586af2147c4e43d0db93e34264f7b949c8dfd5e97f301a71a;reference_audio=forbidden;voice_cloning=false,1395924925,2026-08-16T01:00:00+06:00
qwen3_tts_customvoice_aiden_v4_final_salvage:0a1d5ceb41b06c4c26f4,processed/v4/xlsr_sls_model_v4_final_salvage_materialization_v1/ru_spoof/c4/c484602b7e05f1d5a4a63f13d10e9688c41a6cc5c0e5c46b2e20a9a45a317dcd.wav,30d323759cf54d98b3c417e69016146287241c26d61d51a7566b4cf85b90ecf8,test,spoof,ru,false,qwen3_tts_customvoice_aiden_v4_final_salvage:fixed-profile:qwen3_tts_0_6b_customvoice_aiden_q8_0,qwen3_tts_customvoice_aiden_v4_final_salvage,"Apache-2.0: Qwen CustomVoice and tokenizer model cards, cstr GGUF conversion cards, and CrispASR runtime release; permitted only for this project's personal-research scope with no training, calibration, product, re-hosting, verified-speaker or speaker-independence claim","One-shot local text-only derivative of frozen common_voice_ru_v24_v4_final_salvage text a1d4600541952322a41c414029ca5fa013a899cfbf6b4edf74ca6e1508cd783c; no reference audio, cloning, resynthesis, replacement or backfill",qwen3_tts_customvoice_aiden_v4_final_salvage:synthetic-profile:qwen3_tts_0_6b_customvoice_aiden_q8_0,a1d4600541952322a41c414029ca5fa013a899cfbf6b4edf74ca6e1508cd783c,6c2a91862fcc5b82f39d963b6464e4559c61924432e36ccd5210da6972e608dd,2.96,qwen3_tts_customvoice_gguf,Qwen3-TTS 0.6B CustomVoice Q8_0 GGUF,talker-cstr-29094dcb46f19b0898616aa9aeb876aa9aa6e086-5227dcbc4df7c5533341d111cc469fa491a48e722b23dd10f553181b52dff2d9; codec-cstr-344e279551177654762e5c7d39e217834325f222-70dc95dbfdd9aa5d9d406236ff771d061bf17b0cda02a72513953355606e719b; crispasr-v0.8.28-99e990ae-c2413af7d5e70a166b74fe96f5afb6d7463f1414a5ac2dea7cd982da9f83f827; fixed-aiden; wrapper-f02d93fd7ee064539771a868c5033bc163bec1c94c838eb1152c52eb7eb677b7,qwen3_tts_customvoice:aiden,not_applicable:text_only_no_reference_audio,cuda:0,offline_text_only_final_materialization,16000,wav,synthesis_text_sha256=6c2a91862fcc5b82f39d963b6464e4559c61924432e36ccd5210da6972e608dd;reference_audio=forbidden;voice_cloning=false,1814729094,2026-08-16T01:00:00+06:00
qwen3_tts_customvoice_aiden_v4_final_salvage:91448bb29674d725f8e5,processed/v4/xlsr_sls_model_v4_final_salvage_materialization_v1/ru_spoof/dd/ddb8eee0fc8ec0948a1c86ccb7f389b25bf4f4e2479a344e2e6487684c94bb25.wav,769ed664cdc536c66f5a47db119f86f47004c16ddc7f5df26d3a0f625cb60c6f,test,spoof,ru,false,qwen3_tts_customvoice_aiden_v4_final_salvage:fixed-profile:qwen3_tts_0_6b_customvoice_aiden_q8_0,qwen3_tts_customvoice_aiden_v4_final_salvage,"Apache-2.0: Qwen CustomVoice and tokenizer model cards, cstr GGUF conversion cards, and CrispASR runtime release; permitted only for this project's personal-research scope with no training, calibration, product, re-hosting, verified-speaker or speaker-independence claim","One-shot local text-only derivative of frozen common_voice_ru_v24_v4_final_salvage text 39aa8dd5764bf9073a27ae082548e30e80a6872379bd888e470ec9fd107a6b02; no reference audio, cloning, resynthesis, replacement or backfill",qwen3_tts_customvoice_aiden_v4_final_salvage:synthetic-profile:qwen3_tts_0_6b_customvoice_aiden_q8_0,39aa8dd5764bf9073a27ae082548e30e80a6872379bd888e470ec9fd107a6b02,2d2f9d072fe595c5a9476d8126cee069139bcbea9a7c5c9ce5704aedfe8ab33e,10.0,qwen3_tts_customvoice_gguf,Qwen3-TTS 0.6B CustomVoice Q8_0 GGUF,talker-cstr-29094dcb46f19b0898616aa9aeb876aa9aa6e086-5227dcbc4df7c5533341d111cc469fa491a48e722b23dd10f553181b52dff2d9; codec-cstr-344e279551177654762e5c7d39e217834325f222-70dc95dbfdd9aa5d9d406236ff771d061bf17b0cda02a72513953355606e719b; crispasr-v0.8.28-99e990ae-c2413af7d5e70a166b74fe96f5afb6d7463f1414a5ac2dea7cd982da9f83f827; fixed-aiden; wrapper-f02d93fd7ee064539771a868c5033bc163bec1c94c838eb1152c52eb7eb677b7,qwen3_tts_customvoice:aiden,not_applicable:text_only_no_reference_audio,cuda:0,offline_text_only_final_materialization,16000,wav,synthesis_text_sha256=2d2f9d072fe595c5a9476d8126cee069139bcbea9a7c5c9ce5704aedfe8ab33e;reference_audio=forbidden;voice_cloning=false,758095111,2026-08-16T01:00:00+06:00
qwen3_tts_customvoice_aiden_v4_final_salvage:b5f09645f499383a24b6,processed/v4/xlsr_sls_model_v4_final_salvage_materialization_v1/ru_spoof/86/869b1eccf5840a6c578a63ee54109cd0832683098acef394941f7503948f5406.wav,629658fa10fae673ea074620526c5841f53d8f677ca4306116e22788788aeb9a,test,spoof,ru,false,qwen3_tts_customvoice_aiden_v4_final_salvage:fixed-profile:qwen3_tts_0_6b_customvoice_aiden_q8_0,qwen3_tts_customvoice_aiden_v4_final_salvage,"Apache-2.0: Qwen CustomVoice and tokenizer model cards, cstr GGUF conversion cards, and CrispASR runtime release; permitted only for this project's personal-research scope with no training, calibration, product, re-hosting, verified-speaker or speaker-independence claim","One-shot local text-only derivative of frozen common_voice_ru_v24_v4_final_salvage text 76dc00763bdd161f68828022d3db683e79a33ff66c14aaa9cfe08aa2238312df; no reference audio, cloning, resynthesis, replacement or backfill",qwen3_tts_customvoice_aiden_v4_final_salvage:synthetic-profile:qwen3_tts_0_6b_customvoice_aiden_q8_0,76dc00763bdd161f68828022d3db683e79a33ff66c14aaa9cfe08aa2238312df,f0f601d16fdcffdd60341661e55d59fc29deb02ee652820533c6af92a25f256c,3.76,qwen3_tts_customvoice_gguf,Qwen3-TTS 0.6B CustomVoice Q8_0 GGUF,talker-cstr-29094dcb46f19b0898616aa9aeb876aa9aa6e086-5227dcbc4df7c5533341d111cc469fa491a48e722b23dd10f553181b52dff2d9; codec-cstr-344e279551177654762e5c7d39e217834325f222-70dc95dbfdd9aa5d9d406236ff771d061bf17b0cda02a72513953355606e719b; crispasr-v0.8.28-99e990ae-c2413af7d5e70a166b74fe96f5afb6d7463f1414a5ac2dea7cd982da9f83f827; fixed-aiden; wrapper-f02d93fd7ee064539771a868c5033bc163bec1c94c838eb1152c52eb7eb677b7,qwen3_tts_customvoice:aiden,not_applicable:text_only_no_reference_audio,cuda:0,offline_text_only_final_materialization,16000,wav,synthesis_text_sha256=f0f601d16fdcffdd60341661e55d59fc29deb02ee652820533c6af92a25f256c;reference_audio=forbidden;voice_cloning=false,4042654161,2026-08-16T01:00:00+06:00
qwen3_tts_customvoice_aiden_v4_final_salvage:0277ecfc89076cd82d28,processed/v4/xlsr_sls_model_v4_final_salvage_materialization_v1/ru_spoof/6d/6df772ab693d4fe331b5cefe0e2398ef20d4b5c345f580a40fdbb005a42b8cd3.wav,1ba64cbe0fbe816128666c453f25dd3ae8ab0c3554547e0996a434ee164e430a,test,spoof,ru,false,qwen3_tts_customvoice_aiden_v4_final_salvage:fixed-profile:qwen3_tts_0_6b_customvoice_aiden_q8_0,qwen3_tts_customvoice_aiden_v4_final_salvage,"Apache-2.0: Qwen CustomVoice and tokenizer model cards, cstr GGUF conversion cards, and CrispASR runtime release; permitted only for this project's personal-research scope with no training, calibration, product, re-hosting, verified-speaker or speaker-independence claim","One-shot local text-only derivative of frozen common_voice_ru_v24_v4_final_salvage text 9d19a4216e963a65115db2beb6f5414fdc0c42f88595bd4bf23302e889dca959; no reference audio, cloning, resynthesis, replacement or backfill",qwen3_tts_customvoice_aiden_v4_final_salvage:synthetic-profile:qwen3_tts_0_6b_customvoice_aiden_q8_0,9d19a4216e963a65115db2beb6f5414fdc0c42f88595bd4bf23302e889dca959,01f688e2f9fecd08252b4a5b461d8bd37a6b2acb660c4b2ea5c24f43bd9c9a9f,5.76,qwen3_tts_customvoice_gguf,Qwen3-TTS 0.6B CustomVoice Q8_0 GGUF,talker-cstr-29094dcb46f19b0898616aa9aeb876aa9aa6e086-5227dcbc4df7c5533341d111cc469fa491a48e722b23dd10f553181b52dff2d9; codec-cstr-344e279551177654762e5c7d39e217834325f222-70dc95dbfdd9aa5d9d406236ff771d061bf17b0cda02a72513953355606e719b; crispasr-v0.8.28-99e990ae-c2413af7d5e70a166b74fe96f5afb6d7463f1414a5ac2dea7cd982da9f83f827; fixed-aiden; wrapper-f02d93fd7ee064539771a868c5033bc163bec1c94c838eb1152c52eb7eb677b7,qwen3_tts_customvoice:aiden,not_applicable:text_only_no_reference_audio,cuda:0,offline_text_only_final_materialization,16000,wav,synthesis_text_sha256=01f688e2f9fecd08252b4a5b461d8bd37a6b2acb660c4b2ea5c24f43bd9c9a9f;reference_audio=forbidden;voice_cloning=false,32934114,2026-08-16T01:00:00+06:00
qwen3_tts_customvoice_aiden_v4_final_salvage:2a4481b973e3f28c9f43,processed/v4/xlsr_sls_model_v4_final_salvage_materialization_v1/ru_spoof/ac/ac55db53378f989c269e9ddcdc231f350a86cead34d48e50ead82ac3588b3463.wav,2429ac9a1d2f2facee5ffb8b1b187c3e624969f392ec6bdaaed303548f5d023d,test,spoof,ru,false,qwen3_tts_customvoice_aiden_v4_final_salvage:fixed-profile:qwen3_tts_0_6b_customvoice_aiden_q8_0,qwen3_tts_customvoice_aiden_v4_final_salvage,"Apache-2.0: Qwen CustomVoice and tokenizer model cards, cstr GGUF conversion cards, and CrispASR runtime release; permitted only for this project's personal-research scope with no training, calibration, product, re-hosting, verified-speaker or speaker-independence claim","One-shot local text-only derivative of frozen common_voice_ru_v24_v4_final_salvage text 61af9323f2843a8d5f90377bc0a8077f15c56f4a5979b90be9c5d6c9be785661; no reference audio, cloning, resynthesis, replacement or backfill",qwen3_tts_customvoice_aiden_v4_final_salvage:synthetic-profile:qwen3_tts_0_6b_customvoice_aiden_q8_0,61af9323f2843a8d5f90377bc0a8077f15c56f4a5979b90be9c5d6c9be785661,97af791e02492525d42185801d72788e2b729e23825d5e365e286628f0e84471,6.24,qwen3_tts_customvoice_gguf,Qwen3-TTS 0.6B CustomVoice Q8_0 GGUF,talker-cstr-29094dcb46f19b0898616aa9aeb876aa9aa6e086-5227dcbc4df7c5533341d111cc469fa491a48e722b23dd10f553181b52dff2d9; codec-cstr-344e279551177654762e5c7d39e217834325f222-70dc95dbfdd9aa5d9d406236ff771d061bf17b0cda02a72513953355606e719b; crispasr-v0.8.28-99e990ae-c2413af7d5e70a166b74fe96f5afb6d7463f1414a5ac2dea7cd982da9f83f827; fixed-aiden; wrapper-f02d93fd7ee064539771a868c5033bc163bec1c94c838eb1152c52eb7eb677b7,qwen3_tts_customvoice:aiden,not_applicable:text_only_no_reference_audio,cuda:0,offline_text_only_final_materialization,16000,wav,synthesis_text_sha256=97af791e02492525d42185801d72788e2b729e23825d5e365e286628f0e84471;reference_audio=forbidden;voice_cloning=false,2544859422,2026-08-16T01:00:00+06:00
qwen3_tts_customvoice_aiden_v4_final_salvage:f8a15813cd9271b5e4ea,processed/v4/xlsr_sls_model_v4_final_salvage_materialization_v1/ru_spoof/54/54c3be12d89eff582ff9e063c2a1d9aeba82a2aab0abbabf150b0438d0c0ef36.wav,e21ffc875a065762e13107dde3ccd04d3647b7ed594783d7214e903ff776e920,test,spoof,ru,false,qwen3_tts_customvoice_aiden_v4_final_salvage:fixed-profile:qwen3_tts_0_6b_customvoice_aiden_q8_0,qwen3_tts_customvoice_aiden_v4_final_salvage,"Apache-2.0: Qwen CustomVoice and tokenizer model cards, cstr GGUF conversion cards, and CrispASR runtime release; permitted only for this project's personal-research scope with no training, calibration, product, re-hosting, verified-speaker or speaker-independence claim","One-shot local text-only derivative of frozen common_voice_ru_v24_v4_final_salvage text 8a601c695678e1de60228503bcb97d74ec48ef69515bcc47d97fadb026e34071; no reference audio, cloning, resynthesis, replacement or backfill",qwen3_tts_customvoice_aiden_v4_final_salvage:synthetic-profile:qwen3_tts_0_6b_customvoice_aiden_q8_0,8a601c695678e1de60228503bcb97d74ec48ef69515bcc47d97fadb026e34071,ac711f6ff64aa054b460542c669069c8c413689fe1bc1017624a7893052c1971,2.96,qwen3_tts_customvoice_gguf,Qwen3-TTS 0.6B CustomVoice Q8_0 GGUF,talker-cstr-29094dcb46f19b0898616aa9aeb876aa9aa6e086-5227dcbc4df7c5533341d111cc469fa491a48e722b23dd10f553181b52dff2d9; codec-cstr-344e279551177654762e5c7d39e217834325f222-70dc95dbfdd9aa5d9d406236ff771d061bf17b0cda02a72513953355606e719b; crispasr-v0.8.28-99e990ae-c2413af7d5e70a166b74fe96f5afb6d7463f1414a5ac2dea7cd982da9f83f827; fixed-aiden; wrapper-f02d93fd7ee064539771a868c5033bc163bec1c94c838eb1152c52eb7eb677b7,qwen3_tts_customvoice:aiden,not_applicable:text_only_no_reference_audio,cuda:0,offline_text_only_final_materialization,16000,wav,synthesis_text_sha256=ac711f6ff64aa054b460542c669069c8c413689fe1bc1017624a7893052c1971;reference_audio=forbidden;voice_cloning=false,2893094767,2026-08-16T01:00:00+06:00
qwen3_tts_customvoice_aiden_v4_final_salvage:62e834f2f11b38b48f9d,processed/v4/xlsr_sls_model_v4_final_salvage_materialization_v1/ru_spoof/a0/a00a1437d613eae341cc963cf85661934c365a3486f5316c02993c5b7de10b9b.wav,cde82573310718d3508de0168df2058b038ffd5fd8c30bda2b5d7e86ec3bb4e2,test,spoof,ru,false,qwen3_tts_customvoice_aiden_v4_final_salvage:fixed-profile:qwen3_tts_0_6b_customvoice_aiden_q8_0,qwen3_tts_customvoice_aiden_v4_final_salvage,"Apache-2.0: Qwen CustomVoice and tokenizer model cards, cstr GGUF conversion cards, and CrispASR runtime release; permitted only for this project's personal-research scope with no training, calibration, product, re-hosting, verified-speaker or speaker-independence claim","One-shot local text-only derivative of frozen common_voice_ru_v24_v4_final_salvage text e2ec1f2ae6934c3ec5247ff8d6ce84405cb65711f2613a927a3db492a9f7fb7e; no reference audio, cloning, resynthesis, replacement or backfill",qwen3_tts_customvoice_aiden_v4_final_salvage:synthetic-profile:qwen3_tts_0_6b_customvoice_aiden_q8_0,e2ec1f2ae6934c3ec5247ff8d6ce84405cb65711f2613a927a3db492a9f7fb7e,975f42f64a64692be84c5bd38197c17f769e66feddcdf95391229b561569b30f,5.44,qwen3_tts_customvoice_gguf,Qwen3-TTS 0.6B CustomVoice Q8_0 GGUF,talker-cstr-29094dcb46f19b0898616aa9aeb876aa9aa6e086-5227dcbc4df7c5533341d111cc469fa491a48e722b23dd10f553181b52dff2d9; codec-cstr-344e279551177654762e5c7d39e217834325f222-70dc95dbfdd9aa5d9d406236ff771d061bf17b0cda02a72513953355606e719b; crispasr-v0.8.28-99e990ae-c2413af7d5e70a166b74fe96f5afb6d7463f1414a5ac2dea7cd982da9f83f827; fixed-aiden; wrapper-f02d93fd7ee064539771a868c5033bc163bec1c94c838eb1152c52eb7eb677b7,qwen3_tts_customvoice:aiden,not_applicable:text_only_no_reference_audio,cuda:0,offline_text_only_final_materialization,16000,wav,synthesis_text_sha256=975f42f64a64692be84c5bd38197c17f769e66feddcdf95391229b561569b30f;reference_audio=forbidden;voice_cloning=false,2539602678,2026-08-16T01:00:00+06:00
qwen3_tts_customvoice_aiden_v4_final_salvage:4f713d18f75557afe049,processed/v4/xlsr_sls_model_v4_final_salvage_materialization_v1/ru_spoof/76/7671cceb51b742a10f03707fcb8c82d53312311beab2683beec52f3fd831ef54.wav,d2232b325b7f8b3f7259af03fc5ba24ee7f281b7d99a3215893deaec3c52741a,test,spoof,ru,false,qwen3_tts_customvoice_aiden_v4_final_salvage:fixed-profile:qwen3_tts_0_6b_customvoice_aiden_q8_0,qwen3_tts_customvoice_aiden_v4_final_salvage,"Apache-2.0: Qwen CustomVoice and tokenizer model cards, cstr GGUF conversion cards, and CrispASR runtime release; permitted only for this project's personal-research scope with no training, calibration, product, re-hosting, verified-speaker or speaker-independence claim","One-shot local text-only derivative of frozen common_voice_ru_v24_v4_final_salvage text d23dc9b62b7af9557f1d17304fed4ec92737fd6e7f3ecd5c03af842fbb07ca66; no reference audio, cloning, resynthesis, replacement or backfill",qwen3_tts_customvoice_aiden_v4_final_salvage:synthetic-profile:qwen3_tts_0_6b_customvoice_aiden_q8_0,d23dc9b62b7af9557f1d17304fed4ec92737fd6e7f3ecd5c03af842fbb07ca66,70cb505d89e20e9792897894680a6a21056e1abe388a20ec156b7c84b1c734a9,3.92,qwen3_tts_customvoice_gguf,Qwen3-TTS 0.6B CustomVoice Q8_0 GGUF,talker-cstr-29094dcb46f19b0898616aa9aeb876aa9aa6e086-5227dcbc4df7c5533341d111cc469fa491a48e722b23dd10f553181b52dff2d9; codec-cstr-344e279551177654762e5c7d39e217834325f222-70dc95dbfdd9aa5d9d406236ff771d061bf17b0cda02a72513953355606e719b; crispasr-v0.8.28-99e990ae-c2413af7d5e70a166b74fe96f5afb6d7463f1414a5ac2dea7cd982da9f83f827; fixed-aiden; wrapper-f02d93fd7ee064539771a868c5033bc163bec1c94c838eb1152c52eb7eb677b7,qwen3_tts_customvoice:aiden,not_applicable:text_only_no_reference_audio,cuda:0,offline_text_only_final_materialization,16000,wav,synthesis_text_sha256=70cb505d89e20e9792897894680a6a21056e1abe388a20ec156b7c84b1c734a9;reference_audio=forbidden;voice_cloning=false,1892372573,2026-08-16T01:00:00+06:00
qwen3_tts_customvoice_aiden_v4_final_salvage:f5be6eda719a94efac62,processed/v4/xlsr_sls_model_v4_final_salvage_materialization_v1/ru_spoof/b7/b757ca927f65094c0aca8533de397c221561c8c2cfc94a8293f884ac3ac84d0b.wav,af16a9950242bf7c27e38a48455c8c119e3feb1051a70cf019fd8dfd8b7c3999,test,spoof,ru,false,qwen3_tts_customvoice_aiden_v4_final_salvage:fixed-profile:qwen3_tts_0_6b_customvoice_aiden_q8_0,qwen3_tts_customvoice_aiden_v4_final_salvage,"Apache-2.0: Qwen CustomVoice and tokenizer model cards, cstr GGUF conversion cards, and CrispASR runtime release; permitted only for this project's personal-research scope with no training, calibration, product, re-hosting, verified-speaker or speaker-independence claim","One-shot local text-only derivative of frozen common_voice_ru_v24_v4_final_salvage text 39124e75aaf686d21d30c8e44dda32c73143dcaf42de31e5888b02052066611d; no reference audio, cloning, resynthesis, replacement or backfill",qwen3_tts_customvoice_aiden_v4_final_salvage:synthetic-profile:qwen3_tts_0_6b_customvoice_aiden_q8_0,39124e75aaf686d21d30c8e44dda32c73143dcaf42de31e5888b02052066611d,8567c2e1d180b8e3009aba75242541a49c3e3cc39bf75b4ba42b3eefa4fc88c1,4.32,qwen3_tts_customvoice_gguf,Qwen3-TTS 0.6B CustomVoice Q8_0 GGUF,talker-cstr-29094dcb46f19b0898616aa9aeb876aa9aa6e086-5227dcbc4df7c5533341d111cc469fa491a48e722b23dd10f553181b52dff2d9; codec-cstr-344e279551177654762e5c7d39e217834325f222-70dc95dbfdd9aa5d9d406236ff771d061bf17b0cda02a72513953355606e719b; crispasr-v0.8.28-99e990ae-c2413af7d5e70a166b74fe96f5afb6d7463f1414a5ac2dea7cd982da9f83f827; fixed-aiden; wrapper-f02d93fd7ee064539771a868c5033bc163bec1c94c838eb1152c52eb7eb677b7,qwen3_tts_customvoice:aiden,not_applicable:text_only_no_reference_audio,cuda:0,offline_text_only_final_materialization,16000,wav,synthesis_text_sha256=8567c2e1d180b8e3009aba75242541a49c3e3cc39bf75b4ba42b3eefa4fc88c1;reference_audio=forbidden;voice_cloning=false,2238169825,2026-08-16T01:00:00+06:00
qwen3_tts_customvoice_aiden_v4_final_salvage:9657eaca0bff23c0d825,processed/v4/xlsr_sls_model_v4_final_salvage_materialization_v1/ru_spoof/1a/1aca172376cac76822a63891661fdf61983f33c9ef2a7c5513aa004ec9d3afc1.wav,d14120a5e49278d65675bf3b9ca00202cec6e1f66e7ba8cc07b338457eabe40e,test,spoof,ru,false,qwen3_tts_customvoice_aiden_v4_final_salvage:fixed-profile:qwen3_tts_0_6b_customvoice_aiden_q8_0,qwen3_tts_customvoice_aiden_v4_final_salvage,"Apache-2.0: Qwen CustomVoice and tokenizer model cards, cstr GGUF conversion cards, and CrispASR runtime release; permitted only for this project's personal-research scope with no training, calibration, product, re-hosting, verified-speaker or speaker-independence claim","One-shot local text-only derivative of frozen common_voice_ru_v24_v4_final_salvage text cf2be1ceccd5f617598a8e0fb28409c08025342ca13b90b93789931fcf812373; no reference audio, cloning, resynthesis, replacement or backfill",qwen3_tts_customvoice_aiden_v4_final_salvage:synthetic-profile:qwen3_tts_0_6b_customvoice_aiden_q8_0,cf2be1ceccd5f617598a8e0fb28409c08025342ca13b90b93789931fcf812373,36995920223fa298e804843280691ec58d9d76d2ea691a7e6ef0d7435494339d,6.0,qwen3_tts_customvoice_gguf,Qwen3-TTS 0.6B CustomVoice Q8_0 GGUF,talker-cstr-29094dcb46f19b0898616aa9aeb876aa9aa6e086-5227dcbc4df7c5533341d111cc469fa491a48e722b23dd10f553181b52dff2d9; codec-cstr-344e279551177654762e5c7d39e217834325f222-70dc95dbfdd9aa5d9d406236ff771d061bf17b0cda02a72513953355606e719b; crispasr-v0.8.28-99e990ae-c2413af7d5e70a166b74fe96f5afb6d7463f1414a5ac2dea7cd982da9f83f827; fixed-aiden; wrapper-f02d93fd7ee064539771a868c5033bc163bec1c94c838eb1152c52eb7eb677b7,qwen3_tts_customvoice:aiden,not_applicable:text_only_no_reference_audio,cuda:0,offline_text_only_final_materialization,16000,wav,synthesis_text_sha256=36995920223fa298e804843280691ec58d9d76d2ea691a7e6ef0d7435494339d;reference_audio=forbidden;voice_cloning=false,916019488,2026-08-16T01:00:00+06:00
qwen3_tts_customvoice_aiden_v4_final_salvage:9e1cef7b89bf6d1b03f7,processed/v4/xlsr_sls_model_v4_final_salvage_materialization_v1/ru_spoof/68/680f1236cf35249bee3f344005afb20f73b9e068638d4151ac51ac8721e82752.wav,235b18728f569f07986a0404cf21e1542b8ccf822870458ad2c9ee8672721704,test,spoof,ru,false,qwen3_tts_customvoice_aiden_v4_final_salvage:fixed-profile:qwen3_tts_0_6b_customvoice_aiden_q8_0,qwen3_tts_customvoice_aiden_v4_final_salvage,"Apache-2.0: Qwen CustomVoice and tokenizer model cards, cstr GGUF conversion cards, and CrispASR runtime release; permitted only for this project's personal-research scope with no training, calibration, product, re-hosting, verified-speaker or speaker-independence claim","One-shot local text-only derivative of frozen common_voice_ru_v24_v4_final_salvage text 9bb15a01f7afc18a49ef1d0b9aeaddb7ae589148be0592b8dcbf98a58bc9f86c; no reference audio, cloning, resynthesis, replacement or backfill",qwen3_tts_customvoice_aiden_v4_final_salvage:synthetic-profile:qwen3_tts_0_6b_customvoice_aiden_q8_0,9bb15a01f7afc18a49ef1d0b9aeaddb7ae589148be0592b8dcbf98a58bc9f86c,3be19e1bec91e9dd76e4566a9f7a1796e9a7ca83fa1d8dd6b5e57f12b8591145,5.28,qwen3_tts_customvoice_gguf,Qwen3-TTS 0.6B CustomVoice Q8_0 GGUF,talker-cstr-29094dcb46f19b0898616aa9aeb876aa9aa6e086-5227dcbc4df7c5533341d111cc469fa491a48e722b23dd10f553181b52dff2d9; codec-cstr-344e279551177654762e5c7d39e217834325f222-70dc95dbfdd9aa5d9d406236ff771d061bf17b0cda02a72513953355606e719b; crispasr-v0.8.28-99e990ae-c2413af7d5e70a166b74fe96f5afb6d7463f1414a5ac2dea7cd982da9f83f827; fixed-aiden; wrapper-f02d93fd7ee064539771a868c5033bc163bec1c94c838eb1152c52eb7eb677b7,qwen3_tts_customvoice:aiden,not_applicable:text_only_no_reference_audio,cuda:0,offline_text_only_final_materialization,16000,wav,synthesis_text_sha256=3be19e1bec91e9dd76e4566a9f7a1796e9a7ca83fa1d8dd6b5e57f12b8591145;reference_audio=forbidden;voice_cloning=false,1004641819,2026-08-16T01:00:00+06:00
qwen3_tts_customvoice_aiden_v4_final_salvage:e171d294da90f9073ad8,processed/v4/xlsr_sls_model_v4_final_salvage_materialization_v1/ru_spoof/b7/b7df85ab70f076541f4aa8e9134fed171c098c9cbcd03e6d20481f2f37a94b25.wav,dfb5b80f34b7f97b8cbe7aa0a8a89ecf24669e24591ad69070956a37267451ba,test,spoof,ru,false,qwen3_tts_customvoice_aiden_v4_final_salvage:fixed-profile:qwen3_tts_0_6b_customvoice_aiden_q8_0,qwen3_tts_customvoice_aiden_v4_final_salvage,"Apache-2.0: Qwen CustomVoice and tokenizer model cards, cstr GGUF conversion cards, and CrispASR runtime release; permitted only for this project's personal-research scope with no training, calibration, product, re-hosting, verified-speaker or speaker-independence claim","One-shot local text-only derivative of frozen common_voice_ru_v24_v4_final_salvage text 97a3bbb5b41a3f0752ec96bed54b50109cb518c35f3101aeff322b582a4e7eca; no reference audio, cloning, resynthesis, replacement or backfill",qwen3_tts_customvoice_aiden_v4_final_salvage:synthetic-profile:qwen3_tts_0_6b_customvoice_aiden_q8_0,97a3bbb5b41a3f0752ec96bed54b50109cb518c35f3101aeff322b582a4e7eca,ad4c4a5a17b3db738dd2db3d8c319e13281aaa42cda2313a4f03b29f397e32be,5.84,qwen3_tts_customvoice_gguf,Qwen3-TTS 0.6B CustomVoice Q8_0 GGUF,talker-cstr-29094dcb46f19b0898616aa9aeb876aa9aa6e086-5227dcbc4df7c5533341d111cc469fa491a48e722b23dd10f553181b52dff2d9; codec-cstr-344e279551177654762e5c7d39e217834325f222-70dc95dbfdd9aa5d9d406236ff771d061bf17b0cda02a72513953355606e719b; crispasr-v0.8.28-99e990ae-c2413af7d5e70a166b74fe96f5afb6d7463f1414a5ac2dea7cd982da9f83f827; fixed-aiden; wrapper-f02d93fd7ee064539771a868c5033bc163bec1c94c838eb1152c52eb7eb677b7,qwen3_tts_customvoice:aiden,not_applicable:text_only_no_reference_audio,cuda:0,offline_text_only_final_materialization,16000,wav,synthesis_text_sha256=ad4c4a5a17b3db738dd2db3d8c319e13281aaa42cda2313a4f03b29f397e32be;reference_audio=forbidden;voice_cloning=false,2907458138,2026-08-16T01:00:00+06:00
qwen3_tts_customvoice_aiden_v4_final_salvage:118a6373501cfdb1e91a,processed/v4/xlsr_sls_model_v4_final_salvage_materialization_v1/ru_spoof/c2/c2e66c5bc522af4b7eb4b6a5305bcf9325579a46c7e86f19260775a845afb1f9.wav,1871760c6a4a08fe183467dce9f3891bebd302de15d9959ca4ff8b73130d91bf,test,spoof,ru,false,qwen3_tts_customvoice_aiden_v4_final_salvage:fixed-profile:qwen3_tts_0_6b_customvoice_aiden_q8_0,qwen3_tts_customvoice_aiden_v4_final_salvage,"Apache-2.0: Qwen CustomVoice and tokenizer model cards, cstr GGUF conversion cards, and CrispASR runtime release; permitted only for this project's personal-research scope with no training, calibration, product, re-hosting, verified-speaker or speaker-independence claim","One-shot local text-only derivative of frozen common_voice_ru_v24_v4_final_salvage text 0e94d3fcdae9522be9a7214863ce3530b2f70fc6426f12be7f931a3dbcc33423; no reference audio, cloning, resynthesis, replacement or backfill",qwen3_tts_customvoice_aiden_v4_final_salvage:synthetic-profile:qwen3_tts_0_6b_customvoice_aiden_q8_0,0e94d3fcdae9522be9a7214863ce3530b2f70fc6426f12be7f931a3dbcc33423,545faed396315c069eb99902896043ba6c36791e89c3b30ba6584f1bb71eff51,3.76,qwen3_tts_customvoice_gguf,Qwen3-TTS 0.6B CustomVoice Q8_0 GGUF,talker-cstr-29094dcb46f19b0898616aa9aeb876aa9aa6e086-5227dcbc4df7c5533341d111cc469fa491a48e722b23dd10f553181b52dff2d9; codec-cstr-344e279551177654762e5c7d39e217834325f222-70dc95dbfdd9aa5d9d406236ff771d061bf17b0cda02a72513953355606e719b; crispasr-v0.8.28-99e990ae-c2413af7d5e70a166b74fe96f5afb6d7463f1414a5ac2dea7cd982da9f83f827; fixed-aiden; wrapper-f02d93fd7ee064539771a868c5033bc163bec1c94c838eb1152c52eb7eb677b7,qwen3_tts_customvoice:aiden,not_applicable:text_only_no_reference_audio,cuda:0,offline_text_only_final_materialization,16000,wav,synthesis_text_sha256=545faed396315c069eb99902896043ba6c36791e89c3b30ba6584f1bb71eff51;reference_audio=forbidden;voice_cloning=false,1415556819,2026-08-16T01:00:00+06:00
qwen3_tts_customvoice_aiden_v4_final_salvage:b0517c07de1c569415ce,processed/v4/xlsr_sls_model_v4_final_salvage_materialization_v1/ru_spoof/c1/c136f0dd978a88037215eb3cfe14d648a8df598c1cab6b7360bf7e0b881e631a.wav,2fd949ed957d70a1e4ab71f991a63ecda5d180eb04d642194cdfc205c8505040,test,spoof,ru,false,qwen3_tts_customvoice_aiden_v4_final_salvage:fixed-profile:qwen3_tts_0_6b_customvoice_aiden_q8_0,qwen3_tts_customvoice_aiden_v4_final_salvage,"Apache-2.0: Qwen CustomVoice and tokenizer model cards, cstr GGUF conversion cards, and CrispASR runtime release; permitted only for this project's personal-research scope with no training, calibration, product, re-hosting, verified-speaker or speaker-independence claim","One-shot local text-only derivative of frozen common_voice_ru_v24_v4_final_salvage text f38df965bd4581110cfc1625d7ebd1a585d20db332d39d53872997e5b88a985a; no reference audio, cloning, resynthesis, replacement or backfill",qwen3_tts_customvoice_aiden_v4_final_salvage:synthetic-profile:qwen3_tts_0_6b_customvoice_aiden_q8_0,f38df965bd4581110cfc1625d7ebd1a585d20db332d39d53872997e5b88a985a,5d6af1642c3d4017e23c0877268196874c57b1185b27f4ede45d30c2f7356727,6.48,qwen3_tts_customvoice_gguf,Qwen3-TTS 0.6B CustomVoice Q8_0 GGUF,talker-cstr-29094dcb46f19b0898616aa9aeb876aa9aa6e086-5227dcbc4df7c5533341d111cc469fa491a48e722b23dd10f553181b52dff2d9; codec-cstr-344e279551177654762e5c7d39e217834325f222-70dc95dbfdd9aa5d9d406236ff771d061bf17b0cda02a72513953355606e719b; crispasr-v0.8.28-99e990ae-c2413af7d5e70a166b74fe96f5afb6d7463f1414a5ac2dea7cd982da9f83f827; fixed-aiden; wrapper-f02d93fd7ee064539771a868c5033bc163bec1c94c838eb1152c52eb7eb677b7,qwen3_tts_customvoice:aiden,not_applicable:text_only_no_reference_audio,cuda:0,offline_text_only_final_materialization,16000,wav,synthesis_text_sha256=5d6af1642c3d4017e23c0877268196874c57b1185b27f4ede45d30c2f7356727;reference_audio=forbidden;voice_cloning=false,1567289700,2026-08-16T01:00:00+06:00
qwen3_tts_customvoice_aiden_v4_final_salvage:fc96395ff65b55cb50ec,processed/v4/xlsr_sls_model_v4_final_salvage_materialization_v1/ru_spoof/cd/cd12dabf4126ea6ddac99096f6f6f74a85842cd14361484990defc4e16f0e774.wav,b542b5655d3bd91f971c64ee5de840989941a8b079bfdb9134e875c640a2b1a3,test,spoof,ru,false,qwen3_tts_customvoice_aiden_v4_final_salvage:fixed-profile:qwen3_tts_0_6b_customvoice_aiden_q8_0,qwen3_tts_customvoice_aiden_v4_final_salvage,"Apache-2.0: Qwen CustomVoice and tokenizer model cards, cstr GGUF conversion cards, and CrispASR runtime release; permitted only for this project's personal-research scope with no training, calibration, product, re-hosting, verified-speaker or speaker-independence claim","One-shot local text-only derivative of frozen common_voice_ru_v24_v4_final_salvage text c57dea0e3f314ba236a6a67f1aff5ab1abc5ab9e7d2b4de56463180e61954258; no reference audio, cloning, resynthesis, replacement or backfill",qwen3_tts_customvoice_aiden_v4_final_salvage:synthetic-profile:qwen3_tts_0_6b_customvoice_aiden_q8_0,c57dea0e3f314ba236a6a67f1aff5ab1abc5ab9e7d2b4de56463180e61954258,79b77b475df7e6688161d098bc13e62168a9dc2c854ef95f484747711f0d10ce,4.64,qwen3_tts_customvoice_gguf,Qwen3-TTS 0.6B CustomVoice Q8_0 GGUF,talker-cstr-29094dcb46f19b0898616aa9aeb876aa9aa6e086-5227dcbc4df7c5533341d111cc469fa491a48e722b23dd10f553181b52dff2d9; codec-cstr-344e279551177654762e5c7d39e217834325f222-70dc95dbfdd9aa5d9d406236ff771d061bf17b0cda02a72513953355606e719b; crispasr-v0.8.28-99e990ae-c2413af7d5e70a166b74fe96f5afb6d7463f1414a5ac2dea7cd982da9f83f827; fixed-aiden; wrapper-f02d93fd7ee064539771a868c5033bc163bec1c94c838eb1152c52eb7eb677b7,qwen3_tts_customvoice:aiden,not_applicable:text_only_no_reference_audio,cuda:0,offline_text_only_final_materialization,16000,wav,synthesis_text_sha256=79b77b475df7e6688161d098bc13e62168a9dc2c854ef95f484747711f0d10ce;reference_audio=forbidden;voice_cloning=false,2042067783,2026-08-16T01:00:00+06:00
qwen3_tts_customvoice_aiden_v4_final_salvage:f931826a221ef899f8ae,processed/v4/xlsr_sls_model_v4_final_salvage_materialization_v1/ru_spoof/30/304a5f0a3810b225ae48369f3bd0a28abdb20047a2ed74140c2e4b71280319aa.wav,a877e3f7e272b07af7961fa00e61a03f4eb563e348e8d3268b999619ccd5b894,test,spoof,ru,false,qwen3_tts_customvoice_aiden_v4_final_salvage:fixed-profile:qwen3_tts_0_6b_customvoice_aiden_q8_0,qwen3_tts_customvoice_aiden_v4_final_salvage,"Apache-2.0: Qwen CustomVoice and tokenizer model cards, cstr GGUF conversion cards, and CrispASR runtime release; permitted only for this project's personal-research scope with no training, calibration, product, re-hosting, verified-speaker or speaker-independence claim","One-shot local text-only derivative of frozen common_voice_ru_v24_v4_final_salvage text ec6da8139b0069a8ab38642839b79f9e069ce31b671e29932d91ba626f359737; no reference audio, cloning, resynthesis, replacement or backfill",qwen3_tts_customvoice_aiden_v4_final_salvage:synthetic-profile:qwen3_tts_0_6b_customvoice_aiden_q8_0,ec6da8139b0069a8ab38642839b79f9e069ce31b671e29932d91ba626f359737,c25668df2896531277761eb2571c685ba891a14b308016fb84f90441795514fa,5.68,qwen3_tts_customvoice_gguf,Qwen3-TTS 0.6B CustomVoice Q8_0 GGUF,talker-cstr-29094dcb46f19b0898616aa9aeb876aa9aa6e086-5227dcbc4df7c5533341d111cc469fa491a48e722b23dd10f553181b52dff2d9; codec-cstr-344e279551177654762e5c7d39e217834325f222-70dc95dbfdd9aa5d9d406236ff771d061bf17b0cda02a72513953355606e719b; crispasr-v0.8.28-99e990ae-c2413af7d5e70a166b74fe96f5afb6d7463f1414a5ac2dea7cd982da9f83f827; fixed-aiden; wrapper-f02d93fd7ee064539771a868c5033bc163bec1c94c838eb1152c52eb7eb677b7,qwen3_tts_customvoice:aiden,not_applicable:text_only_no_reference_audio,cuda:0,offline_text_only_final_materialization,16000,wav,synthesis_text_sha256=c25668df2896531277761eb2571c685ba891a14b308016fb84f90441795514fa;reference_audio=forbidden;voice_cloning=false,3260442847,2026-08-16T01:00:00+06:00
qwen3_tts_customvoice_aiden_v4_final_salvage:3993d5aae0ef7fae972c,processed/v4/xlsr_sls_model_v4_final_salvage_materialization_v1/ru_spoof/ab/abe914a0ec3b5c9bbe81848bf77682df44d5eb36a09968e4ee6c5472fcc3fef0.wav,ede8a74533fc1150a3b2197e7395db1f0ac8cd6022dfb86bd9843dddb458a4b2,test,spoof,ru,false,qwen3_tts_customvoice_aiden_v4_final_salvage:fixed-profile:qwen3_tts_0_6b_customvoice_aiden_q8_0,qwen3_tts_customvoice_aiden_v4_final_salvage,"Apache-2.0: Qwen CustomVoice and tokenizer model cards, cstr GGUF conversion cards, and CrispASR runtime release; permitted only for this project's personal-research scope with no training, calibration, product, re-hosting, verified-speaker or speaker-independence claim","One-shot local text-only derivative of frozen common_voice_ru_v24_v4_final_salvage text 0dcba05ff64bcfc9892ca0129d8481d8146b2b31848b046ef71c76c911f3e844; no reference audio, cloning, resynthesis, replacement or backfill",qwen3_tts_customvoice_aiden_v4_final_salvage:synthetic-profile:qwen3_tts_0_6b_customvoice_aiden_q8_0,0dcba05ff64bcfc9892ca0129d8481d8146b2b31848b046ef71c76c911f3e844,3421ca16b2a7184a8b62ff2dd98b38d8e2f524028d700e0a41299a492988c4ca,7.76,qwen3_tts_customvoice_gguf,Qwen3-TTS 0.6B CustomVoice Q8_0 GGUF,talker-cstr-29094dcb46f19b0898616aa9aeb876aa9aa6e086-5227dcbc4df7c5533341d111cc469fa491a48e722b23dd10f553181b52dff2d9; codec-cstr-344e279551177654762e5c7d39e217834325f222-70dc95dbfdd9aa5d9d406236ff771d061bf17b0cda02a72513953355606e719b; crispasr-v0.8.28-99e990ae-c2413af7d5e70a166b74fe96f5afb6d7463f1414a5ac2dea7cd982da9f83f827; fixed-aiden; wrapper-f02d93fd7ee064539771a868c5033bc163bec1c94c838eb1152c52eb7eb677b7,qwen3_tts_customvoice:aiden,not_applicable:text_only_no_reference_audio,cuda:0,offline_text_only_final_materialization,16000,wav,synthesis_text_sha256=3421ca16b2a7184a8b62ff2dd98b38d8e2f524028d700e0a41299a492988c4ca;reference_audio=forbidden;voice_cloning=false,874629654,2026-08-16T01:00:00+06:00
qwen3_tts_customvoice_aiden_v4_final_salvage:3842be8acf62e5d1aaec,processed/v4/xlsr_sls_model_v4_final_salvage_materialization_v1/ru_spoof/55/55b52724e8c1ae7fff34e1f5221f93ff8ddad53f8db9b194778489c11608f38a.wav,d8b32d47bcc067d49421dd82b184ff81ea1e6271f732d37a07ad5484b8c0421c,test,spoof,ru,false,qwen3_tts_customvoice_aiden_v4_final_salvage:fixed-profile:qwen3_tts_0_6b_customvoice_aiden_q8_0,qwen3_tts_customvoice_aiden_v4_final_salvage,"Apache-2.0: Qwen CustomVoice and tokenizer model cards, cstr GGUF conversion cards, and CrispASR runtime release; permitted only for this project's personal-research scope with no training, calibration, product, re-hosting, verified-speaker or speaker-independence claim","One-shot local text-only derivative of frozen common_voice_ru_v24_v4_final_salvage text a80580e65a6f587403e908ae7012243cb2926a9ed7f5ce3675222f78f0d8964f; no reference audio, cloning, resynthesis, replacement or backfill",qwen3_tts_customvoice_aiden_v4_final_salvage:synthetic-profile:qwen3_tts_0_6b_customvoice_aiden_q8_0,a80580e65a6f587403e908ae7012243cb2926a9ed7f5ce3675222f78f0d8964f,897da9456558a58516e6d4fe2ce4bf2f533a26b7f9d78e6f1026b523c3f5b448,3.2,qwen3_tts_customvoice_gguf,Qwen3-TTS 0.6B CustomVoice Q8_0 GGUF,talker-cstr-29094dcb46f19b0898616aa9aeb876aa9aa6e086-5227dcbc4df7c5533341d111cc469fa491a48e722b23dd10f553181b52dff2d9; codec-cstr-344e279551177654762e5c7d39e217834325f222-70dc95dbfdd9aa5d9d406236ff771d061bf17b0cda02a72513953355606e719b; crispasr-v0.8.28-99e990ae-c2413af7d5e70a166b74fe96f5afb6d7463f1414a5ac2dea7cd982da9f83f827; fixed-aiden; wrapper-f02d93fd7ee064539771a868c5033bc163bec1c94c838eb1152c52eb7eb677b7,qwen3_tts_customvoice:aiden,not_applicable:text_only_no_reference_audio,cuda:0,offline_text_only_final_materialization,16000,wav,synthesis_text_sha256=897da9456558a58516e6d4fe2ce4bf2f533a26b7f9d78e6f1026b523c3f5b448;reference_audio=forbidden;voice_cloning=false,2306713925,2026-08-16T01:00:00+06:00
qwen3_tts_customvoice_aiden_v4_final_salvage:e7672ea7589fb3de2043,processed/v4/xlsr_sls_model_v4_final_salvage_materialization_v1/ru_spoof/35/355d33d058ebf7b87e4d15716176862591687be02fb0eee989441c6420c4a9f0.wav,9a0f85cc2e55ae9dea24ca594ca3d0134e8ddf42312a9a476eaf10e5ff71dc03,test,spoof,ru,false,qwen3_tts_customvoice_aiden_v4_final_salvage:fixed-profile:qwen3_tts_0_6b_customvoice_aiden_q8_0,qwen3_tts_customvoice_aiden_v4_final_salvage,"Apache-2.0: Qwen CustomVoice and tokenizer model cards, cstr GGUF conversion cards, and CrispASR runtime release; permitted only for this project's personal-research scope with no training, calibration, product, re-hosting, verified-speaker or speaker-independence claim","One-shot local text-only derivative of frozen common_voice_ru_v24_v4_final_salvage text 1f042b24a965a8fa3e3fcf06dbe90757f7a0d26a3b0c99c36a637128d5ecf6e3; no reference audio, cloning, resynthesis, replacement or backfill",qwen3_tts_customvoice_aiden_v4_final_salvage:synthetic-profile:qwen3_tts_0_6b_customvoice_aiden_q8_0,1f042b24a965a8fa3e3fcf06dbe90757f7a0d26a3b0c99c36a637128d5ecf6e3,b0b99846e5306ad0c2c6ef67406d85f798df6a6704d846b0dfdcdccdf45b58b4,4.72,qwen3_tts_customvoice_gguf,Qwen3-TTS 0.6B CustomVoice Q8_0 GGUF,talker-cstr-29094dcb46f19b0898616aa9aeb876aa9aa6e086-5227dcbc4df7c5533341d111cc469fa491a48e722b23dd10f553181b52dff2d9; codec-cstr-344e279551177654762e5c7d39e217834325f222-70dc95dbfdd9aa5d9d406236ff771d061bf17b0cda02a72513953355606e719b; crispasr-v0.8.28-99e990ae-c2413af7d5e70a166b74fe96f5afb6d7463f1414a5ac2dea7cd982da9f83f827; fixed-aiden; wrapper-f02d93fd7ee064539771a868c5033bc163bec1c94c838eb1152c52eb7eb677b7,qwen3_tts_customvoice:aiden,not_applicable:text_only_no_reference_audio,cuda:0,offline_text_only_final_materialization,16000,wav,synthesis_text_sha256=b0b99846e5306ad0c2c6ef67406d85f798df6a6704d846b0dfdcdccdf45b58b4;reference_audio=forbidden;voice_cloning=false,2964953158,2026-08-16T01:00:00+06:00
qwen3_tts_customvoice_aiden_v4_final_salvage:739a28072f19e80a194e,processed/v4/xlsr_sls_model_v4_final_salvage_materialization_v1/ru_spoof/ce/ce30f5b4969bcd89461839314cb16ae5a1f8386f86420cba82146442006cb65f.wav,ac0098412d4d90f7f9c78abc3f3f46afcae23b041f765dd1fe9c56fe572b2ebe,test,spoof,ru,false,qwen3_tts_customvoice_aiden_v4_final_salvage:fixed-profile:qwen3_tts_0_6b_customvoice_aiden_q8_0,qwen3_tts_customvoice_aiden_v4_final_salvage,"Apache-2.0: Qwen CustomVoice and tokenizer model cards, cstr GGUF conversion cards, and CrispASR runtime release; permitted only for this project's personal-research scope with no training, calibration, product, re-hosting, verified-speaker or speaker-independence claim","One-shot local text-only derivative of frozen common_voice_ru_v24_v4_final_salvage text 7f6586343a7f8b217154909b40c43aa9796d2c61fbf3a5f0f165531a23d1ab12; no reference audio, cloning, resynthesis, replacement or backfill",qwen3_tts_customvoice_aiden_v4_final_salvage:synthetic-profile:qwen3_tts_0_6b_customvoice_aiden_q8_0,7f6586343a7f8b217154909b40c43aa9796d2c61fbf3a5f0f165531a23d1ab12,b695bb85ff9dab37d1c08b858fa8ba9a0c44689bddb3dbb840d08352656b626e,7.04,qwen3_tts_customvoice_gguf,Qwen3-TTS 0.6B CustomVoice Q8_0 GGUF,talker-cstr-29094dcb46f19b0898616aa9aeb876aa9aa6e086-5227dcbc4df7c5533341d111cc469fa491a48e722b23dd10f553181b52dff2d9; codec-cstr-344e279551177654762e5c7d39e217834325f222-70dc95dbfdd9aa5d9d406236ff771d061bf17b0cda02a72513953355606e719b; crispasr-v0.8.28-99e990ae-c2413af7d5e70a166b74fe96f5afb6d7463f1414a5ac2dea7cd982da9f83f827; fixed-aiden; wrapper-f02d93fd7ee064539771a868c5033bc163bec1c94c838eb1152c52eb7eb677b7,qwen3_tts_customvoice:aiden,not_applicable:text_only_no_reference_audio,cuda:0,offline_text_only_final_materialization,16000,wav,synthesis_text_sha256=b695bb85ff9dab37d1c08b858fa8ba9a0c44689bddb3dbb840d08352656b626e;reference_audio=forbidden;voice_cloning=false,3063266181,2026-08-16T01:00:00+06:00
qwen3_tts_customvoice_aiden_v4_final_salvage:11d48efffc3afa90211e,processed/v4/xlsr_sls_model_v4_final_salvage_materialization_v1/ru_spoof/79/79b79d17478d0aad10e39cba6e2765046727db385eb30705eb1a53b569869b35.wav,ad45c5290a67ee08bf3fc9934081c7097a84d91809ffe55e77a848ade3e29047,test,spoof,ru,false,qwen3_tts_customvoice_aiden_v4_final_salvage:fixed-profile:qwen3_tts_0_6b_customvoice_aiden_q8_0,qwen3_tts_customvoice_aiden_v4_final_salvage,"Apache-2.0: Qwen CustomVoice and tokenizer model cards, cstr GGUF conversion cards, and CrispASR runtime release; permitted only for this project's personal-research scope with no training, calibration, product, re-hosting, verified-speaker or speaker-independence claim","One-shot local text-only derivative of frozen common_voice_ru_v24_v4_final_salvage text 8f30b613aeeee7954ad11da3c1d3456a781bf9d88fcf4aecc7f82a98d71ba0f0; no reference audio, cloning, resynthesis, replacement or backfill",qwen3_tts_customvoice_aiden_v4_final_salvage:synthetic-profile:qwen3_tts_0_6b_customvoice_aiden_q8_0,8f30b613aeeee7954ad11da3c1d3456a781bf9d88fcf4aecc7f82a98d71ba0f0,d46e219b812f4bbd2288c1436511022ca140f0fe891d0da115012d4de77d6026,6.48,qwen3_tts_customvoice_gguf,Qwen3-TTS 0.6B CustomVoice Q8_0 GGUF,talker-cstr-29094dcb46f19b0898616aa9aeb876aa9aa6e086-5227dcbc4df7c5533341d111cc469fa491a48e722b23dd10f553181b52dff2d9; codec-cstr-344e279551177654762e5c7d39e217834325f222-70dc95dbfdd9aa5d9d406236ff771d061bf17b0cda02a72513953355606e719b; crispasr-v0.8.28-99e990ae-c2413af7d5e70a166b74fe96f5afb6d7463f1414a5ac2dea7cd982da9f83f827; fixed-aiden; wrapper-f02d93fd7ee064539771a868c5033bc163bec1c94c838eb1152c52eb7eb677b7,qwen3_tts_customvoice:aiden,not_applicable:text_only_no_reference_audio,cuda:0,offline_text_only_final_materialization,16000,wav,synthesis_text_sha256=d46e219b812f4bbd2288c1436511022ca140f0fe891d0da115012d4de77d6026;reference_audio=forbidden;voice_cloning=false,3563987355,2026-08-16T01:00:00+06:00
qwen3_tts_customvoice_aiden_v4_final_salvage:fe2a41c0061cecd7126b,processed/v4/xlsr_sls_model_v4_final_salvage_materialization_v1/ru_spoof/d1/d1c7c9459b8066714ced47202993ef549aac8c8cc6db63d949a028cf9c6bad65.wav,77edffe369fd4175c19f852c924805bd3ce889e74f9344353db740364c9d0aa5,test,spoof,ru,false,qwen3_tts_customvoice_aiden_v4_final_salvage:fixed-profile:qwen3_tts_0_6b_customvoice_aiden_q8_0,qwen3_tts_customvoice_aiden_v4_final_salvage,"Apache-2.0: Qwen CustomVoice and tokenizer model cards, cstr GGUF conversion cards, and CrispASR runtime release; permitted only for this project's personal-research scope with no training, calibration, product, re-hosting, verified-speaker or speaker-independence claim","One-shot local text-only derivative of frozen common_voice_ru_v24_v4_final_salvage text ae0a04548ffebfe15f845e860b7e553318c0f27398ccd06d0aa8d516b4a057f9; no reference audio, cloning, resynthesis, replacement or backfill",qwen3_tts_customvoice_aiden_v4_final_salvage:synthetic-profile:qwen3_tts_0_6b_customvoice_aiden_q8_0,ae0a04548ffebfe15f845e860b7e553318c0f27398ccd06d0aa8d516b4a057f9,5aebe38b4e43f2481d9326274720d8f4b103968fa922d1ca27c0b89593166909,6.88,qwen3_tts_customvoice_gguf,Qwen3-TTS 0.6B CustomVoice Q8_0 GGUF,talker-cstr-29094dcb46f19b0898616aa9aeb876aa9aa6e086-5227dcbc4df7c5533341d111cc469fa491a48e722b23dd10f553181b52dff2d9; codec-cstr-344e279551177654762e5c7d39e217834325f222-70dc95dbfdd9aa5d9d406236ff771d061bf17b0cda02a72513953355606e719b; crispasr-v0.8.28-99e990ae-c2413af7d5e70a166b74fe96f5afb6d7463f1414a5ac2dea7cd982da9f83f827; fixed-aiden; wrapper-f02d93fd7ee064539771a868c5033bc163bec1c94c838eb1152c52eb7eb677b7,qwen3_tts_customvoice:aiden,not_applicable:text_only_no_reference_audio,cuda:0,offline_text_only_final_materialization,16000,wav,synthesis_text_sha256=5aebe38b4e43f2481d9326274720d8f4b103968fa922d1ca27c0b89593166909;reference_audio=forbidden;voice_cloning=false,1525408651,2026-08-16T01:00:00+06:00
qwen3_tts_customvoice_aiden_v4_final_salvage:8cee8a7c02f255a61b6b,processed/v4/xlsr_sls_model_v4_final_salvage_materialization_v1/ru_spoof/4a/4ac48dfc0b187daa0b1fd04dd7c179d24bfe3bd0bf1e96fa2f1d77b75a74de93.wav,0a900ab19461e5887fa6eb79e83c742ea6a54ccb42603ddd1936de8559c29c93,test,spoof,ru,false,qwen3_tts_customvoice_aiden_v4_final_salvage:fixed-profile:qwen3_tts_0_6b_customvoice_aiden_q8_0,qwen3_tts_customvoice_aiden_v4_final_salvage,"Apache-2.0: Qwen CustomVoice and tokenizer model cards, cstr GGUF conversion cards, and CrispASR runtime release; permitted only for this project's personal-research scope with no training, calibration, product, re-hosting, verified-speaker or speaker-independence claim","One-shot local text-only derivative of frozen common_voice_ru_v24_v4_final_salvage text 8ed07775541a407e52ad4b2d4d9dbc3bbf52b1e7a3bf78dbf47c7531f6e1c1a0; no reference audio, cloning, resynthesis, replacement or backfill",qwen3_tts_customvoice_aiden_v4_final_salvage:synthetic-profile:qwen3_tts_0_6b_customvoice_aiden_q8_0,8ed07775541a407e52ad4b2d4d9dbc3bbf52b1e7a3bf78dbf47c7531f6e1c1a0,f4b884a0f42ed8fe403aa8b631d484e9f4056a12d15884776a9de7102ebbed60,7.04,qwen3_tts_customvoice_gguf,Qwen3-TTS 0.6B CustomVoice Q8_0 GGUF,talker-cstr-29094dcb46f19b0898616aa9aeb876aa9aa6e086-5227dcbc4df7c5533341d111cc469fa491a48e722b23dd10f553181b52dff2d9; codec-cstr-344e279551177654762e5c7d39e217834325f222-70dc95dbfdd9aa5d9d406236ff771d061bf17b0cda02a72513953355606e719b; crispasr-v0.8.28-99e990ae-c2413af7d5e70a166b74fe96f5afb6d7463f1414a5ac2dea7cd982da9f83f827; fixed-aiden; wrapper-f02d93fd7ee064539771a868c5033bc163bec1c94c838eb1152c52eb7eb677b7,qwen3_tts_customvoice:aiden,not_applicable:text_only_no_reference_audio,cuda:0,offline_text_only_final_materialization,16000,wav,synthesis_text_sha256=f4b884a0f42ed8fe403aa8b631d484e9f4056a12d15884776a9de7102ebbed60;reference_audio=forbidden;voice_cloning=false,4105733280,2026-08-16T01:00:00+06:00
qwen3_tts_customvoice_aiden_v4_final_salvage:e65e19672bd1d43ad7cb,processed/v4/xlsr_sls_model_v4_final_salvage_materialization_v1/ru_spoof/98/9847ae52740f817e57406353a52116e27e8185143731e7a482863120f93631d7.wav,2a19d2ed979afa2d6f6d85986720d3174426579e6de875fa89623049dbcb2d0c,test,spoof,ru,false,qwen3_tts_customvoice_aiden_v4_final_salvage:fixed-profile:qwen3_tts_0_6b_customvoice_aiden_q8_0,qwen3_tts_customvoice_aiden_v4_final_salvage,"Apache-2.0: Qwen CustomVoice and tokenizer model cards, cstr GGUF conversion cards, and CrispASR runtime release; permitted only for this project's personal-research scope with no training, calibration, product, re-hosting, verified-speaker or speaker-independence claim","One-shot local text-only derivative of frozen common_voice_ru_v24_v4_final_salvage text 7a263077892124e0ba35462bdc7009129bbbc24996575dcdaf857a1eea75d7a3; no reference audio, cloning, resynthesis, replacement or backfill",qwen3_tts_customvoice_aiden_v4_final_salvage:synthetic-profile:qwen3_tts_0_6b_customvoice_aiden_q8_0,7a263077892124e0ba35462bdc7009129bbbc24996575dcdaf857a1eea75d7a3,9bfe8353a19932af325fbedf28f7edecc46488e29396eaa38b3fc1b4e0bba0f1,4.08,qwen3_tts_customvoice_gguf,Qwen3-TTS 0.6B CustomVoice Q8_0 GGUF,talker-cstr-29094dcb46f19b0898616aa9aeb876aa9aa6e086-5227dcbc4df7c5533341d111cc469fa491a48e722b23dd10f553181b52dff2d9; codec-cstr-344e279551177654762e5c7d39e217834325f222-70dc95dbfdd9aa5d9d406236ff771d061bf17b0cda02a72513953355606e719b; crispasr-v0.8.28-99e990ae-c2413af7d5e70a166b74fe96f5afb6d7463f1414a5ac2dea7cd982da9f83f827; fixed-aiden; wrapper-f02d93fd7ee064539771a868c5033bc163bec1c94c838eb1152c52eb7eb677b7,qwen3_tts_customvoice:aiden,not_applicable:text_only_no_reference_audio,cuda:0,offline_text_only_final_materialization,16000,wav,synthesis_text_sha256=9bfe8353a19932af325fbedf28f7edecc46488e29396eaa38b3fc1b4e0bba0f1;reference_audio=forbidden;voice_cloning=false,2617148243,2026-08-16T01:00:00+06:00
qwen3_tts_customvoice_aiden_v4_final_salvage:a100c70f90cb196c577b,processed/v4/xlsr_sls_model_v4_final_salvage_materialization_v1/ru_spoof/53/53ae73119475297f47cc013dc81b132ac37ab1c74fcee123b8ad00dc6f8e8a5c.wav,17d4290de6ca5d376d97a170eb2d787717e6e0fd7df4f900afc4acdacc88fd3c,test,spoof,ru,false,qwen3_tts_customvoice_aiden_v4_final_salvage:fixed-profile:qwen3_tts_0_6b_customvoice_aiden_q8_0,qwen3_tts_customvoice_aiden_v4_final_salvage,"Apache-2.0: Qwen CustomVoice and tokenizer model cards, cstr GGUF conversion cards, and CrispASR runtime release; permitted only for this project's personal-research scope with no training, calibration, product, re-hosting, verified-speaker or speaker-independence claim","One-shot local text-only derivative of frozen common_voice_ru_v24_v4_final_salvage text 337f050b6bb443ca3f4d98921f2a836a6a399dfa4eff9be078d28947e8b8fc40; no reference audio, cloning, resynthesis, replacement or backfill",qwen3_tts_customvoice_aiden_v4_final_salvage:synthetic-profile:qwen3_tts_0_6b_customvoice_aiden_q8_0,337f050b6bb443ca3f4d98921f2a836a6a399dfa4eff9be078d28947e8b8fc40,b9c0275c04c761d1c97b4e7cc6eda64a7bdb50b5d657f3f7e98203f412b91287,3.6,qwen3_tts_customvoice_gguf,Qwen3-TTS 0.6B CustomVoice Q8_0 GGUF,talker-cstr-29094dcb46f19b0898616aa9aeb876aa9aa6e086-5227dcbc4df7c5533341d111cc469fa491a48e722b23dd10f553181b52dff2d9; codec-cstr-344e279551177654762e5c7d39e217834325f222-70dc95dbfdd9aa5d9d406236ff771d061bf17b0cda02a72513953355606e719b; crispasr-v0.8.28-99e990ae-c2413af7d5e70a166b74fe96f5afb6d7463f1414a5ac2dea7cd982da9f83f827; fixed-aiden; wrapper-f02d93fd7ee064539771a868c5033bc163bec1c94c838eb1152c52eb7eb677b7,qwen3_tts_customvoice:aiden,not_applicable:text_only_no_reference_audio,cuda:0,offline_text_only_final_materialization,16000,wav,synthesis_text_sha256=b9c0275c04c761d1c97b4e7cc6eda64a7bdb50b5d657f3f7e98203f412b91287;reference_audio=forbidden;voice_cloning=false,3116377948,2026-08-16T01:00:00+06:00
qwen3_tts_customvoice_aiden_v4_final_salvage:fade1139ea8c87304868,processed/v4/xlsr_sls_model_v4_final_salvage_materialization_v1/ru_spoof/08/08e865fd7f7742998f9cba2c58a38179e8e9fba2c6fcb15aaacdced3ecabe2eb.wav,0d59c1b28646b0fd4df7e37a7b7eb20dafe84e22d0c5eb065cddbe3ce05db3b3,test,spoof,ru,false,qwen3_tts_customvoice_aiden_v4_final_salvage:fixed-profile:qwen3_tts_0_6b_customvoice_aiden_q8_0,qwen3_tts_customvoice_aiden_v4_final_salvage,"Apache-2.0: Qwen CustomVoice and tokenizer model cards, cstr GGUF conversion cards, and CrispASR runtime release; permitted only for this project's personal-research scope with no training, calibration, product, re-hosting, verified-speaker or speaker-independence claim","One-shot local text-only derivative of frozen common_voice_ru_v24_v4_final_salvage text f30e547e93f196ed195d1a339359360204e63a329219e72ea7c06c6290ebb1b1; no reference audio, cloning, resynthesis, replacement or backfill",qwen3_tts_customvoice_aiden_v4_final_salvage:synthetic-profile:qwen3_tts_0_6b_customvoice_aiden_q8_0,f30e547e93f196ed195d1a339359360204e63a329219e72ea7c06c6290ebb1b1,99b5cfb36cb9f367fa75579dfc97c254e92188ae547f195992d0611c507b1583,5.04,qwen3_tts_customvoice_gguf,Qwen3-TTS 0.6B CustomVoice Q8_0 GGUF,talker-cstr-29094dcb46f19b0898616aa9aeb876aa9aa6e086-5227dcbc4df7c5533341d111cc469fa491a48e722b23dd10f553181b52dff2d9; codec-cstr-344e279551177654762e5c7d39e217834325f222-70dc95dbfdd9aa5d9d406236ff771d061bf17b0cda02a72513953355606e719b; crispasr-v0.8.28-99e990ae-c2413af7d5e70a166b74fe96f5afb6d7463f1414a5ac2dea7cd982da9f83f827; fixed-aiden; wrapper-f02d93fd7ee064539771a868c5033bc163bec1c94c838eb1152c52eb7eb677b7,qwen3_tts_customvoice:aiden,not_applicable:text_only_no_reference_audio,cuda:0,offline_text_only_final_materialization,16000,wav,synthesis_text_sha256=99b5cfb36cb9f367fa75579dfc97c254e92188ae547f195992d0611c507b1583;reference_audio=forbidden;voice_cloning=false,2578829235,2026-08-16T01:00:00+06:00
qwen3_tts_customvoice_aiden_v4_final_salvage:85b4422f69b8ff42c319,processed/v4/xlsr_sls_model_v4_final_salvage_materialization_v1/ru_spoof/79/79b19cdd33c3ea4428af8824805e7a1f2cce506ce34b85892ec9ec55f30c6023.wav,463400aa9e24c8ee5bf59d5f5782a5c81037f63388e933891e036dca3a7fc90d,test,spoof,ru,false,qwen3_tts_customvoice_aiden_v4_final_salvage:fixed-profile:qwen3_tts_0_6b_customvoice_aiden_q8_0,qwen3_tts_customvoice_aiden_v4_final_salvage,"Apache-2.0: Qwen CustomVoice and tokenizer model cards, cstr GGUF conversion cards, and CrispASR runtime release; permitted only for this project's personal-research scope with no training, calibration, product, re-hosting, verified-speaker or speaker-independence claim","One-shot local text-only derivative of frozen common_voice_ru_v24_v4_final_salvage text 1a58f43b27eca8efd9e4bb1cf7e79de37094bed0c58c6b855e64a343d9801e9b; no reference audio, cloning, resynthesis, replacement or backfill",qwen3_tts_customvoice_aiden_v4_final_salvage:synthetic-profile:qwen3_tts_0_6b_customvoice_aiden_q8_0,1a58f43b27eca8efd9e4bb1cf7e79de37094bed0c58c6b855e64a343d9801e9b,5781a794cb689b630d1162dd5da848badcfb1773d1e52f93df83ae9f4c75d3a3,3.04,qwen3_tts_customvoice_gguf,Qwen3-TTS 0.6B CustomVoice Q8_0 GGUF,talker-cstr-29094dcb46f19b0898616aa9aeb876aa9aa6e086-5227dcbc4df7c5533341d111cc469fa491a48e722b23dd10f553181b52dff2d9; codec-cstr-344e279551177654762e5c7d39e217834325f222-70dc95dbfdd9aa5d9d406236ff771d061bf17b0cda02a72513953355606e719b; crispasr-v0.8.28-99e990ae-c2413af7d5e70a166b74fe96f5afb6d7463f1414a5ac2dea7cd982da9f83f827; fixed-aiden; wrapper-f02d93fd7ee064539771a868c5033bc163bec1c94c838eb1152c52eb7eb677b7,qwen3_tts_customvoice:aiden,not_applicable:text_only_no_reference_audio,cuda:0,offline_text_only_final_materialization,16000,wav,synthesis_text_sha256=5781a794cb689b630d1162dd5da848badcfb1773d1e52f93df83ae9f4c75d3a3;reference_audio=forbidden;voice_cloning=false,1468114836,2026-08-16T01:00:00+06:00
qwen3_tts_customvoice_aiden_v4_final_salvage:ed0876c9bb2a51a88c0c,processed/v4/xlsr_sls_model_v4_final_salvage_materialization_v1/ru_spoof/c0/c0c65f1aae6b2b9590879a2f031e574a927d4f9ea6c4b6ca4b939e27971cf85d.wav,835944057fb19905fca7bccc78ce0a441891e348ba8e0b7e02991b4150d70b3a,test,spoof,ru,false,qwen3_tts_customvoice_aiden_v4_final_salvage:fixed-profile:qwen3_tts_0_6b_customvoice_aiden_q8_0,qwen3_tts_customvoice_aiden_v4_final_salvage,"Apache-2.0: Qwen CustomVoice and tokenizer model cards, cstr GGUF conversion cards, and CrispASR runtime release; permitted only for this project's personal-research scope with no training, calibration, product, re-hosting, verified-speaker or speaker-independence claim","One-shot local text-only derivative of frozen common_voice_ru_v24_v4_final_salvage text c61a94d779838287156ce6bd214c018c85cc6176a4c2adce94094d0ce9b9a668; no reference audio, cloning, resynthesis, replacement or backfill",qwen3_tts_customvoice_aiden_v4_final_salvage:synthetic-profile:qwen3_tts_0_6b_customvoice_aiden_q8_0,c61a94d779838287156ce6bd214c018c85cc6176a4c2adce94094d0ce9b9a668,a45a2d5a5a92f3cf7f05cc7c7f886f889ed69c2742274ecd53a4ae694bbf006c,4.56,qwen3_tts_customvoice_gguf,Qwen3-TTS 0.6B CustomVoice Q8_0 GGUF,talker-cstr-29094dcb46f19b0898616aa9aeb876aa9aa6e086-5227dcbc4df7c5533341d111cc469fa491a48e722b23dd10f553181b52dff2d9; codec-cstr-344e279551177654762e5c7d39e217834325f222-70dc95dbfdd9aa5d9d406236ff771d061bf17b0cda02a72513953355606e719b; crispasr-v0.8.28-99e990ae-c2413af7d5e70a166b74fe96f5afb6d7463f1414a5ac2dea7cd982da9f83f827; fixed-aiden; wrapper-f02d93fd7ee064539771a868c5033bc163bec1c94c838eb1152c52eb7eb677b7,qwen3_tts_customvoice:aiden,not_applicable:text_only_no_reference_audio,cuda:0,offline_text_only_final_materialization,16000,wav,synthesis_text_sha256=a45a2d5a5a92f3cf7f05cc7c7f886f889ed69c2742274ecd53a4ae694bbf006c;reference_audio=forbidden;voice_cloning=false,2757373274,2026-08-16T01:00:00+06:00
qwen3_tts_customvoice_aiden_v4_final_salvage:ef346d4f453cd570e7b4,processed/v4/xlsr_sls_model_v4_final_salvage_materialization_v1/ru_spoof/37/37fcbae46f2a6c9ce9a2ca0909cfd29800ae45de6bdad2f7f17a2b5ada6ba77e.wav,626bbce66ebd81ce33ac03a1c50316912c863872895703b975031c4fd54ee077,test,spoof,ru,false,qwen3_tts_customvoice_aiden_v4_final_salvage:fixed-profile:qwen3_tts_0_6b_customvoice_aiden_q8_0,qwen3_tts_customvoice_aiden_v4_final_salvage,"Apache-2.0: Qwen CustomVoice and tokenizer model cards, cstr GGUF conversion cards, and CrispASR runtime release; permitted only for this project's personal-research scope with no training, calibration, product, re-hosting, verified-speaker or speaker-independence claim","One-shot local text-only derivative of frozen common_voice_ru_v24_v4_final_salvage text 4c214e491a4534d05ea178a1ed5700ceaaee74d7eed616826674c1d1e1dac063; no reference audio, cloning, resynthesis, replacement or backfill",qwen3_tts_customvoice_aiden_v4_final_salvage:synthetic-profile:qwen3_tts_0_6b_customvoice_aiden_q8_0,4c214e491a4534d05ea178a1ed5700ceaaee74d7eed616826674c1d1e1dac063,e252afd6994f1811f61686d01d139420b835b01514ced89bb41c229e339bd913,7.92,qwen3_tts_customvoice_gguf,Qwen3-TTS 0.6B CustomVoice Q8_0 GGUF,talker-cstr-29094dcb46f19b0898616aa9aeb876aa9aa6e086-5227dcbc4df7c5533341d111cc469fa491a48e722b23dd10f553181b52dff2d9; codec-cstr-344e279551177654762e5c7d39e217834325f222-70dc95dbfdd9aa5d9d406236ff771d061bf17b0cda02a72513953355606e719b; crispasr-v0.8.28-99e990ae-c2413af7d5e70a166b74fe96f5afb6d7463f1414a5ac2dea7cd982da9f83f827; fixed-aiden; wrapper-f02d93fd7ee064539771a868c5033bc163bec1c94c838eb1152c52eb7eb677b7,qwen3_tts_customvoice:aiden,not_applicable:text_only_no_reference_audio,cuda:0,offline_text_only_final_materialization,16000,wav,synthesis_text_sha256=e252afd6994f1811f61686d01d139420b835b01514ced89bb41c229e339bd913;reference_audio=forbidden;voice_cloning=false,3797069782,2026-08-16T01:00:00+06:00
qwen3_tts_customvoice_aiden_v4_final_salvage:d7d3be8c1569fb6d1d6d,processed/v4/xlsr_sls_model_v4_final_salvage_materialization_v1/ru_spoof/be/befc26e9b98942b0de8bdbcce549989b1bca7930bfda0df74f2c6a4766b05951.wav,f25dfba777cac72de0f51855fc5f26354e14caedceb3de3be819ac058209f12d,test,spoof,ru,false,qwen3_tts_customvoice_aiden_v4_final_salvage:fixed-profile:qwen3_tts_0_6b_customvoice_aiden_q8_0,qwen3_tts_customvoice_aiden_v4_final_salvage,"Apache-2.0: Qwen CustomVoice and tokenizer model cards, cstr GGUF conversion cards, and CrispASR runtime release; permitted only for this project's personal-research scope with no training, calibration, product, re-hosting, verified-speaker or speaker-independence claim","One-shot local text-only derivative of frozen common_voice_ru_v24_v4_final_salvage text 8a070b39a065ea3eec96b60f25efcbf3c9d728a8fe71ee2d09fd31527ee5f9a9; no reference audio, cloning, resynthesis, replacement or backfill",qwen3_tts_customvoice_aiden_v4_final_salvage:synthetic-profile:qwen3_tts_0_6b_customvoice_aiden_q8_0,8a070b39a065ea3eec96b60f25efcbf3c9d728a8fe71ee2d09fd31527ee5f9a9,cff28907823bf9e2cfa2aab437597208aad098d2d9b71ba0f29e83ee3e088751,3.36,qwen3_tts_customvoice_gguf,Qwen3-TTS 0.6B CustomVoice Q8_0 GGUF,talker-cstr-29094dcb46f19b0898616aa9aeb876aa9aa6e086-5227dcbc4df7c5533341d111cc469fa491a48e722b23dd10f553181b52dff2d9; codec-cstr-344e279551177654762e5c7d39e217834325f222-70dc95dbfdd9aa5d9d406236ff771d061bf17b0cda02a72513953355606e719b; crispasr-v0.8.28-99e990ae-c2413af7d5e70a166b74fe96f5afb6d7463f1414a5ac2dea7cd982da9f83f827; fixed-aiden; wrapper-f02d93fd7ee064539771a868c5033bc163bec1c94c838eb1152c52eb7eb677b7,qwen3_tts_customvoice:aiden,not_applicable:text_only_no_reference_audio,cuda:0,offline_text_only_final_materialization,16000,wav,synthesis_text_sha256=cff28907823bf9e2cfa2aab437597208aad098d2d9b71ba0f29e83ee3e088751;reference_audio=forbidden;voice_cloning=false,3488778503,2026-08-16T01:00:00+06:00
qwen3_tts_customvoice_aiden_v4_final_salvage:efeb9880399771fec38d,processed/v4/xlsr_sls_model_v4_final_salvage_materialization_v1/ru_spoof/33/33287eb8ae0d9acfa93321d49780f7574965a60df84faf0ded6e0cdb741ed9be.wav,8d24a1d5aca25a06319e9a39788116ce3dccf058a6820214eae60757b443f947,test,spoof,ru,false,qwen3_tts_customvoice_aiden_v4_final_salvage:fixed-profile:qwen3_tts_0_6b_customvoice_aiden_q8_0,qwen3_tts_customvoice_aiden_v4_final_salvage,"Apache-2.0: Qwen CustomVoice and tokenizer model cards, cstr GGUF conversion cards, and CrispASR runtime release; permitted only for this project's personal-research scope with no training, calibration, product, re-hosting, verified-speaker or speaker-independence claim","One-shot local text-only derivative of frozen common_voice_ru_v24_v4_final_salvage text 50eefdb67c2965ec031e9d53606bac9cb4acaa92ed50eb0a7852f59e7cbdadf2; no reference audio, cloning, resynthesis, replacement or backfill",qwen3_tts_customvoice_aiden_v4_final_salvage:synthetic-profile:qwen3_tts_0_6b_customvoice_aiden_q8_0,50eefdb67c2965ec031e9d53606bac9cb4acaa92ed50eb0a7852f59e7cbdadf2,3023f31726a5c5ac2899737fbe9eac90d13ee3aa5248825eb4649fca3ddf4025,3.44,qwen3_tts_customvoice_gguf,Qwen3-TTS 0.6B CustomVoice Q8_0 GGUF,talker-cstr-29094dcb46f19b0898616aa9aeb876aa9aa6e086-5227dcbc4df7c5533341d111cc469fa491a48e722b23dd10f553181b52dff2d9; codec-cstr-344e279551177654762e5c7d39e217834325f222-70dc95dbfdd9aa5d9d406236ff771d061bf17b0cda02a72513953355606e719b; crispasr-v0.8.28-99e990ae-c2413af7d5e70a166b74fe96f5afb6d7463f1414a5ac2dea7cd982da9f83f827; fixed-aiden; wrapper-f02d93fd7ee064539771a868c5033bc163bec1c94c838eb1152c52eb7eb677b7,qwen3_tts_customvoice:aiden,not_applicable:text_only_no_reference_audio,cuda:0,offline_text_only_final_materialization,16000,wav,synthesis_text_sha256=3023f31726a5c5ac2899737fbe9eac90d13ee3aa5248825eb4649fca3ddf4025;reference_audio=forbidden;voice_cloning=false,807662359,2026-08-16T01:00:00+06:00
qwen3_tts_customvoice_aiden_v4_final_salvage:c9d29d2b9942c13e5144,processed/v4/xlsr_sls_model_v4_final_salvage_materialization_v1/ru_spoof/82/82c3ce4fd2a156d83d38d89ee2e620843197859168a3920b033aa63dddaf9095.wav,8f9860d85cacf2bba8bb59011ab0451365e16f20cbe27c91700ba3380cbb8690,test,spoof,ru,false,qwen3_tts_customvoice_aiden_v4_final_salvage:fixed-profile:qwen3_tts_0_6b_customvoice_aiden_q8_0,qwen3_tts_customvoice_aiden_v4_final_salvage,"Apache-2.0: Qwen CustomVoice and tokenizer model cards, cstr GGUF conversion cards, and CrispASR runtime release; permitted only for this project's personal-research scope with no training, calibration, product, re-hosting, verified-speaker or speaker-independence claim","One-shot local text-only derivative of frozen common_voice_ru_v24_v4_final_salvage text 8b8ad83aea4d6403bae300ed43fcb64aab27eab273ade9f503321bcfa461500e; no reference audio, cloning, resynthesis, replacement or backfill",qwen3_tts_customvoice_aiden_v4_final_salvage:synthetic-profile:qwen3_tts_0_6b_customvoice_aiden_q8_0,8b8ad83aea4d6403bae300ed43fcb64aab27eab273ade9f503321bcfa461500e,e7e22b32b4daf5901dcaea66f7b3efc769be3924651ef281e817ba2c812f49ab,7.28,qwen3_tts_customvoice_gguf,Qwen3-TTS 0.6B CustomVoice Q8_0 GGUF,talker-cstr-29094dcb46f19b0898616aa9aeb876aa9aa6e086-5227dcbc4df7c5533341d111cc469fa491a48e722b23dd10f553181b52dff2d9; codec-cstr-344e279551177654762e5c7d39e217834325f222-70dc95dbfdd9aa5d9d406236ff771d061bf17b0cda02a72513953355606e719b; crispasr-v0.8.28-99e990ae-c2413af7d5e70a166b74fe96f5afb6d7463f1414a5ac2dea7cd982da9f83f827; fixed-aiden; wrapper-f02d93fd7ee064539771a868c5033bc163bec1c94c838eb1152c52eb7eb677b7,qwen3_tts_customvoice:aiden,not_applicable:text_only_no_reference_audio,cuda:0,offline_text_only_final_materialization,16000,wav,synthesis_text_sha256=e7e22b32b4daf5901dcaea66f7b3efc769be3924651ef281e817ba2c812f49ab;reference_audio=forbidden;voice_cloning=false,3890359090,2026-08-16T01:00:00+06:00
qwen3_tts_customvoice_aiden_v4_final_salvage:cc4a608bbe3ae8809ff4,processed/v4/xlsr_sls_model_v4_final_salvage_materialization_v1/ru_spoof/a4/a4b071e200c051e58b047a49634b63037112b0b17cacd1b911a50d35ae619d92.wav,c588632141c6885d42b6330e6b21d398ce458df40b74e0ec1664b8e286d477f7,test,spoof,ru,false,qwen3_tts_customvoice_aiden_v4_final_salvage:fixed-profile:qwen3_tts_0_6b_customvoice_aiden_q8_0,qwen3_tts_customvoice_aiden_v4_final_salvage,"Apache-2.0: Qwen CustomVoice and tokenizer model cards, cstr GGUF conversion cards, and CrispASR runtime release; permitted only for this project's personal-research scope with no training, calibration, product, re-hosting, verified-speaker or speaker-independence claim","One-shot local text-only derivative of frozen common_voice_ru_v24_v4_final_salvage text b0597ca3238e3d946705d3e6c73e6dffd08f91bae5bddbed8161dd33c667b369; no reference audio, cloning, resynthesis, replacement or backfill",qwen3_tts_customvoice_aiden_v4_final_salvage:synthetic-profile:qwen3_tts_0_6b_customvoice_aiden_q8_0,b0597ca3238e3d946705d3e6c73e6dffd08f91bae5bddbed8161dd33c667b369,3a94db0912278ba5a775daa3dc2f419c2cb07d9d46ee1b4495c60bcce127fd83,4.8,qwen3_tts_customvoice_gguf,Qwen3-TTS 0.6B CustomVoice Q8_0 GGUF,talker-cstr-29094dcb46f19b0898616aa9aeb876aa9aa6e086-5227dcbc4df7c5533341d111cc469fa491a48e722b23dd10f553181b52dff2d9; codec-cstr-344e279551177654762e5c7d39e217834325f222-70dc95dbfdd9aa5d9d406236ff771d061bf17b0cda02a72513953355606e719b; crispasr-v0.8.28-99e990ae-c2413af7d5e70a166b74fe96f5afb6d7463f1414a5ac2dea7cd982da9f83f827; fixed-aiden; wrapper-f02d93fd7ee064539771a868c5033bc163bec1c94c838eb1152c52eb7eb677b7,qwen3_tts_customvoice:aiden,not_applicable:text_only_no_reference_audio,cuda:0,offline_text_only_final_materialization,16000,wav,synthesis_text_sha256=3a94db0912278ba5a775daa3dc2f419c2cb07d9d46ee1b4495c60bcce127fd83;reference_audio=forbidden;voice_cloning=false,982833929,2026-08-16T01:00:00+06:00
qwen3_tts_customvoice_aiden_v4_final_salvage:ab2bc2b940f9f30f931a,processed/v4/xlsr_sls_model_v4_final_salvage_materialization_v1/ru_spoof/5f/5fc28b9eac875046642f7e381edba2b55fcde49a6853b30ed035b567fef35576.wav,b5eecf18c956685604963cc13fa27edba482b8b90e5fac5ff544d59597e819b7,test,spoof,ru,false,qwen3_tts_customvoice_aiden_v4_final_salvage:fixed-profile:qwen3_tts_0_6b_customvoice_aiden_q8_0,qwen3_tts_customvoice_aiden_v4_final_salvage,"Apache-2.0: Qwen CustomVoice and tokenizer model cards, cstr GGUF conversion cards, and CrispASR runtime release; permitted only for this project's personal-research scope with no training, calibration, product, re-hosting, verified-speaker or speaker-independence claim","One-shot local text-only derivative of frozen common_voice_ru_v24_v4_final_salvage text c68a32fafed1aa9f875f84cfc63d106e02c0c6a6c4c4cfe7988dacea7add10f9; no reference audio, cloning, resynthesis, replacement or backfill",qwen3_tts_customvoice_aiden_v4_final_salvage:synthetic-profile:qwen3_tts_0_6b_customvoice_aiden_q8_0,c68a32fafed1aa9f875f84cfc63d106e02c0c6a6c4c4cfe7988dacea7add10f9,997d1751794bae20002ad06311ca1bdead5b784e9d1c152427f8b8ad8c2f4735,5.68,qwen3_tts_customvoice_gguf,Qwen3-TTS 0.6B CustomVoice Q8_0 GGUF,talker-cstr-29094dcb46f19b0898616aa9aeb876aa9aa6e086-5227dcbc4df7c5533341d111cc469fa491a48e722b23dd10f553181b52dff2d9; codec-cstr-344e279551177654762e5c7d39e217834325f222-70dc95dbfdd9aa5d9d406236ff771d061bf17b0cda02a72513953355606e719b; crispasr-v0.8.28-99e990ae-c2413af7d5e70a166b74fe96f5afb6d7463f1414a5ac2dea7cd982da9f83f827; fixed-aiden; wrapper-f02d93fd7ee064539771a868c5033bc163bec1c94c838eb1152c52eb7eb677b7,qwen3_tts_customvoice:aiden,not_applicable:text_only_no_reference_audio,cuda:0,offline_text_only_final_materialization,16000,wav,synthesis_text_sha256=997d1751794bae20002ad06311ca1bdead5b784e9d1c152427f8b8ad8c2f4735;reference_audio=forbidden;voice_cloning=false,2575112017,2026-08-16T01:00:00+06:00
qwen3_tts_customvoice_aiden_v4_final_salvage:bc4aca5c68fdba40b9c5,processed/v4/xlsr_sls_model_v4_final_salvage_materialization_v1/ru_spoof/b9/b9da31b252747a1d17fb51d5f3a3bf604360e4d21b2084ea9c6580225e37bf1c.wav,b4b947fecb965020cce93c1cbf84a0891e9fdf3af4a773ba538e340ea3d9c7cd,test,spoof,ru,false,qwen3_tts_customvoice_aiden_v4_final_salvage:fixed-profile:qwen3_tts_0_6b_customvoice_aiden_q8_0,qwen3_tts_customvoice_aiden_v4_final_salvage,"Apache-2.0: Qwen CustomVoice and tokenizer model cards, cstr GGUF conversion cards, and CrispASR runtime release; permitted only for this project's personal-research scope with no training, calibration, product, re-hosting, verified-speaker or speaker-independence claim","One-shot local text-only derivative of frozen common_voice_ru_v24_v4_final_salvage text 2fa057ea2299f1414954fd198ebd95002e99015bfefaa99cb83acb6d59273a33; no reference audio, cloning, resynthesis, replacement or backfill",qwen3_tts_customvoice_aiden_v4_final_salvage:synthetic-profile:qwen3_tts_0_6b_customvoice_aiden_q8_0,2fa057ea2299f1414954fd198ebd95002e99015bfefaa99cb83acb6d59273a33,720eb894f11bf4abde2886440fc672fe659b82043ed9569a3f3e608496e7a5b8,8.0,qwen3_tts_customvoice_gguf,Qwen3-TTS 0.6B CustomVoice Q8_0 GGUF,talker-cstr-29094dcb46f19b0898616aa9aeb876aa9aa6e086-5227dcbc4df7c5533341d111cc469fa491a48e722b23dd10f553181b52dff2d9; codec-cstr-344e279551177654762e5c7d39e217834325f222-70dc95dbfdd9aa5d9d406236ff771d061bf17b0cda02a72513953355606e719b; crispasr-v0.8.28-99e990ae-c2413af7d5e70a166b74fe96f5afb6d7463f1414a5ac2dea7cd982da9f83f827; fixed-aiden; wrapper-f02d93fd7ee064539771a868c5033bc163bec1c94c838eb1152c52eb7eb677b7,qwen3_tts_customvoice:aiden,not_applicable:text_only_no_reference_audio,cuda:0,offline_text_only_final_materialization,16000,wav,synthesis_text_sha256=720eb894f11bf4abde2886440fc672fe659b82043ed9569a3f3e608496e7a5b8;reference_audio=forbidden;voice_cloning=false,1913567380,2026-08-16T01:00:00+06:00
qwen3_tts_customvoice_aiden_v4_final_salvage:27ecaf3d8ec20a7dc2f3,processed/v4/xlsr_sls_model_v4_final_salvage_materialization_v1/ru_spoof/2d/2df5ea308cf1b94866badc312bd5a90c101847d70fa2e4907457416767088b45.wav,1452b9d768177e1b856f9e4d18441d89903486cdc459c23e9ad1b6ec518cd3c3,test,spoof,ru,false,qwen3_tts_customvoice_aiden_v4_final_salvage:fixed-profile:qwen3_tts_0_6b_customvoice_aiden_q8_0,qwen3_tts_customvoice_aiden_v4_final_salvage,"Apache-2.0: Qwen CustomVoice and tokenizer model cards, cstr GGUF conversion cards, and CrispASR runtime release; permitted only for this project's personal-research scope with no training, calibration, product, re-hosting, verified-speaker or speaker-independence claim","One-shot local text-only derivative of frozen common_voice_ru_v24_v4_final_salvage text fd4f0566c4003651f9a2c0aece158388d827761308a5bccee69383a11e8dfa0e; no reference audio, cloning, resynthesis, replacement or backfill",qwen3_tts_customvoice_aiden_v4_final_salvage:synthetic-profile:qwen3_tts_0_6b_customvoice_aiden_q8_0,fd4f0566c4003651f9a2c0aece158388d827761308a5bccee69383a11e8dfa0e,fb430bc94179a00ab34f866e3e39198ee8ed88370ac96867655233a74ac2b6b2,5.6,qwen3_tts_customvoice_gguf,Qwen3-TTS 0.6B CustomVoice Q8_0 GGUF,talker-cstr-29094dcb46f19b0898616aa9aeb876aa9aa6e086-5227dcbc4df7c5533341d111cc469fa491a48e722b23dd10f553181b52dff2d9; codec-cstr-344e279551177654762e5c7d39e217834325f222-70dc95dbfdd9aa5d9d406236ff771d061bf17b0cda02a72513953355606e719b; crispasr-v0.8.28-99e990ae-c2413af7d5e70a166b74fe96f5afb6d7463f1414a5ac2dea7cd982da9f83f827; fixed-aiden; wrapper-f02d93fd7ee064539771a868c5033bc163bec1c94c838eb1152c52eb7eb677b7,qwen3_tts_customvoice:aiden,not_applicable:text_only_no_reference_audio,cuda:0,offline_text_only_final_materialization,16000,wav,synthesis_text_sha256=fb430bc94179a00ab34f866e3e39198ee8ed88370ac96867655233a74ac2b6b2;reference_audio=forbidden;voice_cloning=false,4215475145,2026-08-16T01:00:00+06:00
qwen3_tts_customvoice_aiden_v4_final_salvage:89aafb7444d4bd5f2a55,processed/v4/xlsr_sls_model_v4_final_salvage_materialization_v1/ru_spoof/45/45389e23fd1d03c56b5a3392cbffad7d2ce4506ceca7c24fbb252d2844b357a5.wav,9f33f7ccc4aa891a9de20a05ca69cc8e792d5d5a47e3f42c4e164f1959eea6a3,test,spoof,ru,false,qwen3_tts_customvoice_aiden_v4_final_salvage:fixed-profile:qwen3_tts_0_6b_customvoice_aiden_q8_0,qwen3_tts_customvoice_aiden_v4_final_salvage,"Apache-2.0: Qwen CustomVoice and tokenizer model cards, cstr GGUF conversion cards, and CrispASR runtime release; permitted only for this project's personal-research scope with no training, calibration, product, re-hosting, verified-speaker or speaker-independence claim","One-shot local text-only derivative of frozen common_voice_ru_v24_v4_final_salvage text aa02d1cdbc711486851837fd6aa7b1aa87e7db70333431b8de66a819687a70ef; no reference audio, cloning, resynthesis, replacement or backfill",qwen3_tts_customvoice_aiden_v4_final_salvage:synthetic-profile:qwen3_tts_0_6b_customvoice_aiden_q8_0,aa02d1cdbc711486851837fd6aa7b1aa87e7db70333431b8de66a819687a70ef,3d3db07fa82488c1a97ec5459f75eff6f7a1bee7873082cc3d9fc092cf7760a8,3.68,qwen3_tts_customvoice_gguf,Qwen3-TTS 0.6B CustomVoice Q8_0 GGUF,talker-cstr-29094dcb46f19b0898616aa9aeb876aa9aa6e086-5227dcbc4df7c5533341d111cc469fa491a48e722b23dd10f553181b52dff2d9; codec-cstr-344e279551177654762e5c7d39e217834325f222-70dc95dbfdd9aa5d9d406236ff771d061bf17b0cda02a72513953355606e719b; crispasr-v0.8.28-99e990ae-c2413af7d5e70a166b74fe96f5afb6d7463f1414a5ac2dea7cd982da9f83f827; fixed-aiden; wrapper-f02d93fd7ee064539771a868c5033bc163bec1c94c838eb1152c52eb7eb677b7,qwen3_tts_customvoice:aiden,not_applicable:text_only_no_reference_audio,cuda:0,offline_text_only_final_materialization,16000,wav,synthesis_text_sha256=3d3db07fa82488c1a97ec5459f75eff6f7a1bee7873082cc3d9fc092cf7760a8;reference_audio=forbidden;voice_cloning=false,1027453055,2026-08-16T01:00:00+06:00
qwen3_tts_customvoice_aiden_v4_final_salvage:a3ba48868afb1cd07aec,processed/v4/xlsr_sls_model_v4_final_salvage_materialization_v1/ru_spoof/10/1040643c472f646363f4ae41ee049e9c8a85606ae20f15c3ddd63b7c2f9b5225.wav,8519038f83534265f7114a2390dc93f9d5454b9e3ed568502994ef35efcab883,test,spoof,ru,false,qwen3_tts_customvoice_aiden_v4_final_salvage:fixed-profile:qwen3_tts_0_6b_customvoice_aiden_q8_0,qwen3_tts_customvoice_aiden_v4_final_salvage,"Apache-2.0: Qwen CustomVoice and tokenizer model cards, cstr GGUF conversion cards, and CrispASR runtime release; permitted only for this project's personal-research scope with no training, calibration, product, re-hosting, verified-speaker or speaker-independence claim","One-shot local text-only derivative of frozen common_voice_ru_v24_v4_final_salvage text 646ed798b275a97111a6f454d74ff77af232b82b3d3861b7964bbd6d4ddd84dd; no reference audio, cloning, resynthesis, replacement or backfill",qwen3_tts_customvoice_aiden_v4_final_salvage:synthetic-profile:qwen3_tts_0_6b_customvoice_aiden_q8_0,646ed798b275a97111a6f454d74ff77af232b82b3d3861b7964bbd6d4ddd84dd,f056026d3d3b68f1e29c90f3c576a0c3dc8fc8d7db72bde2b8527f209c788435,4.0,qwen3_tts_customvoice_gguf,Qwen3-TTS 0.6B CustomVoice Q8_0 GGUF,talker-cstr-29094dcb46f19b0898616aa9aeb876aa9aa6e086-5227dcbc4df7c5533341d111cc469fa491a48e722b23dd10f553181b52dff2d9; codec-cstr-344e279551177654762e5c7d39e217834325f222-70dc95dbfdd9aa5d9d406236ff771d061bf17b0cda02a72513953355606e719b; crispasr-v0.8.28-99e990ae-c2413af7d5e70a166b74fe96f5afb6d7463f1414a5ac2dea7cd982da9f83f827; fixed-aiden; wrapper-f02d93fd7ee064539771a868c5033bc163bec1c94c838eb1152c52eb7eb677b7,qwen3_tts_customvoice:aiden,not_applicable:text_only_no_reference_audio,cuda:0,offline_text_only_final_materialization,16000,wav,synthesis_text_sha256=f056026d3d3b68f1e29c90f3c576a0c3dc8fc8d7db72bde2b8527f209c788435;reference_audio=forbidden;voice_cloning=false,4032168557,2026-08-16T01:00:00+06:00
qwen3_tts_customvoice_aiden_v4_final_salvage:e7d5ae3b9b7ca2a9d658,processed/v4/xlsr_sls_model_v4_final_salvage_materialization_v1/ru_spoof/ca/ca7f59ed0683cd775f2226c7a2187d06cd2c423eb486f7d2770169bb1cf8e0d4.wav,7a8bf99c41c665fa7bf65decb39be9779b6e00a233f372fbb8c48d40377a711f,test,spoof,ru,false,qwen3_tts_customvoice_aiden_v4_final_salvage:fixed-profile:qwen3_tts_0_6b_customvoice_aiden_q8_0,qwen3_tts_customvoice_aiden_v4_final_salvage,"Apache-2.0: Qwen CustomVoice and tokenizer model cards, cstr GGUF conversion cards, and CrispASR runtime release; permitted only for this project's personal-research scope with no training, calibration, product, re-hosting, verified-speaker or speaker-independence claim","One-shot local text-only derivative of frozen common_voice_ru_v24_v4_final_salvage text fe96c3860b8dd500ab7817bffc6591593bb56a573abdf17ac2babbe15a814dcf; no reference audio, cloning, resynthesis, replacement or backfill",qwen3_tts_customvoice_aiden_v4_final_salvage:synthetic-profile:qwen3_tts_0_6b_customvoice_aiden_q8_0,fe96c3860b8dd500ab7817bffc6591593bb56a573abdf17ac2babbe15a814dcf,b4e6063821d45cfd5767488f1ddc7087ef93c66f35aecafa94abe5ab02c77173,5.04,qwen3_tts_customvoice_gguf,Qwen3-TTS 0.6B CustomVoice Q8_0 GGUF,talker-cstr-29094dcb46f19b0898616aa9aeb876aa9aa6e086-5227dcbc4df7c5533341d111cc469fa491a48e722b23dd10f553181b52dff2d9; codec-cstr-344e279551177654762e5c7d39e217834325f222-70dc95dbfdd9aa5d9d406236ff771d061bf17b0cda02a72513953355606e719b; crispasr-v0.8.28-99e990ae-c2413af7d5e70a166b74fe96f5afb6d7463f1414a5ac2dea7cd982da9f83f827; fixed-aiden; wrapper-f02d93fd7ee064539771a868c5033bc163bec1c94c838eb1152c52eb7eb677b7,qwen3_tts_customvoice:aiden,not_applicable:text_only_no_reference_audio,cuda:0,offline_text_only_final_materialization,16000,wav,synthesis_text_sha256=b4e6063821d45cfd5767488f1ddc7087ef93c66f35aecafa94abe5ab02c77173;reference_audio=forbidden;voice_cloning=false,3034973752,2026-08-16T01:00:00+06:00
qwen3_tts_customvoice_aiden_v4_final_salvage:a58a071bd0f2cf7301e5,processed/v4/xlsr_sls_model_v4_final_salvage_materialization_v1/ru_spoof/ae/aed4e285c381405b4309f465fa1b9eb98e54eccecbfcc13841f5d0fdd2b7133f.wav,0eba039130cbd5cf30d471ff2cb27d79ff4324a8590c796d75ee7a938e25d2ba,test,spoof,ru,false,qwen3_tts_customvoice_aiden_v4_final_salvage:fixed-profile:qwen3_tts_0_6b_customvoice_aiden_q8_0,qwen3_tts_customvoice_aiden_v4_final_salvage,"Apache-2.0: Qwen CustomVoice and tokenizer model cards, cstr GGUF conversion cards, and CrispASR runtime release; permitted only for this project's personal-research scope with no training, calibration, product, re-hosting, verified-speaker or speaker-independence claim","One-shot local text-only derivative of frozen common_voice_ru_v24_v4_final_salvage text 1679b09807cdf246b901ad386e03e7c967a533bf3528eadf70453791b592df8c; no reference audio, cloning, resynthesis, replacement or backfill",qwen3_tts_customvoice_aiden_v4_final_salvage:synthetic-profile:qwen3_tts_0_6b_customvoice_aiden_q8_0,1679b09807cdf246b901ad386e03e7c967a533bf3528eadf70453791b592df8c,8978103fa865b08ef16150194fe399d202b1a01f63c5412bce545101ca6965e0,5.76,qwen3_tts_customvoice_gguf,Qwen3-TTS 0.6B CustomVoice Q8_0 GGUF,talker-cstr-29094dcb46f19b0898616aa9aeb876aa9aa6e086-5227dcbc4df7c5533341d111cc469fa491a48e722b23dd10f553181b52dff2d9; codec-cstr-344e279551177654762e5c7d39e217834325f222-70dc95dbfdd9aa5d9d406236ff771d061bf17b0cda02a72513953355606e719b; crispasr-v0.8.28-99e990ae-c2413af7d5e70a166b74fe96f5afb6d7463f1414a5ac2dea7cd982da9f83f827; fixed-aiden; wrapper-f02d93fd7ee064539771a868c5033bc163bec1c94c838eb1152c52eb7eb677b7,qwen3_tts_customvoice:aiden,not_applicable:text_only_no_reference_audio,cuda:0,offline_text_only_final_materialization,16000,wav,synthesis_text_sha256=8978103fa865b08ef16150194fe399d202b1a01f63c5412bce545101ca6965e0;reference_audio=forbidden;voice_cloning=false,2306347071,2026-08-16T01:00:00+06:00
qwen3_tts_customvoice_aiden_v4_final_salvage:e22802525bfb5dbd09b0,processed/v4/xlsr_sls_model_v4_final_salvage_materialization_v1/ru_spoof/ac/acfe6eff8cac7723c4199c05b1ead9a1f66bd40816c29e96f87c9f3d9b7bf60f.wav,7f656878568f4f9ff9c676bad160df849c69d27e43044bb07a6e527f4367b35b,test,spoof,ru,false,qwen3_tts_customvoice_aiden_v4_final_salvage:fixed-profile:qwen3_tts_0_6b_customvoice_aiden_q8_0,qwen3_tts_customvoice_aiden_v4_final_salvage,"Apache-2.0: Qwen CustomVoice and tokenizer model cards, cstr GGUF conversion cards, and CrispASR runtime release; permitted only for this project's personal-research scope with no training, calibration, product, re-hosting, verified-speaker or speaker-independence claim","One-shot local text-only derivative of frozen common_voice_ru_v24_v4_final_salvage text 47eda024685c0019510113b57fbaaa7a6579b0af92fb99925f154042a1672c10; no reference audio, cloning, resynthesis, replacement or backfill",qwen3_tts_customvoice_aiden_v4_final_salvage:synthetic-profile:qwen3_tts_0_6b_customvoice_aiden_q8_0,47eda024685c0019510113b57fbaaa7a6579b0af92fb99925f154042a1672c10,091f35d26ddabab46b931b29d7ef21be08e3cfea1c26c426196fcb3e2bc1c0c4,7.04,qwen3_tts_customvoice_gguf,Qwen3-TTS 0.6B CustomVoice Q8_0 GGUF,talker-cstr-29094dcb46f19b0898616aa9aeb876aa9aa6e086-5227dcbc4df7c5533341d111cc469fa491a48e722b23dd10f553181b52dff2d9; codec-cstr-344e279551177654762e5c7d39e217834325f222-70dc95dbfdd9aa5d9d406236ff771d061bf17b0cda02a72513953355606e719b; crispasr-v0.8.28-99e990ae-c2413af7d5e70a166b74fe96f5afb6d7463f1414a5ac2dea7cd982da9f83f827; fixed-aiden; wrapper-f02d93fd7ee064539771a868c5033bc163bec1c94c838eb1152c52eb7eb677b7,qwen3_tts_customvoice:aiden,not_applicable:text_only_no_reference_audio,cuda:0,offline_text_only_final_materialization,16000,wav,synthesis_text_sha256=091f35d26ddabab46b931b29d7ef21be08e3cfea1c26c426196fcb3e2bc1c0c4;reference_audio=forbidden;voice_cloning=false,153040338,2026-08-16T01:00:00+06:00
qwen3_tts_customvoice_aiden_v4_final_salvage:7f0fc382ff82992f1d92,processed/v4/xlsr_sls_model_v4_final_salvage_materialization_v1/ru_spoof/de/dee4f23ef89aaf8e8444aca9ca09ca89eb697077ed3f8f524d4003c1697c93d3.wav,5cf012e955b3903eb801a49237afde8baa36337b9eef5f1f21966e4ea19cfb72,test,spoof,ru,false,qwen3_tts_customvoice_aiden_v4_final_salvage:fixed-profile:qwen3_tts_0_6b_customvoice_aiden_q8_0,qwen3_tts_customvoice_aiden_v4_final_salvage,"Apache-2.0: Qwen CustomVoice and tokenizer model cards, cstr GGUF conversion cards, and CrispASR runtime release; permitted only for this project's personal-research scope with no training, calibration, product, re-hosting, verified-speaker or speaker-independence claim","One-shot local text-only derivative of frozen common_voice_ru_v24_v4_final_salvage text aa9b5c120cb8f52ba0e4fa0a74be3ee4efcc53d668f354aeda37ed5e08a17c76; no reference audio, cloning, resynthesis, replacement or backfill",qwen3_tts_customvoice_aiden_v4_final_salvage:synthetic-profile:qwen3_tts_0_6b_customvoice_aiden_q8_0,aa9b5c120cb8f52ba0e4fa0a74be3ee4efcc53d668f354aeda37ed5e08a17c76,02aca0cafa6bcad45ddacf27aaba329cc3dd7e3135c965abbc6398d7431b143e,3.52,qwen3_tts_customvoice_gguf,Qwen3-TTS 0.6B CustomVoice Q8_0 GGUF,talker-cstr-29094dcb46f19b0898616aa9aeb876aa9aa6e086-5227dcbc4df7c5533341d111cc469fa491a48e722b23dd10f553181b52dff2d9; codec-cstr-344e279551177654762e5c7d39e217834325f222-70dc95dbfdd9aa5d9d406236ff771d061bf17b0cda02a72513953355606e719b; crispasr-v0.8.28-99e990ae-c2413af7d5e70a166b74fe96f5afb6d7463f1414a5ac2dea7cd982da9f83f827; fixed-aiden; wrapper-f02d93fd7ee064539771a868c5033bc163bec1c94c838eb1152c52eb7eb677b7,qwen3_tts_customvoice:aiden,not_applicable:text_only_no_reference_audio,cuda:0,offline_text_only_final_materialization,16000,wav,synthesis_text_sha256=02aca0cafa6bcad45ddacf27aaba329cc3dd7e3135c965abbc6398d7431b143e;reference_audio=forbidden;voice_cloning=false,44867786,2026-08-16T01:00:00+06:00
qwen3_tts_customvoice_aiden_v4_final_salvage:a5038cd7a9f7d2c42ac7,processed/v4/xlsr_sls_model_v4_final_salvage_materialization_v1/ru_spoof/31/312b80e67cf3313ac2448ebc21e4ea1a9f69ccfcd6de806f38a7e5a77c12e405.wav,70e4dcb3a65a237567db4dd8cad2901fecfffd9d818a7298c9431d7e2c8c4001,test,spoof,ru,false,qwen3_tts_customvoice_aiden_v4_final_salvage:fixed-profile:qwen3_tts_0_6b_customvoice_aiden_q8_0,qwen3_tts_customvoice_aiden_v4_final_salvage,"Apache-2.0: Qwen CustomVoice and tokenizer model cards, cstr GGUF conversion cards, and CrispASR runtime release; permitted only for this project's personal-research scope with no training, calibration, product, re-hosting, verified-speaker or speaker-independence claim","One-shot local text-only derivative of frozen common_voice_ru_v24_v4_final_salvage text 5b49a8dffbb4779c12af823e2e83b1b2bf93add623aded5c3949302bd329dc5a; no reference audio, cloning, resynthesis, replacement or backfill",qwen3_tts_customvoice_aiden_v4_final_salvage:synthetic-profile:qwen3_tts_0_6b_customvoice_aiden_q8_0,5b49a8dffbb4779c12af823e2e83b1b2bf93add623aded5c3949302bd329dc5a,5db9342691e8e9ad85aedb8346d8e386f96952656baee2b21d898547036c0eec,4.16,qwen3_tts_customvoice_gguf,Qwen3-TTS 0.6B CustomVoice Q8_0 GGUF,talker-cstr-29094dcb46f19b0898616aa9aeb876aa9aa6e086-5227dcbc4df7c5533341d111cc469fa491a48e722b23dd10f553181b52dff2d9; codec-cstr-344e279551177654762e5c7d39e217834325f222-70dc95dbfdd9aa5d9d406236ff771d061bf17b0cda02a72513953355606e719b; crispasr-v0.8.28-99e990ae-c2413af7d5e70a166b74fe96f5afb6d7463f1414a5ac2dea7cd982da9f83f827; fixed-aiden; wrapper-f02d93fd7ee064539771a868c5033bc163bec1c94c838eb1152c52eb7eb677b7,qwen3_tts_customvoice:aiden,not_applicable:text_only_no_reference_audio,cuda:0,offline_text_only_final_materialization,16000,wav,synthesis_text_sha256=5db9342691e8e9ad85aedb8346d8e386f96952656baee2b21d898547036c0eec;reference_audio=forbidden;voice_cloning=false,1572418598,2026-08-16T01:00:00+06:00
qwen3_tts_customvoice_aiden_v4_final_salvage:47caf38a55e1b597ae96,processed/v4/xlsr_sls_model_v4_final_salvage_materialization_v1/ru_spoof/0c/0c51deb7f84d657fa8f70c84669874a39a723aafe84646d20c96208ba545d8bd.wav,95936538db04fda21ef576591ab94b2b074a9e5e969995793756ea06a2c01222,test,spoof,ru,false,qwen3_tts_customvoice_aiden_v4_final_salvage:fixed-profile:qwen3_tts_0_6b_customvoice_aiden_q8_0,qwen3_tts_customvoice_aiden_v4_final_salvage,"Apache-2.0: Qwen CustomVoice and tokenizer model cards, cstr GGUF conversion cards, and CrispASR runtime release; permitted only for this project's personal-research scope with no training, calibration, product, re-hosting, verified-speaker or speaker-independence claim","One-shot local text-only derivative of frozen common_voice_ru_v24_v4_final_salvage text 31e35b5d50e328f3a88a58b294e94efcba72b5a5f1451bd5322ea5807efe87b6; no reference audio, cloning, resynthesis, replacement or backfill",qwen3_tts_customvoice_aiden_v4_final_salvage:synthetic-profile:qwen3_tts_0_6b_customvoice_aiden_q8_0,31e35b5d50e328f3a88a58b294e94efcba72b5a5f1451bd5322ea5807efe87b6,200beb774bc39b20c00ede069dd3d6b276f482bad5236c8dc914ab6e54932d50,5.2,qwen3_tts_customvoice_gguf,Qwen3-TTS 0.6B CustomVoice Q8_0 GGUF,talker-cstr-29094dcb46f19b0898616aa9aeb876aa9aa6e086-5227dcbc4df7c5533341d111cc469fa491a48e722b23dd10f553181b52dff2d9; codec-cstr-344e279551177654762e5c7d39e217834325f222-70dc95dbfdd9aa5d9d406236ff771d061bf17b0cda02a72513953355606e719b; crispasr-v0.8.28-99e990ae-c2413af7d5e70a166b74fe96f5afb6d7463f1414a5ac2dea7cd982da9f83f827; fixed-aiden; wrapper-f02d93fd7ee064539771a868c5033bc163bec1c94c838eb1152c52eb7eb677b7,qwen3_tts_customvoice:aiden,not_applicable:text_only_no_reference_audio,cuda:0,offline_text_only_final_materialization,16000,wav,synthesis_text_sha256=200beb774bc39b20c00ede069dd3d6b276f482bad5236c8dc914ab6e54932d50;reference_audio=forbidden;voice_cloning=false,537652087,2026-08-16T01:00:00+06:00
qwen3_tts_customvoice_aiden_v4_final_salvage:48a464e9d22952ffe33e,processed/v4/xlsr_sls_model_v4_final_salvage_materialization_v1/ru_spoof/d9/d97dadc5dd1c4c2437458121a5e55df0af5fc696ad2e8e6b53800c919544c60c.wav,2e56d933927946a6f4c1ffde1229594993023bbcd710a60a920b1d0ee7483bbe,test,spoof,ru,false,qwen3_tts_customvoice_aiden_v4_final_salvage:fixed-profile:qwen3_tts_0_6b_customvoice_aiden_q8_0,qwen3_tts_customvoice_aiden_v4_final_salvage,"Apache-2.0: Qwen CustomVoice and tokenizer model cards, cstr GGUF conversion cards, and CrispASR runtime release; permitted only for this project's personal-research scope with no training, calibration, product, re-hosting, verified-speaker or speaker-independence claim","One-shot local text-only derivative of frozen common_voice_ru_v24_v4_final_salvage text c8ea8b57746314bf5814b95978f0b57c57e22ee0bfaa6b418fafc4b3430d5060; no reference audio, cloning, resynthesis, replacement or backfill",qwen3_tts_customvoice_aiden_v4_final_salvage:synthetic-profile:qwen3_tts_0_6b_customvoice_aiden_q8_0,c8ea8b57746314bf5814b95978f0b57c57e22ee0bfaa6b418fafc4b3430d5060,563fdfc1df40c12877c30daac176f591f2958ea4eab7151f1d1188eef0ecf658,7.68,qwen3_tts_customvoice_gguf,Qwen3-TTS 0.6B CustomVoice Q8_0 GGUF,talker-cstr-29094dcb46f19b0898616aa9aeb876aa9aa6e086-5227dcbc4df7c5533341d111cc469fa491a48e722b23dd10f553181b52dff2d9; codec-cstr-344e279551177654762e5c7d39e217834325f222-70dc95dbfdd9aa5d9d406236ff771d061bf17b0cda02a72513953355606e719b; crispasr-v0.8.28-99e990ae-c2413af7d5e70a166b74fe96f5afb6d7463f1414a5ac2dea7cd982da9f83f827; fixed-aiden; wrapper-f02d93fd7ee064539771a868c5033bc163bec1c94c838eb1152c52eb7eb677b7,qwen3_tts_customvoice:aiden,not_applicable:text_only_no_reference_audio,cuda:0,offline_text_only_final_materialization,16000,wav,synthesis_text_sha256=563fdfc1df40c12877c30daac176f591f2958ea4eab7151f1d1188eef0ecf658;reference_audio=forbidden;voice_cloning=false,1447026625,2026-08-16T01:00:00+06:00
qwen3_tts_customvoice_aiden_v4_final_salvage:97663e9d92f431e1d146,processed/v4/xlsr_sls_model_v4_final_salvage_materialization_v1/ru_spoof/84/8424a7ddf7a945f3f5c0b6a5ad5fadf9d60cdee663ca5dc3ff0255d147f1efb6.wav,27afd3d9c8e6eaa07b297e7b669fb91d8a88e7713b65a9f919165e28053e313c,test,spoof,ru,false,qwen3_tts_customvoice_aiden_v4_final_salvage:fixed-profile:qwen3_tts_0_6b_customvoice_aiden_q8_0,qwen3_tts_customvoice_aiden_v4_final_salvage,"Apache-2.0: Qwen CustomVoice and tokenizer model cards, cstr GGUF conversion cards, and CrispASR runtime release; permitted only for this project's personal-research scope with no training, calibration, product, re-hosting, verified-speaker or speaker-independence claim","One-shot local text-only derivative of frozen common_voice_ru_v24_v4_final_salvage text 2717ad935ceb26155d4dd8f83a0205866f416e385f21f39879cbb8a1a77aac2a; no reference audio, cloning, resynthesis, replacement or backfill",qwen3_tts_customvoice_aiden_v4_final_salvage:synthetic-profile:qwen3_tts_0_6b_customvoice_aiden_q8_0,2717ad935ceb26155d4dd8f83a0205866f416e385f21f39879cbb8a1a77aac2a,20eb74984447e41189d6cb52decb77bb004e9b4733ad8177847bc6f1aa2fe602,4.08,qwen3_tts_customvoice_gguf,Qwen3-TTS 0.6B CustomVoice Q8_0 GGUF,talker-cstr-29094dcb46f19b0898616aa9aeb876aa9aa6e086-5227dcbc4df7c5533341d111cc469fa491a48e722b23dd10f553181b52dff2d9; codec-cstr-344e279551177654762e5c7d39e217834325f222-70dc95dbfdd9aa5d9d406236ff771d061bf17b0cda02a72513953355606e719b; crispasr-v0.8.28-99e990ae-c2413af7d5e70a166b74fe96f5afb6d7463f1414a5ac2dea7cd982da9f83f827; fixed-aiden; wrapper-f02d93fd7ee064539771a868c5033bc163bec1c94c838eb1152c52eb7eb677b7,qwen3_tts_customvoice:aiden,not_applicable:text_only_no_reference_audio,cuda:0,offline_text_only_final_materialization,16000,wav,synthesis_text_sha256=20eb74984447e41189d6cb52decb77bb004e9b4733ad8177847bc6f1aa2fe602;reference_audio=forbidden;voice_cloning=false,552301720,2026-08-16T01:00:00+06:00
qwen3_tts_customvoice_aiden_v4_final_salvage:f3c04ddbf6e9dae5ea68,processed/v4/xlsr_sls_model_v4_final_salvage_materialization_v1/ru_spoof/9d/9dd67591f227530f1ff8896e5dba51b2553b611037d1609187068c83bf150d39.wav,14fb521a59455c75f8a03d24f5c71ea1d4a95f761fc3a85762567a7793b44812,test,spoof,ru,false,qwen3_tts_customvoice_aiden_v4_final_salvage:fixed-profile:qwen3_tts_0_6b_customvoice_aiden_q8_0,qwen3_tts_customvoice_aiden_v4_final_salvage,"Apache-2.0: Qwen CustomVoice and tokenizer model cards, cstr GGUF conversion cards, and CrispASR runtime release; permitted only for this project's personal-research scope with no training, calibration, product, re-hosting, verified-speaker or speaker-independence claim","One-shot local text-only derivative of frozen common_voice_ru_v24_v4_final_salvage text 9d369c5f41216a24806a3f27b48aa35d7c4560ce84bd4b7f543552b13e2d5a56; no reference audio, cloning, resynthesis, replacement or backfill",qwen3_tts_customvoice_aiden_v4_final_salvage:synthetic-profile:qwen3_tts_0_6b_customvoice_aiden_q8_0,9d369c5f41216a24806a3f27b48aa35d7c4560ce84bd4b7f543552b13e2d5a56,bb8765d2c7bacdcad787cc3b661253d8eed1da194ecfc99f727a36316e85880a,3.76,qwen3_tts_customvoice_gguf,Qwen3-TTS 0.6B CustomVoice Q8_0 GGUF,talker-cstr-29094dcb46f19b0898616aa9aeb876aa9aa6e086-5227dcbc4df7c5533341d111cc469fa491a48e722b23dd10f553181b52dff2d9; codec-cstr-344e279551177654762e5c7d39e217834325f222-70dc95dbfdd9aa5d9d406236ff771d061bf17b0cda02a72513953355606e719b; crispasr-v0.8.28-99e990ae-c2413af7d5e70a166b74fe96f5afb6d7463f1414a5ac2dea7cd982da9f83f827; fixed-aiden; wrapper-f02d93fd7ee064539771a868c5033bc163bec1c94c838eb1152c52eb7eb677b7,qwen3_tts_customvoice:aiden,not_applicable:text_only_no_reference_audio,cuda:0,offline_text_only_final_materialization,16000,wav,synthesis_text_sha256=bb8765d2c7bacdcad787cc3b661253d8eed1da194ecfc99f727a36316e85880a;reference_audio=forbidden;voice_cloning=false,3146212818,2026-08-16T01:00:00+06:00
qwen3_tts_customvoice_aiden_v4_final_salvage:7561704e0fea74f66008,processed/v4/xlsr_sls_model_v4_final_salvage_materialization_v1/ru_spoof/8f/8f597b2c00935b8b8cca04a441913ac90294eeccef3d69cb10e749542888530d.wav,bf983a18be13e92dc1a3ed3e68db9cd069f965f5239d64a65867a65d0adc528f,test,spoof,ru,false,qwen3_tts_customvoice_aiden_v4_final_salvage:fixed-profile:qwen3_tts_0_6b_customvoice_aiden_q8_0,qwen3_tts_customvoice_aiden_v4_final_salvage,"Apache-2.0: Qwen CustomVoice and tokenizer model cards, cstr GGUF conversion cards, and CrispASR runtime release; permitted only for this project's personal-research scope with no training, calibration, product, re-hosting, verified-speaker or speaker-independence claim","One-shot local text-only derivative of frozen common_voice_ru_v24_v4_final_salvage text acd6ade44c86aa1e52ac324fae9591751847245575f24254768d4d2543daa804; no reference audio, cloning, resynthesis, replacement or backfill",qwen3_tts_customvoice_aiden_v4_final_salvage:synthetic-profile:qwen3_tts_0_6b_customvoice_aiden_q8_0,acd6ade44c86aa1e52ac324fae9591751847245575f24254768d4d2543daa804,2317b58d7c9055c3ca7d798a37161ef3e4b508f55f762111cf5c9fc8b117d21b,5.2,qwen3_tts_customvoice_gguf,Qwen3-TTS 0.6B CustomVoice Q8_0 GGUF,talker-cstr-29094dcb46f19b0898616aa9aeb876aa9aa6e086-5227dcbc4df7c5533341d111cc469fa491a48e722b23dd10f553181b52dff2d9; codec-cstr-344e279551177654762e5c7d39e217834325f222-70dc95dbfdd9aa5d9d406236ff771d061bf17b0cda02a72513953355606e719b; crispasr-v0.8.28-99e990ae-c2413af7d5e70a166b74fe96f5afb6d7463f1414a5ac2dea7cd982da9f83f827; fixed-aiden; wrapper-f02d93fd7ee064539771a868c5033bc163bec1c94c838eb1152c52eb7eb677b7,qwen3_tts_customvoice:aiden,not_applicable:text_only_no_reference_audio,cuda:0,offline_text_only_final_materialization,16000,wav,synthesis_text_sha256=2317b58d7c9055c3ca7d798a37161ef3e4b508f55f762111cf5c9fc8b117d21b;reference_audio=forbidden;voice_cloning=false,588756365,2026-08-16T01:00:00+06:00
qwen3_tts_customvoice_aiden_v4_final_salvage:7e7f7fed9fad1e242edf,processed/v4/xlsr_sls_model_v4_final_salvage_materialization_v1/ru_spoof/74/7418853aca0ff2d3c3d4265e950910acaa055d7560a7a23d41e697d65d304eb8.wav,0afbba30aa833e7293f940e5f29c7139eac3f97cd9510881f1cb862c2277038e,test,spoof,ru,false,qwen3_tts_customvoice_aiden_v4_final_salvage:fixed-profile:qwen3_tts_0_6b_customvoice_aiden_q8_0,qwen3_tts_customvoice_aiden_v4_final_salvage,"Apache-2.0: Qwen CustomVoice and tokenizer model cards, cstr GGUF conversion cards, and CrispASR runtime release; permitted only for this project's personal-research scope with no training, calibration, product, re-hosting, verified-speaker or speaker-independence claim","One-shot local text-only derivative of frozen common_voice_ru_v24_v4_final_salvage text 8241cf63e0133fc80bdc2befd85e55e2c3c567fd07d66ce3c5286b8f0d86083d; no reference audio, cloning, resynthesis, replacement or backfill",qwen3_tts_customvoice_aiden_v4_final_salvage:synthetic-profile:qwen3_tts_0_6b_customvoice_aiden_q8_0,8241cf63e0133fc80bdc2befd85e55e2c3c567fd07d66ce3c5286b8f0d86083d,4b674643256f55f797de8df9dad1d31e391bfcd88c3808c8ad3e4727da70c914,9.68,qwen3_tts_customvoice_gguf,Qwen3-TTS 0.6B CustomVoice Q8_0 GGUF,talker-cstr-29094dcb46f19b0898616aa9aeb876aa9aa6e086-5227dcbc4df7c5533341d111cc469fa491a48e722b23dd10f553181b52dff2d9; codec-cstr-344e279551177654762e5c7d39e217834325f222-70dc95dbfdd9aa5d9d406236ff771d061bf17b0cda02a72513953355606e719b; crispasr-v0.8.28-99e990ae-c2413af7d5e70a166b74fe96f5afb6d7463f1414a5ac2dea7cd982da9f83f827; fixed-aiden; wrapper-f02d93fd7ee064539771a868c5033bc163bec1c94c838eb1152c52eb7eb677b7,qwen3_tts_customvoice:aiden,not_applicable:text_only_no_reference_audio,cuda:0,offline_text_only_final_materialization,16000,wav,synthesis_text_sha256=4b674643256f55f797de8df9dad1d31e391bfcd88c3808c8ad3e4727da70c914;reference_audio=forbidden;voice_cloning=false,1265059395,2026-08-16T01:00:00+06:00
qwen3_tts_customvoice_aiden_v4_final_salvage:2f4b4d622805e81c409b,processed/v4/xlsr_sls_model_v4_final_salvage_materialization_v1/ru_spoof/4f/4fe84f25cd6b940d6011ab664dbe33923915246e535f853efa263b6bd048c13f.wav,5debd5fdf17738d3ac97c5f13f544e8a18a41e5a59424ff5519b93bdc8536533,test,spoof,ru,false,qwen3_tts_customvoice_aiden_v4_final_salvage:fixed-profile:qwen3_tts_0_6b_customvoice_aiden_q8_0,qwen3_tts_customvoice_aiden_v4_final_salvage,"Apache-2.0: Qwen CustomVoice and tokenizer model cards, cstr GGUF conversion cards, and CrispASR runtime release; permitted only for this project's personal-research scope with no training, calibration, product, re-hosting, verified-speaker or speaker-independence claim","One-shot local text-only derivative of frozen common_voice_ru_v24_v4_final_salvage text 65e545053b900c098d70aa003027371cadec401ecdd22e931dbee1ff292f978d; no reference audio, cloning, resynthesis, replacement or backfill",qwen3_tts_customvoice_aiden_v4_final_salvage:synthetic-profile:qwen3_tts_0_6b_customvoice_aiden_q8_0,65e545053b900c098d70aa003027371cadec401ecdd22e931dbee1ff292f978d,48df7e38afde219817c44da929829a085dd28c72c0735854f80b7e653c1cec2d,4.16,qwen3_tts_customvoice_gguf,Qwen3-TTS 0.6B CustomVoice Q8_0 GGUF,talker-cstr-29094dcb46f19b0898616aa9aeb876aa9aa6e086-5227dcbc4df7c5533341d111cc469fa491a48e722b23dd10f553181b52dff2d9; codec-cstr-344e279551177654762e5c7d39e217834325f222-70dc95dbfdd9aa5d9d406236ff771d061bf17b0cda02a72513953355606e719b; crispasr-v0.8.28-99e990ae-c2413af7d5e70a166b74fe96f5afb6d7463f1414a5ac2dea7cd982da9f83f827; fixed-aiden; wrapper-f02d93fd7ee064539771a868c5033bc163bec1c94c838eb1152c52eb7eb677b7,qwen3_tts_customvoice:aiden,not_applicable:text_only_no_reference_audio,cuda:0,offline_text_only_final_materialization,16000,wav,synthesis_text_sha256=48df7e38afde219817c44da929829a085dd28c72c0735854f80b7e653c1cec2d;reference_audio=forbidden;voice_cloning=false,1222606392,2026-08-16T01:00:00+06:00
qwen3_tts_customvoice_aiden_v4_final_salvage:209345968760d0f74df0,processed/v4/xlsr_sls_model_v4_final_salvage_materialization_v1/ru_spoof/b8/b80b0d2f2880f52c5be100e9e874030571391bde3db4c10e06d58115ca4b424a.wav,f9292af32b1f47fdbcbb7ebd4a032fdb7036b210025504e159710357aa778525,test,spoof,ru,false,qwen3_tts_customvoice_aiden_v4_final_salvage:fixed-profile:qwen3_tts_0_6b_customvoice_aiden_q8_0,qwen3_tts_customvoice_aiden_v4_final_salvage,"Apache-2.0: Qwen CustomVoice and tokenizer model cards, cstr GGUF conversion cards, and CrispASR runtime release; permitted only for this project's personal-research scope with no training, calibration, product, re-hosting, verified-speaker or speaker-independence claim","One-shot local text-only derivative of frozen common_voice_ru_v24_v4_final_salvage text 87882ccd8cf94ec7f764fc51e7730e9673ce9104140100645c0d849192196b4d; no reference audio, cloning, resynthesis, replacement or backfill",qwen3_tts_customvoice_aiden_v4_final_salvage:synthetic-profile:qwen3_tts_0_6b_customvoice_aiden_q8_0,87882ccd8cf94ec7f764fc51e7730e9673ce9104140100645c0d849192196b4d,ca8ebf50275925e322e1b36bdcc2c466ccfa61182c7306cfc9617a3fbde1d81a,5.28,qwen3_tts_customvoice_gguf,Qwen3-TTS 0.6B CustomVoice Q8_0 GGUF,talker-cstr-29094dcb46f19b0898616aa9aeb876aa9aa6e086-5227dcbc4df7c5533341d111cc469fa491a48e722b23dd10f553181b52dff2d9; codec-cstr-344e279551177654762e5c7d39e217834325f222-70dc95dbfdd9aa5d9d406236ff771d061bf17b0cda02a72513953355606e719b; crispasr-v0.8.28-99e990ae-c2413af7d5e70a166b74fe96f5afb6d7463f1414a5ac2dea7cd982da9f83f827; fixed-aiden; wrapper-f02d93fd7ee064539771a868c5033bc163bec1c94c838eb1152c52eb7eb677b7,qwen3_tts_customvoice:aiden,not_applicable:text_only_no_reference_audio,cuda:0,offline_text_only_final_materialization,16000,wav,synthesis_text_sha256=ca8ebf50275925e322e1b36bdcc2c466ccfa61182c7306cfc9617a3fbde1d81a;reference_audio=forbidden;voice_cloning=false,3398352720,2026-08-16T01:00:00+06:00
qwen3_tts_customvoice_aiden_v4_final_salvage:a43ec027c9f7d743c305,processed/v4/xlsr_sls_model_v4_final_salvage_materialization_v1/ru_spoof/74/74f6ed600d46f72e33c972833469e519220b2500b6458d26cdab3cab1f0aadce.wav,0414fab32b2713a5b0e13336aa440bc0b3c6788303578e9e02b6633efbc6b898,test,spoof,ru,false,qwen3_tts_customvoice_aiden_v4_final_salvage:fixed-profile:qwen3_tts_0_6b_customvoice_aiden_q8_0,qwen3_tts_customvoice_aiden_v4_final_salvage,"Apache-2.0: Qwen CustomVoice and tokenizer model cards, cstr GGUF conversion cards, and CrispASR runtime release; permitted only for this project's personal-research scope with no training, calibration, product, re-hosting, verified-speaker or speaker-independence claim","One-shot local text-only derivative of frozen common_voice_ru_v24_v4_final_salvage text 3b146d7a787c4e054ab91c0663d89acf22ea37ba272172ae0e5cc19dd1aad4d4; no reference audio, cloning, resynthesis, replacement or backfill",qwen3_tts_customvoice_aiden_v4_final_salvage:synthetic-profile:qwen3_tts_0_6b_customvoice_aiden_q8_0,3b146d7a787c4e054ab91c0663d89acf22ea37ba272172ae0e5cc19dd1aad4d4,0553db0a34a3b238cd03bb676f86065dab8d3783706dbad0a095e9973cea0193,3.68,qwen3_tts_customvoice_gguf,Qwen3-TTS 0.6B CustomVoice Q8_0 GGUF,talker-cstr-29094dcb46f19b0898616aa9aeb876aa9aa6e086-5227dcbc4df7c5533341d111cc469fa491a48e722b23dd10f553181b52dff2d9; codec-cstr-344e279551177654762e5c7d39e217834325f222-70dc95dbfdd9aa5d9d406236ff771d061bf17b0cda02a72513953355606e719b; crispasr-v0.8.28-99e990ae-c2413af7d5e70a166b74fe96f5afb6d7463f1414a5ac2dea7cd982da9f83f827; fixed-aiden; wrapper-f02d93fd7ee064539771a868c5033bc163bec1c94c838eb1152c52eb7eb677b7,qwen3_tts_customvoice:aiden,not_applicable:text_only_no_reference_audio,cuda:0,offline_text_only_final_materialization,16000,wav,synthesis_text_sha256=0553db0a34a3b238cd03bb676f86065dab8d3783706dbad0a095e9973cea0193;reference_audio=forbidden;voice_cloning=false,89381642,2026-08-16T01:00:00+06:00
qwen3_tts_customvoice_aiden_v4_final_salvage:14a6afdcc10b4473095b,processed/v4/xlsr_sls_model_v4_final_salvage_materialization_v1/ru_spoof/83/838f7249684ba290e73a72610da5ae97a8d9fbdc3558750c6803e5eb2fce57aa.wav,3a680fa200f549de2e8e1ffdc79068c36468c5fc6805d2ace5a4d3fbdeff27f7,test,spoof,ru,false,qwen3_tts_customvoice_aiden_v4_final_salvage:fixed-profile:qwen3_tts_0_6b_customvoice_aiden_q8_0,qwen3_tts_customvoice_aiden_v4_final_salvage,"Apache-2.0: Qwen CustomVoice and tokenizer model cards, cstr GGUF conversion cards, and CrispASR runtime release; permitted only for this project's personal-research scope with no training, calibration, product, re-hosting, verified-speaker or speaker-independence claim","One-shot local text-only derivative of frozen common_voice_ru_v24_v4_final_salvage text bfdd7ed498413564522396552eac9debd2ae0c7732e2ffbc8f25f98da1c4d8fc; no reference audio, cloning, resynthesis, replacement or backfill",qwen3_tts_customvoice_aiden_v4_final_salvage:synthetic-profile:qwen3_tts_0_6b_customvoice_aiden_q8_0,bfdd7ed498413564522396552eac9debd2ae0c7732e2ffbc8f25f98da1c4d8fc,49dc0c7d1b56c37370a9719893e35bcea6ab75da50317e217e53be34c0701286,7.36,qwen3_tts_customvoice_gguf,Qwen3-TTS 0.6B CustomVoice Q8_0 GGUF,talker-cstr-29094dcb46f19b0898616aa9aeb876aa9aa6e086-5227dcbc4df7c5533341d111cc469fa491a48e722b23dd10f553181b52dff2d9; codec-cstr-344e279551177654762e5c7d39e217834325f222-70dc95dbfdd9aa5d9d406236ff771d061bf17b0cda02a72513953355606e719b; crispasr-v0.8.28-99e990ae-c2413af7d5e70a166b74fe96f5afb6d7463f1414a5ac2dea7cd982da9f83f827; fixed-aiden; wrapper-f02d93fd7ee064539771a868c5033bc163bec1c94c838eb1152c52eb7eb677b7,qwen3_tts_customvoice:aiden,not_applicable:text_only_no_reference_audio,cuda:0,offline_text_only_final_materialization,16000,wav,synthesis_text_sha256=49dc0c7d1b56c37370a9719893e35bcea6ab75da50317e217e53be34c0701286;reference_audio=forbidden;voice_cloning=false,1239157885,2026-08-16T01:00:00+06:00
qwen3_tts_customvoice_aiden_v4_final_salvage:970e3f88f07b8eee3f49,processed/v4/xlsr_sls_model_v4_final_salvage_materialization_v1/ru_spoof/4b/4b17190d7d1e505e559d2642bb66449fe5c539316346f88133181e9a91c5df0a.wav,8153875bd7aa4bc702e2ef6a8a413bb18eb995afa3787a8552f3d11186454aa1,test,spoof,ru,false,qwen3_tts_customvoice_aiden_v4_final_salvage:fixed-profile:qwen3_tts_0_6b_customvoice_aiden_q8_0,qwen3_tts_customvoice_aiden_v4_final_salvage,"Apache-2.0: Qwen CustomVoice and tokenizer model cards, cstr GGUF conversion cards, and CrispASR runtime release; permitted only for this project's personal-research scope with no training, calibration, product, re-hosting, verified-speaker or speaker-independence claim","One-shot local text-only derivative of frozen common_voice_ru_v24_v4_final_salvage text 0745b5ec74041242ccc2d69f39f3bb67ef8ed407f90425a793add1e5fb88c62b; no reference audio, cloning, resynthesis, replacement or backfill",qwen3_tts_customvoice_aiden_v4_final_salvage:synthetic-profile:qwen3_tts_0_6b_customvoice_aiden_q8_0,0745b5ec74041242ccc2d69f39f3bb67ef8ed407f90425a793add1e5fb88c62b,5faf7b8647d763c152eb09d18ae8bf318b4dea035981b1ae1e4dda477282d937,4.56,qwen3_tts_customvoice_gguf,Qwen3-TTS 0.6B CustomVoice Q8_0 GGUF,talker-cstr-29094dcb46f19b0898616aa9aeb876aa9aa6e086-5227dcbc4df7c5533341d111cc469fa491a48e722b23dd10f553181b52dff2d9; codec-cstr-344e279551177654762e5c7d39e217834325f222-70dc95dbfdd9aa5d9d406236ff771d061bf17b0cda02a72513953355606e719b; crispasr-v0.8.28-99e990ae-c2413af7d5e70a166b74fe96f5afb6d7463f1414a5ac2dea7cd982da9f83f827; fixed-aiden; wrapper-f02d93fd7ee064539771a868c5033bc163bec1c94c838eb1152c52eb7eb677b7,qwen3_tts_customvoice:aiden,not_applicable:text_only_no_reference_audio,cuda:0,offline_text_only_final_materialization,16000,wav,synthesis_text_sha256=5faf7b8647d763c152eb09d18ae8bf318b4dea035981b1ae1e4dda477282d937;reference_audio=forbidden;voice_cloning=false,1605335942,2026-08-16T01:00:00+06:00
qwen3_tts_customvoice_aiden_v4_final_salvage:3eb3cc1ebc2312dea449,processed/v4/xlsr_sls_model_v4_final_salvage_materialization_v1/ru_spoof/a4/a46ecbd9479944a86f04c853f04e6e9a413aa51186cad16cc8835076dd420bea.wav,ab657d3375a916a376642fc1a6c608bf12208d7946632f6d8cbf6a7df2e5ece8,test,spoof,ru,false,qwen3_tts_customvoice_aiden_v4_final_salvage:fixed-profile:qwen3_tts_0_6b_customvoice_aiden_q8_0,qwen3_tts_customvoice_aiden_v4_final_salvage,"Apache-2.0: Qwen CustomVoice and tokenizer model cards, cstr GGUF conversion cards, and CrispASR runtime release; permitted only for this project's personal-research scope with no training, calibration, product, re-hosting, verified-speaker or speaker-independence claim","One-shot local text-only derivative of frozen common_voice_ru_v24_v4_final_salvage text ae59498dc96ec1bc62d146025dc06bb7cb44e2871651f0d8c3a1144b9ccf311a; no reference audio, cloning, resynthesis, replacement or backfill",qwen3_tts_customvoice_aiden_v4_final_salvage:synthetic-profile:qwen3_tts_0_6b_customvoice_aiden_q8_0,ae59498dc96ec1bc62d146025dc06bb7cb44e2871651f0d8c3a1144b9ccf311a,356b8020e0fd191a234834237836e6c072483508261cd81cd8bb1ea34e94741a,3.44,qwen3_tts_customvoice_gguf,Qwen3-TTS 0.6B CustomVoice Q8_0 GGUF,talker-cstr-29094dcb46f19b0898616aa9aeb876aa9aa6e086-5227dcbc4df7c5533341d111cc469fa491a48e722b23dd10f553181b52dff2d9; codec-cstr-344e279551177654762e5c7d39e217834325f222-70dc95dbfdd9aa5d9d406236ff771d061bf17b0cda02a72513953355606e719b; crispasr-v0.8.28-99e990ae-c2413af7d5e70a166b74fe96f5afb6d7463f1414a5ac2dea7cd982da9f83f827; fixed-aiden; wrapper-f02d93fd7ee064539771a868c5033bc163bec1c94c838eb1152c52eb7eb677b7,qwen3_tts_customvoice:aiden,not_applicable:text_only_no_reference_audio,cuda:0,offline_text_only_final_materialization,16000,wav,synthesis_text_sha256=356b8020e0fd191a234834237836e6c072483508261cd81cd8bb1ea34e94741a;reference_audio=forbidden;voice_cloning=false,896237600,2026-08-16T01:00:00+06:00
qwen3_tts_customvoice_aiden_v4_final_salvage:3154ccca686ce9411f14,processed/v4/xlsr_sls_model_v4_final_salvage_materialization_v1/ru_spoof/be/be4ec72c2c690782f7c729498719c9b0e416c27cf41a76ba00f59e0473374e36.wav,b276f9eb129a3a2cb5f01cda4320767b3752d0878cf1c027f1c08deac26088e9,test,spoof,ru,false,qwen3_tts_customvoice_aiden_v4_final_salvage:fixed-profile:qwen3_tts_0_6b_customvoice_aiden_q8_0,qwen3_tts_customvoice_aiden_v4_final_salvage,"Apache-2.0: Qwen CustomVoice and tokenizer model cards, cstr GGUF conversion cards, and CrispASR runtime release; permitted only for this project's personal-research scope with no training, calibration, product, re-hosting, verified-speaker or speaker-independence claim","One-shot local text-only derivative of frozen common_voice_ru_v24_v4_final_salvage text 894034d7d6a04fa834bf0ecabb90838a00e7bc1ea8484ae823a5087989ac75ca; no reference audio, cloning, resynthesis, replacement or backfill",qwen3_tts_customvoice_aiden_v4_final_salvage:synthetic-profile:qwen3_tts_0_6b_customvoice_aiden_q8_0,894034d7d6a04fa834bf0ecabb90838a00e7bc1ea8484ae823a5087989ac75ca,5f8a644a4be27adf1a40565b809bf11cde572758c3fd4a015e6d5001f86358c1,3.76,qwen3_tts_customvoice_gguf,Qwen3-TTS 0.6B CustomVoice Q8_0 GGUF,talker-cstr-29094dcb46f19b0898616aa9aeb876aa9aa6e086-5227dcbc4df7c5533341d111cc469fa491a48e722b23dd10f553181b52dff2d9; codec-cstr-344e279551177654762e5c7d39e217834325f222-70dc95dbfdd9aa5d9d406236ff771d061bf17b0cda02a72513953355606e719b; crispasr-v0.8.28-99e990ae-c2413af7d5e70a166b74fe96f5afb6d7463f1414a5ac2dea7cd982da9f83f827; fixed-aiden; wrapper-f02d93fd7ee064539771a868c5033bc163bec1c94c838eb1152c52eb7eb677b7,qwen3_tts_customvoice:aiden,not_applicable:text_only_no_reference_audio,cuda:0,offline_text_only_final_materialization,16000,wav,synthesis_text_sha256=5f8a644a4be27adf1a40565b809bf11cde572758c3fd4a015e6d5001f86358c1;reference_audio=forbidden;voice_cloning=false,1602905162,2026-08-16T01:00:00+06:00
qwen3_tts_customvoice_aiden_v4_final_salvage:6e7591b134e44698655e,processed/v4/xlsr_sls_model_v4_final_salvage_materialization_v1/ru_spoof/04/04fbc27d0f1abe74e0740491905658241efcc270cbddd1addcf35ce8f0fe9f57.wav,887219e96268aad27a181a3a5d02a399a8dcf9d798fd9b92e59372ed00ad7eb7,test,spoof,ru,false,qwen3_tts_customvoice_aiden_v4_final_salvage:fixed-profile:qwen3_tts_0_6b_customvoice_aiden_q8_0,qwen3_tts_customvoice_aiden_v4_final_salvage,"Apache-2.0: Qwen CustomVoice and tokenizer model cards, cstr GGUF conversion cards, and CrispASR runtime release; permitted only for this project's personal-research scope with no training, calibration, product, re-hosting, verified-speaker or speaker-independence claim","One-shot local text-only derivative of frozen common_voice_ru_v24_v4_final_salvage text 24082670b07e63197874f071685037e1dbff3652e1dd340fa5e4d715ade3d6f9; no reference audio, cloning, resynthesis, replacement or backfill",qwen3_tts_customvoice_aiden_v4_final_salvage:synthetic-profile:qwen3_tts_0_6b_customvoice_aiden_q8_0,24082670b07e63197874f071685037e1dbff3652e1dd340fa5e4d715ade3d6f9,88474d69d623e7f7269fd3ecb53949d0f836678e29ee893c447460c5a7eb4cf0,5.76,qwen3_tts_customvoice_gguf,Qwen3-TTS 0.6B CustomVoice Q8_0 GGUF,talker-cstr-29094dcb46f19b0898616aa9aeb876aa9aa6e086-5227dcbc4df7c5533341d111cc469fa491a48e722b23dd10f553181b52dff2d9; codec-cstr-344e279551177654762e5c7d39e217834325f222-70dc95dbfdd9aa5d9d406236ff771d061bf17b0cda02a72513953355606e719b; crispasr-v0.8.28-99e990ae-c2413af7d5e70a166b74fe96f5afb6d7463f1414a5ac2dea7cd982da9f83f827; fixed-aiden; wrapper-f02d93fd7ee064539771a868c5033bc163bec1c94c838eb1152c52eb7eb677b7,qwen3_tts_customvoice:aiden,not_applicable:text_only_no_reference_audio,cuda:0,offline_text_only_final_materialization,16000,wav,synthesis_text_sha256=88474d69d623e7f7269fd3ecb53949d0f836678e29ee893c447460c5a7eb4cf0;reference_audio=forbidden;voice_cloning=false,2286374249,2026-08-16T01:00:00+06:00
qwen3_tts_customvoice_aiden_v4_final_salvage:753cf11aca021c15a104,processed/v4/xlsr_sls_model_v4_final_salvage_materialization_v1/ru_spoof/90/902ffb025f59b7740666914d1c599ad1afe63360d89e3f578335b8c7d05086f7.wav,269b988cf7d4e892358752db199e960590c6dc6df4d048e057f42966051b8e3c,test,spoof,ru,false,qwen3_tts_customvoice_aiden_v4_final_salvage:fixed-profile:qwen3_tts_0_6b_customvoice_aiden_q8_0,qwen3_tts_customvoice_aiden_v4_final_salvage,"Apache-2.0: Qwen CustomVoice and tokenizer model cards, cstr GGUF conversion cards, and CrispASR runtime release; permitted only for this project's personal-research scope with no training, calibration, product, re-hosting, verified-speaker or speaker-independence claim","One-shot local text-only derivative of frozen common_voice_ru_v24_v4_final_salvage text 261cc96dd138fc799c0d3398a306a530f6026fb4c129e4d6e02d65fdbbe3df8e; no reference audio, cloning, resynthesis, replacement or backfill",qwen3_tts_customvoice_aiden_v4_final_salvage:synthetic-profile:qwen3_tts_0_6b_customvoice_aiden_q8_0,261cc96dd138fc799c0d3398a306a530f6026fb4c129e4d6e02d65fdbbe3df8e,f0f5355bb8dd55be8901729f426d66536e39a1d6176d6fb7197a783dd59a51fa,6.24,qwen3_tts_customvoice_gguf,Qwen3-TTS 0.6B CustomVoice Q8_0 GGUF,talker-cstr-29094dcb46f19b0898616aa9aeb876aa9aa6e086-5227dcbc4df7c5533341d111cc469fa491a48e722b23dd10f553181b52dff2d9; codec-cstr-344e279551177654762e5c7d39e217834325f222-70dc95dbfdd9aa5d9d406236ff771d061bf17b0cda02a72513953355606e719b; crispasr-v0.8.28-99e990ae-c2413af7d5e70a166b74fe96f5afb6d7463f1414a5ac2dea7cd982da9f83f827; fixed-aiden; wrapper-f02d93fd7ee064539771a868c5033bc163bec1c94c838eb1152c52eb7eb677b7,qwen3_tts_customvoice:aiden,not_applicable:text_only_no_reference_audio,cuda:0,offline_text_only_final_materialization,16000,wav,synthesis_text_sha256=f0f5355bb8dd55be8901729f426d66536e39a1d6176d6fb7197a783dd59a51fa;reference_audio=forbidden;voice_cloning=false,4042601819,2026-08-16T01:00:00+06:00
qwen3_tts_customvoice_aiden_v4_final_salvage:95a509028b29bf514a3e,processed/v4/xlsr_sls_model_v4_final_salvage_materialization_v1/ru_spoof/46/46cf003dc7198d6a1fa5f9d41cfc0403e55b1a0fb55adc21e83a7cdaf15b14ec.wav,d9b73182e946dde733547e9b072e3fa70acafba9f93cec74b21bc8f47ea89629,test,spoof,ru,false,qwen3_tts_customvoice_aiden_v4_final_salvage:fixed-profile:qwen3_tts_0_6b_customvoice_aiden_q8_0,qwen3_tts_customvoice_aiden_v4_final_salvage,"Apache-2.0: Qwen CustomVoice and tokenizer model cards, cstr GGUF conversion cards, and CrispASR runtime release; permitted only for this project's personal-research scope with no training, calibration, product, re-hosting, verified-speaker or speaker-independence claim","One-shot local text-only derivative of frozen common_voice_ru_v24_v4_final_salvage text 55fa63763ef205e1f3c22251a3a1a727926c17febfaa20ccd306fec63ea7ca60; no reference audio, cloning, resynthesis, replacement or backfill",qwen3_tts_customvoice_aiden_v4_final_salvage:synthetic-profile:qwen3_tts_0_6b_customvoice_aiden_q8_0,55fa63763ef205e1f3c22251a3a1a727926c17febfaa20ccd306fec63ea7ca60,bb0519dfe241a2db2b0a66aac6721917149b558e39da94b02c375a295b57ad83,3.84,qwen3_tts_customvoice_gguf,Qwen3-TTS 0.6B CustomVoice Q8_0 GGUF,talker-cstr-29094dcb46f19b0898616aa9aeb876aa9aa6e086-5227dcbc4df7c5533341d111cc469fa491a48e722b23dd10f553181b52dff2d9; codec-cstr-344e279551177654762e5c7d39e217834325f222-70dc95dbfdd9aa5d9d406236ff771d061bf17b0cda02a72513953355606e719b; crispasr-v0.8.28-99e990ae-c2413af7d5e70a166b74fe96f5afb6d7463f1414a5ac2dea7cd982da9f83f827; fixed-aiden; wrapper-f02d93fd7ee064539771a868c5033bc163bec1c94c838eb1152c52eb7eb677b7,qwen3_tts_customvoice:aiden,not_applicable:text_only_no_reference_audio,cuda:0,offline_text_only_final_materialization,16000,wav,synthesis_text_sha256=bb0519dfe241a2db2b0a66aac6721917149b558e39da94b02c375a295b57ad83;reference_audio=forbidden;voice_cloning=false,3137673695,2026-08-16T01:00:00+06:00
qwen3_tts_customvoice_aiden_v4_final_salvage:ac3793639b386327eae6,processed/v4/xlsr_sls_model_v4_final_salvage_materialization_v1/ru_spoof/74/741f41c497aea52646012acef8d8248020ec3028119834a7e6563fde3bd0deb1.wav,793e81f5edbeecba7b442c682fbdffb481e06863b78b72c6581ff8708557119a,test,spoof,ru,false,qwen3_tts_customvoice_aiden_v4_final_salvage:fixed-profile:qwen3_tts_0_6b_customvoice_aiden_q8_0,qwen3_tts_customvoice_aiden_v4_final_salvage,"Apache-2.0: Qwen CustomVoice and tokenizer model cards, cstr GGUF conversion cards, and CrispASR runtime release; permitted only for this project's personal-research scope with no training, calibration, product, re-hosting, verified-speaker or speaker-independence claim","One-shot local text-only derivative of frozen common_voice_ru_v24_v4_final_salvage text e5e41dfdeec1f8db5b7a8df6847415729172e2bbf392d181e45748eb2d4da959; no reference audio, cloning, resynthesis, replacement or backfill",qwen3_tts_customvoice_aiden_v4_final_salvage:synthetic-profile:qwen3_tts_0_6b_customvoice_aiden_q8_0,e5e41dfdeec1f8db5b7a8df6847415729172e2bbf392d181e45748eb2d4da959,9f58f7c979ae18afde7f4a1ed9efa6fa4e8ceaae6d40875873813416e147c9f7,4.32,qwen3_tts_customvoice_gguf,Qwen3-TTS 0.6B CustomVoice Q8_0 GGUF,talker-cstr-29094dcb46f19b0898616aa9aeb876aa9aa6e086-5227dcbc4df7c5533341d111cc469fa491a48e722b23dd10f553181b52dff2d9; codec-cstr-344e279551177654762e5c7d39e217834325f222-70dc95dbfdd9aa5d9d406236ff771d061bf17b0cda02a72513953355606e719b; crispasr-v0.8.28-99e990ae-c2413af7d5e70a166b74fe96f5afb6d7463f1414a5ac2dea7cd982da9f83f827; fixed-aiden; wrapper-f02d93fd7ee064539771a868c5033bc163bec1c94c838eb1152c52eb7eb677b7,qwen3_tts_customvoice:aiden,not_applicable:text_only_no_reference_audio,cuda:0,offline_text_only_final_materialization,16000,wav,synthesis_text_sha256=9f58f7c979ae18afde7f4a1ed9efa6fa4e8ceaae6d40875873813416e147c9f7;reference_audio=forbidden;voice_cloning=false,2673407945,2026-08-16T01:00:00+06:00
qwen3_tts_customvoice_aiden_v4_final_salvage:106eefebb65b60831e34,processed/v4/xlsr_sls_model_v4_final_salvage_materialization_v1/ru_spoof/02/027b45e1c48db3af8833d92f18522ea2c8bf5b15a1c50f091aece9488ebd3b34.wav,e0aa907dabbb0af17dd5a880f051a517c7a97e4dccbe40b67408ce6109ac3735,test,spoof,ru,false,qwen3_tts_customvoice_aiden_v4_final_salvage:fixed-profile:qwen3_tts_0_6b_customvoice_aiden_q8_0,qwen3_tts_customvoice_aiden_v4_final_salvage,"Apache-2.0: Qwen CustomVoice and tokenizer model cards, cstr GGUF conversion cards, and CrispASR runtime release; permitted only for this project's personal-research scope with no training, calibration, product, re-hosting, verified-speaker or speaker-independence claim","One-shot local text-only derivative of frozen common_voice_ru_v24_v4_final_salvage text 372baf0e25bf5a872c78c9cbd6ad222a8290c7b1077de1fbfcaed2815856b51b; no reference audio, cloning, resynthesis, replacement or backfill",qwen3_tts_customvoice_aiden_v4_final_salvage:synthetic-profile:qwen3_tts_0_6b_customvoice_aiden_q8_0,372baf0e25bf5a872c78c9cbd6ad222a8290c7b1077de1fbfcaed2815856b51b,30cf91be66798914632383d22c440452bf4f32b998042f192610225cc0c55c68,3.44,qwen3_tts_customvoice_gguf,Qwen3-TTS 0.6B CustomVoice Q8_0 GGUF,talker-cstr-29094dcb46f19b0898616aa9aeb876aa9aa6e086-5227dcbc4df7c5533341d111cc469fa491a48e722b23dd10f553181b52dff2d9; codec-cstr-344e279551177654762e5c7d39e217834325f222-70dc95dbfdd9aa5d9d406236ff771d061bf17b0cda02a72513953355606e719b; crispasr-v0.8.28-99e990ae-c2413af7d5e70a166b74fe96f5afb6d7463f1414a5ac2dea7cd982da9f83f827; fixed-aiden; wrapper-f02d93fd7ee064539771a868c5033bc163bec1c94c838eb1152c52eb7eb677b7,qwen3_tts_customvoice:aiden,not_applicable:text_only_no_reference_audio,cuda:0,offline_text_only_final_materialization,16000,wav,synthesis_text_sha256=30cf91be66798914632383d22c440452bf4f32b998042f192610225cc0c55c68;reference_audio=forbidden;voice_cloning=false,818909630,2026-08-16T01:00:00+06:00
qwen3_tts_customvoice_aiden_v4_final_salvage:23b659489203998bd5e6,processed/v4/xlsr_sls_model_v4_final_salvage_materialization_v1/ru_spoof/79/79b53b490c36f5a2e68657e37ab4bc73d70f0b59502b6bf4de56839f48f2ccaa.wav,62236164a2a38a51e43d713a802ca80cd72b09a0db99045b5d5e5d75603c93cd,test,spoof,ru,false,qwen3_tts_customvoice_aiden_v4_final_salvage:fixed-profile:qwen3_tts_0_6b_customvoice_aiden_q8_0,qwen3_tts_customvoice_aiden_v4_final_salvage,"Apache-2.0: Qwen CustomVoice and tokenizer model cards, cstr GGUF conversion cards, and CrispASR runtime release; permitted only for this project's personal-research scope with no training, calibration, product, re-hosting, verified-speaker or speaker-independence claim","One-shot local text-only derivative of frozen common_voice_ru_v24_v4_final_salvage text aec4529982db36d2a3e52b3c9744b3fc8e90478436e949bed76786927b268fef; no reference audio, cloning, resynthesis, replacement or backfill",qwen3_tts_customvoice_aiden_v4_final_salvage:synthetic-profile:qwen3_tts_0_6b_customvoice_aiden_q8_0,aec4529982db36d2a3e52b3c9744b3fc8e90478436e949bed76786927b268fef,c310f3b0408f82c4260c90de7cbe8cf6472d478e7ab9b2c37fe94dbeeba8983f,4.0,qwen3_tts_customvoice_gguf,Qwen3-TTS 0.6B CustomVoice Q8_0 GGUF,talker-cstr-29094dcb46f19b0898616aa9aeb876aa9aa6e086-5227dcbc4df7c5533341d111cc469fa491a48e722b23dd10f553181b52dff2d9; codec-cstr-344e279551177654762e5c7d39e217834325f222-70dc95dbfdd9aa5d9d406236ff771d061bf17b0cda02a72513953355606e719b; crispasr-v0.8.28-99e990ae-c2413af7d5e70a166b74fe96f5afb6d7463f1414a5ac2dea7cd982da9f83f827; fixed-aiden; wrapper-f02d93fd7ee064539771a868c5033bc163bec1c94c838eb1152c52eb7eb677b7,qwen3_tts_customvoice:aiden,not_applicable:text_only_no_reference_audio,cuda:0,offline_text_only_final_materialization,16000,wav,synthesis_text_sha256=c310f3b0408f82c4260c90de7cbe8cf6472d478e7ab9b2c37fe94dbeeba8983f;reference_audio=forbidden;voice_cloning=false,3272668080,2026-08-16T01:00:00+06:00
qwen3_tts_customvoice_aiden_v4_final_salvage:ad96e77dbb81b9c8e3d7,processed/v4/xlsr_sls_model_v4_final_salvage_materialization_v1/ru_spoof/2c/2cd36ba8602ba31a217631291fc640317d96c29c04c0121b25eceae4dc687e5b.wav,9ec960128cdd07284320310a964a0be61f8ae1e46844921aec48609ddbeebc66,test,spoof,ru,false,qwen3_tts_customvoice_aiden_v4_final_salvage:fixed-profile:qwen3_tts_0_6b_customvoice_aiden_q8_0,qwen3_tts_customvoice_aiden_v4_final_salvage,"Apache-2.0: Qwen CustomVoice and tokenizer model cards, cstr GGUF conversion cards, and CrispASR runtime release; permitted only for this project's personal-research scope with no training, calibration, product, re-hosting, verified-speaker or speaker-independence claim","One-shot local text-only derivative of frozen common_voice_ru_v24_v4_final_salvage text a43c0c9c2ac6134d39cf28269620ee4e67f528199436906d316487e044f45dfa; no reference audio, cloning, resynthesis, replacement or backfill",qwen3_tts_customvoice_aiden_v4_final_salvage:synthetic-profile:qwen3_tts_0_6b_customvoice_aiden_q8_0,a43c0c9c2ac6134d39cf28269620ee4e67f528199436906d316487e044f45dfa,8e8dcba550ef7b4645ef312de3de30b84ee7113bab862a378131e5714232b5aa,6.64,qwen3_tts_customvoice_gguf,Qwen3-TTS 0.6B CustomVoice Q8_0 GGUF,talker-cstr-29094dcb46f19b0898616aa9aeb876aa9aa6e086-5227dcbc4df7c5533341d111cc469fa491a48e722b23dd10f553181b52dff2d9; codec-cstr-344e279551177654762e5c7d39e217834325f222-70dc95dbfdd9aa5d9d406236ff771d061bf17b0cda02a72513953355606e719b; crispasr-v0.8.28-99e990ae-c2413af7d5e70a166b74fe96f5afb6d7463f1414a5ac2dea7cd982da9f83f827; fixed-aiden; wrapper-f02d93fd7ee064539771a868c5033bc163bec1c94c838eb1152c52eb7eb677b7,qwen3_tts_customvoice:aiden,not_applicable:text_only_no_reference_audio,cuda:0,offline_text_only_final_materialization,16000,wav,synthesis_text_sha256=8e8dcba550ef7b4645ef312de3de30b84ee7113bab862a378131e5714232b5aa;reference_audio=forbidden;voice_cloning=false,2391657381,2026-08-16T01:00:00+06:00
qwen3_tts_customvoice_aiden_v4_final_salvage:7158ac663312f4991776,processed/v4/xlsr_sls_model_v4_final_salvage_materialization_v1/ru_spoof/68/68a2ebb4cbee56492f98335088596654678830f355060c82e64c3f15a6ae9bc9.wav,d70089d74fa7f94d0ebdf78dff96811ca9f54dcd76234f78d00dcac4a15f3be1,test,spoof,ru,false,qwen3_tts_customvoice_aiden_v4_final_salvage:fixed-profile:qwen3_tts_0_6b_customvoice_aiden_q8_0,qwen3_tts_customvoice_aiden_v4_final_salvage,"Apache-2.0: Qwen CustomVoice and tokenizer model cards, cstr GGUF conversion cards, and CrispASR runtime release; permitted only for this project's personal-research scope with no training, calibration, product, re-hosting, verified-speaker or speaker-independence claim","One-shot local text-only derivative of frozen common_voice_ru_v24_v4_final_salvage text b424bf38c8c2e51a6338a8befb1a905dfac24f67bc204c4a3d5d194ec16fa90e; no reference audio, cloning, resynthesis, replacement or backfill",qwen3_tts_customvoice_aiden_v4_final_salvage:synthetic-profile:qwen3_tts_0_6b_customvoice_aiden_q8_0,b424bf38c8c2e51a6338a8befb1a905dfac24f67bc204c4a3d5d194ec16fa90e,5ce26975107053f3a73bfb32dc93c7917b2a6fa813ffcb60ad230ef617f95c7e,4.88,qwen3_tts_customvoice_gguf,Qwen3-TTS 0.6B CustomVoice Q8_0 GGUF,talker-cstr-29094dcb46f19b0898616aa9aeb876aa9aa6e086-5227dcbc4df7c5533341d111cc469fa491a48e722b23dd10f553181b52dff2d9; codec-cstr-344e279551177654762e5c7d39e217834325f222-70dc95dbfdd9aa5d9d406236ff771d061bf17b0cda02a72513953355606e719b; crispasr-v0.8.28-99e990ae-c2413af7d5e70a166b74fe96f5afb6d7463f1414a5ac2dea7cd982da9f83f827; fixed-aiden; wrapper-f02d93fd7ee064539771a868c5033bc163bec1c94c838eb1152c52eb7eb677b7,qwen3_tts_customvoice:aiden,not_applicable:text_only_no_reference_audio,cuda:0,offline_text_only_final_materialization,16000,wav,synthesis_text_sha256=5ce26975107053f3a73bfb32dc93c7917b2a6fa813ffcb60ad230ef617f95c7e;reference_audio=forbidden;voice_cloning=false,1558342005,2026-08-16T01:00:00+06:00
qwen3_tts_customvoice_aiden_v4_final_salvage:64f4a2fedc00f74546c3,processed/v4/xlsr_sls_model_v4_final_salvage_materialization_v1/ru_spoof/e4/e4be476f335357c36ae59b955eeeb99e11af56431895df6567a747096baa09e0.wav,cc0febeb9e991e2d0197c19c6fffb768e11ab96516a396020d3fffaf61b4dcab,test,spoof,ru,false,qwen3_tts_customvoice_aiden_v4_final_salvage:fixed-profile:qwen3_tts_0_6b_customvoice_aiden_q8_0,qwen3_tts_customvoice_aiden_v4_final_salvage,"Apache-2.0: Qwen CustomVoice and tokenizer model cards, cstr GGUF conversion cards, and CrispASR runtime release; permitted only for this project's personal-research scope with no training, calibration, product, re-hosting, verified-speaker or speaker-independence claim","One-shot local text-only derivative of frozen common_voice_ru_v24_v4_final_salvage text e18896756bcf8680674cdde7f316ee3ad3cb7217bb9cf680d11cf384db17538e; no reference audio, cloning, resynthesis, replacement or backfill",qwen3_tts_customvoice_aiden_v4_final_salvage:synthetic-profile:qwen3_tts_0_6b_customvoice_aiden_q8_0,e18896756bcf8680674cdde7f316ee3ad3cb7217bb9cf680d11cf384db17538e,b699019100cda3fee1ef4edc515e191fddd2d57422c8ce0d7aed47efed615753,4.32,qwen3_tts_customvoice_gguf,Qwen3-TTS 0.6B CustomVoice Q8_0 GGUF,talker-cstr-29094dcb46f19b0898616aa9aeb876aa9aa6e086-5227dcbc4df7c5533341d111cc469fa491a48e722b23dd10f553181b52dff2d9; codec-cstr-344e279551177654762e5c7d39e217834325f222-70dc95dbfdd9aa5d9d406236ff771d061bf17b0cda02a72513953355606e719b; crispasr-v0.8.28-99e990ae-c2413af7d5e70a166b74fe96f5afb6d7463f1414a5ac2dea7cd982da9f83f827; fixed-aiden; wrapper-f02d93fd7ee064539771a868c5033bc163bec1c94c838eb1152c52eb7eb677b7,qwen3_tts_customvoice:aiden,not_applicable:text_only_no_reference_audio,cuda:0,offline_text_only_final_materialization,16000,wav,synthesis_text_sha256=b699019100cda3fee1ef4edc515e191fddd2d57422c8ce0d7aed47efed615753;reference_audio=forbidden;voice_cloning=false,3063480721,2026-08-16T01:00:00+06:00
qwen3_tts_customvoice_aiden_v4_final_salvage:adc3c468ced55b57172c,processed/v4/xlsr_sls_model_v4_final_salvage_materialization_v1/ru_spoof/56/56a88b968ee30a8649b048af60498c361ddea73facf78e9dcf2f0b926f6078f2.wav,593b3fb2018b14deba2a6c9e0adeb724c7b8bcda097413d01b64c277199ab226,test,spoof,ru,false,qwen3_tts_customvoice_aiden_v4_final_salvage:fixed-profile:qwen3_tts_0_6b_customvoice_aiden_q8_0,qwen3_tts_customvoice_aiden_v4_final_salvage,"Apache-2.0: Qwen CustomVoice and tokenizer model cards, cstr GGUF conversion cards, and CrispASR runtime release; permitted only for this project's personal-research scope with no training, calibration, product, re-hosting, verified-speaker or speaker-independence claim","One-shot local text-only derivative of frozen common_voice_ru_v24_v4_final_salvage text 65ef481a4b845d0db903739a942338bdd6fea1e6450f49aefa9a0d6187f34993; no reference audio, cloning, resynthesis, replacement or backfill",qwen3_tts_customvoice_aiden_v4_final_salvage:synthetic-profile:qwen3_tts_0_6b_customvoice_aiden_q8_0,65ef481a4b845d0db903739a942338bdd6fea1e6450f49aefa9a0d6187f34993,c85653e627e0e122bc9eb0b47324d9b8c5c856c0084b1fb2e994b93c491309cf,4.16,qwen3_tts_customvoice_gguf,Qwen3-TTS 0.6B CustomVoice Q8_0 GGUF,talker-cstr-29094dcb46f19b0898616aa9aeb876aa9aa6e086-5227dcbc4df7c5533341d111cc469fa491a48e722b23dd10f553181b52dff2d9; codec-cstr-344e279551177654762e5c7d39e217834325f222-70dc95dbfdd9aa5d9d406236ff771d061bf17b0cda02a72513953355606e719b; crispasr-v0.8.28-99e990ae-c2413af7d5e70a166b74fe96f5afb6d7463f1414a5ac2dea7cd982da9f83f827; fixed-aiden; wrapper-f02d93fd7ee064539771a868c5033bc163bec1c94c838eb1152c52eb7eb677b7,qwen3_tts_customvoice:aiden,not_applicable:text_only_no_reference_audio,cuda:0,offline_text_only_final_materialization,16000,wav,synthesis_text_sha256=c85653e627e0e122bc9eb0b47324d9b8c5c856c0084b1fb2e994b93c491309cf;reference_audio=forbidden;voice_cloning=false,3361100774,2026-08-16T01:00:00+06:00
qwen3_tts_customvoice_aiden_v4_final_salvage:a7974a0225be19e06550,processed/v4/xlsr_sls_model_v4_final_salvage_materialization_v1/ru_spoof/ed/edb3567112868d0ebb7df4504866e41f3e9b5a259520da4548456e61bc1b3572.wav,10c1de357e4dd7f4d56f25c18e3c4292c9f18e11a1ae16b58f01082484adc5c8,test,spoof,ru,false,qwen3_tts_customvoice_aiden_v4_final_salvage:fixed-profile:qwen3_tts_0_6b_customvoice_aiden_q8_0,qwen3_tts_customvoice_aiden_v4_final_salvage,"Apache-2.0: Qwen CustomVoice and tokenizer model cards, cstr GGUF conversion cards, and CrispASR runtime release; permitted only for this project's personal-research scope with no training, calibration, product, re-hosting, verified-speaker or speaker-independence claim","One-shot local text-only derivative of frozen common_voice_ru_v24_v4_final_salvage text 05253f92c855b05d2589aaa6a09f05d29f7a5e843bec020e60d48c9609dd5ced; no reference audio, cloning, resynthesis, replacement or backfill",qwen3_tts_customvoice_aiden_v4_final_salvage:synthetic-profile:qwen3_tts_0_6b_customvoice_aiden_q8_0,05253f92c855b05d2589aaa6a09f05d29f7a5e843bec020e60d48c9609dd5ced,56604750e380c274a5b90030f5870fb6bee58435b4cba66a8fd2e903f9e21e86,5.12,qwen3_tts_customvoice_gguf,Qwen3-TTS 0.6B CustomVoice Q8_0 GGUF,talker-cstr-29094dcb46f19b0898616aa9aeb876aa9aa6e086-5227dcbc4df7c5533341d111cc469fa491a48e722b23dd10f553181b52dff2d9; codec-cstr-344e279551177654762e5c7d39e217834325f222-70dc95dbfdd9aa5d9d406236ff771d061bf17b0cda02a72513953355606e719b; crispasr-v0.8.28-99e990ae-c2413af7d5e70a166b74fe96f5afb6d7463f1414a5ac2dea7cd982da9f83f827; fixed-aiden; wrapper-f02d93fd7ee064539771a868c5033bc163bec1c94c838eb1152c52eb7eb677b7,qwen3_tts_customvoice:aiden,not_applicable:text_only_no_reference_audio,cuda:0,offline_text_only_final_materialization,16000,wav,synthesis_text_sha256=56604750e380c274a5b90030f5870fb6bee58435b4cba66a8fd2e903f9e21e86;reference_audio=forbidden;voice_cloning=false,1449150288,2026-08-16T01:00:00+06:00
qwen3_tts_customvoice_aiden_v4_final_salvage:6d754b855b65197ecf9b,processed/v4/xlsr_sls_model_v4_final_salvage_materialization_v1/ru_spoof/e5/e5d3412138b20cbac17b28688755e4a07b6bcc0c73f8b52fae387f91003b81da.wav,9920e54338a793a0a88fb99ff4842962d6a5753a85490db99ed96a8f4481e445,test,spoof,ru,false,qwen3_tts_customvoice_aiden_v4_final_salvage:fixed-profile:qwen3_tts_0_6b_customvoice_aiden_q8_0,qwen3_tts_customvoice_aiden_v4_final_salvage,"Apache-2.0: Qwen CustomVoice and tokenizer model cards, cstr GGUF conversion cards, and CrispASR runtime release; permitted only for this project's personal-research scope with no training, calibration, product, re-hosting, verified-speaker or speaker-independence claim","One-shot local text-only derivative of frozen common_voice_ru_v24_v4_final_salvage text 2f6d708f4fc2fa5f137cff911318f5718a1b19c014ec84532ac5f3f69d0ef877; no reference audio, cloning, resynthesis, replacement or backfill",qwen3_tts_customvoice_aiden_v4_final_salvage:synthetic-profile:qwen3_tts_0_6b_customvoice_aiden_q8_0,2f6d708f4fc2fa5f137cff911318f5718a1b19c014ec84532ac5f3f69d0ef877,529033dd2e12971f4f895a4d43f8cd90e86bda10b0fa3c5212e71ebb603da57e,10.8,qwen3_tts_customvoice_gguf,Qwen3-TTS 0.6B CustomVoice Q8_0 GGUF,talker-cstr-29094dcb46f19b0898616aa9aeb876aa9aa6e086-5227dcbc4df7c5533341d111cc469fa491a48e722b23dd10f553181b52dff2d9; codec-cstr-344e279551177654762e5c7d39e217834325f222-70dc95dbfdd9aa5d9d406236ff771d061bf17b0cda02a72513953355606e719b; crispasr-v0.8.28-99e990ae-c2413af7d5e70a166b74fe96f5afb6d7463f1414a5ac2dea7cd982da9f83f827; fixed-aiden; wrapper-f02d93fd7ee064539771a868c5033bc163bec1c94c838eb1152c52eb7eb677b7,qwen3_tts_customvoice:aiden,not_applicable:text_only_no_reference_audio,cuda:0,offline_text_only_final_materialization,16000,wav,synthesis_text_sha256=529033dd2e12971f4f895a4d43f8cd90e86bda10b0fa3c5212e71ebb603da57e;reference_audio=forbidden;voice_cloning=false,1385182173,2026-08-16T01:00:00+06:00
qwen3_tts_customvoice_aiden_v4_final_salvage:92b3503837cf4e5e8825,processed/v4/xlsr_sls_model_v4_final_salvage_materialization_v1/ru_spoof/bf/bf30ae02d4b2c1c7bd6795f0de7ec2f04f2ee6b64aba115ccf9017088ec5cc2e.wav,b9446b9a99830736ae3a01af0fd82dc42fb8f983be79a5310533e46a01a06b39,test,spoof,ru,false,qwen3_tts_customvoice_aiden_v4_final_salvage:fixed-profile:qwen3_tts_0_6b_customvoice_aiden_q8_0,qwen3_tts_customvoice_aiden_v4_final_salvage,"Apache-2.0: Qwen CustomVoice and tokenizer model cards, cstr GGUF conversion cards, and CrispASR runtime release; permitted only for this project's personal-research scope with no training, calibration, product, re-hosting, verified-speaker or speaker-independence claim","One-shot local text-only derivative of frozen common_voice_ru_v24_v4_final_salvage text 25a58fcc7ce9575dcb1058f081d35e01f6fb32605db2dbed767a23618de177f1; no reference audio, cloning, resynthesis, replacement or backfill",qwen3_tts_customvoice_aiden_v4_final_salvage:synthetic-profile:qwen3_tts_0_6b_customvoice_aiden_q8_0,25a58fcc7ce9575dcb1058f081d35e01f6fb32605db2dbed767a23618de177f1,29ae91dddbd3bae8088b70244b48fcdc27ab4b542d1af92ea2383b22439b4fe7,3.92,qwen3_tts_customvoice_gguf,Qwen3-TTS 0.6B CustomVoice Q8_0 GGUF,talker-cstr-29094dcb46f19b0898616aa9aeb876aa9aa6e086-5227dcbc4df7c5533341d111cc469fa491a48e722b23dd10f553181b52dff2d9; codec-cstr-344e279551177654762e5c7d39e217834325f222-70dc95dbfdd9aa5d9d406236ff771d061bf17b0cda02a72513953355606e719b; crispasr-v0.8.28-99e990ae-c2413af7d5e70a166b74fe96f5afb6d7463f1414a5ac2dea7cd982da9f83f827; fixed-aiden; wrapper-f02d93fd7ee064539771a868c5033bc163bec1c94c838eb1152c52eb7eb677b7,qwen3_tts_customvoice:aiden,not_applicable:text_only_no_reference_audio,cuda:0,offline_text_only_final_materialization,16000,wav,synthesis_text_sha256=29ae91dddbd3bae8088b70244b48fcdc27ab4b542d1af92ea2383b22439b4fe7;reference_audio=forbidden;voice_cloning=false,699306461,2026-08-16T01:00:00+06:00
qwen3_tts_customvoice_aiden_v4_final_salvage:577b2cacabf24f767eff,processed/v4/xlsr_sls_model_v4_final_salvage_materialization_v1/ru_spoof/56/568c755b02b28cee9ac39a4e6cf2ded37fe2ebcca9cacfe57325bb0f6cc706b2.wav,03518b30a73516d77bf6a0cf6157f5f6af4f3899951a0a96ecd07350da820cef,test,spoof,ru,false,qwen3_tts_customvoice_aiden_v4_final_salvage:fixed-profile:qwen3_tts_0_6b_customvoice_aiden_q8_0,qwen3_tts_customvoice_aiden_v4_final_salvage,"Apache-2.0: Qwen CustomVoice and tokenizer model cards, cstr GGUF conversion cards, and CrispASR runtime release; permitted only for this project's personal-research scope with no training, calibration, product, re-hosting, verified-speaker or speaker-independence claim","One-shot local text-only derivative of frozen common_voice_ru_v24_v4_final_salvage text 24dc7f410a9f70f4642c23c1242f6b129fdc6da7cf89259aceb9367d5743d681; no reference audio, cloning, resynthesis, replacement or backfill",qwen3_tts_customvoice_aiden_v4_final_salvage:synthetic-profile:qwen3_tts_0_6b_customvoice_aiden_q8_0,24dc7f410a9f70f4642c23c1242f6b129fdc6da7cf89259aceb9367d5743d681,2b6403963bf57e4c028e1209a6f869910375bb0080a48120a34a5919be7fa887,7.12,qwen3_tts_customvoice_gguf,Qwen3-TTS 0.6B CustomVoice Q8_0 GGUF,talker-cstr-29094dcb46f19b0898616aa9aeb876aa9aa6e086-5227dcbc4df7c5533341d111cc469fa491a48e722b23dd10f553181b52dff2d9; codec-cstr-344e279551177654762e5c7d39e217834325f222-70dc95dbfdd9aa5d9d406236ff771d061bf17b0cda02a72513953355606e719b; crispasr-v0.8.28-99e990ae-c2413af7d5e70a166b74fe96f5afb6d7463f1414a5ac2dea7cd982da9f83f827; fixed-aiden; wrapper-f02d93fd7ee064539771a868c5033bc163bec1c94c838eb1152c52eb7eb677b7,qwen3_tts_customvoice:aiden,not_applicable:text_only_no_reference_audio,cuda:0,offline_text_only_final_materialization,16000,wav,synthesis_text_sha256=2b6403963bf57e4c028e1209a6f869910375bb0080a48120a34a5919be7fa887;reference_audio=forbidden;voice_cloning=false,727974806,2026-08-16T01:00:00+06:00
qwen3_tts_customvoice_aiden_v4_final_salvage:e75d6aaac78a4447c07f,processed/v4/xlsr_sls_model_v4_final_salvage_materialization_v1/ru_spoof/3d/3df9f56634069992d4204ccb63cb9f051fb14c3f36869d854452eeda6e023459.wav,4f6f0c0c1c932812cee2d985a4009cceae93f06307d1436c92c60ba4f9f794a2,test,spoof,ru,false,qwen3_tts_customvoice_aiden_v4_final_salvage:fixed-profile:qwen3_tts_0_6b_customvoice_aiden_q8_0,qwen3_tts_customvoice_aiden_v4_final_salvage,"Apache-2.0: Qwen CustomVoice and tokenizer model cards, cstr GGUF conversion cards, and CrispASR runtime release; permitted only for this project's personal-research scope with no training, calibration, product, re-hosting, verified-speaker or speaker-independence claim","One-shot local text-only derivative of frozen common_voice_ru_v24_v4_final_salvage text 0982b87020bbef1dff344e9d496185735ef7e0f2b0890add65f38eaf23e7b716; no reference audio, cloning, resynthesis, replacement or backfill",qwen3_tts_customvoice_aiden_v4_final_salvage:synthetic-profile:qwen3_tts_0_6b_customvoice_aiden_q8_0,0982b87020bbef1dff344e9d496185735ef7e0f2b0890add65f38eaf23e7b716,87f93509838725bb6fc4893c1bb0ae78057ac491547814cb29ce7d6c63908188,4.72,qwen3_tts_customvoice_gguf,Qwen3-TTS 0.6B CustomVoice Q8_0 GGUF,talker-cstr-29094dcb46f19b0898616aa9aeb876aa9aa6e086-5227dcbc4df7c5533341d111cc469fa491a48e722b23dd10f553181b52dff2d9; codec-cstr-344e279551177654762e5c7d39e217834325f222-70dc95dbfdd9aa5d9d406236ff771d061bf17b0cda02a72513953355606e719b; crispasr-v0.8.28-99e990ae-c2413af7d5e70a166b74fe96f5afb6d7463f1414a5ac2dea7cd982da9f83f827; fixed-aiden; wrapper-f02d93fd7ee064539771a868c5033bc163bec1c94c838eb1152c52eb7eb677b7,qwen3_tts_customvoice:aiden,not_applicable:text_only_no_reference_audio,cuda:0,offline_text_only_final_materialization,16000,wav,synthesis_text_sha256=87f93509838725bb6fc4893c1bb0ae78057ac491547814cb29ce7d6c63908188;reference_audio=forbidden;voice_cloning=false,2281256201,2026-08-16T01:00:00+06:00
qwen3_tts_customvoice_aiden_v4_final_salvage:5f952c04ed09d1c7dd55,processed/v4/xlsr_sls_model_v4_final_salvage_materialization_v1/ru_spoof/8b/8b35cbd993e382d943c5f88a2da0766133dd2dd83d96d2ee621d11fcab7f6493.wav,63fa496b81e22f4bdad7ff323a616d8a5d3353fac53824f959c496069977c875,test,spoof,ru,false,qwen3_tts_customvoice_aiden_v4_final_salvage:fixed-profile:qwen3_tts_0_6b_customvoice_aiden_q8_0,qwen3_tts_customvoice_aiden_v4_final_salvage,"Apache-2.0: Qwen CustomVoice and tokenizer model cards, cstr GGUF conversion cards, and CrispASR runtime release; permitted only for this project's personal-research scope with no training, calibration, product, re-hosting, verified-speaker or speaker-independence claim","One-shot local text-only derivative of frozen common_voice_ru_v24_v4_final_salvage text 7965ca647c101e22fc494612d371822684df93f6a8721eed3b4e14f9391eeae7; no reference audio, cloning, resynthesis, replacement or backfill",qwen3_tts_customvoice_aiden_v4_final_salvage:synthetic-profile:qwen3_tts_0_6b_customvoice_aiden_q8_0,7965ca647c101e22fc494612d371822684df93f6a8721eed3b4e14f9391eeae7,61b72daa23d79e32a93f434c939e47b2c5d843d0d71d4043ea2cb914ad2b9887,4.24,qwen3_tts_customvoice_gguf,Qwen3-TTS 0.6B CustomVoice Q8_0 GGUF,talker-cstr-29094dcb46f19b0898616aa9aeb876aa9aa6e086-5227dcbc4df7c5533341d111cc469fa491a48e722b23dd10f553181b52dff2d9; codec-cstr-344e279551177654762e5c7d39e217834325f222-70dc95dbfdd9aa5d9d406236ff771d061bf17b0cda02a72513953355606e719b; crispasr-v0.8.28-99e990ae-c2413af7d5e70a166b74fe96f5afb6d7463f1414a5ac2dea7cd982da9f83f827; fixed-aiden; wrapper-f02d93fd7ee064539771a868c5033bc163bec1c94c838eb1152c52eb7eb677b7,qwen3_tts_customvoice:aiden,not_applicable:text_only_no_reference_audio,cuda:0,offline_text_only_final_materialization,16000,wav,synthesis_text_sha256=61b72daa23d79e32a93f434c939e47b2c5d843d0d71d4043ea2cb914ad2b9887;reference_audio=forbidden;voice_cloning=false,1639394730,2026-08-16T01:00:00+06:00
qwen3_tts_customvoice_aiden_v4_final_salvage:49dbca7ec141e116cbc9,processed/v4/xlsr_sls_model_v4_final_salvage_materialization_v1/ru_spoof/38/38ea5a18a6ea88afe7c989cfede43e44c3455c3d5c254668916f400935494477.wav,0cddd3663dcb90d7382f35df6711513f7b2afe28eecc6872e9aaaf83e972b513,test,spoof,ru,false,qwen3_tts_customvoice_aiden_v4_final_salvage:fixed-profile:qwen3_tts_0_6b_customvoice_aiden_q8_0,qwen3_tts_customvoice_aiden_v4_final_salvage,"Apache-2.0: Qwen CustomVoice and tokenizer model cards, cstr GGUF conversion cards, and CrispASR runtime release; permitted only for this project's personal-research scope with no training, calibration, product, re-hosting, verified-speaker or speaker-independence claim","One-shot local text-only derivative of frozen common_voice_ru_v24_v4_final_salvage text 63b319e4097cc42e0883ed3862e219c0f4b13beb675f2e21f09584945cf36cf9; no reference audio, cloning, resynthesis, replacement or backfill",qwen3_tts_customvoice_aiden_v4_final_salvage:synthetic-profile:qwen3_tts_0_6b_customvoice_aiden_q8_0,63b319e4097cc42e0883ed3862e219c0f4b13beb675f2e21f09584945cf36cf9,0d7f6e0660655fade47eb3c69e007d4c19640f4fdc66fe0b019d90b836c0ea4d,5.52,qwen3_tts_customvoice_gguf,Qwen3-TTS 0.6B CustomVoice Q8_0 GGUF,talker-cstr-29094dcb46f19b0898616aa9aeb876aa9aa6e086-5227dcbc4df7c5533341d111cc469fa491a48e722b23dd10f553181b52dff2d9; codec-cstr-344e279551177654762e5c7d39e217834325f222-70dc95dbfdd9aa5d9d406236ff771d061bf17b0cda02a72513953355606e719b; crispasr-v0.8.28-99e990ae-c2413af7d5e70a166b74fe96f5afb6d7463f1414a5ac2dea7cd982da9f83f827; fixed-aiden; wrapper-f02d93fd7ee064539771a868c5033bc163bec1c94c838eb1152c52eb7eb677b7,qwen3_tts_customvoice:aiden,not_applicable:text_only_no_reference_audio,cuda:0,offline_text_only_final_materialization,16000,wav,synthesis_text_sha256=0d7f6e0660655fade47eb3c69e007d4c19640f4fdc66fe0b019d90b836c0ea4d;reference_audio=forbidden;voice_cloning=false,226455046,2026-08-16T01:00:00+06:00
qwen3_tts_customvoice_aiden_v4_final_salvage:b07ca62b53bbc3397dd3,processed/v4/xlsr_sls_model_v4_final_salvage_materialization_v1/ru_spoof/cb/cb7589a227ae6cd41b63ed602ddca2a78a756ba1a677a8beae28e29ac2d4b776.wav,b061050f30ff0ab0a6ec4684fbcef5fd1ba12a0929f2042929c14eb00977d644,test,spoof,ru,false,qwen3_tts_customvoice_aiden_v4_final_salvage:fixed-profile:qwen3_tts_0_6b_customvoice_aiden_q8_0,qwen3_tts_customvoice_aiden_v4_final_salvage,"Apache-2.0: Qwen CustomVoice and tokenizer model cards, cstr GGUF conversion cards, and CrispASR runtime release; permitted only for this project's personal-research scope with no training, calibration, product, re-hosting, verified-speaker or speaker-independence claim","One-shot local text-only derivative of frozen common_voice_ru_v24_v4_final_salvage text f6c07464caf27894dab3c9231f3d1f886089e5e47eef688170afd6afb7ccdf6f; no reference audio, cloning, resynthesis, replacement or backfill",qwen3_tts_customvoice_aiden_v4_final_salvage:synthetic-profile:qwen3_tts_0_6b_customvoice_aiden_q8_0,f6c07464caf27894dab3c9231f3d1f886089e5e47eef688170afd6afb7ccdf6f,818f932e54b58ed7d984d1aafceeb67e67d0ebd475f5b1c5db84d2330c8db245,6.0,qwen3_tts_customvoice_gguf,Qwen3-TTS 0.6B CustomVoice Q8_0 GGUF,talker-cstr-29094dcb46f19b0898616aa9aeb876aa9aa6e086-5227dcbc4df7c5533341d111cc469fa491a48e722b23dd10f553181b52dff2d9; codec-cstr-344e279551177654762e5c7d39e217834325f222-70dc95dbfdd9aa5d9d406236ff771d061bf17b0cda02a72513953355606e719b; crispasr-v0.8.28-99e990ae-c2413af7d5e70a166b74fe96f5afb6d7463f1414a5ac2dea7cd982da9f83f827; fixed-aiden; wrapper-f02d93fd7ee064539771a868c5033bc163bec1c94c838eb1152c52eb7eb677b7,qwen3_tts_customvoice:aiden,not_applicable:text_only_no_reference_audio,cuda:0,offline_text_only_final_materialization,16000,wav,synthesis_text_sha256=818f932e54b58ed7d984d1aafceeb67e67d0ebd475f5b1c5db84d2330c8db245;reference_audio=forbidden;voice_cloning=false,2173670190,2026-08-16T01:00:00+06:00
qwen3_tts_customvoice_aiden_v4_final_salvage:4919665969b0fcf2f187,processed/v4/xlsr_sls_model_v4_final_salvage_materialization_v1/ru_spoof/49/492de8a1b213e6b459c724708fb84633060de46f7dca1f1cd17f1799bdc54049.wav,be13250a45f179529e495f2529e48bd9be565175d70d75165bf8346d9b466391,test,spoof,ru,false,qwen3_tts_customvoice_aiden_v4_final_salvage:fixed-profile:qwen3_tts_0_6b_customvoice_aiden_q8_0,qwen3_tts_customvoice_aiden_v4_final_salvage,"Apache-2.0: Qwen CustomVoice and tokenizer model cards, cstr GGUF conversion cards, and CrispASR runtime release; permitted only for this project's personal-research scope with no training, calibration, product, re-hosting, verified-speaker or speaker-independence claim","One-shot local text-only derivative of frozen common_voice_ru_v24_v4_final_salvage text 44fe0e3037e761634b4870e64b22aafc2a194d5817091c6b6560f2ba01083f4f; no reference audio, cloning, resynthesis, replacement or backfill",qwen3_tts_customvoice_aiden_v4_final_salvage:synthetic-profile:qwen3_tts_0_6b_customvoice_aiden_q8_0,44fe0e3037e761634b4870e64b22aafc2a194d5817091c6b6560f2ba01083f4f,354fdda3c884334cf9011143acb364002f4f2ae7d07ed6a4886a97ef99c95593,6.08,qwen3_tts_customvoice_gguf,Qwen3-TTS 0.6B CustomVoice Q8_0 GGUF,talker-cstr-29094dcb46f19b0898616aa9aeb876aa9aa6e086-5227dcbc4df7c5533341d111cc469fa491a48e722b23dd10f553181b52dff2d9; codec-cstr-344e279551177654762e5c7d39e217834325f222-70dc95dbfdd9aa5d9d406236ff771d061bf17b0cda02a72513953355606e719b; crispasr-v0.8.28-99e990ae-c2413af7d5e70a166b74fe96f5afb6d7463f1414a5ac2dea7cd982da9f83f827; fixed-aiden; wrapper-f02d93fd7ee064539771a868c5033bc163bec1c94c838eb1152c52eb7eb677b7,qwen3_tts_customvoice:aiden,not_applicable:text_only_no_reference_audio,cuda:0,offline_text_only_final_materialization,16000,wav,synthesis_text_sha256=354fdda3c884334cf9011143acb364002f4f2ae7d07ed6a4886a97ef99c95593;reference_audio=forbidden;voice_cloning=false,894426531,2026-08-16T01:00:00+06:00
qwen3_tts_customvoice_aiden_v4_final_salvage:058d6e5c07cfc4d2b19d,processed/v4/xlsr_sls_model_v4_final_salvage_materialization_v1/ru_spoof/bc/bcee7db5d52a3ea5abf54d70b3125618594663ba78f55be6194d2a9077123ecf.wav,14d5489228f5209dc463a6832b7bba5c33e90bfd8dddda87743c712ea4d5069b,test,spoof,ru,false,qwen3_tts_customvoice_aiden_v4_final_salvage:fixed-profile:qwen3_tts_0_6b_customvoice_aiden_q8_0,qwen3_tts_customvoice_aiden_v4_final_salvage,"Apache-2.0: Qwen CustomVoice and tokenizer model cards, cstr GGUF conversion cards, and CrispASR runtime release; permitted only for this project's personal-research scope with no training, calibration, product, re-hosting, verified-speaker or speaker-independence claim","One-shot local text-only derivative of frozen common_voice_ru_v24_v4_final_salvage text e2f564e53eac6e01de3d138b5e6cd2f0fb5a0416915f68afa9ee1a635894fc6a; no reference audio, cloning, resynthesis, replacement or backfill",qwen3_tts_customvoice_aiden_v4_final_salvage:synthetic-profile:qwen3_tts_0_6b_customvoice_aiden_q8_0,e2f564e53eac6e01de3d138b5e6cd2f0fb5a0416915f68afa9ee1a635894fc6a,f30978e6c1f5ae26904647626329303b77504e232f5b9ed741cd50bbca2c3d0a,5.84,qwen3_tts_customvoice_gguf,Qwen3-TTS 0.6B CustomVoice Q8_0 GGUF,talker-cstr-29094dcb46f19b0898616aa9aeb876aa9aa6e086-5227dcbc4df7c5533341d111cc469fa491a48e722b23dd10f553181b52dff2d9; codec-cstr-344e279551177654762e5c7d39e217834325f222-70dc95dbfdd9aa5d9d406236ff771d061bf17b0cda02a72513953355606e719b; crispasr-v0.8.28-99e990ae-c2413af7d5e70a166b74fe96f5afb6d7463f1414a5ac2dea7cd982da9f83f827; fixed-aiden; wrapper-f02d93fd7ee064539771a868c5033bc163bec1c94c838eb1152c52eb7eb677b7,qwen3_tts_customvoice:aiden,not_applicable:text_only_no_reference_audio,cuda:0,offline_text_only_final_materialization,16000,wav,synthesis_text_sha256=f30978e6c1f5ae26904647626329303b77504e232f5b9ed741cd50bbca2c3d0a;reference_audio=forbidden;voice_cloning=false,4077484262,2026-08-16T01:00:00+06:00
qwen3_tts_customvoice_aiden_v4_final_salvage:62d6c0f00b120f9d1f7d,processed/v4/xlsr_sls_model_v4_final_salvage_materialization_v1/ru_spoof/1f/1f37584879b6d876662e3ba272d5eecfac31d589386826fa5a736f9d7a5b4b6e.wav,e4638bd2bfae4e5bfcadbd8fd5cf664778652cbfedf7b96acbd48173aaa00bae,test,spoof,ru,false,qwen3_tts_customvoice_aiden_v4_final_salvage:fixed-profile:qwen3_tts_0_6b_customvoice_aiden_q8_0,qwen3_tts_customvoice_aiden_v4_final_salvage,"Apache-2.0: Qwen CustomVoice and tokenizer model cards, cstr GGUF conversion cards, and CrispASR runtime release; permitted only for this project's personal-research scope with no training, calibration, product, re-hosting, verified-speaker or speaker-independence claim","One-shot local text-only derivative of frozen common_voice_ru_v24_v4_final_salvage text f4659edd9ce2f055e5c5aa5d4ae84330876e85c27a9ffa5f9fa10d1936a31d15; no reference audio, cloning, resynthesis, replacement or backfill",qwen3_tts_customvoice_aiden_v4_final_salvage:synthetic-profile:qwen3_tts_0_6b_customvoice_aiden_q8_0,f4659edd9ce2f055e5c5aa5d4ae84330876e85c27a9ffa5f9fa10d1936a31d15,a7ead31292d63c7618ea3cb039b1635cca68b777a051a4536af33cf5834a2d49,7.76,qwen3_tts_customvoice_gguf,Qwen3-TTS 0.6B CustomVoice Q8_0 GGUF,talker-cstr-29094dcb46f19b0898616aa9aeb876aa9aa6e086-5227dcbc4df7c5533341d111cc469fa491a48e722b23dd10f553181b52dff2d9; codec-cstr-344e279551177654762e5c7d39e217834325f222-70dc95dbfdd9aa5d9d406236ff771d061bf17b0cda02a72513953355606e719b; crispasr-v0.8.28-99e990ae-c2413af7d5e70a166b74fe96f5afb6d7463f1414a5ac2dea7cd982da9f83f827; fixed-aiden; wrapper-f02d93fd7ee064539771a868c5033bc163bec1c94c838eb1152c52eb7eb677b7,qwen3_tts_customvoice:aiden,not_applicable:text_only_no_reference_audio,cuda:0,offline_text_only_final_materialization,16000,wav,synthesis_text_sha256=a7ead31292d63c7618ea3cb039b1635cca68b777a051a4536af33cf5834a2d49;reference_audio=forbidden;voice_cloning=false,2817184530,2026-08-16T01:00:00+06:00
qwen3_tts_customvoice_aiden_v4_final_salvage:6cd9d26e2ea0fd1fb22f,processed/v4/xlsr_sls_model_v4_final_salvage_materialization_v1/ru_spoof/58/58dec63a13695523e2de4d4d6afcf46e587fe3ca1e0923e0e4131ceac5cb2433.wav,cb9e91999379e6fb8dab4e913ae2f0e7bf7eb4a1226e65c440f57bae27ce163b,test,spoof,ru,false,qwen3_tts_customvoice_aiden_v4_final_salvage:fixed-profile:qwen3_tts_0_6b_customvoice_aiden_q8_0,qwen3_tts_customvoice_aiden_v4_final_salvage,"Apache-2.0: Qwen CustomVoice and tokenizer model cards, cstr GGUF conversion cards, and CrispASR runtime release; permitted only for this project's personal-research scope with no training, calibration, product, re-hosting, verified-speaker or speaker-independence claim","One-shot local text-only derivative of frozen common_voice_ru_v24_v4_final_salvage text 8d23724795c7c4d1cad29bed857f0a18662dddf9891d842e9dfc27c729cca743; no reference audio, cloning, resynthesis, replacement or backfill",qwen3_tts_customvoice_aiden_v4_final_salvage:synthetic-profile:qwen3_tts_0_6b_customvoice_aiden_q8_0,8d23724795c7c4d1cad29bed857f0a18662dddf9891d842e9dfc27c729cca743,b894a4a65ba5985b765824b95f39b895a01b8908c7cd664f4974def4a4ca3e0d,4.96,qwen3_tts_customvoice_gguf,Qwen3-TTS 0.6B CustomVoice Q8_0 GGUF,talker-cstr-29094dcb46f19b0898616aa9aeb876aa9aa6e086-5227dcbc4df7c5533341d111cc469fa491a48e722b23dd10f553181b52dff2d9; codec-cstr-344e279551177654762e5c7d39e217834325f222-70dc95dbfdd9aa5d9d406236ff771d061bf17b0cda02a72513953355606e719b; crispasr-v0.8.28-99e990ae-c2413af7d5e70a166b74fe96f5afb6d7463f1414a5ac2dea7cd982da9f83f827; fixed-aiden; wrapper-f02d93fd7ee064539771a868c5033bc163bec1c94c838eb1152c52eb7eb677b7,qwen3_tts_customvoice:aiden,not_applicable:text_only_no_reference_audio,cuda:0,offline_text_only_final_materialization,16000,wav,synthesis_text_sha256=b894a4a65ba5985b765824b95f39b895a01b8908c7cd664f4974def4a4ca3e0d;reference_audio=forbidden;voice_cloning=false,3096749222,2026-08-16T01:00:00+06:00
qwen3_tts_customvoice_aiden_v4_final_salvage:4fac3537bab2238b1184,processed/v4/xlsr_sls_model_v4_final_salvage_materialization_v1/ru_spoof/f0/f06ba23502477e699b1bd70f0d89b49fec46a4704eed646cd811d6c6665fa51e.wav,81b1f7dff7ce0d2bc10b76da47b6e2d74852d9e1593812dc3a39a2b7bbe6ed87,test,spoof,ru,false,qwen3_tts_customvoice_aiden_v4_final_salvage:fixed-profile:qwen3_tts_0_6b_customvoice_aiden_q8_0,qwen3_tts_customvoice_aiden_v4_final_salvage,"Apache-2.0: Qwen CustomVoice and tokenizer model cards, cstr GGUF conversion cards, and CrispASR runtime release; permitted only for this project's personal-research scope with no training, calibration, product, re-hosting, verified-speaker or speaker-independence claim","One-shot local text-only derivative of frozen common_voice_ru_v24_v4_final_salvage text d3f24a63535a0f3cdbfff17d9e55082f0fb2734db72388a152ab8b8eec282cc1; no reference audio, cloning, resynthesis, replacement or backfill",qwen3_tts_customvoice_aiden_v4_final_salvage:synthetic-profile:qwen3_tts_0_6b_customvoice_aiden_q8_0,d3f24a63535a0f3cdbfff17d9e55082f0fb2734db72388a152ab8b8eec282cc1,7108fc9358f4402e4005eb9c57f560115eecb93da33d87a50a9e0ecdd0235175,6.16,qwen3_tts_customvoice_gguf,Qwen3-TTS 0.6B CustomVoice Q8_0 GGUF,talker-cstr-29094dcb46f19b0898616aa9aeb876aa9aa6e086-5227dcbc4df7c5533341d111cc469fa491a48e722b23dd10f553181b52dff2d9; codec-cstr-344e279551177654762e5c7d39e217834325f222-70dc95dbfdd9aa5d9d406236ff771d061bf17b0cda02a72513953355606e719b; crispasr-v0.8.28-99e990ae-c2413af7d5e70a166b74fe96f5afb6d7463f1414a5ac2dea7cd982da9f83f827; fixed-aiden; wrapper-f02d93fd7ee064539771a868c5033bc163bec1c94c838eb1152c52eb7eb677b7,qwen3_tts_customvoice:aiden,not_applicable:text_only_no_reference_audio,cuda:0,offline_text_only_final_materialization,16000,wav,synthesis_text_sha256=7108fc9358f4402e4005eb9c57f560115eecb93da33d87a50a9e0ecdd0235175;reference_audio=forbidden;voice_cloning=false,1896414355,2026-08-16T01:00:00+06:00
qwen3_tts_customvoice_aiden_v4_final_salvage:5a51d5e826a140f5efd5,processed/v4/xlsr_sls_model_v4_final_salvage_materialization_v1/ru_spoof/2d/2d6c08195ea7e015999bf9af89700b5cd0c595181e12a76664df16dd8a8044ea.wav,408a9a945a40c3f1c16d366257dc8b9b7af0c9409b9d273434fd7f91180ae535,test,spoof,ru,false,qwen3_tts_customvoice_aiden_v4_final_salvage:fixed-profile:qwen3_tts_0_6b_customvoice_aiden_q8_0,qwen3_tts_customvoice_aiden_v4_final_salvage,"Apache-2.0: Qwen CustomVoice and tokenizer model cards, cstr GGUF conversion cards, and CrispASR runtime release; permitted only for this project's personal-research scope with no training, calibration, product, re-hosting, verified-speaker or speaker-independence claim","One-shot local text-only derivative of frozen common_voice_ru_v24_v4_final_salvage text 5a3ef43720d6b78c25f1dc14aea29389f75b7384933a88595b8c89d872ac118a; no reference audio, cloning, resynthesis, replacement or backfill",qwen3_tts_customvoice_aiden_v4_final_salvage:synthetic-profile:qwen3_tts_0_6b_customvoice_aiden_q8_0,5a3ef43720d6b78c25f1dc14aea29389f75b7384933a88595b8c89d872ac118a,ea6a181be6c7e0c0ec68a8d2368d199c8b9f4d53946443f76e07d724375b99a6,4.16,qwen3_tts_customvoice_gguf,Qwen3-TTS 0.6B CustomVoice Q8_0 GGUF,talker-cstr-29094dcb46f19b0898616aa9aeb876aa9aa6e086-5227dcbc4df7c5533341d111cc469fa491a48e722b23dd10f553181b52dff2d9; codec-cstr-344e279551177654762e5c7d39e217834325f222-70dc95dbfdd9aa5d9d406236ff771d061bf17b0cda02a72513953355606e719b; crispasr-v0.8.28-99e990ae-c2413af7d5e70a166b74fe96f5afb6d7463f1414a5ac2dea7cd982da9f83f827; fixed-aiden; wrapper-f02d93fd7ee064539771a868c5033bc163bec1c94c838eb1152c52eb7eb677b7,qwen3_tts_customvoice:aiden,not_applicable:text_only_no_reference_audio,cuda:0,offline_text_only_final_materialization,16000,wav,synthesis_text_sha256=ea6a181be6c7e0c0ec68a8d2368d199c8b9f4d53946443f76e07d724375b99a6;reference_audio=forbidden;voice_cloning=false,3932821531,2026-08-16T01:00:00+06:00
qwen3_tts_customvoice_aiden_v4_final_salvage:1280749e10a08e9c487a,processed/v4/xlsr_sls_model_v4_final_salvage_materialization_v1/ru_spoof/bf/bfe03fa5491bbb4826d2235b562a55abcc71280f800a1f99f3b653f68d01830e.wav,3144c1cc4590e55d56464f93e7ca45b0ee22d1ccb57186f30a538358ad59eb50,test,spoof,ru,false,qwen3_tts_customvoice_aiden_v4_final_salvage:fixed-profile:qwen3_tts_0_6b_customvoice_aiden_q8_0,qwen3_tts_customvoice_aiden_v4_final_salvage,"Apache-2.0: Qwen CustomVoice and tokenizer model cards, cstr GGUF conversion cards, and CrispASR runtime release; permitted only for this project's personal-research scope with no training, calibration, product, re-hosting, verified-speaker or speaker-independence claim","One-shot local text-only derivative of frozen common_voice_ru_v24_v4_final_salvage text 0a64073316c8cf26cc70256eb578c652d97b4e96d94fee4fbd9683cbf79f8eaf; no reference audio, cloning, resynthesis, replacement or backfill",qwen3_tts_customvoice_aiden_v4_final_salvage:synthetic-profile:qwen3_tts_0_6b_customvoice_aiden_q8_0,0a64073316c8cf26cc70256eb578c652d97b4e96d94fee4fbd9683cbf79f8eaf,2727d944103e0126eb39abfd2b8a2ee8a0c74ff5790deac6386c81a8b39bd33f,3.68,qwen3_tts_customvoice_gguf,Qwen3-TTS 0.6B CustomVoice Q8_0 GGUF,talker-cstr-29094dcb46f19b0898616aa9aeb876aa9aa6e086-5227dcbc4df7c5533341d111cc469fa491a48e722b23dd10f553181b52dff2d9; codec-cstr-344e279551177654762e5c7d39e217834325f222-70dc95dbfdd9aa5d9d406236ff771d061bf17b0cda02a72513953355606e719b; crispasr-v0.8.28-99e990ae-c2413af7d5e70a166b74fe96f5afb6d7463f1414a5ac2dea7cd982da9f83f827; fixed-aiden; wrapper-f02d93fd7ee064539771a868c5033bc163bec1c94c838eb1152c52eb7eb677b7,qwen3_tts_customvoice:aiden,not_applicable:text_only_no_reference_audio,cuda:0,offline_text_only_final_materialization,16000,wav,synthesis_text_sha256=2727d944103e0126eb39abfd2b8a2ee8a0c74ff5790deac6386c81a8b39bd33f;reference_audio=forbidden;voice_cloning=false,656922948,2026-08-16T01:00:00+06:00
qwen3_tts_customvoice_aiden_v4_final_salvage:8fe70f7aa20851be9a34,processed/v4/xlsr_sls_model_v4_final_salvage_materialization_v1/ru_spoof/4c/4cfcfbaadf61c8ee5c075d44df5cb1ad3a7e3aa6cfb193a5aedd2aead767f330.wav,50ffa71457e939b679cbb7047517968a2142646b282750c6739374aa61232c10,test,spoof,ru,false,qwen3_tts_customvoice_aiden_v4_final_salvage:fixed-profile:qwen3_tts_0_6b_customvoice_aiden_q8_0,qwen3_tts_customvoice_aiden_v4_final_salvage,"Apache-2.0: Qwen CustomVoice and tokenizer model cards, cstr GGUF conversion cards, and CrispASR runtime release; permitted only for this project's personal-research scope with no training, calibration, product, re-hosting, verified-speaker or speaker-independence claim","One-shot local text-only derivative of frozen common_voice_ru_v24_v4_final_salvage text 79cb833c4a964bf948beb8793a8971db76b06bd02f0a569ab835589f6acfa00e; no reference audio, cloning, resynthesis, replacement or backfill",qwen3_tts_customvoice_aiden_v4_final_salvage:synthetic-profile:qwen3_tts_0_6b_customvoice_aiden_q8_0,79cb833c4a964bf948beb8793a8971db76b06bd02f0a569ab835589f6acfa00e,c564d3de99ee1db7d48f98c1ccc9880be36a5ed39f315146e1e3f5c5601e6fdc,6.08,qwen3_tts_customvoice_gguf,Qwen3-TTS 0.6B CustomVoice Q8_0 GGUF,talker-cstr-29094dcb46f19b0898616aa9aeb876aa9aa6e086-5227dcbc4df7c5533341d111cc469fa491a48e722b23dd10f553181b52dff2d9; codec-cstr-344e279551177654762e5c7d39e217834325f222-70dc95dbfdd9aa5d9d406236ff771d061bf17b0cda02a72513953355606e719b; crispasr-v0.8.28-99e990ae-c2413af7d5e70a166b74fe96f5afb6d7463f1414a5ac2dea7cd982da9f83f827; fixed-aiden; wrapper-f02d93fd7ee064539771a868c5033bc163bec1c94c838eb1152c52eb7eb677b7,qwen3_tts_customvoice:aiden,not_applicable:text_only_no_reference_audio,cuda:0,offline_text_only_final_materialization,16000,wav,synthesis_text_sha256=c564d3de99ee1db7d48f98c1ccc9880be36a5ed39f315146e1e3f5c5601e6fdc;reference_audio=forbidden;voice_cloning=false,3311719390,2026-08-16T01:00:00+06:00
qwen3_tts_customvoice_aiden_v4_final_salvage:c21711cf416109c3f9f1,processed/v4/xlsr_sls_model_v4_final_salvage_materialization_v1/ru_spoof/50/50914dd097d2d44af4b59b336754d617c8fd885c3c297e36ba5d9ad8b60fc629.wav,2fb36c4ad16addbab013e0f2407ead3b567f273ee1002ecfafc583859afb85a1,test,spoof,ru,false,qwen3_tts_customvoice_aiden_v4_final_salvage:fixed-profile:qwen3_tts_0_6b_customvoice_aiden_q8_0,qwen3_tts_customvoice_aiden_v4_final_salvage,"Apache-2.0: Qwen CustomVoice and tokenizer model cards, cstr GGUF conversion cards, and CrispASR runtime release; permitted only for this project's personal-research scope with no training, calibration, product, re-hosting, verified-speaker or speaker-independence claim","One-shot local text-only derivative of frozen common_voice_ru_v24_v4_final_salvage text bc2756297ce44fa850489e4ead70135902dd8099e3b759939f7be01baed4626e; no reference audio, cloning, resynthesis, replacement or backfill",qwen3_tts_customvoice_aiden_v4_final_salvage:synthetic-profile:qwen3_tts_0_6b_customvoice_aiden_q8_0,bc2756297ce44fa850489e4ead70135902dd8099e3b759939f7be01baed4626e,f36c6975fe7e87d2f798cc5d28b1567e04d888ec9d997d39bdb87fb0af19bc27,6.4,qwen3_tts_customvoice_gguf,Qwen3-TTS 0.6B CustomVoice Q8_0 GGUF,talker-cstr-29094dcb46f19b0898616aa9aeb876aa9aa6e086-5227dcbc4df7c5533341d111cc469fa491a48e722b23dd10f553181b52dff2d9; codec-cstr-344e279551177654762e5c7d39e217834325f222-70dc95dbfdd9aa5d9d406236ff771d061bf17b0cda02a72513953355606e719b; crispasr-v0.8.28-99e990ae-c2413af7d5e70a166b74fe96f5afb6d7463f1414a5ac2dea7cd982da9f83f827; fixed-aiden; wrapper-f02d93fd7ee064539771a868c5033bc163bec1c94c838eb1152c52eb7eb677b7,qwen3_tts_customvoice:aiden,not_applicable:text_only_no_reference_audio,cuda:0,offline_text_only_final_materialization,16000,wav,synthesis_text_sha256=f36c6975fe7e87d2f798cc5d28b1567e04d888ec9d997d39bdb87fb0af19bc27;reference_audio=forbidden;voice_cloning=false,4083968373,2026-08-16T01:00:00+06:00
qwen3_tts_customvoice_aiden_v4_final_salvage:08800a89d31cf977eca7,processed/v4/xlsr_sls_model_v4_final_salvage_materialization_v1/ru_spoof/19/19de6a602a265eb00a995ba50febb5b4fb20e59e50ed60c2a23c938421ac035d.wav,3734a412caa474c519f292bad8451485c70e1d7e8703ae4e85aa28ee55def5cc,test,spoof,ru,false,qwen3_tts_customvoice_aiden_v4_final_salvage:fixed-profile:qwen3_tts_0_6b_customvoice_aiden_q8_0,qwen3_tts_customvoice_aiden_v4_final_salvage,"Apache-2.0: Qwen CustomVoice and tokenizer model cards, cstr GGUF conversion cards, and CrispASR runtime release; permitted only for this project's personal-research scope with no training, calibration, product, re-hosting, verified-speaker or speaker-independence claim","One-shot local text-only derivative of frozen common_voice_ru_v24_v4_final_salvage text 39a34dacf641a654a2ba527dd3fc5b677177e836937cb2f65fd0928b6376d5c6; no reference audio, cloning, resynthesis, replacement or backfill",qwen3_tts_customvoice_aiden_v4_final_salvage:synthetic-profile:qwen3_tts_0_6b_customvoice_aiden_q8_0,39a34dacf641a654a2ba527dd3fc5b677177e836937cb2f65fd0928b6376d5c6,986849b846c121d49eb31d0646d24c1eb556fd0ec0ed8e5bc1f5cd1ecc7b2e9e,5.76,qwen3_tts_customvoice_gguf,Qwen3-TTS 0.6B CustomVoice Q8_0 GGUF,talker-cstr-29094dcb46f19b0898616aa9aeb876aa9aa6e086-5227dcbc4df7c5533341d111cc469fa491a48e722b23dd10f553181b52dff2d9; codec-cstr-344e279551177654762e5c7d39e217834325f222-70dc95dbfdd9aa5d9d406236ff771d061bf17b0cda02a72513953355606e719b; crispasr-v0.8.28-99e990ae-c2413af7d5e70a166b74fe96f5afb6d7463f1414a5ac2dea7cd982da9f83f827; fixed-aiden; wrapper-f02d93fd7ee064539771a868c5033bc163bec1c94c838eb1152c52eb7eb677b7,qwen3_tts_customvoice:aiden,not_applicable:text_only_no_reference_audio,cuda:0,offline_text_only_final_materialization,16000,wav,synthesis_text_sha256=986849b846c121d49eb31d0646d24c1eb556fd0ec0ed8e5bc1f5cd1ecc7b2e9e;reference_audio=forbidden;voice_cloning=false,2556971448,2026-08-16T01:00:00+06:00
qwen3_tts_customvoice_aiden_v4_final_salvage:8e2727ae016ef35f531b,processed/v4/xlsr_sls_model_v4_final_salvage_materialization_v1/ru_spoof/83/83ebbafc8f532a95f4f6b4b9d615e5e5762e4b8068a0823312261331975c937f.wav,aba69419d9f43a81a9d8b8abbde35b7768563c6c1727299d114801c85a8fc285,test,spoof,ru,false,qwen3_tts_customvoice_aiden_v4_final_salvage:fixed-profile:qwen3_tts_0_6b_customvoice_aiden_q8_0,qwen3_tts_customvoice_aiden_v4_final_salvage,"Apache-2.0: Qwen CustomVoice and tokenizer model cards, cstr GGUF conversion cards, and CrispASR runtime release; permitted only for this project's personal-research scope with no training, calibration, product, re-hosting, verified-speaker or speaker-independence claim","One-shot local text-only derivative of frozen common_voice_ru_v24_v4_final_salvage text 8b5d940f58e14310dc98ebcd100a848756cbb5f7b67edcf2e8d4f0a2d08e5e9c; no reference audio, cloning, resynthesis, replacement or backfill",qwen3_tts_customvoice_aiden_v4_final_salvage:synthetic-profile:qwen3_tts_0_6b_customvoice_aiden_q8_0,8b5d940f58e14310dc98ebcd100a848756cbb5f7b67edcf2e8d4f0a2d08e5e9c,5f09551581033d4bc724cd9bd27ebc8b40a21255a304175f55c4040e48a6f62f,4.16,qwen3_tts_customvoice_gguf,Qwen3-TTS 0.6B CustomVoice Q8_0 GGUF,talker-cstr-29094dcb46f19b0898616aa9aeb876aa9aa6e086-5227dcbc4df7c5533341d111cc469fa491a48e722b23dd10f553181b52dff2d9; codec-cstr-344e279551177654762e5c7d39e217834325f222-70dc95dbfdd9aa5d9d406236ff771d061bf17b0cda02a72513953355606e719b; crispasr-v0.8.28-99e990ae-c2413af7d5e70a166b74fe96f5afb6d7463f1414a5ac2dea7cd982da9f83f827; fixed-aiden; wrapper-f02d93fd7ee064539771a868c5033bc163bec1c94c838eb1152c52eb7eb677b7,qwen3_tts_customvoice:aiden,not_applicable:text_only_no_reference_audio,cuda:0,offline_text_only_final_materialization,16000,wav,synthesis_text_sha256=5f09551581033d4bc724cd9bd27ebc8b40a21255a304175f55c4040e48a6f62f;reference_audio=forbidden;voice_cloning=false,1594447125,2026-08-16T01:00:00+06:00
qwen3_tts_customvoice_aiden_v4_final_salvage:d3a7fe8f4d5a692e770c,processed/v4/xlsr_sls_model_v4_final_salvage_materialization_v1/ru_spoof/f0/f084ceafc09973c62d5426e1a100171236cdcaacd27ec16bf9e40a5f7adccc4b.wav,c3e51f74fb8bf52e917b777fc41aae56dc93eddaf45d2d6fb290bc396b835d8c,test,spoof,ru,false,qwen3_tts_customvoice_aiden_v4_final_salvage:fixed-profile:qwen3_tts_0_6b_customvoice_aiden_q8_0,qwen3_tts_customvoice_aiden_v4_final_salvage,"Apache-2.0: Qwen CustomVoice and tokenizer model cards, cstr GGUF conversion cards, and CrispASR runtime release; permitted only for this project's personal-research scope with no training, calibration, product, re-hosting, verified-speaker or speaker-independence claim","One-shot local text-only derivative of frozen common_voice_ru_v24_v4_final_salvage text 033509ed1c2c24d58e814981089b299d4de7ece111a0d38c5595f3858ae5b4bf; no reference audio, cloning, resynthesis, replacement or backfill",qwen3_tts_customvoice_aiden_v4_final_salvage:synthetic-profile:qwen3_tts_0_6b_customvoice_aiden_q8_0,033509ed1c2c24d58e814981089b299d4de7ece111a0d38c5595f3858ae5b4bf,5e026ec6e958fca388fcf182865665b02e3bc05b00af730c24028aa8ebf31986,3.68,qwen3_tts_customvoice_gguf,Qwen3-TTS 0.6B CustomVoice Q8_0 GGUF,talker-cstr-29094dcb46f19b0898616aa9aeb876aa9aa6e086-5227dcbc4df7c5533341d111cc469fa491a48e722b23dd10f553181b52dff2d9; codec-cstr-344e279551177654762e5c7d39e217834325f222-70dc95dbfdd9aa5d9d406236ff771d061bf17b0cda02a72513953355606e719b; crispasr-v0.8.28-99e990ae-c2413af7d5e70a166b74fe96f5afb6d7463f1414a5ac2dea7cd982da9f83f827; fixed-aiden; wrapper-f02d93fd7ee064539771a868c5033bc163bec1c94c838eb1152c52eb7eb677b7,qwen3_tts_customvoice:aiden,not_applicable:text_only_no_reference_audio,cuda:0,offline_text_only_final_materialization,16000,wav,synthesis_text_sha256=5e026ec6e958fca388fcf182865665b02e3bc05b00af730c24028aa8ebf31986;reference_audio=forbidden;voice_cloning=false,1577217734,2026-08-16T01:00:00+06:00
qwen3_tts_customvoice_aiden_v4_final_salvage:6a8ebbcef85dc5b52c33,processed/v4/xlsr_sls_model_v4_final_salvage_materialization_v1/ru_spoof/36/363e30a54eed4853cd6c683b69b44037d195c8a7890abce75f6b009bd00c626e.wav,918eb93f6918016724786453c23121ca96793fb08c2a1b3ac5d49d695328e7f7,test,spoof,ru,false,qwen3_tts_customvoice_aiden_v4_final_salvage:fixed-profile:qwen3_tts_0_6b_customvoice_aiden_q8_0,qwen3_tts_customvoice_aiden_v4_final_salvage,"Apache-2.0: Qwen CustomVoice and tokenizer model cards, cstr GGUF conversion cards, and CrispASR runtime release; permitted only for this project's personal-research scope with no training, calibration, product, re-hosting, verified-speaker or speaker-independence claim","One-shot local text-only derivative of frozen common_voice_ru_v24_v4_final_salvage text 9a0ea7e6281abedc9d78d28afc869e7aa2efdb78c815312c1e7400916db72d47; no reference audio, cloning, resynthesis, replacement or backfill",qwen3_tts_customvoice_aiden_v4_final_salvage:synthetic-profile:qwen3_tts_0_6b_customvoice_aiden_q8_0,9a0ea7e6281abedc9d78d28afc869e7aa2efdb78c815312c1e7400916db72d47,a928c229a80666d34548c7e42df2fd976fab5123ac23c203918bdea23271d3c9,4.48,qwen3_tts_customvoice_gguf,Qwen3-TTS 0.6B CustomVoice Q8_0 GGUF,talker-cstr-29094dcb46f19b0898616aa9aeb876aa9aa6e086-5227dcbc4df7c5533341d111cc469fa491a48e722b23dd10f553181b52dff2d9; codec-cstr-344e279551177654762e5c7d39e217834325f222-70dc95dbfdd9aa5d9d406236ff771d061bf17b0cda02a72513953355606e719b; crispasr-v0.8.28-99e990ae-c2413af7d5e70a166b74fe96f5afb6d7463f1414a5ac2dea7cd982da9f83f827; fixed-aiden; wrapper-f02d93fd7ee064539771a868c5033bc163bec1c94c838eb1152c52eb7eb677b7,qwen3_tts_customvoice:aiden,not_applicable:text_only_no_reference_audio,cuda:0,offline_text_only_final_materialization,16000,wav,synthesis_text_sha256=a928c229a80666d34548c7e42df2fd976fab5123ac23c203918bdea23271d3c9;reference_audio=forbidden;voice_cloning=false,2838020649,2026-08-16T01:00:00+06:00
qwen3_tts_customvoice_aiden_v4_final_salvage:7689c9e164be351dd6ba,processed/v4/xlsr_sls_model_v4_final_salvage_materialization_v1/ru_spoof/4a/4acd5c5f551e322e4eadb70b900dbbdb1a00c2f985534b9167a35fbb65e1e31f.wav,881bafe734d8e6f9ca090d9821cf42d5dd29d72ef7bfa01e80f6e98cc3d44c61,test,spoof,ru,false,qwen3_tts_customvoice_aiden_v4_final_salvage:fixed-profile:qwen3_tts_0_6b_customvoice_aiden_q8_0,qwen3_tts_customvoice_aiden_v4_final_salvage,"Apache-2.0: Qwen CustomVoice and tokenizer model cards, cstr GGUF conversion cards, and CrispASR runtime release; permitted only for this project's personal-research scope with no training, calibration, product, re-hosting, verified-speaker or speaker-independence claim","One-shot local text-only derivative of frozen common_voice_ru_v24_v4_final_salvage text dde1d37c3ff23681b8b0ba21706c9fb9d0a8ab1368c951c170121e1ba7c03235; no reference audio, cloning, resynthesis, replacement or backfill",qwen3_tts_customvoice_aiden_v4_final_salvage:synthetic-profile:qwen3_tts_0_6b_customvoice_aiden_q8_0,dde1d37c3ff23681b8b0ba21706c9fb9d0a8ab1368c951c170121e1ba7c03235,7e53b176d7a0e2a942e5a6d0299c08e68767edceff9a3fd41ba07deec8f172d1,8.08,qwen3_tts_customvoice_gguf,Qwen3-TTS 0.6B CustomVoice Q8_0 GGUF,talker-cstr-29094dcb46f19b0898616aa9aeb876aa9aa6e086-5227dcbc4df7c5533341d111cc469fa491a48e722b23dd10f553181b52dff2d9; codec-cstr-344e279551177654762e5c7d39e217834325f222-70dc95dbfdd9aa5d9d406236ff771d061bf17b0cda02a72513953355606e719b; crispasr-v0.8.28-99e990ae-c2413af7d5e70a166b74fe96f5afb6d7463f1414a5ac2dea7cd982da9f83f827; fixed-aiden; wrapper-f02d93fd7ee064539771a868c5033bc163bec1c94c838eb1152c52eb7eb677b7,qwen3_tts_customvoice:aiden,not_applicable:text_only_no_reference_audio,cuda:0,offline_text_only_final_materialization,16000,wav,synthesis_text_sha256=7e53b176d7a0e2a942e5a6d0299c08e68767edceff9a3fd41ba07deec8f172d1;reference_audio=forbidden;voice_cloning=false,2119414134,2026-08-16T01:00:00+06:00
qwen3_tts_customvoice_aiden_v4_final_salvage:93ef88a5e78ced74e735,processed/v4/xlsr_sls_model_v4_final_salvage_materialization_v1/ru_spoof/4c/4cce59ae42ac0faa6844f5f872160c4f763ca7fcce39e1b940532c44d22418ab.wav,6c0900a4c4859f3dbf9c21f9ef515541bac08217e5f40d3bc59e606422093f50,test,spoof,ru,false,qwen3_tts_customvoice_aiden_v4_final_salvage:fixed-profile:qwen3_tts_0_6b_customvoice_aiden_q8_0,qwen3_tts_customvoice_aiden_v4_final_salvage,"Apache-2.0: Qwen CustomVoice and tokenizer model cards, cstr GGUF conversion cards, and CrispASR runtime release; permitted only for this project's personal-research scope with no training, calibration, product, re-hosting, verified-speaker or speaker-independence claim","One-shot local text-only derivative of frozen common_voice_ru_v24_v4_final_salvage text b1d94cdaa6ca92fb55a3ead44cdd2588577ea32f20e82c506704f9a4a1d7f891; no reference audio, cloning, resynthesis, replacement or backfill",qwen3_tts_customvoice_aiden_v4_final_salvage:synthetic-profile:qwen3_tts_0_6b_customvoice_aiden_q8_0,b1d94cdaa6ca92fb55a3ead44cdd2588577ea32f20e82c506704f9a4a1d7f891,3bbab9a8109748b77a65256f8b54db3e6616d3c1504294e1b097437e364464de,4.24,qwen3_tts_customvoice_gguf,Qwen3-TTS 0.6B CustomVoice Q8_0 GGUF,talker-cstr-29094dcb46f19b0898616aa9aeb876aa9aa6e086-5227dcbc4df7c5533341d111cc469fa491a48e722b23dd10f553181b52dff2d9; codec-cstr-344e279551177654762e5c7d39e217834325f222-70dc95dbfdd9aa5d9d406236ff771d061bf17b0cda02a72513953355606e719b; crispasr-v0.8.28-99e990ae-c2413af7d5e70a166b74fe96f5afb6d7463f1414a5ac2dea7cd982da9f83f827; fixed-aiden; wrapper-f02d93fd7ee064539771a868c5033bc163bec1c94c838eb1152c52eb7eb677b7,qwen3_tts_customvoice:aiden,not_applicable:text_only_no_reference_audio,cuda:0,offline_text_only_final_materialization,16000,wav,synthesis_text_sha256=3bbab9a8109748b77a65256f8b54db3e6616d3c1504294e1b097437e364464de;reference_audio=forbidden;voice_cloning=false,1002092968,2026-08-16T01:00:00+06:00
qwen3_tts_customvoice_aiden_v4_final_salvage:b7342f9e3e1b36b9b7f3,processed/v4/xlsr_sls_model_v4_final_salvage_materialization_v1/ru_spoof/68/683393cf39e5ee47add0eb9bc42f720845f0a775bcd4fbaa27ae112c357aceee.wav,3513c0bae4eec62ef5e033e0857da2ff4c5ed5dca94f2624f9ad5508a0d84184,test,spoof,ru,false,qwen3_tts_customvoice_aiden_v4_final_salvage:fixed-profile:qwen3_tts_0_6b_customvoice_aiden_q8_0,qwen3_tts_customvoice_aiden_v4_final_salvage,"Apache-2.0: Qwen CustomVoice and tokenizer model cards, cstr GGUF conversion cards, and CrispASR runtime release; permitted only for this project's personal-research scope with no training, calibration, product, re-hosting, verified-speaker or speaker-independence claim","One-shot local text-only derivative of frozen common_voice_ru_v24_v4_final_salvage text 906cbf7584445ed4b81f32cb87794edbe6daf95d96168bb6da9809986fa9de29; no reference audio, cloning, resynthesis, replacement or backfill",qwen3_tts_customvoice_aiden_v4_final_salvage:synthetic-profile:qwen3_tts_0_6b_customvoice_aiden_q8_0,906cbf7584445ed4b81f32cb87794edbe6daf95d96168bb6da9809986fa9de29,a2d546b8395f6348439f7d8f5573eb3af12d17992c90a5635a6cc3f7d3dfc734,4.24,qwen3_tts_customvoice_gguf,Qwen3-TTS 0.6B CustomVoice Q8_0 GGUF,talker-cstr-29094dcb46f19b0898616aa9aeb876aa9aa6e086-5227dcbc4df7c5533341d111cc469fa491a48e722b23dd10f553181b52dff2d9; codec-cstr-344e279551177654762e5c7d39e217834325f222-70dc95dbfdd9aa5d9d406236ff771d061bf17b0cda02a72513953355606e719b; crispasr-v0.8.28-99e990ae-c2413af7d5e70a166b74fe96f5afb6d7463f1414a5ac2dea7cd982da9f83f827; fixed-aiden; wrapper-f02d93fd7ee064539771a868c5033bc163bec1c94c838eb1152c52eb7eb677b7,qwen3_tts_customvoice:aiden,not_applicable:text_only_no_reference_audio,cuda:0,offline_text_only_final_materialization,16000,wav,synthesis_text_sha256=a2d546b8395f6348439f7d8f5573eb3af12d17992c90a5635a6cc3f7d3dfc734;reference_audio=forbidden;voice_cloning=false,2731886264,2026-08-16T01:00:00+06:00
qwen3_tts_customvoice_aiden_v4_final_salvage:41edc9527d1832cafba2,processed/v4/xlsr_sls_model_v4_final_salvage_materialization_v1/ru_spoof/31/3107f9bc73bd6dab413c2628837057416b827b3f7bcf57591096b8ce23d24160.wav,8d9f6e75d616ea6a7174a24ae3ba9ade5b35985699acdbd7580b8d235a04bdec,test,spoof,ru,false,qwen3_tts_customvoice_aiden_v4_final_salvage:fixed-profile:qwen3_tts_0_6b_customvoice_aiden_q8_0,qwen3_tts_customvoice_aiden_v4_final_salvage,"Apache-2.0: Qwen CustomVoice and tokenizer model cards, cstr GGUF conversion cards, and CrispASR runtime release; permitted only for this project's personal-research scope with no training, calibration, product, re-hosting, verified-speaker or speaker-independence claim","One-shot local text-only derivative of frozen common_voice_ru_v24_v4_final_salvage text 1fa385b458f7ba0cd5c93e05c153d7e46cc8a56322f344ba089719c2a575a87b; no reference audio, cloning, resynthesis, replacement or backfill",qwen3_tts_customvoice_aiden_v4_final_salvage:synthetic-profile:qwen3_tts_0_6b_customvoice_aiden_q8_0,1fa385b458f7ba0cd5c93e05c153d7e46cc8a56322f344ba089719c2a575a87b,7e58bde5c4f6d385b982b24c0f78b69dd0571c230619a333c3b6c2e06dd0547f,4.96,qwen3_tts_customvoice_gguf,Qwen3-TTS 0.6B CustomVoice Q8_0 GGUF,talker-cstr-29094dcb46f19b0898616aa9aeb876aa9aa6e086-5227dcbc4df7c5533341d111cc469fa491a48e722b23dd10f553181b52dff2d9; codec-cstr-344e279551177654762e5c7d39e217834325f222-70dc95dbfdd9aa5d9d406236ff771d061bf17b0cda02a72513953355606e719b; crispasr-v0.8.28-99e990ae-c2413af7d5e70a166b74fe96f5afb6d7463f1414a5ac2dea7cd982da9f83f827; fixed-aiden; wrapper-f02d93fd7ee064539771a868c5033bc163bec1c94c838eb1152c52eb7eb677b7,qwen3_tts_customvoice:aiden,not_applicable:text_only_no_reference_audio,cuda:0,offline_text_only_final_materialization,16000,wav,synthesis_text_sha256=7e58bde5c4f6d385b982b24c0f78b69dd0571c230619a333c3b6c2e06dd0547f;reference_audio=forbidden;voice_cloning=false,2119744997,2026-08-16T01:00:00+06:00
qwen3_tts_customvoice_aiden_v4_final_salvage:a6139f1c86357ce0b47a,processed/v4/xlsr_sls_model_v4_final_salvage_materialization_v1/ru_spoof/5c/5c6167795de01acb78818be20137ac94585f329db178e46a9441671a8467952f.wav,e6f6b1bea9d8fadfdc7bee880ad17d3d6fe9ec74c20b4a9bec3b23019492943f,test,spoof,ru,false,qwen3_tts_customvoice_aiden_v4_final_salvage:fixed-profile:qwen3_tts_0_6b_customvoice_aiden_q8_0,qwen3_tts_customvoice_aiden_v4_final_salvage,"Apache-2.0: Qwen CustomVoice and tokenizer model cards, cstr GGUF conversion cards, and CrispASR runtime release; permitted only for this project's personal-research scope with no training, calibration, product, re-hosting, verified-speaker or speaker-independence claim","One-shot local text-only derivative of frozen common_voice_ru_v24_v4_final_salvage text 1a23935e10b3188e31b2f304d8e0567b85ffdf9b107ad8597c760e8560ba47f8; no reference audio, cloning, resynthesis, replacement or backfill",qwen3_tts_customvoice_aiden_v4_final_salvage:synthetic-profile:qwen3_tts_0_6b_customvoice_aiden_q8_0,1a23935e10b3188e31b2f304d8e0567b85ffdf9b107ad8597c760e8560ba47f8,5f13051adb24ded27a9a289a9cf21367d26d62ded6b9ade61b60213d248225f2,3.92,qwen3_tts_customvoice_gguf,Qwen3-TTS 0.6B CustomVoice Q8_0 GGUF,talker-cstr-29094dcb46f19b0898616aa9aeb876aa9aa6e086-5227dcbc4df7c5533341d111cc469fa491a48e722b23dd10f553181b52dff2d9; codec-cstr-344e279551177654762e5c7d39e217834325f222-70dc95dbfdd9aa5d9d406236ff771d061bf17b0cda02a72513953355606e719b; crispasr-v0.8.28-99e990ae-c2413af7d5e70a166b74fe96f5afb6d7463f1414a5ac2dea7cd982da9f83f827; fixed-aiden; wrapper-f02d93fd7ee064539771a868c5033bc163bec1c94c838eb1152c52eb7eb677b7,qwen3_tts_customvoice:aiden,not_applicable:text_only_no_reference_audio,cuda:0,offline_text_only_final_materialization,16000,wav,synthesis_text_sha256=5f13051adb24ded27a9a289a9cf21367d26d62ded6b9ade61b60213d248225f2;reference_audio=forbidden;voice_cloning=false,1595082010,2026-08-16T01:00:00+06:00
qwen3_tts_customvoice_aiden_v4_final_salvage:4e0295d8010ce0f09b42,processed/v4/xlsr_sls_model_v4_final_salvage_materialization_v1/ru_spoof/ce/ce267996de24c84374aa27ebabbbebdf8e1bce3ee931c8a6ab3626e705187e82.wav,bd03fba165ea9b56e3eb2dcef8d641da6d33a1883156048d8357185a575a9125,test,spoof,ru,false,qwen3_tts_customvoice_aiden_v4_final_salvage:fixed-profile:qwen3_tts_0_6b_customvoice_aiden_q8_0,qwen3_tts_customvoice_aiden_v4_final_salvage,"Apache-2.0: Qwen CustomVoice and tokenizer model cards, cstr GGUF conversion cards, and CrispASR runtime release; permitted only for this project's personal-research scope with no training, calibration, product, re-hosting, verified-speaker or speaker-independence claim","One-shot local text-only derivative of frozen common_voice_ru_v24_v4_final_salvage text 11c236f433c5cb4e0e24c845c8a2c68cb1c1d7d9c9a8a8e67b06483b2ef3f043; no reference audio, cloning, resynthesis, replacement or backfill",qwen3_tts_customvoice_aiden_v4_final_salvage:synthetic-profile:qwen3_tts_0_6b_customvoice_aiden_q8_0,11c236f433c5cb4e0e24c845c8a2c68cb1c1d7d9c9a8a8e67b06483b2ef3f043,b06d12480b54a1f4cf84e229ada02bfc01f3b4f167dbdb8d4817a0a279b2ab60,4.24,qwen3_tts_customvoice_gguf,Qwen3-TTS 0.6B CustomVoice Q8_0 GGUF,talker-cstr-29094dcb46f19b0898616aa9aeb876aa9aa6e086-5227dcbc4df7c5533341d111cc469fa491a48e722b23dd10f553181b52dff2d9; codec-cstr-344e279551177654762e5c7d39e217834325f222-70dc95dbfdd9aa5d9d406236ff771d061bf17b0cda02a72513953355606e719b; crispasr-v0.8.28-99e990ae-c2413af7d5e70a166b74fe96f5afb6d7463f1414a5ac2dea7cd982da9f83f827; fixed-aiden; wrapper-f02d93fd7ee064539771a868c5033bc163bec1c94c838eb1152c52eb7eb677b7,qwen3_tts_customvoice:aiden,not_applicable:text_only_no_reference_audio,cuda:0,offline_text_only_final_materialization,16000,wav,synthesis_text_sha256=b06d12480b54a1f4cf84e229ada02bfc01f3b4f167dbdb8d4817a0a279b2ab60;reference_audio=forbidden;voice_cloning=false,2959938120,2026-08-16T01:00:00+06:00
qwen3_tts_customvoice_aiden_v4_final_salvage:cc02c4cc88397850131c,processed/v4/xlsr_sls_model_v4_final_salvage_materialization_v1/ru_spoof/0f/0f6d31bb35c98adfe9d357881b74fa8b4222de99e63941913e461f1edc0aaffd.wav,f8915297dfaa8663f14d015bc729d2443170ceb70c39652ddcddfc9d14a32ab2,test,spoof,ru,false,qwen3_tts_customvoice_aiden_v4_final_salvage:fixed-profile:qwen3_tts_0_6b_customvoice_aiden_q8_0,qwen3_tts_customvoice_aiden_v4_final_salvage,"Apache-2.0: Qwen CustomVoice and tokenizer model cards, cstr GGUF conversion cards, and CrispASR runtime release; permitted only for this project's personal-research scope with no training, calibration, product, re-hosting, verified-speaker or speaker-independence claim","One-shot local text-only derivative of frozen common_voice_ru_v24_v4_final_salvage text e15c9b7ad911f9dcfbbc35d7d32ec4c61ec6aca45dca7d66fc046e7d619e6531; no reference audio, cloning, resynthesis, replacement or backfill",qwen3_tts_customvoice_aiden_v4_final_salvage:synthetic-profile:qwen3_tts_0_6b_customvoice_aiden_q8_0,e15c9b7ad911f9dcfbbc35d7d32ec4c61ec6aca45dca7d66fc046e7d619e6531,9cbe733816d8fe3b1559590857140672455b4273bd8acd51899fe5482838c55b,3.52,qwen3_tts_customvoice_gguf,Qwen3-TTS 0.6B CustomVoice Q8_0 GGUF,talker-cstr-29094dcb46f19b0898616aa9aeb876aa9aa6e086-5227dcbc4df7c5533341d111cc469fa491a48e722b23dd10f553181b52dff2d9; codec-cstr-344e279551177654762e5c7d39e217834325f222-70dc95dbfdd9aa5d9d406236ff771d061bf17b0cda02a72513953355606e719b; crispasr-v0.8.28-99e990ae-c2413af7d5e70a166b74fe96f5afb6d7463f1414a5ac2dea7cd982da9f83f827; fixed-aiden; wrapper-f02d93fd7ee064539771a868c5033bc163bec1c94c838eb1152c52eb7eb677b7,qwen3_tts_customvoice:aiden,not_applicable:text_only_no_reference_audio,cuda:0,offline_text_only_final_materialization,16000,wav,synthesis_text_sha256=9cbe733816d8fe3b1559590857140672455b4273bd8acd51899fe5482838c55b;reference_audio=forbidden;voice_cloning=false,2629727032,2026-08-16T01:00:00+06:00
qwen3_tts_customvoice_aiden_v4_final_salvage:23f45edc6b76f07886c7,processed/v4/xlsr_sls_model_v4_final_salvage_materialization_v1/ru_spoof/f8/f80592fd21fbcd203a71fc51f13ded02ae0af7f8bcb574a51b5f21764f8b2ffc.wav,c05ffebc64c3806445357750e851011c3b25f46694ee8460f82795065fc0ba7c,test,spoof,ru,false,qwen3_tts_customvoice_aiden_v4_final_salvage:fixed-profile:qwen3_tts_0_6b_customvoice_aiden_q8_0,qwen3_tts_customvoice_aiden_v4_final_salvage,"Apache-2.0: Qwen CustomVoice and tokenizer model cards, cstr GGUF conversion cards, and CrispASR runtime release; permitted only for this project's personal-research scope with no training, calibration, product, re-hosting, verified-speaker or speaker-independence claim","One-shot local text-only derivative of frozen common_voice_ru_v24_v4_final_salvage text aa6d4e4936979df8b46a9fa2e6887dbbc08efc51cfcd2a1655a34d03ee6f0c36; no reference audio, cloning, resynthesis, replacement or backfill",qwen3_tts_customvoice_aiden_v4_final_salvage:synthetic-profile:qwen3_tts_0_6b_customvoice_aiden_q8_0,aa6d4e4936979df8b46a9fa2e6887dbbc08efc51cfcd2a1655a34d03ee6f0c36,9531cbe6924f1a407ffa49b2c76d3b86320371d70d5efb151a6a4e082a72fa4b,4.8,qwen3_tts_customvoice_gguf,Qwen3-TTS 0.6B CustomVoice Q8_0 GGUF,talker-cstr-29094dcb46f19b0898616aa9aeb876aa9aa6e086-5227dcbc4df7c5533341d111cc469fa491a48e722b23dd10f553181b52dff2d9; codec-cstr-344e279551177654762e5c7d39e217834325f222-70dc95dbfdd9aa5d9d406236ff771d061bf17b0cda02a72513953355606e719b; crispasr-v0.8.28-99e990ae-c2413af7d5e70a166b74fe96f5afb6d7463f1414a5ac2dea7cd982da9f83f827; fixed-aiden; wrapper-f02d93fd7ee064539771a868c5033bc163bec1c94c838eb1152c52eb7eb677b7,qwen3_tts_customvoice:aiden,not_applicable:text_only_no_reference_audio,cuda:0,offline_text_only_final_materialization,16000,wav,synthesis_text_sha256=9531cbe6924f1a407ffa49b2c76d3b86320371d70d5efb151a6a4e082a72fa4b;reference_audio=forbidden;voice_cloning=false,2503068646,2026-08-16T01:00:00+06:00
qwen3_tts_customvoice_aiden_v4_final_salvage:a3ea54d28b182334e65c,processed/v4/xlsr_sls_model_v4_final_salvage_materialization_v1/ru_spoof/7a/7aa489e238f0c7bed13ddb62ca6a6423716daefbf866c095546cd66fb242a55d.wav,e6847ac567d2c6529de93ec10c110f2702ea73688a4f69294cb7849d3dfed95b,test,spoof,ru,false,qwen3_tts_customvoice_aiden_v4_final_salvage:fixed-profile:qwen3_tts_0_6b_customvoice_aiden_q8_0,qwen3_tts_customvoice_aiden_v4_final_salvage,"Apache-2.0: Qwen CustomVoice and tokenizer model cards, cstr GGUF conversion cards, and CrispASR runtime release; permitted only for this project's personal-research scope with no training, calibration, product, re-hosting, verified-speaker or speaker-independence claim","One-shot local text-only derivative of frozen common_voice_ru_v24_v4_final_salvage text 124e578ebf9709e44d21130279970755e48b0f52f8bce1b5127816c077c6c291; no reference audio, cloning, resynthesis, replacement or backfill",qwen3_tts_customvoice_aiden_v4_final_salvage:synthetic-profile:qwen3_tts_0_6b_customvoice_aiden_q8_0,124e578ebf9709e44d21130279970755e48b0f52f8bce1b5127816c077c6c291,f9f754a07ac4a682ab093a1d7d19fbd9d00754d15d00c080e72802e6e39ecbfe,4.0,qwen3_tts_customvoice_gguf,Qwen3-TTS 0.6B CustomVoice Q8_0 GGUF,talker-cstr-29094dcb46f19b0898616aa9aeb876aa9aa6e086-5227dcbc4df7c5533341d111cc469fa491a48e722b23dd10f553181b52dff2d9; codec-cstr-344e279551177654762e5c7d39e217834325f222-70dc95dbfdd9aa5d9d406236ff771d061bf17b0cda02a72513953355606e719b; crispasr-v0.8.28-99e990ae-c2413af7d5e70a166b74fe96f5afb6d7463f1414a5ac2dea7cd982da9f83f827; fixed-aiden; wrapper-f02d93fd7ee064539771a868c5033bc163bec1c94c838eb1152c52eb7eb677b7,qwen3_tts_customvoice:aiden,not_applicable:text_only_no_reference_audio,cuda:0,offline_text_only_final_materialization,16000,wav,synthesis_text_sha256=f9f754a07ac4a682ab093a1d7d19fbd9d00754d15d00c080e72802e6e39ecbfe;reference_audio=forbidden;voice_cloning=false,4193735840,2026-08-16T01:00:00+06:00
qwen3_tts_customvoice_aiden_v4_final_salvage:73e01ae618806bd8df90,processed/v4/xlsr_sls_model_v4_final_salvage_materialization_v1/ru_spoof/4d/4d371d71f2e50988f2db0e79f2698a9abf13251973a63eb317143645b5c68658.wav,7fb0ee36f8e0f6fe19b53bbbbf77f382f636992ec4b11cb53f1c7b5d27ffa925,test,spoof,ru,false,qwen3_tts_customvoice_aiden_v4_final_salvage:fixed-profile:qwen3_tts_0_6b_customvoice_aiden_q8_0,qwen3_tts_customvoice_aiden_v4_final_salvage,"Apache-2.0: Qwen CustomVoice and tokenizer model cards, cstr GGUF conversion cards, and CrispASR runtime release; permitted only for this project's personal-research scope with no training, calibration, product, re-hosting, verified-speaker or speaker-independence claim","One-shot local text-only derivative of frozen common_voice_ru_v24_v4_final_salvage text 598d540638aeb0c8fe8e4220b7814969cc8b6b9e3f590b2bb5242bd8ecac1162; no reference audio, cloning, resynthesis, replacement or backfill",qwen3_tts_customvoice_aiden_v4_final_salvage:synthetic-profile:qwen3_tts_0_6b_customvoice_aiden_q8_0,598d540638aeb0c8fe8e4220b7814969cc8b6b9e3f590b2bb5242bd8ecac1162,f7f9a0bc5c30de49aea0f6380d01843e9890fd87069e8980793a60072af11001,7.04,qwen3_tts_customvoice_gguf,Qwen3-TTS 0.6B CustomVoice Q8_0 GGUF,talker-cstr-29094dcb46f19b0898616aa9aeb876aa9aa6e086-5227dcbc4df7c5533341d111cc469fa491a48e722b23dd10f553181b52dff2d9; codec-cstr-344e279551177654762e5c7d39e217834325f222-70dc95dbfdd9aa5d9d406236ff771d061bf17b0cda02a72513953355606e719b; crispasr-v0.8.28-99e990ae-c2413af7d5e70a166b74fe96f5afb6d7463f1414a5ac2dea7cd982da9f83f827; fixed-aiden; wrapper-f02d93fd7ee064539771a868c5033bc163bec1c94c838eb1152c52eb7eb677b7,qwen3_tts_customvoice:aiden,not_applicable:text_only_no_reference_audio,cuda:0,offline_text_only_final_materialization,16000,wav,synthesis_text_sha256=f7f9a0bc5c30de49aea0f6380d01843e9890fd87069e8980793a60072af11001;reference_audio=forbidden;voice_cloning=false,4160331964,2026-08-16T01:00:00+06:00
qwen3_tts_customvoice_aiden_v4_final_salvage:1e5e02d33b49096ce2c2,processed/v4/xlsr_sls_model_v4_final_salvage_materialization_v1/ru_spoof/44/44cd43b03879f92289492181be7d2817cebb0232e5192f579da06711743c4fcb.wav,8bf03a9ab2522b702e56fd1df43475a28f5ef17d1887319bcd47eb2794a227fa,test,spoof,ru,false,qwen3_tts_customvoice_aiden_v4_final_salvage:fixed-profile:qwen3_tts_0_6b_customvoice_aiden_q8_0,qwen3_tts_customvoice_aiden_v4_final_salvage,"Apache-2.0: Qwen CustomVoice and tokenizer model cards, cstr GGUF conversion cards, and CrispASR runtime release; permitted only for this project's personal-research scope with no training, calibration, product, re-hosting, verified-speaker or speaker-independence claim","One-shot local text-only derivative of frozen common_voice_ru_v24_v4_final_salvage text c4cf886b10513042182c268e518510fc1d8251ef36e5073adff7876e51106b0a; no reference audio, cloning, resynthesis, replacement or backfill",qwen3_tts_customvoice_aiden_v4_final_salvage:synthetic-profile:qwen3_tts_0_6b_customvoice_aiden_q8_0,c4cf886b10513042182c268e518510fc1d8251ef36e5073adff7876e51106b0a,8d801c7351ee87d29bae85183f15807547e71f90ce1c47e32992addbd07c6f59,4.32,qwen3_tts_customvoice_gguf,Qwen3-TTS 0.6B CustomVoice Q8_0 GGUF,talker-cstr-29094dcb46f19b0898616aa9aeb876aa9aa6e086-5227dcbc4df7c5533341d111cc469fa491a48e722b23dd10f553181b52dff2d9; codec-cstr-344e279551177654762e5c7d39e217834325f222-70dc95dbfdd9aa5d9d406236ff771d061bf17b0cda02a72513953355606e719b; crispasr-v0.8.28-99e990ae-c2413af7d5e70a166b74fe96f5afb6d7463f1414a5ac2dea7cd982da9f83f827; fixed-aiden; wrapper-f02d93fd7ee064539771a868c5033bc163bec1c94c838eb1152c52eb7eb677b7,qwen3_tts_customvoice:aiden,not_applicable:text_only_no_reference_audio,cuda:0,offline_text_only_final_materialization,16000,wav,synthesis_text_sha256=8d801c7351ee87d29bae85183f15807547e71f90ce1c47e32992addbd07c6f59;reference_audio=forbidden;voice_cloning=false,2373983347,2026-08-16T01:00:00+06:00
qwen3_tts_customvoice_aiden_v4_final_salvage:7548259b98f40c39d347,processed/v4/xlsr_sls_model_v4_final_salvage_materialization_v1/ru_spoof/3a/3a3a2c13c186d01b369b79c52be71ef6b2c14f50ed931c7fa7cda8607dd695fa.wav,8ce7a0bdeb2059e3308f48394892083bc2ac1e8f68ef6303383961b74a4999d7,test,spoof,ru,false,qwen3_tts_customvoice_aiden_v4_final_salvage:fixed-profile:qwen3_tts_0_6b_customvoice_aiden_q8_0,qwen3_tts_customvoice_aiden_v4_final_salvage,"Apache-2.0: Qwen CustomVoice and tokenizer model cards, cstr GGUF conversion cards, and CrispASR runtime release; permitted only for this project's personal-research scope with no training, calibration, product, re-hosting, verified-speaker or speaker-independence claim","One-shot local text-only derivative of frozen common_voice_ru_v24_v4_final_salvage text 040f2588703afa69dd757f5253a21b0c7537eca798d506cbfd1982f542469ff1; no reference audio, cloning, resynthesis, replacement or backfill",qwen3_tts_customvoice_aiden_v4_final_salvage:synthetic-profile:qwen3_tts_0_6b_customvoice_aiden_q8_0,040f2588703afa69dd757f5253a21b0c7537eca798d506cbfd1982f542469ff1,2ba4181a976be3149f4d743110d8b3dc6dcb8f1037aedf4f8c370da1fb3672b3,3.6,qwen3_tts_customvoice_gguf,Qwen3-TTS 0.6B CustomVoice Q8_0 GGUF,talker-cstr-29094dcb46f19b0898616aa9aeb876aa9aa6e086-5227dcbc4df7c5533341d111cc469fa491a48e722b23dd10f553181b52dff2d9; codec-cstr-344e279551177654762e5c7d39e217834325f222-70dc95dbfdd9aa5d9d406236ff771d061bf17b0cda02a72513953355606e719b; crispasr-v0.8.28-99e990ae-c2413af7d5e70a166b74fe96f5afb6d7463f1414a5ac2dea7cd982da9f83f827; fixed-aiden; wrapper-f02d93fd7ee064539771a868c5033bc163bec1c94c838eb1152c52eb7eb677b7,qwen3_tts_customvoice:aiden,not_applicable:text_only_no_reference_audio,cuda:0,offline_text_only_final_materialization,16000,wav,synthesis_text_sha256=2ba4181a976be3149f4d743110d8b3dc6dcb8f1037aedf4f8c370da1fb3672b3;reference_audio=forbidden;voice_cloning=false,732174362,2026-08-16T01:00:00+06:00
qwen3_tts_customvoice_aiden_v4_final_salvage:99de5bc340e9d741b69d,processed/v4/xlsr_sls_model_v4_final_salvage_materialization_v1/ru_spoof/ff/ffc01fe0df598b01ab3580caf9c387c2b74eb2d8348f613e0a7dab6ef23a9837.wav,b682c6b4c663ce3fb711cde58402653f1c0634f3b61848ba87e933d4ba8fa578,test,spoof,ru,false,qwen3_tts_customvoice_aiden_v4_final_salvage:fixed-profile:qwen3_tts_0_6b_customvoice_aiden_q8_0,qwen3_tts_customvoice_aiden_v4_final_salvage,"Apache-2.0: Qwen CustomVoice and tokenizer model cards, cstr GGUF conversion cards, and CrispASR runtime release; permitted only for this project's personal-research scope with no training, calibration, product, re-hosting, verified-speaker or speaker-independence claim","One-shot local text-only derivative of frozen common_voice_ru_v24_v4_final_salvage text f97c1b1910de634227a765ac8ef5c49c47dce4d8fa156aae03077155ac657947; no reference audio, cloning, resynthesis, replacement or backfill",qwen3_tts_customvoice_aiden_v4_final_salvage:synthetic-profile:qwen3_tts_0_6b_customvoice_aiden_q8_0,f97c1b1910de634227a765ac8ef5c49c47dce4d8fa156aae03077155ac657947,b126b44d019e9877a7e92f0dbc210444b4f748ee94267d0488dc6dfb62fefdfc,5.92,qwen3_tts_customvoice_gguf,Qwen3-TTS 0.6B CustomVoice Q8_0 GGUF,talker-cstr-29094dcb46f19b0898616aa9aeb876aa9aa6e086-5227dcbc4df7c5533341d111cc469fa491a48e722b23dd10f553181b52dff2d9; codec-cstr-344e279551177654762e5c7d39e217834325f222-70dc95dbfdd9aa5d9d406236ff771d061bf17b0cda02a72513953355606e719b; crispasr-v0.8.28-99e990ae-c2413af7d5e70a166b74fe96f5afb6d7463f1414a5ac2dea7cd982da9f83f827; fixed-aiden; wrapper-f02d93fd7ee064539771a868c5033bc163bec1c94c838eb1152c52eb7eb677b7,qwen3_tts_customvoice:aiden,not_applicable:text_only_no_reference_audio,cuda:0,offline_text_only_final_materialization,16000,wav,synthesis_text_sha256=b126b44d019e9877a7e92f0dbc210444b4f748ee94267d0488dc6dfb62fefdfc;reference_audio=forbidden;voice_cloning=false,2972103757,2026-08-16T01:00:00+06:00
qwen3_tts_customvoice_aiden_v4_final_salvage:0bb20db7f854b80fb935,processed/v4/xlsr_sls_model_v4_final_salvage_materialization_v1/ru_spoof/18/184a6e17c6be210b868ceec8bc2b7f8d05c7c9cd1b3ff49cf02aeb468bec6bcc.wav,71fb0ab21b6daa8f4ebafecd4f1e27268f6b09c51d63dfe501d8086fad1af1eb,test,spoof,ru,false,qwen3_tts_customvoice_aiden_v4_final_salvage:fixed-profile:qwen3_tts_0_6b_customvoice_aiden_q8_0,qwen3_tts_customvoice_aiden_v4_final_salvage,"Apache-2.0: Qwen CustomVoice and tokenizer model cards, cstr GGUF conversion cards, and CrispASR runtime release; permitted only for this project's personal-research scope with no training, calibration, product, re-hosting, verified-speaker or speaker-independence claim","One-shot local text-only derivative of frozen common_voice_ru_v24_v4_final_salvage text 3e8aac502874cd75fe411e0c4c3110fa0330f504d4cb9b224f58bf3ae7330dc7; no reference audio, cloning, resynthesis, replacement or backfill",qwen3_tts_customvoice_aiden_v4_final_salvage:synthetic-profile:qwen3_tts_0_6b_customvoice_aiden_q8_0,3e8aac502874cd75fe411e0c4c3110fa0330f504d4cb9b224f58bf3ae7330dc7,97e02c89a3dceb678978d3821a4acb5436613475b84ccec600c462a254a80ac9,3.92,qwen3_tts_customvoice_gguf,Qwen3-TTS 0.6B CustomVoice Q8_0 GGUF,talker-cstr-29094dcb46f19b0898616aa9aeb876aa9aa6e086-5227dcbc4df7c5533341d111cc469fa491a48e722b23dd10f553181b52dff2d9; codec-cstr-344e279551177654762e5c7d39e217834325f222-70dc95dbfdd9aa5d9d406236ff771d061bf17b0cda02a72513953355606e719b; crispasr-v0.8.28-99e990ae-c2413af7d5e70a166b74fe96f5afb6d7463f1414a5ac2dea7cd982da9f83f827; fixed-aiden; wrapper-f02d93fd7ee064539771a868c5033bc163bec1c94c838eb1152c52eb7eb677b7,qwen3_tts_customvoice:aiden,not_applicable:text_only_no_reference_audio,cuda:0,offline_text_only_final_materialization,16000,wav,synthesis_text_sha256=97e02c89a3dceb678978d3821a4acb5436613475b84ccec600c462a254a80ac9;reference_audio=forbidden;voice_cloning=false,2548051081,2026-08-16T01:00:00+06:00
qwen3_tts_customvoice_aiden_v4_final_salvage:a473d8a497402efbacad,processed/v4/xlsr_sls_model_v4_final_salvage_materialization_v1/ru_spoof/53/538fabe693afb3e40b8c93a0680dc574c20dcc75b7cc392a7172d5f8b540779e.wav,1d6b63db5b200cd6efe724677917881f0d89323f983e0ec467a396a62ebcebdb,test,spoof,ru,false,qwen3_tts_customvoice_aiden_v4_final_salvage:fixed-profile:qwen3_tts_0_6b_customvoice_aiden_q8_0,qwen3_tts_customvoice_aiden_v4_final_salvage,"Apache-2.0: Qwen CustomVoice and tokenizer model cards, cstr GGUF conversion cards, and CrispASR runtime release; permitted only for this project's personal-research scope with no training, calibration, product, re-hosting, verified-speaker or speaker-independence claim","One-shot local text-only derivative of frozen common_voice_ru_v24_v4_final_salvage text 82cde0fa75b86c77007640061f190ffe2ac155788a18643a82513cf5774bf6ea; no reference audio, cloning, resynthesis, replacement or backfill",qwen3_tts_customvoice_aiden_v4_final_salvage:synthetic-profile:qwen3_tts_0_6b_customvoice_aiden_q8_0,82cde0fa75b86c77007640061f190ffe2ac155788a18643a82513cf5774bf6ea,278449c6515460cbfb179c49442faac188a600b289a1e1317787b35b49a66e95,3.6,qwen3_tts_customvoice_gguf,Qwen3-TTS 0.6B CustomVoice Q8_0 GGUF,talker-cstr-29094dcb46f19b0898616aa9aeb876aa9aa6e086-5227dcbc4df7c5533341d111cc469fa491a48e722b23dd10f553181b52dff2d9; codec-cstr-344e279551177654762e5c7d39e217834325f222-70dc95dbfdd9aa5d9d406236ff771d061bf17b0cda02a72513953355606e719b; crispasr-v0.8.28-99e990ae-c2413af7d5e70a166b74fe96f5afb6d7463f1414a5ac2dea7cd982da9f83f827; fixed-aiden; wrapper-f02d93fd7ee064539771a868c5033bc163bec1c94c838eb1152c52eb7eb677b7,qwen3_tts_customvoice:aiden,not_applicable:text_only_no_reference_audio,cuda:0,offline_text_only_final_materialization,16000,wav,synthesis_text_sha256=278449c6515460cbfb179c49442faac188a600b289a1e1317787b35b49a66e95;reference_audio=forbidden;voice_cloning=false,662981062,2026-08-16T01:00:00+06:00
