sample_id,relative_path,sha256,split,label,language,code_switch,parent_group_id,source_name,source_license,rights_basis,speaker_pseudo_id,text_id,text_hash,duration_s,generator_family,generator_name,generator_version,voice_id,clone_consent_id,device,capture_route,original_sr,codec,augmentation_chain,augmentation_seed,created_at
voxforge_ru_mdc_2026_05:submission:3dea5d802a71a74e87e54b66af8a7f935578da4d5d38dc0359d157b5cabfa6e0:prompt:ru_0080,processed/v4/xlsr_sls_model_v4_calibration_materialization_v1/source/18/1804cbaeb9b7171bf1b3c4dd1aa874c5d89e2fc8767c4a8d33bc624cebbdc82f.wav,54fa50f1e13b46bab0795caba3046c66014cb27632049a08b95df758fb4e7bc4,test,bonafide,ru,unknown,voxforge_ru_mdc_2026_05:contributor:9f685a32987464e00f5faf3324650398d9492b43484a7d2a9a54d2f89056568f,voxforge_ru_mdc_2026_05_v4_calibration,GPL-3.0-or-later,Pinned VoxForge Russian GPL-3.0-or-later archive; one frozen local personal-research calibration-preparation route only,voxforge_ru_mdc_2026_05:contributor:9f685a32987464e00f5faf3324650398d9492b43484a7d2a9a54d2f89056568f,ru_0080,9927b4d18c75e34f81fcee14802dbe116e6612854e9555c06441beaf3dda9034,13.75,,,,,,unknown,voxforge_submission_read_speech,16000,wav,none,,2026-08-15T14:00:00+06:00
voxforge_ru_mdc_2026_05_v4_calibration_espeakng:31f994610c8d6580,processed/v4/xlsr_sls_model_v4_calibration_materialization_v1/spoof/16/165113a2ab074622f24afd82723d1b4193289323d6cf87c1cd7bd7425ae84efa.wav,f20bb36cb7057530547f56ce7ed74c85d97db78d066e9b7deca44619064dad73,test,spoof,ru,unknown,voxforge_ru_mdc_2026_05_v4_calibration_espeakng:text-only:espeakng_russian_formant:ru:w150:p35:a100,voxforge_ru_mdc_2026_05_v4_calibration_espeakng,VoxForge GPL-3.0-or-later text; eSpeak NG GPL-3.0-or-later; bundled Ubuntu runtime packages retain their declared package licenses,"One-shot offline text-only derivative of frozen VoxForge prompt ru_0080; no reference audio, cloning, resynthesis or replacement",voxforge_ru_mdc_2026_05_v4_calibration_espeakng:synthetic-control:espeakng_russian_formant:ru:w150:p35:a100,ru_0080,9927b4d18c75e34f81fcee14802dbe116e6612854e9555c06441beaf3dda9034,8.1298125,formant_rule_based_tts,eSpeak NG Russian formant synthesizer,eSpeak NG 1.52.0 source-4870adfa25b1a32b4361592f1be8a40337c58d6c; Ubuntu 1.52.0+dfsg-5build1 runtime packages,espeakng_russian_formant:ru:w150:p35:a100,not_applicable:text_only_formant_tts_no_reference_audio,local_cpu_espeakng_formant,offline_text_only_formant_tts,16000,wav,none,,2026-08-15T14:00:00+06:00
voxforge_ru_mdc_2026_05:submission:697a2a42dc31e9e3220f40edaf5d74b04064217e330597d7a74418efe1a49618:prompt:ru_0034,processed/v4/xlsr_sls_model_v4_calibration_materialization_v1/source/02/026f6d61b3cf97dc1fd0879784fe7c41d993d1fe52fb00c8da0e8022f40f4f57.wav,7776c137f8e6bc328945ef5a20e785c84ce91ed119c3ab9e58f2385e7973d570,test,bonafide,ru,unknown,voxforge_ru_mdc_2026_05:contributor:c40e4c3c9c34d7997660086ee88683b6644a2b55dce471ff6836c79a8f90a658,voxforge_ru_mdc_2026_05_v4_calibration,GPL-3.0-or-later,Pinned VoxForge Russian GPL-3.0-or-later archive; one frozen local personal-research calibration-preparation route only,voxforge_ru_mdc_2026_05:contributor:c40e4c3c9c34d7997660086ee88683b6644a2b55dce471ff6836c79a8f90a658,ru_0034,9f67f74f3952768ae15d904ddb769dfa398f0e1ac789f9b6408b1f4bcda65ddf,7.0,,,,,,unknown,voxforge_submission_read_speech,16000,wav,none,,2026-08-15T14:00:00+06:00
voxforge_ru_mdc_2026_05_v4_calibration_espeakng:ad265e523a1f3da9,processed/v4/xlsr_sls_model_v4_calibration_materialization_v1/spoof/9c/9c3c2131264bec6b7a7705665d3b2885dcd07b2191d70b6a3fbb3a7d1acfe7fc.wav,3f507455d43d588f09393afc5af565526cc7b924287b28428bc48ffc81aef031,test,spoof,ru,unknown,voxforge_ru_mdc_2026_05_v4_calibration_espeakng:text-only:espeakng_russian_formant:ru:w150:p50:a100,voxforge_ru_mdc_2026_05_v4_calibration_espeakng,VoxForge GPL-3.0-or-later text; eSpeak NG GPL-3.0-or-later; bundled Ubuntu runtime packages retain their declared package licenses,"One-shot offline text-only derivative of frozen VoxForge prompt ru_0034; no reference audio, cloning, resynthesis or replacement",voxforge_ru_mdc_2026_05_v4_calibration_espeakng:synthetic-control:espeakng_russian_formant:ru:w150:p50:a100,ru_0034,9f67f74f3952768ae15d904ddb769dfa398f0e1ac789f9b6408b1f4bcda65ddf,5.439375,formant_rule_based_tts,eSpeak NG Russian formant synthesizer,eSpeak NG 1.52.0 source-4870adfa25b1a32b4361592f1be8a40337c58d6c; Ubuntu 1.52.0+dfsg-5build1 runtime packages,espeakng_russian_formant:ru:w150:p50:a100,not_applicable:text_only_formant_tts_no_reference_audio,local_cpu_espeakng_formant,offline_text_only_formant_tts,16000,wav,none,,2026-08-15T14:00:00+06:00
voxforge_ru_mdc_2026_05:submission:bee37a2f7bcd17283dacea870beb65906c9c4221fa5d96ffb15186567f205565:prompt:ru_0093,processed/v4/xlsr_sls_model_v4_calibration_materialization_v1/source/03/03dad47bce9e6a31273620c1afec6fc567f88d8487b5b6d1b389d08d284391ad.wav,6814b721213667c3f2a8ac9414c50afcaf2b217a1739c67ad0d4a8f3370ba576,test,bonafide,ru,unknown,voxforge_ru_mdc_2026_05:contributor:5eb709a5097590f988ff2f4716df24458f938e5f879c73b2e30a62915a190c20,voxforge_ru_mdc_2026_05_v4_calibration,GPL-3.0-or-later,Pinned VoxForge Russian GPL-3.0-or-later archive; one frozen local personal-research calibration-preparation route only,voxforge_ru_mdc_2026_05:contributor:5eb709a5097590f988ff2f4716df24458f938e5f879c73b2e30a62915a190c20,ru_0093,2fb07fa78b8cc40b49e23990400f9613ab10d99f8c864a9c2122d3f31dfdc6b1,9.375,,,,,,unknown,voxforge_submission_read_speech,16000,wav,none,,2026-08-15T14:00:00+06:00
voxforge_ru_mdc_2026_05_v4_calibration_espeakng:3ec38dfb9d7a07b4,processed/v4/xlsr_sls_model_v4_calibration_materialization_v1/spoof/45/452f2c4d305a04affd221ee982bf898403719d7c19f72d6403bf5a80fe792c67.wav,bc4cd8371247e3fbdc5e1cd5f41049314e999639ecee3a9eac013f78b53b2025,test,spoof,ru,unknown,voxforge_ru_mdc_2026_05_v4_calibration_espeakng:text-only:espeakng_russian_formant:ru:w150:p65:a100,voxforge_ru_mdc_2026_05_v4_calibration_espeakng,VoxForge GPL-3.0-or-later text; eSpeak NG GPL-3.0-or-later; bundled Ubuntu runtime packages retain their declared package licenses,"One-shot offline text-only derivative of frozen VoxForge prompt ru_0093; no reference audio, cloning, resynthesis or replacement",voxforge_ru_mdc_2026_05_v4_calibration_espeakng:synthetic-control:espeakng_russian_formant:ru:w150:p65:a100,ru_0093,2fb07fa78b8cc40b49e23990400f9613ab10d99f8c864a9c2122d3f31dfdc6b1,6.189625,formant_rule_based_tts,eSpeak NG Russian formant synthesizer,eSpeak NG 1.52.0 source-4870adfa25b1a32b4361592f1be8a40337c58d6c; Ubuntu 1.52.0+dfsg-5build1 runtime packages,espeakng_russian_formant:ru:w150:p65:a100,not_applicable:text_only_formant_tts_no_reference_audio,local_cpu_espeakng_formant,offline_text_only_formant_tts,16000,wav,none,,2026-08-15T14:00:00+06:00
voxforge_ru_mdc_2026_05:submission:ccce998f6d17ab95eec66216892bf67c21f8e3c0a7739a3e662ef101bd79c7c1:prompt:ru_0084,processed/v4/xlsr_sls_model_v4_calibration_materialization_v1/source/b2/b24a807a292f1dd2b47816ca5c4f83c95e603f41d95301f5f291ac2d22cd43d9.wav,d6eddb0eaab9f5dc7b51d1fd5e1f067dfe1b8262804345df4be3f26639301359,test,bonafide,ru,unknown,voxforge_ru_mdc_2026_05:contributor:bf9b7b5ed7551917cb622accc4be4ce1a4c27126ef584d4540c6747236f6eb51,voxforge_ru_mdc_2026_05_v4_calibration,GPL-3.0-or-later,Pinned VoxForge Russian GPL-3.0-or-later archive; one frozen local personal-research calibration-preparation route only,voxforge_ru_mdc_2026_05:contributor:bf9b7b5ed7551917cb622accc4be4ce1a4c27126ef584d4540c6747236f6eb51,ru_0084,27b87e5ff53041cef952435b211bc61ecfd6a5c91e7fb542e4e1bda0196a4f68,10.875,,,,,,unknown,voxforge_submission_read_speech,16000,wav,none,,2026-08-15T14:00:00+06:00
voxforge_ru_mdc_2026_05_v4_calibration_espeakng:93eb26ec2ade0482,processed/v4/xlsr_sls_model_v4_calibration_materialization_v1/spoof/46/46817146a6f2d3404ba580e525a88ae9576076f66ee64f5051de37ccf0891cb1.wav,c98483ea3b3e7f1be16b2c9601f85393e75e9fa2df63b743c5af284d135c3011,test,spoof,ru,unknown,voxforge_ru_mdc_2026_05_v4_calibration_espeakng:text-only:espeakng_russian_formant:ru:w175:p35:a100,voxforge_ru_mdc_2026_05_v4_calibration_espeakng,VoxForge GPL-3.0-or-later text; eSpeak NG GPL-3.0-or-later; bundled Ubuntu runtime packages retain their declared package licenses,"One-shot offline text-only derivative of frozen VoxForge prompt ru_0084; no reference audio, cloning, resynthesis or replacement",voxforge_ru_mdc_2026_05_v4_calibration_espeakng:synthetic-control:espeakng_russian_formant:ru:w175:p35:a100,ru_0084,27b87e5ff53041cef952435b211bc61ecfd6a5c91e7fb542e4e1bda0196a4f68,4.4128125,formant_rule_based_tts,eSpeak NG Russian formant synthesizer,eSpeak NG 1.52.0 source-4870adfa25b1a32b4361592f1be8a40337c58d6c; Ubuntu 1.52.0+dfsg-5build1 runtime packages,espeakng_russian_formant:ru:w175:p35:a100,not_applicable:text_only_formant_tts_no_reference_audio,local_cpu_espeakng_formant,offline_text_only_formant_tts,16000,wav,none,,2026-08-15T14:00:00+06:00
voxforge_ru_mdc_2026_05:submission:983e33922e65eb41f15de60881bc2c70b9028385238aaf25e742fb0678aef95b:prompt:ru_0095,processed/v4/xlsr_sls_model_v4_calibration_materialization_v1/source/2a/2a7b14d97c0db3f5bd71d8f6796254430995ed5337128ea12777829835b16ed4.wav,2bf6f823fd48c34bbba553fe78371b2957d01eff1d7d7ee71c98a0c277a2bcbf,test,bonafide,ru,unknown,voxforge_ru_mdc_2026_05:contributor:1f23ebfc763fc015c1f58f16190cecbd65042f6728d99d77069fefa1f0bc9971,voxforge_ru_mdc_2026_05_v4_calibration,GPL-3.0-or-later,Pinned VoxForge Russian GPL-3.0-or-later archive; one frozen local personal-research calibration-preparation route only,voxforge_ru_mdc_2026_05:contributor:1f23ebfc763fc015c1f58f16190cecbd65042f6728d99d77069fefa1f0bc9971,ru_0095,ad9886d653ff552c0c88cd48f4b3b65d03650f845a21b346dc7a07953a3dd4be,6.625,,,,,,unknown,voxforge_submission_read_speech,16000,wav,none,,2026-08-15T14:00:00+06:00
voxforge_ru_mdc_2026_05_v4_calibration_espeakng:f30491509035adb9,processed/v4/xlsr_sls_model_v4_calibration_materialization_v1/spoof/93/933eef675c455e7abe819bc1665721db677b121a2e2f2b9ab23e1f5ee147a7e4.wav,40d0230a1d05afab5043db4aafbb2f56820da43156440e07776b8698c6c259e6,test,spoof,ru,unknown,voxforge_ru_mdc_2026_05_v4_calibration_espeakng:text-only:espeakng_russian_formant:ru:w175:p50:a100,voxforge_ru_mdc_2026_05_v4_calibration_espeakng,VoxForge GPL-3.0-or-later text; eSpeak NG GPL-3.0-or-later; bundled Ubuntu runtime packages retain their declared package licenses,"One-shot offline text-only derivative of frozen VoxForge prompt ru_0095; no reference audio, cloning, resynthesis or replacement",voxforge_ru_mdc_2026_05_v4_calibration_espeakng:synthetic-control:espeakng_russian_formant:ru:w175:p50:a100,ru_0095,ad9886d653ff552c0c88cd48f4b3b65d03650f845a21b346dc7a07953a3dd4be,3.2098125,formant_rule_based_tts,eSpeak NG Russian formant synthesizer,eSpeak NG 1.52.0 source-4870adfa25b1a32b4361592f1be8a40337c58d6c; Ubuntu 1.52.0+dfsg-5build1 runtime packages,espeakng_russian_formant:ru:w175:p50:a100,not_applicable:text_only_formant_tts_no_reference_audio,local_cpu_espeakng_formant,offline_text_only_formant_tts,16000,wav,none,,2026-08-15T14:00:00+06:00
voxforge_ru_mdc_2026_05:submission:1ed09619f6f1c2296941a0dc09cd947b14ee3c19afc1963230feee0f0eac93d1:prompt:ru_0071,processed/v4/xlsr_sls_model_v4_calibration_materialization_v1/source/78/78bc496b98457dc353d2a744a2b2c7e8c8a3ff3970512110cd2e47497a3f2a45.wav,7b090277792607ffb0f0a5fac5cf859e2f1c1324b162f10f315fd168b61aac51,test,bonafide,ru,unknown,voxforge_ru_mdc_2026_05:contributor:f85236faa23cc9aa649bea0e4e5a8924d7121166a414b15f70339135a4a53eff,voxforge_ru_mdc_2026_05_v4_calibration,GPL-3.0-or-later,Pinned VoxForge Russian GPL-3.0-or-later archive; one frozen local personal-research calibration-preparation route only,voxforge_ru_mdc_2026_05:contributor:f85236faa23cc9aa649bea0e4e5a8924d7121166a414b15f70339135a4a53eff,ru_0071,17b42c6b88dbec6781dfd75a95515ed8b5cc79d84b87c3f8514500ea95485d20,8.375,,,,,,unknown,voxforge_submission_read_speech,16000,wav,none,,2026-08-15T14:00:00+06:00
voxforge_ru_mdc_2026_05_v4_calibration_espeakng:f64b01ec95f72e56,processed/v4/xlsr_sls_model_v4_calibration_materialization_v1/spoof/cc/cc97e49d309f8cc0f5218baab48c30edbe3adc2dc498da500811bde00aea8217.wav,fc0d3f2ee213c1b78813bfa7461f42d94713fba60ebb50fe418b2c3605f7383f,test,spoof,ru,unknown,voxforge_ru_mdc_2026_05_v4_calibration_espeakng:text-only:espeakng_russian_formant:ru:w175:p65:a100,voxforge_ru_mdc_2026_05_v4_calibration_espeakng,VoxForge GPL-3.0-or-later text; eSpeak NG GPL-3.0-or-later; bundled Ubuntu runtime packages retain their declared package licenses,"One-shot offline text-only derivative of frozen VoxForge prompt ru_0071; no reference audio, cloning, resynthesis or replacement",voxforge_ru_mdc_2026_05_v4_calibration_espeakng:synthetic-control:espeakng_russian_formant:ru:w175:p65:a100,ru_0071,17b42c6b88dbec6781dfd75a95515ed8b5cc79d84b87c3f8514500ea95485d20,3.89875,formant_rule_based_tts,eSpeak NG Russian formant synthesizer,eSpeak NG 1.52.0 source-4870adfa25b1a32b4361592f1be8a40337c58d6c; Ubuntu 1.52.0+dfsg-5build1 runtime packages,espeakng_russian_formant:ru:w175:p65:a100,not_applicable:text_only_formant_tts_no_reference_audio,local_cpu_espeakng_formant,offline_text_only_formant_tts,16000,wav,none,,2026-08-15T14:00:00+06:00
voxforge_ru_mdc_2026_05:submission:977e306fb59238a0f47820f5b4bd3779e6b2dbc46c5a163ec6f43cdd58ee8be3:prompt:ru_0099,processed/v4/xlsr_sls_model_v4_calibration_materialization_v1/source/3c/3c349105f10b57099ebb54a4e1fd4dd595a861962a3c8f741315c36a7bc405f9.wav,c3f3e6f4933531199ef7ff138044fff9321ded3aa38c791ec476bb224091e81a,test,bonafide,ru,unknown,voxforge_ru_mdc_2026_05:contributor:45e05c2c60122e442287a966fbbb87d47e23756a1bc3d7208e9fadb50843b656,voxforge_ru_mdc_2026_05_v4_calibration,GPL-3.0-or-later,Pinned VoxForge Russian GPL-3.0-or-later archive; one frozen local personal-research calibration-preparation route only,voxforge_ru_mdc_2026_05:contributor:45e05c2c60122e442287a966fbbb87d47e23756a1bc3d7208e9fadb50843b656,ru_0099,bfa4ce54fc99232f374cf7059b6005b5ac19d6ab2b4bb7d1145f90d9f6ba45f5,7.25,,,,,,unknown,voxforge_submission_read_speech,16000,wav,none,,2026-08-15T14:00:00+06:00
voxforge_ru_mdc_2026_05_v4_calibration_espeakng:95f4d64a86e0b498,processed/v4/xlsr_sls_model_v4_calibration_materialization_v1/spoof/2a/2a302f77021388a4efebcc95fffaf48e61fc27ed2328c3a93a6b6e656c09034d.wav,717a9a9b34a56952c5f54997834e011660fbbe076b07e46ab6dae4169c94db3d,test,spoof,ru,unknown,voxforge_ru_mdc_2026_05_v4_calibration_espeakng:text-only:espeakng_russian_formant:ru:w200:p35:a100,voxforge_ru_mdc_2026_05_v4_calibration_espeakng,VoxForge GPL-3.0-or-later text; eSpeak NG GPL-3.0-or-later; bundled Ubuntu runtime packages retain their declared package licenses,"One-shot offline text-only derivative of frozen VoxForge prompt ru_0099; no reference audio, cloning, resynthesis or replacement",voxforge_ru_mdc_2026_05_v4_calibration_espeakng:synthetic-control:espeakng_russian_formant:ru:w200:p35:a100,ru_0099,bfa4ce54fc99232f374cf7059b6005b5ac19d6ab2b4bb7d1145f90d9f6ba45f5,3.05575,formant_rule_based_tts,eSpeak NG Russian formant synthesizer,eSpeak NG 1.52.0 source-4870adfa25b1a32b4361592f1be8a40337c58d6c; Ubuntu 1.52.0+dfsg-5build1 runtime packages,espeakng_russian_formant:ru:w200:p35:a100,not_applicable:text_only_formant_tts_no_reference_audio,local_cpu_espeakng_formant,offline_text_only_formant_tts,16000,wav,none,,2026-08-15T14:00:00+06:00
voxforge_ru_mdc_2026_05:submission:f903ce15a1dcd4af93bdabe54931b21a001b822e43b7c20f9ba952d789584419:prompt:ru_0037,processed/v4/xlsr_sls_model_v4_calibration_materialization_v1/source/49/49038f6a21427a5c4e9e370d90b0b4ef261ffc96f860c33f4ed8ffe1753f9c24.wav,609b28d64aba1453def6a7b86d1864816cdf2f38f3b88e3dccf7af39d1998a4f,test,bonafide,ru,unknown,voxforge_ru_mdc_2026_05:contributor:cd0b9452fc376fc4c35a60087b366f70d883fc901524daf1f122fbd319384f6a,voxforge_ru_mdc_2026_05_v4_calibration,GPL-3.0-or-later,Pinned VoxForge Russian GPL-3.0-or-later archive; one frozen local personal-research calibration-preparation route only,voxforge_ru_mdc_2026_05:contributor:cd0b9452fc376fc4c35a60087b366f70d883fc901524daf1f122fbd319384f6a,ru_0037,03e27fb4aaef118ebde94b602a917c86d9dee8f8f0b33160ea27103fcdc81920,6.875,,,,,,unknown,voxforge_submission_read_speech,16000,wav,none,,2026-08-15T14:00:00+06:00
voxforge_ru_mdc_2026_05_v4_calibration_espeakng:5cc5eda43053ee75,processed/v4/xlsr_sls_model_v4_calibration_materialization_v1/spoof/03/035c6c6cd88945476abd49490e465468b29310a7a37b420111dc9dd0aead975d.wav,eedfac8ffaa78c3fcd45e80dd9351f0a11c48308a1d06d38c0f0ae58a83e588f,test,spoof,ru,unknown,voxforge_ru_mdc_2026_05_v4_calibration_espeakng:text-only:espeakng_russian_formant:ru:w200:p50:a100,voxforge_ru_mdc_2026_05_v4_calibration_espeakng,VoxForge GPL-3.0-or-later text; eSpeak NG GPL-3.0-or-later; bundled Ubuntu runtime packages retain their declared package licenses,"One-shot offline text-only derivative of frozen VoxForge prompt ru_0037; no reference audio, cloning, resynthesis or replacement",voxforge_ru_mdc_2026_05_v4_calibration_espeakng:synthetic-control:espeakng_russian_formant:ru:w200:p50:a100,ru_0037,03e27fb4aaef118ebde94b602a917c86d9dee8f8f0b33160ea27103fcdc81920,3.48625,formant_rule_based_tts,eSpeak NG Russian formant synthesizer,eSpeak NG 1.52.0 source-4870adfa25b1a32b4361592f1be8a40337c58d6c; Ubuntu 1.52.0+dfsg-5build1 runtime packages,espeakng_russian_formant:ru:w200:p50:a100,not_applicable:text_only_formant_tts_no_reference_audio,local_cpu_espeakng_formant,offline_text_only_formant_tts,16000,wav,none,,2026-08-15T14:00:00+06:00
voxforge_ru_mdc_2026_05:submission:9705af63fea9b20ccfcd5da9108543b8313891c4a425afef3d53c392c462ba65:prompt:ru_0005,processed/v4/xlsr_sls_model_v4_calibration_materialization_v1/source/9e/9e09ebd7e77fbec0d1efbad22009a1ee0c8cccc34d48db21c8d5b18726c2b722.wav,de75912bea2cdbbd5af59c057c85c2abed32828eebee597e720c596eb8c5b6b8,test,bonafide,ru,unknown,voxforge_ru_mdc_2026_05:contributor:12c612b542a26dc88ffe9d84c2b44b8224fb4238985baea834393d47c21678f6,voxforge_ru_mdc_2026_05_v4_calibration,GPL-3.0-or-later,Pinned VoxForge Russian GPL-3.0-or-later archive; one frozen local personal-research calibration-preparation route only,voxforge_ru_mdc_2026_05:contributor:12c612b542a26dc88ffe9d84c2b44b8224fb4238985baea834393d47c21678f6,ru_0005,f8799fd853a9313a976569882abab1a17617918d46fb9cd8a0850e28118957d4,9.125,,,,,,unknown,voxforge_submission_read_speech,16000,wav,none,,2026-08-15T14:00:00+06:00
voxforge_ru_mdc_2026_05_v4_calibration_espeakng:6085c8500f635b27,processed/v4/xlsr_sls_model_v4_calibration_materialization_v1/spoof/f1/f182bb29f4ecece33d6caa4c04ec26e269f8bf3f84d6fe74e20d4d7c473f0015.wav,7f86873c4b042835af781d0e87524d8ec240eb0885e1f64bbf137e4d2a3e4248,test,spoof,ru,unknown,voxforge_ru_mdc_2026_05_v4_calibration_espeakng:text-only:espeakng_russian_formant:ru:w225:p35:a100,voxforge_ru_mdc_2026_05_v4_calibration_espeakng,VoxForge GPL-3.0-or-later text; eSpeak NG GPL-3.0-or-later; bundled Ubuntu runtime packages retain their declared package licenses,"One-shot offline text-only derivative of frozen VoxForge prompt ru_0005; no reference audio, cloning, resynthesis or replacement",voxforge_ru_mdc_2026_05_v4_calibration_espeakng:synthetic-control:espeakng_russian_formant:ru:w225:p35:a100,ru_0005,f8799fd853a9313a976569882abab1a17617918d46fb9cd8a0850e28118957d4,5.667625,formant_rule_based_tts,eSpeak NG Russian formant synthesizer,eSpeak NG 1.52.0 source-4870adfa25b1a32b4361592f1be8a40337c58d6c; Ubuntu 1.52.0+dfsg-5build1 runtime packages,espeakng_russian_formant:ru:w225:p35:a100,not_applicable:text_only_formant_tts_no_reference_audio,local_cpu_espeakng_formant,offline_text_only_formant_tts,16000,wav,none,,2026-08-15T14:00:00+06:00
voxforge_ru_mdc_2026_05:submission:066f99c098a54953c6a0ca77d3b543eeea55c7c853d87be24dc0f7bcc43baf7b:prompt:ru_0086,processed/v4/xlsr_sls_model_v4_calibration_materialization_v1/source/31/316566fc03821de2d02bff8c4648bc86fd557b08f1ea926ab9a5c6b589842b1f.wav,6f087140253cbd27c8ea146af8c45751db740f8c83d78f19f324b1ed8fea87d8,test,bonafide,ru,unknown,voxforge_ru_mdc_2026_05:contributor:b67564aa0d1938cff993159637242f91ca9fa4395aede9b8c0b6b9d5cea2ed6d,voxforge_ru_mdc_2026_05_v4_calibration,GPL-3.0-or-later,Pinned VoxForge Russian GPL-3.0-or-later archive; one frozen local personal-research calibration-preparation route only,voxforge_ru_mdc_2026_05:contributor:b67564aa0d1938cff993159637242f91ca9fa4395aede9b8c0b6b9d5cea2ed6d,ru_0086,8f4e0f69ac1adab6327cfe9e59bf3e75a5b69a37dc84149fefa1d20aacabbbde,7.125,,,,,,unknown,voxforge_submission_read_speech,16000,wav,none,,2026-08-15T14:00:00+06:00
voxforge_ru_mdc_2026_05_v4_calibration_espeakng:168da290c165d87b,processed/v4/xlsr_sls_model_v4_calibration_materialization_v1/spoof/29/291a938207e5451b68df1f47c3fb471a108e9d7be3375bf0e8350953567dd9e3.wav,be80e0721ea2f406389705e62ad007cfc2eb0c335daef069bb062b66ab94f85b,test,spoof,ru,unknown,voxforge_ru_mdc_2026_05_v4_calibration_espeakng:text-only:espeakng_russian_formant:ru:w225:p50:a100,voxforge_ru_mdc_2026_05_v4_calibration_espeakng,VoxForge GPL-3.0-or-later text; eSpeak NG GPL-3.0-or-later; bundled Ubuntu runtime packages retain their declared package licenses,"One-shot offline text-only derivative of frozen VoxForge prompt ru_0086; no reference audio, cloning, resynthesis or replacement",voxforge_ru_mdc_2026_05_v4_calibration_espeakng:synthetic-control:espeakng_russian_formant:ru:w225:p50:a100,ru_0086,8f4e0f69ac1adab6327cfe9e59bf3e75a5b69a37dc84149fefa1d20aacabbbde,3.9875,formant_rule_based_tts,eSpeak NG Russian formant synthesizer,eSpeak NG 1.52.0 source-4870adfa25b1a32b4361592f1be8a40337c58d6c; Ubuntu 1.52.0+dfsg-5build1 runtime packages,espeakng_russian_formant:ru:w225:p50:a100,not_applicable:text_only_formant_tts_no_reference_audio,local_cpu_espeakng_formant,offline_text_only_formant_tts,16000,wav,none,,2026-08-15T14:00:00+06:00
voxforge_ru_mdc_2026_05:submission:b82e5249fa4420e81262871a57a3f3a8604732505ae6afd130f915addef724fb:prompt:ru_0073,processed/v4/xlsr_sls_model_v4_calibration_materialization_v1/source/27/277e84d5f80ae6c0fdf795316cc9e32fcd76801061668af75a85ffe2f2409ed2.wav,e84e3a8f7f1d9137ee9fb1faa773e793c9d1f854f50418572da505708b454099,test,bonafide,ru,unknown,voxforge_ru_mdc_2026_05:contributor:90e61fd0c8a40f52cba6a0a010314537c8b59f25d9356ebd838cf49be5f3168f,voxforge_ru_mdc_2026_05_v4_calibration,GPL-3.0-or-later,Pinned VoxForge Russian GPL-3.0-or-later archive; one frozen local personal-research calibration-preparation route only,voxforge_ru_mdc_2026_05:contributor:90e61fd0c8a40f52cba6a0a010314537c8b59f25d9356ebd838cf49be5f3168f,ru_0073,9a173921f0cdb179f2abd90d8c7a2477c3b9e30b1176fb5dfe3aa4b4c3709941,4.75,,,,,,unknown,voxforge_submission_read_speech,16000,wav,none,,2026-08-15T14:00:00+06:00
voxforge_ru_mdc_2026_05_v4_calibration_espeakng:398ce15810f42bdd,processed/v4/xlsr_sls_model_v4_calibration_materialization_v1/spoof/47/47b175e988b8a9906c1834ba19673cc224786152a6a69b5a860a532aa05bddeb.wav,60fc6e967e059c7ce6e4c13cefbbfe22b7935da294ea3042549745ee101a0e03,test,spoof,ru,unknown,voxforge_ru_mdc_2026_05_v4_calibration_espeakng:text-only:espeakng_russian_formant:ru:w150:p35:a100,voxforge_ru_mdc_2026_05_v4_calibration_espeakng,VoxForge GPL-3.0-or-later text; eSpeak NG GPL-3.0-or-later; bundled Ubuntu runtime packages retain their declared package licenses,"One-shot offline text-only derivative of frozen VoxForge prompt ru_0073; no reference audio, cloning, resynthesis or replacement",voxforge_ru_mdc_2026_05_v4_calibration_espeakng:synthetic-control:espeakng_russian_formant:ru:w150:p35:a100,ru_0073,9a173921f0cdb179f2abd90d8c7a2477c3b9e30b1176fb5dfe3aa4b4c3709941,3.4461875,formant_rule_based_tts,eSpeak NG Russian formant synthesizer,eSpeak NG 1.52.0 source-4870adfa25b1a32b4361592f1be8a40337c58d6c; Ubuntu 1.52.0+dfsg-5build1 runtime packages,espeakng_russian_formant:ru:w150:p35:a100,not_applicable:text_only_formant_tts_no_reference_audio,local_cpu_espeakng_formant,offline_text_only_formant_tts,16000,wav,none,,2026-08-15T14:00:00+06:00
voxforge_ru_mdc_2026_05:submission:1c315bf80b6633b861867afc10efa09cb7b74596752d5a3cd7535120d0c5bc2a:prompt:ru_0088,processed/v4/xlsr_sls_model_v4_calibration_materialization_v1/source/c7/c7c500664e73f03b098428fe9fc306a01afa35fbe632da3e3edbddf5cf2bb687.wav,3e8162867a54d86a270907ae7c4c2c42a1c34ba23d8abac69cca358badf49f55,test,bonafide,ru,unknown,voxforge_ru_mdc_2026_05:contributor:2f183a4e64493af3f377f745eda502363cd3e7ef6e4d266d444758de0a85fcc8,voxforge_ru_mdc_2026_05_v4_calibration,GPL-3.0-or-later,Pinned VoxForge Russian GPL-3.0-or-later archive; one frozen local personal-research calibration-preparation route only,voxforge_ru_mdc_2026_05:contributor:2f183a4e64493af3f377f745eda502363cd3e7ef6e4d266d444758de0a85fcc8,ru_0088,8a0cf255b24de364f14537864bc5ab8ee094668c74dbb2c9c279b7a574973f97,10.875,,,,,,unknown,voxforge_submission_read_speech,16000,wav,none,,2026-08-15T14:00:00+06:00
voxforge_ru_mdc_2026_05_v4_calibration_espeakng:13fdbfbce89f36a4,processed/v4/xlsr_sls_model_v4_calibration_materialization_v1/spoof/93/93e779aae2797a45b1d2847e84f2a7925c1f62364c872d2e39fce086aca9897b.wav,fe31c712a846cf3dc47fe67f3ea82ae99f2eee5c66dd64cc45c6e5f38ba1173b,test,spoof,ru,unknown,voxforge_ru_mdc_2026_05_v4_calibration_espeakng:text-only:espeakng_russian_formant:ru:w150:p50:a100,voxforge_ru_mdc_2026_05_v4_calibration_espeakng,VoxForge GPL-3.0-or-later text; eSpeak NG GPL-3.0-or-later; bundled Ubuntu runtime packages retain their declared package licenses,"One-shot offline text-only derivative of frozen VoxForge prompt ru_0088; no reference audio, cloning, resynthesis or replacement",voxforge_ru_mdc_2026_05_v4_calibration_espeakng:synthetic-control:espeakng_russian_formant:ru:w150:p50:a100,ru_0088,8a0cf255b24de364f14537864bc5ab8ee094668c74dbb2c9c279b7a574973f97,6.096375,formant_rule_based_tts,eSpeak NG Russian formant synthesizer,eSpeak NG 1.52.0 source-4870adfa25b1a32b4361592f1be8a40337c58d6c; Ubuntu 1.52.0+dfsg-5build1 runtime packages,espeakng_russian_formant:ru:w150:p50:a100,not_applicable:text_only_formant_tts_no_reference_audio,local_cpu_espeakng_formant,offline_text_only_formant_tts,16000,wav,none,,2026-08-15T14:00:00+06:00
voxforge_ru_mdc_2026_05:submission:a671e0dc06311ad38fe7274641a2a9d9a777383bf2cc0a9250bd4b8dd3209ffc:prompt:ru_0015,processed/v4/xlsr_sls_model_v4_calibration_materialization_v1/source/02/02279dac93169a2d2eca360d819a5d4a58b81b5038dd0349296aea1cc9be41fc.wav,74fa6e5ae60faf944d33d70c6dfd09297c9c1aad194ed12a17abf68d367d0491,test,bonafide,ru,unknown,voxforge_ru_mdc_2026_05:contributor:db41dc744e8c6f034f23ffe35f1e1964ea2ab1f6447a546af523b22a8135a256,voxforge_ru_mdc_2026_05_v4_calibration,GPL-3.0-or-later,Pinned VoxForge Russian GPL-3.0-or-later archive; one frozen local personal-research calibration-preparation route only,voxforge_ru_mdc_2026_05:contributor:db41dc744e8c6f034f23ffe35f1e1964ea2ab1f6447a546af523b22a8135a256,ru_0015,6cbf385566deef9216dba8d96b52613d7dc3cbe52ad79631237c672891525f83,10.5,,,,,,unknown,voxforge_submission_read_speech,16000,wav,none,,2026-08-15T14:00:00+06:00
voxforge_ru_mdc_2026_05_v4_calibration_espeakng:1ad2b8fc535919b5,processed/v4/xlsr_sls_model_v4_calibration_materialization_v1/spoof/c7/c714a6b40adc0ab8cf538aaadbe3bbf76a54d424d2a4cbee24b6e6e146378453.wav,ab47a944fd45a0bb82547b10ddda223a41c4788e7db2183cbec07e64be0b6858,test,spoof,ru,unknown,voxforge_ru_mdc_2026_05_v4_calibration_espeakng:text-only:espeakng_russian_formant:ru:w150:p65:a100,voxforge_ru_mdc_2026_05_v4_calibration_espeakng,VoxForge GPL-3.0-or-later text; eSpeak NG GPL-3.0-or-later; bundled Ubuntu runtime packages retain their declared package licenses,"One-shot offline text-only derivative of frozen VoxForge prompt ru_0015; no reference audio, cloning, resynthesis or replacement",voxforge_ru_mdc_2026_05_v4_calibration_espeakng:synthetic-control:espeakng_russian_formant:ru:w150:p65:a100,ru_0015,6cbf385566deef9216dba8d96b52613d7dc3cbe52ad79631237c672891525f83,6.6643125,formant_rule_based_tts,eSpeak NG Russian formant synthesizer,eSpeak NG 1.52.0 source-4870adfa25b1a32b4361592f1be8a40337c58d6c; Ubuntu 1.52.0+dfsg-5build1 runtime packages,espeakng_russian_formant:ru:w150:p65:a100,not_applicable:text_only_formant_tts_no_reference_audio,local_cpu_espeakng_formant,offline_text_only_formant_tts,16000,wav,none,,2026-08-15T14:00:00+06:00
voxforge_ru_mdc_2026_05:submission:5ed207d608a642598315573c3f7af61d746bedbc4785e651843a30b167ede30a:prompt:ru_0014,processed/v4/xlsr_sls_model_v4_calibration_materialization_v1/source/2a/2a30c8e8d0b102ac81bfdc29e60292d87cd2aba78c66810c0ee827d80e88f64c.wav,97c3ea1f022d9d27659a9f38bbe24329f4a1729324740bb616e0b30442fb47f1,test,bonafide,ru,unknown,voxforge_ru_mdc_2026_05:contributor:b1be8d50607e71f9031e132bc20ca77d8b877f0ad48f7d48f0c8397775dcfb0e,voxforge_ru_mdc_2026_05_v4_calibration,GPL-3.0-or-later,Pinned VoxForge Russian GPL-3.0-or-later archive; one frozen local personal-research calibration-preparation route only,voxforge_ru_mdc_2026_05:contributor:b1be8d50607e71f9031e132bc20ca77d8b877f0ad48f7d48f0c8397775dcfb0e,ru_0014,7d4e89671802658713e39df7281f4bb22291d2f707447701bf4c10b2ff6754df,7.125,,,,,,unknown,voxforge_submission_read_speech,16000,wav,none,,2026-08-15T14:00:00+06:00
voxforge_ru_mdc_2026_05_v4_calibration_espeakng:fd88107b2efd9d90,processed/v4/xlsr_sls_model_v4_calibration_materialization_v1/spoof/17/1761aea0d11eca812470889210004dd092ac1438cb135535abeead328eec373b.wav,7658a74252d73ff960515007b925b99acc6d775091acceb85082955d4b595a04,test,spoof,ru,unknown,voxforge_ru_mdc_2026_05_v4_calibration_espeakng:text-only:espeakng_russian_formant:ru:w175:p35:a100,voxforge_ru_mdc_2026_05_v4_calibration_espeakng,VoxForge GPL-3.0-or-later text; eSpeak NG GPL-3.0-or-later; bundled Ubuntu runtime packages retain their declared package licenses,"One-shot offline text-only derivative of frozen VoxForge prompt ru_0014; no reference audio, cloning, resynthesis or replacement",voxforge_ru_mdc_2026_05_v4_calibration_espeakng:synthetic-control:espeakng_russian_formant:ru:w175:p35:a100,ru_0014,7d4e89671802658713e39df7281f4bb22291d2f707447701bf4c10b2ff6754df,4.3575625,formant_rule_based_tts,eSpeak NG Russian formant synthesizer,eSpeak NG 1.52.0 source-4870adfa25b1a32b4361592f1be8a40337c58d6c; Ubuntu 1.52.0+dfsg-5build1 runtime packages,espeakng_russian_formant:ru:w175:p35:a100,not_applicable:text_only_formant_tts_no_reference_audio,local_cpu_espeakng_formant,offline_text_only_formant_tts,16000,wav,none,,2026-08-15T14:00:00+06:00
voxforge_ru_mdc_2026_05:submission:bd92625ec07cb9bcc3a6c85578847172ac436e4dc35ac7b5c4ab21e5ef30d81f:prompt:ru_0009,processed/v4/xlsr_sls_model_v4_calibration_materialization_v1/source/5b/5b40bdc46dff351ac39825e94dbe223d3a7eb123327c629ff4c22f8dbcb38915.wav,2dfb26ffbe3fcb3c47b9c1a7ef40ab2d49a8b24076b27dbf17fa12d864c2c060,test,bonafide,ru,unknown,voxforge_ru_mdc_2026_05:contributor:585beda9f4f7c87d1d9bde53c917a3e6b5830ff5dd4ee4c1d742fbcaccefbee7,voxforge_ru_mdc_2026_05_v4_calibration,GPL-3.0-or-later,Pinned VoxForge Russian GPL-3.0-or-later archive; one frozen local personal-research calibration-preparation route only,voxforge_ru_mdc_2026_05:contributor:585beda9f4f7c87d1d9bde53c917a3e6b5830ff5dd4ee4c1d742fbcaccefbee7,ru_0009,75a97bdbd3ebf02b18ddff117ae954b7ef11da546aa9ce854b5f59c98e1c2d2c,9.75,,,,,,unknown,voxforge_submission_read_speech,16000,wav,none,,2026-08-15T14:00:00+06:00
voxforge_ru_mdc_2026_05_v4_calibration_espeakng:65f8afaadb0d94ea,processed/v4/xlsr_sls_model_v4_calibration_materialization_v1/spoof/0a/0ad3ca4892644b88f238c7e76ef732a4c9da8bbb530461383c2e2eb1214f0fad.wav,fb69775f457e057464e887fbb8df6c14cddfc55970fea8c46392de31e3d318e3,test,spoof,ru,unknown,voxforge_ru_mdc_2026_05_v4_calibration_espeakng:text-only:espeakng_russian_formant:ru:w175:p50:a100,voxforge_ru_mdc_2026_05_v4_calibration_espeakng,VoxForge GPL-3.0-or-later text; eSpeak NG GPL-3.0-or-later; bundled Ubuntu runtime packages retain their declared package licenses,"One-shot offline text-only derivative of frozen VoxForge prompt ru_0009; no reference audio, cloning, resynthesis or replacement",voxforge_ru_mdc_2026_05_v4_calibration_espeakng:synthetic-control:espeakng_russian_formant:ru:w175:p50:a100,ru_0009,75a97bdbd3ebf02b18ddff117ae954b7ef11da546aa9ce854b5f59c98e1c2d2c,5.78775,formant_rule_based_tts,eSpeak NG Russian formant synthesizer,eSpeak NG 1.52.0 source-4870adfa25b1a32b4361592f1be8a40337c58d6c; Ubuntu 1.52.0+dfsg-5build1 runtime packages,espeakng_russian_formant:ru:w175:p50:a100,not_applicable:text_only_formant_tts_no_reference_audio,local_cpu_espeakng_formant,offline_text_only_formant_tts,16000,wav,none,,2026-08-15T14:00:00+06:00
voxforge_ru_mdc_2026_05:submission:d67e038bb43351ed21e1d2ab200b4003a902e8a54ae585d887a279e91dadfc00:prompt:ru_0077,processed/v4/xlsr_sls_model_v4_calibration_materialization_v1/source/fa/fa9adaa6144f26eca9e8c1d5244fca29ee34e64547fc50510612cf65c82b0b94.wav,8c1b4ccc5d1ecb730f8300e7fe235d99b5528aac0477875acaae164748b4cdd6,test,bonafide,ru,unknown,voxforge_ru_mdc_2026_05:contributor:dbdb75b3928a3d54943ace96c6b47f63dc4bc0ba1ff137c29561ab46acc18be8,voxforge_ru_mdc_2026_05_v4_calibration,GPL-3.0-or-later,Pinned VoxForge Russian GPL-3.0-or-later archive; one frozen local personal-research calibration-preparation route only,voxforge_ru_mdc_2026_05:contributor:dbdb75b3928a3d54943ace96c6b47f63dc4bc0ba1ff137c29561ab46acc18be8,ru_0077,a31d839d7908e49b34ea47243410d8fbc5f8b1552fa6bb0d32a748617e8c5ac5,14.625,,,,,,unknown,voxforge_submission_read_speech,16000,wav,none,,2026-08-15T14:00:00+06:00
voxforge_ru_mdc_2026_05_v4_calibration_espeakng:2ac0b7a1d3ae2351,processed/v4/xlsr_sls_model_v4_calibration_materialization_v1/spoof/86/868eeb2280f9e7539b15c628c8bb82e57e79def513bdb9b7c90422e6c9c66033.wav,516770eda73b8b227886306dd5689bedd4d3d1131bd24823dba0c498721577c3,test,spoof,ru,unknown,voxforge_ru_mdc_2026_05_v4_calibration_espeakng:text-only:espeakng_russian_formant:ru:w175:p65:a100,voxforge_ru_mdc_2026_05_v4_calibration_espeakng,VoxForge GPL-3.0-or-later text; eSpeak NG GPL-3.0-or-later; bundled Ubuntu runtime packages retain their declared package licenses,"One-shot offline text-only derivative of frozen VoxForge prompt ru_0077; no reference audio, cloning, resynthesis or replacement",voxforge_ru_mdc_2026_05_v4_calibration_espeakng:synthetic-control:espeakng_russian_formant:ru:w175:p65:a100,ru_0077,a31d839d7908e49b34ea47243410d8fbc5f8b1552fa6bb0d32a748617e8c5ac5,7.4586875,formant_rule_based_tts,eSpeak NG Russian formant synthesizer,eSpeak NG 1.52.0 source-4870adfa25b1a32b4361592f1be8a40337c58d6c; Ubuntu 1.52.0+dfsg-5build1 runtime packages,espeakng_russian_formant:ru:w175:p65:a100,not_applicable:text_only_formant_tts_no_reference_audio,local_cpu_espeakng_formant,offline_text_only_formant_tts,16000,wav,none,,2026-08-15T14:00:00+06:00
voxforge_ru_mdc_2026_05:submission:5995db2998443156a3c27a0f0a022e3f3a25c8835724534d6627ed951a2768f4:prompt:ru_0044,processed/v4/xlsr_sls_model_v4_calibration_materialization_v1/source/75/7584787cc223beef3c1afaa9b720685b797040411412323c37e500f539808d28.wav,30d3710bf427bb857a40aeb3548dacf9845b2cffb7dbbc3e11d52989872a947c,test,bonafide,ru,unknown,voxforge_ru_mdc_2026_05:contributor:15a0bd627a092e5a427224ec82d844f97e1a20f5afd23f5ded82dc7c633577d1,voxforge_ru_mdc_2026_05_v4_calibration,GPL-3.0-or-later,Pinned VoxForge Russian GPL-3.0-or-later archive; one frozen local personal-research calibration-preparation route only,voxforge_ru_mdc_2026_05:contributor:15a0bd627a092e5a427224ec82d844f97e1a20f5afd23f5ded82dc7c633577d1,ru_0044,793a393e7cb9ac2885eaf11fac28aece840360415750df5df604a8d287470df0,6.75,,,,,,unknown,voxforge_submission_read_speech,16000,wav,none,,2026-08-15T14:00:00+06:00
voxforge_ru_mdc_2026_05_v4_calibration_espeakng:2f9db29feabeb6c0,processed/v4/xlsr_sls_model_v4_calibration_materialization_v1/spoof/4d/4dafc0aa87845e2d16d225edb42f0c64759229729d2330b1d32c3228ba44fe03.wav,73a3992492b38f2d23d51a0c445438af07b3facc119fe32c6557a6780f7a4b0b,test,spoof,ru,unknown,voxforge_ru_mdc_2026_05_v4_calibration_espeakng:text-only:espeakng_russian_formant:ru:w200:p35:a100,voxforge_ru_mdc_2026_05_v4_calibration_espeakng,VoxForge GPL-3.0-or-later text; eSpeak NG GPL-3.0-or-later; bundled Ubuntu runtime packages retain their declared package licenses,"One-shot offline text-only derivative of frozen VoxForge prompt ru_0044; no reference audio, cloning, resynthesis or replacement",voxforge_ru_mdc_2026_05_v4_calibration_espeakng:synthetic-control:espeakng_russian_formant:ru:w200:p35:a100,ru_0044,793a393e7cb9ac2885eaf11fac28aece840360415750df5df604a8d287470df0,3.5576875,formant_rule_based_tts,eSpeak NG Russian formant synthesizer,eSpeak NG 1.52.0 source-4870adfa25b1a32b4361592f1be8a40337c58d6c; Ubuntu 1.52.0+dfsg-5build1 runtime packages,espeakng_russian_formant:ru:w200:p35:a100,not_applicable:text_only_formant_tts_no_reference_audio,local_cpu_espeakng_formant,offline_text_only_formant_tts,16000,wav,none,,2026-08-15T14:00:00+06:00
voxforge_ru_mdc_2026_05:submission:4f1cc4bbce168879f2b212495cbe272a97cdc79234e98493f51454fbe8c6f521:prompt:ru_0008,processed/v4/xlsr_sls_model_v4_calibration_materialization_v1/source/1a/1afe9cab5d4308b9d86c899a763cfb1c23af0febe0070412a969be6ea8162574.wav,0703cdb98002e3df3e8d855c8200953de67df7daff0f317d1c987f0d3fc5cc8e,test,bonafide,ru,unknown,voxforge_ru_mdc_2026_05:contributor:bf407e00cac89c0d5ddfbea8477a15898a6875b38c2e05ac7e98dea37fe515ff,voxforge_ru_mdc_2026_05_v4_calibration,GPL-3.0-or-later,Pinned VoxForge Russian GPL-3.0-or-later archive; one frozen local personal-research calibration-preparation route only,voxforge_ru_mdc_2026_05:contributor:bf407e00cac89c0d5ddfbea8477a15898a6875b38c2e05ac7e98dea37fe515ff,ru_0008,badaef8270a22d017c41d4d66a44e6b18b2d65f8c613d51b93845ffcaedb246b,10.75,,,,,,unknown,voxforge_submission_read_speech,16000,wav,none,,2026-08-15T14:00:00+06:00
voxforge_ru_mdc_2026_05_v4_calibration_espeakng:c8d86b1b403fbc13,processed/v4/xlsr_sls_model_v4_calibration_materialization_v1/spoof/d1/d1bceb18c90f945871c3df86daf3b32967dd474bbaa180fd1b8662a614719028.wav,6179faa496317d28ad7c19145fcdbd14272b2e3809324418a6d7b7513cbd1d5f,test,spoof,ru,unknown,voxforge_ru_mdc_2026_05_v4_calibration_espeakng:text-only:espeakng_russian_formant:ru:w200:p50:a100,voxforge_ru_mdc_2026_05_v4_calibration_espeakng,VoxForge GPL-3.0-or-later text; eSpeak NG GPL-3.0-or-later; bundled Ubuntu runtime packages retain their declared package licenses,"One-shot offline text-only derivative of frozen VoxForge prompt ru_0008; no reference audio, cloning, resynthesis or replacement",voxforge_ru_mdc_2026_05_v4_calibration_espeakng:synthetic-control:espeakng_russian_formant:ru:w200:p50:a100,ru_0008,badaef8270a22d017c41d4d66a44e6b18b2d65f8c613d51b93845ffcaedb246b,5.3156875,formant_rule_based_tts,eSpeak NG Russian formant synthesizer,eSpeak NG 1.52.0 source-4870adfa25b1a32b4361592f1be8a40337c58d6c; Ubuntu 1.52.0+dfsg-5build1 runtime packages,espeakng_russian_formant:ru:w200:p50:a100,not_applicable:text_only_formant_tts_no_reference_audio,local_cpu_espeakng_formant,offline_text_only_formant_tts,16000,wav,none,,2026-08-15T14:00:00+06:00
voxforge_ru_mdc_2026_05:submission:da23929a193e177541440310c45721d2b16e728545b85a60cfdd99612181fc57:prompt:ru_0004,processed/v4/xlsr_sls_model_v4_calibration_materialization_v1/source/6c/6cdd76e73f7e6766ceed2a6736ff1f0317b25a46bb74fdcd2cebfb3b0dc20e60.wav,7c2ef2b8f59b62e98b9d777280227890f1481b62844d2d28947c36b394928286,test,bonafide,ru,unknown,voxforge_ru_mdc_2026_05:contributor:9023bd0373919db94c5668269f0bbc095a22cac95de13ac093a8b1144b62d457,voxforge_ru_mdc_2026_05_v4_calibration,GPL-3.0-or-later,Pinned VoxForge Russian GPL-3.0-or-later archive; one frozen local personal-research calibration-preparation route only,voxforge_ru_mdc_2026_05:contributor:9023bd0373919db94c5668269f0bbc095a22cac95de13ac093a8b1144b62d457,ru_0004,29d3f0b98584fa601e2a45e4714fe370315148dd2842fb294e5c45f4f16eeff3,10.75,,,,,,unknown,voxforge_submission_read_speech,16000,wav,none,,2026-08-15T14:00:00+06:00
voxforge_ru_mdc_2026_05_v4_calibration_espeakng:38ac8cb87e6b1776,processed/v4/xlsr_sls_model_v4_calibration_materialization_v1/spoof/5c/5c6ff49834c273bc1b67ad23c9c6fd58a4f5b1c1bc1f9444565fd750b75e7406.wav,55666f69b592f1477065f6ad5b149c0ea175b651902b17478cb67536bb29f2d5,test,spoof,ru,unknown,voxforge_ru_mdc_2026_05_v4_calibration_espeakng:text-only:espeakng_russian_formant:ru:w200:p65:a100,voxforge_ru_mdc_2026_05_v4_calibration_espeakng,VoxForge GPL-3.0-or-later text; eSpeak NG GPL-3.0-or-later; bundled Ubuntu runtime packages retain their declared package licenses,"One-shot offline text-only derivative of frozen VoxForge prompt ru_0004; no reference audio, cloning, resynthesis or replacement",voxforge_ru_mdc_2026_05_v4_calibration_espeakng:synthetic-control:espeakng_russian_formant:ru:w200:p65:a100,ru_0004,29d3f0b98584fa601e2a45e4714fe370315148dd2842fb294e5c45f4f16eeff3,5.325125,formant_rule_based_tts,eSpeak NG Russian formant synthesizer,eSpeak NG 1.52.0 source-4870adfa25b1a32b4361592f1be8a40337c58d6c; Ubuntu 1.52.0+dfsg-5build1 runtime packages,espeakng_russian_formant:ru:w200:p65:a100,not_applicable:text_only_formant_tts_no_reference_audio,local_cpu_espeakng_formant,offline_text_only_formant_tts,16000,wav,none,,2026-08-15T14:00:00+06:00
voxforge_ru_mdc_2026_05:submission:3c0767a2a9f5de7a830dab25a37f6e61e2a2641b574e5a05aba6f023c1d82e46:prompt:ru_0068,processed/v4/xlsr_sls_model_v4_calibration_materialization_v1/source/1d/1d44d946ef91493647d444573ff2b94b6bb46f8cf0599b3ce98bf00aa1990fbc.wav,4bcbaec82baf056530de4b5b2927696e52a4a4c5f5d09933a55085091c3c39dc,test,bonafide,ru,unknown,voxforge_ru_mdc_2026_05:contributor:d322c3a9837fad6b52f61630ebd14ce83966c93c7d8b8248eb7b7b041c1c643f,voxforge_ru_mdc_2026_05_v4_calibration,GPL-3.0-or-later,Pinned VoxForge Russian GPL-3.0-or-later archive; one frozen local personal-research calibration-preparation route only,voxforge_ru_mdc_2026_05:contributor:d322c3a9837fad6b52f61630ebd14ce83966c93c7d8b8248eb7b7b041c1c643f,ru_0068,5212eb0fb22dbd4d23781f2127e25b13fc13e80b121cbb2abe58ff0754f52066,9.625,,,,,,unknown,voxforge_submission_read_speech,16000,wav,none,,2026-08-15T14:00:00+06:00
voxforge_ru_mdc_2026_05_v4_calibration_espeakng:51773611a5ee257b,processed/v4/xlsr_sls_model_v4_calibration_materialization_v1/spoof/1d/1d898787f38fbbe7eb469d5f5b55857b0535af437a12791ad24320a41bb32210.wav,04782de69192810c502b9b4e965e88f730618cbec2d6585b7fbdc34e9690a139,test,spoof,ru,unknown,voxforge_ru_mdc_2026_05_v4_calibration_espeakng:text-only:espeakng_russian_formant:ru:w225:p35:a100,voxforge_ru_mdc_2026_05_v4_calibration_espeakng,VoxForge GPL-3.0-or-later text; eSpeak NG GPL-3.0-or-later; bundled Ubuntu runtime packages retain their declared package licenses,"One-shot offline text-only derivative of frozen VoxForge prompt ru_0068; no reference audio, cloning, resynthesis or replacement",voxforge_ru_mdc_2026_05_v4_calibration_espeakng:synthetic-control:espeakng_russian_formant:ru:w225:p35:a100,ru_0068,5212eb0fb22dbd4d23781f2127e25b13fc13e80b121cbb2abe58ff0754f52066,3.6646875,formant_rule_based_tts,eSpeak NG Russian formant synthesizer,eSpeak NG 1.52.0 source-4870adfa25b1a32b4361592f1be8a40337c58d6c; Ubuntu 1.52.0+dfsg-5build1 runtime packages,espeakng_russian_formant:ru:w225:p35:a100,not_applicable:text_only_formant_tts_no_reference_audio,local_cpu_espeakng_formant,offline_text_only_formant_tts,16000,wav,none,,2026-08-15T14:00:00+06:00
voxforge_ru_mdc_2026_05:submission:6cfa817d2738f9369b26e9fa2b4d934a762cfff8d49a2b28d53a64252ba5feff:prompt:ru_0070,processed/v4/xlsr_sls_model_v4_calibration_materialization_v1/source/39/393006a068140a5213cc3764b57790d25e9d2fa229b722034deed4b1059d0d77.wav,03b2278cfee2772eae74eeeeef965b21a8ac6f1e1a374c933159dda31c29538b,test,bonafide,ru,unknown,voxforge_ru_mdc_2026_05:contributor:73ef176d9f12809e64363b2b5f4553abecca7aae157327f190323cfa0e42c815,voxforge_ru_mdc_2026_05_v4_calibration,GPL-3.0-or-later,Pinned VoxForge Russian GPL-3.0-or-later archive; one frozen local personal-research calibration-preparation route only,voxforge_ru_mdc_2026_05:contributor:73ef176d9f12809e64363b2b5f4553abecca7aae157327f190323cfa0e42c815,ru_0070,d6b672f415b9cc11b195a7d417c851f06b0fd412fce28a0584b25110103eacf0,5.625,,,,,,unknown,voxforge_submission_read_speech,16000,wav,none,,2026-08-15T14:00:00+06:00
voxforge_ru_mdc_2026_05_v4_calibration_espeakng:f51ae92922031f85,processed/v4/xlsr_sls_model_v4_calibration_materialization_v1/spoof/b0/b079618577eb7472418297cd401b8df8e29401c8e8226e28c4047d26c6c231db.wav,2e5bf2163a35f4520b3fd1cbfbabcf00dbafb528e6682b419e010547f72938ea,test,spoof,ru,unknown,voxforge_ru_mdc_2026_05_v4_calibration_espeakng:text-only:espeakng_russian_formant:ru:w225:p65:a100,voxforge_ru_mdc_2026_05_v4_calibration_espeakng,VoxForge GPL-3.0-or-later text; eSpeak NG GPL-3.0-or-later; bundled Ubuntu runtime packages retain their declared package licenses,"One-shot offline text-only derivative of frozen VoxForge prompt ru_0070; no reference audio, cloning, resynthesis or replacement",voxforge_ru_mdc_2026_05_v4_calibration_espeakng:synthetic-control:espeakng_russian_formant:ru:w225:p65:a100,ru_0070,d6b672f415b9cc11b195a7d417c851f06b0fd412fce28a0584b25110103eacf0,3.2905625,formant_rule_based_tts,eSpeak NG Russian formant synthesizer,eSpeak NG 1.52.0 source-4870adfa25b1a32b4361592f1be8a40337c58d6c; Ubuntu 1.52.0+dfsg-5build1 runtime packages,espeakng_russian_formant:ru:w225:p65:a100,not_applicable:text_only_formant_tts_no_reference_audio,local_cpu_espeakng_formant,offline_text_only_formant_tts,16000,wav,none,,2026-08-15T14:00:00+06:00
voxforge_ru_mdc_2026_05:submission:04668fd548109be444a219298d90ced078941f1fe19dc7e502a83d239a415ab9:prompt:ru_0078,processed/v4/xlsr_sls_model_v4_calibration_materialization_v1/source/68/6891f4e2bb1fdbdf12d14871bd5875e3ab56610becf64640b6ed7b563ecc551e.wav,60f5118be14c6727e7fbec31b662abba140ea110015969ac6b4d467f56fd8ce8,test,bonafide,ru,unknown,voxforge_ru_mdc_2026_05:contributor:1648f9930fa970a774c0a0e159223a1431535cb3043950b77473bf79f5006e67,voxforge_ru_mdc_2026_05_v4_calibration,GPL-3.0-or-later,Pinned VoxForge Russian GPL-3.0-or-later archive; one frozen local personal-research calibration-preparation route only,voxforge_ru_mdc_2026_05:contributor:1648f9930fa970a774c0a0e159223a1431535cb3043950b77473bf79f5006e67,ru_0078,25a2d0b010f7bffaf8484d78ca231194697839667c1098a903bdc6cf3986c837,6.25,,,,,,unknown,voxforge_submission_read_speech,16000,wav,none,,2026-08-15T14:00:00+06:00
voxforge_ru_mdc_2026_05_v4_calibration_espeakng:d24ef32d34405ca6,processed/v4/xlsr_sls_model_v4_calibration_materialization_v1/spoof/a3/a3139d1b47574d8515e96bb7a150a8e17e20e0071155bab3b19956567ea5df02.wav,dbaa729da75ce90cc495971d70430cd08569a2401070d270e250a86fc75913dd,test,spoof,ru,unknown,voxforge_ru_mdc_2026_05_v4_calibration_espeakng:text-only:espeakng_russian_formant:ru:w150:p35:a100,voxforge_ru_mdc_2026_05_v4_calibration_espeakng,VoxForge GPL-3.0-or-later text; eSpeak NG GPL-3.0-or-later; bundled Ubuntu runtime packages retain their declared package licenses,"One-shot offline text-only derivative of frozen VoxForge prompt ru_0078; no reference audio, cloning, resynthesis or replacement",voxforge_ru_mdc_2026_05_v4_calibration_espeakng:synthetic-control:espeakng_russian_formant:ru:w150:p35:a100,ru_0078,25a2d0b010f7bffaf8484d78ca231194697839667c1098a903bdc6cf3986c837,4.204,formant_rule_based_tts,eSpeak NG Russian formant synthesizer,eSpeak NG 1.52.0 source-4870adfa25b1a32b4361592f1be8a40337c58d6c; Ubuntu 1.52.0+dfsg-5build1 runtime packages,espeakng_russian_formant:ru:w150:p35:a100,not_applicable:text_only_formant_tts_no_reference_audio,local_cpu_espeakng_formant,offline_text_only_formant_tts,16000,wav,none,,2026-08-15T14:00:00+06:00
voxforge_ru_mdc_2026_05:submission:0641adc94d9eadc04a4ee384e9e35b083971f6c0394bf27cef38175035ac10fd:prompt:ru_0050,processed/v4/xlsr_sls_model_v4_calibration_materialization_v1/source/7a/7a6770ec08916cf2c12df4968aea3da841ac7be3d6eb2acfd5c7edbb7d807fd4.wav,b57506951868cf97ddab290ad8feb2109f4d4688189dc4456ad65c42337c374b,test,bonafide,ru,unknown,voxforge_ru_mdc_2026_05:contributor:de1068db6674eea033f130a99a8c51d70e40465f9b246e97060b5f7b8ca8511c,voxforge_ru_mdc_2026_05_v4_calibration,GPL-3.0-or-later,Pinned VoxForge Russian GPL-3.0-or-later archive; one frozen local personal-research calibration-preparation route only,voxforge_ru_mdc_2026_05:contributor:de1068db6674eea033f130a99a8c51d70e40465f9b246e97060b5f7b8ca8511c,ru_0050,8c94caf31d1fa9382315e39434ba9e2789d70b071e5bb0dc6030d5115cfa2d70,6.875,,,,,,unknown,voxforge_submission_read_speech,16000,wav,none,,2026-08-15T14:00:00+06:00
voxforge_ru_mdc_2026_05_v4_calibration_espeakng:2c03ec4cb75b4d12,processed/v4/xlsr_sls_model_v4_calibration_materialization_v1/spoof/ea/ea98125518ac84f7be4af841c233fc756fe73a07b74d82c57b13c892a9528959.wav,79e282f2aa69ee0f95de9152437656f126719ecc30dd20775aa350b178efb9b7,test,spoof,ru,unknown,voxforge_ru_mdc_2026_05_v4_calibration_espeakng:text-only:espeakng_russian_formant:ru:w150:p50:a100,voxforge_ru_mdc_2026_05_v4_calibration_espeakng,VoxForge GPL-3.0-or-later text; eSpeak NG GPL-3.0-or-later; bundled Ubuntu runtime packages retain their declared package licenses,"One-shot offline text-only derivative of frozen VoxForge prompt ru_0050; no reference audio, cloning, resynthesis or replacement",voxforge_ru_mdc_2026_05_v4_calibration_espeakng:synthetic-control:espeakng_russian_formant:ru:w150:p50:a100,ru_0050,8c94caf31d1fa9382315e39434ba9e2789d70b071e5bb0dc6030d5115cfa2d70,3.6175625,formant_rule_based_tts,eSpeak NG Russian formant synthesizer,eSpeak NG 1.52.0 source-4870adfa25b1a32b4361592f1be8a40337c58d6c; Ubuntu 1.52.0+dfsg-5build1 runtime packages,espeakng_russian_formant:ru:w150:p50:a100,not_applicable:text_only_formant_tts_no_reference_audio,local_cpu_espeakng_formant,offline_text_only_formant_tts,16000,wav,none,,2026-08-15T14:00:00+06:00
voxforge_ru_mdc_2026_05:submission:aaab32ab06543cbc15497224acec404e8c3cb00d26892fa818af48d9f8fffa3e:prompt:ru_0001,processed/v4/xlsr_sls_model_v4_calibration_materialization_v1/source/c2/c2dafe203a3485db9ba569242f86d3b2a3606b5c2a94ee983256c375f81bc38b.wav,88c21dfc8e066eba991024d9ad95192d3cc2d5665422941ba58fc73096c5b848,test,bonafide,ru,unknown,voxforge_ru_mdc_2026_05:contributor:85bf714b180f19af68083f5d51677324f74b28c6d82e52cc0c97067f0c5a3ff3,voxforge_ru_mdc_2026_05_v4_calibration,GPL-3.0-or-later,Pinned VoxForge Russian GPL-3.0-or-later archive; one frozen local personal-research calibration-preparation route only,voxforge_ru_mdc_2026_05:contributor:85bf714b180f19af68083f5d51677324f74b28c6d82e52cc0c97067f0c5a3ff3,ru_0001,e7dab8ad7b1ad1813e718b208879e8268ad9376e6f6fddef9d258a5af02107f2,11.4346875,,,,,,unknown,voxforge_submission_read_speech,16000,wav,none,,2026-08-15T14:00:00+06:00
voxforge_ru_mdc_2026_05_v4_calibration_espeakng:e46970b8294b3b54,processed/v4/xlsr_sls_model_v4_calibration_materialization_v1/spoof/fe/fe09be3d9ebca5603f2cb140233e44c69042d338dfbdb5f417306ca242e3fec0.wav,1ba5f194181b36b35afc9ddee744d3481e8c7ebb4afe90cf2dafe9135fbb0546,test,spoof,ru,unknown,voxforge_ru_mdc_2026_05_v4_calibration_espeakng:text-only:espeakng_russian_formant:ru:w150:p65:a100,voxforge_ru_mdc_2026_05_v4_calibration_espeakng,VoxForge GPL-3.0-or-later text; eSpeak NG GPL-3.0-or-later; bundled Ubuntu runtime packages retain their declared package licenses,"One-shot offline text-only derivative of frozen VoxForge prompt ru_0001; no reference audio, cloning, resynthesis or replacement",voxforge_ru_mdc_2026_05_v4_calibration_espeakng:synthetic-control:espeakng_russian_formant:ru:w150:p65:a100,ru_0001,e7dab8ad7b1ad1813e718b208879e8268ad9376e6f6fddef9d258a5af02107f2,10.15025,formant_rule_based_tts,eSpeak NG Russian formant synthesizer,eSpeak NG 1.52.0 source-4870adfa25b1a32b4361592f1be8a40337c58d6c; Ubuntu 1.52.0+dfsg-5build1 runtime packages,espeakng_russian_formant:ru:w150:p65:a100,not_applicable:text_only_formant_tts_no_reference_audio,local_cpu_espeakng_formant,offline_text_only_formant_tts,16000,wav,none,,2026-08-15T14:00:00+06:00
voxforge_ru_mdc_2026_05:submission:1e0f54b66145f997246f82132b2ca6bd03c6732ade6d91d49348499cc80e3509:prompt:ru_0041,processed/v4/xlsr_sls_model_v4_calibration_materialization_v1/source/42/42888d7c4cc2dfe1a73a9fb37535995b55819aa4fca00372ea86ca05038527fb.wav,e8a6923e518c1830712e820816638d981e45812c8d708ce9824c0d0e0ecc04bd,test,bonafide,ru,unknown,voxforge_ru_mdc_2026_05:contributor:7732b22ad62103672faad1da5e2c31578cdaaed0ce18af62ad9b5fdcbd0bbf89,voxforge_ru_mdc_2026_05_v4_calibration,GPL-3.0-or-later,Pinned VoxForge Russian GPL-3.0-or-later archive; one frozen local personal-research calibration-preparation route only,voxforge_ru_mdc_2026_05:contributor:7732b22ad62103672faad1da5e2c31578cdaaed0ce18af62ad9b5fdcbd0bbf89,ru_0041,933f70782c8c99fef2dfaa6959e59efd33ea928393e13121cc1936c78d0e3692,7.125,,,,,,unknown,voxforge_submission_read_speech,16000,wav,none,,2026-08-15T14:00:00+06:00
voxforge_ru_mdc_2026_05_v4_calibration_espeakng:472fcd728533327b,processed/v4/xlsr_sls_model_v4_calibration_materialization_v1/spoof/88/883068f4e97243f57d7a15878cc2690d045f4f2d49132922c97706489fa9c61d.wav,7c19e004876bf0fbe19592c202ee733d337547e752934b7c8946769d8b46ea3c,test,spoof,ru,unknown,voxforge_ru_mdc_2026_05_v4_calibration_espeakng:text-only:espeakng_russian_formant:ru:w175:p35:a100,voxforge_ru_mdc_2026_05_v4_calibration_espeakng,VoxForge GPL-3.0-or-later text; eSpeak NG GPL-3.0-or-later; bundled Ubuntu runtime packages retain their declared package licenses,"One-shot offline text-only derivative of frozen VoxForge prompt ru_0041; no reference audio, cloning, resynthesis or replacement",voxforge_ru_mdc_2026_05_v4_calibration_espeakng:synthetic-control:espeakng_russian_formant:ru:w175:p35:a100,ru_0041,933f70782c8c99fef2dfaa6959e59efd33ea928393e13121cc1936c78d0e3692,3.695125,formant_rule_based_tts,eSpeak NG Russian formant synthesizer,eSpeak NG 1.52.0 source-4870adfa25b1a32b4361592f1be8a40337c58d6c; Ubuntu 1.52.0+dfsg-5build1 runtime packages,espeakng_russian_formant:ru:w175:p35:a100,not_applicable:text_only_formant_tts_no_reference_audio,local_cpu_espeakng_formant,offline_text_only_formant_tts,16000,wav,none,,2026-08-15T14:00:00+06:00
voxforge_ru_mdc_2026_05:submission:7f0c7a041eb1fa91d3c772a0eaf9d2b8bf6794c2a8a81682c6d9495b1a967450:prompt:ru_0035,processed/v4/xlsr_sls_model_v4_calibration_materialization_v1/source/ad/ad395027a92ecd8358b64e5098dcc89110781ec04169a50ab3411c0334b0a44c.wav,b8cee843f03a117a6d592f804388ec1b62beed3f58ae063f9bb9c5f6f3b14c64,test,bonafide,ru,unknown,voxforge_ru_mdc_2026_05:contributor:ce65fa41b16c33ff496425b08616bbcf09b6dfad21f8e0b9dc27327b6db74d1b,voxforge_ru_mdc_2026_05_v4_calibration,GPL-3.0-or-later,Pinned VoxForge Russian GPL-3.0-or-later archive; one frozen local personal-research calibration-preparation route only,voxforge_ru_mdc_2026_05:contributor:ce65fa41b16c33ff496425b08616bbcf09b6dfad21f8e0b9dc27327b6db74d1b,ru_0035,9c60ef21d2ee4e019dc70c2d454b1b0f5d1442956e62b4831ec349abe6814441,11.0676875,,,,,,unknown,voxforge_submission_read_speech,16000,wav,none,,2026-08-15T14:00:00+06:00
voxforge_ru_mdc_2026_05_v4_calibration_espeakng:e75b79a25b4e2bac,processed/v4/xlsr_sls_model_v4_calibration_materialization_v1/spoof/56/56b3436d97f82e6f7a989621d650a1c24a843ce0ecc0c17a490f4ff502d06e8a.wav,583eeefb36428fb3a2bf1e874c901243b046f91bc8efbbaacfc5c7c4eac4187e,test,spoof,ru,unknown,voxforge_ru_mdc_2026_05_v4_calibration_espeakng:text-only:espeakng_russian_formant:ru:w175:p50:a100,voxforge_ru_mdc_2026_05_v4_calibration_espeakng,VoxForge GPL-3.0-or-later text; eSpeak NG GPL-3.0-or-later; bundled Ubuntu runtime packages retain their declared package licenses,"One-shot offline text-only derivative of frozen VoxForge prompt ru_0035; no reference audio, cloning, resynthesis or replacement",voxforge_ru_mdc_2026_05_v4_calibration_espeakng:synthetic-control:espeakng_russian_formant:ru:w175:p50:a100,ru_0035,9c60ef21d2ee4e019dc70c2d454b1b0f5d1442956e62b4831ec349abe6814441,5.235375,formant_rule_based_tts,eSpeak NG Russian formant synthesizer,eSpeak NG 1.52.0 source-4870adfa25b1a32b4361592f1be8a40337c58d6c; Ubuntu 1.52.0+dfsg-5build1 runtime packages,espeakng_russian_formant:ru:w175:p50:a100,not_applicable:text_only_formant_tts_no_reference_audio,local_cpu_espeakng_formant,offline_text_only_formant_tts,16000,wav,none,,2026-08-15T14:00:00+06:00
voxforge_ru_mdc_2026_05:submission:fb55b7a8b2467e5708373038451f2c07155766b9bd699eb0148ff07ad0f29ac5:prompt:ru_0059,processed/v4/xlsr_sls_model_v4_calibration_materialization_v1/source/04/0480ac42760a97845167f84c25c11f9fadb513d8958004bcad71c76e715e0511.wav,2ec1c117513d200c20abd7864417174896e9c89eaa22c7ade1193c91525ecc71,test,bonafide,ru,unknown,voxforge_ru_mdc_2026_05:contributor:fe77739527abd21adedf03eaf4dcdee2644152e4527e0de238efe86266928f62,voxforge_ru_mdc_2026_05_v4_calibration,GPL-3.0-or-later,Pinned VoxForge Russian GPL-3.0-or-later archive; one frozen local personal-research calibration-preparation route only,voxforge_ru_mdc_2026_05:contributor:fe77739527abd21adedf03eaf4dcdee2644152e4527e0de238efe86266928f62,ru_0059,7fb393ecba16af6004df4a3e5e8a78222f3850c8b54d7e5e8fc92a54771cb43c,14.1226875,,,,,,unknown,voxforge_submission_read_speech,16000,wav,none,,2026-08-15T14:00:00+06:00
voxforge_ru_mdc_2026_05_v4_calibration_espeakng:cd21382af7b42b27,processed/v4/xlsr_sls_model_v4_calibration_materialization_v1/spoof/c8/c89c1b86217fc7ed7afd9795ce7afe5201e3d6ba83d0365eee8078755e1a7660.wav,cb3fc5dc31154448736b71d04ea9e7b9315bb9932522b63ea497fd04cebfc15b,test,spoof,ru,unknown,voxforge_ru_mdc_2026_05_v4_calibration_espeakng:text-only:espeakng_russian_formant:ru:w175:p65:a100,voxforge_ru_mdc_2026_05_v4_calibration_espeakng,VoxForge GPL-3.0-or-later text; eSpeak NG GPL-3.0-or-later; bundled Ubuntu runtime packages retain their declared package licenses,"One-shot offline text-only derivative of frozen VoxForge prompt ru_0059; no reference audio, cloning, resynthesis or replacement",voxforge_ru_mdc_2026_05_v4_calibration_espeakng:synthetic-control:espeakng_russian_formant:ru:w175:p65:a100,ru_0059,7fb393ecba16af6004df4a3e5e8a78222f3850c8b54d7e5e8fc92a54771cb43c,5.698375,formant_rule_based_tts,eSpeak NG Russian formant synthesizer,eSpeak NG 1.52.0 source-4870adfa25b1a32b4361592f1be8a40337c58d6c; Ubuntu 1.52.0+dfsg-5build1 runtime packages,espeakng_russian_formant:ru:w175:p65:a100,not_applicable:text_only_formant_tts_no_reference_audio,local_cpu_espeakng_formant,offline_text_only_formant_tts,16000,wav,none,,2026-08-15T14:00:00+06:00
voxforge_ru_mdc_2026_05:submission:f105857a7b554d7a0d0e8c359d67297e35a6861009653b824ee46b0fe80bdfae:prompt:ru_0030,processed/v4/xlsr_sls_model_v4_calibration_materialization_v1/source/c6/c6ed2b6dd2d1dd7274eda3f0857c17da44ff33c2febaeb08efa0bca25481719a.wav,c989f2836e86a5a0289e4e53bf09b7b0ee68408ff3995ad1daedf46658ba97d7,test,bonafide,ru,unknown,voxforge_ru_mdc_2026_05:contributor:6b86b273ff34fce19d6b804eff5a3f5747ada4eaa22f1d49c01e52ddb7875b4b,voxforge_ru_mdc_2026_05_v4_calibration,GPL-3.0-or-later,Pinned VoxForge Russian GPL-3.0-or-later archive; one frozen local personal-research calibration-preparation route only,voxforge_ru_mdc_2026_05:contributor:6b86b273ff34fce19d6b804eff5a3f5747ada4eaa22f1d49c01e52ddb7875b4b,ru_0030,7ae0052a1f22bb0946cc1731f369ee4a56c8cf52599f2b158c617fe4e279cc95,10.75,,,,,,unknown,voxforge_submission_read_speech,16000,wav,none,,2026-08-15T14:00:00+06:00
voxforge_ru_mdc_2026_05_v4_calibration_espeakng:75d87ab08bc05e4d,processed/v4/xlsr_sls_model_v4_calibration_materialization_v1/spoof/ee/ee4800687bd2e4fa768eeef2e897adebed3df332c23baa3d76d34b96a1e17482.wav,1d7411cae635027dfa7f7bfbffecd30ac758f32adde9461623d0183424867721,test,spoof,ru,unknown,voxforge_ru_mdc_2026_05_v4_calibration_espeakng:text-only:espeakng_russian_formant:ru:w200:p35:a100,voxforge_ru_mdc_2026_05_v4_calibration_espeakng,VoxForge GPL-3.0-or-later text; eSpeak NG GPL-3.0-or-later; bundled Ubuntu runtime packages retain their declared package licenses,"One-shot offline text-only derivative of frozen VoxForge prompt ru_0030; no reference audio, cloning, resynthesis or replacement",voxforge_ru_mdc_2026_05_v4_calibration_espeakng:synthetic-control:espeakng_russian_formant:ru:w200:p35:a100,ru_0030,7ae0052a1f22bb0946cc1731f369ee4a56c8cf52599f2b158c617fe4e279cc95,4.4549375,formant_rule_based_tts,eSpeak NG Russian formant synthesizer,eSpeak NG 1.52.0 source-4870adfa25b1a32b4361592f1be8a40337c58d6c; Ubuntu 1.52.0+dfsg-5build1 runtime packages,espeakng_russian_formant:ru:w200:p35:a100,not_applicable:text_only_formant_tts_no_reference_audio,local_cpu_espeakng_formant,offline_text_only_formant_tts,16000,wav,none,,2026-08-15T14:00:00+06:00
voxforge_ru_mdc_2026_05:submission:6669141f052b58d1e759cd0f4685c04ec78079e77a6224181968ba7505deefe0:prompt:ru_0075,processed/v4/xlsr_sls_model_v4_calibration_materialization_v1/source/90/90766525be06810233d3c6e08a4b2d5959af1b5d9e58c9d63529205775d15654.wav,75ec2b48ae9077523fda25667d5e5989032d329236d5b8e2913a7e603c8e43f5,test,bonafide,ru,unknown,voxforge_ru_mdc_2026_05:contributor:51327fd7692cbc4bfb18f3b3c7ea3d62df3547c4786a26d95b01f41b227a43d4,voxforge_ru_mdc_2026_05_v4_calibration,GPL-3.0-or-later,Pinned VoxForge Russian GPL-3.0-or-later archive; one frozen local personal-research calibration-preparation route only,voxforge_ru_mdc_2026_05:contributor:51327fd7692cbc4bfb18f3b3c7ea3d62df3547c4786a26d95b01f41b227a43d4,ru_0075,98a460c44832da8b47da1b280091a98abfd6051cff470b77e4d9003aa579c0ac,8.25,,,,,,unknown,voxforge_submission_read_speech,16000,wav,none,,2026-08-15T14:00:00+06:00
voxforge_ru_mdc_2026_05_v4_calibration_espeakng:29c7abbef13bbf91,processed/v4/xlsr_sls_model_v4_calibration_materialization_v1/spoof/08/08510e8a590074b72981ced9d67d64abf92966a208c4f1af3100342e8eb418dc.wav,64261cb8e6954472951aba5887641016c110e011ce0f4a00e6219fde039d7a7a,test,spoof,ru,unknown,voxforge_ru_mdc_2026_05_v4_calibration_espeakng:text-only:espeakng_russian_formant:ru:w200:p50:a100,voxforge_ru_mdc_2026_05_v4_calibration_espeakng,VoxForge GPL-3.0-or-later text; eSpeak NG GPL-3.0-or-later; bundled Ubuntu runtime packages retain their declared package licenses,"One-shot offline text-only derivative of frozen VoxForge prompt ru_0075; no reference audio, cloning, resynthesis or replacement",voxforge_ru_mdc_2026_05_v4_calibration_espeakng:synthetic-control:espeakng_russian_formant:ru:w200:p50:a100,ru_0075,98a460c44832da8b47da1b280091a98abfd6051cff470b77e4d9003aa579c0ac,4.8225,formant_rule_based_tts,eSpeak NG Russian formant synthesizer,eSpeak NG 1.52.0 source-4870adfa25b1a32b4361592f1be8a40337c58d6c; Ubuntu 1.52.0+dfsg-5build1 runtime packages,espeakng_russian_formant:ru:w200:p50:a100,not_applicable:text_only_formant_tts_no_reference_audio,local_cpu_espeakng_formant,offline_text_only_formant_tts,16000,wav,none,,2026-08-15T14:00:00+06:00
voxforge_ru_mdc_2026_05:submission:f361f6007f4fa97e8fa33488b50787581a6ddf8f85519440902687056f58f693:prompt:ru_0012,processed/v4/xlsr_sls_model_v4_calibration_materialization_v1/source/ba/badbee986752192087e60f0329d873a5df03678e16b8ce49ae334c223a29745d.wav,12fbe5cc79277dedd838f553d1b8de90b076322fca1856e9c5bc7fa95de9667e,test,bonafide,ru,unknown,voxforge_ru_mdc_2026_05:contributor:da31b47d782c21369a0ff71b5c057894c72bf46a7e3a7c0bdf62cf771a68e7d2,voxforge_ru_mdc_2026_05_v4_calibration,GPL-3.0-or-later,Pinned VoxForge Russian GPL-3.0-or-later archive; one frozen local personal-research calibration-preparation route only,voxforge_ru_mdc_2026_05:contributor:da31b47d782c21369a0ff71b5c057894c72bf46a7e3a7c0bdf62cf771a68e7d2,ru_0012,e501926c02370e6202a91c78153cc9e8ce0c6ac7887d04404834a0264f93221d,8.5,,,,,,unknown,voxforge_submission_read_speech,16000,wav,none,,2026-08-15T14:00:00+06:00
voxforge_ru_mdc_2026_05_v4_calibration_espeakng:4b5f5acaada4ad28,processed/v4/xlsr_sls_model_v4_calibration_materialization_v1/spoof/2c/2c7a2c14254c0896a16f73fb76b25bce7acd85a8fe1b5d14f861d5cd5c520612.wav,38277ae860bf2286f0f027530b9d25361674b464074364a979f1d06ad5ae99be,test,spoof,ru,unknown,voxforge_ru_mdc_2026_05_v4_calibration_espeakng:text-only:espeakng_russian_formant:ru:w200:p65:a100,voxforge_ru_mdc_2026_05_v4_calibration_espeakng,VoxForge GPL-3.0-or-later text; eSpeak NG GPL-3.0-or-later; bundled Ubuntu runtime packages retain their declared package licenses,"One-shot offline text-only derivative of frozen VoxForge prompt ru_0012; no reference audio, cloning, resynthesis or replacement",voxforge_ru_mdc_2026_05_v4_calibration_espeakng:synthetic-control:espeakng_russian_formant:ru:w200:p65:a100,ru_0012,e501926c02370e6202a91c78153cc9e8ce0c6ac7887d04404834a0264f93221d,4.2428125,formant_rule_based_tts,eSpeak NG Russian formant synthesizer,eSpeak NG 1.52.0 source-4870adfa25b1a32b4361592f1be8a40337c58d6c; Ubuntu 1.52.0+dfsg-5build1 runtime packages,espeakng_russian_formant:ru:w200:p65:a100,not_applicable:text_only_formant_tts_no_reference_audio,local_cpu_espeakng_formant,offline_text_only_formant_tts,16000,wav,none,,2026-08-15T14:00:00+06:00
voxforge_ru_mdc_2026_05:submission:8ea1545cb39e564bb3ec5eddb1fbb84136c745569065918b32a46dd52a21b07c:prompt:ru_0033,processed/v4/xlsr_sls_model_v4_calibration_materialization_v1/source/a6/a6f84d9f60181d889185700014f0d6281103d0d6f0ccb6d70986cbc4402bf945.wav,e0be8de444465c518f04d53fde31fc9c849de933608d3687dc980f91325c127d,test,bonafide,ru,unknown,voxforge_ru_mdc_2026_05:contributor:18ac3e7343f016890c510e93f935261169d9e3f565436429830faf0934f4f8e4,voxforge_ru_mdc_2026_05_v4_calibration,GPL-3.0-or-later,Pinned VoxForge Russian GPL-3.0-or-later archive; one frozen local personal-research calibration-preparation route only,voxforge_ru_mdc_2026_05:contributor:18ac3e7343f016890c510e93f935261169d9e3f565436429830faf0934f4f8e4,ru_0033,cee5a0689f271ea4ac1cf2d8575afaf53f78349df198a662788902b7560ba442,11.875,,,,,,unknown,voxforge_submission_read_speech,16000,wav,none,,2026-08-15T14:00:00+06:00
voxforge_ru_mdc_2026_05_v4_calibration_espeakng:035af91fa0c14262,processed/v4/xlsr_sls_model_v4_calibration_materialization_v1/spoof/d9/d9efbad92ef6cfe66a29c3139f7260b19c0beeb02543e7094667c48b42179c17.wav,6720727918e4b8c2da87e3b027d864d3a0c40d73b409a736afdb90e4c887e831,test,spoof,ru,unknown,voxforge_ru_mdc_2026_05_v4_calibration_espeakng:text-only:espeakng_russian_formant:ru:w225:p35:a100,voxforge_ru_mdc_2026_05_v4_calibration_espeakng,VoxForge GPL-3.0-or-later text; eSpeak NG GPL-3.0-or-later; bundled Ubuntu runtime packages retain their declared package licenses,"One-shot offline text-only derivative of frozen VoxForge prompt ru_0033; no reference audio, cloning, resynthesis or replacement",voxforge_ru_mdc_2026_05_v4_calibration_espeakng:synthetic-control:espeakng_russian_formant:ru:w225:p35:a100,ru_0033,cee5a0689f271ea4ac1cf2d8575afaf53f78349df198a662788902b7560ba442,5.500125,formant_rule_based_tts,eSpeak NG Russian formant synthesizer,eSpeak NG 1.52.0 source-4870adfa25b1a32b4361592f1be8a40337c58d6c; Ubuntu 1.52.0+dfsg-5build1 runtime packages,espeakng_russian_formant:ru:w225:p35:a100,not_applicable:text_only_formant_tts_no_reference_audio,local_cpu_espeakng_formant,offline_text_only_formant_tts,16000,wav,none,,2026-08-15T14:00:00+06:00
voxforge_ru_mdc_2026_05:submission:8d315396c67dc61a0161f713cb66e4bd7673299ae820b47ced950be9090f7aa5:prompt:ru_0042,processed/v4/xlsr_sls_model_v4_calibration_materialization_v1/source/e8/e8c888d4e74916c2af8aba5792dc728cb163d8557f3bc6054d331c99f3893b9a.wav,ddbb208cc641a4f54cc6f16b9bf37bebd80dcadeb4d393b6630d0e4066d4b785,test,bonafide,ru,unknown,voxforge_ru_mdc_2026_05:contributor:eeecf85814215b61dd9f7728f2d2011fd2b615b4fdaee0edd207dfefe3612cdf,voxforge_ru_mdc_2026_05_v4_calibration,GPL-3.0-or-later,Pinned VoxForge Russian GPL-3.0-or-later archive; one frozen local personal-research calibration-preparation route only,voxforge_ru_mdc_2026_05:contributor:eeecf85814215b61dd9f7728f2d2011fd2b615b4fdaee0edd207dfefe3612cdf,ru_0042,a3bb152d6847e5ffbcca56059d62004bafe22b46e02f93db6f7a9d9d2db4e788,7.5,,,,,,unknown,voxforge_submission_read_speech,16000,wav,none,,2026-08-15T14:00:00+06:00
voxforge_ru_mdc_2026_05_v4_calibration_espeakng:36a14674b78f9ae9,processed/v4/xlsr_sls_model_v4_calibration_materialization_v1/spoof/c9/c9f892a7d80bb3b16581ee8cdcf354185e85f441523f2b6796fbc75b3082c71d.wav,4c85a55c5d616e9812fc36dd73a1605e004669e2faef8122065286affca76422,test,spoof,ru,unknown,voxforge_ru_mdc_2026_05_v4_calibration_espeakng:text-only:espeakng_russian_formant:ru:w225:p50:a100,voxforge_ru_mdc_2026_05_v4_calibration_espeakng,VoxForge GPL-3.0-or-later text; eSpeak NG GPL-3.0-or-later; bundled Ubuntu runtime packages retain their declared package licenses,"One-shot offline text-only derivative of frozen VoxForge prompt ru_0042; no reference audio, cloning, resynthesis or replacement",voxforge_ru_mdc_2026_05_v4_calibration_espeakng:synthetic-control:espeakng_russian_formant:ru:w225:p50:a100,ru_0042,a3bb152d6847e5ffbcca56059d62004bafe22b46e02f93db6f7a9d9d2db4e788,3.340375,formant_rule_based_tts,eSpeak NG Russian formant synthesizer,eSpeak NG 1.52.0 source-4870adfa25b1a32b4361592f1be8a40337c58d6c; Ubuntu 1.52.0+dfsg-5build1 runtime packages,espeakng_russian_formant:ru:w225:p50:a100,not_applicable:text_only_formant_tts_no_reference_audio,local_cpu_espeakng_formant,offline_text_only_formant_tts,16000,wav,none,,2026-08-15T14:00:00+06:00
voxforge_ru_mdc_2026_05:submission:382e7d56b8567bcc9266ac77d293f61c2963b497d05a62b09bda0192d0ae51c0:prompt:ru_0031,processed/v4/xlsr_sls_model_v4_calibration_materialization_v1/source/c3/c3440146ddc3b473d32ae8936083875f90bd81a420f34c8b11a5b3346ded4908.wav,0a2cd2d2131a0ebb939cf084d549229f65363f53ce7b3e617debe2bd4c5d5b69,test,bonafide,ru,unknown,voxforge_ru_mdc_2026_05:contributor:8e9f72765fc53c54bc6dab5ec116958b9c7a029e9cb3366a8c90ee6e510d6ed7,voxforge_ru_mdc_2026_05_v4_calibration,GPL-3.0-or-later,Pinned VoxForge Russian GPL-3.0-or-later archive; one frozen local personal-research calibration-preparation route only,voxforge_ru_mdc_2026_05:contributor:8e9f72765fc53c54bc6dab5ec116958b9c7a029e9cb3366a8c90ee6e510d6ed7,ru_0031,09f3b1605aa5a29e6ae6f1eb5c38be6c0999d7580a90c30069d88ba1308fafaa,7.5,,,,,,unknown,voxforge_submission_read_speech,16000,wav,none,,2026-08-15T14:00:00+06:00
voxforge_ru_mdc_2026_05_v4_calibration_espeakng:8bf2f9d6d3320ff1,processed/v4/xlsr_sls_model_v4_calibration_materialization_v1/spoof/b0/b00396ad80f52e5ab8252b1299850d8a2c496a9360f37466a164260f5b57a16b.wav,a39173dab5efab6013c982a19360994cd86ac8d5508b82d23a154418f18b75e8,test,spoof,ru,unknown,voxforge_ru_mdc_2026_05_v4_calibration_espeakng:text-only:espeakng_russian_formant:ru:w225:p65:a100,voxforge_ru_mdc_2026_05_v4_calibration_espeakng,VoxForge GPL-3.0-or-later text; eSpeak NG GPL-3.0-or-later; bundled Ubuntu runtime packages retain their declared package licenses,"One-shot offline text-only derivative of frozen VoxForge prompt ru_0031; no reference audio, cloning, resynthesis or replacement",voxforge_ru_mdc_2026_05_v4_calibration_espeakng:synthetic-control:espeakng_russian_formant:ru:w225:p65:a100,ru_0031,09f3b1605aa5a29e6ae6f1eb5c38be6c0999d7580a90c30069d88ba1308fafaa,3.4796875,formant_rule_based_tts,eSpeak NG Russian formant synthesizer,eSpeak NG 1.52.0 source-4870adfa25b1a32b4361592f1be8a40337c58d6c; Ubuntu 1.52.0+dfsg-5build1 runtime packages,espeakng_russian_formant:ru:w225:p65:a100,not_applicable:text_only_formant_tts_no_reference_audio,local_cpu_espeakng_formant,offline_text_only_formant_tts,16000,wav,none,,2026-08-15T14:00:00+06:00
voxforge_ru_mdc_2026_05:submission:7da85847012924ce347c09acf11e9d80b5ab0a4a6b53f65a2782792530c5a9bb:prompt:ru_0060,processed/v4/xlsr_sls_model_v4_calibration_materialization_v1/source/3b/3b24ddc92295c050c2eca698e3f60f3dc511371f82dedb2d8abcaac429d4ff76.wav,4f4338e3337877b9bbda2ca05f856c9d2c45eedc66cf12528f9c78ff77c6b1c9,test,bonafide,ru,unknown,voxforge_ru_mdc_2026_05:contributor:4addb0d86cbd710c1b825311d1629d29238a16a06c177c4d8e44f1f685caf86f,voxforge_ru_mdc_2026_05_v4_calibration,GPL-3.0-or-later,Pinned VoxForge Russian GPL-3.0-or-later archive; one frozen local personal-research calibration-preparation route only,voxforge_ru_mdc_2026_05:contributor:4addb0d86cbd710c1b825311d1629d29238a16a06c177c4d8e44f1f685caf86f,ru_0060,ac182ebe981e0bcca10e52fe3206cb47332dd50cb53ad51251c055e8abe58739,6.5,,,,,,unknown,voxforge_submission_read_speech,16000,wav,none,,2026-08-15T14:00:00+06:00
voxforge_ru_mdc_2026_05_v4_calibration_espeakng:863fe21e4f780f35,processed/v4/xlsr_sls_model_v4_calibration_materialization_v1/spoof/30/3003f1c911ca71d12369410e1d50be66ee4fb67d40cc3735e4b372ac3940a751.wav,6a5ec448769b3b041149c3511c5a04686045dfb4b770a2b8231e1c939457693e,test,spoof,ru,unknown,voxforge_ru_mdc_2026_05_v4_calibration_espeakng:text-only:espeakng_russian_formant:ru:w150:p35:a100,voxforge_ru_mdc_2026_05_v4_calibration_espeakng,VoxForge GPL-3.0-or-later text; eSpeak NG GPL-3.0-or-later; bundled Ubuntu runtime packages retain their declared package licenses,"One-shot offline text-only derivative of frozen VoxForge prompt ru_0060; no reference audio, cloning, resynthesis or replacement",voxforge_ru_mdc_2026_05_v4_calibration_espeakng:synthetic-control:espeakng_russian_formant:ru:w150:p35:a100,ru_0060,ac182ebe981e0bcca10e52fe3206cb47332dd50cb53ad51251c055e8abe58739,4.369125,formant_rule_based_tts,eSpeak NG Russian formant synthesizer,eSpeak NG 1.52.0 source-4870adfa25b1a32b4361592f1be8a40337c58d6c; Ubuntu 1.52.0+dfsg-5build1 runtime packages,espeakng_russian_formant:ru:w150:p35:a100,not_applicable:text_only_formant_tts_no_reference_audio,local_cpu_espeakng_formant,offline_text_only_formant_tts,16000,wav,none,,2026-08-15T14:00:00+06:00
voxforge_ru_mdc_2026_05:submission:d5028e15fa24e97a68a6bd40c36d0a24bf9fc3fcebebc022ca0fd4e9ef27e3d1:prompt:ru_0010,processed/v4/xlsr_sls_model_v4_calibration_materialization_v1/source/7a/7a8b7ced259c46be5276b2e6da5273e6c8e218ecc7c8381fd17b24b72da09939.wav,7f0f7e30767be418bf388e8604544949d96498430fe6a5910d0aec822aca9a4d,test,bonafide,ru,unknown,voxforge_ru_mdc_2026_05:contributor:b5529fbc65bf00ae4e0c7e5b3ebb8674efd3b6d26311fb89ce027781ee6b7e21,voxforge_ru_mdc_2026_05_v4_calibration,GPL-3.0-or-later,Pinned VoxForge Russian GPL-3.0-or-later archive; one frozen local personal-research calibration-preparation route only,voxforge_ru_mdc_2026_05:contributor:b5529fbc65bf00ae4e0c7e5b3ebb8674efd3b6d26311fb89ce027781ee6b7e21,ru_0010,1d3321395e14f6cf4dd80204e2e80181721f9fb68689edbd4d5f9fcc8cfc3bba,13.375,,,,,,unknown,voxforge_submission_read_speech,16000,wav,none,,2026-08-15T14:00:00+06:00
voxforge_ru_mdc_2026_05_v4_calibration_espeakng:69b5157479ea7f4a,processed/v4/xlsr_sls_model_v4_calibration_materialization_v1/spoof/64/64abe2a76b03d8d077b59d02826517bd6366362eb3193744c02d32201ea6a340.wav,a3a9938420c7689605d5ab337d7455a6095c649af949fc8b56f4025da383e72a,test,spoof,ru,unknown,voxforge_ru_mdc_2026_05_v4_calibration_espeakng:text-only:espeakng_russian_formant:ru:w150:p50:a100,voxforge_ru_mdc_2026_05_v4_calibration_espeakng,VoxForge GPL-3.0-or-later text; eSpeak NG GPL-3.0-or-later; bundled Ubuntu runtime packages retain their declared package licenses,"One-shot offline text-only derivative of frozen VoxForge prompt ru_0010; no reference audio, cloning, resynthesis or replacement",voxforge_ru_mdc_2026_05_v4_calibration_espeakng:synthetic-control:espeakng_russian_formant:ru:w150:p50:a100,ru_0010,1d3321395e14f6cf4dd80204e2e80181721f9fb68689edbd4d5f9fcc8cfc3bba,6.650625,formant_rule_based_tts,eSpeak NG Russian formant synthesizer,eSpeak NG 1.52.0 source-4870adfa25b1a32b4361592f1be8a40337c58d6c; Ubuntu 1.52.0+dfsg-5build1 runtime packages,espeakng_russian_formant:ru:w150:p50:a100,not_applicable:text_only_formant_tts_no_reference_audio,local_cpu_espeakng_formant,offline_text_only_formant_tts,16000,wav,none,,2026-08-15T14:00:00+06:00
voxforge_ru_mdc_2026_05:submission:425edaf03f3dbe92114eeeadfbbe9357caff8686a46dc6a3b50bf36cf8232bfb:prompt:ru_0045,processed/v4/xlsr_sls_model_v4_calibration_materialization_v1/source/72/72163aa6c813159110f65ec5f9489c9313e6adbe4d11608a17a98747f84fab0e.wav,5952a4362a315a49cddf22283f68da07375255d5372f0e762a308e8078a9f438,test,bonafide,ru,unknown,voxforge_ru_mdc_2026_05:contributor:b8e2972393027e755a0f42299226d046c1002cc01901880ced15c20952249d51,voxforge_ru_mdc_2026_05_v4_calibration,GPL-3.0-or-later,Pinned VoxForge Russian GPL-3.0-or-later archive; one frozen local personal-research calibration-preparation route only,voxforge_ru_mdc_2026_05:contributor:b8e2972393027e755a0f42299226d046c1002cc01901880ced15c20952249d51,ru_0045,032ca5e9a5158ae437074ad928a40d019e66aa4f04ad21f2a3ef5acd35d1029e,4.4778125,,,,,,unknown,voxforge_submission_read_speech,16000,wav,none,,2026-08-15T14:00:00+06:00
voxforge_ru_mdc_2026_05_v4_calibration_espeakng:1c7c98d00732a5f4,processed/v4/xlsr_sls_model_v4_calibration_materialization_v1/spoof/2f/2f9bae6f4d8b6ac8324c81f377cb91e13cbba4c021b001f32faede4a9f25a715.wav,ccabffb8c4556b2d9f3c0bf41e62d88a761ad36e98a7fcd76f35e4ec9497146c,test,spoof,ru,unknown,voxforge_ru_mdc_2026_05_v4_calibration_espeakng:text-only:espeakng_russian_formant:ru:w150:p65:a100,voxforge_ru_mdc_2026_05_v4_calibration_espeakng,VoxForge GPL-3.0-or-later text; eSpeak NG GPL-3.0-or-later; bundled Ubuntu runtime packages retain their declared package licenses,"One-shot offline text-only derivative of frozen VoxForge prompt ru_0045; no reference audio, cloning, resynthesis or replacement",voxforge_ru_mdc_2026_05_v4_calibration_espeakng:synthetic-control:espeakng_russian_formant:ru:w150:p65:a100,ru_0045,032ca5e9a5158ae437074ad928a40d019e66aa4f04ad21f2a3ef5acd35d1029e,3.567125,formant_rule_based_tts,eSpeak NG Russian formant synthesizer,eSpeak NG 1.52.0 source-4870adfa25b1a32b4361592f1be8a40337c58d6c; Ubuntu 1.52.0+dfsg-5build1 runtime packages,espeakng_russian_formant:ru:w150:p65:a100,not_applicable:text_only_formant_tts_no_reference_audio,local_cpu_espeakng_formant,offline_text_only_formant_tts,16000,wav,none,,2026-08-15T14:00:00+06:00
voxforge_ru_mdc_2026_05:submission:fbb515a559bc39c9986ee2df9977154bacafea379b8286cea2f0f0b8375f5571:prompt:ru_0074,processed/v4/xlsr_sls_model_v4_calibration_materialization_v1/source/d5/d5036bf9b64bbc8567d23cacd15ef59ebea158c775d306f7cb2d550fe487a671.wav,da2d07e60dc5497a29147c505e2fd16a564e2d34be8fff59b69ad4f7c2d84ac7,test,bonafide,ru,unknown,voxforge_ru_mdc_2026_05:contributor:f5c452f96f0ce100a77a2e055dac0b08b8c48abaea9927cbe05a26afb9cba201,voxforge_ru_mdc_2026_05_v4_calibration,GPL-3.0-or-later,Pinned VoxForge Russian GPL-3.0-or-later archive; one frozen local personal-research calibration-preparation route only,voxforge_ru_mdc_2026_05:contributor:f5c452f96f0ce100a77a2e055dac0b08b8c48abaea9927cbe05a26afb9cba201,ru_0074,e7248db87c91831fcc43bf245ca2f16e591b8e859ed71d95e910a0457e47bacf,6.125,,,,,,unknown,voxforge_submission_read_speech,16000,wav,none,,2026-08-15T14:00:00+06:00
voxforge_ru_mdc_2026_05_v4_calibration_espeakng:a13963834850bd6e,processed/v4/xlsr_sls_model_v4_calibration_materialization_v1/spoof/87/877f3352f329e65e5adc7bc2dc48a70b7cb2751eec94d8a11a0a9288b56525b7.wav,fbdb5df22979fe70bac8296aa307e3f36064ff20e3d33b0006b063eaaf2152a1,test,spoof,ru,unknown,voxforge_ru_mdc_2026_05_v4_calibration_espeakng:text-only:espeakng_russian_formant:ru:w175:p35:a100,voxforge_ru_mdc_2026_05_v4_calibration_espeakng,VoxForge GPL-3.0-or-later text; eSpeak NG GPL-3.0-or-later; bundled Ubuntu runtime packages retain their declared package licenses,"One-shot offline text-only derivative of frozen VoxForge prompt ru_0074; no reference audio, cloning, resynthesis or replacement",voxforge_ru_mdc_2026_05_v4_calibration_espeakng:synthetic-control:espeakng_russian_formant:ru:w175:p35:a100,ru_0074,e7248db87c91831fcc43bf245ca2f16e591b8e859ed71d95e910a0457e47bacf,3.4344375,formant_rule_based_tts,eSpeak NG Russian formant synthesizer,eSpeak NG 1.52.0 source-4870adfa25b1a32b4361592f1be8a40337c58d6c; Ubuntu 1.52.0+dfsg-5build1 runtime packages,espeakng_russian_formant:ru:w175:p35:a100,not_applicable:text_only_formant_tts_no_reference_audio,local_cpu_espeakng_formant,offline_text_only_formant_tts,16000,wav,none,,2026-08-15T14:00:00+06:00
voxforge_ru_mdc_2026_05:submission:e5bd1f75fa42b101d54885dced0ae738aa4f7d12b1bdd10f5a2ef0cebcabdae9:prompt:ru_0032,processed/v4/xlsr_sls_model_v4_calibration_materialization_v1/source/96/96d8d7c844788ec46cd60b90c52a706c3c8acd5d3051e3c495b97360b08494b8.wav,6c791f7346bca194e651a84c3b3c37f6d2556bdc133c221278975ee8f5413234,test,bonafide,ru,unknown,voxforge_ru_mdc_2026_05:contributor:8159dade37bcbe3e24e12492dfb37b02abe3e1a6b2763339e0f0ab3b4c6f87d2,voxforge_ru_mdc_2026_05_v4_calibration,GPL-3.0-or-later,Pinned VoxForge Russian GPL-3.0-or-later archive; one frozen local personal-research calibration-preparation route only,voxforge_ru_mdc_2026_05:contributor:8159dade37bcbe3e24e12492dfb37b02abe3e1a6b2763339e0f0ab3b4c6f87d2,ru_0032,c7f27a664bf689206a491808c99d548552fc5c0bfe2fabc6971e653728102da3,7.125,,,,,,unknown,voxforge_submission_read_speech,16000,wav,none,,2026-08-15T14:00:00+06:00
voxforge_ru_mdc_2026_05_v4_calibration_espeakng:3ee23af1c39f7054,processed/v4/xlsr_sls_model_v4_calibration_materialization_v1/spoof/19/1918a8e15ccd6d67ad08de0b6c19bcfec4bfb5c2095f3510fbc70d209a37d5c5.wav,efc7e0d998221a054279673290798bfe42b80d7890659caf0227b0d3e57906d2,test,spoof,ru,unknown,voxforge_ru_mdc_2026_05_v4_calibration_espeakng:text-only:espeakng_russian_formant:ru:w175:p50:a100,voxforge_ru_mdc_2026_05_v4_calibration_espeakng,VoxForge GPL-3.0-or-later text; eSpeak NG GPL-3.0-or-later; bundled Ubuntu runtime packages retain their declared package licenses,"One-shot offline text-only derivative of frozen VoxForge prompt ru_0032; no reference audio, cloning, resynthesis or replacement",voxforge_ru_mdc_2026_05_v4_calibration_espeakng:synthetic-control:espeakng_russian_formant:ru:w175:p50:a100,ru_0032,c7f27a664bf689206a491808c99d548552fc5c0bfe2fabc6971e653728102da3,4.8884375,formant_rule_based_tts,eSpeak NG Russian formant synthesizer,eSpeak NG 1.52.0 source-4870adfa25b1a32b4361592f1be8a40337c58d6c; Ubuntu 1.52.0+dfsg-5build1 runtime packages,espeakng_russian_formant:ru:w175:p50:a100,not_applicable:text_only_formant_tts_no_reference_audio,local_cpu_espeakng_formant,offline_text_only_formant_tts,16000,wav,none,,2026-08-15T14:00:00+06:00
voxforge_ru_mdc_2026_05:submission:0e87fd37e89a7a62ac1624d508b1b68fdc560badcd7a6d6c3f55e1dc78746869:prompt:ru_0061,processed/v4/xlsr_sls_model_v4_calibration_materialization_v1/source/b4/b485871b84ec5ce0b49e453c79a45a3d98f71009b928fe19c4db4b4df9c2e8fb.wav,a1b8bdb3115be9b4c9ba96edff38e98ecec7ad63f7993c815141eb8ea187db31,test,bonafide,ru,unknown,voxforge_ru_mdc_2026_05:contributor:6dc575441175efbe8008f86dd9681e844c837e1bda6de44f495d17d87c1cb8f4,voxforge_ru_mdc_2026_05_v4_calibration,GPL-3.0-or-later,Pinned VoxForge Russian GPL-3.0-or-later archive; one frozen local personal-research calibration-preparation route only,voxforge_ru_mdc_2026_05:contributor:6dc575441175efbe8008f86dd9681e844c837e1bda6de44f495d17d87c1cb8f4,ru_0061,51f49e40ff35268f3deaba5947d47f94be79a53f8572fe4b9239fba76960943c,7.936,,,,,,unknown,voxforge_submission_read_speech,16000,wav,none,,2026-08-15T14:00:00+06:00
voxforge_ru_mdc_2026_05_v4_calibration_espeakng:fcf8a53cf78892cc,processed/v4/xlsr_sls_model_v4_calibration_materialization_v1/spoof/84/84e5b1655b80707355974340b6aa3f1d0ac3f8932efd8478b3330fff19ebdcb1.wav,3c591d16b4fc8120a1abe9130b7d3432ef9453811d12a3777085d86d0dbe7939,test,spoof,ru,unknown,voxforge_ru_mdc_2026_05_v4_calibration_espeakng:text-only:espeakng_russian_formant:ru:w175:p65:a100,voxforge_ru_mdc_2026_05_v4_calibration_espeakng,VoxForge GPL-3.0-or-later text; eSpeak NG GPL-3.0-or-later; bundled Ubuntu runtime packages retain their declared package licenses,"One-shot offline text-only derivative of frozen VoxForge prompt ru_0061; no reference audio, cloning, resynthesis or replacement",voxforge_ru_mdc_2026_05_v4_calibration_espeakng:synthetic-control:espeakng_russian_formant:ru:w175:p65:a100,ru_0061,51f49e40ff35268f3deaba5947d47f94be79a53f8572fe4b9239fba76960943c,4.5376875,formant_rule_based_tts,eSpeak NG Russian formant synthesizer,eSpeak NG 1.52.0 source-4870adfa25b1a32b4361592f1be8a40337c58d6c; Ubuntu 1.52.0+dfsg-5build1 runtime packages,espeakng_russian_formant:ru:w175:p65:a100,not_applicable:text_only_formant_tts_no_reference_audio,local_cpu_espeakng_formant,offline_text_only_formant_tts,16000,wav,none,,2026-08-15T14:00:00+06:00
voxforge_ru_mdc_2026_05:submission:61004bb7a4b2d8c3dfa02057d003f7f225cd1f77eebbfba02ea83f004aebfe7d:prompt:ru_0022,processed/v4/xlsr_sls_model_v4_calibration_materialization_v1/source/de/de7eab1dcd81048bc84fecd75bc80902e9e35854a8914b3386dc00f028f08e14.wav,c390173fd75f6b0e8f0647e0a6ac124f451aa62c9f066f453fd475105f0bd596,test,bonafide,ru,unknown,voxforge_ru_mdc_2026_05:contributor:55e1fc20a36ee5df82ffd03b58074925ba6eaa37fceb49f7e0eac22c11153630,voxforge_ru_mdc_2026_05_v4_calibration,GPL-3.0-or-later,Pinned VoxForge Russian GPL-3.0-or-later archive; one frozen local personal-research calibration-preparation route only,voxforge_ru_mdc_2026_05:contributor:55e1fc20a36ee5df82ffd03b58074925ba6eaa37fceb49f7e0eac22c11153630,ru_0022,82e193a30845e7f5e6ce30cf7b7d54e3cde9ded4cf5716d45a99e99b9ca94a5c,6.0586875,,,,,,unknown,voxforge_submission_read_speech,16000,wav,none,,2026-08-15T14:00:00+06:00
voxforge_ru_mdc_2026_05_v4_calibration_espeakng:8b8e00a436b65329,processed/v4/xlsr_sls_model_v4_calibration_materialization_v1/spoof/0f/0fd5d9a5c38ccfb29ce5df6abdcc4909d79ff942749ab88116d796085a7e300b.wav,abe00ff3f2a88608dd9fb97624d83918548f5e86a231527bc0b2b24cbb6f36b7,test,spoof,ru,unknown,voxforge_ru_mdc_2026_05_v4_calibration_espeakng:text-only:espeakng_russian_formant:ru:w200:p35:a100,voxforge_ru_mdc_2026_05_v4_calibration_espeakng,VoxForge GPL-3.0-or-later text; eSpeak NG GPL-3.0-or-later; bundled Ubuntu runtime packages retain their declared package licenses,"One-shot offline text-only derivative of frozen VoxForge prompt ru_0022; no reference audio, cloning, resynthesis or replacement",voxforge_ru_mdc_2026_05_v4_calibration_espeakng:synthetic-control:espeakng_russian_formant:ru:w200:p35:a100,ru_0022,82e193a30845e7f5e6ce30cf7b7d54e3cde9ded4cf5716d45a99e99b9ca94a5c,3.10575,formant_rule_based_tts,eSpeak NG Russian formant synthesizer,eSpeak NG 1.52.0 source-4870adfa25b1a32b4361592f1be8a40337c58d6c; Ubuntu 1.52.0+dfsg-5build1 runtime packages,espeakng_russian_formant:ru:w200:p35:a100,not_applicable:text_only_formant_tts_no_reference_audio,local_cpu_espeakng_formant,offline_text_only_formant_tts,16000,wav,none,,2026-08-15T14:00:00+06:00
voxforge_ru_mdc_2026_05:submission:93d5c6dba90626f8ab6eb73f97001c75d03fe66f9ff2b3b23a450791e75739c5:prompt:ru_0089,processed/v4/xlsr_sls_model_v4_calibration_materialization_v1/source/46/4666651da66bb2c028d13a83370df72236ba6b7f82e335f63bb5b21855b8cb6a.wav,de8c3558ef22b856160c51f3ffc8a5d25ff562aa9cd4a9a3e803bb97c8e6c5a4,test,bonafide,ru,unknown,voxforge_ru_mdc_2026_05:contributor:8e43263f3e05865e8b1988658f3397a3e751ac4dd7fc3b004f88c2557526206d,voxforge_ru_mdc_2026_05_v4_calibration,GPL-3.0-or-later,Pinned VoxForge Russian GPL-3.0-or-later archive; one frozen local personal-research calibration-preparation route only,voxforge_ru_mdc_2026_05:contributor:8e43263f3e05865e8b1988658f3397a3e751ac4dd7fc3b004f88c2557526206d,ru_0089,c529e596c7caf3bbad0994bcfe95f166275241307470699b118d6be6bb634e03,8.984375,,,,,,unknown,voxforge_submission_read_speech,16000,wav,none,,2026-08-15T14:00:00+06:00
voxforge_ru_mdc_2026_05_v4_calibration_espeakng:25dde8a25cab41db,processed/v4/xlsr_sls_model_v4_calibration_materialization_v1/spoof/dd/dd5b3af85a9de2eeefb58fc39dffc1821bbe8c8315f0032f0d17154985ae544c.wav,d3f95ea7578855671d71481f8b1bf93c264f10bcb65954f619beb87589c042e5,test,spoof,ru,unknown,voxforge_ru_mdc_2026_05_v4_calibration_espeakng:text-only:espeakng_russian_formant:ru:w200:p50:a100,voxforge_ru_mdc_2026_05_v4_calibration_espeakng,VoxForge GPL-3.0-or-later text; eSpeak NG GPL-3.0-or-later; bundled Ubuntu runtime packages retain their declared package licenses,"One-shot offline text-only derivative of frozen VoxForge prompt ru_0089; no reference audio, cloning, resynthesis or replacement",voxforge_ru_mdc_2026_05_v4_calibration_espeakng:synthetic-control:espeakng_russian_formant:ru:w200:p50:a100,ru_0089,c529e596c7caf3bbad0994bcfe95f166275241307470699b118d6be6bb634e03,7.3346875,formant_rule_based_tts,eSpeak NG Russian formant synthesizer,eSpeak NG 1.52.0 source-4870adfa25b1a32b4361592f1be8a40337c58d6c; Ubuntu 1.52.0+dfsg-5build1 runtime packages,espeakng_russian_formant:ru:w200:p50:a100,not_applicable:text_only_formant_tts_no_reference_audio,local_cpu_espeakng_formant,offline_text_only_formant_tts,16000,wav,none,,2026-08-15T14:00:00+06:00
voxforge_ru_mdc_2026_05:submission:86024b91b0f41fe2b0598d130945a674ac5b16af7d23b946bb3d34c73a4d9243:prompt:ru_0067,processed/v4/xlsr_sls_model_v4_calibration_materialization_v1/source/58/58480f96e1d90d9d0ba6cc4f2930a30680139d0a958f4dcae7918f3788f6046c.wav,bf84ad1cb9d2e8721fb924602103e07c3040d2eea265e490ab773c31b1795aea,test,bonafide,ru,unknown,voxforge_ru_mdc_2026_05:contributor:8ea7d98fd057ff75530c59cd707ba4c51405db76c09db6c2bd47043c320c05e3,voxforge_ru_mdc_2026_05_v4_calibration,GPL-3.0-or-later,Pinned VoxForge Russian GPL-3.0-or-later archive; one frozen local personal-research calibration-preparation route only,voxforge_ru_mdc_2026_05:contributor:8ea7d98fd057ff75530c59cd707ba4c51405db76c09db6c2bd47043c320c05e3,ru_0067,8f7df5c51ee628af08533c2cca6111c2e4ce6774c999af4c4614920a3e8891d6,9.1306875,,,,,,unknown,voxforge_submission_read_speech,16000,wav,none,,2026-08-15T14:00:00+06:00
voxforge_ru_mdc_2026_05_v4_calibration_espeakng:e087f5cdd16fe5c0,processed/v4/xlsr_sls_model_v4_calibration_materialization_v1/spoof/89/89a1acb8c11b399eb97e63fecc78192cf999aa22edcca32c230f4b4a1f011460.wav,70fe81a77870afe2051cd1ad4dad61c813e06aeb44b68c8b52af1bd177dcd3b2,test,spoof,ru,unknown,voxforge_ru_mdc_2026_05_v4_calibration_espeakng:text-only:espeakng_russian_formant:ru:w200:p65:a100,voxforge_ru_mdc_2026_05_v4_calibration_espeakng,VoxForge GPL-3.0-or-later text; eSpeak NG GPL-3.0-or-later; bundled Ubuntu runtime packages retain their declared package licenses,"One-shot offline text-only derivative of frozen VoxForge prompt ru_0067; no reference audio, cloning, resynthesis or replacement",voxforge_ru_mdc_2026_05_v4_calibration_espeakng:synthetic-control:espeakng_russian_formant:ru:w200:p65:a100,ru_0067,8f7df5c51ee628af08533c2cca6111c2e4ce6774c999af4c4614920a3e8891d6,5.1296875,formant_rule_based_tts,eSpeak NG Russian formant synthesizer,eSpeak NG 1.52.0 source-4870adfa25b1a32b4361592f1be8a40337c58d6c; Ubuntu 1.52.0+dfsg-5build1 runtime packages,espeakng_russian_formant:ru:w200:p65:a100,not_applicable:text_only_formant_tts_no_reference_audio,local_cpu_espeakng_formant,offline_text_only_formant_tts,16000,wav,none,,2026-08-15T14:00:00+06:00
voxforge_ru_mdc_2026_05:submission:4d3e322a6ccc7e447ca8f8e66039473dba4fd1134774669de1157801513ad59e:prompt:ru_0038,processed/v4/xlsr_sls_model_v4_calibration_materialization_v1/source/5c/5c8a1f42dd94f96c278b9d65f24cfe92eda3f6f87372e05aff806b6657080691.wav,b6f1c0304e903a7737e979840dc6549c29204116f599823d136d0d09b0dbc230,test,bonafide,ru,unknown,voxforge_ru_mdc_2026_05:contributor:875f4597925153f875557049caeccad3b63b5251dffc7c9f03ddc01bc3e6a9c0,voxforge_ru_mdc_2026_05_v4_calibration,GPL-3.0-or-later,Pinned VoxForge Russian GPL-3.0-or-later archive; one frozen local personal-research calibration-preparation route only,voxforge_ru_mdc_2026_05:contributor:875f4597925153f875557049caeccad3b63b5251dffc7c9f03ddc01bc3e6a9c0,ru_0038,7d9dcdbb3d568f0fd47492434849cdaafd24bffc10d4ceb0628bc1d65c5e2db8,7.375,,,,,,unknown,voxforge_submission_read_speech,16000,wav,none,,2026-08-15T14:00:00+06:00
voxforge_ru_mdc_2026_05_v4_calibration_espeakng:19936b3627de4b4b,processed/v4/xlsr_sls_model_v4_calibration_materialization_v1/spoof/c6/c6d81b7ea766d7447153d65dc2cfb48db7041c737fdf4c2f646e0459b4b8271f.wav,583fb251818e4e6cb1830744e781d87fe03fbfc3893d655c4827ce3630cf0bbe,test,spoof,ru,unknown,voxforge_ru_mdc_2026_05_v4_calibration_espeakng:text-only:espeakng_russian_formant:ru:w225:p50:a100,voxforge_ru_mdc_2026_05_v4_calibration_espeakng,VoxForge GPL-3.0-or-later text; eSpeak NG GPL-3.0-or-later; bundled Ubuntu runtime packages retain their declared package licenses,"One-shot offline text-only derivative of frozen VoxForge prompt ru_0038; no reference audio, cloning, resynthesis or replacement",voxforge_ru_mdc_2026_05_v4_calibration_espeakng:synthetic-control:espeakng_russian_formant:ru:w225:p50:a100,ru_0038,7d9dcdbb3d568f0fd47492434849cdaafd24bffc10d4ceb0628bc1d65c5e2db8,3.1673125,formant_rule_based_tts,eSpeak NG Russian formant synthesizer,eSpeak NG 1.52.0 source-4870adfa25b1a32b4361592f1be8a40337c58d6c; Ubuntu 1.52.0+dfsg-5build1 runtime packages,espeakng_russian_formant:ru:w225:p50:a100,not_applicable:text_only_formant_tts_no_reference_audio,local_cpu_espeakng_formant,offline_text_only_formant_tts,16000,wav,none,,2026-08-15T14:00:00+06:00
voxforge_ru_mdc_2026_05:submission:cbdb0ed0edf32da3bbaa3031d08b2fa8ac45354a1a9b999b1c397ae811c24176:prompt:ru_0002,processed/v4/xlsr_sls_model_v4_calibration_materialization_v1/source/bd/bd946de572dd3fb06e736aaac8284bbc0995661908e89164833c2f0005f8d11d.wav,1b48d27d125adca34464e2078140ce169d7a5fa93a93746e08a966b8f43a4bdf,test,bonafide,ru,unknown,voxforge_ru_mdc_2026_05:contributor:c27787db950a6252294fa6973d0ba7d76bfa401ff9c9e98167db067e4b8af989,voxforge_ru_mdc_2026_05_v4_calibration,GPL-3.0-or-later,Pinned VoxForge Russian GPL-3.0-or-later archive; one frozen local personal-research calibration-preparation route only,voxforge_ru_mdc_2026_05:contributor:c27787db950a6252294fa6973d0ba7d76bfa401ff9c9e98167db067e4b8af989,ru_0002,5813e5d263dc78bd7f6ea27b22877e0aa4551fd50ff4384358b10efdb1e8fbe1,10.5,,,,,,unknown,voxforge_submission_read_speech,16000,wav,none,,2026-08-15T14:00:00+06:00
voxforge_ru_mdc_2026_05_v4_calibration_espeakng:ff8e4c5da4003e78,processed/v4/xlsr_sls_model_v4_calibration_materialization_v1/spoof/20/20045fad865b179149638c43f5de70473f5baf48cd67e2f762265de5980b43f6.wav,58d22778b58d4666a2f01df790197daf88f21c87ea4fee3e9fcc1c46182df021,test,spoof,ru,unknown,voxforge_ru_mdc_2026_05_v4_calibration_espeakng:text-only:espeakng_russian_formant:ru:w225:p65:a100,voxforge_ru_mdc_2026_05_v4_calibration_espeakng,VoxForge GPL-3.0-or-later text; eSpeak NG GPL-3.0-or-later; bundled Ubuntu runtime packages retain their declared package licenses,"One-shot offline text-only derivative of frozen VoxForge prompt ru_0002; no reference audio, cloning, resynthesis or replacement",voxforge_ru_mdc_2026_05_v4_calibration_espeakng:synthetic-control:espeakng_russian_formant:ru:w225:p65:a100,ru_0002,5813e5d263dc78bd7f6ea27b22877e0aa4551fd50ff4384358b10efdb1e8fbe1,4.06725,formant_rule_based_tts,eSpeak NG Russian formant synthesizer,eSpeak NG 1.52.0 source-4870adfa25b1a32b4361592f1be8a40337c58d6c; Ubuntu 1.52.0+dfsg-5build1 runtime packages,espeakng_russian_formant:ru:w225:p65:a100,not_applicable:text_only_formant_tts_no_reference_audio,local_cpu_espeakng_formant,offline_text_only_formant_tts,16000,wav,none,,2026-08-15T14:00:00+06:00
voxforge_ru_mdc_2026_05:submission:cc00b633470eb6e0b5808506821b6153e977f38705c22e468903e2032aa2ec0a:prompt:ru_0011,processed/v4/xlsr_sls_model_v4_calibration_materialization_v1/source/3b/3be4e4c2c666696bacfee72334a5978e34c72311424b7f093c9b2589d307bb8c.wav,807126f45e235b35e560d53a1eedcd419c3f17429a242d093b130ffe386468b1,test,bonafide,ru,unknown,voxforge_ru_mdc_2026_05:contributor:d5c27db0dada30212f6a858f1264c62268e703e97d4cc5dccebf073eaa6f439d,voxforge_ru_mdc_2026_05_v4_calibration,GPL-3.0-or-later,Pinned VoxForge Russian GPL-3.0-or-later archive; one frozen local personal-research calibration-preparation route only,voxforge_ru_mdc_2026_05:contributor:d5c27db0dada30212f6a858f1264c62268e703e97d4cc5dccebf073eaa6f439d,ru_0011,a136a92fa2c422d8607d769be2e121b0e8e9203e87c59d8a4c5f5e58c755ca0d,13.875,,,,,,unknown,voxforge_submission_read_speech,16000,wav,none,,2026-08-15T14:00:00+06:00
voxforge_ru_mdc_2026_05_v4_calibration_espeakng:cfdce3afe62c6781,processed/v4/xlsr_sls_model_v4_calibration_materialization_v1/spoof/7b/7b9a19847d8c8a4dcfe54609417544ee89c458d59e1794e46199f03c10e16612.wav,dc573f33c87ed4dbdd0cdc667e6d5de308cfd902f77cdc518101e511477f4750,test,spoof,ru,unknown,voxforge_ru_mdc_2026_05_v4_calibration_espeakng:text-only:espeakng_russian_formant:ru:w150:p35:a100,voxforge_ru_mdc_2026_05_v4_calibration_espeakng,VoxForge GPL-3.0-or-later text; eSpeak NG GPL-3.0-or-later; bundled Ubuntu runtime packages retain their declared package licenses,"One-shot offline text-only derivative of frozen VoxForge prompt ru_0011; no reference audio, cloning, resynthesis or replacement",voxforge_ru_mdc_2026_05_v4_calibration_espeakng:synthetic-control:espeakng_russian_formant:ru:w150:p35:a100,ru_0011,a136a92fa2c422d8607d769be2e121b0e8e9203e87c59d8a4c5f5e58c755ca0d,9.411875,formant_rule_based_tts,eSpeak NG Russian formant synthesizer,eSpeak NG 1.52.0 source-4870adfa25b1a32b4361592f1be8a40337c58d6c; Ubuntu 1.52.0+dfsg-5build1 runtime packages,espeakng_russian_formant:ru:w150:p35:a100,not_applicable:text_only_formant_tts_no_reference_audio,local_cpu_espeakng_formant,offline_text_only_formant_tts,16000,wav,none,,2026-08-15T14:00:00+06:00
voxforge_ru_mdc_2026_05:submission:1c04a50025f3fc6a2db38d86e276564f0fc20aca25505e034902bbefb37e6769:prompt:ru_0018,processed/v4/xlsr_sls_model_v4_calibration_materialization_v1/source/bb/bb8629d2dff0aeff52adbaaea4b0afdb597536f558e030acae6c5af52830f5e1.wav,37f7bb2c60e4404263d33e22aae112a43a761acf53dca7381f7b1c3c20ae1f7a,test,bonafide,ru,unknown,voxforge_ru_mdc_2026_05:contributor:29a669940f66f7d5d5539801dc422018a92d4799060e2c576d9a30887eba605a,voxforge_ru_mdc_2026_05_v4_calibration,GPL-3.0-or-later,Pinned VoxForge Russian GPL-3.0-or-later archive; one frozen local personal-research calibration-preparation route only,voxforge_ru_mdc_2026_05:contributor:29a669940f66f7d5d5539801dc422018a92d4799060e2c576d9a30887eba605a,ru_0018,286614b3819c9eb4188c30460b1c8dc4762b6bda439f7244374251831082144a,4.75,,,,,,unknown,voxforge_submission_read_speech,16000,wav,none,,2026-08-15T14:00:00+06:00
voxforge_ru_mdc_2026_05_v4_calibration_espeakng:9480eca56455a541,processed/v4/xlsr_sls_model_v4_calibration_materialization_v1/spoof/04/043116136de52055bd9207e4c22770aac904730cb2bb0323727857b57601794e.wav,b1a1272022ccf9ab577e122894d6b13365e1eb520579e3eb8d8d9540a2895f72,test,spoof,ru,unknown,voxforge_ru_mdc_2026_05_v4_calibration_espeakng:text-only:espeakng_russian_formant:ru:w150:p50:a100,voxforge_ru_mdc_2026_05_v4_calibration_espeakng,VoxForge GPL-3.0-or-later text; eSpeak NG GPL-3.0-or-later; bundled Ubuntu runtime packages retain their declared package licenses,"One-shot offline text-only derivative of frozen VoxForge prompt ru_0018; no reference audio, cloning, resynthesis or replacement",voxforge_ru_mdc_2026_05_v4_calibration_espeakng:synthetic-control:espeakng_russian_formant:ru:w150:p50:a100,ru_0018,286614b3819c9eb4188c30460b1c8dc4762b6bda439f7244374251831082144a,3.8478125,formant_rule_based_tts,eSpeak NG Russian formant synthesizer,eSpeak NG 1.52.0 source-4870adfa25b1a32b4361592f1be8a40337c58d6c; Ubuntu 1.52.0+dfsg-5build1 runtime packages,espeakng_russian_formant:ru:w150:p50:a100,not_applicable:text_only_formant_tts_no_reference_audio,local_cpu_espeakng_formant,offline_text_only_formant_tts,16000,wav,none,,2026-08-15T14:00:00+06:00
voxforge_ru_mdc_2026_05:submission:95fda0d488ee6b73835e047cbf6ae82a5fb1e399b1d6231a1ee539df999d3656:prompt:ru_0017,processed/v4/xlsr_sls_model_v4_calibration_materialization_v1/source/ee/ee62c926b73907eae42e649e8cd42ae9d98c53c2c83351596019192afc345ed9.wav,1df9c10eb9a879521ac78d593cedc5a975f0861665b601da9c86127d8064734a,test,bonafide,ru,unknown,voxforge_ru_mdc_2026_05:contributor:ac65857d490f462730c69a829b64fcc1c6119ee83b3ce2497d3bceb6a631c877,voxforge_ru_mdc_2026_05_v4_calibration,GPL-3.0-or-later,Pinned VoxForge Russian GPL-3.0-or-later archive; one frozen local personal-research calibration-preparation route only,voxforge_ru_mdc_2026_05:contributor:ac65857d490f462730c69a829b64fcc1c6119ee83b3ce2497d3bceb6a631c877,ru_0017,6a4e6616041d4bd992e610faa136f8292474a422e53bbb581c18ece388f1507f,7.75,,,,,,unknown,voxforge_submission_read_speech,16000,wav,none,,2026-08-15T14:00:00+06:00
voxforge_ru_mdc_2026_05_v4_calibration_espeakng:ddecde21ab6be00d,processed/v4/xlsr_sls_model_v4_calibration_materialization_v1/spoof/a2/a26c4118fa9b7b22004cb33a8ef328ecb3aa38de68c7a790e0370033ca9c8ae7.wav,54d33f3a52b5d987d7556398e3ef796b9270d10e0dd6d8681f6b4e40d68a4d58,test,spoof,ru,unknown,voxforge_ru_mdc_2026_05_v4_calibration_espeakng:text-only:espeakng_russian_formant:ru:w150:p65:a100,voxforge_ru_mdc_2026_05_v4_calibration_espeakng,VoxForge GPL-3.0-or-later text; eSpeak NG GPL-3.0-or-later; bundled Ubuntu runtime packages retain their declared package licenses,"One-shot offline text-only derivative of frozen VoxForge prompt ru_0017; no reference audio, cloning, resynthesis or replacement",voxforge_ru_mdc_2026_05_v4_calibration_espeakng:synthetic-control:espeakng_russian_formant:ru:w150:p65:a100,ru_0017,6a4e6616041d4bd992e610faa136f8292474a422e53bbb581c18ece388f1507f,5.83125,formant_rule_based_tts,eSpeak NG Russian formant synthesizer,eSpeak NG 1.52.0 source-4870adfa25b1a32b4361592f1be8a40337c58d6c; Ubuntu 1.52.0+dfsg-5build1 runtime packages,espeakng_russian_formant:ru:w150:p65:a100,not_applicable:text_only_formant_tts_no_reference_audio,local_cpu_espeakng_formant,offline_text_only_formant_tts,16000,wav,none,,2026-08-15T14:00:00+06:00
voxforge_ru_mdc_2026_05:submission:45e4e0c6b8d40d7f40e959b5fe9c07cfc976b674cd395ae2a8bd4415a3c42ab7:prompt:ru_0055,processed/v4/xlsr_sls_model_v4_calibration_materialization_v1/source/83/837c6aa0cf623ae750a1184d7c36b2353ffac27744dcf36788d2a6de288870e5.wav,792a8a2e0be78f005a64e4cdb660d7fb2f89faff73a5fdc5c9e10ec8feef7553,test,bonafide,ru,unknown,voxforge_ru_mdc_2026_05:contributor:5d5a47eb8b9fbeb70d0d9eaadda09cb906c78e0ab9e26b51a47a44610e9d00d8,voxforge_ru_mdc_2026_05_v4_calibration,GPL-3.0-or-later,Pinned VoxForge Russian GPL-3.0-or-later archive; one frozen local personal-research calibration-preparation route only,voxforge_ru_mdc_2026_05:contributor:5d5a47eb8b9fbeb70d0d9eaadda09cb906c78e0ab9e26b51a47a44610e9d00d8,ru_0055,bbbca0513088b2174fb5c5374785740ccc8a98fd72162bc95e993716f8bc272d,12.5,,,,,,unknown,voxforge_submission_read_speech,16000,wav,none,,2026-08-15T14:00:00+06:00
voxforge_ru_mdc_2026_05_v4_calibration_espeakng:3c04b5ba9c01b03b,processed/v4/xlsr_sls_model_v4_calibration_materialization_v1/spoof/f0/f0d48224530fbd14d3614e0e0446473493c3ac577eea27e50fe4be09226813c0.wav,fa6f8f651ee8acb95f70c51d0e440d4b5b3b4db4a9d6e699b9416a51b591894e,test,spoof,ru,unknown,voxforge_ru_mdc_2026_05_v4_calibration_espeakng:text-only:espeakng_russian_formant:ru:w175:p35:a100,voxforge_ru_mdc_2026_05_v4_calibration_espeakng,VoxForge GPL-3.0-or-later text; eSpeak NG GPL-3.0-or-later; bundled Ubuntu runtime packages retain their declared package licenses,"One-shot offline text-only derivative of frozen VoxForge prompt ru_0055; no reference audio, cloning, resynthesis or replacement",voxforge_ru_mdc_2026_05_v4_calibration_espeakng:synthetic-control:espeakng_russian_formant:ru:w175:p35:a100,ru_0055,bbbca0513088b2174fb5c5374785740ccc8a98fd72162bc95e993716f8bc272d,6.685875,formant_rule_based_tts,eSpeak NG Russian formant synthesizer,eSpeak NG 1.52.0 source-4870adfa25b1a32b4361592f1be8a40337c58d6c; Ubuntu 1.52.0+dfsg-5build1 runtime packages,espeakng_russian_formant:ru:w175:p35:a100,not_applicable:text_only_formant_tts_no_reference_audio,local_cpu_espeakng_formant,offline_text_only_formant_tts,16000,wav,none,,2026-08-15T14:00:00+06:00
voxforge_ru_mdc_2026_05:submission:13b7e61c44ba8570be71aa0c37beaeea0c6c3c728f66019eb18202f5e871ba9d:prompt:ru_0052,processed/v4/xlsr_sls_model_v4_calibration_materialization_v1/source/ec/ec286d39b531c943581a1c571600b5810793d345c9b6dc73bc444635898b8f70.wav,fe09d91c0feeeddf95482171d7035a087cb08dbd3e19d1baf5c618413af7b036,test,bonafide,ru,unknown,voxforge_ru_mdc_2026_05:contributor:8bddffd40b7806469fc88e2c8bb1cd6990e6761f58f9e42215c4e3085b02bcae,voxforge_ru_mdc_2026_05_v4_calibration,GPL-3.0-or-later,Pinned VoxForge Russian GPL-3.0-or-later archive; one frozen local personal-research calibration-preparation route only,voxforge_ru_mdc_2026_05:contributor:8bddffd40b7806469fc88e2c8bb1cd6990e6761f58f9e42215c4e3085b02bcae,ru_0052,e2259b7007fef6c3106e0bd6395cedd4c1c086912fa7a17f2ce3637ba0744990,6.625,,,,,,unknown,voxforge_submission_read_speech,16000,wav,none,,2026-08-15T14:00:00+06:00
voxforge_ru_mdc_2026_05_v4_calibration_espeakng:12fbf36b24978f84,processed/v4/xlsr_sls_model_v4_calibration_materialization_v1/spoof/33/331c6b86498c468ce6250cc2ae839b6377a6573263aa0875157b7c2c3e566040.wav,e71580235aeaa8d8137ae4de971108d5410fdcff0f8e2c1289e8c1f6f066eb92,test,spoof,ru,unknown,voxforge_ru_mdc_2026_05_v4_calibration_espeakng:text-only:espeakng_russian_formant:ru:w175:p50:a100,voxforge_ru_mdc_2026_05_v4_calibration_espeakng,VoxForge GPL-3.0-or-later text; eSpeak NG GPL-3.0-or-later; bundled Ubuntu runtime packages retain their declared package licenses,"One-shot offline text-only derivative of frozen VoxForge prompt ru_0052; no reference audio, cloning, resynthesis or replacement",voxforge_ru_mdc_2026_05_v4_calibration_espeakng:synthetic-control:espeakng_russian_formant:ru:w175:p50:a100,ru_0052,e2259b7007fef6c3106e0bd6395cedd4c1c086912fa7a17f2ce3637ba0744990,3.90625,formant_rule_based_tts,eSpeak NG Russian formant synthesizer,eSpeak NG 1.52.0 source-4870adfa25b1a32b4361592f1be8a40337c58d6c; Ubuntu 1.52.0+dfsg-5build1 runtime packages,espeakng_russian_formant:ru:w175:p50:a100,not_applicable:text_only_formant_tts_no_reference_audio,local_cpu_espeakng_formant,offline_text_only_formant_tts,16000,wav,none,,2026-08-15T14:00:00+06:00
voxforge_ru_mdc_2026_05:submission:51ca62b66e7fdf89d9988a6c1967ced34226eefad5388571c589a66c554e01c1:prompt:ru_0069,processed/v4/xlsr_sls_model_v4_calibration_materialization_v1/source/23/2346458ea85d843316964bbd6441ccf5c17b7e43da9637a0c499a1aaebf9fcbe.wav,6c86ef6d558a8d090bad14719c7138a27d613ad0be73ad375ed0f503e5fec8b5,test,bonafide,ru,unknown,voxforge_ru_mdc_2026_05:contributor:174aa4b96ccf467f1d7224a4f8cbe0b9d33fefa38e05e5c6447f2be46f4c1848,voxforge_ru_mdc_2026_05_v4_calibration,GPL-3.0-or-later,Pinned VoxForge Russian GPL-3.0-or-later archive; one frozen local personal-research calibration-preparation route only,voxforge_ru_mdc_2026_05:contributor:174aa4b96ccf467f1d7224a4f8cbe0b9d33fefa38e05e5c6447f2be46f4c1848,ru_0069,7bd6b96aeaf9a714f282070c39b34f95fa5d527651df86098734d723fa701447,8.125,,,,,,unknown,voxforge_submission_read_speech,16000,wav,none,,2026-08-15T14:00:00+06:00
voxforge_ru_mdc_2026_05_v4_calibration_espeakng:2f072586e42bc5e1,processed/v4/xlsr_sls_model_v4_calibration_materialization_v1/spoof/c5/c5db4a4729ef9369c551367a3302269779fc8c24c760a953f54e1f1957d89d70.wav,7f84bcd86c77174859e9b70420e34f38848151eaa53a27cdc982f3ee875020ea,test,spoof,ru,unknown,voxforge_ru_mdc_2026_05_v4_calibration_espeakng:text-only:espeakng_russian_formant:ru:w175:p65:a100,voxforge_ru_mdc_2026_05_v4_calibration_espeakng,VoxForge GPL-3.0-or-later text; eSpeak NG GPL-3.0-or-later; bundled Ubuntu runtime packages retain their declared package licenses,"One-shot offline text-only derivative of frozen VoxForge prompt ru_0069; no reference audio, cloning, resynthesis or replacement",voxforge_ru_mdc_2026_05_v4_calibration_espeakng:synthetic-control:espeakng_russian_formant:ru:w175:p65:a100,ru_0069,7bd6b96aeaf9a714f282070c39b34f95fa5d527651df86098734d723fa701447,4.1466875,formant_rule_based_tts,eSpeak NG Russian formant synthesizer,eSpeak NG 1.52.0 source-4870adfa25b1a32b4361592f1be8a40337c58d6c; Ubuntu 1.52.0+dfsg-5build1 runtime packages,espeakng_russian_formant:ru:w175:p65:a100,not_applicable:text_only_formant_tts_no_reference_audio,local_cpu_espeakng_formant,offline_text_only_formant_tts,16000,wav,none,,2026-08-15T14:00:00+06:00
voxforge_ru_mdc_2026_05:submission:fc19e9df21303cb524c031144dfc352fc9e6a72be3e05d0ef4992781a010cd35:prompt:ru_0065,processed/v4/xlsr_sls_model_v4_calibration_materialization_v1/source/c9/c9be558bfa591c322c0bb0d3cbd9b70532cd80616632e7f79e7c826055b49263.wav,2d2cebe797ce3966ec4ccd654bd27433590db986919610e262ce902f24068759,test,bonafide,ru,unknown,voxforge_ru_mdc_2026_05:contributor:d4db4fedc180cee4988a543e36cae2771a908a9c9e09d1f9d5dca997aa4a7765,voxforge_ru_mdc_2026_05_v4_calibration,GPL-3.0-or-later,Pinned VoxForge Russian GPL-3.0-or-later archive; one frozen local personal-research calibration-preparation route only,voxforge_ru_mdc_2026_05:contributor:d4db4fedc180cee4988a543e36cae2771a908a9c9e09d1f9d5dca997aa4a7765,ru_0065,7073ee8e9bd41a26ecea54d10d82180ed427f562a33c3f14c71d36801d3ae21a,12.6301875,,,,,,unknown,voxforge_submission_read_speech,16000,wav,none,,2026-08-15T14:00:00+06:00
voxforge_ru_mdc_2026_05_v4_calibration_espeakng:f5a6593f9a48db5a,processed/v4/xlsr_sls_model_v4_calibration_materialization_v1/spoof/ea/eaf07804dda9f5fd0e0820b36b1f21bb2bc989a58f43ae81e1b79964595b5958.wav,42873507a893c7e05ee0d42ca32f53ae5bee482bc8009d7359ffaec170744af9,test,spoof,ru,unknown,voxforge_ru_mdc_2026_05_v4_calibration_espeakng:text-only:espeakng_russian_formant:ru:w200:p35:a100,voxforge_ru_mdc_2026_05_v4_calibration_espeakng,VoxForge GPL-3.0-or-later text; eSpeak NG GPL-3.0-or-later; bundled Ubuntu runtime packages retain their declared package licenses,"One-shot offline text-only derivative of frozen VoxForge prompt ru_0065; no reference audio, cloning, resynthesis or replacement",voxforge_ru_mdc_2026_05_v4_calibration_espeakng:synthetic-control:espeakng_russian_formant:ru:w200:p35:a100,ru_0065,7073ee8e9bd41a26ecea54d10d82180ed427f562a33c3f14c71d36801d3ae21a,6.990625,formant_rule_based_tts,eSpeak NG Russian formant synthesizer,eSpeak NG 1.52.0 source-4870adfa25b1a32b4361592f1be8a40337c58d6c; Ubuntu 1.52.0+dfsg-5build1 runtime packages,espeakng_russian_formant:ru:w200:p35:a100,not_applicable:text_only_formant_tts_no_reference_audio,local_cpu_espeakng_formant,offline_text_only_formant_tts,16000,wav,none,,2026-08-15T14:00:00+06:00
voxforge_ru_mdc_2026_05:submission:32fcaedf59b4ac2c5d3400f4857ecc45f3ba742edea0677301c8b1dc303bc6e3:prompt:ru_0003,processed/v4/xlsr_sls_model_v4_calibration_materialization_v1/source/c8/c8b76888205c3260a2dd7b9459a5f7610be3c1d0fc6088ebee1461fe1ac10183.wav,5682e237e7d4e781e535bb8b0c9b10da4259d389f7fc0b70b2c4bd6df1994005,test,bonafide,ru,unknown,voxforge_ru_mdc_2026_05:contributor:8c8d4d2362249da59fcd4c864059eac828d53ce1579a7f320c6d819b8133586b,voxforge_ru_mdc_2026_05_v4_calibration,GPL-3.0-or-later,Pinned VoxForge Russian GPL-3.0-or-later archive; one frozen local personal-research calibration-preparation route only,voxforge_ru_mdc_2026_05:contributor:8c8d4d2362249da59fcd4c864059eac828d53ce1579a7f320c6d819b8133586b,ru_0003,c5f55670a9a2005d49008231c56b28d65fb15813530fe4dc549f3af0f535a727,6.875,,,,,,unknown,voxforge_submission_read_speech,16000,wav,none,,2026-08-15T14:00:00+06:00
voxforge_ru_mdc_2026_05_v4_calibration_espeakng:a2d489c49b8aefcc,processed/v4/xlsr_sls_model_v4_calibration_materialization_v1/spoof/31/314f795aab8815ecab0bc1113f3265a23c447840c002fb5b522793c63b602c04.wav,49a91e3e178a61e76e06ab979d28ab685b5aaa00d307c8abcc650e6acb45d797,test,spoof,ru,unknown,voxforge_ru_mdc_2026_05_v4_calibration_espeakng:text-only:espeakng_russian_formant:ru:w200:p50:a100,voxforge_ru_mdc_2026_05_v4_calibration_espeakng,VoxForge GPL-3.0-or-later text; eSpeak NG GPL-3.0-or-later; bundled Ubuntu runtime packages retain their declared package licenses,"One-shot offline text-only derivative of frozen VoxForge prompt ru_0003; no reference audio, cloning, resynthesis or replacement",voxforge_ru_mdc_2026_05_v4_calibration_espeakng:synthetic-control:espeakng_russian_formant:ru:w200:p50:a100,ru_0003,c5f55670a9a2005d49008231c56b28d65fb15813530fe4dc549f3af0f535a727,3.0973125,formant_rule_based_tts,eSpeak NG Russian formant synthesizer,eSpeak NG 1.52.0 source-4870adfa25b1a32b4361592f1be8a40337c58d6c; Ubuntu 1.52.0+dfsg-5build1 runtime packages,espeakng_russian_formant:ru:w200:p50:a100,not_applicable:text_only_formant_tts_no_reference_audio,local_cpu_espeakng_formant,offline_text_only_formant_tts,16000,wav,none,,2026-08-15T14:00:00+06:00
voxforge_ru_mdc_2026_05:submission:dbd1e03ecfece3bb0cbaa1f4f813698a9504d4dc37133fee42e1855e52095004:prompt:ru_0064,processed/v4/xlsr_sls_model_v4_calibration_materialization_v1/source/1c/1c72dd41a4f8c264a33bd1dd05a2c42e810c0812782e8118ee5a7c6c5307d630.wav,d4d1da35587952a6c085dba568ce1aced0f89a4cf2c48a2c8f686087ed664e4f,test,bonafide,ru,unknown,voxforge_ru_mdc_2026_05:contributor:8cc2b0ccf32a32d86f3990a3b7e151be4a3b030e53a79aaa96ec43da7d0988ef,voxforge_ru_mdc_2026_05_v4_calibration,GPL-3.0-or-later,Pinned VoxForge Russian GPL-3.0-or-later archive; one frozen local personal-research calibration-preparation route only,voxforge_ru_mdc_2026_05:contributor:8cc2b0ccf32a32d86f3990a3b7e151be4a3b030e53a79aaa96ec43da7d0988ef,ru_0064,9905646c2970641a4ff60b68e6dded1e563ce70c2d6fef09b99e30bb7db8fa30,13.75,,,,,,unknown,voxforge_submission_read_speech,16000,wav,none,,2026-08-15T14:00:00+06:00
voxforge_ru_mdc_2026_05_v4_calibration_espeakng:db17626df2f39890,processed/v4/xlsr_sls_model_v4_calibration_materialization_v1/spoof/e8/e8dc3f24bbe18c59b4733c7c7008c221c60e69bc491ee7af56f8de1324df3955.wav,d733fa09fa1d3dc87d0eeb1a4868d090a1530e1bb7701f48158d377f0f197fa3,test,spoof,ru,unknown,voxforge_ru_mdc_2026_05_v4_calibration_espeakng:text-only:espeakng_russian_formant:ru:w200:p65:a100,voxforge_ru_mdc_2026_05_v4_calibration_espeakng,VoxForge GPL-3.0-or-later text; eSpeak NG GPL-3.0-or-later; bundled Ubuntu runtime packages retain their declared package licenses,"One-shot offline text-only derivative of frozen VoxForge prompt ru_0064; no reference audio, cloning, resynthesis or replacement",voxforge_ru_mdc_2026_05_v4_calibration_espeakng:synthetic-control:espeakng_russian_formant:ru:w200:p65:a100,ru_0064,9905646c2970641a4ff60b68e6dded1e563ce70c2d6fef09b99e30bb7db8fa30,6.2518125,formant_rule_based_tts,eSpeak NG Russian formant synthesizer,eSpeak NG 1.52.0 source-4870adfa25b1a32b4361592f1be8a40337c58d6c; Ubuntu 1.52.0+dfsg-5build1 runtime packages,espeakng_russian_formant:ru:w200:p65:a100,not_applicable:text_only_formant_tts_no_reference_audio,local_cpu_espeakng_formant,offline_text_only_formant_tts,16000,wav,none,,2026-08-15T14:00:00+06:00
voxforge_ru_mdc_2026_05:submission:74a8b633f67c41ae13dad910bcadce2c972b009d0b64ab4506a65193e317e181:prompt:ru_0051,processed/v4/xlsr_sls_model_v4_calibration_materialization_v1/source/ee/eecbfa16fb5e7e103d43af62c7ce7c13de1f1ab1e222d5414e738372508da17c.wav,ab6ae391d0a53ae70f20953bd526d5ee978404aa812329f9e1b3d36e1196d8e3,test,bonafide,ru,unknown,voxforge_ru_mdc_2026_05:contributor:0446c9c98d199835399326cbc86816f91926da78df53c7fa771019f45a3a91c9,voxforge_ru_mdc_2026_05_v4_calibration,GPL-3.0-or-later,Pinned VoxForge Russian GPL-3.0-or-later archive; one frozen local personal-research calibration-preparation route only,voxforge_ru_mdc_2026_05:contributor:0446c9c98d199835399326cbc86816f91926da78df53c7fa771019f45a3a91c9,ru_0051,cc903ab7c86b5c8213bf37d0de4373f2577fb1d119678409b25dc2d984901c0b,4.875,,,,,,unknown,voxforge_submission_read_speech,16000,wav,none,,2026-08-15T14:00:00+06:00
voxforge_ru_mdc_2026_05_v4_calibration_espeakng:e64aa72db86d162f,processed/v4/xlsr_sls_model_v4_calibration_materialization_v1/spoof/07/079fad2805df043ab7e5fe175ed9b6f58e56e960fa925dc1a330ba4539fc159f.wav,3b23030048e98002628ab323246b66ff4a9671a0785e1477150f937208afb7c5,test,spoof,ru,unknown,voxforge_ru_mdc_2026_05_v4_calibration_espeakng:text-only:espeakng_russian_formant:ru:w225:p35:a100,voxforge_ru_mdc_2026_05_v4_calibration_espeakng,VoxForge GPL-3.0-or-later text; eSpeak NG GPL-3.0-or-later; bundled Ubuntu runtime packages retain their declared package licenses,"One-shot offline text-only derivative of frozen VoxForge prompt ru_0051; no reference audio, cloning, resynthesis or replacement",voxforge_ru_mdc_2026_05_v4_calibration_espeakng:synthetic-control:espeakng_russian_formant:ru:w225:p35:a100,ru_0051,cc903ab7c86b5c8213bf37d0de4373f2577fb1d119678409b25dc2d984901c0b,3.2668125,formant_rule_based_tts,eSpeak NG Russian formant synthesizer,eSpeak NG 1.52.0 source-4870adfa25b1a32b4361592f1be8a40337c58d6c; Ubuntu 1.52.0+dfsg-5build1 runtime packages,espeakng_russian_formant:ru:w225:p35:a100,not_applicable:text_only_formant_tts_no_reference_audio,local_cpu_espeakng_formant,offline_text_only_formant_tts,16000,wav,none,,2026-08-15T14:00:00+06:00
voxforge_ru_mdc_2026_05:submission:598818e4909723fdab46e127e879b40c8d0cdad80dace5afd8c412e2d9d4fff8:prompt:ru_0006,processed/v4/xlsr_sls_model_v4_calibration_materialization_v1/source/01/016eab55bf108fa19d79c887419dc3121bea99b81951569222f755043a9dd5e2.wav,259e3b5fbbc275c3b46f11d4bc39950d9ad66a4f6f19617eea53b9fd326f0ec3,test,bonafide,ru,unknown,voxforge_ru_mdc_2026_05:contributor:1d600d3450ed21563c24a614cba2766dccdae75f095f6095bee5f7a4beaf2744,voxforge_ru_mdc_2026_05_v4_calibration,GPL-3.0-or-later,Pinned VoxForge Russian GPL-3.0-or-later archive; one frozen local personal-research calibration-preparation route only,voxforge_ru_mdc_2026_05:contributor:1d600d3450ed21563c24a614cba2766dccdae75f095f6095bee5f7a4beaf2744,ru_0006,f032ace3e5930871ca9b71ec3f175f23bada28e3dcf41f4414b99b2229d9d380,7.375,,,,,,unknown,voxforge_submission_read_speech,16000,wav,none,,2026-08-15T14:00:00+06:00
voxforge_ru_mdc_2026_05_v4_calibration_espeakng:2dd8a07283da941d,processed/v4/xlsr_sls_model_v4_calibration_materialization_v1/spoof/6d/6d8202d57c18e381ad5723e3580166a8d22e380ec2d446655330d2b27d2619aa.wav,7d7907bcf40c8a4b4f540485ba26ef38063699e5f51c89389148a4ec9c7a15ba,test,spoof,ru,unknown,voxforge_ru_mdc_2026_05_v4_calibration_espeakng:text-only:espeakng_russian_formant:ru:w225:p65:a100,voxforge_ru_mdc_2026_05_v4_calibration_espeakng,VoxForge GPL-3.0-or-later text; eSpeak NG GPL-3.0-or-later; bundled Ubuntu runtime packages retain their declared package licenses,"One-shot offline text-only derivative of frozen VoxForge prompt ru_0006; no reference audio, cloning, resynthesis or replacement",voxforge_ru_mdc_2026_05_v4_calibration_espeakng:synthetic-control:espeakng_russian_formant:ru:w225:p65:a100,ru_0006,f032ace3e5930871ca9b71ec3f175f23bada28e3dcf41f4414b99b2229d9d380,2.650125,formant_rule_based_tts,eSpeak NG Russian formant synthesizer,eSpeak NG 1.52.0 source-4870adfa25b1a32b4361592f1be8a40337c58d6c; Ubuntu 1.52.0+dfsg-5build1 runtime packages,espeakng_russian_formant:ru:w225:p65:a100,not_applicable:text_only_formant_tts_no_reference_audio,local_cpu_espeakng_formant,offline_text_only_formant_tts,16000,wav,none,,2026-08-15T14:00:00+06:00
voxforge_ru_mdc_2026_05:submission:5952d5fc3b1a37c2e9ca3658856283d07bae4cde72138104623c236562418867:prompt:ru_0066,processed/v4/xlsr_sls_model_v4_calibration_materialization_v1/source/13/139e0503edcf3ffc88a0624dca62522a2266eae64a3767ea70a97cba73a959ef.wav,a1e012a4cf26d9bb86a90d38eae500480aaf52aaf60e4734c9f8e156199c655a,test,bonafide,ru,unknown,voxforge_ru_mdc_2026_05:contributor:5e2caf3266f4aa4412cc2d4edf1ef0b13dc1885d37d14e36ddbf2674b1a7d59e,voxforge_ru_mdc_2026_05_v4_calibration,GPL-3.0-or-later,Pinned VoxForge Russian GPL-3.0-or-later archive; one frozen local personal-research calibration-preparation route only,voxforge_ru_mdc_2026_05:contributor:5e2caf3266f4aa4412cc2d4edf1ef0b13dc1885d37d14e36ddbf2674b1a7d59e,ru_0066,59f1df8f58f0a704302786b5c02c46a442dedc63d03cec4a28e05cae2416c59a,9.8133125,,,,,,unknown,voxforge_submission_read_speech,16000,wav,none,,2026-08-15T14:00:00+06:00
voxforge_ru_mdc_2026_05_v4_calibration_espeakng:7fbdedea6fad170b,processed/v4/xlsr_sls_model_v4_calibration_materialization_v1/spoof/57/5783cab98096867d127a30dbbc3177c5b840db726a5e907a5d6700a08cda10c7.wav,7450b4da5369de985677920dbc5f13bac017ff04a42f27d17f18c5a9988ffdfb,test,spoof,ru,unknown,voxforge_ru_mdc_2026_05_v4_calibration_espeakng:text-only:espeakng_russian_formant:ru:w150:p35:a100,voxforge_ru_mdc_2026_05_v4_calibration_espeakng,VoxForge GPL-3.0-or-later text; eSpeak NG GPL-3.0-or-later; bundled Ubuntu runtime packages retain their declared package licenses,"One-shot offline text-only derivative of frozen VoxForge prompt ru_0066; no reference audio, cloning, resynthesis or replacement",voxforge_ru_mdc_2026_05_v4_calibration_espeakng:synthetic-control:espeakng_russian_formant:ru:w150:p35:a100,ru_0066,59f1df8f58f0a704302786b5c02c46a442dedc63d03cec4a28e05cae2416c59a,5.4170625,formant_rule_based_tts,eSpeak NG Russian formant synthesizer,eSpeak NG 1.52.0 source-4870adfa25b1a32b4361592f1be8a40337c58d6c; Ubuntu 1.52.0+dfsg-5build1 runtime packages,espeakng_russian_formant:ru:w150:p35:a100,not_applicable:text_only_formant_tts_no_reference_audio,local_cpu_espeakng_formant,offline_text_only_formant_tts,16000,wav,none,,2026-08-15T14:00:00+06:00
voxforge_ru_mdc_2026_05:submission:0dfd38faee70aa710384fb4e657c8bb5a13b0916768e687fd84ceef174b19e98:prompt:ru_0025,processed/v4/xlsr_sls_model_v4_calibration_materialization_v1/source/66/6633beb4792488f1be98c308be0ca5a9919f1e49170f4541cd137a754ffec45d.wav,27679d540da1f9ebc838c142e582c2970fc6492ba27a955e621185e09d22c245,test,bonafide,ru,unknown,voxforge_ru_mdc_2026_05:contributor:7f0b629cbb9d794b3daf19fcd686a30a039b47395545394dadc0574744996a87,voxforge_ru_mdc_2026_05_v4_calibration,GPL-3.0-or-later,Pinned VoxForge Russian GPL-3.0-or-later archive; one frozen local personal-research calibration-preparation route only,voxforge_ru_mdc_2026_05:contributor:7f0b629cbb9d794b3daf19fcd686a30a039b47395545394dadc0574744996a87,ru_0025,0e679c0c762905542b7fde0bdabaec6e88dbdc217b78fd6c624866da120db5cf,6.5,,,,,,unknown,voxforge_submission_read_speech,16000,wav,none,,2026-08-15T14:00:00+06:00
voxforge_ru_mdc_2026_05_v4_calibration_espeakng:be455178abc87701,processed/v4/xlsr_sls_model_v4_calibration_materialization_v1/spoof/a8/a8f69140c8a651ba36dfa3863dc48b60b973e2b9a0a9a2639ecbf532d95d2f41.wav,489e0665c74cf9b781fae30ed2d360614c75ca801a1a83a07dfbbce1a5638f3f,test,spoof,ru,unknown,voxforge_ru_mdc_2026_05_v4_calibration_espeakng:text-only:espeakng_russian_formant:ru:w150:p50:a100,voxforge_ru_mdc_2026_05_v4_calibration_espeakng,VoxForge GPL-3.0-or-later text; eSpeak NG GPL-3.0-or-later; bundled Ubuntu runtime packages retain their declared package licenses,"One-shot offline text-only derivative of frozen VoxForge prompt ru_0025; no reference audio, cloning, resynthesis or replacement",voxforge_ru_mdc_2026_05_v4_calibration_espeakng:synthetic-control:espeakng_russian_formant:ru:w150:p50:a100,ru_0025,0e679c0c762905542b7fde0bdabaec6e88dbdc217b78fd6c624866da120db5cf,3.72,formant_rule_based_tts,eSpeak NG Russian formant synthesizer,eSpeak NG 1.52.0 source-4870adfa25b1a32b4361592f1be8a40337c58d6c; Ubuntu 1.52.0+dfsg-5build1 runtime packages,espeakng_russian_formant:ru:w150:p50:a100,not_applicable:text_only_formant_tts_no_reference_audio,local_cpu_espeakng_formant,offline_text_only_formant_tts,16000,wav,none,,2026-08-15T14:00:00+06:00
voxforge_ru_mdc_2026_05:submission:25ab5559d25ed921eabd84becf96204bf01c999d265c5cdc63291353217ea38f:prompt:ru_0040,processed/v4/xlsr_sls_model_v4_calibration_materialization_v1/source/99/9929f376e6123921f5bedfeebe79afe22235fd0a6a7dbff7ffe8193f07bdf3d9.wav,15a8aa33bf1450ec0bc7e72987f3d10bd87a39976c9506a8dae4e32ac4a170d6,test,bonafide,ru,unknown,voxforge_ru_mdc_2026_05:contributor:e653da676c96f73e62cc86dd39a0124b2ff01b72d688ecfadff4d71160cfb72b,voxforge_ru_mdc_2026_05_v4_calibration,GPL-3.0-or-later,Pinned VoxForge Russian GPL-3.0-or-later archive; one frozen local personal-research calibration-preparation route only,voxforge_ru_mdc_2026_05:contributor:e653da676c96f73e62cc86dd39a0124b2ff01b72d688ecfadff4d71160cfb72b,ru_0040,106caab715c1f19d383221b3772066f21c25a10e497b9123e3d41fa40a5e4bc3,7.0,,,,,,unknown,voxforge_submission_read_speech,16000,wav,none,,2026-08-15T14:00:00+06:00
voxforge_ru_mdc_2026_05_v4_calibration_espeakng:e69e89d6899c4c28,processed/v4/xlsr_sls_model_v4_calibration_materialization_v1/spoof/13/13e3abd3f4923bb22a6c617a6bc700734b604bfcb30944a485d428139756d1ac.wav,52ba5faa130e817c5e5a21e20057307afba2c93aa975d377e9b8beb6c18eff9a,test,spoof,ru,unknown,voxforge_ru_mdc_2026_05_v4_calibration_espeakng:text-only:espeakng_russian_formant:ru:w150:p65:a100,voxforge_ru_mdc_2026_05_v4_calibration_espeakng,VoxForge GPL-3.0-or-later text; eSpeak NG GPL-3.0-or-later; bundled Ubuntu runtime packages retain their declared package licenses,"One-shot offline text-only derivative of frozen VoxForge prompt ru_0040; no reference audio, cloning, resynthesis or replacement",voxforge_ru_mdc_2026_05_v4_calibration_espeakng:synthetic-control:espeakng_russian_formant:ru:w150:p65:a100,ru_0040,106caab715c1f19d383221b3772066f21c25a10e497b9123e3d41fa40a5e4bc3,3.4069375,formant_rule_based_tts,eSpeak NG Russian formant synthesizer,eSpeak NG 1.52.0 source-4870adfa25b1a32b4361592f1be8a40337c58d6c; Ubuntu 1.52.0+dfsg-5build1 runtime packages,espeakng_russian_formant:ru:w150:p65:a100,not_applicable:text_only_formant_tts_no_reference_audio,local_cpu_espeakng_formant,offline_text_only_formant_tts,16000,wav,none,,2026-08-15T14:00:00+06:00
voxforge_ru_mdc_2026_05:submission:18a7745477626450d12d1cfd3f9bea3bc3861821023256e17173b791d28194ba:prompt:ru_0094,processed/v4/xlsr_sls_model_v4_calibration_materialization_v1/source/08/08922b0faa9ca163d3fd1b0e782d6c7177f874213abdfb95ddea874756a04370.wav,e328f5aada2fb70ba1fd7ead201cd8b69788a8c2fb256ad7b7d4975f4ef01b1e,test,bonafide,ru,unknown,voxforge_ru_mdc_2026_05:contributor:1323016fdbac211c162204eec17bca9a96144b74730951fa58888dd235a8f0e1,voxforge_ru_mdc_2026_05_v4_calibration,GPL-3.0-or-later,Pinned VoxForge Russian GPL-3.0-or-later archive; one frozen local personal-research calibration-preparation route only,voxforge_ru_mdc_2026_05:contributor:1323016fdbac211c162204eec17bca9a96144b74730951fa58888dd235a8f0e1,ru_0094,0ba49054de08c4e46bd7f89d3c1c9fe40841e3b8c96179d4bd6145e45edffbc2,20.125,,,,,,unknown,voxforge_submission_read_speech,16000,wav,none,,2026-08-15T14:00:00+06:00
voxforge_ru_mdc_2026_05_v4_calibration_espeakng:274f39b2633ce81f,processed/v4/xlsr_sls_model_v4_calibration_materialization_v1/spoof/23/231587c476193b454eaf1a6f747c4ce1fc87c8fbbe4a3a1e5cd7189d781a9586.wav,70746304cfdffa719221ed0f998b54dd3dd5bc4163651111e4965ccb6a1471a0,test,spoof,ru,unknown,voxforge_ru_mdc_2026_05_v4_calibration_espeakng:text-only:espeakng_russian_formant:ru:w175:p35:a100,voxforge_ru_mdc_2026_05_v4_calibration_espeakng,VoxForge GPL-3.0-or-later text; eSpeak NG GPL-3.0-or-later; bundled Ubuntu runtime packages retain their declared package licenses,"One-shot offline text-only derivative of frozen VoxForge prompt ru_0094; no reference audio, cloning, resynthesis or replacement",voxforge_ru_mdc_2026_05_v4_calibration_espeakng:synthetic-control:espeakng_russian_formant:ru:w175:p35:a100,ru_0094,0ba49054de08c4e46bd7f89d3c1c9fe40841e3b8c96179d4bd6145e45edffbc2,6.98475,formant_rule_based_tts,eSpeak NG Russian formant synthesizer,eSpeak NG 1.52.0 source-4870adfa25b1a32b4361592f1be8a40337c58d6c; Ubuntu 1.52.0+dfsg-5build1 runtime packages,espeakng_russian_formant:ru:w175:p35:a100,not_applicable:text_only_formant_tts_no_reference_audio,local_cpu_espeakng_formant,offline_text_only_formant_tts,16000,wav,none,,2026-08-15T14:00:00+06:00
voxforge_ru_mdc_2026_05:submission:ca6ea575b8a9f0446893f0b75ed1f1a8811f319c07f8c4ae1f23134b92b5f751:prompt:ru_0043,processed/v4/xlsr_sls_model_v4_calibration_materialization_v1/source/62/62ee8f19dcf3fda20fb9c09a627897540db8568ebe97fafe370c16f0250c79ac.wav,5a650da2aa8ae203d8db6dc77a194e2b34a6af4fd882510e0345598be866cca8,test,bonafide,ru,unknown,voxforge_ru_mdc_2026_05:contributor:e2197567dfbc646095962e025d29b174f6db00dc693a28c919c85248da252a2c,voxforge_ru_mdc_2026_05_v4_calibration,GPL-3.0-or-later,Pinned VoxForge Russian GPL-3.0-or-later archive; one frozen local personal-research calibration-preparation route only,voxforge_ru_mdc_2026_05:contributor:e2197567dfbc646095962e025d29b174f6db00dc693a28c919c85248da252a2c,ru_0043,02f2a226fffc0a3c60dd02f9f4f1adee5136aa922b4ff65e003b0fd11a2c16bf,8.0,,,,,,unknown,voxforge_submission_read_speech,16000,wav,none,,2026-08-15T14:00:00+06:00
voxforge_ru_mdc_2026_05_v4_calibration_espeakng:ff2ff4d07ca2de19,processed/v4/xlsr_sls_model_v4_calibration_materialization_v1/spoof/68/681df5bfdc53197db68af49be36bf40ff936f8957cb388c560d9031cb7bf91ab.wav,1041b0146be1bda5c9868536ab7b42585fabccb1dc7a41a559263a14dbbfbd63,test,spoof,ru,unknown,voxforge_ru_mdc_2026_05_v4_calibration_espeakng:text-only:espeakng_russian_formant:ru:w175:p50:a100,voxforge_ru_mdc_2026_05_v4_calibration_espeakng,VoxForge GPL-3.0-or-later text; eSpeak NG GPL-3.0-or-later; bundled Ubuntu runtime packages retain their declared package licenses,"One-shot offline text-only derivative of frozen VoxForge prompt ru_0043; no reference audio, cloning, resynthesis or replacement",voxforge_ru_mdc_2026_05_v4_calibration_espeakng:synthetic-control:espeakng_russian_formant:ru:w175:p50:a100,ru_0043,02f2a226fffc0a3c60dd02f9f4f1adee5136aa922b4ff65e003b0fd11a2c16bf,4.2176875,formant_rule_based_tts,eSpeak NG Russian formant synthesizer,eSpeak NG 1.52.0 source-4870adfa25b1a32b4361592f1be8a40337c58d6c; Ubuntu 1.52.0+dfsg-5build1 runtime packages,espeakng_russian_formant:ru:w175:p50:a100,not_applicable:text_only_formant_tts_no_reference_audio,local_cpu_espeakng_formant,offline_text_only_formant_tts,16000,wav,none,,2026-08-15T14:00:00+06:00
voxforge_ru_mdc_2026_05:submission:65f5812127ed8bee6fde38f9349910b455ee4bc9888c359e463c10ec1828c625:prompt:ru_0053,processed/v4/xlsr_sls_model_v4_calibration_materialization_v1/source/ed/edf9c1fbd87436f6b09acefb0de8d82e8a6fddb712c5905a7f6629ad1a9e58ad.wav,f5be04e5466856c71e8b43da2dee639d0b9ecd0bf18f3bce057d66a160103112,test,bonafide,ru,unknown,voxforge_ru_mdc_2026_05:contributor:07958963227ac8708629d2d354a6258e4d12ee7f97bf2d7a4dc2ce909f50d4fa,voxforge_ru_mdc_2026_05_v4_calibration,GPL-3.0-or-later,Pinned VoxForge Russian GPL-3.0-or-later archive; one frozen local personal-research calibration-preparation route only,voxforge_ru_mdc_2026_05:contributor:07958963227ac8708629d2d354a6258e4d12ee7f97bf2d7a4dc2ce909f50d4fa,ru_0053,2dcd7c286a4db8382029dabf15375c1380e6dd9f1ac106877827e456b419a5f2,12.0,,,,,,unknown,voxforge_submission_read_speech,16000,wav,none,,2026-08-15T14:00:00+06:00
voxforge_ru_mdc_2026_05_v4_calibration_espeakng:a24b33263cd6fc3c,processed/v4/xlsr_sls_model_v4_calibration_materialization_v1/spoof/72/72468a6868bfbba9da07556348016bcf463afc223401d2183088fe793845c102.wav,e6330d7c8e529efae5d51b81a410b9ad385474fd8213d7f1b25edcc1ad25422f,test,spoof,ru,unknown,voxforge_ru_mdc_2026_05_v4_calibration_espeakng:text-only:espeakng_russian_formant:ru:w175:p65:a100,voxforge_ru_mdc_2026_05_v4_calibration_espeakng,VoxForge GPL-3.0-or-later text; eSpeak NG GPL-3.0-or-later; bundled Ubuntu runtime packages retain their declared package licenses,"One-shot offline text-only derivative of frozen VoxForge prompt ru_0053; no reference audio, cloning, resynthesis or replacement",voxforge_ru_mdc_2026_05_v4_calibration_espeakng:synthetic-control:espeakng_russian_formant:ru:w175:p65:a100,ru_0053,2dcd7c286a4db8382029dabf15375c1380e6dd9f1ac106877827e456b419a5f2,5.366875,formant_rule_based_tts,eSpeak NG Russian formant synthesizer,eSpeak NG 1.52.0 source-4870adfa25b1a32b4361592f1be8a40337c58d6c; Ubuntu 1.52.0+dfsg-5build1 runtime packages,espeakng_russian_formant:ru:w175:p65:a100,not_applicable:text_only_formant_tts_no_reference_audio,local_cpu_espeakng_formant,offline_text_only_formant_tts,16000,wav,none,,2026-08-15T14:00:00+06:00
voxforge_ru_mdc_2026_05:submission:3e066316c23a8843d375fa0a0f0985de8eaff7a05cdaa25bad275d8ac0d3b5d6:prompt:ru_0082,processed/v4/xlsr_sls_model_v4_calibration_materialization_v1/source/76/76bdfbad9736d435fdc21a356156e6001648116d9b0787d8d4cf1741ba66d89f.wav,645a017f26b57ed03eebb06540f3740f59d45fdc7a21c30711c5caeff8092cb1,test,bonafide,ru,unknown,voxforge_ru_mdc_2026_05:contributor:54a0335a8575db662e9178540ae3df3bd49474f4d2d58323a562ce7b7c037f44,voxforge_ru_mdc_2026_05_v4_calibration,GPL-3.0-or-later,Pinned VoxForge Russian GPL-3.0-or-later archive; one frozen local personal-research calibration-preparation route only,voxforge_ru_mdc_2026_05:contributor:54a0335a8575db662e9178540ae3df3bd49474f4d2d58323a562ce7b7c037f44,ru_0082,015a1134b7366e048694b683ad700ddd0f81c705298569853f35f73121920935,7.625,,,,,,unknown,voxforge_submission_read_speech,16000,wav,none,,2026-08-15T14:00:00+06:00
voxforge_ru_mdc_2026_05_v4_calibration_espeakng:c078043fa50e1373,processed/v4/xlsr_sls_model_v4_calibration_materialization_v1/spoof/5b/5b22e88a5cca193b6c6c46168c6edc3e302c95bbdeb881e61980e908827d8d1b.wav,adf10931b781cf7a2cad6c46b7ddecdd661ae4bd3ad9b807903cf8d7c7e0d044,test,spoof,ru,unknown,voxforge_ru_mdc_2026_05_v4_calibration_espeakng:text-only:espeakng_russian_formant:ru:w200:p35:a100,voxforge_ru_mdc_2026_05_v4_calibration_espeakng,VoxForge GPL-3.0-or-later text; eSpeak NG GPL-3.0-or-later; bundled Ubuntu runtime packages retain their declared package licenses,"One-shot offline text-only derivative of frozen VoxForge prompt ru_0082; no reference audio, cloning, resynthesis or replacement",voxforge_ru_mdc_2026_05_v4_calibration_espeakng:synthetic-control:espeakng_russian_formant:ru:w200:p35:a100,ru_0082,015a1134b7366e048694b683ad700ddd0f81c705298569853f35f73121920935,3.720875,formant_rule_based_tts,eSpeak NG Russian formant synthesizer,eSpeak NG 1.52.0 source-4870adfa25b1a32b4361592f1be8a40337c58d6c; Ubuntu 1.52.0+dfsg-5build1 runtime packages,espeakng_russian_formant:ru:w200:p35:a100,not_applicable:text_only_formant_tts_no_reference_audio,local_cpu_espeakng_formant,offline_text_only_formant_tts,16000,wav,none,,2026-08-15T14:00:00+06:00
voxforge_ru_mdc_2026_05:submission:5a7a512e6959cba88dbefbaca90339610e38bb1b9acec2043f90ab9cc5b528e5:prompt:ru_0056,processed/v4/xlsr_sls_model_v4_calibration_materialization_v1/source/0c/0cb526ec1d1c7647fc98eb21c47b0638286bb89111e8dfab5206acf98e5e702e.wav,63570be4aeef3a85b8d35685ef87ff76d24299973adb1df2cbe85bc9b66a5031,test,bonafide,ru,unknown,voxforge_ru_mdc_2026_05:contributor:ddaca8a241af1b78b2a9d7c0343a331d85feb8c83002ec7385ac50a89f59fb28,voxforge_ru_mdc_2026_05_v4_calibration,GPL-3.0-or-later,Pinned VoxForge Russian GPL-3.0-or-later archive; one frozen local personal-research calibration-preparation route only,voxforge_ru_mdc_2026_05:contributor:ddaca8a241af1b78b2a9d7c0343a331d85feb8c83002ec7385ac50a89f59fb28,ru_0056,c96d675335a5b527fbf3a73b6359dfff16f9cb665ce43f6918f01e1b85c615c8,7.75,,,,,,unknown,voxforge_submission_read_speech,16000,wav,none,,2026-08-15T14:00:00+06:00
voxforge_ru_mdc_2026_05_v4_calibration_espeakng:816d5588c9900bc5,processed/v4/xlsr_sls_model_v4_calibration_materialization_v1/spoof/73/73aa96ce707e31fce014f33186ce1b3e284c958ced8a3a3979a7816d9d8b8b16.wav,3f455913a1cc2aa4094bbd919bdeccca9af2fe540d48389306b86c3991bcebc9,test,spoof,ru,unknown,voxforge_ru_mdc_2026_05_v4_calibration_espeakng:text-only:espeakng_russian_formant:ru:w200:p50:a100,voxforge_ru_mdc_2026_05_v4_calibration_espeakng,VoxForge GPL-3.0-or-later text; eSpeak NG GPL-3.0-or-later; bundled Ubuntu runtime packages retain their declared package licenses,"One-shot offline text-only derivative of frozen VoxForge prompt ru_0056; no reference audio, cloning, resynthesis or replacement",voxforge_ru_mdc_2026_05_v4_calibration_espeakng:synthetic-control:espeakng_russian_formant:ru:w200:p50:a100,ru_0056,c96d675335a5b527fbf3a73b6359dfff16f9cb665ce43f6918f01e1b85c615c8,2.8785625,formant_rule_based_tts,eSpeak NG Russian formant synthesizer,eSpeak NG 1.52.0 source-4870adfa25b1a32b4361592f1be8a40337c58d6c; Ubuntu 1.52.0+dfsg-5build1 runtime packages,espeakng_russian_formant:ru:w200:p50:a100,not_applicable:text_only_formant_tts_no_reference_audio,local_cpu_espeakng_formant,offline_text_only_formant_tts,16000,wav,none,,2026-08-15T14:00:00+06:00
voxforge_ru_mdc_2026_05:submission:37ef15edd421041e5177b924399268969057e8c6b54de65e81b0349581f1c6ae:prompt:ru_0036,processed/v4/xlsr_sls_model_v4_calibration_materialization_v1/source/15/15f1b5592d879d4b6ca6e3cc574f175acad83e81c905bb71a57896e78397e781.wav,19aa2b38a5483d029c64162121a5d148ff88e868520727b60756d95dac6c940d,test,bonafide,ru,unknown,voxforge_ru_mdc_2026_05:contributor:e57958c9ee9fbf7544c12757fd9c67ca3293aadf9ca1761b73e689d957369246,voxforge_ru_mdc_2026_05_v4_calibration,GPL-3.0-or-later,Pinned VoxForge Russian GPL-3.0-or-later archive; one frozen local personal-research calibration-preparation route only,voxforge_ru_mdc_2026_05:contributor:e57958c9ee9fbf7544c12757fd9c67ca3293aadf9ca1761b73e689d957369246,ru_0036,00c277db7c60609c7fa5930f0b04f9b4383cc75b3668635cf8873d50025da117,18.5,,,,,,unknown,voxforge_submission_read_speech,16000,wav,none,,2026-08-15T14:00:00+06:00
voxforge_ru_mdc_2026_05_v4_calibration_espeakng:59ac5aa982ebc54c,processed/v4/xlsr_sls_model_v4_calibration_materialization_v1/spoof/eb/eb976a0694dd04ea3c7a55045bf14c06602c19a7c9a059958fcfc3c41e07fbe9.wav,6b9f074dbf3be237ec7340542831d4f9e3914e6f9c7dbc32afe97e154168b417,test,spoof,ru,unknown,voxforge_ru_mdc_2026_05_v4_calibration_espeakng:text-only:espeakng_russian_formant:ru:w200:p65:a100,voxforge_ru_mdc_2026_05_v4_calibration_espeakng,VoxForge GPL-3.0-or-later text; eSpeak NG GPL-3.0-or-later; bundled Ubuntu runtime packages retain their declared package licenses,"One-shot offline text-only derivative of frozen VoxForge prompt ru_0036; no reference audio, cloning, resynthesis or replacement",voxforge_ru_mdc_2026_05_v4_calibration_espeakng:synthetic-control:espeakng_russian_formant:ru:w200:p65:a100,ru_0036,00c277db7c60609c7fa5930f0b04f9b4383cc75b3668635cf8873d50025da117,8.3635,formant_rule_based_tts,eSpeak NG Russian formant synthesizer,eSpeak NG 1.52.0 source-4870adfa25b1a32b4361592f1be8a40337c58d6c; Ubuntu 1.52.0+dfsg-5build1 runtime packages,espeakng_russian_formant:ru:w200:p65:a100,not_applicable:text_only_formant_tts_no_reference_audio,local_cpu_espeakng_formant,offline_text_only_formant_tts,16000,wav,none,,2026-08-15T14:00:00+06:00
voxforge_ru_mdc_2026_05:submission:126ebcff530e12b817d90b80952f8c39b333dbf361600168cf16c25d3e164f97:prompt:ru_0046,processed/v4/xlsr_sls_model_v4_calibration_materialization_v1/source/69/6931a629be789841b6068542cbf2537dbcdfce28a405a9182cf22a2d7b51666b.wav,beddcecd6f8188847220e75da98db3785ebaa3e76ee657bfdb6800246af1e2c8,test,bonafide,ru,unknown,voxforge_ru_mdc_2026_05:contributor:a87e9f12a3d1984849e216ca696398cd8e5a72372a1587ce3cb5248cb51d996a,voxforge_ru_mdc_2026_05_v4_calibration,GPL-3.0-or-later,Pinned VoxForge Russian GPL-3.0-or-later archive; one frozen local personal-research calibration-preparation route only,voxforge_ru_mdc_2026_05:contributor:a87e9f12a3d1984849e216ca696398cd8e5a72372a1587ce3cb5248cb51d996a,ru_0046,d907bc6aeb680a814d75e55ca0378b8581d34167213cad72449dd255f2c6ea75,6.375,,,,,,unknown,voxforge_submission_read_speech,16000,wav,none,,2026-08-15T14:00:00+06:00
voxforge_ru_mdc_2026_05_v4_calibration_espeakng:5a5451890df11219,processed/v4/xlsr_sls_model_v4_calibration_materialization_v1/spoof/55/55121ebd1cca284436fb3ba14637bb672a7c3f0125b49a5ecb0f28ee2f47c5e0.wav,2d4b65d19d33047b1d5f71ef8c8f18030b6421b1609849a761f77a26c57074ba,test,spoof,ru,unknown,voxforge_ru_mdc_2026_05_v4_calibration_espeakng:text-only:espeakng_russian_formant:ru:w225:p35:a100,voxforge_ru_mdc_2026_05_v4_calibration_espeakng,VoxForge GPL-3.0-or-later text; eSpeak NG GPL-3.0-or-later; bundled Ubuntu runtime packages retain their declared package licenses,"One-shot offline text-only derivative of frozen VoxForge prompt ru_0046; no reference audio, cloning, resynthesis or replacement",voxforge_ru_mdc_2026_05_v4_calibration_espeakng:synthetic-control:espeakng_russian_formant:ru:w225:p35:a100,ru_0046,d907bc6aeb680a814d75e55ca0378b8581d34167213cad72449dd255f2c6ea75,3.5026875,formant_rule_based_tts,eSpeak NG Russian formant synthesizer,eSpeak NG 1.52.0 source-4870adfa25b1a32b4361592f1be8a40337c58d6c; Ubuntu 1.52.0+dfsg-5build1 runtime packages,espeakng_russian_formant:ru:w225:p35:a100,not_applicable:text_only_formant_tts_no_reference_audio,local_cpu_espeakng_formant,offline_text_only_formant_tts,16000,wav,none,,2026-08-15T14:00:00+06:00
voxforge_ru_mdc_2026_05:submission:08c33629b59548b9123bbb6e6911d09aed9235ff632f8c1a7c0ab61c18fa1896:prompt:ru_0013,processed/v4/xlsr_sls_model_v4_calibration_materialization_v1/source/15/15a4fce278c3333046706322d9ef37f06be5802dac5916ea9ccf8f07ffd6d199.wav,6b41bc1fe73fbb283e89b4467dc8e5d80f7921e14f665ff471ce01cfbac45e7a,test,bonafide,ru,unknown,voxforge_ru_mdc_2026_05:contributor:760d9d3ab5177f95313d05d84089ea4a0888f519dfd17509ca8a6bb6fc7b9370,voxforge_ru_mdc_2026_05_v4_calibration,GPL-3.0-or-later,Pinned VoxForge Russian GPL-3.0-or-later archive; one frozen local personal-research calibration-preparation route only,voxforge_ru_mdc_2026_05:contributor:760d9d3ab5177f95313d05d84089ea4a0888f519dfd17509ca8a6bb6fc7b9370,ru_0013,66dd409823dc9dcfb242cb52369ec1e38d5960d0d427ef204c5ed11cf9bddabf,9.5,,,,,,unknown,voxforge_submission_read_speech,16000,wav,none,,2026-08-15T14:00:00+06:00
voxforge_ru_mdc_2026_05_v4_calibration_espeakng:8d8db6fc4324320f,processed/v4/xlsr_sls_model_v4_calibration_materialization_v1/spoof/7b/7befb3ebc19bf43301f385be7367d2e00174e73697af0af17a49cbdf270afefd.wav,aa8d78e997a55a750010716537a524ca564bc8fe98c84e9bfd4a83c66592c00b,test,spoof,ru,unknown,voxforge_ru_mdc_2026_05_v4_calibration_espeakng:text-only:espeakng_russian_formant:ru:w225:p50:a100,voxforge_ru_mdc_2026_05_v4_calibration_espeakng,VoxForge GPL-3.0-or-later text; eSpeak NG GPL-3.0-or-later; bundled Ubuntu runtime packages retain their declared package licenses,"One-shot offline text-only derivative of frozen VoxForge prompt ru_0013; no reference audio, cloning, resynthesis or replacement",voxforge_ru_mdc_2026_05_v4_calibration_espeakng:synthetic-control:espeakng_russian_formant:ru:w225:p50:a100,ru_0013,66dd409823dc9dcfb242cb52369ec1e38d5960d0d427ef204c5ed11cf9bddabf,5.6480625,formant_rule_based_tts,eSpeak NG Russian formant synthesizer,eSpeak NG 1.52.0 source-4870adfa25b1a32b4361592f1be8a40337c58d6c; Ubuntu 1.52.0+dfsg-5build1 runtime packages,espeakng_russian_formant:ru:w225:p50:a100,not_applicable:text_only_formant_tts_no_reference_audio,local_cpu_espeakng_formant,offline_text_only_formant_tts,16000,wav,none,,2026-08-15T14:00:00+06:00
voxforge_ru_mdc_2026_05:submission:0b136ed481faac46f4ada62ea2b9dff965c4edd9be4a4268751a21f865fb7116:prompt:ru_0087,processed/v4/xlsr_sls_model_v4_calibration_materialization_v1/source/eb/eba59e830eb450adfc0025ab74c9357c9205d7a14411853e99c884794fd7e19f.wav,62d7e072b5508ecfa67cb871a392bcebddb0bbb5308156f3d0110537bad5c4ff,test,bonafide,ru,unknown,voxforge_ru_mdc_2026_05:contributor:351d08e9f3693083ea6a9702b3c15216f80ed958b0bb80026fa2bdcd18487cd3,voxforge_ru_mdc_2026_05_v4_calibration,GPL-3.0-or-later,Pinned VoxForge Russian GPL-3.0-or-later archive; one frozen local personal-research calibration-preparation route only,voxforge_ru_mdc_2026_05:contributor:351d08e9f3693083ea6a9702b3c15216f80ed958b0bb80026fa2bdcd18487cd3,ru_0087,ff5fa09d83d28397669ab1932464a7066485643014a14c3575ef957b496f0bf1,8.125,,,,,,unknown,voxforge_submission_read_speech,16000,wav,none,,2026-08-15T14:00:00+06:00
voxforge_ru_mdc_2026_05_v4_calibration_espeakng:3d72104908c9c06a,processed/v4/xlsr_sls_model_v4_calibration_materialization_v1/spoof/ce/cef9479eced856eed4a3a0d4bd1c144076f65389c7155d4bfb4d3e6c75314130.wav,3a58a572bacacb3661535b4a0d6b1fec623f4520134246477384db341d6072b6,test,spoof,ru,unknown,voxforge_ru_mdc_2026_05_v4_calibration_espeakng:text-only:espeakng_russian_formant:ru:w225:p65:a100,voxforge_ru_mdc_2026_05_v4_calibration_espeakng,VoxForge GPL-3.0-or-later text; eSpeak NG GPL-3.0-or-later; bundled Ubuntu runtime packages retain their declared package licenses,"One-shot offline text-only derivative of frozen VoxForge prompt ru_0087; no reference audio, cloning, resynthesis or replacement",voxforge_ru_mdc_2026_05_v4_calibration_espeakng:synthetic-control:espeakng_russian_formant:ru:w225:p65:a100,ru_0087,ff5fa09d83d28397669ab1932464a7066485643014a14c3575ef957b496f0bf1,3.5489375,formant_rule_based_tts,eSpeak NG Russian formant synthesizer,eSpeak NG 1.52.0 source-4870adfa25b1a32b4361592f1be8a40337c58d6c; Ubuntu 1.52.0+dfsg-5build1 runtime packages,espeakng_russian_formant:ru:w225:p65:a100,not_applicable:text_only_formant_tts_no_reference_audio,local_cpu_espeakng_formant,offline_text_only_formant_tts,16000,wav,none,,2026-08-15T14:00:00+06:00
voxforge_ru_mdc_2026_05:submission:42ca9f1405f9e6947902b821a65288cc2b993de88a5b4354997ea0808de19a03:prompt:ru_0062,processed/v4/xlsr_sls_model_v4_calibration_materialization_v1/source/4b/4b62af0fe3b6bc370a82fffe024c3eba2dc382a34ee355d075439d56c42d66e8.wav,d642d32b424504c9d5373f2068711fb5dcbc17a6734315ba8e4293c033625ac8,test,bonafide,ru,unknown,voxforge_ru_mdc_2026_05:contributor:230a75044604f0a83f438646c79c69d260bf40036fe175ef6ba093fac5d2dd07,voxforge_ru_mdc_2026_05_v4_calibration,GPL-3.0-or-later,Pinned VoxForge Russian GPL-3.0-or-later archive; one frozen local personal-research calibration-preparation route only,voxforge_ru_mdc_2026_05:contributor:230a75044604f0a83f438646c79c69d260bf40036fe175ef6ba093fac5d2dd07,ru_0062,9884e454e22a06ce7ce0ccf6e9a316d0987d5fa6b3d03e00089cf8f3fa931d98,6.3146875,,,,,,unknown,voxforge_submission_read_speech,16000,wav,none,,2026-08-15T14:00:00+06:00
voxforge_ru_mdc_2026_05_v4_calibration_espeakng:fa5fe4a32e6100ec,processed/v4/xlsr_sls_model_v4_calibration_materialization_v1/spoof/b2/b231586169df51a31a9f77880030b62cb3afb5fd99f66f5077812765da4a546c.wav,dd503ebc55dd34e172ce629f87bc2ae38b67736e740f6caa65a8926082ac7f6e,test,spoof,ru,unknown,voxforge_ru_mdc_2026_05_v4_calibration_espeakng:text-only:espeakng_russian_formant:ru:w150:p35:a100,voxforge_ru_mdc_2026_05_v4_calibration_espeakng,VoxForge GPL-3.0-or-later text; eSpeak NG GPL-3.0-or-later; bundled Ubuntu runtime packages retain their declared package licenses,"One-shot offline text-only derivative of frozen VoxForge prompt ru_0062; no reference audio, cloning, resynthesis or replacement",voxforge_ru_mdc_2026_05_v4_calibration_espeakng:synthetic-control:espeakng_russian_formant:ru:w150:p35:a100,ru_0062,9884e454e22a06ce7ce0ccf6e9a316d0987d5fa6b3d03e00089cf8f3fa931d98,4.28875,formant_rule_based_tts,eSpeak NG Russian formant synthesizer,eSpeak NG 1.52.0 source-4870adfa25b1a32b4361592f1be8a40337c58d6c; Ubuntu 1.52.0+dfsg-5build1 runtime packages,espeakng_russian_formant:ru:w150:p35:a100,not_applicable:text_only_formant_tts_no_reference_audio,local_cpu_espeakng_formant,offline_text_only_formant_tts,16000,wav,none,,2026-08-15T14:00:00+06:00
voxforge_ru_mdc_2026_05:submission:688c0925b1d72175f8a87c2b6fbdd691982870fa77c76164e2baffffd5b567b0:prompt:ru_0076,processed/v4/xlsr_sls_model_v4_calibration_materialization_v1/source/4c/4c6bcb8168e2a2bfb0b4496fa4fbd4b7305e274dd6f4733319b4b9814587675b.wav,e37bafe00a249dd0d9413c203b95e60f521de3ed86329915350501f1196a2851,test,bonafide,ru,unknown,voxforge_ru_mdc_2026_05:contributor:742b9bb2306eb494bbd3b50593a32cfe621fa9b3228ccfdc119dfd44155b5662,voxforge_ru_mdc_2026_05_v4_calibration,GPL-3.0-or-later,Pinned VoxForge Russian GPL-3.0-or-later archive; one frozen local personal-research calibration-preparation route only,voxforge_ru_mdc_2026_05:contributor:742b9bb2306eb494bbd3b50593a32cfe621fa9b3228ccfdc119dfd44155b5662,ru_0076,5145292f8f43bcc9aa987ce9ac6d5bd5635141363a28208547fc6e98e2f746ef,5.875,,,,,,unknown,voxforge_submission_read_speech,16000,wav,none,,2026-08-15T14:00:00+06:00
voxforge_ru_mdc_2026_05_v4_calibration_espeakng:7c56a14d536aa91f,processed/v4/xlsr_sls_model_v4_calibration_materialization_v1/spoof/09/092f9fa64959cfb60185bf282f6a377e7735bdbbccaa1fe8518ff443f9fdd881.wav,cf6361125bc74ee0e4df1488334271a5327771d84c3ae9e679bb4df46f27d58f,test,spoof,ru,unknown,voxforge_ru_mdc_2026_05_v4_calibration_espeakng:text-only:espeakng_russian_formant:ru:w150:p50:a100,voxforge_ru_mdc_2026_05_v4_calibration_espeakng,VoxForge GPL-3.0-or-later text; eSpeak NG GPL-3.0-or-later; bundled Ubuntu runtime packages retain their declared package licenses,"One-shot offline text-only derivative of frozen VoxForge prompt ru_0076; no reference audio, cloning, resynthesis or replacement",voxforge_ru_mdc_2026_05_v4_calibration_espeakng:synthetic-control:espeakng_russian_formant:ru:w150:p50:a100,ru_0076,5145292f8f43bcc9aa987ce9ac6d5bd5635141363a28208547fc6e98e2f746ef,5.2278125,formant_rule_based_tts,eSpeak NG Russian formant synthesizer,eSpeak NG 1.52.0 source-4870adfa25b1a32b4361592f1be8a40337c58d6c; Ubuntu 1.52.0+dfsg-5build1 runtime packages,espeakng_russian_formant:ru:w150:p50:a100,not_applicable:text_only_formant_tts_no_reference_audio,local_cpu_espeakng_formant,offline_text_only_formant_tts,16000,wav,none,,2026-08-15T14:00:00+06:00
voxforge_ru_mdc_2026_05:submission:2a7d991d507bdd68a7180caad5a210c406f3c8076327dd01585448966946f9be:prompt:ru_0024,processed/v4/xlsr_sls_model_v4_calibration_materialization_v1/source/34/342ee208cc42afeee1a8a6748da5c7e2ccfbe63eed7fd6377ba7aca8d9f4c22c.wav,9636de8a60e422599769a25e975ab0a6a1c4cf01db7a45daceb479595561cba9,test,bonafide,ru,unknown,voxforge_ru_mdc_2026_05:contributor:80ac4d0dbe94299a7e3809ac0c4778c2177f3780ba64144cdcb99f375d2ee4df,voxforge_ru_mdc_2026_05_v4_calibration,GPL-3.0-or-later,Pinned VoxForge Russian GPL-3.0-or-later archive; one frozen local personal-research calibration-preparation route only,voxforge_ru_mdc_2026_05:contributor:80ac4d0dbe94299a7e3809ac0c4778c2177f3780ba64144cdcb99f375d2ee4df,ru_0024,832fa9cf05a6e5ceee1bc8c94f285a07ee7974406efbcf225ca27965a84e7b93,7.5506875,,,,,,unknown,voxforge_submission_read_speech,16000,wav,none,,2026-08-15T14:00:00+06:00
voxforge_ru_mdc_2026_05_v4_calibration_espeakng:204b3970c4263d67,processed/v4/xlsr_sls_model_v4_calibration_materialization_v1/spoof/90/9080a099c577d4813a6b4d543ff30a27ac57fa71ede647e9364ebe869cecfcab.wav,b6bb2048cd48c421aae240c004e5996dd27bc2fd07adadabe043eda3159999d1,test,spoof,ru,unknown,voxforge_ru_mdc_2026_05_v4_calibration_espeakng:text-only:espeakng_russian_formant:ru:w150:p65:a100,voxforge_ru_mdc_2026_05_v4_calibration_espeakng,VoxForge GPL-3.0-or-later text; eSpeak NG GPL-3.0-or-later; bundled Ubuntu runtime packages retain their declared package licenses,"One-shot offline text-only derivative of frozen VoxForge prompt ru_0024; no reference audio, cloning, resynthesis or replacement",voxforge_ru_mdc_2026_05_v4_calibration_espeakng:synthetic-control:espeakng_russian_formant:ru:w150:p65:a100,ru_0024,832fa9cf05a6e5ceee1bc8c94f285a07ee7974406efbcf225ca27965a84e7b93,5.169625,formant_rule_based_tts,eSpeak NG Russian formant synthesizer,eSpeak NG 1.52.0 source-4870adfa25b1a32b4361592f1be8a40337c58d6c; Ubuntu 1.52.0+dfsg-5build1 runtime packages,espeakng_russian_formant:ru:w150:p65:a100,not_applicable:text_only_formant_tts_no_reference_audio,local_cpu_espeakng_formant,offline_text_only_formant_tts,16000,wav,none,,2026-08-15T14:00:00+06:00
voxforge_ru_mdc_2026_05:submission:8557c9b7adee7fcfd8ef7d1feae44327316d19ce2e3e31383418dd2ea25d5638:prompt:ru_0085,processed/v4/xlsr_sls_model_v4_calibration_materialization_v1/source/95/951ffdb0447e143c167e090c94f05fff271c158c3549e7f709c7c515011aae2f.wav,f00ab86147b8fd0f14e6437e1f05669effffa31073303867f6c96d8a8790c44f,test,bonafide,ru,unknown,voxforge_ru_mdc_2026_05:contributor:766a5ad0a3494a7f2089692e368ac32f974ab0995a32ba605c64148de06f6a05,voxforge_ru_mdc_2026_05_v4_calibration,GPL-3.0-or-later,Pinned VoxForge Russian GPL-3.0-or-later archive; one frozen local personal-research calibration-preparation route only,voxforge_ru_mdc_2026_05:contributor:766a5ad0a3494a7f2089692e368ac32f974ab0995a32ba605c64148de06f6a05,ru_0085,3d597365c359fec931bb87e7c6dafec022cbe79a19c5305b1549c2eb88b8a3f6,10.625,,,,,,unknown,voxforge_submission_read_speech,16000,wav,none,,2026-08-15T14:00:00+06:00
voxforge_ru_mdc_2026_05_v4_calibration_espeakng:70c5f9581d1e8d91,processed/v4/xlsr_sls_model_v4_calibration_materialization_v1/spoof/b2/b2046476ef3ad3af0c4f5941f6294f4005dfc547fa22f79def247640c6ae061f.wav,4bf53424aaa5a733b8bcbeef5d49eb9cc9992c02ba730de3525801751b89747d,test,spoof,ru,unknown,voxforge_ru_mdc_2026_05_v4_calibration_espeakng:text-only:espeakng_russian_formant:ru:w175:p50:a100,voxforge_ru_mdc_2026_05_v4_calibration_espeakng,VoxForge GPL-3.0-or-later text; eSpeak NG GPL-3.0-or-later; bundled Ubuntu runtime packages retain their declared package licenses,"One-shot offline text-only derivative of frozen VoxForge prompt ru_0085; no reference audio, cloning, resynthesis or replacement",voxforge_ru_mdc_2026_05_v4_calibration_espeakng:synthetic-control:espeakng_russian_formant:ru:w175:p50:a100,ru_0085,3d597365c359fec931bb87e7c6dafec022cbe79a19c5305b1549c2eb88b8a3f6,5.0399375,formant_rule_based_tts,eSpeak NG Russian formant synthesizer,eSpeak NG 1.52.0 source-4870adfa25b1a32b4361592f1be8a40337c58d6c; Ubuntu 1.52.0+dfsg-5build1 runtime packages,espeakng_russian_formant:ru:w175:p50:a100,not_applicable:text_only_formant_tts_no_reference_audio,local_cpu_espeakng_formant,offline_text_only_formant_tts,16000,wav,none,,2026-08-15T14:00:00+06:00
voxforge_ru_mdc_2026_05:submission:48981f0204bf6c2cbbce284f154afb8f04adf51d06a7dc5b6bbabe73667fb59b:prompt:ru_0016,processed/v4/xlsr_sls_model_v4_calibration_materialization_v1/source/36/365cfe5d727556339843246269f618bfd5f90209496e1e93316935e792394fdd.wav,7c43503bec2faef22b4f4121b520f634da5a54c88f3b706d37b1aa1fb41150ec,test,bonafide,ru,unknown,voxforge_ru_mdc_2026_05:contributor:bdea8126c75ef303cddc55c959e4dfc1ad3bec9ad860b6cd0acfbab9ee7a4ed3,voxforge_ru_mdc_2026_05_v4_calibration,GPL-3.0-or-later,Pinned VoxForge Russian GPL-3.0-or-later archive; one frozen local personal-research calibration-preparation route only,voxforge_ru_mdc_2026_05:contributor:bdea8126c75ef303cddc55c959e4dfc1ad3bec9ad860b6cd0acfbab9ee7a4ed3,ru_0016,f2c3126412f64494c9edf7e3128d71c0cd4e225ec005f3fad3b76756e561bd47,6.5,,,,,,unknown,voxforge_submission_read_speech,16000,wav,none,,2026-08-15T14:00:00+06:00
voxforge_ru_mdc_2026_05_v4_calibration_espeakng:6c9c80a392346e87,processed/v4/xlsr_sls_model_v4_calibration_materialization_v1/spoof/98/98adb9b86c006953e5bde7375fcd9b217ce4218701479c8d9c9bcda5e7b2fc61.wav,7e596297a4299fbd249ddbbdd277e12afbcae1cdf2718c34448e8101c5cfb861,test,spoof,ru,unknown,voxforge_ru_mdc_2026_05_v4_calibration_espeakng:text-only:espeakng_russian_formant:ru:w175:p65:a100,voxforge_ru_mdc_2026_05_v4_calibration_espeakng,VoxForge GPL-3.0-or-later text; eSpeak NG GPL-3.0-or-later; bundled Ubuntu runtime packages retain their declared package licenses,"One-shot offline text-only derivative of frozen VoxForge prompt ru_0016; no reference audio, cloning, resynthesis or replacement",voxforge_ru_mdc_2026_05_v4_calibration_espeakng:synthetic-control:espeakng_russian_formant:ru:w175:p65:a100,ru_0016,f2c3126412f64494c9edf7e3128d71c0cd4e225ec005f3fad3b76756e561bd47,4.9179375,formant_rule_based_tts,eSpeak NG Russian formant synthesizer,eSpeak NG 1.52.0 source-4870adfa25b1a32b4361592f1be8a40337c58d6c; Ubuntu 1.52.0+dfsg-5build1 runtime packages,espeakng_russian_formant:ru:w175:p65:a100,not_applicable:text_only_formant_tts_no_reference_audio,local_cpu_espeakng_formant,offline_text_only_formant_tts,16000,wav,none,,2026-08-15T14:00:00+06:00
voxforge_ru_mdc_2026_05:submission:a697e467026d3c2ffe4fbbffde26fc07f65238378122ac299eb02331dc9e50e1:prompt:ru_0027,processed/v4/xlsr_sls_model_v4_calibration_materialization_v1/source/4f/4f6d4c9993bb7127fdec9ee53b69e9ca0a90c361220e949505716e729d2e361a.wav,f779c5e09afb94b3ef2971a3bf5e1753bbe469d75566e7cbe0402457b513bc6d,test,bonafide,ru,unknown,voxforge_ru_mdc_2026_05:contributor:b59394cd2039ad18d9b47434498eaa794ce80b29b0e86f16018b2b1aaf94de0c,voxforge_ru_mdc_2026_05_v4_calibration,GPL-3.0-or-later,Pinned VoxForge Russian GPL-3.0-or-later archive; one frozen local personal-research calibration-preparation route only,voxforge_ru_mdc_2026_05:contributor:b59394cd2039ad18d9b47434498eaa794ce80b29b0e86f16018b2b1aaf94de0c,ru_0027,da308253aab90d5d753f1beacee0625a501ccae6a70e10fee426a2e475866a14,7.0,,,,,,unknown,voxforge_submission_read_speech,16000,wav,none,,2026-08-15T14:00:00+06:00
voxforge_ru_mdc_2026_05_v4_calibration_espeakng:07984c401db846e8,processed/v4/xlsr_sls_model_v4_calibration_materialization_v1/spoof/dd/dd7af2ec5ecdc9e4df858bbcf245f4b55d46f1eefbfd648621901f7dd017f7dc.wav,d1412aaac742929f930a89a26bed277209757fa9e2a3cfb54a339bdcbec71a5c,test,spoof,ru,unknown,voxforge_ru_mdc_2026_05_v4_calibration_espeakng:text-only:espeakng_russian_formant:ru:w200:p35:a100,voxforge_ru_mdc_2026_05_v4_calibration_espeakng,VoxForge GPL-3.0-or-later text; eSpeak NG GPL-3.0-or-later; bundled Ubuntu runtime packages retain their declared package licenses,"One-shot offline text-only derivative of frozen VoxForge prompt ru_0027; no reference audio, cloning, resynthesis or replacement",voxforge_ru_mdc_2026_05_v4_calibration_espeakng:synthetic-control:espeakng_russian_formant:ru:w200:p35:a100,ru_0027,da308253aab90d5d753f1beacee0625a501ccae6a70e10fee426a2e475866a14,2.6684375,formant_rule_based_tts,eSpeak NG Russian formant synthesizer,eSpeak NG 1.52.0 source-4870adfa25b1a32b4361592f1be8a40337c58d6c; Ubuntu 1.52.0+dfsg-5build1 runtime packages,espeakng_russian_formant:ru:w200:p35:a100,not_applicable:text_only_formant_tts_no_reference_audio,local_cpu_espeakng_formant,offline_text_only_formant_tts,16000,wav,none,,2026-08-15T14:00:00+06:00
