kind,selection_rank,sample_id,paired_source_sample_id,text_id,text_hash,raw_relative_path,raw_audio_sha256,decoded_relative_path,decoded_audio_sha256,preparation_status,eligibility_status,rejection_reason,historical_raw_exact_match_count,historical_decoded_exact_match_count,historical_near_match_count,within_pool_near_match_count
source,1,voxforge_ru_mdc_2026_05:submission:3dea5d802a71a74e87e54b66af8a7f935578da4d5d38dc0359d157b5cabfa6e0:prompt:ru_0080,,ru_0080,9927b4d18c75e34f81fcee14802dbe116e6612854e9555c06441beaf3dda9034,raw/v4/xlsr_sls_model_v4_calibration_materialization_v1/voxforge_source/voxforge_ru_001.wav,1804cbaeb9b7171bf1b3c4dd1aa874c5d89e2fc8767c4a8d33bc624cebbdc82f,processed/v4/xlsr_sls_model_v4_calibration_materialization_v1/source/18/1804cbaeb9b7171bf1b3c4dd1aa874c5d89e2fc8767c4a8d33bc624cebbdc82f.wav,54fa50f1e13b46bab0795caba3046c66014cb27632049a08b95df758fb4e7bc4,ready,eligible,,0,0,0,0
source,2,voxforge_ru_mdc_2026_05:submission:697a2a42dc31e9e3220f40edaf5d74b04064217e330597d7a74418efe1a49618:prompt:ru_0034,,ru_0034,9f67f74f3952768ae15d904ddb769dfa398f0e1ac789f9b6408b1f4bcda65ddf,raw/v4/xlsr_sls_model_v4_calibration_materialization_v1/voxforge_source/voxforge_ru_002.wav,026f6d61b3cf97dc1fd0879784fe7c41d993d1fe52fb00c8da0e8022f40f4f57,processed/v4/xlsr_sls_model_v4_calibration_materialization_v1/source/02/026f6d61b3cf97dc1fd0879784fe7c41d993d1fe52fb00c8da0e8022f40f4f57.wav,7776c137f8e6bc328945ef5a20e785c84ce91ed119c3ab9e58f2385e7973d570,ready,eligible,,0,0,0,0
source,3,voxforge_ru_mdc_2026_05:submission:bee37a2f7bcd17283dacea870beb65906c9c4221fa5d96ffb15186567f205565:prompt:ru_0093,,ru_0093,2fb07fa78b8cc40b49e23990400f9613ab10d99f8c864a9c2122d3f31dfdc6b1,raw/v4/xlsr_sls_model_v4_calibration_materialization_v1/voxforge_source/voxforge_ru_003.wav,03dad47bce9e6a31273620c1afec6fc567f88d8487b5b6d1b389d08d284391ad,processed/v4/xlsr_sls_model_v4_calibration_materialization_v1/source/03/03dad47bce9e6a31273620c1afec6fc567f88d8487b5b6d1b389d08d284391ad.wav,6814b721213667c3f2a8ac9414c50afcaf2b217a1739c67ad0d4a8f3370ba576,ready,eligible,,0,0,0,0
source,4,voxforge_ru_mdc_2026_05:submission:ccce998f6d17ab95eec66216892bf67c21f8e3c0a7739a3e662ef101bd79c7c1:prompt:ru_0084,,ru_0084,27b87e5ff53041cef952435b211bc61ecfd6a5c91e7fb542e4e1bda0196a4f68,raw/v4/xlsr_sls_model_v4_calibration_materialization_v1/voxforge_source/voxforge_ru_004.wav,b24a807a292f1dd2b47816ca5c4f83c95e603f41d95301f5f291ac2d22cd43d9,processed/v4/xlsr_sls_model_v4_calibration_materialization_v1/source/b2/b24a807a292f1dd2b47816ca5c4f83c95e603f41d95301f5f291ac2d22cd43d9.wav,d6eddb0eaab9f5dc7b51d1fd5e1f067dfe1b8262804345df4be3f26639301359,ready,eligible,,0,0,0,0
source,5,voxforge_ru_mdc_2026_05:submission:983e33922e65eb41f15de60881bc2c70b9028385238aaf25e742fb0678aef95b:prompt:ru_0095,,ru_0095,ad9886d653ff552c0c88cd48f4b3b65d03650f845a21b346dc7a07953a3dd4be,raw/v4/xlsr_sls_model_v4_calibration_materialization_v1/voxforge_source/voxforge_ru_005.wav,2a7b14d97c0db3f5bd71d8f6796254430995ed5337128ea12777829835b16ed4,processed/v4/xlsr_sls_model_v4_calibration_materialization_v1/source/2a/2a7b14d97c0db3f5bd71d8f6796254430995ed5337128ea12777829835b16ed4.wav,2bf6f823fd48c34bbba553fe78371b2957d01eff1d7d7ee71c98a0c277a2bcbf,ready,eligible,,0,0,0,0
source,6,voxforge_ru_mdc_2026_05:submission:1ed09619f6f1c2296941a0dc09cd947b14ee3c19afc1963230feee0f0eac93d1:prompt:ru_0071,,ru_0071,17b42c6b88dbec6781dfd75a95515ed8b5cc79d84b87c3f8514500ea95485d20,raw/v4/xlsr_sls_model_v4_calibration_materialization_v1/voxforge_source/voxforge_ru_006.wav,78bc496b98457dc353d2a744a2b2c7e8c8a3ff3970512110cd2e47497a3f2a45,processed/v4/xlsr_sls_model_v4_calibration_materialization_v1/source/78/78bc496b98457dc353d2a744a2b2c7e8c8a3ff3970512110cd2e47497a3f2a45.wav,7b090277792607ffb0f0a5fac5cf859e2f1c1324b162f10f315fd168b61aac51,ready,eligible,,0,0,0,0
source,7,voxforge_ru_mdc_2026_05:submission:977e306fb59238a0f47820f5b4bd3779e6b2dbc46c5a163ec6f43cdd58ee8be3:prompt:ru_0099,,ru_0099,bfa4ce54fc99232f374cf7059b6005b5ac19d6ab2b4bb7d1145f90d9f6ba45f5,raw/v4/xlsr_sls_model_v4_calibration_materialization_v1/voxforge_source/voxforge_ru_007.wav,3c349105f10b57099ebb54a4e1fd4dd595a861962a3c8f741315c36a7bc405f9,processed/v4/xlsr_sls_model_v4_calibration_materialization_v1/source/3c/3c349105f10b57099ebb54a4e1fd4dd595a861962a3c8f741315c36a7bc405f9.wav,c3f3e6f4933531199ef7ff138044fff9321ded3aa38c791ec476bb224091e81a,ready,eligible,,0,0,0,0
source,8,voxforge_ru_mdc_2026_05:submission:f903ce15a1dcd4af93bdabe54931b21a001b822e43b7c20f9ba952d789584419:prompt:ru_0037,,ru_0037,03e27fb4aaef118ebde94b602a917c86d9dee8f8f0b33160ea27103fcdc81920,raw/v4/xlsr_sls_model_v4_calibration_materialization_v1/voxforge_source/voxforge_ru_008.wav,49038f6a21427a5c4e9e370d90b0b4ef261ffc96f860c33f4ed8ffe1753f9c24,processed/v4/xlsr_sls_model_v4_calibration_materialization_v1/source/49/49038f6a21427a5c4e9e370d90b0b4ef261ffc96f860c33f4ed8ffe1753f9c24.wav,609b28d64aba1453def6a7b86d1864816cdf2f38f3b88e3dccf7af39d1998a4f,ready,eligible,,0,0,0,0
source,9,voxforge_ru_mdc_2026_05:submission:e6e10c66628bb6762f15d3ac922946c1e90a37d18098f97ec983ff0f50e3528c:prompt:ru_0081,,ru_0081,05a4c32e8a6833c589dddb3eb627e0ec22a5419bb12e7ebf8efbc24a86c6a75e,raw/v4/xlsr_sls_model_v4_calibration_materialization_v1/voxforge_source/voxforge_ru_009.wav,347c9b68e9c4a2f898dfdfcd42d40e331d5cde548c1593b5ee0e1b8ddc4bae4f,processed/v4/xlsr_sls_model_v4_calibration_materialization_v1/source/34/347c9b68e9c4a2f898dfdfcd42d40e331d5cde548c1593b5ee0e1b8ddc4bae4f.wav,b65e2da72751f5adcbc7c16ac10bfab4f1a2379118715640e527ffc1ee9a1b67,ready,eligible,,0,0,0,0
source,10,voxforge_ru_mdc_2026_05:submission:9705af63fea9b20ccfcd5da9108543b8313891c4a425afef3d53c392c462ba65:prompt:ru_0005,,ru_0005,f8799fd853a9313a976569882abab1a17617918d46fb9cd8a0850e28118957d4,raw/v4/xlsr_sls_model_v4_calibration_materialization_v1/voxforge_source/voxforge_ru_010.wav,9e09ebd7e77fbec0d1efbad22009a1ee0c8cccc34d48db21c8d5b18726c2b722,processed/v4/xlsr_sls_model_v4_calibration_materialization_v1/source/9e/9e09ebd7e77fbec0d1efbad22009a1ee0c8cccc34d48db21c8d5b18726c2b722.wav,de75912bea2cdbbd5af59c057c85c2abed32828eebee597e720c596eb8c5b6b8,ready,eligible,,0,0,0,0
source,11,voxforge_ru_mdc_2026_05:submission:066f99c098a54953c6a0ca77d3b543eeea55c7c853d87be24dc0f7bcc43baf7b:prompt:ru_0086,,ru_0086,8f4e0f69ac1adab6327cfe9e59bf3e75a5b69a37dc84149fefa1d20aacabbbde,raw/v4/xlsr_sls_model_v4_calibration_materialization_v1/voxforge_source/voxforge_ru_011.wav,316566fc03821de2d02bff8c4648bc86fd557b08f1ea926ab9a5c6b589842b1f,processed/v4/xlsr_sls_model_v4_calibration_materialization_v1/source/31/316566fc03821de2d02bff8c4648bc86fd557b08f1ea926ab9a5c6b589842b1f.wav,6f087140253cbd27c8ea146af8c45751db740f8c83d78f19f324b1ed8fea87d8,ready,eligible,,0,0,0,0
source,12,voxforge_ru_mdc_2026_05:submission:3d6e01a3b13a724afc0aad6c82f0f232fa411b63b69055bf9dc10f6671c74ecb:prompt:ru_0049,,ru_0049,71ded13536a7ebbff6a1f4617c9c6c1ccf554e0d3023295efe865975957dfd94,raw/v4/xlsr_sls_model_v4_calibration_materialization_v1/voxforge_source/voxforge_ru_012.wav,1e46f3053ef7a22fa29e8a2256c3ba8afe68de18edec4479f8090207a99451ec,processed/v4/xlsr_sls_model_v4_calibration_materialization_v1/source/1e/1e46f3053ef7a22fa29e8a2256c3ba8afe68de18edec4479f8090207a99451ec.wav,86b9919a05019876d4bdda4d4767c23dbbca658b961c2e6c3674d2a26588ddca,ready,eligible,,0,0,0,0
source,13,voxforge_ru_mdc_2026_05:submission:b82e5249fa4420e81262871a57a3f3a8604732505ae6afd130f915addef724fb:prompt:ru_0073,,ru_0073,9a173921f0cdb179f2abd90d8c7a2477c3b9e30b1176fb5dfe3aa4b4c3709941,raw/v4/xlsr_sls_model_v4_calibration_materialization_v1/voxforge_source/voxforge_ru_013.wav,277e84d5f80ae6c0fdf795316cc9e32fcd76801061668af75a85ffe2f2409ed2,processed/v4/xlsr_sls_model_v4_calibration_materialization_v1/source/27/277e84d5f80ae6c0fdf795316cc9e32fcd76801061668af75a85ffe2f2409ed2.wav,e84e3a8f7f1d9137ee9fb1faa773e793c9d1f854f50418572da505708b454099,ready,eligible,,0,0,0,0
source,14,voxforge_ru_mdc_2026_05:submission:1c315bf80b6633b861867afc10efa09cb7b74596752d5a3cd7535120d0c5bc2a:prompt:ru_0088,,ru_0088,8a0cf255b24de364f14537864bc5ab8ee094668c74dbb2c9c279b7a574973f97,raw/v4/xlsr_sls_model_v4_calibration_materialization_v1/voxforge_source/voxforge_ru_014.wav,c7c500664e73f03b098428fe9fc306a01afa35fbe632da3e3edbddf5cf2bb687,processed/v4/xlsr_sls_model_v4_calibration_materialization_v1/source/c7/c7c500664e73f03b098428fe9fc306a01afa35fbe632da3e3edbddf5cf2bb687.wav,3e8162867a54d86a270907ae7c4c2c42a1c34ba23d8abac69cca358badf49f55,ready,eligible,,0,0,0,0
source,15,voxforge_ru_mdc_2026_05:submission:a671e0dc06311ad38fe7274641a2a9d9a777383bf2cc0a9250bd4b8dd3209ffc:prompt:ru_0015,,ru_0015,6cbf385566deef9216dba8d96b52613d7dc3cbe52ad79631237c672891525f83,raw/v4/xlsr_sls_model_v4_calibration_materialization_v1/voxforge_source/voxforge_ru_015.wav,02279dac93169a2d2eca360d819a5d4a58b81b5038dd0349296aea1cc9be41fc,processed/v4/xlsr_sls_model_v4_calibration_materialization_v1/source/02/02279dac93169a2d2eca360d819a5d4a58b81b5038dd0349296aea1cc9be41fc.wav,74fa6e5ae60faf944d33d70c6dfd09297c9c1aad194ed12a17abf68d367d0491,ready,eligible,,0,0,0,0
source,16,voxforge_ru_mdc_2026_05:submission:5ed207d608a642598315573c3f7af61d746bedbc4785e651843a30b167ede30a:prompt:ru_0014,,ru_0014,7d4e89671802658713e39df7281f4bb22291d2f707447701bf4c10b2ff6754df,raw/v4/xlsr_sls_model_v4_calibration_materialization_v1/voxforge_source/voxforge_ru_016.wav,2a30c8e8d0b102ac81bfdc29e60292d87cd2aba78c66810c0ee827d80e88f64c,processed/v4/xlsr_sls_model_v4_calibration_materialization_v1/source/2a/2a30c8e8d0b102ac81bfdc29e60292d87cd2aba78c66810c0ee827d80e88f64c.wav,97c3ea1f022d9d27659a9f38bbe24329f4a1729324740bb616e0b30442fb47f1,ready,eligible,,0,0,0,0
source,17,voxforge_ru_mdc_2026_05:submission:bd92625ec07cb9bcc3a6c85578847172ac436e4dc35ac7b5c4ab21e5ef30d81f:prompt:ru_0009,,ru_0009,75a97bdbd3ebf02b18ddff117ae954b7ef11da546aa9ce854b5f59c98e1c2d2c,raw/v4/xlsr_sls_model_v4_calibration_materialization_v1/voxforge_source/voxforge_ru_017.wav,5b40bdc46dff351ac39825e94dbe223d3a7eb123327c629ff4c22f8dbcb38915,processed/v4/xlsr_sls_model_v4_calibration_materialization_v1/source/5b/5b40bdc46dff351ac39825e94dbe223d3a7eb123327c629ff4c22f8dbcb38915.wav,2dfb26ffbe3fcb3c47b9c1a7ef40ab2d49a8b24076b27dbf17fa12d864c2c060,ready,eligible,,0,0,0,0
source,18,voxforge_ru_mdc_2026_05:submission:d67e038bb43351ed21e1d2ab200b4003a902e8a54ae585d887a279e91dadfc00:prompt:ru_0077,,ru_0077,a31d839d7908e49b34ea47243410d8fbc5f8b1552fa6bb0d32a748617e8c5ac5,raw/v4/xlsr_sls_model_v4_calibration_materialization_v1/voxforge_source/voxforge_ru_018.wav,fa9adaa6144f26eca9e8c1d5244fca29ee34e64547fc50510612cf65c82b0b94,processed/v4/xlsr_sls_model_v4_calibration_materialization_v1/source/fa/fa9adaa6144f26eca9e8c1d5244fca29ee34e64547fc50510612cf65c82b0b94.wav,8c1b4ccc5d1ecb730f8300e7fe235d99b5528aac0477875acaae164748b4cdd6,ready,eligible,,0,0,0,0
source,19,voxforge_ru_mdc_2026_05:submission:996af8e6a706cdd4dface56d1512584ee4b0831d4a354d1a445d0df5b1880c2b:prompt:ru_0100,,ru_0100,9224f19e638722550a950fa63b66a5fcb20c11d6c6d50897bdac3f493ef421a9,raw/v4/xlsr_sls_model_v4_calibration_materialization_v1/voxforge_source/voxforge_ru_019.wav,720c94ccead2b4c17090ce2c70286c6bf30a83db8d20ed87f42f57c437dfeb86,processed/v4/xlsr_sls_model_v4_calibration_materialization_v1/source/72/720c94ccead2b4c17090ce2c70286c6bf30a83db8d20ed87f42f57c437dfeb86.wav,de209cfd373f6691cdff48ebed02b6dc5ee491d8c312bc62bb5a9d0ca5b10394,insufficient_speech,rejected,insufficient_speech,0,0,0,0
source,20,voxforge_ru_mdc_2026_05:submission:5995db2998443156a3c27a0f0a022e3f3a25c8835724534d6627ed951a2768f4:prompt:ru_0044,,ru_0044,793a393e7cb9ac2885eaf11fac28aece840360415750df5df604a8d287470df0,raw/v4/xlsr_sls_model_v4_calibration_materialization_v1/voxforge_source/voxforge_ru_020.wav,7584787cc223beef3c1afaa9b720685b797040411412323c37e500f539808d28,processed/v4/xlsr_sls_model_v4_calibration_materialization_v1/source/75/7584787cc223beef3c1afaa9b720685b797040411412323c37e500f539808d28.wav,30d3710bf427bb857a40aeb3548dacf9845b2cffb7dbbc3e11d52989872a947c,ready,eligible,,0,0,0,0
source,21,voxforge_ru_mdc_2026_05:submission:4f1cc4bbce168879f2b212495cbe272a97cdc79234e98493f51454fbe8c6f521:prompt:ru_0008,,ru_0008,badaef8270a22d017c41d4d66a44e6b18b2d65f8c613d51b93845ffcaedb246b,raw/v4/xlsr_sls_model_v4_calibration_materialization_v1/voxforge_source/voxforge_ru_021.wav,1afe9cab5d4308b9d86c899a763cfb1c23af0febe0070412a969be6ea8162574,processed/v4/xlsr_sls_model_v4_calibration_materialization_v1/source/1a/1afe9cab5d4308b9d86c899a763cfb1c23af0febe0070412a969be6ea8162574.wav,0703cdb98002e3df3e8d855c8200953de67df7daff0f317d1c987f0d3fc5cc8e,ready,eligible,,0,0,0,0
source,22,voxforge_ru_mdc_2026_05:submission:da23929a193e177541440310c45721d2b16e728545b85a60cfdd99612181fc57:prompt:ru_0004,,ru_0004,29d3f0b98584fa601e2a45e4714fe370315148dd2842fb294e5c45f4f16eeff3,raw/v4/xlsr_sls_model_v4_calibration_materialization_v1/voxforge_source/voxforge_ru_022.wav,6cdd76e73f7e6766ceed2a6736ff1f0317b25a46bb74fdcd2cebfb3b0dc20e60,processed/v4/xlsr_sls_model_v4_calibration_materialization_v1/source/6c/6cdd76e73f7e6766ceed2a6736ff1f0317b25a46bb74fdcd2cebfb3b0dc20e60.wav,7c2ef2b8f59b62e98b9d777280227890f1481b62844d2d28947c36b394928286,ready,eligible,,0,0,0,0
source,23,voxforge_ru_mdc_2026_05:submission:3c0767a2a9f5de7a830dab25a37f6e61e2a2641b574e5a05aba6f023c1d82e46:prompt:ru_0068,,ru_0068,5212eb0fb22dbd4d23781f2127e25b13fc13e80b121cbb2abe58ff0754f52066,raw/v4/xlsr_sls_model_v4_calibration_materialization_v1/voxforge_source/voxforge_ru_023.wav,1d44d946ef91493647d444573ff2b94b6bb46f8cf0599b3ce98bf00aa1990fbc,processed/v4/xlsr_sls_model_v4_calibration_materialization_v1/source/1d/1d44d946ef91493647d444573ff2b94b6bb46f8cf0599b3ce98bf00aa1990fbc.wav,4bcbaec82baf056530de4b5b2927696e52a4a4c5f5d09933a55085091c3c39dc,ready,eligible,,0,0,0,0
source,24,voxforge_ru_mdc_2026_05:submission:092455e06bb80e4e2d39a4a0b6618392901308523dbbfe3b9b275ad7679c8ad8:prompt:ru_0054,,ru_0054,c00912f52abe2516888b66043d4dcc12f4b77010356a3b895aca698dfae61ccd,raw/v4/xlsr_sls_model_v4_calibration_materialization_v1/voxforge_source/voxforge_ru_024.wav,ad0ded92ba74d4d930fa0070ae439b1e411c381dda7ceb86639b15c0b32aa80b,processed/v4/xlsr_sls_model_v4_calibration_materialization_v1/source/ad/ad0ded92ba74d4d930fa0070ae439b1e411c381dda7ceb86639b15c0b32aa80b.wav,405a318c71567f1ca6e894ef043f62378c779ad5e526a4bdad190bf9bc17c757,ready,eligible,,0,0,0,0
source,25,voxforge_ru_mdc_2026_05:submission:6cfa817d2738f9369b26e9fa2b4d934a762cfff8d49a2b28d53a64252ba5feff:prompt:ru_0070,,ru_0070,d6b672f415b9cc11b195a7d417c851f06b0fd412fce28a0584b25110103eacf0,raw/v4/xlsr_sls_model_v4_calibration_materialization_v1/voxforge_source/voxforge_ru_025.wav,393006a068140a5213cc3764b57790d25e9d2fa229b722034deed4b1059d0d77,processed/v4/xlsr_sls_model_v4_calibration_materialization_v1/source/39/393006a068140a5213cc3764b57790d25e9d2fa229b722034deed4b1059d0d77.wav,03b2278cfee2772eae74eeeeef965b21a8ac6f1e1a374c933159dda31c29538b,ready,eligible,,0,0,0,0
source,26,voxforge_ru_mdc_2026_05:submission:04668fd548109be444a219298d90ced078941f1fe19dc7e502a83d239a415ab9:prompt:ru_0078,,ru_0078,25a2d0b010f7bffaf8484d78ca231194697839667c1098a903bdc6cf3986c837,raw/v4/xlsr_sls_model_v4_calibration_materialization_v1/voxforge_source/voxforge_ru_026.wav,6891f4e2bb1fdbdf12d14871bd5875e3ab56610becf64640b6ed7b563ecc551e,processed/v4/xlsr_sls_model_v4_calibration_materialization_v1/source/68/6891f4e2bb1fdbdf12d14871bd5875e3ab56610becf64640b6ed7b563ecc551e.wav,60f5118be14c6727e7fbec31b662abba140ea110015969ac6b4d467f56fd8ce8,ready,eligible,,0,0,0,0
source,27,voxforge_ru_mdc_2026_05:submission:0641adc94d9eadc04a4ee384e9e35b083971f6c0394bf27cef38175035ac10fd:prompt:ru_0050,,ru_0050,8c94caf31d1fa9382315e39434ba9e2789d70b071e5bb0dc6030d5115cfa2d70,raw/v4/xlsr_sls_model_v4_calibration_materialization_v1/voxforge_source/voxforge_ru_027.wav,7a6770ec08916cf2c12df4968aea3da841ac7be3d6eb2acfd5c7edbb7d807fd4,processed/v4/xlsr_sls_model_v4_calibration_materialization_v1/source/7a/7a6770ec08916cf2c12df4968aea3da841ac7be3d6eb2acfd5c7edbb7d807fd4.wav,b57506951868cf97ddab290ad8feb2109f4d4688189dc4456ad65c42337c374b,ready,eligible,,0,0,0,0
source,28,voxforge_ru_mdc_2026_05:submission:aaab32ab06543cbc15497224acec404e8c3cb00d26892fa818af48d9f8fffa3e:prompt:ru_0001,,ru_0001,e7dab8ad7b1ad1813e718b208879e8268ad9376e6f6fddef9d258a5af02107f2,raw/v4/xlsr_sls_model_v4_calibration_materialization_v1/voxforge_source/voxforge_ru_028.wav,c2dafe203a3485db9ba569242f86d3b2a3606b5c2a94ee983256c375f81bc38b,processed/v4/xlsr_sls_model_v4_calibration_materialization_v1/source/c2/c2dafe203a3485db9ba569242f86d3b2a3606b5c2a94ee983256c375f81bc38b.wav,88c21dfc8e066eba991024d9ad95192d3cc2d5665422941ba58fc73096c5b848,ready,eligible,,0,0,0,0
source,29,voxforge_ru_mdc_2026_05:submission:1e0f54b66145f997246f82132b2ca6bd03c6732ade6d91d49348499cc80e3509:prompt:ru_0041,,ru_0041,933f70782c8c99fef2dfaa6959e59efd33ea928393e13121cc1936c78d0e3692,raw/v4/xlsr_sls_model_v4_calibration_materialization_v1/voxforge_source/voxforge_ru_029.wav,42888d7c4cc2dfe1a73a9fb37535995b55819aa4fca00372ea86ca05038527fb,processed/v4/xlsr_sls_model_v4_calibration_materialization_v1/source/42/42888d7c4cc2dfe1a73a9fb37535995b55819aa4fca00372ea86ca05038527fb.wav,e8a6923e518c1830712e820816638d981e45812c8d708ce9824c0d0e0ecc04bd,ready,eligible,,0,0,0,0
source,30,voxforge_ru_mdc_2026_05:submission:7f0c7a041eb1fa91d3c772a0eaf9d2b8bf6794c2a8a81682c6d9495b1a967450:prompt:ru_0035,,ru_0035,9c60ef21d2ee4e019dc70c2d454b1b0f5d1442956e62b4831ec349abe6814441,raw/v4/xlsr_sls_model_v4_calibration_materialization_v1/voxforge_source/voxforge_ru_030.wav,ad395027a92ecd8358b64e5098dcc89110781ec04169a50ab3411c0334b0a44c,processed/v4/xlsr_sls_model_v4_calibration_materialization_v1/source/ad/ad395027a92ecd8358b64e5098dcc89110781ec04169a50ab3411c0334b0a44c.wav,b8cee843f03a117a6d592f804388ec1b62beed3f58ae063f9bb9c5f6f3b14c64,ready,eligible,,0,0,0,0
source,31,voxforge_ru_mdc_2026_05:submission:fb55b7a8b2467e5708373038451f2c07155766b9bd699eb0148ff07ad0f29ac5:prompt:ru_0059,,ru_0059,7fb393ecba16af6004df4a3e5e8a78222f3850c8b54d7e5e8fc92a54771cb43c,raw/v4/xlsr_sls_model_v4_calibration_materialization_v1/voxforge_source/voxforge_ru_031.wav,0480ac42760a97845167f84c25c11f9fadb513d8958004bcad71c76e715e0511,processed/v4/xlsr_sls_model_v4_calibration_materialization_v1/source/04/0480ac42760a97845167f84c25c11f9fadb513d8958004bcad71c76e715e0511.wav,2ec1c117513d200c20abd7864417174896e9c89eaa22c7ade1193c91525ecc71,ready,eligible,,0,0,0,0
source,32,voxforge_ru_mdc_2026_05:submission:f105857a7b554d7a0d0e8c359d67297e35a6861009653b824ee46b0fe80bdfae:prompt:ru_0030,,ru_0030,7ae0052a1f22bb0946cc1731f369ee4a56c8cf52599f2b158c617fe4e279cc95,raw/v4/xlsr_sls_model_v4_calibration_materialization_v1/voxforge_source/voxforge_ru_032.wav,c6ed2b6dd2d1dd7274eda3f0857c17da44ff33c2febaeb08efa0bca25481719a,processed/v4/xlsr_sls_model_v4_calibration_materialization_v1/source/c6/c6ed2b6dd2d1dd7274eda3f0857c17da44ff33c2febaeb08efa0bca25481719a.wav,c989f2836e86a5a0289e4e53bf09b7b0ee68408ff3995ad1daedf46658ba97d7,ready,eligible,,0,0,0,0
source,33,voxforge_ru_mdc_2026_05:submission:6669141f052b58d1e759cd0f4685c04ec78079e77a6224181968ba7505deefe0:prompt:ru_0075,,ru_0075,98a460c44832da8b47da1b280091a98abfd6051cff470b77e4d9003aa579c0ac,raw/v4/xlsr_sls_model_v4_calibration_materialization_v1/voxforge_source/voxforge_ru_033.wav,90766525be06810233d3c6e08a4b2d5959af1b5d9e58c9d63529205775d15654,processed/v4/xlsr_sls_model_v4_calibration_materialization_v1/source/90/90766525be06810233d3c6e08a4b2d5959af1b5d9e58c9d63529205775d15654.wav,75ec2b48ae9077523fda25667d5e5989032d329236d5b8e2913a7e603c8e43f5,ready,eligible,,0,0,0,0
source,34,voxforge_ru_mdc_2026_05:submission:f361f6007f4fa97e8fa33488b50787581a6ddf8f85519440902687056f58f693:prompt:ru_0012,,ru_0012,e501926c02370e6202a91c78153cc9e8ce0c6ac7887d04404834a0264f93221d,raw/v4/xlsr_sls_model_v4_calibration_materialization_v1/voxforge_source/voxforge_ru_034.wav,badbee986752192087e60f0329d873a5df03678e16b8ce49ae334c223a29745d,processed/v4/xlsr_sls_model_v4_calibration_materialization_v1/source/ba/badbee986752192087e60f0329d873a5df03678e16b8ce49ae334c223a29745d.wav,12fbe5cc79277dedd838f553d1b8de90b076322fca1856e9c5bc7fa95de9667e,ready,eligible,,0,0,0,0
source,35,voxforge_ru_mdc_2026_05:submission:8ea1545cb39e564bb3ec5eddb1fbb84136c745569065918b32a46dd52a21b07c:prompt:ru_0033,,ru_0033,cee5a0689f271ea4ac1cf2d8575afaf53f78349df198a662788902b7560ba442,raw/v4/xlsr_sls_model_v4_calibration_materialization_v1/voxforge_source/voxforge_ru_035.wav,a6f84d9f60181d889185700014f0d6281103d0d6f0ccb6d70986cbc4402bf945,processed/v4/xlsr_sls_model_v4_calibration_materialization_v1/source/a6/a6f84d9f60181d889185700014f0d6281103d0d6f0ccb6d70986cbc4402bf945.wav,e0be8de444465c518f04d53fde31fc9c849de933608d3687dc980f91325c127d,ready,eligible,,0,0,0,0
source,36,voxforge_ru_mdc_2026_05:submission:8d315396c67dc61a0161f713cb66e4bd7673299ae820b47ced950be9090f7aa5:prompt:ru_0042,,ru_0042,a3bb152d6847e5ffbcca56059d62004bafe22b46e02f93db6f7a9d9d2db4e788,raw/v4/xlsr_sls_model_v4_calibration_materialization_v1/voxforge_source/voxforge_ru_036.wav,e8c888d4e74916c2af8aba5792dc728cb163d8557f3bc6054d331c99f3893b9a,processed/v4/xlsr_sls_model_v4_calibration_materialization_v1/source/e8/e8c888d4e74916c2af8aba5792dc728cb163d8557f3bc6054d331c99f3893b9a.wav,ddbb208cc641a4f54cc6f16b9bf37bebd80dcadeb4d393b6630d0e4066d4b785,ready,eligible,,0,0,0,0
source,37,voxforge_ru_mdc_2026_05:submission:382e7d56b8567bcc9266ac77d293f61c2963b497d05a62b09bda0192d0ae51c0:prompt:ru_0031,,ru_0031,09f3b1605aa5a29e6ae6f1eb5c38be6c0999d7580a90c30069d88ba1308fafaa,raw/v4/xlsr_sls_model_v4_calibration_materialization_v1/voxforge_source/voxforge_ru_037.wav,c3440146ddc3b473d32ae8936083875f90bd81a420f34c8b11a5b3346ded4908,processed/v4/xlsr_sls_model_v4_calibration_materialization_v1/source/c3/c3440146ddc3b473d32ae8936083875f90bd81a420f34c8b11a5b3346ded4908.wav,0a2cd2d2131a0ebb939cf084d549229f65363f53ce7b3e617debe2bd4c5d5b69,ready,eligible,,0,0,0,0
source,38,voxforge_ru_mdc_2026_05:submission:7da85847012924ce347c09acf11e9d80b5ab0a4a6b53f65a2782792530c5a9bb:prompt:ru_0060,,ru_0060,ac182ebe981e0bcca10e52fe3206cb47332dd50cb53ad51251c055e8abe58739,raw/v4/xlsr_sls_model_v4_calibration_materialization_v1/voxforge_source/voxforge_ru_038.wav,3b24ddc92295c050c2eca698e3f60f3dc511371f82dedb2d8abcaac429d4ff76,processed/v4/xlsr_sls_model_v4_calibration_materialization_v1/source/3b/3b24ddc92295c050c2eca698e3f60f3dc511371f82dedb2d8abcaac429d4ff76.wav,4f4338e3337877b9bbda2ca05f856c9d2c45eedc66cf12528f9c78ff77c6b1c9,ready,eligible,,0,0,0,0
source,39,voxforge_ru_mdc_2026_05:submission:d5028e15fa24e97a68a6bd40c36d0a24bf9fc3fcebebc022ca0fd4e9ef27e3d1:prompt:ru_0010,,ru_0010,1d3321395e14f6cf4dd80204e2e80181721f9fb68689edbd4d5f9fcc8cfc3bba,raw/v4/xlsr_sls_model_v4_calibration_materialization_v1/voxforge_source/voxforge_ru_039.wav,7a8b7ced259c46be5276b2e6da5273e6c8e218ecc7c8381fd17b24b72da09939,processed/v4/xlsr_sls_model_v4_calibration_materialization_v1/source/7a/7a8b7ced259c46be5276b2e6da5273e6c8e218ecc7c8381fd17b24b72da09939.wav,7f0f7e30767be418bf388e8604544949d96498430fe6a5910d0aec822aca9a4d,ready,eligible,,0,0,0,0
source,40,voxforge_ru_mdc_2026_05:submission:425edaf03f3dbe92114eeeadfbbe9357caff8686a46dc6a3b50bf36cf8232bfb:prompt:ru_0045,,ru_0045,032ca5e9a5158ae437074ad928a40d019e66aa4f04ad21f2a3ef5acd35d1029e,raw/v4/xlsr_sls_model_v4_calibration_materialization_v1/voxforge_source/voxforge_ru_040.wav,72163aa6c813159110f65ec5f9489c9313e6adbe4d11608a17a98747f84fab0e,processed/v4/xlsr_sls_model_v4_calibration_materialization_v1/source/72/72163aa6c813159110f65ec5f9489c9313e6adbe4d11608a17a98747f84fab0e.wav,5952a4362a315a49cddf22283f68da07375255d5372f0e762a308e8078a9f438,ready,eligible,,0,0,0,0
source,41,voxforge_ru_mdc_2026_05:submission:fbb515a559bc39c9986ee2df9977154bacafea379b8286cea2f0f0b8375f5571:prompt:ru_0074,,ru_0074,e7248db87c91831fcc43bf245ca2f16e591b8e859ed71d95e910a0457e47bacf,raw/v4/xlsr_sls_model_v4_calibration_materialization_v1/voxforge_source/voxforge_ru_041.wav,d5036bf9b64bbc8567d23cacd15ef59ebea158c775d306f7cb2d550fe487a671,processed/v4/xlsr_sls_model_v4_calibration_materialization_v1/source/d5/d5036bf9b64bbc8567d23cacd15ef59ebea158c775d306f7cb2d550fe487a671.wav,da2d07e60dc5497a29147c505e2fd16a564e2d34be8fff59b69ad4f7c2d84ac7,ready,eligible,,0,0,0,0
source,42,voxforge_ru_mdc_2026_05:submission:e5bd1f75fa42b101d54885dced0ae738aa4f7d12b1bdd10f5a2ef0cebcabdae9:prompt:ru_0032,,ru_0032,c7f27a664bf689206a491808c99d548552fc5c0bfe2fabc6971e653728102da3,raw/v4/xlsr_sls_model_v4_calibration_materialization_v1/voxforge_source/voxforge_ru_042.wav,96d8d7c844788ec46cd60b90c52a706c3c8acd5d3051e3c495b97360b08494b8,processed/v4/xlsr_sls_model_v4_calibration_materialization_v1/source/96/96d8d7c844788ec46cd60b90c52a706c3c8acd5d3051e3c495b97360b08494b8.wav,6c791f7346bca194e651a84c3b3c37f6d2556bdc133c221278975ee8f5413234,ready,eligible,,0,0,0,0
source,43,voxforge_ru_mdc_2026_05:submission:0e87fd37e89a7a62ac1624d508b1b68fdc560badcd7a6d6c3f55e1dc78746869:prompt:ru_0061,,ru_0061,51f49e40ff35268f3deaba5947d47f94be79a53f8572fe4b9239fba76960943c,raw/v4/xlsr_sls_model_v4_calibration_materialization_v1/voxforge_source/voxforge_ru_043.wav,b485871b84ec5ce0b49e453c79a45a3d98f71009b928fe19c4db4b4df9c2e8fb,processed/v4/xlsr_sls_model_v4_calibration_materialization_v1/source/b4/b485871b84ec5ce0b49e453c79a45a3d98f71009b928fe19c4db4b4df9c2e8fb.wav,a1b8bdb3115be9b4c9ba96edff38e98ecec7ad63f7993c815141eb8ea187db31,ready,eligible,,0,0,0,0
source,44,voxforge_ru_mdc_2026_05:submission:61004bb7a4b2d8c3dfa02057d003f7f225cd1f77eebbfba02ea83f004aebfe7d:prompt:ru_0022,,ru_0022,82e193a30845e7f5e6ce30cf7b7d54e3cde9ded4cf5716d45a99e99b9ca94a5c,raw/v4/xlsr_sls_model_v4_calibration_materialization_v1/voxforge_source/voxforge_ru_044.wav,de7eab1dcd81048bc84fecd75bc80902e9e35854a8914b3386dc00f028f08e14,processed/v4/xlsr_sls_model_v4_calibration_materialization_v1/source/de/de7eab1dcd81048bc84fecd75bc80902e9e35854a8914b3386dc00f028f08e14.wav,c390173fd75f6b0e8f0647e0a6ac124f451aa62c9f066f453fd475105f0bd596,ready,eligible,,0,0,0,0
source,45,voxforge_ru_mdc_2026_05:submission:93d5c6dba90626f8ab6eb73f97001c75d03fe66f9ff2b3b23a450791e75739c5:prompt:ru_0089,,ru_0089,c529e596c7caf3bbad0994bcfe95f166275241307470699b118d6be6bb634e03,raw/v4/xlsr_sls_model_v4_calibration_materialization_v1/voxforge_source/voxforge_ru_045.wav,4666651da66bb2c028d13a83370df72236ba6b7f82e335f63bb5b21855b8cb6a,processed/v4/xlsr_sls_model_v4_calibration_materialization_v1/source/46/4666651da66bb2c028d13a83370df72236ba6b7f82e335f63bb5b21855b8cb6a.wav,de8c3558ef22b856160c51f3ffc8a5d25ff562aa9cd4a9a3e803bb97c8e6c5a4,ready,eligible,,0,0,0,0
source,46,voxforge_ru_mdc_2026_05:submission:2b22cabf43392d04fce84800ffdcf0c682faae4ab05cc40e733a046fe6651d20:prompt:ru_0079,,ru_0079,b90c10d1a2fb9d483fd33f9a6c2b4b6afc3972f1d335f97c1c9400968317baa7,raw/v4/xlsr_sls_model_v4_calibration_materialization_v1/voxforge_source/voxforge_ru_046.wav,b3929976a66942e0947361e9d07ecb5f9696e6af43da39484e0b6d7a92c6f1d8,processed/v4/xlsr_sls_model_v4_calibration_materialization_v1/source/b3/b3929976a66942e0947361e9d07ecb5f9696e6af43da39484e0b6d7a92c6f1d8.wav,b995624f443b5bcce84518197f4cc7966c64f69c3f50a6bfc5f86be0ef8112c9,insufficient_speech,rejected,insufficient_speech,0,0,0,0
source,47,voxforge_ru_mdc_2026_05:submission:86024b91b0f41fe2b0598d130945a674ac5b16af7d23b946bb3d34c73a4d9243:prompt:ru_0067,,ru_0067,8f7df5c51ee628af08533c2cca6111c2e4ce6774c999af4c4614920a3e8891d6,raw/v4/xlsr_sls_model_v4_calibration_materialization_v1/voxforge_source/voxforge_ru_047.wav,58480f96e1d90d9d0ba6cc4f2930a30680139d0a958f4dcae7918f3788f6046c,processed/v4/xlsr_sls_model_v4_calibration_materialization_v1/source/58/58480f96e1d90d9d0ba6cc4f2930a30680139d0a958f4dcae7918f3788f6046c.wav,bf84ad1cb9d2e8721fb924602103e07c3040d2eea265e490ab773c31b1795aea,ready,eligible,,0,0,0,0
source,48,voxforge_ru_mdc_2026_05:submission:135e7397ea9d435f05ad95c38897934aa86e550dccc953d01535500937d58437:prompt:ru_0058,,ru_0058,a47ba0dbf58d105aeb3a119fa43b8db0ad29be247612d7b4faeee5f6c97a78cd,raw/v4/xlsr_sls_model_v4_calibration_materialization_v1/voxforge_source/voxforge_ru_048.wav,2f68d8e90de81d87fe735dd8f96666c5c0a33aead64dcae0b310cf6d5b5d0b85,processed/v4/xlsr_sls_model_v4_calibration_materialization_v1/source/2f/2f68d8e90de81d87fe735dd8f96666c5c0a33aead64dcae0b310cf6d5b5d0b85.wav,c2dc249fad8bfa11207f392ae1c05025556ef54fd53429591b77eb79dbc18008,ready,eligible,,0,0,0,0
source,49,voxforge_ru_mdc_2026_05:submission:4d3e322a6ccc7e447ca8f8e66039473dba4fd1134774669de1157801513ad59e:prompt:ru_0038,,ru_0038,7d9dcdbb3d568f0fd47492434849cdaafd24bffc10d4ceb0628bc1d65c5e2db8,raw/v4/xlsr_sls_model_v4_calibration_materialization_v1/voxforge_source/voxforge_ru_049.wav,5c8a1f42dd94f96c278b9d65f24cfe92eda3f6f87372e05aff806b6657080691,processed/v4/xlsr_sls_model_v4_calibration_materialization_v1/source/5c/5c8a1f42dd94f96c278b9d65f24cfe92eda3f6f87372e05aff806b6657080691.wav,b6f1c0304e903a7737e979840dc6549c29204116f599823d136d0d09b0dbc230,ready,eligible,,0,0,0,0
source,50,voxforge_ru_mdc_2026_05:submission:cbdb0ed0edf32da3bbaa3031d08b2fa8ac45354a1a9b999b1c397ae811c24176:prompt:ru_0002,,ru_0002,5813e5d263dc78bd7f6ea27b22877e0aa4551fd50ff4384358b10efdb1e8fbe1,raw/v4/xlsr_sls_model_v4_calibration_materialization_v1/voxforge_source/voxforge_ru_050.wav,bd946de572dd3fb06e736aaac8284bbc0995661908e89164833c2f0005f8d11d,processed/v4/xlsr_sls_model_v4_calibration_materialization_v1/source/bd/bd946de572dd3fb06e736aaac8284bbc0995661908e89164833c2f0005f8d11d.wav,1b48d27d125adca34464e2078140ce169d7a5fa93a93746e08a966b8f43a4bdf,ready,eligible,,0,0,0,0
source,51,voxforge_ru_mdc_2026_05:submission:cc00b633470eb6e0b5808506821b6153e977f38705c22e468903e2032aa2ec0a:prompt:ru_0011,,ru_0011,a136a92fa2c422d8607d769be2e121b0e8e9203e87c59d8a4c5f5e58c755ca0d,raw/v4/xlsr_sls_model_v4_calibration_materialization_v1/voxforge_source/voxforge_ru_051.wav,3be4e4c2c666696bacfee72334a5978e34c72311424b7f093c9b2589d307bb8c,processed/v4/xlsr_sls_model_v4_calibration_materialization_v1/source/3b/3be4e4c2c666696bacfee72334a5978e34c72311424b7f093c9b2589d307bb8c.wav,807126f45e235b35e560d53a1eedcd419c3f17429a242d093b130ffe386468b1,ready,eligible,,0,0,0,0
source,52,voxforge_ru_mdc_2026_05:submission:1c04a50025f3fc6a2db38d86e276564f0fc20aca25505e034902bbefb37e6769:prompt:ru_0018,,ru_0018,286614b3819c9eb4188c30460b1c8dc4762b6bda439f7244374251831082144a,raw/v4/xlsr_sls_model_v4_calibration_materialization_v1/voxforge_source/voxforge_ru_052.wav,bb8629d2dff0aeff52adbaaea4b0afdb597536f558e030acae6c5af52830f5e1,processed/v4/xlsr_sls_model_v4_calibration_materialization_v1/source/bb/bb8629d2dff0aeff52adbaaea4b0afdb597536f558e030acae6c5af52830f5e1.wav,37f7bb2c60e4404263d33e22aae112a43a761acf53dca7381f7b1c3c20ae1f7a,ready,eligible,,0,0,0,0
source,53,voxforge_ru_mdc_2026_05:submission:95fda0d488ee6b73835e047cbf6ae82a5fb1e399b1d6231a1ee539df999d3656:prompt:ru_0017,,ru_0017,6a4e6616041d4bd992e610faa136f8292474a422e53bbb581c18ece388f1507f,raw/v4/xlsr_sls_model_v4_calibration_materialization_v1/voxforge_source/voxforge_ru_053.wav,ee62c926b73907eae42e649e8cd42ae9d98c53c2c83351596019192afc345ed9,processed/v4/xlsr_sls_model_v4_calibration_materialization_v1/source/ee/ee62c926b73907eae42e649e8cd42ae9d98c53c2c83351596019192afc345ed9.wav,1df9c10eb9a879521ac78d593cedc5a975f0861665b601da9c86127d8064734a,ready,eligible,,0,0,0,0
source,54,voxforge_ru_mdc_2026_05:submission:45e4e0c6b8d40d7f40e959b5fe9c07cfc976b674cd395ae2a8bd4415a3c42ab7:prompt:ru_0055,,ru_0055,bbbca0513088b2174fb5c5374785740ccc8a98fd72162bc95e993716f8bc272d,raw/v4/xlsr_sls_model_v4_calibration_materialization_v1/voxforge_source/voxforge_ru_054.wav,837c6aa0cf623ae750a1184d7c36b2353ffac27744dcf36788d2a6de288870e5,processed/v4/xlsr_sls_model_v4_calibration_materialization_v1/source/83/837c6aa0cf623ae750a1184d7c36b2353ffac27744dcf36788d2a6de288870e5.wav,792a8a2e0be78f005a64e4cdb660d7fb2f89faff73a5fdc5c9e10ec8feef7553,ready,eligible,,0,0,0,0
source,55,voxforge_ru_mdc_2026_05:submission:13b7e61c44ba8570be71aa0c37beaeea0c6c3c728f66019eb18202f5e871ba9d:prompt:ru_0052,,ru_0052,e2259b7007fef6c3106e0bd6395cedd4c1c086912fa7a17f2ce3637ba0744990,raw/v4/xlsr_sls_model_v4_calibration_materialization_v1/voxforge_source/voxforge_ru_055.wav,ec286d39b531c943581a1c571600b5810793d345c9b6dc73bc444635898b8f70,processed/v4/xlsr_sls_model_v4_calibration_materialization_v1/source/ec/ec286d39b531c943581a1c571600b5810793d345c9b6dc73bc444635898b8f70.wav,fe09d91c0feeeddf95482171d7035a087cb08dbd3e19d1baf5c618413af7b036,ready,eligible,,0,0,0,0
source,56,voxforge_ru_mdc_2026_05:submission:51ca62b66e7fdf89d9988a6c1967ced34226eefad5388571c589a66c554e01c1:prompt:ru_0069,,ru_0069,7bd6b96aeaf9a714f282070c39b34f95fa5d527651df86098734d723fa701447,raw/v4/xlsr_sls_model_v4_calibration_materialization_v1/voxforge_source/voxforge_ru_056.wav,2346458ea85d843316964bbd6441ccf5c17b7e43da9637a0c499a1aaebf9fcbe,processed/v4/xlsr_sls_model_v4_calibration_materialization_v1/source/23/2346458ea85d843316964bbd6441ccf5c17b7e43da9637a0c499a1aaebf9fcbe.wav,6c86ef6d558a8d090bad14719c7138a27d613ad0be73ad375ed0f503e5fec8b5,ready,eligible,,0,0,0,0
source,57,voxforge_ru_mdc_2026_05:submission:fc19e9df21303cb524c031144dfc352fc9e6a72be3e05d0ef4992781a010cd35:prompt:ru_0065,,ru_0065,7073ee8e9bd41a26ecea54d10d82180ed427f562a33c3f14c71d36801d3ae21a,raw/v4/xlsr_sls_model_v4_calibration_materialization_v1/voxforge_source/voxforge_ru_057.wav,c9be558bfa591c322c0bb0d3cbd9b70532cd80616632e7f79e7c826055b49263,processed/v4/xlsr_sls_model_v4_calibration_materialization_v1/source/c9/c9be558bfa591c322c0bb0d3cbd9b70532cd80616632e7f79e7c826055b49263.wav,2d2cebe797ce3966ec4ccd654bd27433590db986919610e262ce902f24068759,ready,eligible,,0,0,0,0
source,58,voxforge_ru_mdc_2026_05:submission:32fcaedf59b4ac2c5d3400f4857ecc45f3ba742edea0677301c8b1dc303bc6e3:prompt:ru_0003,,ru_0003,c5f55670a9a2005d49008231c56b28d65fb15813530fe4dc549f3af0f535a727,raw/v4/xlsr_sls_model_v4_calibration_materialization_v1/voxforge_source/voxforge_ru_058.wav,c8b76888205c3260a2dd7b9459a5f7610be3c1d0fc6088ebee1461fe1ac10183,processed/v4/xlsr_sls_model_v4_calibration_materialization_v1/source/c8/c8b76888205c3260a2dd7b9459a5f7610be3c1d0fc6088ebee1461fe1ac10183.wav,5682e237e7d4e781e535bb8b0c9b10da4259d389f7fc0b70b2c4bd6df1994005,ready,eligible,,0,0,0,0
source,59,voxforge_ru_mdc_2026_05:submission:dbd1e03ecfece3bb0cbaa1f4f813698a9504d4dc37133fee42e1855e52095004:prompt:ru_0064,,ru_0064,9905646c2970641a4ff60b68e6dded1e563ce70c2d6fef09b99e30bb7db8fa30,raw/v4/xlsr_sls_model_v4_calibration_materialization_v1/voxforge_source/voxforge_ru_059.wav,1c72dd41a4f8c264a33bd1dd05a2c42e810c0812782e8118ee5a7c6c5307d630,processed/v4/xlsr_sls_model_v4_calibration_materialization_v1/source/1c/1c72dd41a4f8c264a33bd1dd05a2c42e810c0812782e8118ee5a7c6c5307d630.wav,d4d1da35587952a6c085dba568ce1aced0f89a4cf2c48a2c8f686087ed664e4f,ready,eligible,,0,0,0,0
source,60,voxforge_ru_mdc_2026_05:submission:74a8b633f67c41ae13dad910bcadce2c972b009d0b64ab4506a65193e317e181:prompt:ru_0051,,ru_0051,cc903ab7c86b5c8213bf37d0de4373f2577fb1d119678409b25dc2d984901c0b,raw/v4/xlsr_sls_model_v4_calibration_materialization_v1/voxforge_source/voxforge_ru_060.wav,eecbfa16fb5e7e103d43af62c7ce7c13de1f1ab1e222d5414e738372508da17c,processed/v4/xlsr_sls_model_v4_calibration_materialization_v1/source/ee/eecbfa16fb5e7e103d43af62c7ce7c13de1f1ab1e222d5414e738372508da17c.wav,ab6ae391d0a53ae70f20953bd526d5ee978404aa812329f9e1b3d36e1196d8e3,ready,eligible,,0,0,0,0
source,61,voxforge_ru_mdc_2026_05:submission:dffbc38ae85d69ef86b38d91abdfc0f41342740e04056dfd7764f030b753baa9:prompt:ru_0039,,ru_0039,e3f838634e87143f549b2154f71221981e44d036ce601a2faf7090e2dcf3b790,raw/v4/xlsr_sls_model_v4_calibration_materialization_v1/voxforge_source/voxforge_ru_061.wav,cf7ee724898b280b2219d8d046ed66232709187da25658725e704dd78918ca2f,processed/v4/xlsr_sls_model_v4_calibration_materialization_v1/source/cf/cf7ee724898b280b2219d8d046ed66232709187da25658725e704dd78918ca2f.wav,6fd43c54d7d8a5381ed985bfbad4009513b001ded83802d4517e3e64e48e8638,ready,eligible,,0,0,0,0
source,62,voxforge_ru_mdc_2026_05:submission:598818e4909723fdab46e127e879b40c8d0cdad80dace5afd8c412e2d9d4fff8:prompt:ru_0006,,ru_0006,f032ace3e5930871ca9b71ec3f175f23bada28e3dcf41f4414b99b2229d9d380,raw/v4/xlsr_sls_model_v4_calibration_materialization_v1/voxforge_source/voxforge_ru_062.wav,016eab55bf108fa19d79c887419dc3121bea99b81951569222f755043a9dd5e2,processed/v4/xlsr_sls_model_v4_calibration_materialization_v1/source/01/016eab55bf108fa19d79c887419dc3121bea99b81951569222f755043a9dd5e2.wav,259e3b5fbbc275c3b46f11d4bc39950d9ad66a4f6f19617eea53b9fd326f0ec3,ready,eligible,,0,0,0,0
source,63,voxforge_ru_mdc_2026_05:submission:5952d5fc3b1a37c2e9ca3658856283d07bae4cde72138104623c236562418867:prompt:ru_0066,,ru_0066,59f1df8f58f0a704302786b5c02c46a442dedc63d03cec4a28e05cae2416c59a,raw/v4/xlsr_sls_model_v4_calibration_materialization_v1/voxforge_source/voxforge_ru_063.wav,139e0503edcf3ffc88a0624dca62522a2266eae64a3767ea70a97cba73a959ef,processed/v4/xlsr_sls_model_v4_calibration_materialization_v1/source/13/139e0503edcf3ffc88a0624dca62522a2266eae64a3767ea70a97cba73a959ef.wav,a1e012a4cf26d9bb86a90d38eae500480aaf52aaf60e4734c9f8e156199c655a,ready,eligible,,0,0,0,0
source,64,voxforge_ru_mdc_2026_05:submission:0dfd38faee70aa710384fb4e657c8bb5a13b0916768e687fd84ceef174b19e98:prompt:ru_0025,,ru_0025,0e679c0c762905542b7fde0bdabaec6e88dbdc217b78fd6c624866da120db5cf,raw/v4/xlsr_sls_model_v4_calibration_materialization_v1/voxforge_source/voxforge_ru_064.wav,6633beb4792488f1be98c308be0ca5a9919f1e49170f4541cd137a754ffec45d,processed/v4/xlsr_sls_model_v4_calibration_materialization_v1/source/66/6633beb4792488f1be98c308be0ca5a9919f1e49170f4541cd137a754ffec45d.wav,27679d540da1f9ebc838c142e582c2970fc6492ba27a955e621185e09d22c245,ready,eligible,,0,0,0,0
source,65,voxforge_ru_mdc_2026_05:submission:25ab5559d25ed921eabd84becf96204bf01c999d265c5cdc63291353217ea38f:prompt:ru_0040,,ru_0040,106caab715c1f19d383221b3772066f21c25a10e497b9123e3d41fa40a5e4bc3,raw/v4/xlsr_sls_model_v4_calibration_materialization_v1/voxforge_source/voxforge_ru_065.wav,9929f376e6123921f5bedfeebe79afe22235fd0a6a7dbff7ffe8193f07bdf3d9,processed/v4/xlsr_sls_model_v4_calibration_materialization_v1/source/99/9929f376e6123921f5bedfeebe79afe22235fd0a6a7dbff7ffe8193f07bdf3d9.wav,15a8aa33bf1450ec0bc7e72987f3d10bd87a39976c9506a8dae4e32ac4a170d6,ready,eligible,,0,0,0,0
source,66,voxforge_ru_mdc_2026_05:submission:18a7745477626450d12d1cfd3f9bea3bc3861821023256e17173b791d28194ba:prompt:ru_0094,,ru_0094,0ba49054de08c4e46bd7f89d3c1c9fe40841e3b8c96179d4bd6145e45edffbc2,raw/v4/xlsr_sls_model_v4_calibration_materialization_v1/voxforge_source/voxforge_ru_066.wav,08922b0faa9ca163d3fd1b0e782d6c7177f874213abdfb95ddea874756a04370,processed/v4/xlsr_sls_model_v4_calibration_materialization_v1/source/08/08922b0faa9ca163d3fd1b0e782d6c7177f874213abdfb95ddea874756a04370.wav,e328f5aada2fb70ba1fd7ead201cd8b69788a8c2fb256ad7b7d4975f4ef01b1e,ready,eligible,,0,0,0,0
source,67,voxforge_ru_mdc_2026_05:submission:ca6ea575b8a9f0446893f0b75ed1f1a8811f319c07f8c4ae1f23134b92b5f751:prompt:ru_0043,,ru_0043,02f2a226fffc0a3c60dd02f9f4f1adee5136aa922b4ff65e003b0fd11a2c16bf,raw/v4/xlsr_sls_model_v4_calibration_materialization_v1/voxforge_source/voxforge_ru_067.wav,62ee8f19dcf3fda20fb9c09a627897540db8568ebe97fafe370c16f0250c79ac,processed/v4/xlsr_sls_model_v4_calibration_materialization_v1/source/62/62ee8f19dcf3fda20fb9c09a627897540db8568ebe97fafe370c16f0250c79ac.wav,5a650da2aa8ae203d8db6dc77a194e2b34a6af4fd882510e0345598be866cca8,ready,eligible,,0,0,0,0
source,68,voxforge_ru_mdc_2026_05:submission:65f5812127ed8bee6fde38f9349910b455ee4bc9888c359e463c10ec1828c625:prompt:ru_0053,,ru_0053,2dcd7c286a4db8382029dabf15375c1380e6dd9f1ac106877827e456b419a5f2,raw/v4/xlsr_sls_model_v4_calibration_materialization_v1/voxforge_source/voxforge_ru_068.wav,edf9c1fbd87436f6b09acefb0de8d82e8a6fddb712c5905a7f6629ad1a9e58ad,processed/v4/xlsr_sls_model_v4_calibration_materialization_v1/source/ed/edf9c1fbd87436f6b09acefb0de8d82e8a6fddb712c5905a7f6629ad1a9e58ad.wav,f5be04e5466856c71e8b43da2dee639d0b9ecd0bf18f3bce057d66a160103112,ready,eligible,,0,0,0,0
source,69,voxforge_ru_mdc_2026_05:submission:3e066316c23a8843d375fa0a0f0985de8eaff7a05cdaa25bad275d8ac0d3b5d6:prompt:ru_0082,,ru_0082,015a1134b7366e048694b683ad700ddd0f81c705298569853f35f73121920935,raw/v4/xlsr_sls_model_v4_calibration_materialization_v1/voxforge_source/voxforge_ru_069.wav,76bdfbad9736d435fdc21a356156e6001648116d9b0787d8d4cf1741ba66d89f,processed/v4/xlsr_sls_model_v4_calibration_materialization_v1/source/76/76bdfbad9736d435fdc21a356156e6001648116d9b0787d8d4cf1741ba66d89f.wav,645a017f26b57ed03eebb06540f3740f59d45fdc7a21c30711c5caeff8092cb1,ready,eligible,,0,0,0,0
source,70,voxforge_ru_mdc_2026_05:submission:5a7a512e6959cba88dbefbaca90339610e38bb1b9acec2043f90ab9cc5b528e5:prompt:ru_0056,,ru_0056,c96d675335a5b527fbf3a73b6359dfff16f9cb665ce43f6918f01e1b85c615c8,raw/v4/xlsr_sls_model_v4_calibration_materialization_v1/voxforge_source/voxforge_ru_070.wav,0cb526ec1d1c7647fc98eb21c47b0638286bb89111e8dfab5206acf98e5e702e,processed/v4/xlsr_sls_model_v4_calibration_materialization_v1/source/0c/0cb526ec1d1c7647fc98eb21c47b0638286bb89111e8dfab5206acf98e5e702e.wav,63570be4aeef3a85b8d35685ef87ff76d24299973adb1df2cbe85bc9b66a5031,ready,eligible,,0,0,0,0
source,71,voxforge_ru_mdc_2026_05:submission:37ef15edd421041e5177b924399268969057e8c6b54de65e81b0349581f1c6ae:prompt:ru_0036,,ru_0036,00c277db7c60609c7fa5930f0b04f9b4383cc75b3668635cf8873d50025da117,raw/v4/xlsr_sls_model_v4_calibration_materialization_v1/voxforge_source/voxforge_ru_071.wav,15f1b5592d879d4b6ca6e3cc574f175acad83e81c905bb71a57896e78397e781,processed/v4/xlsr_sls_model_v4_calibration_materialization_v1/source/15/15f1b5592d879d4b6ca6e3cc574f175acad83e81c905bb71a57896e78397e781.wav,19aa2b38a5483d029c64162121a5d148ff88e868520727b60756d95dac6c940d,ready,eligible,,0,0,0,0
source,72,voxforge_ru_mdc_2026_05:submission:126ebcff530e12b817d90b80952f8c39b333dbf361600168cf16c25d3e164f97:prompt:ru_0046,,ru_0046,d907bc6aeb680a814d75e55ca0378b8581d34167213cad72449dd255f2c6ea75,raw/v4/xlsr_sls_model_v4_calibration_materialization_v1/voxforge_source/voxforge_ru_072.wav,6931a629be789841b6068542cbf2537dbcdfce28a405a9182cf22a2d7b51666b,processed/v4/xlsr_sls_model_v4_calibration_materialization_v1/source/69/6931a629be789841b6068542cbf2537dbcdfce28a405a9182cf22a2d7b51666b.wav,beddcecd6f8188847220e75da98db3785ebaa3e76ee657bfdb6800246af1e2c8,ready,eligible,,0,0,0,0
source,73,voxforge_ru_mdc_2026_05:submission:08c33629b59548b9123bbb6e6911d09aed9235ff632f8c1a7c0ab61c18fa1896:prompt:ru_0013,,ru_0013,66dd409823dc9dcfb242cb52369ec1e38d5960d0d427ef204c5ed11cf9bddabf,raw/v4/xlsr_sls_model_v4_calibration_materialization_v1/voxforge_source/voxforge_ru_073.wav,15a4fce278c3333046706322d9ef37f06be5802dac5916ea9ccf8f07ffd6d199,processed/v4/xlsr_sls_model_v4_calibration_materialization_v1/source/15/15a4fce278c3333046706322d9ef37f06be5802dac5916ea9ccf8f07ffd6d199.wav,6b41bc1fe73fbb283e89b4467dc8e5d80f7921e14f665ff471ce01cfbac45e7a,ready,eligible,,0,0,0,0
source,74,voxforge_ru_mdc_2026_05:submission:0b136ed481faac46f4ada62ea2b9dff965c4edd9be4a4268751a21f865fb7116:prompt:ru_0087,,ru_0087,ff5fa09d83d28397669ab1932464a7066485643014a14c3575ef957b496f0bf1,raw/v4/xlsr_sls_model_v4_calibration_materialization_v1/voxforge_source/voxforge_ru_074.wav,eba59e830eb450adfc0025ab74c9357c9205d7a14411853e99c884794fd7e19f,processed/v4/xlsr_sls_model_v4_calibration_materialization_v1/source/eb/eba59e830eb450adfc0025ab74c9357c9205d7a14411853e99c884794fd7e19f.wav,62d7e072b5508ecfa67cb871a392bcebddb0bbb5308156f3d0110537bad5c4ff,ready,eligible,,0,0,0,0
source,75,voxforge_ru_mdc_2026_05:submission:42ca9f1405f9e6947902b821a65288cc2b993de88a5b4354997ea0808de19a03:prompt:ru_0062,,ru_0062,9884e454e22a06ce7ce0ccf6e9a316d0987d5fa6b3d03e00089cf8f3fa931d98,raw/v4/xlsr_sls_model_v4_calibration_materialization_v1/voxforge_source/voxforge_ru_075.wav,4b62af0fe3b6bc370a82fffe024c3eba2dc382a34ee355d075439d56c42d66e8,processed/v4/xlsr_sls_model_v4_calibration_materialization_v1/source/4b/4b62af0fe3b6bc370a82fffe024c3eba2dc382a34ee355d075439d56c42d66e8.wav,d642d32b424504c9d5373f2068711fb5dcbc17a6734315ba8e4293c033625ac8,ready,eligible,,0,0,0,0
source,76,voxforge_ru_mdc_2026_05:submission:688c0925b1d72175f8a87c2b6fbdd691982870fa77c76164e2baffffd5b567b0:prompt:ru_0076,,ru_0076,5145292f8f43bcc9aa987ce9ac6d5bd5635141363a28208547fc6e98e2f746ef,raw/v4/xlsr_sls_model_v4_calibration_materialization_v1/voxforge_source/voxforge_ru_076.wav,4c6bcb8168e2a2bfb0b4496fa4fbd4b7305e274dd6f4733319b4b9814587675b,processed/v4/xlsr_sls_model_v4_calibration_materialization_v1/source/4c/4c6bcb8168e2a2bfb0b4496fa4fbd4b7305e274dd6f4733319b4b9814587675b.wav,e37bafe00a249dd0d9413c203b95e60f521de3ed86329915350501f1196a2851,ready,eligible,,0,0,0,0
source,77,voxforge_ru_mdc_2026_05:submission:2a7d991d507bdd68a7180caad5a210c406f3c8076327dd01585448966946f9be:prompt:ru_0024,,ru_0024,832fa9cf05a6e5ceee1bc8c94f285a07ee7974406efbcf225ca27965a84e7b93,raw/v4/xlsr_sls_model_v4_calibration_materialization_v1/voxforge_source/voxforge_ru_077.wav,342ee208cc42afeee1a8a6748da5c7e2ccfbe63eed7fd6377ba7aca8d9f4c22c,processed/v4/xlsr_sls_model_v4_calibration_materialization_v1/source/34/342ee208cc42afeee1a8a6748da5c7e2ccfbe63eed7fd6377ba7aca8d9f4c22c.wav,9636de8a60e422599769a25e975ab0a6a1c4cf01db7a45daceb479595561cba9,ready,eligible,,0,0,0,0
source,78,voxforge_ru_mdc_2026_05:submission:ba747b2f511007516fdf2aa7c7ce8a0633b254c9570af6cbba6f6dfa2b4793fa:prompt:ru_0063,,ru_0063,0c15ca56883ab04e02dcf6bd1904342abbf6bb60545248d39bb4d5ad93e8f668,raw/v4/xlsr_sls_model_v4_calibration_materialization_v1/voxforge_source/voxforge_ru_078.wav,9cc31581da5760781ce7e2630bfe6b8ad044c214bbf772735a3c544b61836efa,processed/v4/xlsr_sls_model_v4_calibration_materialization_v1/source/9c/9cc31581da5760781ce7e2630bfe6b8ad044c214bbf772735a3c544b61836efa.wav,4306347cf11170ad682e354b4d7bbe703312d24a4caf8a7bd991a5143734bbce,ready,eligible,,0,0,0,0
source,79,voxforge_ru_mdc_2026_05:submission:8557c9b7adee7fcfd8ef7d1feae44327316d19ce2e3e31383418dd2ea25d5638:prompt:ru_0085,,ru_0085,3d597365c359fec931bb87e7c6dafec022cbe79a19c5305b1549c2eb88b8a3f6,raw/v4/xlsr_sls_model_v4_calibration_materialization_v1/voxforge_source/voxforge_ru_079.wav,951ffdb0447e143c167e090c94f05fff271c158c3549e7f709c7c515011aae2f,processed/v4/xlsr_sls_model_v4_calibration_materialization_v1/source/95/951ffdb0447e143c167e090c94f05fff271c158c3549e7f709c7c515011aae2f.wav,f00ab86147b8fd0f14e6437e1f05669effffa31073303867f6c96d8a8790c44f,ready,eligible,,0,0,0,0
source,80,voxforge_ru_mdc_2026_05:submission:48981f0204bf6c2cbbce284f154afb8f04adf51d06a7dc5b6bbabe73667fb59b:prompt:ru_0016,,ru_0016,f2c3126412f64494c9edf7e3128d71c0cd4e225ec005f3fad3b76756e561bd47,raw/v4/xlsr_sls_model_v4_calibration_materialization_v1/voxforge_source/voxforge_ru_080.wav,365cfe5d727556339843246269f618bfd5f90209496e1e93316935e792394fdd,processed/v4/xlsr_sls_model_v4_calibration_materialization_v1/source/36/365cfe5d727556339843246269f618bfd5f90209496e1e93316935e792394fdd.wav,7c43503bec2faef22b4f4121b520f634da5a54c88f3b706d37b1aa1fb41150ec,ready,eligible,,0,0,0,0
source,81,voxforge_ru_mdc_2026_05:submission:a697e467026d3c2ffe4fbbffde26fc07f65238378122ac299eb02331dc9e50e1:prompt:ru_0027,,ru_0027,da308253aab90d5d753f1beacee0625a501ccae6a70e10fee426a2e475866a14,raw/v4/xlsr_sls_model_v4_calibration_materialization_v1/voxforge_source/voxforge_ru_081.wav,4f6d4c9993bb7127fdec9ee53b69e9ca0a90c361220e949505716e729d2e361a,processed/v4/xlsr_sls_model_v4_calibration_materialization_v1/source/4f/4f6d4c9993bb7127fdec9ee53b69e9ca0a90c361220e949505716e729d2e361a.wav,f779c5e09afb94b3ef2971a3bf5e1753bbe469d75566e7cbe0402457b513bc6d,ready,eligible,,0,0,0,0
spoof,1,voxforge_ru_mdc_2026_05_v4_calibration_espeakng:31f994610c8d6580,voxforge_ru_mdc_2026_05:submission:3dea5d802a71a74e87e54b66af8a7f935578da4d5d38dc0359d157b5cabfa6e0:prompt:ru_0080,ru_0080,9927b4d18c75e34f81fcee14802dbe116e6612854e9555c06441beaf3dda9034,raw/v4/xlsr_sls_model_v4_calibration_materialization_v1/espeak_spoof/espeak_ru_001_31f994610c8d65808cf2.wav,165113a2ab074622f24afd82723d1b4193289323d6cf87c1cd7bd7425ae84efa,processed/v4/xlsr_sls_model_v4_calibration_materialization_v1/spoof/16/165113a2ab074622f24afd82723d1b4193289323d6cf87c1cd7bd7425ae84efa.wav,f20bb36cb7057530547f56ce7ed74c85d97db78d066e9b7deca44619064dad73,ready,eligible,,0,0,0,0
spoof,2,voxforge_ru_mdc_2026_05_v4_calibration_espeakng:ad265e523a1f3da9,voxforge_ru_mdc_2026_05:submission:697a2a42dc31e9e3220f40edaf5d74b04064217e330597d7a74418efe1a49618:prompt:ru_0034,ru_0034,9f67f74f3952768ae15d904ddb769dfa398f0e1ac789f9b6408b1f4bcda65ddf,raw/v4/xlsr_sls_model_v4_calibration_materialization_v1/espeak_spoof/espeak_ru_002_ad265e523a1f3da93cc8.wav,9c3c2131264bec6b7a7705665d3b2885dcd07b2191d70b6a3fbb3a7d1acfe7fc,processed/v4/xlsr_sls_model_v4_calibration_materialization_v1/spoof/9c/9c3c2131264bec6b7a7705665d3b2885dcd07b2191d70b6a3fbb3a7d1acfe7fc.wav,3f507455d43d588f09393afc5af565526cc7b924287b28428bc48ffc81aef031,ready,eligible,,0,0,0,0
spoof,3,voxforge_ru_mdc_2026_05_v4_calibration_espeakng:3ec38dfb9d7a07b4,voxforge_ru_mdc_2026_05:submission:bee37a2f7bcd17283dacea870beb65906c9c4221fa5d96ffb15186567f205565:prompt:ru_0093,ru_0093,2fb07fa78b8cc40b49e23990400f9613ab10d99f8c864a9c2122d3f31dfdc6b1,raw/v4/xlsr_sls_model_v4_calibration_materialization_v1/espeak_spoof/espeak_ru_003_3ec38dfb9d7a07b455c4.wav,452f2c4d305a04affd221ee982bf898403719d7c19f72d6403bf5a80fe792c67,processed/v4/xlsr_sls_model_v4_calibration_materialization_v1/spoof/45/452f2c4d305a04affd221ee982bf898403719d7c19f72d6403bf5a80fe792c67.wav,bc4cd8371247e3fbdc5e1cd5f41049314e999639ecee3a9eac013f78b53b2025,ready,eligible,,0,0,0,0
spoof,4,voxforge_ru_mdc_2026_05_v4_calibration_espeakng:93eb26ec2ade0482,voxforge_ru_mdc_2026_05:submission:ccce998f6d17ab95eec66216892bf67c21f8e3c0a7739a3e662ef101bd79c7c1:prompt:ru_0084,ru_0084,27b87e5ff53041cef952435b211bc61ecfd6a5c91e7fb542e4e1bda0196a4f68,raw/v4/xlsr_sls_model_v4_calibration_materialization_v1/espeak_spoof/espeak_ru_004_93eb26ec2ade04822e24.wav,46817146a6f2d3404ba580e525a88ae9576076f66ee64f5051de37ccf0891cb1,processed/v4/xlsr_sls_model_v4_calibration_materialization_v1/spoof/46/46817146a6f2d3404ba580e525a88ae9576076f66ee64f5051de37ccf0891cb1.wav,c98483ea3b3e7f1be16b2c9601f85393e75e9fa2df63b743c5af284d135c3011,ready,eligible,,0,0,0,0
spoof,5,voxforge_ru_mdc_2026_05_v4_calibration_espeakng:f30491509035adb9,voxforge_ru_mdc_2026_05:submission:983e33922e65eb41f15de60881bc2c70b9028385238aaf25e742fb0678aef95b:prompt:ru_0095,ru_0095,ad9886d653ff552c0c88cd48f4b3b65d03650f845a21b346dc7a07953a3dd4be,raw/v4/xlsr_sls_model_v4_calibration_materialization_v1/espeak_spoof/espeak_ru_005_f30491509035adb9ea00.wav,933eef675c455e7abe819bc1665721db677b121a2e2f2b9ab23e1f5ee147a7e4,processed/v4/xlsr_sls_model_v4_calibration_materialization_v1/spoof/93/933eef675c455e7abe819bc1665721db677b121a2e2f2b9ab23e1f5ee147a7e4.wav,40d0230a1d05afab5043db4aafbb2f56820da43156440e07776b8698c6c259e6,ready,eligible,,0,0,0,0
spoof,6,voxforge_ru_mdc_2026_05_v4_calibration_espeakng:f64b01ec95f72e56,voxforge_ru_mdc_2026_05:submission:1ed09619f6f1c2296941a0dc09cd947b14ee3c19afc1963230feee0f0eac93d1:prompt:ru_0071,ru_0071,17b42c6b88dbec6781dfd75a95515ed8b5cc79d84b87c3f8514500ea95485d20,raw/v4/xlsr_sls_model_v4_calibration_materialization_v1/espeak_spoof/espeak_ru_006_f64b01ec95f72e56b3fd.wav,cc97e49d309f8cc0f5218baab48c30edbe3adc2dc498da500811bde00aea8217,processed/v4/xlsr_sls_model_v4_calibration_materialization_v1/spoof/cc/cc97e49d309f8cc0f5218baab48c30edbe3adc2dc498da500811bde00aea8217.wav,fc0d3f2ee213c1b78813bfa7461f42d94713fba60ebb50fe418b2c3605f7383f,ready,eligible,,0,0,0,0
spoof,7,voxforge_ru_mdc_2026_05_v4_calibration_espeakng:95f4d64a86e0b498,voxforge_ru_mdc_2026_05:submission:977e306fb59238a0f47820f5b4bd3779e6b2dbc46c5a163ec6f43cdd58ee8be3:prompt:ru_0099,ru_0099,bfa4ce54fc99232f374cf7059b6005b5ac19d6ab2b4bb7d1145f90d9f6ba45f5,raw/v4/xlsr_sls_model_v4_calibration_materialization_v1/espeak_spoof/espeak_ru_007_95f4d64a86e0b498c955.wav,2a302f77021388a4efebcc95fffaf48e61fc27ed2328c3a93a6b6e656c09034d,processed/v4/xlsr_sls_model_v4_calibration_materialization_v1/spoof/2a/2a302f77021388a4efebcc95fffaf48e61fc27ed2328c3a93a6b6e656c09034d.wav,717a9a9b34a56952c5f54997834e011660fbbe076b07e46ab6dae4169c94db3d,ready,eligible,,0,0,0,0
spoof,8,voxforge_ru_mdc_2026_05_v4_calibration_espeakng:5cc5eda43053ee75,voxforge_ru_mdc_2026_05:submission:f903ce15a1dcd4af93bdabe54931b21a001b822e43b7c20f9ba952d789584419:prompt:ru_0037,ru_0037,03e27fb4aaef118ebde94b602a917c86d9dee8f8f0b33160ea27103fcdc81920,raw/v4/xlsr_sls_model_v4_calibration_materialization_v1/espeak_spoof/espeak_ru_008_5cc5eda43053ee759409.wav,035c6c6cd88945476abd49490e465468b29310a7a37b420111dc9dd0aead975d,processed/v4/xlsr_sls_model_v4_calibration_materialization_v1/spoof/03/035c6c6cd88945476abd49490e465468b29310a7a37b420111dc9dd0aead975d.wav,eedfac8ffaa78c3fcd45e80dd9351f0a11c48308a1d06d38c0f0ae58a83e588f,ready,eligible,,0,0,0,0
spoof,9,voxforge_ru_mdc_2026_05_v4_calibration_espeakng:b37fa992e8e5ca47,voxforge_ru_mdc_2026_05:submission:e6e10c66628bb6762f15d3ac922946c1e90a37d18098f97ec983ff0f50e3528c:prompt:ru_0081,ru_0081,05a4c32e8a6833c589dddb3eb627e0ec22a5419bb12e7ebf8efbc24a86c6a75e,raw/v4/xlsr_sls_model_v4_calibration_materialization_v1/espeak_spoof/espeak_ru_009_b37fa992e8e5ca4700e0.wav,9efa6e4149434ffbe0d3003543b90416ba9159024c144497f306e868f4e3170f,processed/v4/xlsr_sls_model_v4_calibration_materialization_v1/spoof/9e/9efa6e4149434ffbe0d3003543b90416ba9159024c144497f306e868f4e3170f.wav,4c1ef248f72f6d8bde37ad3c12fe663c64cb6795402adf7045bd638360b2f5ee,insufficient_speech,rejected,insufficient_speech,0,0,0,0
spoof,10,voxforge_ru_mdc_2026_05_v4_calibration_espeakng:6085c8500f635b27,voxforge_ru_mdc_2026_05:submission:9705af63fea9b20ccfcd5da9108543b8313891c4a425afef3d53c392c462ba65:prompt:ru_0005,ru_0005,f8799fd853a9313a976569882abab1a17617918d46fb9cd8a0850e28118957d4,raw/v4/xlsr_sls_model_v4_calibration_materialization_v1/espeak_spoof/espeak_ru_010_6085c8500f635b27b906.wav,f182bb29f4ecece33d6caa4c04ec26e269f8bf3f84d6fe74e20d4d7c473f0015,processed/v4/xlsr_sls_model_v4_calibration_materialization_v1/spoof/f1/f182bb29f4ecece33d6caa4c04ec26e269f8bf3f84d6fe74e20d4d7c473f0015.wav,7f86873c4b042835af781d0e87524d8ec240eb0885e1f64bbf137e4d2a3e4248,ready,eligible,,0,0,0,0
spoof,11,voxforge_ru_mdc_2026_05_v4_calibration_espeakng:168da290c165d87b,voxforge_ru_mdc_2026_05:submission:066f99c098a54953c6a0ca77d3b543eeea55c7c853d87be24dc0f7bcc43baf7b:prompt:ru_0086,ru_0086,8f4e0f69ac1adab6327cfe9e59bf3e75a5b69a37dc84149fefa1d20aacabbbde,raw/v4/xlsr_sls_model_v4_calibration_materialization_v1/espeak_spoof/espeak_ru_011_168da290c165d87b26ff.wav,291a938207e5451b68df1f47c3fb471a108e9d7be3375bf0e8350953567dd9e3,processed/v4/xlsr_sls_model_v4_calibration_materialization_v1/spoof/29/291a938207e5451b68df1f47c3fb471a108e9d7be3375bf0e8350953567dd9e3.wav,be80e0721ea2f406389705e62ad007cfc2eb0c335daef069bb062b66ab94f85b,ready,eligible,,0,0,0,0
spoof,12,voxforge_ru_mdc_2026_05_v4_calibration_espeakng:7068f44bda52f726,voxforge_ru_mdc_2026_05:submission:3d6e01a3b13a724afc0aad6c82f0f232fa411b63b69055bf9dc10f6671c74ecb:prompt:ru_0049,ru_0049,71ded13536a7ebbff6a1f4617c9c6c1ccf554e0d3023295efe865975957dfd94,raw/v4/xlsr_sls_model_v4_calibration_materialization_v1/espeak_spoof/espeak_ru_012_7068f44bda52f726590a.wav,79d651e59ab87e94df5b4977db7cc3f6e56c4016d6bbf125ebd30e9724cc748a,processed/v4/xlsr_sls_model_v4_calibration_materialization_v1/spoof/79/79d651e59ab87e94df5b4977db7cc3f6e56c4016d6bbf125ebd30e9724cc748a.wav,5629eadbe1d3101ce9f2c4f1d5578021bc9c14e9f6af53713c4d800b89081a62,insufficient_speech,rejected,insufficient_speech,0,0,0,0
spoof,13,voxforge_ru_mdc_2026_05_v4_calibration_espeakng:398ce15810f42bdd,voxforge_ru_mdc_2026_05:submission:b82e5249fa4420e81262871a57a3f3a8604732505ae6afd130f915addef724fb:prompt:ru_0073,ru_0073,9a173921f0cdb179f2abd90d8c7a2477c3b9e30b1176fb5dfe3aa4b4c3709941,raw/v4/xlsr_sls_model_v4_calibration_materialization_v1/espeak_spoof/espeak_ru_013_398ce15810f42bddd7a0.wav,47b175e988b8a9906c1834ba19673cc224786152a6a69b5a860a532aa05bddeb,processed/v4/xlsr_sls_model_v4_calibration_materialization_v1/spoof/47/47b175e988b8a9906c1834ba19673cc224786152a6a69b5a860a532aa05bddeb.wav,60fc6e967e059c7ce6e4c13cefbbfe22b7935da294ea3042549745ee101a0e03,ready,eligible,,0,0,0,0
spoof,14,voxforge_ru_mdc_2026_05_v4_calibration_espeakng:13fdbfbce89f36a4,voxforge_ru_mdc_2026_05:submission:1c315bf80b6633b861867afc10efa09cb7b74596752d5a3cd7535120d0c5bc2a:prompt:ru_0088,ru_0088,8a0cf255b24de364f14537864bc5ab8ee094668c74dbb2c9c279b7a574973f97,raw/v4/xlsr_sls_model_v4_calibration_materialization_v1/espeak_spoof/espeak_ru_014_13fdbfbce89f36a4eb77.wav,93e779aae2797a45b1d2847e84f2a7925c1f62364c872d2e39fce086aca9897b,processed/v4/xlsr_sls_model_v4_calibration_materialization_v1/spoof/93/93e779aae2797a45b1d2847e84f2a7925c1f62364c872d2e39fce086aca9897b.wav,fe31c712a846cf3dc47fe67f3ea82ae99f2eee5c66dd64cc45c6e5f38ba1173b,ready,eligible,,0,0,0,0
spoof,15,voxforge_ru_mdc_2026_05_v4_calibration_espeakng:1ad2b8fc535919b5,voxforge_ru_mdc_2026_05:submission:a671e0dc06311ad38fe7274641a2a9d9a777383bf2cc0a9250bd4b8dd3209ffc:prompt:ru_0015,ru_0015,6cbf385566deef9216dba8d96b52613d7dc3cbe52ad79631237c672891525f83,raw/v4/xlsr_sls_model_v4_calibration_materialization_v1/espeak_spoof/espeak_ru_015_1ad2b8fc535919b503a0.wav,c714a6b40adc0ab8cf538aaadbe3bbf76a54d424d2a4cbee24b6e6e146378453,processed/v4/xlsr_sls_model_v4_calibration_materialization_v1/spoof/c7/c714a6b40adc0ab8cf538aaadbe3bbf76a54d424d2a4cbee24b6e6e146378453.wav,ab47a944fd45a0bb82547b10ddda223a41c4788e7db2183cbec07e64be0b6858,ready,eligible,,0,0,0,0
spoof,16,voxforge_ru_mdc_2026_05_v4_calibration_espeakng:fd88107b2efd9d90,voxforge_ru_mdc_2026_05:submission:5ed207d608a642598315573c3f7af61d746bedbc4785e651843a30b167ede30a:prompt:ru_0014,ru_0014,7d4e89671802658713e39df7281f4bb22291d2f707447701bf4c10b2ff6754df,raw/v4/xlsr_sls_model_v4_calibration_materialization_v1/espeak_spoof/espeak_ru_016_fd88107b2efd9d90c9fa.wav,1761aea0d11eca812470889210004dd092ac1438cb135535abeead328eec373b,processed/v4/xlsr_sls_model_v4_calibration_materialization_v1/spoof/17/1761aea0d11eca812470889210004dd092ac1438cb135535abeead328eec373b.wav,7658a74252d73ff960515007b925b99acc6d775091acceb85082955d4b595a04,ready,eligible,,0,0,0,0
spoof,17,voxforge_ru_mdc_2026_05_v4_calibration_espeakng:65f8afaadb0d94ea,voxforge_ru_mdc_2026_05:submission:bd92625ec07cb9bcc3a6c85578847172ac436e4dc35ac7b5c4ab21e5ef30d81f:prompt:ru_0009,ru_0009,75a97bdbd3ebf02b18ddff117ae954b7ef11da546aa9ce854b5f59c98e1c2d2c,raw/v4/xlsr_sls_model_v4_calibration_materialization_v1/espeak_spoof/espeak_ru_017_65f8afaadb0d94eaf14a.wav,0ad3ca4892644b88f238c7e76ef732a4c9da8bbb530461383c2e2eb1214f0fad,processed/v4/xlsr_sls_model_v4_calibration_materialization_v1/spoof/0a/0ad3ca4892644b88f238c7e76ef732a4c9da8bbb530461383c2e2eb1214f0fad.wav,fb69775f457e057464e887fbb8df6c14cddfc55970fea8c46392de31e3d318e3,ready,eligible,,0,0,0,0
spoof,18,voxforge_ru_mdc_2026_05_v4_calibration_espeakng:2ac0b7a1d3ae2351,voxforge_ru_mdc_2026_05:submission:d67e038bb43351ed21e1d2ab200b4003a902e8a54ae585d887a279e91dadfc00:prompt:ru_0077,ru_0077,a31d839d7908e49b34ea47243410d8fbc5f8b1552fa6bb0d32a748617e8c5ac5,raw/v4/xlsr_sls_model_v4_calibration_materialization_v1/espeak_spoof/espeak_ru_018_2ac0b7a1d3ae23517d97.wav,868eeb2280f9e7539b15c628c8bb82e57e79def513bdb9b7c90422e6c9c66033,processed/v4/xlsr_sls_model_v4_calibration_materialization_v1/spoof/86/868eeb2280f9e7539b15c628c8bb82e57e79def513bdb9b7c90422e6c9c66033.wav,516770eda73b8b227886306dd5689bedd4d3d1131bd24823dba0c498721577c3,ready,eligible,,0,0,0,0
spoof,20,voxforge_ru_mdc_2026_05_v4_calibration_espeakng:2f9db29feabeb6c0,voxforge_ru_mdc_2026_05:submission:5995db2998443156a3c27a0f0a022e3f3a25c8835724534d6627ed951a2768f4:prompt:ru_0044,ru_0044,793a393e7cb9ac2885eaf11fac28aece840360415750df5df604a8d287470df0,raw/v4/xlsr_sls_model_v4_calibration_materialization_v1/espeak_spoof/espeak_ru_020_2f9db29feabeb6c0db94.wav,4dafc0aa87845e2d16d225edb42f0c64759229729d2330b1d32c3228ba44fe03,processed/v4/xlsr_sls_model_v4_calibration_materialization_v1/spoof/4d/4dafc0aa87845e2d16d225edb42f0c64759229729d2330b1d32c3228ba44fe03.wav,73a3992492b38f2d23d51a0c445438af07b3facc119fe32c6557a6780f7a4b0b,ready,eligible,,0,0,0,0
spoof,21,voxforge_ru_mdc_2026_05_v4_calibration_espeakng:c8d86b1b403fbc13,voxforge_ru_mdc_2026_05:submission:4f1cc4bbce168879f2b212495cbe272a97cdc79234e98493f51454fbe8c6f521:prompt:ru_0008,ru_0008,badaef8270a22d017c41d4d66a44e6b18b2d65f8c613d51b93845ffcaedb246b,raw/v4/xlsr_sls_model_v4_calibration_materialization_v1/espeak_spoof/espeak_ru_021_c8d86b1b403fbc13ead1.wav,d1bceb18c90f945871c3df86daf3b32967dd474bbaa180fd1b8662a614719028,processed/v4/xlsr_sls_model_v4_calibration_materialization_v1/spoof/d1/d1bceb18c90f945871c3df86daf3b32967dd474bbaa180fd1b8662a614719028.wav,6179faa496317d28ad7c19145fcdbd14272b2e3809324418a6d7b7513cbd1d5f,ready,eligible,,0,0,0,0
spoof,22,voxforge_ru_mdc_2026_05_v4_calibration_espeakng:38ac8cb87e6b1776,voxforge_ru_mdc_2026_05:submission:da23929a193e177541440310c45721d2b16e728545b85a60cfdd99612181fc57:prompt:ru_0004,ru_0004,29d3f0b98584fa601e2a45e4714fe370315148dd2842fb294e5c45f4f16eeff3,raw/v4/xlsr_sls_model_v4_calibration_materialization_v1/espeak_spoof/espeak_ru_022_38ac8cb87e6b177638e7.wav,5c6ff49834c273bc1b67ad23c9c6fd58a4f5b1c1bc1f9444565fd750b75e7406,processed/v4/xlsr_sls_model_v4_calibration_materialization_v1/spoof/5c/5c6ff49834c273bc1b67ad23c9c6fd58a4f5b1c1bc1f9444565fd750b75e7406.wav,55666f69b592f1477065f6ad5b149c0ea175b651902b17478cb67536bb29f2d5,ready,eligible,,0,0,0,0
spoof,23,voxforge_ru_mdc_2026_05_v4_calibration_espeakng:51773611a5ee257b,voxforge_ru_mdc_2026_05:submission:3c0767a2a9f5de7a830dab25a37f6e61e2a2641b574e5a05aba6f023c1d82e46:prompt:ru_0068,ru_0068,5212eb0fb22dbd4d23781f2127e25b13fc13e80b121cbb2abe58ff0754f52066,raw/v4/xlsr_sls_model_v4_calibration_materialization_v1/espeak_spoof/espeak_ru_023_51773611a5ee257bfa60.wav,1d898787f38fbbe7eb469d5f5b55857b0535af437a12791ad24320a41bb32210,processed/v4/xlsr_sls_model_v4_calibration_materialization_v1/spoof/1d/1d898787f38fbbe7eb469d5f5b55857b0535af437a12791ad24320a41bb32210.wav,04782de69192810c502b9b4e965e88f730618cbec2d6585b7fbdc34e9690a139,ready,eligible,,0,0,0,0
spoof,24,voxforge_ru_mdc_2026_05_v4_calibration_espeakng:5e5a9de39a19ea6c,voxforge_ru_mdc_2026_05:submission:092455e06bb80e4e2d39a4a0b6618392901308523dbbfe3b9b275ad7679c8ad8:prompt:ru_0054,ru_0054,c00912f52abe2516888b66043d4dcc12f4b77010356a3b895aca698dfae61ccd,raw/v4/xlsr_sls_model_v4_calibration_materialization_v1/espeak_spoof/espeak_ru_024_5e5a9de39a19ea6c0ebb.wav,15a887d6a08ccaf955b22ea40af1db2426ce0c8fc6f014fb321b0247ad17c23b,processed/v4/xlsr_sls_model_v4_calibration_materialization_v1/spoof/15/15a887d6a08ccaf955b22ea40af1db2426ce0c8fc6f014fb321b0247ad17c23b.wav,8ca899d18d806bed1f19d26f2c40bb8155d14afed4f4b62f4908978639c6f9be,insufficient_speech,rejected,insufficient_speech,0,0,0,0
spoof,25,voxforge_ru_mdc_2026_05_v4_calibration_espeakng:f51ae92922031f85,voxforge_ru_mdc_2026_05:submission:6cfa817d2738f9369b26e9fa2b4d934a762cfff8d49a2b28d53a64252ba5feff:prompt:ru_0070,ru_0070,d6b672f415b9cc11b195a7d417c851f06b0fd412fce28a0584b25110103eacf0,raw/v4/xlsr_sls_model_v4_calibration_materialization_v1/espeak_spoof/espeak_ru_025_f51ae92922031f85a725.wav,b079618577eb7472418297cd401b8df8e29401c8e8226e28c4047d26c6c231db,processed/v4/xlsr_sls_model_v4_calibration_materialization_v1/spoof/b0/b079618577eb7472418297cd401b8df8e29401c8e8226e28c4047d26c6c231db.wav,2e5bf2163a35f4520b3fd1cbfbabcf00dbafb528e6682b419e010547f72938ea,ready,eligible,,0,0,0,0
spoof,26,voxforge_ru_mdc_2026_05_v4_calibration_espeakng:d24ef32d34405ca6,voxforge_ru_mdc_2026_05:submission:04668fd548109be444a219298d90ced078941f1fe19dc7e502a83d239a415ab9:prompt:ru_0078,ru_0078,25a2d0b010f7bffaf8484d78ca231194697839667c1098a903bdc6cf3986c837,raw/v4/xlsr_sls_model_v4_calibration_materialization_v1/espeak_spoof/espeak_ru_026_d24ef32d34405ca63849.wav,a3139d1b47574d8515e96bb7a150a8e17e20e0071155bab3b19956567ea5df02,processed/v4/xlsr_sls_model_v4_calibration_materialization_v1/spoof/a3/a3139d1b47574d8515e96bb7a150a8e17e20e0071155bab3b19956567ea5df02.wav,dbaa729da75ce90cc495971d70430cd08569a2401070d270e250a86fc75913dd,ready,eligible,,0,0,0,0
spoof,27,voxforge_ru_mdc_2026_05_v4_calibration_espeakng:2c03ec4cb75b4d12,voxforge_ru_mdc_2026_05:submission:0641adc94d9eadc04a4ee384e9e35b083971f6c0394bf27cef38175035ac10fd:prompt:ru_0050,ru_0050,8c94caf31d1fa9382315e39434ba9e2789d70b071e5bb0dc6030d5115cfa2d70,raw/v4/xlsr_sls_model_v4_calibration_materialization_v1/espeak_spoof/espeak_ru_027_2c03ec4cb75b4d12c2ee.wav,ea98125518ac84f7be4af841c233fc756fe73a07b74d82c57b13c892a9528959,processed/v4/xlsr_sls_model_v4_calibration_materialization_v1/spoof/ea/ea98125518ac84f7be4af841c233fc756fe73a07b74d82c57b13c892a9528959.wav,79e282f2aa69ee0f95de9152437656f126719ecc30dd20775aa350b178efb9b7,ready,eligible,,0,0,0,0
spoof,28,voxforge_ru_mdc_2026_05_v4_calibration_espeakng:e46970b8294b3b54,voxforge_ru_mdc_2026_05:submission:aaab32ab06543cbc15497224acec404e8c3cb00d26892fa818af48d9f8fffa3e:prompt:ru_0001,ru_0001,e7dab8ad7b1ad1813e718b208879e8268ad9376e6f6fddef9d258a5af02107f2,raw/v4/xlsr_sls_model_v4_calibration_materialization_v1/espeak_spoof/espeak_ru_028_e46970b8294b3b5435a3.wav,fe09be3d9ebca5603f2cb140233e44c69042d338dfbdb5f417306ca242e3fec0,processed/v4/xlsr_sls_model_v4_calibration_materialization_v1/spoof/fe/fe09be3d9ebca5603f2cb140233e44c69042d338dfbdb5f417306ca242e3fec0.wav,1ba5f194181b36b35afc9ddee744d3481e8c7ebb4afe90cf2dafe9135fbb0546,ready,eligible,,0,0,0,0
spoof,29,voxforge_ru_mdc_2026_05_v4_calibration_espeakng:472fcd728533327b,voxforge_ru_mdc_2026_05:submission:1e0f54b66145f997246f82132b2ca6bd03c6732ade6d91d49348499cc80e3509:prompt:ru_0041,ru_0041,933f70782c8c99fef2dfaa6959e59efd33ea928393e13121cc1936c78d0e3692,raw/v4/xlsr_sls_model_v4_calibration_materialization_v1/espeak_spoof/espeak_ru_029_472fcd728533327b400d.wav,883068f4e97243f57d7a15878cc2690d045f4f2d49132922c97706489fa9c61d,processed/v4/xlsr_sls_model_v4_calibration_materialization_v1/spoof/88/883068f4e97243f57d7a15878cc2690d045f4f2d49132922c97706489fa9c61d.wav,7c19e004876bf0fbe19592c202ee733d337547e752934b7c8946769d8b46ea3c,ready,eligible,,0,0,0,0
spoof,30,voxforge_ru_mdc_2026_05_v4_calibration_espeakng:e75b79a25b4e2bac,voxforge_ru_mdc_2026_05:submission:7f0c7a041eb1fa91d3c772a0eaf9d2b8bf6794c2a8a81682c6d9495b1a967450:prompt:ru_0035,ru_0035,9c60ef21d2ee4e019dc70c2d454b1b0f5d1442956e62b4831ec349abe6814441,raw/v4/xlsr_sls_model_v4_calibration_materialization_v1/espeak_spoof/espeak_ru_030_e75b79a25b4e2bacf13c.wav,56b3436d97f82e6f7a989621d650a1c24a843ce0ecc0c17a490f4ff502d06e8a,processed/v4/xlsr_sls_model_v4_calibration_materialization_v1/spoof/56/56b3436d97f82e6f7a989621d650a1c24a843ce0ecc0c17a490f4ff502d06e8a.wav,583eeefb36428fb3a2bf1e874c901243b046f91bc8efbbaacfc5c7c4eac4187e,ready,eligible,,0,0,0,0
spoof,31,voxforge_ru_mdc_2026_05_v4_calibration_espeakng:cd21382af7b42b27,voxforge_ru_mdc_2026_05:submission:fb55b7a8b2467e5708373038451f2c07155766b9bd699eb0148ff07ad0f29ac5:prompt:ru_0059,ru_0059,7fb393ecba16af6004df4a3e5e8a78222f3850c8b54d7e5e8fc92a54771cb43c,raw/v4/xlsr_sls_model_v4_calibration_materialization_v1/espeak_spoof/espeak_ru_031_cd21382af7b42b271ffd.wav,c89c1b86217fc7ed7afd9795ce7afe5201e3d6ba83d0365eee8078755e1a7660,processed/v4/xlsr_sls_model_v4_calibration_materialization_v1/spoof/c8/c89c1b86217fc7ed7afd9795ce7afe5201e3d6ba83d0365eee8078755e1a7660.wav,cb3fc5dc31154448736b71d04ea9e7b9315bb9932522b63ea497fd04cebfc15b,ready,eligible,,0,0,0,0
spoof,32,voxforge_ru_mdc_2026_05_v4_calibration_espeakng:75d87ab08bc05e4d,voxforge_ru_mdc_2026_05:submission:f105857a7b554d7a0d0e8c359d67297e35a6861009653b824ee46b0fe80bdfae:prompt:ru_0030,ru_0030,7ae0052a1f22bb0946cc1731f369ee4a56c8cf52599f2b158c617fe4e279cc95,raw/v4/xlsr_sls_model_v4_calibration_materialization_v1/espeak_spoof/espeak_ru_032_75d87ab08bc05e4df4be.wav,ee4800687bd2e4fa768eeef2e897adebed3df332c23baa3d76d34b96a1e17482,processed/v4/xlsr_sls_model_v4_calibration_materialization_v1/spoof/ee/ee4800687bd2e4fa768eeef2e897adebed3df332c23baa3d76d34b96a1e17482.wav,1d7411cae635027dfa7f7bfbffecd30ac758f32adde9461623d0183424867721,ready,eligible,,0,0,0,0
spoof,33,voxforge_ru_mdc_2026_05_v4_calibration_espeakng:29c7abbef13bbf91,voxforge_ru_mdc_2026_05:submission:6669141f052b58d1e759cd0f4685c04ec78079e77a6224181968ba7505deefe0:prompt:ru_0075,ru_0075,98a460c44832da8b47da1b280091a98abfd6051cff470b77e4d9003aa579c0ac,raw/v4/xlsr_sls_model_v4_calibration_materialization_v1/espeak_spoof/espeak_ru_033_29c7abbef13bbf910b88.wav,08510e8a590074b72981ced9d67d64abf92966a208c4f1af3100342e8eb418dc,processed/v4/xlsr_sls_model_v4_calibration_materialization_v1/spoof/08/08510e8a590074b72981ced9d67d64abf92966a208c4f1af3100342e8eb418dc.wav,64261cb8e6954472951aba5887641016c110e011ce0f4a00e6219fde039d7a7a,ready,eligible,,0,0,0,0
spoof,34,voxforge_ru_mdc_2026_05_v4_calibration_espeakng:4b5f5acaada4ad28,voxforge_ru_mdc_2026_05:submission:f361f6007f4fa97e8fa33488b50787581a6ddf8f85519440902687056f58f693:prompt:ru_0012,ru_0012,e501926c02370e6202a91c78153cc9e8ce0c6ac7887d04404834a0264f93221d,raw/v4/xlsr_sls_model_v4_calibration_materialization_v1/espeak_spoof/espeak_ru_034_4b5f5acaada4ad287809.wav,2c7a2c14254c0896a16f73fb76b25bce7acd85a8fe1b5d14f861d5cd5c520612,processed/v4/xlsr_sls_model_v4_calibration_materialization_v1/spoof/2c/2c7a2c14254c0896a16f73fb76b25bce7acd85a8fe1b5d14f861d5cd5c520612.wav,38277ae860bf2286f0f027530b9d25361674b464074364a979f1d06ad5ae99be,ready,eligible,,0,0,0,0
spoof,35,voxforge_ru_mdc_2026_05_v4_calibration_espeakng:035af91fa0c14262,voxforge_ru_mdc_2026_05:submission:8ea1545cb39e564bb3ec5eddb1fbb84136c745569065918b32a46dd52a21b07c:prompt:ru_0033,ru_0033,cee5a0689f271ea4ac1cf2d8575afaf53f78349df198a662788902b7560ba442,raw/v4/xlsr_sls_model_v4_calibration_materialization_v1/espeak_spoof/espeak_ru_035_035af91fa0c142628934.wav,d9efbad92ef6cfe66a29c3139f7260b19c0beeb02543e7094667c48b42179c17,processed/v4/xlsr_sls_model_v4_calibration_materialization_v1/spoof/d9/d9efbad92ef6cfe66a29c3139f7260b19c0beeb02543e7094667c48b42179c17.wav,6720727918e4b8c2da87e3b027d864d3a0c40d73b409a736afdb90e4c887e831,ready,eligible,,0,0,0,0
spoof,36,voxforge_ru_mdc_2026_05_v4_calibration_espeakng:36a14674b78f9ae9,voxforge_ru_mdc_2026_05:submission:8d315396c67dc61a0161f713cb66e4bd7673299ae820b47ced950be9090f7aa5:prompt:ru_0042,ru_0042,a3bb152d6847e5ffbcca56059d62004bafe22b46e02f93db6f7a9d9d2db4e788,raw/v4/xlsr_sls_model_v4_calibration_materialization_v1/espeak_spoof/espeak_ru_036_36a14674b78f9ae91fb5.wav,c9f892a7d80bb3b16581ee8cdcf354185e85f441523f2b6796fbc75b3082c71d,processed/v4/xlsr_sls_model_v4_calibration_materialization_v1/spoof/c9/c9f892a7d80bb3b16581ee8cdcf354185e85f441523f2b6796fbc75b3082c71d.wav,4c85a55c5d616e9812fc36dd73a1605e004669e2faef8122065286affca76422,ready,eligible,,0,0,0,0
spoof,37,voxforge_ru_mdc_2026_05_v4_calibration_espeakng:8bf2f9d6d3320ff1,voxforge_ru_mdc_2026_05:submission:382e7d56b8567bcc9266ac77d293f61c2963b497d05a62b09bda0192d0ae51c0:prompt:ru_0031,ru_0031,09f3b1605aa5a29e6ae6f1eb5c38be6c0999d7580a90c30069d88ba1308fafaa,raw/v4/xlsr_sls_model_v4_calibration_materialization_v1/espeak_spoof/espeak_ru_037_8bf2f9d6d3320ff12436.wav,b00396ad80f52e5ab8252b1299850d8a2c496a9360f37466a164260f5b57a16b,processed/v4/xlsr_sls_model_v4_calibration_materialization_v1/spoof/b0/b00396ad80f52e5ab8252b1299850d8a2c496a9360f37466a164260f5b57a16b.wav,a39173dab5efab6013c982a19360994cd86ac8d5508b82d23a154418f18b75e8,ready,eligible,,0,0,0,0
spoof,38,voxforge_ru_mdc_2026_05_v4_calibration_espeakng:863fe21e4f780f35,voxforge_ru_mdc_2026_05:submission:7da85847012924ce347c09acf11e9d80b5ab0a4a6b53f65a2782792530c5a9bb:prompt:ru_0060,ru_0060,ac182ebe981e0bcca10e52fe3206cb47332dd50cb53ad51251c055e8abe58739,raw/v4/xlsr_sls_model_v4_calibration_materialization_v1/espeak_spoof/espeak_ru_038_863fe21e4f780f353af1.wav,3003f1c911ca71d12369410e1d50be66ee4fb67d40cc3735e4b372ac3940a751,processed/v4/xlsr_sls_model_v4_calibration_materialization_v1/spoof/30/3003f1c911ca71d12369410e1d50be66ee4fb67d40cc3735e4b372ac3940a751.wav,6a5ec448769b3b041149c3511c5a04686045dfb4b770a2b8231e1c939457693e,ready,eligible,,0,0,0,0
spoof,39,voxforge_ru_mdc_2026_05_v4_calibration_espeakng:69b5157479ea7f4a,voxforge_ru_mdc_2026_05:submission:d5028e15fa24e97a68a6bd40c36d0a24bf9fc3fcebebc022ca0fd4e9ef27e3d1:prompt:ru_0010,ru_0010,1d3321395e14f6cf4dd80204e2e80181721f9fb68689edbd4d5f9fcc8cfc3bba,raw/v4/xlsr_sls_model_v4_calibration_materialization_v1/espeak_spoof/espeak_ru_039_69b5157479ea7f4a7fc3.wav,64abe2a76b03d8d077b59d02826517bd6366362eb3193744c02d32201ea6a340,processed/v4/xlsr_sls_model_v4_calibration_materialization_v1/spoof/64/64abe2a76b03d8d077b59d02826517bd6366362eb3193744c02d32201ea6a340.wav,a3a9938420c7689605d5ab337d7455a6095c649af949fc8b56f4025da383e72a,ready,eligible,,0,0,0,0
spoof,40,voxforge_ru_mdc_2026_05_v4_calibration_espeakng:1c7c98d00732a5f4,voxforge_ru_mdc_2026_05:submission:425edaf03f3dbe92114eeeadfbbe9357caff8686a46dc6a3b50bf36cf8232bfb:prompt:ru_0045,ru_0045,032ca5e9a5158ae437074ad928a40d019e66aa4f04ad21f2a3ef5acd35d1029e,raw/v4/xlsr_sls_model_v4_calibration_materialization_v1/espeak_spoof/espeak_ru_040_1c7c98d00732a5f4b06d.wav,2f9bae6f4d8b6ac8324c81f377cb91e13cbba4c021b001f32faede4a9f25a715,processed/v4/xlsr_sls_model_v4_calibration_materialization_v1/spoof/2f/2f9bae6f4d8b6ac8324c81f377cb91e13cbba4c021b001f32faede4a9f25a715.wav,ccabffb8c4556b2d9f3c0bf41e62d88a761ad36e98a7fcd76f35e4ec9497146c,ready,eligible,,0,0,0,0
spoof,41,voxforge_ru_mdc_2026_05_v4_calibration_espeakng:a13963834850bd6e,voxforge_ru_mdc_2026_05:submission:fbb515a559bc39c9986ee2df9977154bacafea379b8286cea2f0f0b8375f5571:prompt:ru_0074,ru_0074,e7248db87c91831fcc43bf245ca2f16e591b8e859ed71d95e910a0457e47bacf,raw/v4/xlsr_sls_model_v4_calibration_materialization_v1/espeak_spoof/espeak_ru_041_a13963834850bd6efcc6.wav,877f3352f329e65e5adc7bc2dc48a70b7cb2751eec94d8a11a0a9288b56525b7,processed/v4/xlsr_sls_model_v4_calibration_materialization_v1/spoof/87/877f3352f329e65e5adc7bc2dc48a70b7cb2751eec94d8a11a0a9288b56525b7.wav,fbdb5df22979fe70bac8296aa307e3f36064ff20e3d33b0006b063eaaf2152a1,ready,eligible,,0,0,0,0
spoof,42,voxforge_ru_mdc_2026_05_v4_calibration_espeakng:3ee23af1c39f7054,voxforge_ru_mdc_2026_05:submission:e5bd1f75fa42b101d54885dced0ae738aa4f7d12b1bdd10f5a2ef0cebcabdae9:prompt:ru_0032,ru_0032,c7f27a664bf689206a491808c99d548552fc5c0bfe2fabc6971e653728102da3,raw/v4/xlsr_sls_model_v4_calibration_materialization_v1/espeak_spoof/espeak_ru_042_3ee23af1c39f7054c6e5.wav,1918a8e15ccd6d67ad08de0b6c19bcfec4bfb5c2095f3510fbc70d209a37d5c5,processed/v4/xlsr_sls_model_v4_calibration_materialization_v1/spoof/19/1918a8e15ccd6d67ad08de0b6c19bcfec4bfb5c2095f3510fbc70d209a37d5c5.wav,efc7e0d998221a054279673290798bfe42b80d7890659caf0227b0d3e57906d2,ready,eligible,,0,0,0,0
spoof,43,voxforge_ru_mdc_2026_05_v4_calibration_espeakng:fcf8a53cf78892cc,voxforge_ru_mdc_2026_05:submission:0e87fd37e89a7a62ac1624d508b1b68fdc560badcd7a6d6c3f55e1dc78746869:prompt:ru_0061,ru_0061,51f49e40ff35268f3deaba5947d47f94be79a53f8572fe4b9239fba76960943c,raw/v4/xlsr_sls_model_v4_calibration_materialization_v1/espeak_spoof/espeak_ru_043_fcf8a53cf78892ccdc9f.wav,84e5b1655b80707355974340b6aa3f1d0ac3f8932efd8478b3330fff19ebdcb1,processed/v4/xlsr_sls_model_v4_calibration_materialization_v1/spoof/84/84e5b1655b80707355974340b6aa3f1d0ac3f8932efd8478b3330fff19ebdcb1.wav,3c591d16b4fc8120a1abe9130b7d3432ef9453811d12a3777085d86d0dbe7939,ready,eligible,,0,0,0,0
spoof,44,voxforge_ru_mdc_2026_05_v4_calibration_espeakng:8b8e00a436b65329,voxforge_ru_mdc_2026_05:submission:61004bb7a4b2d8c3dfa02057d003f7f225cd1f77eebbfba02ea83f004aebfe7d:prompt:ru_0022,ru_0022,82e193a30845e7f5e6ce30cf7b7d54e3cde9ded4cf5716d45a99e99b9ca94a5c,raw/v4/xlsr_sls_model_v4_calibration_materialization_v1/espeak_spoof/espeak_ru_044_8b8e00a436b65329c066.wav,0fd5d9a5c38ccfb29ce5df6abdcc4909d79ff942749ab88116d796085a7e300b,processed/v4/xlsr_sls_model_v4_calibration_materialization_v1/spoof/0f/0fd5d9a5c38ccfb29ce5df6abdcc4909d79ff942749ab88116d796085a7e300b.wav,abe00ff3f2a88608dd9fb97624d83918548f5e86a231527bc0b2b24cbb6f36b7,ready,eligible,,0,0,0,0
spoof,45,voxforge_ru_mdc_2026_05_v4_calibration_espeakng:25dde8a25cab41db,voxforge_ru_mdc_2026_05:submission:93d5c6dba90626f8ab6eb73f97001c75d03fe66f9ff2b3b23a450791e75739c5:prompt:ru_0089,ru_0089,c529e596c7caf3bbad0994bcfe95f166275241307470699b118d6be6bb634e03,raw/v4/xlsr_sls_model_v4_calibration_materialization_v1/espeak_spoof/espeak_ru_045_25dde8a25cab41db2081.wav,dd5b3af85a9de2eeefb58fc39dffc1821bbe8c8315f0032f0d17154985ae544c,processed/v4/xlsr_sls_model_v4_calibration_materialization_v1/spoof/dd/dd5b3af85a9de2eeefb58fc39dffc1821bbe8c8315f0032f0d17154985ae544c.wav,d3f95ea7578855671d71481f8b1bf93c264f10bcb65954f619beb87589c042e5,ready,eligible,,0,0,0,0
spoof,47,voxforge_ru_mdc_2026_05_v4_calibration_espeakng:e087f5cdd16fe5c0,voxforge_ru_mdc_2026_05:submission:86024b91b0f41fe2b0598d130945a674ac5b16af7d23b946bb3d34c73a4d9243:prompt:ru_0067,ru_0067,8f7df5c51ee628af08533c2cca6111c2e4ce6774c999af4c4614920a3e8891d6,raw/v4/xlsr_sls_model_v4_calibration_materialization_v1/espeak_spoof/espeak_ru_047_e087f5cdd16fe5c0a26c.wav,89a1acb8c11b399eb97e63fecc78192cf999aa22edcca32c230f4b4a1f011460,processed/v4/xlsr_sls_model_v4_calibration_materialization_v1/spoof/89/89a1acb8c11b399eb97e63fecc78192cf999aa22edcca32c230f4b4a1f011460.wav,70fe81a77870afe2051cd1ad4dad61c813e06aeb44b68c8b52af1bd177dcd3b2,ready,eligible,,0,0,0,0
spoof,48,voxforge_ru_mdc_2026_05_v4_calibration_espeakng:3052d2971c145f22,voxforge_ru_mdc_2026_05:submission:135e7397ea9d435f05ad95c38897934aa86e550dccc953d01535500937d58437:prompt:ru_0058,ru_0058,a47ba0dbf58d105aeb3a119fa43b8db0ad29be247612d7b4faeee5f6c97a78cd,raw/v4/xlsr_sls_model_v4_calibration_materialization_v1/espeak_spoof/espeak_ru_048_3052d2971c145f22bf68.wav,b5e4dcaa5e158ca3b2434ab5226474e81b9e5051e5feaf02adf1350bd31abade,processed/v4/xlsr_sls_model_v4_calibration_materialization_v1/spoof/b5/b5e4dcaa5e158ca3b2434ab5226474e81b9e5051e5feaf02adf1350bd31abade.wav,4cf54eb559ca553e13a2dcdb712d6ab31e2a24ca9d52208dacb4d31718bf8fb6,insufficient_speech,rejected,insufficient_speech,0,0,0,0
spoof,49,voxforge_ru_mdc_2026_05_v4_calibration_espeakng:19936b3627de4b4b,voxforge_ru_mdc_2026_05:submission:4d3e322a6ccc7e447ca8f8e66039473dba4fd1134774669de1157801513ad59e:prompt:ru_0038,ru_0038,7d9dcdbb3d568f0fd47492434849cdaafd24bffc10d4ceb0628bc1d65c5e2db8,raw/v4/xlsr_sls_model_v4_calibration_materialization_v1/espeak_spoof/espeak_ru_049_19936b3627de4b4bab6a.wav,c6d81b7ea766d7447153d65dc2cfb48db7041c737fdf4c2f646e0459b4b8271f,processed/v4/xlsr_sls_model_v4_calibration_materialization_v1/spoof/c6/c6d81b7ea766d7447153d65dc2cfb48db7041c737fdf4c2f646e0459b4b8271f.wav,583fb251818e4e6cb1830744e781d87fe03fbfc3893d655c4827ce3630cf0bbe,ready,eligible,,0,0,0,0
spoof,50,voxforge_ru_mdc_2026_05_v4_calibration_espeakng:ff8e4c5da4003e78,voxforge_ru_mdc_2026_05:submission:cbdb0ed0edf32da3bbaa3031d08b2fa8ac45354a1a9b999b1c397ae811c24176:prompt:ru_0002,ru_0002,5813e5d263dc78bd7f6ea27b22877e0aa4551fd50ff4384358b10efdb1e8fbe1,raw/v4/xlsr_sls_model_v4_calibration_materialization_v1/espeak_spoof/espeak_ru_050_ff8e4c5da4003e78664d.wav,20045fad865b179149638c43f5de70473f5baf48cd67e2f762265de5980b43f6,processed/v4/xlsr_sls_model_v4_calibration_materialization_v1/spoof/20/20045fad865b179149638c43f5de70473f5baf48cd67e2f762265de5980b43f6.wav,58d22778b58d4666a2f01df790197daf88f21c87ea4fee3e9fcc1c46182df021,ready,eligible,,0,0,0,0
spoof,51,voxforge_ru_mdc_2026_05_v4_calibration_espeakng:cfdce3afe62c6781,voxforge_ru_mdc_2026_05:submission:cc00b633470eb6e0b5808506821b6153e977f38705c22e468903e2032aa2ec0a:prompt:ru_0011,ru_0011,a136a92fa2c422d8607d769be2e121b0e8e9203e87c59d8a4c5f5e58c755ca0d,raw/v4/xlsr_sls_model_v4_calibration_materialization_v1/espeak_spoof/espeak_ru_051_cfdce3afe62c678144f9.wav,7b9a19847d8c8a4dcfe54609417544ee89c458d59e1794e46199f03c10e16612,processed/v4/xlsr_sls_model_v4_calibration_materialization_v1/spoof/7b/7b9a19847d8c8a4dcfe54609417544ee89c458d59e1794e46199f03c10e16612.wav,dc573f33c87ed4dbdd0cdc667e6d5de308cfd902f77cdc518101e511477f4750,ready,eligible,,0,0,0,0
spoof,52,voxforge_ru_mdc_2026_05_v4_calibration_espeakng:9480eca56455a541,voxforge_ru_mdc_2026_05:submission:1c04a50025f3fc6a2db38d86e276564f0fc20aca25505e034902bbefb37e6769:prompt:ru_0018,ru_0018,286614b3819c9eb4188c30460b1c8dc4762b6bda439f7244374251831082144a,raw/v4/xlsr_sls_model_v4_calibration_materialization_v1/espeak_spoof/espeak_ru_052_9480eca56455a5414e37.wav,043116136de52055bd9207e4c22770aac904730cb2bb0323727857b57601794e,processed/v4/xlsr_sls_model_v4_calibration_materialization_v1/spoof/04/043116136de52055bd9207e4c22770aac904730cb2bb0323727857b57601794e.wav,b1a1272022ccf9ab577e122894d6b13365e1eb520579e3eb8d8d9540a2895f72,ready,eligible,,0,0,0,0
spoof,53,voxforge_ru_mdc_2026_05_v4_calibration_espeakng:ddecde21ab6be00d,voxforge_ru_mdc_2026_05:submission:95fda0d488ee6b73835e047cbf6ae82a5fb1e399b1d6231a1ee539df999d3656:prompt:ru_0017,ru_0017,6a4e6616041d4bd992e610faa136f8292474a422e53bbb581c18ece388f1507f,raw/v4/xlsr_sls_model_v4_calibration_materialization_v1/espeak_spoof/espeak_ru_053_ddecde21ab6be00d50f8.wav,a26c4118fa9b7b22004cb33a8ef328ecb3aa38de68c7a790e0370033ca9c8ae7,processed/v4/xlsr_sls_model_v4_calibration_materialization_v1/spoof/a2/a26c4118fa9b7b22004cb33a8ef328ecb3aa38de68c7a790e0370033ca9c8ae7.wav,54d33f3a52b5d987d7556398e3ef796b9270d10e0dd6d8681f6b4e40d68a4d58,ready,eligible,,0,0,0,0
spoof,54,voxforge_ru_mdc_2026_05_v4_calibration_espeakng:3c04b5ba9c01b03b,voxforge_ru_mdc_2026_05:submission:45e4e0c6b8d40d7f40e959b5fe9c07cfc976b674cd395ae2a8bd4415a3c42ab7:prompt:ru_0055,ru_0055,bbbca0513088b2174fb5c5374785740ccc8a98fd72162bc95e993716f8bc272d,raw/v4/xlsr_sls_model_v4_calibration_materialization_v1/espeak_spoof/espeak_ru_054_3c04b5ba9c01b03b199f.wav,f0d48224530fbd14d3614e0e0446473493c3ac577eea27e50fe4be09226813c0,processed/v4/xlsr_sls_model_v4_calibration_materialization_v1/spoof/f0/f0d48224530fbd14d3614e0e0446473493c3ac577eea27e50fe4be09226813c0.wav,fa6f8f651ee8acb95f70c51d0e440d4b5b3b4db4a9d6e699b9416a51b591894e,ready,eligible,,0,0,0,0
spoof,55,voxforge_ru_mdc_2026_05_v4_calibration_espeakng:12fbf36b24978f84,voxforge_ru_mdc_2026_05:submission:13b7e61c44ba8570be71aa0c37beaeea0c6c3c728f66019eb18202f5e871ba9d:prompt:ru_0052,ru_0052,e2259b7007fef6c3106e0bd6395cedd4c1c086912fa7a17f2ce3637ba0744990,raw/v4/xlsr_sls_model_v4_calibration_materialization_v1/espeak_spoof/espeak_ru_055_12fbf36b24978f84e1f5.wav,331c6b86498c468ce6250cc2ae839b6377a6573263aa0875157b7c2c3e566040,processed/v4/xlsr_sls_model_v4_calibration_materialization_v1/spoof/33/331c6b86498c468ce6250cc2ae839b6377a6573263aa0875157b7c2c3e566040.wav,e71580235aeaa8d8137ae4de971108d5410fdcff0f8e2c1289e8c1f6f066eb92,ready,eligible,,0,0,0,0
spoof,56,voxforge_ru_mdc_2026_05_v4_calibration_espeakng:2f072586e42bc5e1,voxforge_ru_mdc_2026_05:submission:51ca62b66e7fdf89d9988a6c1967ced34226eefad5388571c589a66c554e01c1:prompt:ru_0069,ru_0069,7bd6b96aeaf9a714f282070c39b34f95fa5d527651df86098734d723fa701447,raw/v4/xlsr_sls_model_v4_calibration_materialization_v1/espeak_spoof/espeak_ru_056_2f072586e42bc5e17f49.wav,c5db4a4729ef9369c551367a3302269779fc8c24c760a953f54e1f1957d89d70,processed/v4/xlsr_sls_model_v4_calibration_materialization_v1/spoof/c5/c5db4a4729ef9369c551367a3302269779fc8c24c760a953f54e1f1957d89d70.wav,7f84bcd86c77174859e9b70420e34f38848151eaa53a27cdc982f3ee875020ea,ready,eligible,,0,0,0,0
spoof,57,voxforge_ru_mdc_2026_05_v4_calibration_espeakng:f5a6593f9a48db5a,voxforge_ru_mdc_2026_05:submission:fc19e9df21303cb524c031144dfc352fc9e6a72be3e05d0ef4992781a010cd35:prompt:ru_0065,ru_0065,7073ee8e9bd41a26ecea54d10d82180ed427f562a33c3f14c71d36801d3ae21a,raw/v4/xlsr_sls_model_v4_calibration_materialization_v1/espeak_spoof/espeak_ru_057_f5a6593f9a48db5a517d.wav,eaf07804dda9f5fd0e0820b36b1f21bb2bc989a58f43ae81e1b79964595b5958,processed/v4/xlsr_sls_model_v4_calibration_materialization_v1/spoof/ea/eaf07804dda9f5fd0e0820b36b1f21bb2bc989a58f43ae81e1b79964595b5958.wav,42873507a893c7e05ee0d42ca32f53ae5bee482bc8009d7359ffaec170744af9,ready,eligible,,0,0,0,0
spoof,58,voxforge_ru_mdc_2026_05_v4_calibration_espeakng:a2d489c49b8aefcc,voxforge_ru_mdc_2026_05:submission:32fcaedf59b4ac2c5d3400f4857ecc45f3ba742edea0677301c8b1dc303bc6e3:prompt:ru_0003,ru_0003,c5f55670a9a2005d49008231c56b28d65fb15813530fe4dc549f3af0f535a727,raw/v4/xlsr_sls_model_v4_calibration_materialization_v1/espeak_spoof/espeak_ru_058_a2d489c49b8aefcc99c3.wav,314f795aab8815ecab0bc1113f3265a23c447840c002fb5b522793c63b602c04,processed/v4/xlsr_sls_model_v4_calibration_materialization_v1/spoof/31/314f795aab8815ecab0bc1113f3265a23c447840c002fb5b522793c63b602c04.wav,49a91e3e178a61e76e06ab979d28ab685b5aaa00d307c8abcc650e6acb45d797,ready,eligible,,0,0,0,0
spoof,59,voxforge_ru_mdc_2026_05_v4_calibration_espeakng:db17626df2f39890,voxforge_ru_mdc_2026_05:submission:dbd1e03ecfece3bb0cbaa1f4f813698a9504d4dc37133fee42e1855e52095004:prompt:ru_0064,ru_0064,9905646c2970641a4ff60b68e6dded1e563ce70c2d6fef09b99e30bb7db8fa30,raw/v4/xlsr_sls_model_v4_calibration_materialization_v1/espeak_spoof/espeak_ru_059_db17626df2f398905f95.wav,e8dc3f24bbe18c59b4733c7c7008c221c60e69bc491ee7af56f8de1324df3955,processed/v4/xlsr_sls_model_v4_calibration_materialization_v1/spoof/e8/e8dc3f24bbe18c59b4733c7c7008c221c60e69bc491ee7af56f8de1324df3955.wav,d733fa09fa1d3dc87d0eeb1a4868d090a1530e1bb7701f48158d377f0f197fa3,ready,eligible,,0,0,0,0
spoof,60,voxforge_ru_mdc_2026_05_v4_calibration_espeakng:e64aa72db86d162f,voxforge_ru_mdc_2026_05:submission:74a8b633f67c41ae13dad910bcadce2c972b009d0b64ab4506a65193e317e181:prompt:ru_0051,ru_0051,cc903ab7c86b5c8213bf37d0de4373f2577fb1d119678409b25dc2d984901c0b,raw/v4/xlsr_sls_model_v4_calibration_materialization_v1/espeak_spoof/espeak_ru_060_e64aa72db86d162f3602.wav,079fad2805df043ab7e5fe175ed9b6f58e56e960fa925dc1a330ba4539fc159f,processed/v4/xlsr_sls_model_v4_calibration_materialization_v1/spoof/07/079fad2805df043ab7e5fe175ed9b6f58e56e960fa925dc1a330ba4539fc159f.wav,3b23030048e98002628ab323246b66ff4a9671a0785e1477150f937208afb7c5,ready,eligible,,0,0,0,0
spoof,61,voxforge_ru_mdc_2026_05_v4_calibration_espeakng:19d5c30e5a7a5997,voxforge_ru_mdc_2026_05:submission:dffbc38ae85d69ef86b38d91abdfc0f41342740e04056dfd7764f030b753baa9:prompt:ru_0039,ru_0039,e3f838634e87143f549b2154f71221981e44d036ce601a2faf7090e2dcf3b790,raw/v4/xlsr_sls_model_v4_calibration_materialization_v1/espeak_spoof/espeak_ru_061_19d5c30e5a7a5997ee79.wav,c30064e24a704aa11b2d869a4be57cdbec1d2f85b559ce1344f596f84f37e99d,processed/v4/xlsr_sls_model_v4_calibration_materialization_v1/spoof/c3/c30064e24a704aa11b2d869a4be57cdbec1d2f85b559ce1344f596f84f37e99d.wav,70415d249caa7ff63a423e22b0274994feed773f4cec1e81dbbe3c0dda5c2ce5,insufficient_speech,rejected,insufficient_speech,0,0,0,0
spoof,62,voxforge_ru_mdc_2026_05_v4_calibration_espeakng:2dd8a07283da941d,voxforge_ru_mdc_2026_05:submission:598818e4909723fdab46e127e879b40c8d0cdad80dace5afd8c412e2d9d4fff8:prompt:ru_0006,ru_0006,f032ace3e5930871ca9b71ec3f175f23bada28e3dcf41f4414b99b2229d9d380,raw/v4/xlsr_sls_model_v4_calibration_materialization_v1/espeak_spoof/espeak_ru_062_2dd8a07283da941d48c1.wav,6d8202d57c18e381ad5723e3580166a8d22e380ec2d446655330d2b27d2619aa,processed/v4/xlsr_sls_model_v4_calibration_materialization_v1/spoof/6d/6d8202d57c18e381ad5723e3580166a8d22e380ec2d446655330d2b27d2619aa.wav,7d7907bcf40c8a4b4f540485ba26ef38063699e5f51c89389148a4ec9c7a15ba,ready,eligible,,0,0,0,0
spoof,63,voxforge_ru_mdc_2026_05_v4_calibration_espeakng:7fbdedea6fad170b,voxforge_ru_mdc_2026_05:submission:5952d5fc3b1a37c2e9ca3658856283d07bae4cde72138104623c236562418867:prompt:ru_0066,ru_0066,59f1df8f58f0a704302786b5c02c46a442dedc63d03cec4a28e05cae2416c59a,raw/v4/xlsr_sls_model_v4_calibration_materialization_v1/espeak_spoof/espeak_ru_063_7fbdedea6fad170b0dd7.wav,5783cab98096867d127a30dbbc3177c5b840db726a5e907a5d6700a08cda10c7,processed/v4/xlsr_sls_model_v4_calibration_materialization_v1/spoof/57/5783cab98096867d127a30dbbc3177c5b840db726a5e907a5d6700a08cda10c7.wav,7450b4da5369de985677920dbc5f13bac017ff04a42f27d17f18c5a9988ffdfb,ready,eligible,,0,0,0,0
spoof,64,voxforge_ru_mdc_2026_05_v4_calibration_espeakng:be455178abc87701,voxforge_ru_mdc_2026_05:submission:0dfd38faee70aa710384fb4e657c8bb5a13b0916768e687fd84ceef174b19e98:prompt:ru_0025,ru_0025,0e679c0c762905542b7fde0bdabaec6e88dbdc217b78fd6c624866da120db5cf,raw/v4/xlsr_sls_model_v4_calibration_materialization_v1/espeak_spoof/espeak_ru_064_be455178abc87701cb40.wav,a8f69140c8a651ba36dfa3863dc48b60b973e2b9a0a9a2639ecbf532d95d2f41,processed/v4/xlsr_sls_model_v4_calibration_materialization_v1/spoof/a8/a8f69140c8a651ba36dfa3863dc48b60b973e2b9a0a9a2639ecbf532d95d2f41.wav,489e0665c74cf9b781fae30ed2d360614c75ca801a1a83a07dfbbce1a5638f3f,ready,eligible,,0,0,0,0
spoof,65,voxforge_ru_mdc_2026_05_v4_calibration_espeakng:e69e89d6899c4c28,voxforge_ru_mdc_2026_05:submission:25ab5559d25ed921eabd84becf96204bf01c999d265c5cdc63291353217ea38f:prompt:ru_0040,ru_0040,106caab715c1f19d383221b3772066f21c25a10e497b9123e3d41fa40a5e4bc3,raw/v4/xlsr_sls_model_v4_calibration_materialization_v1/espeak_spoof/espeak_ru_065_e69e89d6899c4c289bcb.wav,13e3abd3f4923bb22a6c617a6bc700734b604bfcb30944a485d428139756d1ac,processed/v4/xlsr_sls_model_v4_calibration_materialization_v1/spoof/13/13e3abd3f4923bb22a6c617a6bc700734b604bfcb30944a485d428139756d1ac.wav,52ba5faa130e817c5e5a21e20057307afba2c93aa975d377e9b8beb6c18eff9a,ready,eligible,,0,0,0,0
spoof,66,voxforge_ru_mdc_2026_05_v4_calibration_espeakng:274f39b2633ce81f,voxforge_ru_mdc_2026_05:submission:18a7745477626450d12d1cfd3f9bea3bc3861821023256e17173b791d28194ba:prompt:ru_0094,ru_0094,0ba49054de08c4e46bd7f89d3c1c9fe40841e3b8c96179d4bd6145e45edffbc2,raw/v4/xlsr_sls_model_v4_calibration_materialization_v1/espeak_spoof/espeak_ru_066_274f39b2633ce81fcf8a.wav,231587c476193b454eaf1a6f747c4ce1fc87c8fbbe4a3a1e5cd7189d781a9586,processed/v4/xlsr_sls_model_v4_calibration_materialization_v1/spoof/23/231587c476193b454eaf1a6f747c4ce1fc87c8fbbe4a3a1e5cd7189d781a9586.wav,70746304cfdffa719221ed0f998b54dd3dd5bc4163651111e4965ccb6a1471a0,ready,eligible,,0,0,0,0
spoof,67,voxforge_ru_mdc_2026_05_v4_calibration_espeakng:ff2ff4d07ca2de19,voxforge_ru_mdc_2026_05:submission:ca6ea575b8a9f0446893f0b75ed1f1a8811f319c07f8c4ae1f23134b92b5f751:prompt:ru_0043,ru_0043,02f2a226fffc0a3c60dd02f9f4f1adee5136aa922b4ff65e003b0fd11a2c16bf,raw/v4/xlsr_sls_model_v4_calibration_materialization_v1/espeak_spoof/espeak_ru_067_ff2ff4d07ca2de1925e2.wav,681df5bfdc53197db68af49be36bf40ff936f8957cb388c560d9031cb7bf91ab,processed/v4/xlsr_sls_model_v4_calibration_materialization_v1/spoof/68/681df5bfdc53197db68af49be36bf40ff936f8957cb388c560d9031cb7bf91ab.wav,1041b0146be1bda5c9868536ab7b42585fabccb1dc7a41a559263a14dbbfbd63,ready,eligible,,0,0,0,0
spoof,68,voxforge_ru_mdc_2026_05_v4_calibration_espeakng:a24b33263cd6fc3c,voxforge_ru_mdc_2026_05:submission:65f5812127ed8bee6fde38f9349910b455ee4bc9888c359e463c10ec1828c625:prompt:ru_0053,ru_0053,2dcd7c286a4db8382029dabf15375c1380e6dd9f1ac106877827e456b419a5f2,raw/v4/xlsr_sls_model_v4_calibration_materialization_v1/espeak_spoof/espeak_ru_068_a24b33263cd6fc3c1dad.wav,72468a6868bfbba9da07556348016bcf463afc223401d2183088fe793845c102,processed/v4/xlsr_sls_model_v4_calibration_materialization_v1/spoof/72/72468a6868bfbba9da07556348016bcf463afc223401d2183088fe793845c102.wav,e6330d7c8e529efae5d51b81a410b9ad385474fd8213d7f1b25edcc1ad25422f,ready,eligible,,0,0,0,0
spoof,69,voxforge_ru_mdc_2026_05_v4_calibration_espeakng:c078043fa50e1373,voxforge_ru_mdc_2026_05:submission:3e066316c23a8843d375fa0a0f0985de8eaff7a05cdaa25bad275d8ac0d3b5d6:prompt:ru_0082,ru_0082,015a1134b7366e048694b683ad700ddd0f81c705298569853f35f73121920935,raw/v4/xlsr_sls_model_v4_calibration_materialization_v1/espeak_spoof/espeak_ru_069_c078043fa50e13734040.wav,5b22e88a5cca193b6c6c46168c6edc3e302c95bbdeb881e61980e908827d8d1b,processed/v4/xlsr_sls_model_v4_calibration_materialization_v1/spoof/5b/5b22e88a5cca193b6c6c46168c6edc3e302c95bbdeb881e61980e908827d8d1b.wav,adf10931b781cf7a2cad6c46b7ddecdd661ae4bd3ad9b807903cf8d7c7e0d044,ready,eligible,,0,0,0,0
spoof,70,voxforge_ru_mdc_2026_05_v4_calibration_espeakng:816d5588c9900bc5,voxforge_ru_mdc_2026_05:submission:5a7a512e6959cba88dbefbaca90339610e38bb1b9acec2043f90ab9cc5b528e5:prompt:ru_0056,ru_0056,c96d675335a5b527fbf3a73b6359dfff16f9cb665ce43f6918f01e1b85c615c8,raw/v4/xlsr_sls_model_v4_calibration_materialization_v1/espeak_spoof/espeak_ru_070_816d5588c9900bc530e2.wav,73aa96ce707e31fce014f33186ce1b3e284c958ced8a3a3979a7816d9d8b8b16,processed/v4/xlsr_sls_model_v4_calibration_materialization_v1/spoof/73/73aa96ce707e31fce014f33186ce1b3e284c958ced8a3a3979a7816d9d8b8b16.wav,3f455913a1cc2aa4094bbd919bdeccca9af2fe540d48389306b86c3991bcebc9,ready,eligible,,0,0,0,0
spoof,71,voxforge_ru_mdc_2026_05_v4_calibration_espeakng:59ac5aa982ebc54c,voxforge_ru_mdc_2026_05:submission:37ef15edd421041e5177b924399268969057e8c6b54de65e81b0349581f1c6ae:prompt:ru_0036,ru_0036,00c277db7c60609c7fa5930f0b04f9b4383cc75b3668635cf8873d50025da117,raw/v4/xlsr_sls_model_v4_calibration_materialization_v1/espeak_spoof/espeak_ru_071_59ac5aa982ebc54c5ad7.wav,eb976a0694dd04ea3c7a55045bf14c06602c19a7c9a059958fcfc3c41e07fbe9,processed/v4/xlsr_sls_model_v4_calibration_materialization_v1/spoof/eb/eb976a0694dd04ea3c7a55045bf14c06602c19a7c9a059958fcfc3c41e07fbe9.wav,6b9f074dbf3be237ec7340542831d4f9e3914e6f9c7dbc32afe97e154168b417,ready,eligible,,0,0,0,0
spoof,72,voxforge_ru_mdc_2026_05_v4_calibration_espeakng:5a5451890df11219,voxforge_ru_mdc_2026_05:submission:126ebcff530e12b817d90b80952f8c39b333dbf361600168cf16c25d3e164f97:prompt:ru_0046,ru_0046,d907bc6aeb680a814d75e55ca0378b8581d34167213cad72449dd255f2c6ea75,raw/v4/xlsr_sls_model_v4_calibration_materialization_v1/espeak_spoof/espeak_ru_072_5a5451890df112192be0.wav,55121ebd1cca284436fb3ba14637bb672a7c3f0125b49a5ecb0f28ee2f47c5e0,processed/v4/xlsr_sls_model_v4_calibration_materialization_v1/spoof/55/55121ebd1cca284436fb3ba14637bb672a7c3f0125b49a5ecb0f28ee2f47c5e0.wav,2d4b65d19d33047b1d5f71ef8c8f18030b6421b1609849a761f77a26c57074ba,ready,eligible,,0,0,0,0
spoof,73,voxforge_ru_mdc_2026_05_v4_calibration_espeakng:8d8db6fc4324320f,voxforge_ru_mdc_2026_05:submission:08c33629b59548b9123bbb6e6911d09aed9235ff632f8c1a7c0ab61c18fa1896:prompt:ru_0013,ru_0013,66dd409823dc9dcfb242cb52369ec1e38d5960d0d427ef204c5ed11cf9bddabf,raw/v4/xlsr_sls_model_v4_calibration_materialization_v1/espeak_spoof/espeak_ru_073_8d8db6fc4324320fd3a2.wav,7befb3ebc19bf43301f385be7367d2e00174e73697af0af17a49cbdf270afefd,processed/v4/xlsr_sls_model_v4_calibration_materialization_v1/spoof/7b/7befb3ebc19bf43301f385be7367d2e00174e73697af0af17a49cbdf270afefd.wav,aa8d78e997a55a750010716537a524ca564bc8fe98c84e9bfd4a83c66592c00b,ready,eligible,,0,0,0,0
spoof,74,voxforge_ru_mdc_2026_05_v4_calibration_espeakng:3d72104908c9c06a,voxforge_ru_mdc_2026_05:submission:0b136ed481faac46f4ada62ea2b9dff965c4edd9be4a4268751a21f865fb7116:prompt:ru_0087,ru_0087,ff5fa09d83d28397669ab1932464a7066485643014a14c3575ef957b496f0bf1,raw/v4/xlsr_sls_model_v4_calibration_materialization_v1/espeak_spoof/espeak_ru_074_3d72104908c9c06a8ae7.wav,cef9479eced856eed4a3a0d4bd1c144076f65389c7155d4bfb4d3e6c75314130,processed/v4/xlsr_sls_model_v4_calibration_materialization_v1/spoof/ce/cef9479eced856eed4a3a0d4bd1c144076f65389c7155d4bfb4d3e6c75314130.wav,3a58a572bacacb3661535b4a0d6b1fec623f4520134246477384db341d6072b6,ready,eligible,,0,0,0,0
spoof,75,voxforge_ru_mdc_2026_05_v4_calibration_espeakng:fa5fe4a32e6100ec,voxforge_ru_mdc_2026_05:submission:42ca9f1405f9e6947902b821a65288cc2b993de88a5b4354997ea0808de19a03:prompt:ru_0062,ru_0062,9884e454e22a06ce7ce0ccf6e9a316d0987d5fa6b3d03e00089cf8f3fa931d98,raw/v4/xlsr_sls_model_v4_calibration_materialization_v1/espeak_spoof/espeak_ru_075_fa5fe4a32e6100ec23bc.wav,b231586169df51a31a9f77880030b62cb3afb5fd99f66f5077812765da4a546c,processed/v4/xlsr_sls_model_v4_calibration_materialization_v1/spoof/b2/b231586169df51a31a9f77880030b62cb3afb5fd99f66f5077812765da4a546c.wav,dd503ebc55dd34e172ce629f87bc2ae38b67736e740f6caa65a8926082ac7f6e,ready,eligible,,0,0,0,0
spoof,76,voxforge_ru_mdc_2026_05_v4_calibration_espeakng:7c56a14d536aa91f,voxforge_ru_mdc_2026_05:submission:688c0925b1d72175f8a87c2b6fbdd691982870fa77c76164e2baffffd5b567b0:prompt:ru_0076,ru_0076,5145292f8f43bcc9aa987ce9ac6d5bd5635141363a28208547fc6e98e2f746ef,raw/v4/xlsr_sls_model_v4_calibration_materialization_v1/espeak_spoof/espeak_ru_076_7c56a14d536aa91f4cfe.wav,092f9fa64959cfb60185bf282f6a377e7735bdbbccaa1fe8518ff443f9fdd881,processed/v4/xlsr_sls_model_v4_calibration_materialization_v1/spoof/09/092f9fa64959cfb60185bf282f6a377e7735bdbbccaa1fe8518ff443f9fdd881.wav,cf6361125bc74ee0e4df1488334271a5327771d84c3ae9e679bb4df46f27d58f,ready,eligible,,0,0,0,0
spoof,77,voxforge_ru_mdc_2026_05_v4_calibration_espeakng:204b3970c4263d67,voxforge_ru_mdc_2026_05:submission:2a7d991d507bdd68a7180caad5a210c406f3c8076327dd01585448966946f9be:prompt:ru_0024,ru_0024,832fa9cf05a6e5ceee1bc8c94f285a07ee7974406efbcf225ca27965a84e7b93,raw/v4/xlsr_sls_model_v4_calibration_materialization_v1/espeak_spoof/espeak_ru_077_204b3970c4263d679297.wav,9080a099c577d4813a6b4d543ff30a27ac57fa71ede647e9364ebe869cecfcab,processed/v4/xlsr_sls_model_v4_calibration_materialization_v1/spoof/90/9080a099c577d4813a6b4d543ff30a27ac57fa71ede647e9364ebe869cecfcab.wav,b6bb2048cd48c421aae240c004e5996dd27bc2fd07adadabe043eda3159999d1,ready,eligible,,0,0,0,0
spoof,78,voxforge_ru_mdc_2026_05_v4_calibration_espeakng:703458ea00118d88,voxforge_ru_mdc_2026_05:submission:ba747b2f511007516fdf2aa7c7ce8a0633b254c9570af6cbba6f6dfa2b4793fa:prompt:ru_0063,ru_0063,0c15ca56883ab04e02dcf6bd1904342abbf6bb60545248d39bb4d5ad93e8f668,raw/v4/xlsr_sls_model_v4_calibration_materialization_v1/espeak_spoof/espeak_ru_078_703458ea00118d88045d.wav,4b62da4ad51a6b9b3d318810df9257a565747c7a7c12cdc616b5d06ef928ac83,processed/v4/xlsr_sls_model_v4_calibration_materialization_v1/spoof/4b/4b62da4ad51a6b9b3d318810df9257a565747c7a7c12cdc616b5d06ef928ac83.wav,43b685b53ae4a0168966ad1052351e47646106f9bbf255658d4b1ae6bab7b7b7,insufficient_speech,rejected,insufficient_speech,0,0,0,0
spoof,79,voxforge_ru_mdc_2026_05_v4_calibration_espeakng:70c5f9581d1e8d91,voxforge_ru_mdc_2026_05:submission:8557c9b7adee7fcfd8ef7d1feae44327316d19ce2e3e31383418dd2ea25d5638:prompt:ru_0085,ru_0085,3d597365c359fec931bb87e7c6dafec022cbe79a19c5305b1549c2eb88b8a3f6,raw/v4/xlsr_sls_model_v4_calibration_materialization_v1/espeak_spoof/espeak_ru_079_70c5f9581d1e8d91dd1e.wav,b2046476ef3ad3af0c4f5941f6294f4005dfc547fa22f79def247640c6ae061f,processed/v4/xlsr_sls_model_v4_calibration_materialization_v1/spoof/b2/b2046476ef3ad3af0c4f5941f6294f4005dfc547fa22f79def247640c6ae061f.wav,4bf53424aaa5a733b8bcbeef5d49eb9cc9992c02ba730de3525801751b89747d,ready,eligible,,0,0,0,0
spoof,80,voxforge_ru_mdc_2026_05_v4_calibration_espeakng:6c9c80a392346e87,voxforge_ru_mdc_2026_05:submission:48981f0204bf6c2cbbce284f154afb8f04adf51d06a7dc5b6bbabe73667fb59b:prompt:ru_0016,ru_0016,f2c3126412f64494c9edf7e3128d71c0cd4e225ec005f3fad3b76756e561bd47,raw/v4/xlsr_sls_model_v4_calibration_materialization_v1/espeak_spoof/espeak_ru_080_6c9c80a392346e87fc9b.wav,98adb9b86c006953e5bde7375fcd9b217ce4218701479c8d9c9bcda5e7b2fc61,processed/v4/xlsr_sls_model_v4_calibration_materialization_v1/spoof/98/98adb9b86c006953e5bde7375fcd9b217ce4218701479c8d9c9bcda5e7b2fc61.wav,7e596297a4299fbd249ddbbdd277e12afbcae1cdf2718c34448e8101c5cfb861,ready,eligible,,0,0,0,0
spoof,81,voxforge_ru_mdc_2026_05_v4_calibration_espeakng:07984c401db846e8,voxforge_ru_mdc_2026_05:submission:a697e467026d3c2ffe4fbbffde26fc07f65238378122ac299eb02331dc9e50e1:prompt:ru_0027,ru_0027,da308253aab90d5d753f1beacee0625a501ccae6a70e10fee426a2e475866a14,raw/v4/xlsr_sls_model_v4_calibration_materialization_v1/espeak_spoof/espeak_ru_081_07984c401db846e8fe9d.wav,dd7af2ec5ecdc9e4df858bbcf245f4b55d46f1eefbfd648621901f7dd017f7dc,processed/v4/xlsr_sls_model_v4_calibration_materialization_v1/spoof/dd/dd7af2ec5ecdc9e4df858bbcf245f4b55d46f1eefbfd648621901f7dd017f7dc.wav,d1412aaac742929f930a89a26bed277209757fa9e2a3cfb54a339bdcbec71a5c,ready,eligible,,0,0,0,0
