sample_id,relative_path,sha256,split,label,language,code_switch,parent_group_id,source_name,source_license,rights_basis,speaker_pseudo_id,text_id,text_hash,duration_s,generator_family,generator_name,generator_version,voice_id,clone_consent_id,device,capture_route,original_sr,codec,augmentation_chain,augmentation_seed,created_at
ksc2_v1:Test/podcasts/09_02_062,processed/10/104f8896f67ecf070b22fc9fae58da39eccbcadf7e06ee7122ac748351cbef2f.wav,829528f660f05bb02aec30576b31c7ed7a6247a0b49b39ed8a773a8485498cc5,test,bonafide,mixed,true,ksc2_v1:recording:ksc2_v1:Test/podcasts/09_02_062,ksc2_v1,CC-BY-4.0,KSC2 CC-BY-4.0 source recording; explicit single-AI transcript-review evidence; archive=43d1ee6725d737a438125a13997a0abde4159de84ef17d1706fe7921e8632cbe; source_lock=5a632c689b2dff0d3e23d4352da4031349c51adb497d720a48ea96430e89231d; method=single_ai_transcript_semantic_review_v2_delta; reviewer=codex_language_review_v2,ksc2_v1:unknown,ksc2_v1:transcript:06e8ce6966d4cf50422b4132bbe7d148c4152a81f415c649ad47c8eb1c6b037b,06e8ce6966d4cf50422b4132bbe7d148c4152a81f415c649ad47c8eb1c6b037b,6.464125,,,,,,source_recording_unknown,KSC2_Test_component_recording,16000,wav,,,2026-08-12T20:47:13+05:00
fresh_suite_v1_kazakhtts_tacotron2_pwg:9f6a8a7c432dec6a8865,processed/53/53b8b2d4ecd1036a24edcf9f057796c58b9a2249792ca91d2e8c5b731e6b1e62.wav,bb3f556075e7e7523ed98ac8380a63a584e8fc517209bbcc2c0743cddada6c5b,test,spoof,mixed,true,fresh_suite_v1_kazakhtts_tacotron2_pwg:fixed-profile:issai_kazakhtts2_male2_tacotron2_pwg:ISSAI_KazakhTTS2_M2,fresh_suite_v1_kazakhtts_tacotron2_pwg,FLEURS/KSC2 CC-BY-4.0; ISSAI Kazakh_TTS model CC-BY-4.0; ESPnet Apache-2.0; ParallelWaveGAN MIT,Offline text-only derivative of ksc2_v1 text ksc2_v1:transcript:06e8ce6966d4cf50422b4132bbe7d148c4152a81f415c649ad47c8eb1c6b037b; Kazakh_TTS repository and published pretrained model artifacts CC-BY-4.0; ESPnet Apache-2.0; ParallelWaveGAN MIT; fixed published voice; no reference audio or voice cloning; language provenance is intended input text until full acoustic review; normalizer=stage_c_kazakhtts_text_v1,fresh_suite_v1_kazakhtts_tacotron2_pwg:synthetic-profile:issai_kazakhtts2_male2_tacotron2_pwg:ISSAI_KazakhTTS2_M2,ksc2_v1:transcript:06e8ce6966d4cf50422b4132bbe7d148c4152a81f415c649ad47c8eb1c6b037b,06e8ce6966d4cf50422b4132bbe7d148c4152a81f415c649ad47c8eb1c6b037b,4.3305625,tacotron2_parallelwavegan_fixed_voice_tts,ISSAI KazakhTTS2 Male2 Tacotron2 + ParallelWaveGAN,source-fc906048ff5914a3528d1ae4ed6f7ccd94d71383; acoustic-deb9cb49703b012d8f1406d15f4fa182b39ecb320bc4e2be5a557ac58766ea75; vocoder-fb415182fdf84dbe6a0bbca72e5ed9ed39009b622cf39e20ba630cb830594329,issai_kazakhtts2_male2_tacotron2_pwg:ISSAI_KazakhTTS2_M2,not_applicable:fixed_pretrained_tts_no_reference_audio,cuda,offline_text_only_tacotron2_parallelwavegan_tts,22050,wav,language_provenance=intended_input_text_only;text_normalizer=stage_c_kazakhtts_text_v1;synthesis_text_sha256=06e8ce6966d4cf50422b4132bbe7d148c4152a81f415c649ad47c8eb1c6b037b,,2026-08-12T21:18:24+05:00
ksc2_v1:Test/talkshow/01_02_074,processed/d2/d2d58dcc584f2025ba387a9fe6e682c75608763589e55f08536b83c21f42755d.wav,8cee247b7ce186b57408db3de90d9e6c0a21e723ee3a8baac20f12729d36a179,test,bonafide,mixed,true,ksc2_v1:recording:ksc2_v1:Test/talkshow/01_02_074,ksc2_v1,CC-BY-4.0,KSC2 CC-BY-4.0 source recording; explicit single-AI transcript-review evidence; archive=43d1ee6725d737a438125a13997a0abde4159de84ef17d1706fe7921e8632cbe; source_lock=5a632c689b2dff0d3e23d4352da4031349c51adb497d720a48ea96430e89231d; method=single_ai_transcript_semantic_review_v2_delta; reviewer=codex_language_review_v2,ksc2_v1:unknown,ksc2_v1:transcript:0ccba8dcca322766163515d34814a42cba2aecbbd76d4b87cc48f74717fc1ca0,0ccba8dcca322766163515d34814a42cba2aecbbd76d4b87cc48f74717fc1ca0,10.981125,,,,,,source_recording_unknown,KSC2_Test_component_recording,16000,wav,,,2026-08-12T20:47:13+05:00
fresh_suite_v1_kazakhtts_tacotron2_pwg:ebebfbf21fda4ea2f033,processed/60/60d44a75dcbb471d6a8295bc865ada4f072199f4eb0661a8b199a9cac7e17259.wav,15b63c601c8b54ecb9bea0b8ba85e20914f15a491b843c01f988e8478a7bc74a,test,spoof,mixed,true,fresh_suite_v1_kazakhtts_tacotron2_pwg:fixed-profile:issai_kazakhtts2_male2_tacotron2_pwg:ISSAI_KazakhTTS2_M2,fresh_suite_v1_kazakhtts_tacotron2_pwg,FLEURS/KSC2 CC-BY-4.0; ISSAI Kazakh_TTS model CC-BY-4.0; ESPnet Apache-2.0; ParallelWaveGAN MIT,Offline text-only derivative of ksc2_v1 text ksc2_v1:transcript:0ccba8dcca322766163515d34814a42cba2aecbbd76d4b87cc48f74717fc1ca0; Kazakh_TTS repository and published pretrained model artifacts CC-BY-4.0; ESPnet Apache-2.0; ParallelWaveGAN MIT; fixed published voice; no reference audio or voice cloning; language provenance is intended input text until full acoustic review; normalizer=stage_c_kazakhtts_text_v1,fresh_suite_v1_kazakhtts_tacotron2_pwg:synthetic-profile:issai_kazakhtts2_male2_tacotron2_pwg:ISSAI_KazakhTTS2_M2,ksc2_v1:transcript:0ccba8dcca322766163515d34814a42cba2aecbbd76d4b87cc48f74717fc1ca0,0ccba8dcca322766163515d34814a42cba2aecbbd76d4b87cc48f74717fc1ca0,8.9513125,tacotron2_parallelwavegan_fixed_voice_tts,ISSAI KazakhTTS2 Male2 Tacotron2 + ParallelWaveGAN,source-fc906048ff5914a3528d1ae4ed6f7ccd94d71383; acoustic-deb9cb49703b012d8f1406d15f4fa182b39ecb320bc4e2be5a557ac58766ea75; vocoder-fb415182fdf84dbe6a0bbca72e5ed9ed39009b622cf39e20ba630cb830594329,issai_kazakhtts2_male2_tacotron2_pwg:ISSAI_KazakhTTS2_M2,not_applicable:fixed_pretrained_tts_no_reference_audio,cuda,offline_text_only_tacotron2_parallelwavegan_tts,22050,wav,language_provenance=intended_input_text_only;text_normalizer=stage_c_kazakhtts_text_v1;synthesis_text_sha256=0ccba8dcca322766163515d34814a42cba2aecbbd76d4b87cc48f74717fc1ca0,,2026-08-12T21:18:24+05:00
ksc2_v1:Test/radio/01_05_057,processed/f6/f6e86d7f17fa48ccb6568b39b775c5e7c1c53a36d4c8a920cc4e8a6a3c3bfa53.wav,5be761fcb8d0df8227aecab420c9138ce474bbd180ecf9562065b4a18ad097a3,test,bonafide,mixed,true,ksc2_v1:recording:ksc2_v1:Test/radio/01_05_057,ksc2_v1,CC-BY-4.0,KSC2 CC-BY-4.0 source recording; explicit single-AI transcript-review evidence; archive=43d1ee6725d737a438125a13997a0abde4159de84ef17d1706fe7921e8632cbe; source_lock=5a632c689b2dff0d3e23d4352da4031349c51adb497d720a48ea96430e89231d; method=single_ai_transcript_semantic_review_v2_delta; reviewer=codex_language_review_v2,ksc2_v1:unknown,ksc2_v1:transcript:0d92eb062819ef7d32610599f9a45f0ff228ffd2039f30f89ea2dc2e3460a2b9,0d92eb062819ef7d32610599f9a45f0ff228ffd2039f30f89ea2dc2e3460a2b9,4.1774375,,,,,,source_recording_unknown,KSC2_Test_component_recording,16000,wav,,,2026-08-12T20:47:13+05:00
fresh_suite_v1_kazakhtts_tacotron2_pwg:9ab028029dc5f2ff0b1c,processed/b5/b5f5185bc6db23b13775e28f80888c345a86105232f57dc4cb1099b4c0b07e50.wav,79f2fdbd863c75830403a23f2f182614c438c54356886799ae42e3b3f2d1deaa,test,spoof,mixed,true,fresh_suite_v1_kazakhtts_tacotron2_pwg:fixed-profile:issai_kazakhtts2_male2_tacotron2_pwg:ISSAI_KazakhTTS2_M2,fresh_suite_v1_kazakhtts_tacotron2_pwg,FLEURS/KSC2 CC-BY-4.0; ISSAI Kazakh_TTS model CC-BY-4.0; ESPnet Apache-2.0; ParallelWaveGAN MIT,Offline text-only derivative of ksc2_v1 text ksc2_v1:transcript:0d92eb062819ef7d32610599f9a45f0ff228ffd2039f30f89ea2dc2e3460a2b9; Kazakh_TTS repository and published pretrained model artifacts CC-BY-4.0; ESPnet Apache-2.0; ParallelWaveGAN MIT; fixed published voice; no reference audio or voice cloning; language provenance is intended input text until full acoustic review; normalizer=stage_c_kazakhtts_text_v1,fresh_suite_v1_kazakhtts_tacotron2_pwg:synthetic-profile:issai_kazakhtts2_male2_tacotron2_pwg:ISSAI_KazakhTTS2_M2,ksc2_v1:transcript:0d92eb062819ef7d32610599f9a45f0ff228ffd2039f30f89ea2dc2e3460a2b9,0d92eb062819ef7d32610599f9a45f0ff228ffd2039f30f89ea2dc2e3460a2b9,3.599125,tacotron2_parallelwavegan_fixed_voice_tts,ISSAI KazakhTTS2 Male2 Tacotron2 + ParallelWaveGAN,source-fc906048ff5914a3528d1ae4ed6f7ccd94d71383; acoustic-deb9cb49703b012d8f1406d15f4fa182b39ecb320bc4e2be5a557ac58766ea75; vocoder-fb415182fdf84dbe6a0bbca72e5ed9ed39009b622cf39e20ba630cb830594329,issai_kazakhtts2_male2_tacotron2_pwg:ISSAI_KazakhTTS2_M2,not_applicable:fixed_pretrained_tts_no_reference_audio,cuda,offline_text_only_tacotron2_parallelwavegan_tts,22050,wav,language_provenance=intended_input_text_only;text_normalizer=stage_c_kazakhtts_text_v1;synthesis_text_sha256=0d92eb062819ef7d32610599f9a45f0ff228ffd2039f30f89ea2dc2e3460a2b9,,2026-08-12T21:18:24+05:00
ksc2_v1:Test/podcasts/09_04_253,processed/c1/c1d9731bc7e2d50dc04790bce442d49b34d67b36e7326e83fda817f59081ea0b.wav,35e65d83e5a599a8e30575c4cdb40bcae5784a3d1b48a39c8f66caa0e8a42bf9,test,bonafide,mixed,true,ksc2_v1:recording:ksc2_v1:Test/podcasts/09_04_253,ksc2_v1,CC-BY-4.0,KSC2 CC-BY-4.0 source recording; explicit single-AI transcript-review evidence; archive=43d1ee6725d737a438125a13997a0abde4159de84ef17d1706fe7921e8632cbe; source_lock=5a632c689b2dff0d3e23d4352da4031349c51adb497d720a48ea96430e89231d; method=single_ai_transcript_semantic_review_v2_delta; reviewer=codex_language_review_v2,ksc2_v1:unknown,ksc2_v1:transcript:174dfc4b18f62328db127d0070096815488d2371bf21a1c6189cf8410aa04ba6,174dfc4b18f62328db127d0070096815488d2371bf21a1c6189cf8410aa04ba6,9.593875,,,,,,source_recording_unknown,KSC2_Test_component_recording,16000,wav,,,2026-08-12T20:47:13+05:00
fresh_suite_v1_kazakhtts_tacotron2_pwg:8380ca2d19f7a6a03eaf,processed/5f/5f1b073b1e1d578745f4a4b429c90174890bc9a5b38010db9cb057c6d626debf.wav,3b8f96ba73bd2c7dd5fa9617acf839fd07da036e82e03226e9b48e6a324394c6,test,spoof,mixed,true,fresh_suite_v1_kazakhtts_tacotron2_pwg:fixed-profile:issai_kazakhtts2_male2_tacotron2_pwg:ISSAI_KazakhTTS2_M2,fresh_suite_v1_kazakhtts_tacotron2_pwg,FLEURS/KSC2 CC-BY-4.0; ISSAI Kazakh_TTS model CC-BY-4.0; ESPnet Apache-2.0; ParallelWaveGAN MIT,Offline text-only derivative of ksc2_v1 text ksc2_v1:transcript:174dfc4b18f62328db127d0070096815488d2371bf21a1c6189cf8410aa04ba6; Kazakh_TTS repository and published pretrained model artifacts CC-BY-4.0; ESPnet Apache-2.0; ParallelWaveGAN MIT; fixed published voice; no reference audio or voice cloning; language provenance is intended input text until full acoustic review; normalizer=stage_c_kazakhtts_text_v1,fresh_suite_v1_kazakhtts_tacotron2_pwg:synthetic-profile:issai_kazakhtts2_male2_tacotron2_pwg:ISSAI_KazakhTTS2_M2,ksc2_v1:transcript:174dfc4b18f62328db127d0070096815488d2371bf21a1c6189cf8410aa04ba6,174dfc4b18f62328db127d0070096815488d2371bf21a1c6189cf8410aa04ba6,7.9064375,tacotron2_parallelwavegan_fixed_voice_tts,ISSAI KazakhTTS2 Male2 Tacotron2 + ParallelWaveGAN,source-fc906048ff5914a3528d1ae4ed6f7ccd94d71383; acoustic-deb9cb49703b012d8f1406d15f4fa182b39ecb320bc4e2be5a557ac58766ea75; vocoder-fb415182fdf84dbe6a0bbca72e5ed9ed39009b622cf39e20ba630cb830594329,issai_kazakhtts2_male2_tacotron2_pwg:ISSAI_KazakhTTS2_M2,not_applicable:fixed_pretrained_tts_no_reference_audio,cuda,offline_text_only_tacotron2_parallelwavegan_tts,22050,wav,language_provenance=intended_input_text_only;text_normalizer=stage_c_kazakhtts_text_v1;synthesis_text_sha256=174dfc4b18f62328db127d0070096815488d2371bf21a1c6189cf8410aa04ba6,,2026-08-12T21:18:24+05:00
ksc2_v1:Test/podcasts/09_03_414,processed/2c/2cafb181bc77d6b79fd5824f6c317dedb54f33fffe6a230fb853eb5f279d25ff.wav,8b1c9a1f0c4f7c57337ef242aaf512e1305dd931d7b9578b290ffd22de4235c9,test,bonafide,mixed,true,ksc2_v1:recording:ksc2_v1:Test/podcasts/09_03_414,ksc2_v1,CC-BY-4.0,KSC2 CC-BY-4.0 source recording; explicit single-AI transcript-review evidence; archive=43d1ee6725d737a438125a13997a0abde4159de84ef17d1706fe7921e8632cbe; source_lock=5a632c689b2dff0d3e23d4352da4031349c51adb497d720a48ea96430e89231d; method=single_ai_transcript_semantic_review_v2_delta; reviewer=codex_language_review_v2,ksc2_v1:unknown,ksc2_v1:transcript:181d82f76ac566129401f2fd85f26f07a878a7eb89d58090334f8a1fe9f0953d,181d82f76ac566129401f2fd85f26f07a878a7eb89d58090334f8a1fe9f0953d,4.964,,,,,,source_recording_unknown,KSC2_Test_component_recording,16000,wav,,,2026-08-12T20:47:13+05:00
fresh_suite_v1_kazakhtts_tacotron2_pwg:07f0dff9d8b2e2a61835,processed/e3/e3fc18b286753eef2c9f333e88c6cdeecec17d4bd39e347509094e5e93f4ed4b.wav,f9198c98ef27e2ec5b79b7eda04ab8cc54680a8285f3a369c2c19f0a67a3f6e1,test,spoof,mixed,true,fresh_suite_v1_kazakhtts_tacotron2_pwg:fixed-profile:issai_kazakhtts2_male2_tacotron2_pwg:ISSAI_KazakhTTS2_M2,fresh_suite_v1_kazakhtts_tacotron2_pwg,FLEURS/KSC2 CC-BY-4.0; ISSAI Kazakh_TTS model CC-BY-4.0; ESPnet Apache-2.0; ParallelWaveGAN MIT,Offline text-only derivative of ksc2_v1 text ksc2_v1:transcript:181d82f76ac566129401f2fd85f26f07a878a7eb89d58090334f8a1fe9f0953d; Kazakh_TTS repository and published pretrained model artifacts CC-BY-4.0; ESPnet Apache-2.0; ParallelWaveGAN MIT; fixed published voice; no reference audio or voice cloning; language provenance is intended input text until full acoustic review; normalizer=stage_c_kazakhtts_text_v1,fresh_suite_v1_kazakhtts_tacotron2_pwg:synthetic-profile:issai_kazakhtts2_male2_tacotron2_pwg:ISSAI_KazakhTTS2_M2,ksc2_v1:transcript:181d82f76ac566129401f2fd85f26f07a878a7eb89d58090334f8a1fe9f0953d,181d82f76ac566129401f2fd85f26f07a878a7eb89d58090334f8a1fe9f0953d,5.3870625,tacotron2_parallelwavegan_fixed_voice_tts,ISSAI KazakhTTS2 Male2 Tacotron2 + ParallelWaveGAN,source-fc906048ff5914a3528d1ae4ed6f7ccd94d71383; acoustic-deb9cb49703b012d8f1406d15f4fa182b39ecb320bc4e2be5a557ac58766ea75; vocoder-fb415182fdf84dbe6a0bbca72e5ed9ed39009b622cf39e20ba630cb830594329,issai_kazakhtts2_male2_tacotron2_pwg:ISSAI_KazakhTTS2_M2,not_applicable:fixed_pretrained_tts_no_reference_audio,cuda,offline_text_only_tacotron2_parallelwavegan_tts,22050,wav,language_provenance=intended_input_text_only;text_normalizer=stage_c_kazakhtts_text_v1;synthesis_text_sha256=181d82f76ac566129401f2fd85f26f07a878a7eb89d58090334f8a1fe9f0953d,,2026-08-12T21:18:24+05:00
ksc2_v1:Test/talkshow/01_02_348,processed/bd/bdb5e69b233764f7f22bc42f19a1845c6011bd0461d03f05652a966cb4496cc1.wav,4f2316aa84230ba40345c182d9b596922bd7e4bf72c7555df5b737a9879d3121,test,bonafide,mixed,true,ksc2_v1:recording:ksc2_v1:Test/talkshow/01_02_348,ksc2_v1,CC-BY-4.0,KSC2 CC-BY-4.0 source recording; explicit single-AI transcript-review evidence; archive=43d1ee6725d737a438125a13997a0abde4159de84ef17d1706fe7921e8632cbe; source_lock=5a632c689b2dff0d3e23d4352da4031349c51adb497d720a48ea96430e89231d; method=single_ai_transcript_semantic_review_v2_delta; reviewer=codex_language_review_v2,ksc2_v1:unknown,ksc2_v1:transcript:1b4974c06f5988b0985e892a82eb49f920e4c2ec5e722e052873b1b6756d3b4a,1b4974c06f5988b0985e892a82eb49f920e4c2ec5e722e052873b1b6756d3b4a,7.0525,,,,,,source_recording_unknown,KSC2_Test_component_recording,16000,wav,,,2026-08-12T20:47:13+05:00
fresh_suite_v1_kazakhtts_tacotron2_pwg:29a6acda22ab1d1ff783,processed/6a/6a8e391a52b46601f40385784a4237b00334f3e9646c297ab27f476006c6ce24.wav,b6622b8380e37d969d366fbe59591607d7f574180855b0472d6da8c677cc9166,test,spoof,mixed,true,fresh_suite_v1_kazakhtts_tacotron2_pwg:fixed-profile:issai_kazakhtts2_male2_tacotron2_pwg:ISSAI_KazakhTTS2_M2,fresh_suite_v1_kazakhtts_tacotron2_pwg,FLEURS/KSC2 CC-BY-4.0; ISSAI Kazakh_TTS model CC-BY-4.0; ESPnet Apache-2.0; ParallelWaveGAN MIT,Offline text-only derivative of ksc2_v1 text ksc2_v1:transcript:1b4974c06f5988b0985e892a82eb49f920e4c2ec5e722e052873b1b6756d3b4a; Kazakh_TTS repository and published pretrained model artifacts CC-BY-4.0; ESPnet Apache-2.0; ParallelWaveGAN MIT; fixed published voice; no reference audio or voice cloning; language provenance is intended input text until full acoustic review; normalizer=stage_c_kazakhtts_text_v1,fresh_suite_v1_kazakhtts_tacotron2_pwg:synthetic-profile:issai_kazakhtts2_male2_tacotron2_pwg:ISSAI_KazakhTTS2_M2,ksc2_v1:transcript:1b4974c06f5988b0985e892a82eb49f920e4c2ec5e722e052873b1b6756d3b4a,1b4974c06f5988b0985e892a82eb49f920e4c2ec5e722e052873b1b6756d3b4a,7.8019375,tacotron2_parallelwavegan_fixed_voice_tts,ISSAI KazakhTTS2 Male2 Tacotron2 + ParallelWaveGAN,source-fc906048ff5914a3528d1ae4ed6f7ccd94d71383; acoustic-deb9cb49703b012d8f1406d15f4fa182b39ecb320bc4e2be5a557ac58766ea75; vocoder-fb415182fdf84dbe6a0bbca72e5ed9ed39009b622cf39e20ba630cb830594329,issai_kazakhtts2_male2_tacotron2_pwg:ISSAI_KazakhTTS2_M2,not_applicable:fixed_pretrained_tts_no_reference_audio,cuda,offline_text_only_tacotron2_parallelwavegan_tts,22050,wav,language_provenance=intended_input_text_only;text_normalizer=stage_c_kazakhtts_text_v1;synthesis_text_sha256=1b4974c06f5988b0985e892a82eb49f920e4c2ec5e722e052873b1b6756d3b4a,,2026-08-12T21:18:24+05:00
ksc2_v1:Test/podcasts/09_04_153,processed/a1/a13f7f4d9e76b30762a769e2faaee35849d75314f4a2d8147f803d026fe6f09c.wav,5fa7defb13c7d4dc5a409419a677c71c5e28aecbf6238010ae25003deb1bd954,test,bonafide,mixed,true,ksc2_v1:recording:ksc2_v1:Test/podcasts/09_04_153,ksc2_v1,CC-BY-4.0,KSC2 CC-BY-4.0 source recording; explicit single-AI transcript-review evidence; archive=43d1ee6725d737a438125a13997a0abde4159de84ef17d1706fe7921e8632cbe; source_lock=5a632c689b2dff0d3e23d4352da4031349c51adb497d720a48ea96430e89231d; method=single_ai_transcript_semantic_review_v2_delta; reviewer=codex_language_review_v2,ksc2_v1:unknown,ksc2_v1:transcript:1cc2b444fca2388aa9bd9054284b06655fc0dbe79238cd2b6566522ec416faa8,1cc2b444fca2388aa9bd9054284b06655fc0dbe79238cd2b6566522ec416faa8,11.102125,,,,,,source_recording_unknown,KSC2_Test_component_recording,16000,wav,,,2026-08-12T20:47:13+05:00
fresh_suite_v1_kazakhtts_tacotron2_pwg:80da0ab7ebb97bbf1da3,processed/c5/c5245c85d20a3ef2f1e354e64e81151c9853f6f34d66b51f53ba3c07e3a488bc.wav,1fd0040db9a76f89be36bc47f70980faffdc2ba847e94573ce5cad9a0d7968ab,test,spoof,mixed,true,fresh_suite_v1_kazakhtts_tacotron2_pwg:fixed-profile:issai_kazakhtts2_male2_tacotron2_pwg:ISSAI_KazakhTTS2_M2,fresh_suite_v1_kazakhtts_tacotron2_pwg,FLEURS/KSC2 CC-BY-4.0; ISSAI Kazakh_TTS model CC-BY-4.0; ESPnet Apache-2.0; ParallelWaveGAN MIT,Offline text-only derivative of ksc2_v1 text ksc2_v1:transcript:1cc2b444fca2388aa9bd9054284b06655fc0dbe79238cd2b6566522ec416faa8; Kazakh_TTS repository and published pretrained model artifacts CC-BY-4.0; ESPnet Apache-2.0; ParallelWaveGAN MIT; fixed published voice; no reference audio or voice cloning; language provenance is intended input text until full acoustic review; normalizer=stage_c_kazakhtts_text_v1,fresh_suite_v1_kazakhtts_tacotron2_pwg:synthetic-profile:issai_kazakhtts2_male2_tacotron2_pwg:ISSAI_KazakhTTS2_M2,ksc2_v1:transcript:1cc2b444fca2388aa9bd9054284b06655fc0dbe79238cd2b6566522ec416faa8,1cc2b444fca2388aa9bd9054284b06655fc0dbe79238cd2b6566522ec416faa8,7.442,tacotron2_parallelwavegan_fixed_voice_tts,ISSAI KazakhTTS2 Male2 Tacotron2 + ParallelWaveGAN,source-fc906048ff5914a3528d1ae4ed6f7ccd94d71383; acoustic-deb9cb49703b012d8f1406d15f4fa182b39ecb320bc4e2be5a557ac58766ea75; vocoder-fb415182fdf84dbe6a0bbca72e5ed9ed39009b622cf39e20ba630cb830594329,issai_kazakhtts2_male2_tacotron2_pwg:ISSAI_KazakhTTS2_M2,not_applicable:fixed_pretrained_tts_no_reference_audio,cuda,offline_text_only_tacotron2_parallelwavegan_tts,22050,wav,language_provenance=intended_input_text_only;text_normalizer=stage_c_kazakhtts_text_v1;synthesis_text_sha256=1cc2b444fca2388aa9bd9054284b06655fc0dbe79238cd2b6566522ec416faa8,,2026-08-12T21:18:24+05:00
ksc2_v1:Test/podcasts/09_01_172,processed/d9/d959ce39b5c56ae40c51eb9e1e826e29be64846ebf6e18c20f4b6486d3abfcb7.wav,f42f709a44418e60c4ab9fa5ffb4fde1924c5f0a304dc6172f079d432b6b0451,test,bonafide,mixed,true,ksc2_v1:recording:ksc2_v1:Test/podcasts/09_01_172,ksc2_v1,CC-BY-4.0,KSC2 CC-BY-4.0 source recording; explicit single-AI transcript-review evidence; archive=43d1ee6725d737a438125a13997a0abde4159de84ef17d1706fe7921e8632cbe; source_lock=5a632c689b2dff0d3e23d4352da4031349c51adb497d720a48ea96430e89231d; method=single_ai_transcript_semantic_review_v2_delta; reviewer=codex_language_review_v2,ksc2_v1:unknown,ksc2_v1:transcript:26b1288eda6f34cd17d8b4a505167f0b687eb233d9f9a61939aec4848505fd7c,26b1288eda6f34cd17d8b4a505167f0b687eb233d9f9a61939aec4848505fd7c,6.4970625,,,,,,source_recording_unknown,KSC2_Test_component_recording,16000,wav,,,2026-08-12T20:47:13+05:00
fresh_suite_v1_kazakhtts_tacotron2_pwg:e1edefaf2c225e04d3b2,processed/9e/9e5f7957c99ec758d3e313cff97795f9d58a50c3c462438a83e0a7d1e9891787.wav,f2ac90bae040b9feabbcbee616478dc167314e81c3d84f5323de9310b2c065e0,test,spoof,mixed,true,fresh_suite_v1_kazakhtts_tacotron2_pwg:fixed-profile:issai_kazakhtts2_male2_tacotron2_pwg:ISSAI_KazakhTTS2_M2,fresh_suite_v1_kazakhtts_tacotron2_pwg,FLEURS/KSC2 CC-BY-4.0; ISSAI Kazakh_TTS model CC-BY-4.0; ESPnet Apache-2.0; ParallelWaveGAN MIT,Offline text-only derivative of ksc2_v1 text ksc2_v1:transcript:26b1288eda6f34cd17d8b4a505167f0b687eb233d9f9a61939aec4848505fd7c; Kazakh_TTS repository and published pretrained model artifacts CC-BY-4.0; ESPnet Apache-2.0; ParallelWaveGAN MIT; fixed published voice; no reference audio or voice cloning; language provenance is intended input text until full acoustic review; normalizer=stage_c_kazakhtts_text_v1,fresh_suite_v1_kazakhtts_tacotron2_pwg:synthetic-profile:issai_kazakhtts2_male2_tacotron2_pwg:ISSAI_KazakhTTS2_M2,ksc2_v1:transcript:26b1288eda6f34cd17d8b4a505167f0b687eb233d9f9a61939aec4848505fd7c,26b1288eda6f34cd17d8b4a505167f0b687eb233d9f9a61939aec4848505fd7c,7.3955625,tacotron2_parallelwavegan_fixed_voice_tts,ISSAI KazakhTTS2 Male2 Tacotron2 + ParallelWaveGAN,source-fc906048ff5914a3528d1ae4ed6f7ccd94d71383; acoustic-deb9cb49703b012d8f1406d15f4fa182b39ecb320bc4e2be5a557ac58766ea75; vocoder-fb415182fdf84dbe6a0bbca72e5ed9ed39009b622cf39e20ba630cb830594329,issai_kazakhtts2_male2_tacotron2_pwg:ISSAI_KazakhTTS2_M2,not_applicable:fixed_pretrained_tts_no_reference_audio,cuda,offline_text_only_tacotron2_parallelwavegan_tts,22050,wav,language_provenance=intended_input_text_only;text_normalizer=stage_c_kazakhtts_text_v1;synthesis_text_sha256=26b1288eda6f34cd17d8b4a505167f0b687eb233d9f9a61939aec4848505fd7c,,2026-08-12T21:18:24+05:00
ksc2_v1:Test/podcasts/09_03_347,processed/46/469d451fee784db1ddbbc18b69bbc6f42cf7b408f63617ea7c016ff28dd0e1e7.wav,5ad753d3c563618653cc88e561aeb4155d77382e7b2fd46f55c583ae7a5ef4ce,test,bonafide,mixed,true,ksc2_v1:recording:ksc2_v1:Test/podcasts/09_03_347,ksc2_v1,CC-BY-4.0,KSC2 CC-BY-4.0 source recording; explicit single-AI transcript-review evidence; archive=43d1ee6725d737a438125a13997a0abde4159de84ef17d1706fe7921e8632cbe; source_lock=5a632c689b2dff0d3e23d4352da4031349c51adb497d720a48ea96430e89231d; method=single_ai_transcript_semantic_review_v2_delta; reviewer=codex_language_review_v2,ksc2_v1:unknown,ksc2_v1:transcript:29d031102bc90bf82af583410c82dd0b8a3d1f36b73c93f07a1038c4cde6cdd4,29d031102bc90bf82af583410c82dd0b8a3d1f36b73c93f07a1038c4cde6cdd4,7.41575,,,,,,source_recording_unknown,KSC2_Test_component_recording,16000,wav,,,2026-08-12T20:47:13+05:00
fresh_suite_v1_kazakhtts_tacotron2_pwg:0645ba2d63b6e13139a1,processed/75/7589027e795d1de66693269ca17458f754fab9bef97a1e1a7f66f18ea35da1ab.wav,7fbb9d44009e3298c230002cb6dcb08a7e2c58c4d5ca4178c9de6ae04fd40bf6,test,spoof,mixed,true,fresh_suite_v1_kazakhtts_tacotron2_pwg:fixed-profile:issai_kazakhtts2_male2_tacotron2_pwg:ISSAI_KazakhTTS2_M2,fresh_suite_v1_kazakhtts_tacotron2_pwg,FLEURS/KSC2 CC-BY-4.0; ISSAI Kazakh_TTS model CC-BY-4.0; ESPnet Apache-2.0; ParallelWaveGAN MIT,Offline text-only derivative of ksc2_v1 text ksc2_v1:transcript:29d031102bc90bf82af583410c82dd0b8a3d1f36b73c93f07a1038c4cde6cdd4; Kazakh_TTS repository and published pretrained model artifacts CC-BY-4.0; ESPnet Apache-2.0; ParallelWaveGAN MIT; fixed published voice; no reference audio or voice cloning; language provenance is intended input text until full acoustic review; normalizer=stage_c_kazakhtts_text_v1,fresh_suite_v1_kazakhtts_tacotron2_pwg:synthetic-profile:issai_kazakhtts2_male2_tacotron2_pwg:ISSAI_KazakhTTS2_M2,ksc2_v1:transcript:29d031102bc90bf82af583410c82dd0b8a3d1f36b73c93f07a1038c4cde6cdd4,29d031102bc90bf82af583410c82dd0b8a3d1f36b73c93f07a1038c4cde6cdd4,10.15875,tacotron2_parallelwavegan_fixed_voice_tts,ISSAI KazakhTTS2 Male2 Tacotron2 + ParallelWaveGAN,source-fc906048ff5914a3528d1ae4ed6f7ccd94d71383; acoustic-deb9cb49703b012d8f1406d15f4fa182b39ecb320bc4e2be5a557ac58766ea75; vocoder-fb415182fdf84dbe6a0bbca72e5ed9ed39009b622cf39e20ba630cb830594329,issai_kazakhtts2_male2_tacotron2_pwg:ISSAI_KazakhTTS2_M2,not_applicable:fixed_pretrained_tts_no_reference_audio,cuda,offline_text_only_tacotron2_parallelwavegan_tts,22050,wav,language_provenance=intended_input_text_only;text_normalizer=stage_c_kazakhtts_text_v1;synthesis_text_sha256=29d031102bc90bf82af583410c82dd0b8a3d1f36b73c93f07a1038c4cde6cdd4,,2026-08-12T21:18:24+05:00
ksc2_v1:Test/podcasts/09_01_083,processed/4b/4bd1fafd5ab7707219d9bb85944c8ae265bc895c70403f09f6cb59558650f7b2.wav,2bf8954a1822c52affdea905fe07d86d310ae499a47de4e5d49e661b2b048c8a,test,bonafide,mixed,true,ksc2_v1:recording:ksc2_v1:Test/podcasts/09_01_083,ksc2_v1,CC-BY-4.0,KSC2 CC-BY-4.0 source recording; explicit single-AI transcript-review evidence; archive=43d1ee6725d737a438125a13997a0abde4159de84ef17d1706fe7921e8632cbe; source_lock=5a632c689b2dff0d3e23d4352da4031349c51adb497d720a48ea96430e89231d; method=single_ai_transcript_semantic_review_v2_delta; reviewer=codex_language_review_v2,ksc2_v1:unknown,ksc2_v1:transcript:369e6b3523b8c7ded53564793dff6feb7675d7338f1b42e2f2f3c03bc1f92ebf,369e6b3523b8c7ded53564793dff6feb7675d7338f1b42e2f2f3c03bc1f92ebf,9.8358125,,,,,,source_recording_unknown,KSC2_Test_component_recording,16000,wav,,,2026-08-12T20:47:13+05:00
fresh_suite_v1_kazakhtts_tacotron2_pwg:6e1f31aaa9a7fcf96c87,processed/19/193db7306c9628ad1b9e414db1fb2fd5ec387c948c71dd833cb71daa08dc5a08.wav,8e4d3240fb884cb34b961a3cec608f250478394ecd00c51e4050165d8b370bfa,test,spoof,mixed,true,fresh_suite_v1_kazakhtts_tacotron2_pwg:fixed-profile:issai_kazakhtts2_male2_tacotron2_pwg:ISSAI_KazakhTTS2_M2,fresh_suite_v1_kazakhtts_tacotron2_pwg,FLEURS/KSC2 CC-BY-4.0; ISSAI Kazakh_TTS model CC-BY-4.0; ESPnet Apache-2.0; ParallelWaveGAN MIT,Offline text-only derivative of ksc2_v1 text ksc2_v1:transcript:369e6b3523b8c7ded53564793dff6feb7675d7338f1b42e2f2f3c03bc1f92ebf; Kazakh_TTS repository and published pretrained model artifacts CC-BY-4.0; ESPnet Apache-2.0; ParallelWaveGAN MIT; fixed published voice; no reference audio or voice cloning; language provenance is intended input text until full acoustic review; normalizer=stage_c_kazakhtts_text_v1,fresh_suite_v1_kazakhtts_tacotron2_pwg:synthetic-profile:issai_kazakhtts2_male2_tacotron2_pwg:ISSAI_KazakhTTS2_M2,ksc2_v1:transcript:369e6b3523b8c7ded53564793dff6feb7675d7338f1b42e2f2f3c03bc1f92ebf,369e6b3523b8c7ded53564793dff6feb7675d7338f1b42e2f2f3c03bc1f92ebf,8.6843125,tacotron2_parallelwavegan_fixed_voice_tts,ISSAI KazakhTTS2 Male2 Tacotron2 + ParallelWaveGAN,source-fc906048ff5914a3528d1ae4ed6f7ccd94d71383; acoustic-deb9cb49703b012d8f1406d15f4fa182b39ecb320bc4e2be5a557ac58766ea75; vocoder-fb415182fdf84dbe6a0bbca72e5ed9ed39009b622cf39e20ba630cb830594329,issai_kazakhtts2_male2_tacotron2_pwg:ISSAI_KazakhTTS2_M2,not_applicable:fixed_pretrained_tts_no_reference_audio,cuda,offline_text_only_tacotron2_parallelwavegan_tts,22050,wav,language_provenance=intended_input_text_only;text_normalizer=stage_c_kazakhtts_text_v1;synthesis_text_sha256=369e6b3523b8c7ded53564793dff6feb7675d7338f1b42e2f2f3c03bc1f92ebf,,2026-08-12T21:18:24+05:00
ksc2_v1:Test/podcasts/09_03_165,processed/28/28d6bc6f766308aea6a2b0ee239e4bf1524848b1408366e9ed21a38a7ddb1c10.wav,3d5705ae58889ad9caa8f44184f9fafebb5e4087e31f6223748cfe6230dbca08,test,bonafide,mixed,true,ksc2_v1:recording:ksc2_v1:Test/podcasts/09_03_165,ksc2_v1,CC-BY-4.0,KSC2 CC-BY-4.0 source recording; explicit single-AI transcript-review evidence; archive=43d1ee6725d737a438125a13997a0abde4159de84ef17d1706fe7921e8632cbe; source_lock=5a632c689b2dff0d3e23d4352da4031349c51adb497d720a48ea96430e89231d; method=single_ai_transcript_semantic_review_v2_delta; reviewer=codex_language_review_v2,ksc2_v1:unknown,ksc2_v1:transcript:3a46fe4bce14147ece01450a33ebaa545238f72191522d493266460099460541,3a46fe4bce14147ece01450a33ebaa545238f72191522d493266460099460541,5.6601875,,,,,,source_recording_unknown,KSC2_Test_component_recording,16000,wav,,,2026-08-12T20:47:13+05:00
fresh_suite_v1_kazakhtts_tacotron2_pwg:81b1f01bbb374ff96c73,processed/52/52769ca45a3cbc0545282344179e1f55a6d39810947a342a3ee6541aab4ec183.wav,90aa05c0ec4cdf4e575e0822a02c505dc6caef47c30f913fa11417ae83d5ed19,test,spoof,mixed,true,fresh_suite_v1_kazakhtts_tacotron2_pwg:fixed-profile:issai_kazakhtts2_male2_tacotron2_pwg:ISSAI_KazakhTTS2_M2,fresh_suite_v1_kazakhtts_tacotron2_pwg,FLEURS/KSC2 CC-BY-4.0; ISSAI Kazakh_TTS model CC-BY-4.0; ESPnet Apache-2.0; ParallelWaveGAN MIT,Offline text-only derivative of ksc2_v1 text ksc2_v1:transcript:3a46fe4bce14147ece01450a33ebaa545238f72191522d493266460099460541; Kazakh_TTS repository and published pretrained model artifacts CC-BY-4.0; ESPnet Apache-2.0; ParallelWaveGAN MIT; fixed published voice; no reference audio or voice cloning; language provenance is intended input text until full acoustic review; normalizer=stage_c_kazakhtts_text_v1,fresh_suite_v1_kazakhtts_tacotron2_pwg:synthetic-profile:issai_kazakhtts2_male2_tacotron2_pwg:ISSAI_KazakhTTS2_M2,ksc2_v1:transcript:3a46fe4bce14147ece01450a33ebaa545238f72191522d493266460099460541,3a46fe4bce14147ece01450a33ebaa545238f72191522d493266460099460541,7.5349375,tacotron2_parallelwavegan_fixed_voice_tts,ISSAI KazakhTTS2 Male2 Tacotron2 + ParallelWaveGAN,source-fc906048ff5914a3528d1ae4ed6f7ccd94d71383; acoustic-deb9cb49703b012d8f1406d15f4fa182b39ecb320bc4e2be5a557ac58766ea75; vocoder-fb415182fdf84dbe6a0bbca72e5ed9ed39009b622cf39e20ba630cb830594329,issai_kazakhtts2_male2_tacotron2_pwg:ISSAI_KazakhTTS2_M2,not_applicable:fixed_pretrained_tts_no_reference_audio,cuda,offline_text_only_tacotron2_parallelwavegan_tts,22050,wav,language_provenance=intended_input_text_only;text_normalizer=stage_c_kazakhtts_text_v1;synthesis_text_sha256=3a46fe4bce14147ece01450a33ebaa545238f72191522d493266460099460541,,2026-08-12T21:18:24+05:00
ksc2_v1:Test/podcasts/09_01_304,processed/ea/ea9607d97f4c7997cffc01160e673e1dcdee2f3b54517674581b25ecc276ee9d.wav,1f095ea098bc9075d115c1f8f58f6b06da7c340a8139a168184d2a77cb829e7e,test,bonafide,mixed,true,ksc2_v1:recording:ksc2_v1:Test/podcasts/09_01_304,ksc2_v1,CC-BY-4.0,KSC2 CC-BY-4.0 source recording; explicit single-AI transcript-review evidence; archive=43d1ee6725d737a438125a13997a0abde4159de84ef17d1706fe7921e8632cbe; source_lock=5a632c689b2dff0d3e23d4352da4031349c51adb497d720a48ea96430e89231d; method=single_ai_transcript_semantic_review_v2_delta; reviewer=codex_language_review_v2,ksc2_v1:unknown,ksc2_v1:transcript:3b244b509ad4697a9b3876942789e5e5e1129f9a3b8d8399993467e6c9f440f4,3b244b509ad4697a9b3876942789e5e5e1129f9a3b8d8399993467e6c9f440f4,4.7341875,,,,,,source_recording_unknown,KSC2_Test_component_recording,16000,wav,,,2026-08-12T20:47:13+05:00
fresh_suite_v1_kazakhtts_tacotron2_pwg:ae9c7ade43a078d4ad9f,processed/c1/c1594f63ced9f9f942cce00b1f180b0036c2919c5abafb710df6d39f7700568e.wav,162178765537125164348ed41ae812f8c25c4cc8f32fdd2d7c55a04badecd5fe,test,spoof,mixed,true,fresh_suite_v1_kazakhtts_tacotron2_pwg:fixed-profile:issai_kazakhtts2_male2_tacotron2_pwg:ISSAI_KazakhTTS2_M2,fresh_suite_v1_kazakhtts_tacotron2_pwg,FLEURS/KSC2 CC-BY-4.0; ISSAI Kazakh_TTS model CC-BY-4.0; ESPnet Apache-2.0; ParallelWaveGAN MIT,Offline text-only derivative of ksc2_v1 text ksc2_v1:transcript:3b244b509ad4697a9b3876942789e5e5e1129f9a3b8d8399993467e6c9f440f4; Kazakh_TTS repository and published pretrained model artifacts CC-BY-4.0; ESPnet Apache-2.0; ParallelWaveGAN MIT; fixed published voice; no reference audio or voice cloning; language provenance is intended input text until full acoustic review; normalizer=stage_c_kazakhtts_text_v1,fresh_suite_v1_kazakhtts_tacotron2_pwg:synthetic-profile:issai_kazakhtts2_male2_tacotron2_pwg:ISSAI_KazakhTTS2_M2,ksc2_v1:transcript:3b244b509ad4697a9b3876942789e5e5e1129f9a3b8d8399993467e6c9f440f4,3b244b509ad4697a9b3876942789e5e5e1129f9a3b8d8399993467e6c9f440f4,4.644,tacotron2_parallelwavegan_fixed_voice_tts,ISSAI KazakhTTS2 Male2 Tacotron2 + ParallelWaveGAN,source-fc906048ff5914a3528d1ae4ed6f7ccd94d71383; acoustic-deb9cb49703b012d8f1406d15f4fa182b39ecb320bc4e2be5a557ac58766ea75; vocoder-fb415182fdf84dbe6a0bbca72e5ed9ed39009b622cf39e20ba630cb830594329,issai_kazakhtts2_male2_tacotron2_pwg:ISSAI_KazakhTTS2_M2,not_applicable:fixed_pretrained_tts_no_reference_audio,cuda,offline_text_only_tacotron2_parallelwavegan_tts,22050,wav,language_provenance=intended_input_text_only;text_normalizer=stage_c_kazakhtts_text_v1;synthesis_text_sha256=3b244b509ad4697a9b3876942789e5e5e1129f9a3b8d8399993467e6c9f440f4,,2026-08-12T21:18:24+05:00
ksc2_v1:Test/talkshow/01_02_088,processed/de/de778db6bf25de3c04418fb51d73eed45f562d371032d6f0862778a7ade1f579.wav,288584f96779c4e03bd88e3f859a1976a20fd04abda6b2892015a1883baebe6f,test,bonafide,mixed,true,ksc2_v1:recording:ksc2_v1:Test/talkshow/01_02_088,ksc2_v1,CC-BY-4.0,KSC2 CC-BY-4.0 source recording; explicit single-AI transcript-review evidence; archive=43d1ee6725d737a438125a13997a0abde4159de84ef17d1706fe7921e8632cbe; source_lock=5a632c689b2dff0d3e23d4352da4031349c51adb497d720a48ea96430e89231d; method=single_ai_transcript_semantic_review_v2_delta; reviewer=codex_language_review_v2,ksc2_v1:unknown,ksc2_v1:transcript:3be75e04940ce78d7ae4f8fe3cf2a1d43b3006d4693b2147026da57082a79ebd,3be75e04940ce78d7ae4f8fe3cf2a1d43b3006d4693b2147026da57082a79ebd,11.5259375,,,,,,source_recording_unknown,KSC2_Test_component_recording,16000,wav,,,2026-08-12T20:47:13+05:00
fresh_suite_v1_kazakhtts_tacotron2_pwg:c2262328df3d2888875f,processed/bc/bcc7af65ee023669b52b1636a3f37e60aae822f67c83a03dd09ee269cd22c94c.wav,e964f009db073e807a7ba4cda88a40d4292a560a167625ee73418fa503b0806b,test,spoof,mixed,true,fresh_suite_v1_kazakhtts_tacotron2_pwg:fixed-profile:issai_kazakhtts2_male2_tacotron2_pwg:ISSAI_KazakhTTS2_M2,fresh_suite_v1_kazakhtts_tacotron2_pwg,FLEURS/KSC2 CC-BY-4.0; ISSAI Kazakh_TTS model CC-BY-4.0; ESPnet Apache-2.0; ParallelWaveGAN MIT,Offline text-only derivative of ksc2_v1 text ksc2_v1:transcript:3be75e04940ce78d7ae4f8fe3cf2a1d43b3006d4693b2147026da57082a79ebd; Kazakh_TTS repository and published pretrained model artifacts CC-BY-4.0; ESPnet Apache-2.0; ParallelWaveGAN MIT; fixed published voice; no reference audio or voice cloning; language provenance is intended input text until full acoustic review; normalizer=stage_c_kazakhtts_text_v1,fresh_suite_v1_kazakhtts_tacotron2_pwg:synthetic-profile:issai_kazakhtts2_male2_tacotron2_pwg:ISSAI_KazakhTTS2_M2,ksc2_v1:transcript:3be75e04940ce78d7ae4f8fe3cf2a1d43b3006d4693b2147026da57082a79ebd,3be75e04940ce78d7ae4f8fe3cf2a1d43b3006d4693b2147026da57082a79ebd,8.812,tacotron2_parallelwavegan_fixed_voice_tts,ISSAI KazakhTTS2 Male2 Tacotron2 + ParallelWaveGAN,source-fc906048ff5914a3528d1ae4ed6f7ccd94d71383; acoustic-deb9cb49703b012d8f1406d15f4fa182b39ecb320bc4e2be5a557ac58766ea75; vocoder-fb415182fdf84dbe6a0bbca72e5ed9ed39009b622cf39e20ba630cb830594329,issai_kazakhtts2_male2_tacotron2_pwg:ISSAI_KazakhTTS2_M2,not_applicable:fixed_pretrained_tts_no_reference_audio,cuda,offline_text_only_tacotron2_parallelwavegan_tts,22050,wav,language_provenance=intended_input_text_only;text_normalizer=stage_c_kazakhtts_text_v1;synthesis_text_sha256=3be75e04940ce78d7ae4f8fe3cf2a1d43b3006d4693b2147026da57082a79ebd,,2026-08-12T21:18:24+05:00
ksc2_v1:Test/podcasts/09_03_085,processed/cb/cb895b2a0fc2b7a7b944113447ed049c61044f3932127342230b92aca06298e8.wav,a1839081218073928926a9cd62f5c69f107525b83d91833c9248567e37f28494,test,bonafide,mixed,true,ksc2_v1:recording:ksc2_v1:Test/podcasts/09_03_085,ksc2_v1,CC-BY-4.0,KSC2 CC-BY-4.0 source recording; explicit single-AI transcript-review evidence; archive=43d1ee6725d737a438125a13997a0abde4159de84ef17d1706fe7921e8632cbe; source_lock=5a632c689b2dff0d3e23d4352da4031349c51adb497d720a48ea96430e89231d; method=single_ai_transcript_semantic_review_v2_delta; reviewer=codex_language_review_v2,ksc2_v1:unknown,ksc2_v1:transcript:3c31c64cbc2010570a96de9a3ba05f709cf1d43987d892399cc0c07e6d283d90,3c31c64cbc2010570a96de9a3ba05f709cf1d43987d892399cc0c07e6d283d90,16.175,,,,,,source_recording_unknown,KSC2_Test_component_recording,16000,wav,,,2026-08-12T20:47:13+05:00
fresh_suite_v1_kazakhtts_tacotron2_pwg:5ff7372b6166355fba8e,processed/a8/a83b2640b66b667cf2601ff462fb30ecf429dbaa3fab3503174977bccfcefbb7.wav,89c5e85a5c920ba0dbf2dbf72f4cfe0d4272b0bd3b525a4b5d17fa7168d0b386,test,spoof,mixed,true,fresh_suite_v1_kazakhtts_tacotron2_pwg:fixed-profile:issai_kazakhtts2_male2_tacotron2_pwg:ISSAI_KazakhTTS2_M2,fresh_suite_v1_kazakhtts_tacotron2_pwg,FLEURS/KSC2 CC-BY-4.0; ISSAI Kazakh_TTS model CC-BY-4.0; ESPnet Apache-2.0; ParallelWaveGAN MIT,Offline text-only derivative of ksc2_v1 text ksc2_v1:transcript:3c31c64cbc2010570a96de9a3ba05f709cf1d43987d892399cc0c07e6d283d90; Kazakh_TTS repository and published pretrained model artifacts CC-BY-4.0; ESPnet Apache-2.0; ParallelWaveGAN MIT; fixed published voice; no reference audio or voice cloning; language provenance is intended input text until full acoustic review; normalizer=stage_c_kazakhtts_text_v1,fresh_suite_v1_kazakhtts_tacotron2_pwg:synthetic-profile:issai_kazakhtts2_male2_tacotron2_pwg:ISSAI_KazakhTTS2_M2,ksc2_v1:transcript:3c31c64cbc2010570a96de9a3ba05f709cf1d43987d892399cc0c07e6d283d90,3c31c64cbc2010570a96de9a3ba05f709cf1d43987d892399cc0c07e6d283d90,12.3181875,tacotron2_parallelwavegan_fixed_voice_tts,ISSAI KazakhTTS2 Male2 Tacotron2 + ParallelWaveGAN,source-fc906048ff5914a3528d1ae4ed6f7ccd94d71383; acoustic-deb9cb49703b012d8f1406d15f4fa182b39ecb320bc4e2be5a557ac58766ea75; vocoder-fb415182fdf84dbe6a0bbca72e5ed9ed39009b622cf39e20ba630cb830594329,issai_kazakhtts2_male2_tacotron2_pwg:ISSAI_KazakhTTS2_M2,not_applicable:fixed_pretrained_tts_no_reference_audio,cuda,offline_text_only_tacotron2_parallelwavegan_tts,22050,wav,language_provenance=intended_input_text_only;text_normalizer=stage_c_kazakhtts_text_v1;synthesis_text_sha256=3c31c64cbc2010570a96de9a3ba05f709cf1d43987d892399cc0c07e6d283d90,,2026-08-12T21:18:24+05:00
ksc2_v1:Test/podcasts/09_03_129,processed/4b/4bd0eef0c4df16ff05e8f7e795c6e582b0d697db15bf82a54097baf3e42d91db.wav,3bc31d0a7765fe45bf447b3f333812a8b81f185719f0daba5769558219a1c3a9,test,bonafide,mixed,true,ksc2_v1:recording:ksc2_v1:Test/podcasts/09_03_129,ksc2_v1,CC-BY-4.0,KSC2 CC-BY-4.0 source recording; explicit single-AI transcript-review evidence; archive=43d1ee6725d737a438125a13997a0abde4159de84ef17d1706fe7921e8632cbe; source_lock=5a632c689b2dff0d3e23d4352da4031349c51adb497d720a48ea96430e89231d; method=single_ai_transcript_semantic_review_v2_delta; reviewer=codex_language_review_v2,ksc2_v1:unknown,ksc2_v1:transcript:40863242b284645a238980afa08878d9f82269f4e2c419125a340725e0f5cff8,40863242b284645a238980afa08878d9f82269f4e2c419125a340725e0f5cff8,3.9564375,,,,,,source_recording_unknown,KSC2_Test_component_recording,16000,wav,,,2026-08-12T20:47:13+05:00
fresh_suite_v1_kazakhtts_tacotron2_pwg:4e39396293747437d8f0,processed/94/946583814c5630ea348355f3853cb21977cf4b05ea6c2e4218d41f5ad9438896.wav,0f40b6237c99078acd6e3cbd2c553ea69763e18fb8bbde29f3a90604fb96b05f,test,spoof,mixed,true,fresh_suite_v1_kazakhtts_tacotron2_pwg:fixed-profile:issai_kazakhtts2_male2_tacotron2_pwg:ISSAI_KazakhTTS2_M2,fresh_suite_v1_kazakhtts_tacotron2_pwg,FLEURS/KSC2 CC-BY-4.0; ISSAI Kazakh_TTS model CC-BY-4.0; ESPnet Apache-2.0; ParallelWaveGAN MIT,Offline text-only derivative of ksc2_v1 text ksc2_v1:transcript:40863242b284645a238980afa08878d9f82269f4e2c419125a340725e0f5cff8; Kazakh_TTS repository and published pretrained model artifacts CC-BY-4.0; ESPnet Apache-2.0; ParallelWaveGAN MIT; fixed published voice; no reference audio or voice cloning; language provenance is intended input text until full acoustic review; normalizer=stage_c_kazakhtts_text_v1,fresh_suite_v1_kazakhtts_tacotron2_pwg:synthetic-profile:issai_kazakhtts2_male2_tacotron2_pwg:ISSAI_KazakhTTS2_M2,ksc2_v1:transcript:40863242b284645a238980afa08878d9f82269f4e2c419125a340725e0f5cff8,40863242b284645a238980afa08878d9f82269f4e2c419125a340725e0f5cff8,6.1185,tacotron2_parallelwavegan_fixed_voice_tts,ISSAI KazakhTTS2 Male2 Tacotron2 + ParallelWaveGAN,source-fc906048ff5914a3528d1ae4ed6f7ccd94d71383; acoustic-deb9cb49703b012d8f1406d15f4fa182b39ecb320bc4e2be5a557ac58766ea75; vocoder-fb415182fdf84dbe6a0bbca72e5ed9ed39009b622cf39e20ba630cb830594329,issai_kazakhtts2_male2_tacotron2_pwg:ISSAI_KazakhTTS2_M2,not_applicable:fixed_pretrained_tts_no_reference_audio,cuda,offline_text_only_tacotron2_parallelwavegan_tts,22050,wav,language_provenance=intended_input_text_only;text_normalizer=stage_c_kazakhtts_text_v1;synthesis_text_sha256=40863242b284645a238980afa08878d9f82269f4e2c419125a340725e0f5cff8,,2026-08-12T21:18:24+05:00
ksc2_v1:Test/podcasts/09_03_044,processed/67/67b1a6657df3b44336f9fafd4f1be6e11e5b60b4d25105b3fd0cb0e3607c0b7e.wav,aa74d5849ca39816f1275f1bc95077605eecd02831e1a7326a7463110ac92a7a,test,bonafide,mixed,true,ksc2_v1:recording:ksc2_v1:Test/podcasts/09_03_044,ksc2_v1,CC-BY-4.0,KSC2 CC-BY-4.0 source recording; explicit single-AI transcript-review evidence; archive=43d1ee6725d737a438125a13997a0abde4159de84ef17d1706fe7921e8632cbe; source_lock=5a632c689b2dff0d3e23d4352da4031349c51adb497d720a48ea96430e89231d; method=single_ai_transcript_semantic_review_v2_delta; reviewer=codex_language_review_v2,ksc2_v1:unknown,ksc2_v1:transcript:4c5d6d22d2347317619b136d576fe55384a65e0506e763be4c7fbd9526648d8e,4c5d6d22d2347317619b136d576fe55384a65e0506e763be4c7fbd9526648d8e,3.57325,,,,,,source_recording_unknown,KSC2_Test_component_recording,16000,wav,,,2026-08-12T20:47:13+05:00
fresh_suite_v1_kazakhtts_tacotron2_pwg:cff7fd930b514d683399,processed/ea/eabe722f042d76b1809d0e51abdda225282f286010f471e182ebef3b3d9638f7.wav,ad6e7342d91d5198b2d0ffc30a10bcddfb9ce29a715d8b8d3c5419c413fcf66e,test,spoof,mixed,true,fresh_suite_v1_kazakhtts_tacotron2_pwg:fixed-profile:issai_kazakhtts2_male2_tacotron2_pwg:ISSAI_KazakhTTS2_M2,fresh_suite_v1_kazakhtts_tacotron2_pwg,FLEURS/KSC2 CC-BY-4.0; ISSAI Kazakh_TTS model CC-BY-4.0; ESPnet Apache-2.0; ParallelWaveGAN MIT,Offline text-only derivative of ksc2_v1 text ksc2_v1:transcript:4c5d6d22d2347317619b136d576fe55384a65e0506e763be4c7fbd9526648d8e; Kazakh_TTS repository and published pretrained model artifacts CC-BY-4.0; ESPnet Apache-2.0; ParallelWaveGAN MIT; fixed published voice; no reference audio or voice cloning; language provenance is intended input text until full acoustic review; normalizer=stage_c_kazakhtts_text_v1,fresh_suite_v1_kazakhtts_tacotron2_pwg:synthetic-profile:issai_kazakhtts2_male2_tacotron2_pwg:ISSAI_KazakhTTS2_M2,ksc2_v1:transcript:4c5d6d22d2347317619b136d576fe55384a65e0506e763be4c7fbd9526648d8e,4c5d6d22d2347317619b136d576fe55384a65e0506e763be4c7fbd9526648d8e,5.154875,tacotron2_parallelwavegan_fixed_voice_tts,ISSAI KazakhTTS2 Male2 Tacotron2 + ParallelWaveGAN,source-fc906048ff5914a3528d1ae4ed6f7ccd94d71383; acoustic-deb9cb49703b012d8f1406d15f4fa182b39ecb320bc4e2be5a557ac58766ea75; vocoder-fb415182fdf84dbe6a0bbca72e5ed9ed39009b622cf39e20ba630cb830594329,issai_kazakhtts2_male2_tacotron2_pwg:ISSAI_KazakhTTS2_M2,not_applicable:fixed_pretrained_tts_no_reference_audio,cuda,offline_text_only_tacotron2_parallelwavegan_tts,22050,wav,language_provenance=intended_input_text_only;text_normalizer=stage_c_kazakhtts_text_v1;synthesis_text_sha256=4c5d6d22d2347317619b136d576fe55384a65e0506e763be4c7fbd9526648d8e,,2026-08-12T21:18:24+05:00
ksc2_v1:Test/podcasts/09_00_388,processed/2c/2c0a0b10c28b630fab53d6407febeee0a763d7a929916e27bc7f3866f334c3f2.wav,56fe0ef9a53b3ead7ef978ca7255b197f94a95c9ff0c05067a8e1a959762850b,test,bonafide,mixed,true,ksc2_v1:recording:ksc2_v1:Test/podcasts/09_00_388,ksc2_v1,CC-BY-4.0,KSC2 CC-BY-4.0 source recording; explicit single-AI transcript-review evidence; archive=43d1ee6725d737a438125a13997a0abde4159de84ef17d1706fe7921e8632cbe; source_lock=5a632c689b2dff0d3e23d4352da4031349c51adb497d720a48ea96430e89231d; method=single_ai_transcript_semantic_review_v2_delta; reviewer=codex_language_review_v2,ksc2_v1:unknown,ksc2_v1:transcript:4ce7d0287e29c007a0b74dd5a2947ae4a891664c067cee413299e2ad58ecbc2e,4ce7d0287e29c007a0b74dd5a2947ae4a891664c067cee413299e2ad58ecbc2e,4.283125,,,,,,source_recording_unknown,KSC2_Test_component_recording,16000,wav,,,2026-08-12T20:47:13+05:00
fresh_suite_v1_kazakhtts_tacotron2_pwg:540a5d77106010439f98,processed/e9/e9895f7f74b595ed10cce1ca73c19bcdf5d84a505417ac80a988be67b4012129.wav,03a9f73a0701cd5a094cc4d6bd01f1a29b52fddc503b46b1e963523762cd3aa2,test,spoof,mixed,true,fresh_suite_v1_kazakhtts_tacotron2_pwg:fixed-profile:issai_kazakhtts2_male2_tacotron2_pwg:ISSAI_KazakhTTS2_M2,fresh_suite_v1_kazakhtts_tacotron2_pwg,FLEURS/KSC2 CC-BY-4.0; ISSAI Kazakh_TTS model CC-BY-4.0; ESPnet Apache-2.0; ParallelWaveGAN MIT,Offline text-only derivative of ksc2_v1 text ksc2_v1:transcript:4ce7d0287e29c007a0b74dd5a2947ae4a891664c067cee413299e2ad58ecbc2e; Kazakh_TTS repository and published pretrained model artifacts CC-BY-4.0; ESPnet Apache-2.0; ParallelWaveGAN MIT; fixed published voice; no reference audio or voice cloning; language provenance is intended input text until full acoustic review; normalizer=stage_c_kazakhtts_text_v1,fresh_suite_v1_kazakhtts_tacotron2_pwg:synthetic-profile:issai_kazakhtts2_male2_tacotron2_pwg:ISSAI_KazakhTTS2_M2,ksc2_v1:transcript:4ce7d0287e29c007a0b74dd5a2947ae4a891664c067cee413299e2ad58ecbc2e,4ce7d0287e29c007a0b74dd5a2947ae4a891664c067cee413299e2ad58ecbc2e,4.8878125,tacotron2_parallelwavegan_fixed_voice_tts,ISSAI KazakhTTS2 Male2 Tacotron2 + ParallelWaveGAN,source-fc906048ff5914a3528d1ae4ed6f7ccd94d71383; acoustic-deb9cb49703b012d8f1406d15f4fa182b39ecb320bc4e2be5a557ac58766ea75; vocoder-fb415182fdf84dbe6a0bbca72e5ed9ed39009b622cf39e20ba630cb830594329,issai_kazakhtts2_male2_tacotron2_pwg:ISSAI_KazakhTTS2_M2,not_applicable:fixed_pretrained_tts_no_reference_audio,cuda,offline_text_only_tacotron2_parallelwavegan_tts,22050,wav,language_provenance=intended_input_text_only;text_normalizer=stage_c_kazakhtts_text_v1;synthesis_text_sha256=4ce7d0287e29c007a0b74dd5a2947ae4a891664c067cee413299e2ad58ecbc2e,,2026-08-12T21:18:24+05:00
ksc2_v1:Test/radio/01_04_152,processed/18/18649d75d7b7bf844d9d7b15bbea958555c0bf9f300579c8307ed14036653556.wav,326ab3e2a8a8af6722c89d659f051a45df4e5d8de1a3459313d024f448ad50e7,test,bonafide,mixed,true,ksc2_v1:recording:ksc2_v1:Test/radio/01_04_152,ksc2_v1,CC-BY-4.0,KSC2 CC-BY-4.0 source recording; explicit single-AI transcript-review evidence; archive=43d1ee6725d737a438125a13997a0abde4159de84ef17d1706fe7921e8632cbe; source_lock=5a632c689b2dff0d3e23d4352da4031349c51adb497d720a48ea96430e89231d; method=single_ai_transcript_semantic_review_v2_delta; reviewer=codex_language_review_v2,ksc2_v1:unknown,ksc2_v1:transcript:4d1dfbeccd8512679397610ec696f19644a438fde7c309b9662c99e91e863e9d,4d1dfbeccd8512679397610ec696f19644a438fde7c309b9662c99e91e863e9d,4.3841875,,,,,,source_recording_unknown,KSC2_Test_component_recording,16000,wav,,,2026-08-12T20:47:13+05:00
fresh_suite_v1_kazakhtts_tacotron2_pwg:44a046b57022ebcaa459,processed/30/30c52aeeaf30925d15753988d28700c25a2f82f92257766ecfde28a9089e7911.wav,a3018b18d72f64abfb7663ecd86935c8bf049382a1d5c392bfc7b433260e17cc,test,spoof,mixed,true,fresh_suite_v1_kazakhtts_tacotron2_pwg:fixed-profile:issai_kazakhtts2_male2_tacotron2_pwg:ISSAI_KazakhTTS2_M2,fresh_suite_v1_kazakhtts_tacotron2_pwg,FLEURS/KSC2 CC-BY-4.0; ISSAI Kazakh_TTS model CC-BY-4.0; ESPnet Apache-2.0; ParallelWaveGAN MIT,Offline text-only derivative of ksc2_v1 text ksc2_v1:transcript:4d1dfbeccd8512679397610ec696f19644a438fde7c309b9662c99e91e863e9d; Kazakh_TTS repository and published pretrained model artifacts CC-BY-4.0; ESPnet Apache-2.0; ParallelWaveGAN MIT; fixed published voice; no reference audio or voice cloning; language provenance is intended input text until full acoustic review; normalizer=stage_c_kazakhtts_text_v1,fresh_suite_v1_kazakhtts_tacotron2_pwg:synthetic-profile:issai_kazakhtts2_male2_tacotron2_pwg:ISSAI_KazakhTTS2_M2,ksc2_v1:transcript:4d1dfbeccd8512679397610ec696f19644a438fde7c309b9662c99e91e863e9d,4d1dfbeccd8512679397610ec696f19644a438fde7c309b9662c99e91e863e9d,5.5728125,tacotron2_parallelwavegan_fixed_voice_tts,ISSAI KazakhTTS2 Male2 Tacotron2 + ParallelWaveGAN,source-fc906048ff5914a3528d1ae4ed6f7ccd94d71383; acoustic-deb9cb49703b012d8f1406d15f4fa182b39ecb320bc4e2be5a557ac58766ea75; vocoder-fb415182fdf84dbe6a0bbca72e5ed9ed39009b622cf39e20ba630cb830594329,issai_kazakhtts2_male2_tacotron2_pwg:ISSAI_KazakhTTS2_M2,not_applicable:fixed_pretrained_tts_no_reference_audio,cuda,offline_text_only_tacotron2_parallelwavegan_tts,22050,wav,language_provenance=intended_input_text_only;text_normalizer=stage_c_kazakhtts_text_v1;synthesis_text_sha256=4d1dfbeccd8512679397610ec696f19644a438fde7c309b9662c99e91e863e9d,,2026-08-12T21:18:24+05:00
ksc2_v1:Test/radio/01_05_287,processed/38/38d798393c9e31eb73e4a4605db9c08856ac66c0e7df422a737b23b99005c452.wav,5627b18c7a98d3b76ae9a08c3c8e11c8e73848d1830eefa9fcfd083c8d922ff0,test,bonafide,mixed,true,ksc2_v1:recording:ksc2_v1:Test/radio/01_05_287,ksc2_v1,CC-BY-4.0,KSC2 CC-BY-4.0 source recording; explicit single-AI transcript-review evidence; archive=43d1ee6725d737a438125a13997a0abde4159de84ef17d1706fe7921e8632cbe; source_lock=5a632c689b2dff0d3e23d4352da4031349c51adb497d720a48ea96430e89231d; method=single_ai_transcript_semantic_review_v2_delta; reviewer=codex_language_review_v2,ksc2_v1:unknown,ksc2_v1:transcript:4e5d9adf96f392e47044d3f4c29dbf5aa7bc71037954bb58c1349c18d2b72564,4e5d9adf96f392e47044d3f4c29dbf5aa7bc71037954bb58c1349c18d2b72564,4.7578125,,,,,,source_recording_unknown,KSC2_Test_component_recording,16000,wav,,,2026-08-12T20:47:13+05:00
fresh_suite_v1_kazakhtts_tacotron2_pwg:cf92db539187bdcefeeb,processed/b8/b8932dfa157add1232abcc53b3f6ecaacdb68b1973f47dc134d52f0dfa364264.wav,3962d24e4acbc8395571335bdb47bb32b963efa103b0f74f9bb2318d2620cf2a,test,spoof,mixed,true,fresh_suite_v1_kazakhtts_tacotron2_pwg:fixed-profile:issai_kazakhtts2_male2_tacotron2_pwg:ISSAI_KazakhTTS2_M2,fresh_suite_v1_kazakhtts_tacotron2_pwg,FLEURS/KSC2 CC-BY-4.0; ISSAI Kazakh_TTS model CC-BY-4.0; ESPnet Apache-2.0; ParallelWaveGAN MIT,Offline text-only derivative of ksc2_v1 text ksc2_v1:transcript:4e5d9adf96f392e47044d3f4c29dbf5aa7bc71037954bb58c1349c18d2b72564; Kazakh_TTS repository and published pretrained model artifacts CC-BY-4.0; ESPnet Apache-2.0; ParallelWaveGAN MIT; fixed published voice; no reference audio or voice cloning; language provenance is intended input text until full acoustic review; normalizer=stage_c_kazakhtts_text_v1,fresh_suite_v1_kazakhtts_tacotron2_pwg:synthetic-profile:issai_kazakhtts2_male2_tacotron2_pwg:ISSAI_KazakhTTS2_M2,ksc2_v1:transcript:4e5d9adf96f392e47044d3f4c29dbf5aa7bc71037954bb58c1349c18d2b72564,4e5d9adf96f392e47044d3f4c29dbf5aa7bc71037954bb58c1349c18d2b72564,4.5975625,tacotron2_parallelwavegan_fixed_voice_tts,ISSAI KazakhTTS2 Male2 Tacotron2 + ParallelWaveGAN,source-fc906048ff5914a3528d1ae4ed6f7ccd94d71383; acoustic-deb9cb49703b012d8f1406d15f4fa182b39ecb320bc4e2be5a557ac58766ea75; vocoder-fb415182fdf84dbe6a0bbca72e5ed9ed39009b622cf39e20ba630cb830594329,issai_kazakhtts2_male2_tacotron2_pwg:ISSAI_KazakhTTS2_M2,not_applicable:fixed_pretrained_tts_no_reference_audio,cuda,offline_text_only_tacotron2_parallelwavegan_tts,22050,wav,language_provenance=intended_input_text_only;text_normalizer=stage_c_kazakhtts_text_v1;synthesis_text_sha256=4e5d9adf96f392e47044d3f4c29dbf5aa7bc71037954bb58c1349c18d2b72564,,2026-08-12T21:18:24+05:00
ksc2_v1:Test/podcasts/09_04_123,processed/0e/0e0894e30e41cad81fdb6c45805ca502bb5626438546fa4d0aae1d6e4769cc55.wav,3aa6099b98a64cb74a5996c5c58d73a1292de8b942aac5f6cd50c82b5a8ef8b0,test,bonafide,mixed,true,ksc2_v1:recording:ksc2_v1:Test/podcasts/09_04_123,ksc2_v1,CC-BY-4.0,KSC2 CC-BY-4.0 source recording; explicit single-AI transcript-review evidence; archive=43d1ee6725d737a438125a13997a0abde4159de84ef17d1706fe7921e8632cbe; source_lock=5a632c689b2dff0d3e23d4352da4031349c51adb497d720a48ea96430e89231d; method=single_ai_transcript_semantic_review_v2_delta; reviewer=codex_language_review_v2,ksc2_v1:unknown,ksc2_v1:transcript:579686230b891d5896aec8ad4a119370a68f7cec89eed3002a7e941940ac6c98,579686230b891d5896aec8ad4a119370a68f7cec89eed3002a7e941940ac6c98,13.2221875,,,,,,source_recording_unknown,KSC2_Test_component_recording,16000,wav,,,2026-08-12T20:47:13+05:00
fresh_suite_v1_kazakhtts_tacotron2_pwg:3e3464ea58866bf333d2,processed/52/529454981c786690ed0ea81b18d1e9df37418f15f81960f40c7021ca18e8d80a.wav,94d1a3250efd9821acdadd4e95ca9d32639705f6ac8650bbb9dec983ef69bd6a,test,spoof,mixed,true,fresh_suite_v1_kazakhtts_tacotron2_pwg:fixed-profile:issai_kazakhtts2_male2_tacotron2_pwg:ISSAI_KazakhTTS2_M2,fresh_suite_v1_kazakhtts_tacotron2_pwg,FLEURS/KSC2 CC-BY-4.0; ISSAI Kazakh_TTS model CC-BY-4.0; ESPnet Apache-2.0; ParallelWaveGAN MIT,Offline text-only derivative of ksc2_v1 text ksc2_v1:transcript:579686230b891d5896aec8ad4a119370a68f7cec89eed3002a7e941940ac6c98; Kazakh_TTS repository and published pretrained model artifacts CC-BY-4.0; ESPnet Apache-2.0; ParallelWaveGAN MIT; fixed published voice; no reference audio or voice cloning; language provenance is intended input text until full acoustic review; normalizer=stage_c_kazakhtts_text_v1,fresh_suite_v1_kazakhtts_tacotron2_pwg:synthetic-profile:issai_kazakhtts2_male2_tacotron2_pwg:ISSAI_KazakhTTS2_M2,ksc2_v1:transcript:579686230b891d5896aec8ad4a119370a68f7cec89eed3002a7e941940ac6c98,579686230b891d5896aec8ad4a119370a68f7cec89eed3002a7e941940ac6c98,9.68275,tacotron2_parallelwavegan_fixed_voice_tts,ISSAI KazakhTTS2 Male2 Tacotron2 + ParallelWaveGAN,source-fc906048ff5914a3528d1ae4ed6f7ccd94d71383; acoustic-deb9cb49703b012d8f1406d15f4fa182b39ecb320bc4e2be5a557ac58766ea75; vocoder-fb415182fdf84dbe6a0bbca72e5ed9ed39009b622cf39e20ba630cb830594329,issai_kazakhtts2_male2_tacotron2_pwg:ISSAI_KazakhTTS2_M2,not_applicable:fixed_pretrained_tts_no_reference_audio,cuda,offline_text_only_tacotron2_parallelwavegan_tts,22050,wav,language_provenance=intended_input_text_only;text_normalizer=stage_c_kazakhtts_text_v1;synthesis_text_sha256=579686230b891d5896aec8ad4a119370a68f7cec89eed3002a7e941940ac6c98,,2026-08-12T21:18:24+05:00
ksc2_v1:Test/podcasts/09_04_061,processed/1c/1cc835c476cceb674bcf78a956b02a6c1e18d4c895521f54dfda1a4569cf386d.wav,1518f187b40574e52db23fee85c1f8af14509a95e6fcbda009f9f08d7fcc061a,test,bonafide,mixed,true,ksc2_v1:recording:ksc2_v1:Test/podcasts/09_04_061,ksc2_v1,CC-BY-4.0,KSC2 CC-BY-4.0 source recording; explicit single-AI transcript-review evidence; archive=43d1ee6725d737a438125a13997a0abde4159de84ef17d1706fe7921e8632cbe; source_lock=5a632c689b2dff0d3e23d4352da4031349c51adb497d720a48ea96430e89231d; method=single_ai_transcript_semantic_review_v2_delta; reviewer=codex_language_review_v2,ksc2_v1:unknown,ksc2_v1:transcript:5e4f6c73636305e93a23a996c663161c65d1e520523fb44248595e2507ff6c9c,5e4f6c73636305e93a23a996c663161c65d1e520523fb44248595e2507ff6c9c,6.823625,,,,,,source_recording_unknown,KSC2_Test_component_recording,16000,wav,,,2026-08-12T20:47:13+05:00
fresh_suite_v1_kazakhtts_tacotron2_pwg:61800f64dbb98412f1d0,processed/a6/a6123b51c5f495b86d7529372a4da2253379a4c912d8f8cc7e80692e09efa311.wav,83c2c415ef740e68d599fce0f94f98bac5f8a0ec5aae1653dc07fc80c641fa25,test,spoof,mixed,true,fresh_suite_v1_kazakhtts_tacotron2_pwg:fixed-profile:issai_kazakhtts2_male2_tacotron2_pwg:ISSAI_KazakhTTS2_M2,fresh_suite_v1_kazakhtts_tacotron2_pwg,FLEURS/KSC2 CC-BY-4.0; ISSAI Kazakh_TTS model CC-BY-4.0; ESPnet Apache-2.0; ParallelWaveGAN MIT,Offline text-only derivative of ksc2_v1 text ksc2_v1:transcript:5e4f6c73636305e93a23a996c663161c65d1e520523fb44248595e2507ff6c9c; Kazakh_TTS repository and published pretrained model artifacts CC-BY-4.0; ESPnet Apache-2.0; ParallelWaveGAN MIT; fixed published voice; no reference audio or voice cloning; language provenance is intended input text until full acoustic review; normalizer=stage_c_kazakhtts_text_v1,fresh_suite_v1_kazakhtts_tacotron2_pwg:synthetic-profile:issai_kazakhtts2_male2_tacotron2_pwg:ISSAI_KazakhTTS2_M2,ksc2_v1:transcript:5e4f6c73636305e93a23a996c663161c65d1e520523fb44248595e2507ff6c9c,5e4f6c73636305e93a23a996c663161c65d1e520523fb44248595e2507ff6c9c,7.082125,tacotron2_parallelwavegan_fixed_voice_tts,ISSAI KazakhTTS2 Male2 Tacotron2 + ParallelWaveGAN,source-fc906048ff5914a3528d1ae4ed6f7ccd94d71383; acoustic-deb9cb49703b012d8f1406d15f4fa182b39ecb320bc4e2be5a557ac58766ea75; vocoder-fb415182fdf84dbe6a0bbca72e5ed9ed39009b622cf39e20ba630cb830594329,issai_kazakhtts2_male2_tacotron2_pwg:ISSAI_KazakhTTS2_M2,not_applicable:fixed_pretrained_tts_no_reference_audio,cuda,offline_text_only_tacotron2_parallelwavegan_tts,22050,wav,language_provenance=intended_input_text_only;text_normalizer=stage_c_kazakhtts_text_v1;synthesis_text_sha256=5e4f6c73636305e93a23a996c663161c65d1e520523fb44248595e2507ff6c9c,,2026-08-12T21:18:24+05:00
ksc2_v1:Test/podcasts/09_03_221,processed/68/68d9a25848e42f09b0ef703c77c3cf9dbf24433bd6d3a9eb53b32a643d46f73c.wav,e68e09ecdb6ae9fd487c05cf441e2c536a11b71fbcd99a309e5a166cd07421ed,test,bonafide,mixed,true,ksc2_v1:recording:ksc2_v1:Test/podcasts/09_03_221,ksc2_v1,CC-BY-4.0,KSC2 CC-BY-4.0 source recording; explicit single-AI transcript-review evidence; archive=43d1ee6725d737a438125a13997a0abde4159de84ef17d1706fe7921e8632cbe; source_lock=5a632c689b2dff0d3e23d4352da4031349c51adb497d720a48ea96430e89231d; method=single_ai_transcript_semantic_review_v2_delta; reviewer=codex_language_review_v2,ksc2_v1:unknown,ksc2_v1:transcript:6c52c37b54722c18f94c9e5438a74ee7fd945dd1949d86e2bf9c4cb4a0190e3f,6c52c37b54722c18f94c9e5438a74ee7fd945dd1949d86e2bf9c4cb4a0190e3f,6.49425,,,,,,source_recording_unknown,KSC2_Test_component_recording,16000,wav,,,2026-08-12T20:47:13+05:00
fresh_suite_v1_kazakhtts_tacotron2_pwg:27dc2cc8fbbc7583ff4f,processed/cb/cb076416bfae44438dde7b6027c6bd34b083984c2748cc8438b720b7338fef65.wav,2246b835187e96d71f5938e04d38cc8c31d633d903d954e3dcefa78053a2906b,test,spoof,mixed,true,fresh_suite_v1_kazakhtts_tacotron2_pwg:fixed-profile:issai_kazakhtts2_male2_tacotron2_pwg:ISSAI_KazakhTTS2_M2,fresh_suite_v1_kazakhtts_tacotron2_pwg,FLEURS/KSC2 CC-BY-4.0; ISSAI Kazakh_TTS model CC-BY-4.0; ESPnet Apache-2.0; ParallelWaveGAN MIT,Offline text-only derivative of ksc2_v1 text ksc2_v1:transcript:6c52c37b54722c18f94c9e5438a74ee7fd945dd1949d86e2bf9c4cb4a0190e3f; Kazakh_TTS repository and published pretrained model artifacts CC-BY-4.0; ESPnet Apache-2.0; ParallelWaveGAN MIT; fixed published voice; no reference audio or voice cloning; language provenance is intended input text until full acoustic review; normalizer=stage_c_kazakhtts_text_v1,fresh_suite_v1_kazakhtts_tacotron2_pwg:synthetic-profile:issai_kazakhtts2_male2_tacotron2_pwg:ISSAI_KazakhTTS2_M2,ksc2_v1:transcript:6c52c37b54722c18f94c9e5438a74ee7fd945dd1949d86e2bf9c4cb4a0190e3f,6c52c37b54722c18f94c9e5438a74ee7fd945dd1949d86e2bf9c4cb4a0190e3f,8.336,tacotron2_parallelwavegan_fixed_voice_tts,ISSAI KazakhTTS2 Male2 Tacotron2 + ParallelWaveGAN,source-fc906048ff5914a3528d1ae4ed6f7ccd94d71383; acoustic-deb9cb49703b012d8f1406d15f4fa182b39ecb320bc4e2be5a557ac58766ea75; vocoder-fb415182fdf84dbe6a0bbca72e5ed9ed39009b622cf39e20ba630cb830594329,issai_kazakhtts2_male2_tacotron2_pwg:ISSAI_KazakhTTS2_M2,not_applicable:fixed_pretrained_tts_no_reference_audio,cuda,offline_text_only_tacotron2_parallelwavegan_tts,22050,wav,language_provenance=intended_input_text_only;text_normalizer=stage_c_kazakhtts_text_v1;synthesis_text_sha256=6c52c37b54722c18f94c9e5438a74ee7fd945dd1949d86e2bf9c4cb4a0190e3f,,2026-08-12T21:18:24+05:00
ksc2_v1:Test/talkshow/01_02_312,processed/69/6935fb84d725156d8068648f4d9524207da9f9e26261565b6ae789d0ae330e64.wav,e8522056ade8f281a18059bef5d68279c1eb3e00a031e8961f0b2a3df1cd2898,test,bonafide,mixed,true,ksc2_v1:recording:ksc2_v1:Test/talkshow/01_02_312,ksc2_v1,CC-BY-4.0,KSC2 CC-BY-4.0 source recording; explicit single-AI transcript-review evidence; archive=43d1ee6725d737a438125a13997a0abde4159de84ef17d1706fe7921e8632cbe; source_lock=5a632c689b2dff0d3e23d4352da4031349c51adb497d720a48ea96430e89231d; method=single_ai_transcript_semantic_review_v2_delta; reviewer=codex_language_review_v2,ksc2_v1:unknown,ksc2_v1:transcript:6f1b205ab1e13f2517dee6664e8ab43b65602a8c63192e1252392185f03cb627,6f1b205ab1e13f2517dee6664e8ab43b65602a8c63192e1252392185f03cb627,6.26,,,,,,source_recording_unknown,KSC2_Test_component_recording,16000,wav,,,2026-08-12T20:47:13+05:00
fresh_suite_v1_kazakhtts_tacotron2_pwg:b1871dcc1d365298cf0b,processed/af/af3aba6da5ed54fec912029f5d8bb49398d9387d62d7dcdfa78dcaea9e8ae680.wav,79a48b0add74f22a27333abd7e0ea0ddb8f489db5b4ec20edfa9f6dec79b032c,test,spoof,mixed,true,fresh_suite_v1_kazakhtts_tacotron2_pwg:fixed-profile:issai_kazakhtts2_male2_tacotron2_pwg:ISSAI_KazakhTTS2_M2,fresh_suite_v1_kazakhtts_tacotron2_pwg,FLEURS/KSC2 CC-BY-4.0; ISSAI Kazakh_TTS model CC-BY-4.0; ESPnet Apache-2.0; ParallelWaveGAN MIT,Offline text-only derivative of ksc2_v1 text ksc2_v1:transcript:6f1b205ab1e13f2517dee6664e8ab43b65602a8c63192e1252392185f03cb627; Kazakh_TTS repository and published pretrained model artifacts CC-BY-4.0; ESPnet Apache-2.0; ParallelWaveGAN MIT; fixed published voice; no reference audio or voice cloning; language provenance is intended input text until full acoustic review; normalizer=stage_c_kazakhtts_text_v1,fresh_suite_v1_kazakhtts_tacotron2_pwg:synthetic-profile:issai_kazakhtts2_male2_tacotron2_pwg:ISSAI_KazakhTTS2_M2,ksc2_v1:transcript:6f1b205ab1e13f2517dee6664e8ab43b65602a8c63192e1252392185f03cb627,6f1b205ab1e13f2517dee6664e8ab43b65602a8c63192e1252392185f03cb627,4.864625,tacotron2_parallelwavegan_fixed_voice_tts,ISSAI KazakhTTS2 Male2 Tacotron2 + ParallelWaveGAN,source-fc906048ff5914a3528d1ae4ed6f7ccd94d71383; acoustic-deb9cb49703b012d8f1406d15f4fa182b39ecb320bc4e2be5a557ac58766ea75; vocoder-fb415182fdf84dbe6a0bbca72e5ed9ed39009b622cf39e20ba630cb830594329,issai_kazakhtts2_male2_tacotron2_pwg:ISSAI_KazakhTTS2_M2,not_applicable:fixed_pretrained_tts_no_reference_audio,cuda,offline_text_only_tacotron2_parallelwavegan_tts,22050,wav,language_provenance=intended_input_text_only;text_normalizer=stage_c_kazakhtts_text_v1;synthesis_text_sha256=6f1b205ab1e13f2517dee6664e8ab43b65602a8c63192e1252392185f03cb627,,2026-08-12T21:18:24+05:00
ksc2_v1:Test/podcasts/09_04_102,processed/dc/dc79be34245315c842f1542aef0e4eadf208beaf44fa3cba77c5ff829c2e911d.wav,0016d4c8da80197e81a40ee15e993f18cc491fea257edc1bf562947ad9866bc1,test,bonafide,mixed,true,ksc2_v1:recording:ksc2_v1:Test/podcasts/09_04_102,ksc2_v1,CC-BY-4.0,KSC2 CC-BY-4.0 source recording; explicit single-AI transcript-review evidence; archive=43d1ee6725d737a438125a13997a0abde4159de84ef17d1706fe7921e8632cbe; source_lock=5a632c689b2dff0d3e23d4352da4031349c51adb497d720a48ea96430e89231d; method=single_ai_transcript_semantic_review_v2_delta; reviewer=codex_language_review_v2,ksc2_v1:unknown,ksc2_v1:transcript:72a4afcdff8d38138e8a05f69f2cd2c21ed41fde1d3305491738b755e14d65f5,72a4afcdff8d38138e8a05f69f2cd2c21ed41fde1d3305491738b755e14d65f5,15.6319375,,,,,,source_recording_unknown,KSC2_Test_component_recording,16000,wav,,,2026-08-12T20:47:13+05:00
fresh_suite_v1_kazakhtts_tacotron2_pwg:aaa80b480a20ffaf36e9,processed/7b/7becd960c21082fd6b15571fefd1694340091a18df5cb236366d028d7c65ef7c.wav,bf8bb6c2b788bccb8350118bbcfb84dc37b8c76b9120b3fab0706bcd3d70eed5,test,spoof,mixed,true,fresh_suite_v1_kazakhtts_tacotron2_pwg:fixed-profile:issai_kazakhtts2_male2_tacotron2_pwg:ISSAI_KazakhTTS2_M2,fresh_suite_v1_kazakhtts_tacotron2_pwg,FLEURS/KSC2 CC-BY-4.0; ISSAI Kazakh_TTS model CC-BY-4.0; ESPnet Apache-2.0; ParallelWaveGAN MIT,Offline text-only derivative of ksc2_v1 text ksc2_v1:transcript:72a4afcdff8d38138e8a05f69f2cd2c21ed41fde1d3305491738b755e14d65f5; Kazakh_TTS repository and published pretrained model artifacts CC-BY-4.0; ESPnet Apache-2.0; ParallelWaveGAN MIT; fixed published voice; no reference audio or voice cloning; language provenance is intended input text until full acoustic review; normalizer=stage_c_kazakhtts_text_v1,fresh_suite_v1_kazakhtts_tacotron2_pwg:synthetic-profile:issai_kazakhtts2_male2_tacotron2_pwg:ISSAI_KazakhTTS2_M2,ksc2_v1:transcript:72a4afcdff8d38138e8a05f69f2cd2c21ed41fde1d3305491738b755e14d65f5,72a4afcdff8d38138e8a05f69f2cd2c21ed41fde1d3305491738b755e14d65f5,11.2849375,tacotron2_parallelwavegan_fixed_voice_tts,ISSAI KazakhTTS2 Male2 Tacotron2 + ParallelWaveGAN,source-fc906048ff5914a3528d1ae4ed6f7ccd94d71383; acoustic-deb9cb49703b012d8f1406d15f4fa182b39ecb320bc4e2be5a557ac58766ea75; vocoder-fb415182fdf84dbe6a0bbca72e5ed9ed39009b622cf39e20ba630cb830594329,issai_kazakhtts2_male2_tacotron2_pwg:ISSAI_KazakhTTS2_M2,not_applicable:fixed_pretrained_tts_no_reference_audio,cuda,offline_text_only_tacotron2_parallelwavegan_tts,22050,wav,language_provenance=intended_input_text_only;text_normalizer=stage_c_kazakhtts_text_v1;synthesis_text_sha256=72a4afcdff8d38138e8a05f69f2cd2c21ed41fde1d3305491738b755e14d65f5,,2026-08-12T21:18:24+05:00
ksc2_v1:Test/podcasts/09_03_121,processed/f2/f2e22d0101fe97fa7db9d9aec4da20c83c6b6439ebd1a47facfafc6f45443351.wav,eebce694ab50af6c81ecb1a4884bfd9e7ffe92c762f8c8325afc7d8b3981665a,test,bonafide,mixed,true,ksc2_v1:recording:ksc2_v1:Test/podcasts/09_03_121,ksc2_v1,CC-BY-4.0,KSC2 CC-BY-4.0 source recording; explicit single-AI transcript-review evidence; archive=43d1ee6725d737a438125a13997a0abde4159de84ef17d1706fe7921e8632cbe; source_lock=5a632c689b2dff0d3e23d4352da4031349c51adb497d720a48ea96430e89231d; method=single_ai_transcript_semantic_review_v2_delta; reviewer=codex_language_review_v2,ksc2_v1:unknown,ksc2_v1:transcript:773650e2adf405183ca41557f759e4a8b0d94b3353c4ca731b05a5f7e869c52e,773650e2adf405183ca41557f759e4a8b0d94b3353c4ca731b05a5f7e869c52e,3.965125,,,,,,source_recording_unknown,KSC2_Test_component_recording,16000,wav,,,2026-08-12T20:47:13+05:00
fresh_suite_v1_kazakhtts_tacotron2_pwg:f8de7d10863b29668a65,processed/d3/d3fa3248dda880501a5a5a7520b19e3eb79e7ee7ca54d3c3c47e5fd7c3cee302.wav,523d7bf0c81aa09ab612d78ce05629f48c32e44dafa1ebf2f741eb212041f38e,test,spoof,mixed,true,fresh_suite_v1_kazakhtts_tacotron2_pwg:fixed-profile:issai_kazakhtts2_male2_tacotron2_pwg:ISSAI_KazakhTTS2_M2,fresh_suite_v1_kazakhtts_tacotron2_pwg,FLEURS/KSC2 CC-BY-4.0; ISSAI Kazakh_TTS model CC-BY-4.0; ESPnet Apache-2.0; ParallelWaveGAN MIT,Offline text-only derivative of ksc2_v1 text ksc2_v1:transcript:773650e2adf405183ca41557f759e4a8b0d94b3353c4ca731b05a5f7e869c52e; Kazakh_TTS repository and published pretrained model artifacts CC-BY-4.0; ESPnet Apache-2.0; ParallelWaveGAN MIT; fixed published voice; no reference audio or voice cloning; language provenance is intended input text until full acoustic review; normalizer=stage_c_kazakhtts_text_v1,fresh_suite_v1_kazakhtts_tacotron2_pwg:synthetic-profile:issai_kazakhtts2_male2_tacotron2_pwg:ISSAI_KazakhTTS2_M2,ksc2_v1:transcript:773650e2adf405183ca41557f759e4a8b0d94b3353c4ca731b05a5f7e869c52e,773650e2adf405183ca41557f759e4a8b0d94b3353c4ca731b05a5f7e869c52e,6.002375,tacotron2_parallelwavegan_fixed_voice_tts,ISSAI KazakhTTS2 Male2 Tacotron2 + ParallelWaveGAN,source-fc906048ff5914a3528d1ae4ed6f7ccd94d71383; acoustic-deb9cb49703b012d8f1406d15f4fa182b39ecb320bc4e2be5a557ac58766ea75; vocoder-fb415182fdf84dbe6a0bbca72e5ed9ed39009b622cf39e20ba630cb830594329,issai_kazakhtts2_male2_tacotron2_pwg:ISSAI_KazakhTTS2_M2,not_applicable:fixed_pretrained_tts_no_reference_audio,cuda,offline_text_only_tacotron2_parallelwavegan_tts,22050,wav,language_provenance=intended_input_text_only;text_normalizer=stage_c_kazakhtts_text_v1;synthesis_text_sha256=773650e2adf405183ca41557f759e4a8b0d94b3353c4ca731b05a5f7e869c52e,,2026-08-12T21:18:24+05:00
ksc2_v1:Test/podcasts/09_01_078,processed/fc/fc3f633d3c7e074125fff510f43a8f48c0cfc8fed5160bd95a570f4a4760c13f.wav,299a704554bb420af3b7a5b3cfac6446d91e4980818c622f8790213f4f1ac156,test,bonafide,mixed,true,ksc2_v1:recording:ksc2_v1:Test/podcasts/09_01_078,ksc2_v1,CC-BY-4.0,KSC2 CC-BY-4.0 source recording; explicit single-AI transcript-review evidence; archive=43d1ee6725d737a438125a13997a0abde4159de84ef17d1706fe7921e8632cbe; source_lock=5a632c689b2dff0d3e23d4352da4031349c51adb497d720a48ea96430e89231d; method=single_ai_transcript_semantic_review_v2_delta; reviewer=codex_language_review_v2,ksc2_v1:unknown,ksc2_v1:transcript:77fe309768b9021b679e4efeca1ae65e9bbea0f56eb47b9fe30e7a7506490378,77fe309768b9021b679e4efeca1ae65e9bbea0f56eb47b9fe30e7a7506490378,9.33,,,,,,source_recording_unknown,KSC2_Test_component_recording,16000,wav,,,2026-08-12T20:47:13+05:00
fresh_suite_v1_kazakhtts_tacotron2_pwg:cf9cdcfba2c2577b8bcd,processed/2d/2d7acc6c066cf4340e8e3bd5269ab3978ea6c06656cdabaea98c312f17682c31.wav,c352630b65d1f1da0479adf68c099d6373c3c124a2f7df92ec024ee98b7c903d,test,spoof,mixed,true,fresh_suite_v1_kazakhtts_tacotron2_pwg:fixed-profile:issai_kazakhtts2_male2_tacotron2_pwg:ISSAI_KazakhTTS2_M2,fresh_suite_v1_kazakhtts_tacotron2_pwg,FLEURS/KSC2 CC-BY-4.0; ISSAI Kazakh_TTS model CC-BY-4.0; ESPnet Apache-2.0; ParallelWaveGAN MIT,Offline text-only derivative of ksc2_v1 text ksc2_v1:transcript:77fe309768b9021b679e4efeca1ae65e9bbea0f56eb47b9fe30e7a7506490378; Kazakh_TTS repository and published pretrained model artifacts CC-BY-4.0; ESPnet Apache-2.0; ParallelWaveGAN MIT; fixed published voice; no reference audio or voice cloning; language provenance is intended input text until full acoustic review; normalizer=stage_c_kazakhtts_text_v1,fresh_suite_v1_kazakhtts_tacotron2_pwg:synthetic-profile:issai_kazakhtts2_male2_tacotron2_pwg:ISSAI_KazakhTTS2_M2,ksc2_v1:transcript:77fe309768b9021b679e4efeca1ae65e9bbea0f56eb47b9fe30e7a7506490378,77fe309768b9021b679e4efeca1ae65e9bbea0f56eb47b9fe30e7a7506490378,7.8135625,tacotron2_parallelwavegan_fixed_voice_tts,ISSAI KazakhTTS2 Male2 Tacotron2 + ParallelWaveGAN,source-fc906048ff5914a3528d1ae4ed6f7ccd94d71383; acoustic-deb9cb49703b012d8f1406d15f4fa182b39ecb320bc4e2be5a557ac58766ea75; vocoder-fb415182fdf84dbe6a0bbca72e5ed9ed39009b622cf39e20ba630cb830594329,issai_kazakhtts2_male2_tacotron2_pwg:ISSAI_KazakhTTS2_M2,not_applicable:fixed_pretrained_tts_no_reference_audio,cuda,offline_text_only_tacotron2_parallelwavegan_tts,22050,wav,language_provenance=intended_input_text_only;text_normalizer=stage_c_kazakhtts_text_v1;synthesis_text_sha256=77fe309768b9021b679e4efeca1ae65e9bbea0f56eb47b9fe30e7a7506490378,,2026-08-12T21:18:24+05:00
ksc2_v1:Test/podcasts/09_04_030,processed/13/1322aca94828095d704a9eaad326071fca0b1abd15c7a2f5cd0d5e408982025a.wav,e5327c84e38c97766ec4e329b22c280cd111bf3770b4136cec47084fadda4b5d,test,bonafide,mixed,true,ksc2_v1:recording:ksc2_v1:Test/podcasts/09_04_030,ksc2_v1,CC-BY-4.0,KSC2 CC-BY-4.0 source recording; explicit single-AI transcript-review evidence; archive=43d1ee6725d737a438125a13997a0abde4159de84ef17d1706fe7921e8632cbe; source_lock=5a632c689b2dff0d3e23d4352da4031349c51adb497d720a48ea96430e89231d; method=single_ai_transcript_semantic_review_v2_delta; reviewer=codex_language_review_v2,ksc2_v1:unknown,ksc2_v1:transcript:79887533afbd1c6c00450af13ef82b881126b94f4e6ca010ec51fb1cbd8f1d49,79887533afbd1c6c00450af13ef82b881126b94f4e6ca010ec51fb1cbd8f1d49,3.812625,,,,,,source_recording_unknown,KSC2_Test_component_recording,16000,wav,,,2026-08-12T20:47:13+05:00
fresh_suite_v1_kazakhtts_tacotron2_pwg:c7cd57b8c51566f86955,processed/8d/8d2a63fd3b80e891fff64c5c3d72ef12c522bcc3abc87eddadebabd9eb13fa46.wav,c5a7c6a1c0b74c2c3c289c4029eef4336a163d96e2dea44bd170e2a248bc2fb2,test,spoof,mixed,true,fresh_suite_v1_kazakhtts_tacotron2_pwg:fixed-profile:issai_kazakhtts2_male2_tacotron2_pwg:ISSAI_KazakhTTS2_M2,fresh_suite_v1_kazakhtts_tacotron2_pwg,FLEURS/KSC2 CC-BY-4.0; ISSAI Kazakh_TTS model CC-BY-4.0; ESPnet Apache-2.0; ParallelWaveGAN MIT,Offline text-only derivative of ksc2_v1 text ksc2_v1:transcript:79887533afbd1c6c00450af13ef82b881126b94f4e6ca010ec51fb1cbd8f1d49; Kazakh_TTS repository and published pretrained model artifacts CC-BY-4.0; ESPnet Apache-2.0; ParallelWaveGAN MIT; fixed published voice; no reference audio or voice cloning; language provenance is intended input text until full acoustic review; normalizer=stage_c_kazakhtts_text_v1,fresh_suite_v1_kazakhtts_tacotron2_pwg:synthetic-profile:issai_kazakhtts2_male2_tacotron2_pwg:ISSAI_KazakhTTS2_M2,ksc2_v1:transcript:79887533afbd1c6c00450af13ef82b881126b94f4e6ca010ec51fb1cbd8f1d49,79887533afbd1c6c00450af13ef82b881126b94f4e6ca010ec51fb1cbd8f1d49,4.377,tacotron2_parallelwavegan_fixed_voice_tts,ISSAI KazakhTTS2 Male2 Tacotron2 + ParallelWaveGAN,source-fc906048ff5914a3528d1ae4ed6f7ccd94d71383; acoustic-deb9cb49703b012d8f1406d15f4fa182b39ecb320bc4e2be5a557ac58766ea75; vocoder-fb415182fdf84dbe6a0bbca72e5ed9ed39009b622cf39e20ba630cb830594329,issai_kazakhtts2_male2_tacotron2_pwg:ISSAI_KazakhTTS2_M2,not_applicable:fixed_pretrained_tts_no_reference_audio,cuda,offline_text_only_tacotron2_parallelwavegan_tts,22050,wav,language_provenance=intended_input_text_only;text_normalizer=stage_c_kazakhtts_text_v1;synthesis_text_sha256=79887533afbd1c6c00450af13ef82b881126b94f4e6ca010ec51fb1cbd8f1d49,,2026-08-12T21:18:24+05:00
ksc2_v1:Test/radio/01_05_226,processed/b7/b7d5c2723c74578d34c51e0779df9c6179158cf1e9214e77369aa4e204af7264.wav,12ecc74ce7072823622305443934794bd5e0f73641a6f5f4c5bb90b4b287adca,test,bonafide,mixed,true,ksc2_v1:recording:ksc2_v1:Test/radio/01_05_226,ksc2_v1,CC-BY-4.0,KSC2 CC-BY-4.0 source recording; explicit single-AI transcript-review evidence; archive=43d1ee6725d737a438125a13997a0abde4159de84ef17d1706fe7921e8632cbe; source_lock=5a632c689b2dff0d3e23d4352da4031349c51adb497d720a48ea96430e89231d; method=single_ai_transcript_semantic_review_v2_delta; reviewer=codex_language_review_v2,ksc2_v1:unknown,ksc2_v1:transcript:7adde3764bbe7a6389f2e5773683fc7a64c0cc7f01b9f8174f3f3b8c1d2642f0,7adde3764bbe7a6389f2e5773683fc7a64c0cc7f01b9f8174f3f3b8c1d2642f0,3.4609375,,,,,,source_recording_unknown,KSC2_Test_component_recording,16000,wav,,,2026-08-12T20:47:13+05:00
fresh_suite_v1_kazakhtts_tacotron2_pwg:80eebc8b80fbe38e5070,processed/0e/0e85be3058ab5c581827add9dbee862595683362aa32598519d9fe50798d1351.wav,be1ee6e06c6af708b85b39bff07a25cafc6b29752aaabdb4cf765a079a584f56,test,spoof,mixed,true,fresh_suite_v1_kazakhtts_tacotron2_pwg:fixed-profile:issai_kazakhtts2_male2_tacotron2_pwg:ISSAI_KazakhTTS2_M2,fresh_suite_v1_kazakhtts_tacotron2_pwg,FLEURS/KSC2 CC-BY-4.0; ISSAI Kazakh_TTS model CC-BY-4.0; ESPnet Apache-2.0; ParallelWaveGAN MIT,Offline text-only derivative of ksc2_v1 text ksc2_v1:transcript:7adde3764bbe7a6389f2e5773683fc7a64c0cc7f01b9f8174f3f3b8c1d2642f0; Kazakh_TTS repository and published pretrained model artifacts CC-BY-4.0; ESPnet Apache-2.0; ParallelWaveGAN MIT; fixed published voice; no reference audio or voice cloning; language provenance is intended input text until full acoustic review; normalizer=stage_c_kazakhtts_text_v1,fresh_suite_v1_kazakhtts_tacotron2_pwg:synthetic-profile:issai_kazakhtts2_male2_tacotron2_pwg:ISSAI_KazakhTTS2_M2,ksc2_v1:transcript:7adde3764bbe7a6389f2e5773683fc7a64c0cc7f01b9f8174f3f3b8c1d2642f0,7adde3764bbe7a6389f2e5773683fc7a64c0cc7f01b9f8174f3f3b8c1d2642f0,3.216,tacotron2_parallelwavegan_fixed_voice_tts,ISSAI KazakhTTS2 Male2 Tacotron2 + ParallelWaveGAN,source-fc906048ff5914a3528d1ae4ed6f7ccd94d71383; acoustic-deb9cb49703b012d8f1406d15f4fa182b39ecb320bc4e2be5a557ac58766ea75; vocoder-fb415182fdf84dbe6a0bbca72e5ed9ed39009b622cf39e20ba630cb830594329,issai_kazakhtts2_male2_tacotron2_pwg:ISSAI_KazakhTTS2_M2,not_applicable:fixed_pretrained_tts_no_reference_audio,cuda,offline_text_only_tacotron2_parallelwavegan_tts,22050,wav,language_provenance=intended_input_text_only;text_normalizer=stage_c_kazakhtts_text_v1;synthesis_text_sha256=7adde3764bbe7a6389f2e5773683fc7a64c0cc7f01b9f8174f3f3b8c1d2642f0,,2026-08-12T21:18:24+05:00
ksc2_v1:Test/podcasts/09_00_234,processed/8f/8fc1a35e23990593d024b38d9fd487c9cf388e39e76b1f0fec3a4cf6b54d9443.wav,6cbd905e7af76199dd85a59f5281d61ec29b677b721d7805f150ba58ef57b8ac,test,bonafide,mixed,true,ksc2_v1:recording:ksc2_v1:Test/podcasts/09_00_234,ksc2_v1,CC-BY-4.0,KSC2 CC-BY-4.0 source recording; explicit single-AI transcript-review evidence; archive=43d1ee6725d737a438125a13997a0abde4159de84ef17d1706fe7921e8632cbe; source_lock=5a632c689b2dff0d3e23d4352da4031349c51adb497d720a48ea96430e89231d; method=single_ai_transcript_semantic_review_v2_delta; reviewer=codex_language_review_v2,ksc2_v1:unknown,ksc2_v1:transcript:80438b60f5bbb40aad99a93885ca2cc2dab582d341ce1c0d190db086e3f91248,80438b60f5bbb40aad99a93885ca2cc2dab582d341ce1c0d190db086e3f91248,13.458125,,,,,,source_recording_unknown,KSC2_Test_component_recording,16000,wav,,,2026-08-12T20:47:13+05:00
fresh_suite_v1_kazakhtts_tacotron2_pwg:731fa29a4194982fbd69,processed/bf/bfaddd7cdb8a7668870150a720d6031be299a601c8aebd27cf46f646c3ade884.wav,b3d2c817cf77919ffdfdad81f9d8bd10e0ba233d978038af67577162576a8063,test,spoof,mixed,true,fresh_suite_v1_kazakhtts_tacotron2_pwg:fixed-profile:issai_kazakhtts2_male2_tacotron2_pwg:ISSAI_KazakhTTS2_M2,fresh_suite_v1_kazakhtts_tacotron2_pwg,FLEURS/KSC2 CC-BY-4.0; ISSAI Kazakh_TTS model CC-BY-4.0; ESPnet Apache-2.0; ParallelWaveGAN MIT,Offline text-only derivative of ksc2_v1 text ksc2_v1:transcript:80438b60f5bbb40aad99a93885ca2cc2dab582d341ce1c0d190db086e3f91248; Kazakh_TTS repository and published pretrained model artifacts CC-BY-4.0; ESPnet Apache-2.0; ParallelWaveGAN MIT; fixed published voice; no reference audio or voice cloning; language provenance is intended input text until full acoustic review; normalizer=stage_c_kazakhtts_text_v1,fresh_suite_v1_kazakhtts_tacotron2_pwg:synthetic-profile:issai_kazakhtts2_male2_tacotron2_pwg:ISSAI_KazakhTTS2_M2,ksc2_v1:transcript:80438b60f5bbb40aad99a93885ca2cc2dab582d341ce1c0d190db086e3f91248,80438b60f5bbb40aad99a93885ca2cc2dab582d341ce1c0d190db086e3f91248,13.049625,tacotron2_parallelwavegan_fixed_voice_tts,ISSAI KazakhTTS2 Male2 Tacotron2 + ParallelWaveGAN,source-fc906048ff5914a3528d1ae4ed6f7ccd94d71383; acoustic-deb9cb49703b012d8f1406d15f4fa182b39ecb320bc4e2be5a557ac58766ea75; vocoder-fb415182fdf84dbe6a0bbca72e5ed9ed39009b622cf39e20ba630cb830594329,issai_kazakhtts2_male2_tacotron2_pwg:ISSAI_KazakhTTS2_M2,not_applicable:fixed_pretrained_tts_no_reference_audio,cuda,offline_text_only_tacotron2_parallelwavegan_tts,22050,wav,language_provenance=intended_input_text_only;text_normalizer=stage_c_kazakhtts_text_v1;synthesis_text_sha256=80438b60f5bbb40aad99a93885ca2cc2dab582d341ce1c0d190db086e3f91248,,2026-08-12T21:18:24+05:00
ksc2_v1:Test/radio/01_05_109,processed/39/3910a31e5968d806a0493129b9ad621c2413c68be6388b9c8adf53ec05414ab2.wav,3e5b143b6c3d1b785b9b014e921d427a45362c22049123f12e53ea939648c1d4,test,bonafide,mixed,true,ksc2_v1:recording:ksc2_v1:Test/radio/01_05_109,ksc2_v1,CC-BY-4.0,KSC2 CC-BY-4.0 source recording; explicit single-AI transcript-review evidence; archive=43d1ee6725d737a438125a13997a0abde4159de84ef17d1706fe7921e8632cbe; source_lock=5a632c689b2dff0d3e23d4352da4031349c51adb497d720a48ea96430e89231d; method=single_ai_transcript_semantic_review_v2_delta; reviewer=codex_language_review_v2,ksc2_v1:unknown,ksc2_v1:transcript:82e8da14409bed353625855a1fdf6b7bb7cd13cf252b82c21486e260236ae79f,82e8da14409bed353625855a1fdf6b7bb7cd13cf252b82c21486e260236ae79f,9.2635625,,,,,,source_recording_unknown,KSC2_Test_component_recording,16000,wav,,,2026-08-12T20:47:13+05:00
fresh_suite_v1_kazakhtts_tacotron2_pwg:bac7a372af61b6fee31c,processed/66/66e7577e31af0e6852d795436374f09b4dc2090e36dc132a87467adc0ae0665f.wav,c381e15cbe0a64eb5c9326b447055197273c0946e903e9b7960c3672149a1d31,test,spoof,mixed,true,fresh_suite_v1_kazakhtts_tacotron2_pwg:fixed-profile:issai_kazakhtts2_male2_tacotron2_pwg:ISSAI_KazakhTTS2_M2,fresh_suite_v1_kazakhtts_tacotron2_pwg,FLEURS/KSC2 CC-BY-4.0; ISSAI Kazakh_TTS model CC-BY-4.0; ESPnet Apache-2.0; ParallelWaveGAN MIT,Offline text-only derivative of ksc2_v1 text ksc2_v1:transcript:82e8da14409bed353625855a1fdf6b7bb7cd13cf252b82c21486e260236ae79f; Kazakh_TTS repository and published pretrained model artifacts CC-BY-4.0; ESPnet Apache-2.0; ParallelWaveGAN MIT; fixed published voice; no reference audio or voice cloning; language provenance is intended input text until full acoustic review; normalizer=stage_c_kazakhtts_text_v1,fresh_suite_v1_kazakhtts_tacotron2_pwg:synthetic-profile:issai_kazakhtts2_male2_tacotron2_pwg:ISSAI_KazakhTTS2_M2,ksc2_v1:transcript:82e8da14409bed353625855a1fdf6b7bb7cd13cf252b82c21486e260236ae79f,82e8da14409bed353625855a1fdf6b7bb7cd13cf252b82c21486e260236ae79f,12.120875,tacotron2_parallelwavegan_fixed_voice_tts,ISSAI KazakhTTS2 Male2 Tacotron2 + ParallelWaveGAN,source-fc906048ff5914a3528d1ae4ed6f7ccd94d71383; acoustic-deb9cb49703b012d8f1406d15f4fa182b39ecb320bc4e2be5a557ac58766ea75; vocoder-fb415182fdf84dbe6a0bbca72e5ed9ed39009b622cf39e20ba630cb830594329,issai_kazakhtts2_male2_tacotron2_pwg:ISSAI_KazakhTTS2_M2,not_applicable:fixed_pretrained_tts_no_reference_audio,cuda,offline_text_only_tacotron2_parallelwavegan_tts,22050,wav,language_provenance=intended_input_text_only;text_normalizer=stage_c_kazakhtts_text_v1;synthesis_text_sha256=82e8da14409bed353625855a1fdf6b7bb7cd13cf252b82c21486e260236ae79f,,2026-08-12T21:18:24+05:00
ksc2_v1:Test/podcasts/09_01_098,processed/62/627b45e4aa83601d162dd6d5457c6cc095be6cacf830f230d29296bfd46b5c40.wav,a51ca70c906f49a6990f01363ffa9b9f183c71ca2053f37b87b0e5bf5901e6e3,test,bonafide,mixed,true,ksc2_v1:recording:ksc2_v1:Test/podcasts/09_01_098,ksc2_v1,CC-BY-4.0,KSC2 CC-BY-4.0 source recording; explicit single-AI transcript-review evidence; archive=43d1ee6725d737a438125a13997a0abde4159de84ef17d1706fe7921e8632cbe; source_lock=5a632c689b2dff0d3e23d4352da4031349c51adb497d720a48ea96430e89231d; method=single_ai_transcript_semantic_review_v2_delta; reviewer=codex_language_review_v2,ksc2_v1:unknown,ksc2_v1:transcript:8a8a089ca0cab0273d57eb33c3b21d26b04efad17a29a4636e156b9e137f25f3,8a8a089ca0cab0273d57eb33c3b21d26b04efad17a29a4636e156b9e137f25f3,11.8979375,,,,,,source_recording_unknown,KSC2_Test_component_recording,16000,wav,,,2026-08-12T20:47:13+05:00
fresh_suite_v1_kazakhtts_tacotron2_pwg:207ff9613d2af6aa3f0d,processed/36/3629c5db32097cffdf83fd37d8e0274e0cc28457e7709686af22fd0029aa6efa.wav,f60794175f2d1a9e75f541b0937d082232c6993287655069bdda2f7ff1f5d16c,test,spoof,mixed,true,fresh_suite_v1_kazakhtts_tacotron2_pwg:fixed-profile:issai_kazakhtts2_male2_tacotron2_pwg:ISSAI_KazakhTTS2_M2,fresh_suite_v1_kazakhtts_tacotron2_pwg,FLEURS/KSC2 CC-BY-4.0; ISSAI Kazakh_TTS model CC-BY-4.0; ESPnet Apache-2.0; ParallelWaveGAN MIT,Offline text-only derivative of ksc2_v1 text ksc2_v1:transcript:8a8a089ca0cab0273d57eb33c3b21d26b04efad17a29a4636e156b9e137f25f3; Kazakh_TTS repository and published pretrained model artifacts CC-BY-4.0; ESPnet Apache-2.0; ParallelWaveGAN MIT; fixed published voice; no reference audio or voice cloning; language provenance is intended input text until full acoustic review; normalizer=stage_c_kazakhtts_text_v1,fresh_suite_v1_kazakhtts_tacotron2_pwg:synthetic-profile:issai_kazakhtts2_male2_tacotron2_pwg:ISSAI_KazakhTTS2_M2,ksc2_v1:transcript:8a8a089ca0cab0273d57eb33c3b21d26b04efad17a29a4636e156b9e137f25f3,8a8a089ca0cab0273d57eb33c3b21d26b04efad17a29a4636e156b9e137f25f3,7.56975,tacotron2_parallelwavegan_fixed_voice_tts,ISSAI KazakhTTS2 Male2 Tacotron2 + ParallelWaveGAN,source-fc906048ff5914a3528d1ae4ed6f7ccd94d71383; acoustic-deb9cb49703b012d8f1406d15f4fa182b39ecb320bc4e2be5a557ac58766ea75; vocoder-fb415182fdf84dbe6a0bbca72e5ed9ed39009b622cf39e20ba630cb830594329,issai_kazakhtts2_male2_tacotron2_pwg:ISSAI_KazakhTTS2_M2,not_applicable:fixed_pretrained_tts_no_reference_audio,cuda,offline_text_only_tacotron2_parallelwavegan_tts,22050,wav,language_provenance=intended_input_text_only;text_normalizer=stage_c_kazakhtts_text_v1;synthesis_text_sha256=8a8a089ca0cab0273d57eb33c3b21d26b04efad17a29a4636e156b9e137f25f3,,2026-08-12T21:18:24+05:00
ksc2_v1:Test/podcasts/09_00_160,processed/50/504142aa5f1ad2275fbfb11522478e1e72ee762b6dd8ee17c6a9eaf82e232ce8.wav,d422fd4aa1fe59a94bcb0578d15ad08c0e4c8171f54a24a7ab0d1afa12962452,test,bonafide,mixed,true,ksc2_v1:recording:ksc2_v1:Test/podcasts/09_00_160,ksc2_v1,CC-BY-4.0,KSC2 CC-BY-4.0 source recording; explicit single-AI transcript-review evidence; archive=43d1ee6725d737a438125a13997a0abde4159de84ef17d1706fe7921e8632cbe; source_lock=5a632c689b2dff0d3e23d4352da4031349c51adb497d720a48ea96430e89231d; method=single_ai_transcript_semantic_review_v2_delta; reviewer=codex_language_review_v2,ksc2_v1:unknown,ksc2_v1:transcript:8ccaa4b0ebc69d11946ba894cafeb732d8a763fa43527f856ea924cfcbe1af4d,8ccaa4b0ebc69d11946ba894cafeb732d8a763fa43527f856ea924cfcbe1af4d,5.9663125,,,,,,source_recording_unknown,KSC2_Test_component_recording,16000,wav,,,2026-08-12T20:47:13+05:00
fresh_suite_v1_kazakhtts_tacotron2_pwg:3f81125ec8170f5c7dcf,processed/48/48a577921f4eb2dd0b336a88a4e79f4bf4c2fe0e5bd16ca355ed1b1e08ff53d8.wav,944f9186aba4fe86a1379aacbc4fccea3fa9ac2ee3bc51774e907117cf96c973,test,spoof,mixed,true,fresh_suite_v1_kazakhtts_tacotron2_pwg:fixed-profile:issai_kazakhtts2_male2_tacotron2_pwg:ISSAI_KazakhTTS2_M2,fresh_suite_v1_kazakhtts_tacotron2_pwg,FLEURS/KSC2 CC-BY-4.0; ISSAI Kazakh_TTS model CC-BY-4.0; ESPnet Apache-2.0; ParallelWaveGAN MIT,Offline text-only derivative of ksc2_v1 text ksc2_v1:transcript:8ccaa4b0ebc69d11946ba894cafeb732d8a763fa43527f856ea924cfcbe1af4d; Kazakh_TTS repository and published pretrained model artifacts CC-BY-4.0; ESPnet Apache-2.0; ParallelWaveGAN MIT; fixed published voice; no reference audio or voice cloning; language provenance is intended input text until full acoustic review; normalizer=stage_c_kazakhtts_text_v1,fresh_suite_v1_kazakhtts_tacotron2_pwg:synthetic-profile:issai_kazakhtts2_male2_tacotron2_pwg:ISSAI_KazakhTTS2_M2,ksc2_v1:transcript:8ccaa4b0ebc69d11946ba894cafeb732d8a763fa43527f856ea924cfcbe1af4d,8ccaa4b0ebc69d11946ba894cafeb732d8a763fa43527f856ea924cfcbe1af4d,7.4188125,tacotron2_parallelwavegan_fixed_voice_tts,ISSAI KazakhTTS2 Male2 Tacotron2 + ParallelWaveGAN,source-fc906048ff5914a3528d1ae4ed6f7ccd94d71383; acoustic-deb9cb49703b012d8f1406d15f4fa182b39ecb320bc4e2be5a557ac58766ea75; vocoder-fb415182fdf84dbe6a0bbca72e5ed9ed39009b622cf39e20ba630cb830594329,issai_kazakhtts2_male2_tacotron2_pwg:ISSAI_KazakhTTS2_M2,not_applicable:fixed_pretrained_tts_no_reference_audio,cuda,offline_text_only_tacotron2_parallelwavegan_tts,22050,wav,language_provenance=intended_input_text_only;text_normalizer=stage_c_kazakhtts_text_v1;synthesis_text_sha256=8ccaa4b0ebc69d11946ba894cafeb732d8a763fa43527f856ea924cfcbe1af4d,,2026-08-12T21:18:24+05:00
ksc2_v1:Test/podcasts/09_03_005,processed/70/7057680a3ad70befe4050f877c72f313baf0ca642d28fe0340ea64e90f7d6da2.wav,2f854e0d3f7bd6bf5260dbd7ebd17b8300a4576d508ff594722979aba13bf033,test,bonafide,mixed,true,ksc2_v1:recording:ksc2_v1:Test/podcasts/09_03_005,ksc2_v1,CC-BY-4.0,KSC2 CC-BY-4.0 source recording; explicit single-AI transcript-review evidence; archive=43d1ee6725d737a438125a13997a0abde4159de84ef17d1706fe7921e8632cbe; source_lock=5a632c689b2dff0d3e23d4352da4031349c51adb497d720a48ea96430e89231d; method=single_ai_transcript_semantic_review_v2_delta; reviewer=codex_language_review_v2,ksc2_v1:unknown,ksc2_v1:transcript:918a6f1f9d46056a5e82e1f14d28fe45785f0babec405ed3ad6752b85a51ef5c,918a6f1f9d46056a5e82e1f14d28fe45785f0babec405ed3ad6752b85a51ef5c,3.70475,,,,,,source_recording_unknown,KSC2_Test_component_recording,16000,wav,,,2026-08-12T20:47:13+05:00
fresh_suite_v1_kazakhtts_tacotron2_pwg:9c7d70c3bbe3474d7c48,processed/12/126d0e9ff434eb5be83ddbd54733200a37c3c30171c8488b7c9adbaab9bf4096.wav,dd395f5f22554e74d3729994c1ecb142336558825a96363cdfa44388ebf85183,test,spoof,mixed,true,fresh_suite_v1_kazakhtts_tacotron2_pwg:fixed-profile:issai_kazakhtts2_male2_tacotron2_pwg:ISSAI_KazakhTTS2_M2,fresh_suite_v1_kazakhtts_tacotron2_pwg,FLEURS/KSC2 CC-BY-4.0; ISSAI Kazakh_TTS model CC-BY-4.0; ESPnet Apache-2.0; ParallelWaveGAN MIT,Offline text-only derivative of ksc2_v1 text ksc2_v1:transcript:918a6f1f9d46056a5e82e1f14d28fe45785f0babec405ed3ad6752b85a51ef5c; Kazakh_TTS repository and published pretrained model artifacts CC-BY-4.0; ESPnet Apache-2.0; ParallelWaveGAN MIT; fixed published voice; no reference audio or voice cloning; language provenance is intended input text until full acoustic review; normalizer=stage_c_kazakhtts_text_v1,fresh_suite_v1_kazakhtts_tacotron2_pwg:synthetic-profile:issai_kazakhtts2_male2_tacotron2_pwg:ISSAI_KazakhTTS2_M2,ksc2_v1:transcript:918a6f1f9d46056a5e82e1f14d28fe45785f0babec405ed3ad6752b85a51ef5c,918a6f1f9d46056a5e82e1f14d28fe45785f0babec405ed3ad6752b85a51ef5c,4.5975625,tacotron2_parallelwavegan_fixed_voice_tts,ISSAI KazakhTTS2 Male2 Tacotron2 + ParallelWaveGAN,source-fc906048ff5914a3528d1ae4ed6f7ccd94d71383; acoustic-deb9cb49703b012d8f1406d15f4fa182b39ecb320bc4e2be5a557ac58766ea75; vocoder-fb415182fdf84dbe6a0bbca72e5ed9ed39009b622cf39e20ba630cb830594329,issai_kazakhtts2_male2_tacotron2_pwg:ISSAI_KazakhTTS2_M2,not_applicable:fixed_pretrained_tts_no_reference_audio,cuda,offline_text_only_tacotron2_parallelwavegan_tts,22050,wav,language_provenance=intended_input_text_only;text_normalizer=stage_c_kazakhtts_text_v1;synthesis_text_sha256=918a6f1f9d46056a5e82e1f14d28fe45785f0babec405ed3ad6752b85a51ef5c,,2026-08-12T21:18:24+05:00
ksc2_v1:Test/radio/01_05_304,processed/51/516fac1b0be7a83918c70b022c6f4ba9b92c230450a4038365298048eafee255.wav,0d093a57dd2d2dfcb8cc14e4898f5545f7583cc66b2ef8740de5ac738dd3b836,test,bonafide,mixed,true,ksc2_v1:recording:ksc2_v1:Test/radio/01_05_304,ksc2_v1,CC-BY-4.0,KSC2 CC-BY-4.0 source recording; explicit single-AI transcript-review evidence; archive=43d1ee6725d737a438125a13997a0abde4159de84ef17d1706fe7921e8632cbe; source_lock=5a632c689b2dff0d3e23d4352da4031349c51adb497d720a48ea96430e89231d; method=single_ai_transcript_semantic_review_v2_delta; reviewer=codex_language_review_v2,ksc2_v1:unknown,ksc2_v1:transcript:9534ba2dd4da9e9b6f3e8fbf511847e15094caebe5a08cf4952254bbce0664d1,9534ba2dd4da9e9b6f3e8fbf511847e15094caebe5a08cf4952254bbce0664d1,5.7066875,,,,,,source_recording_unknown,KSC2_Test_component_recording,16000,wav,,,2026-08-12T20:47:13+05:00
fresh_suite_v1_kazakhtts_tacotron2_pwg:8798b4e16ef16690be56,processed/26/265f1526ec1b44196a449b81f719ca843f33bf0ceb862cdb58a7e6b109213238.wav,00157b3ce08439f7d1acb7e6c6d5841f8af69286fabafedf6d53e2a79e928696,test,spoof,mixed,true,fresh_suite_v1_kazakhtts_tacotron2_pwg:fixed-profile:issai_kazakhtts2_male2_tacotron2_pwg:ISSAI_KazakhTTS2_M2,fresh_suite_v1_kazakhtts_tacotron2_pwg,FLEURS/KSC2 CC-BY-4.0; ISSAI Kazakh_TTS model CC-BY-4.0; ESPnet Apache-2.0; ParallelWaveGAN MIT,Offline text-only derivative of ksc2_v1 text ksc2_v1:transcript:9534ba2dd4da9e9b6f3e8fbf511847e15094caebe5a08cf4952254bbce0664d1; Kazakh_TTS repository and published pretrained model artifacts CC-BY-4.0; ESPnet Apache-2.0; ParallelWaveGAN MIT; fixed published voice; no reference audio or voice cloning; language provenance is intended input text until full acoustic review; normalizer=stage_c_kazakhtts_text_v1,fresh_suite_v1_kazakhtts_tacotron2_pwg:synthetic-profile:issai_kazakhtts2_male2_tacotron2_pwg:ISSAI_KazakhTTS2_M2,ksc2_v1:transcript:9534ba2dd4da9e9b6f3e8fbf511847e15094caebe5a08cf4952254bbce0664d1,9534ba2dd4da9e9b6f3e8fbf511847e15094caebe5a08cf4952254bbce0664d1,6.5828125,tacotron2_parallelwavegan_fixed_voice_tts,ISSAI KazakhTTS2 Male2 Tacotron2 + ParallelWaveGAN,source-fc906048ff5914a3528d1ae4ed6f7ccd94d71383; acoustic-deb9cb49703b012d8f1406d15f4fa182b39ecb320bc4e2be5a557ac58766ea75; vocoder-fb415182fdf84dbe6a0bbca72e5ed9ed39009b622cf39e20ba630cb830594329,issai_kazakhtts2_male2_tacotron2_pwg:ISSAI_KazakhTTS2_M2,not_applicable:fixed_pretrained_tts_no_reference_audio,cuda,offline_text_only_tacotron2_parallelwavegan_tts,22050,wav,language_provenance=intended_input_text_only;text_normalizer=stage_c_kazakhtts_text_v1;synthesis_text_sha256=9534ba2dd4da9e9b6f3e8fbf511847e15094caebe5a08cf4952254bbce0664d1,,2026-08-12T21:18:24+05:00
ksc2_v1:Test/radio/01_04_144,processed/07/07820b1027ed1258acfa0c6d74d67672e48c6b27b6ae721914bb0e2481e9bb4b.wav,2a5d610b953a810ffc2ab21abc9e2248c9b554c8b3b5f9f82efe6efb3caab617,test,bonafide,mixed,true,ksc2_v1:recording:ksc2_v1:Test/radio/01_04_144,ksc2_v1,CC-BY-4.0,KSC2 CC-BY-4.0 source recording; explicit single-AI transcript-review evidence; archive=43d1ee6725d737a438125a13997a0abde4159de84ef17d1706fe7921e8632cbe; source_lock=5a632c689b2dff0d3e23d4352da4031349c51adb497d720a48ea96430e89231d; method=single_ai_transcript_semantic_review_v2_delta; reviewer=codex_language_review_v2,ksc2_v1:unknown,ksc2_v1:transcript:95aa8617a100dc3e1855e75737cd788da4bafe01a5574011ebe9ef47e7a1c6a8,95aa8617a100dc3e1855e75737cd788da4bafe01a5574011ebe9ef47e7a1c6a8,7.1490625,,,,,,source_recording_unknown,KSC2_Test_component_recording,16000,wav,,,2026-08-12T20:47:13+05:00
fresh_suite_v1_kazakhtts_tacotron2_pwg:9298a16e3c77fa90dedc,processed/ac/ac5d026064f7769c6126e6cc323e5df701fb213f1061649e590042729ecaad21.wav,7786bbadf1ea1256a11e6bbd285e72e958ce1fcd4b07675ab84c0435f89612f2,test,spoof,mixed,true,fresh_suite_v1_kazakhtts_tacotron2_pwg:fixed-profile:issai_kazakhtts2_male2_tacotron2_pwg:ISSAI_KazakhTTS2_M2,fresh_suite_v1_kazakhtts_tacotron2_pwg,FLEURS/KSC2 CC-BY-4.0; ISSAI Kazakh_TTS model CC-BY-4.0; ESPnet Apache-2.0; ParallelWaveGAN MIT,Offline text-only derivative of ksc2_v1 text ksc2_v1:transcript:95aa8617a100dc3e1855e75737cd788da4bafe01a5574011ebe9ef47e7a1c6a8; Kazakh_TTS repository and published pretrained model artifacts CC-BY-4.0; ESPnet Apache-2.0; ParallelWaveGAN MIT; fixed published voice; no reference audio or voice cloning; language provenance is intended input text until full acoustic review; normalizer=stage_c_kazakhtts_text_v1,fresh_suite_v1_kazakhtts_tacotron2_pwg:synthetic-profile:issai_kazakhtts2_male2_tacotron2_pwg:ISSAI_KazakhTTS2_M2,ksc2_v1:transcript:95aa8617a100dc3e1855e75737cd788da4bafe01a5574011ebe9ef47e7a1c6a8,95aa8617a100dc3e1855e75737cd788da4bafe01a5574011ebe9ef47e7a1c6a8,8.37075,tacotron2_parallelwavegan_fixed_voice_tts,ISSAI KazakhTTS2 Male2 Tacotron2 + ParallelWaveGAN,source-fc906048ff5914a3528d1ae4ed6f7ccd94d71383; acoustic-deb9cb49703b012d8f1406d15f4fa182b39ecb320bc4e2be5a557ac58766ea75; vocoder-fb415182fdf84dbe6a0bbca72e5ed9ed39009b622cf39e20ba630cb830594329,issai_kazakhtts2_male2_tacotron2_pwg:ISSAI_KazakhTTS2_M2,not_applicable:fixed_pretrained_tts_no_reference_audio,cuda,offline_text_only_tacotron2_parallelwavegan_tts,22050,wav,language_provenance=intended_input_text_only;text_normalizer=stage_c_kazakhtts_text_v1;synthesis_text_sha256=95aa8617a100dc3e1855e75737cd788da4bafe01a5574011ebe9ef47e7a1c6a8,,2026-08-12T21:18:24+05:00
ksc2_v1:Test/podcasts/09_03_410,processed/eb/eb4eb665ceb7671c0e5e18baa41de4bc562bcce30e33424cc262001897cdbe1e.wav,401b870b4e755c18e51648d568dcd76cceecd21283d01e1dfd83584c023e5679,test,bonafide,mixed,true,ksc2_v1:recording:ksc2_v1:Test/podcasts/09_03_410,ksc2_v1,CC-BY-4.0,KSC2 CC-BY-4.0 source recording; explicit single-AI transcript-review evidence; archive=43d1ee6725d737a438125a13997a0abde4159de84ef17d1706fe7921e8632cbe; source_lock=5a632c689b2dff0d3e23d4352da4031349c51adb497d720a48ea96430e89231d; method=single_ai_transcript_semantic_review_v2_delta; reviewer=codex_language_review_v2,ksc2_v1:unknown,ksc2_v1:transcript:95cbca303ecc8582582199b3bbd9e184a6548bd70df5223997cbfd24ecc4e336,95cbca303ecc8582582199b3bbd9e184a6548bd70df5223997cbfd24ecc4e336,8.838375,,,,,,source_recording_unknown,KSC2_Test_component_recording,16000,wav,,,2026-08-12T20:47:13+05:00
fresh_suite_v1_kazakhtts_tacotron2_pwg:a9f0bbe39d71a67cbe3f,processed/71/7155223eb406fa8af349f0cd391bda04a6c14fa5e687e31259d6c80a878cae06.wav,89a44c61ea64949c567b6877a67062234f10ee01ec8133ee9ead32ea0c47c50c,test,spoof,mixed,true,fresh_suite_v1_kazakhtts_tacotron2_pwg:fixed-profile:issai_kazakhtts2_male2_tacotron2_pwg:ISSAI_KazakhTTS2_M2,fresh_suite_v1_kazakhtts_tacotron2_pwg,FLEURS/KSC2 CC-BY-4.0; ISSAI Kazakh_TTS model CC-BY-4.0; ESPnet Apache-2.0; ParallelWaveGAN MIT,Offline text-only derivative of ksc2_v1 text ksc2_v1:transcript:95cbca303ecc8582582199b3bbd9e184a6548bd70df5223997cbfd24ecc4e336; Kazakh_TTS repository and published pretrained model artifacts CC-BY-4.0; ESPnet Apache-2.0; ParallelWaveGAN MIT; fixed published voice; no reference audio or voice cloning; language provenance is intended input text until full acoustic review; normalizer=stage_c_kazakhtts_text_v1,fresh_suite_v1_kazakhtts_tacotron2_pwg:synthetic-profile:issai_kazakhtts2_male2_tacotron2_pwg:ISSAI_KazakhTTS2_M2,ksc2_v1:transcript:95cbca303ecc8582582199b3bbd9e184a6548bd70df5223997cbfd24ecc4e336,95cbca303ecc8582582199b3bbd9e184a6548bd70df5223997cbfd24ecc4e336,12.295,tacotron2_parallelwavegan_fixed_voice_tts,ISSAI KazakhTTS2 Male2 Tacotron2 + ParallelWaveGAN,source-fc906048ff5914a3528d1ae4ed6f7ccd94d71383; acoustic-deb9cb49703b012d8f1406d15f4fa182b39ecb320bc4e2be5a557ac58766ea75; vocoder-fb415182fdf84dbe6a0bbca72e5ed9ed39009b622cf39e20ba630cb830594329,issai_kazakhtts2_male2_tacotron2_pwg:ISSAI_KazakhTTS2_M2,not_applicable:fixed_pretrained_tts_no_reference_audio,cuda,offline_text_only_tacotron2_parallelwavegan_tts,22050,wav,language_provenance=intended_input_text_only;text_normalizer=stage_c_kazakhtts_text_v1;synthesis_text_sha256=95cbca303ecc8582582199b3bbd9e184a6548bd70df5223997cbfd24ecc4e336,,2026-08-12T21:18:24+05:00
ksc2_v1:Test/podcasts/09_04_110,processed/bb/bbd885000bcee495fc1f365efcc2b11e4fa2b66cb23ce917d9dda9664f75ac97.wav,6af795fe081f5915eead21ccb00b1db32e4bed62b397b3cd18ca2c66e18eb1d0,test,bonafide,mixed,true,ksc2_v1:recording:ksc2_v1:Test/podcasts/09_04_110,ksc2_v1,CC-BY-4.0,KSC2 CC-BY-4.0 source recording; explicit single-AI transcript-review evidence; archive=43d1ee6725d737a438125a13997a0abde4159de84ef17d1706fe7921e8632cbe; source_lock=5a632c689b2dff0d3e23d4352da4031349c51adb497d720a48ea96430e89231d; method=single_ai_transcript_semantic_review_v2_delta; reviewer=codex_language_review_v2,ksc2_v1:unknown,ksc2_v1:transcript:a68a7247d5a58b850a393dd39c57ffec18a940b9ba6fec3454860a33c06d3076,a68a7247d5a58b850a393dd39c57ffec18a940b9ba6fec3454860a33c06d3076,8.6744375,,,,,,source_recording_unknown,KSC2_Test_component_recording,16000,wav,,,2026-08-12T20:47:13+05:00
fresh_suite_v1_kazakhtts_tacotron2_pwg:4769bd5e71a16ed8aee5,processed/d9/d92e2af8501ed722b779296addad816c419d4c230a3a4f64575e9814020d2b59.wav,3577d560e23926441653cd0f2bfd4424aa161ec8ac440370567d3b7436850e31,test,spoof,mixed,true,fresh_suite_v1_kazakhtts_tacotron2_pwg:fixed-profile:issai_kazakhtts2_male2_tacotron2_pwg:ISSAI_KazakhTTS2_M2,fresh_suite_v1_kazakhtts_tacotron2_pwg,FLEURS/KSC2 CC-BY-4.0; ISSAI Kazakh_TTS model CC-BY-4.0; ESPnet Apache-2.0; ParallelWaveGAN MIT,Offline text-only derivative of ksc2_v1 text ksc2_v1:transcript:a68a7247d5a58b850a393dd39c57ffec18a940b9ba6fec3454860a33c06d3076; Kazakh_TTS repository and published pretrained model artifacts CC-BY-4.0; ESPnet Apache-2.0; ParallelWaveGAN MIT; fixed published voice; no reference audio or voice cloning; language provenance is intended input text until full acoustic review; normalizer=stage_c_kazakhtts_text_v1,fresh_suite_v1_kazakhtts_tacotron2_pwg:synthetic-profile:issai_kazakhtts2_male2_tacotron2_pwg:ISSAI_KazakhTTS2_M2,ksc2_v1:transcript:a68a7247d5a58b850a393dd39c57ffec18a940b9ba6fec3454860a33c06d3076,a68a7247d5a58b850a393dd39c57ffec18a940b9ba6fec3454860a33c06d3076,13.154125,tacotron2_parallelwavegan_fixed_voice_tts,ISSAI KazakhTTS2 Male2 Tacotron2 + ParallelWaveGAN,source-fc906048ff5914a3528d1ae4ed6f7ccd94d71383; acoustic-deb9cb49703b012d8f1406d15f4fa182b39ecb320bc4e2be5a557ac58766ea75; vocoder-fb415182fdf84dbe6a0bbca72e5ed9ed39009b622cf39e20ba630cb830594329,issai_kazakhtts2_male2_tacotron2_pwg:ISSAI_KazakhTTS2_M2,not_applicable:fixed_pretrained_tts_no_reference_audio,cuda,offline_text_only_tacotron2_parallelwavegan_tts,22050,wav,language_provenance=intended_input_text_only;text_normalizer=stage_c_kazakhtts_text_v1;synthesis_text_sha256=a68a7247d5a58b850a393dd39c57ffec18a940b9ba6fec3454860a33c06d3076,,2026-08-12T21:18:24+05:00
ksc2_v1:Test/radio/01_05_128,processed/d4/d410e93bc0459b0322a40de4472c07fd3ad8d0d0c1d6a50cd4474c7ed0c4a144.wav,049c038d44047644f2eb3ac351796714cd3bd6c0d5c996102855e7da23b2262a,test,bonafide,mixed,true,ksc2_v1:recording:ksc2_v1:Test/radio/01_05_128,ksc2_v1,CC-BY-4.0,KSC2 CC-BY-4.0 source recording; explicit single-AI transcript-review evidence; archive=43d1ee6725d737a438125a13997a0abde4159de84ef17d1706fe7921e8632cbe; source_lock=5a632c689b2dff0d3e23d4352da4031349c51adb497d720a48ea96430e89231d; method=single_ai_transcript_semantic_review_v2_delta; reviewer=codex_language_review_v2,ksc2_v1:unknown,ksc2_v1:transcript:ad218bbbc342b307dfadc89a59a7f9b33502185e8761afc8e3698bd9c42d26b4,ad218bbbc342b307dfadc89a59a7f9b33502185e8761afc8e3698bd9c42d26b4,2.7623125,,,,,,source_recording_unknown,KSC2_Test_component_recording,16000,wav,,,2026-08-12T20:47:13+05:00
fresh_suite_v1_kazakhtts_tacotron2_pwg:4f094ba04266fc393dc4,processed/f3/f3ff3587c00bb6d7ff8a81a7d21842fd9627d01db4372931e165f14185c059f9.wav,7c0089979e50f79778d69fa59b3d03b25219a49d39881cdb3750f00a074ff99e,test,spoof,mixed,true,fresh_suite_v1_kazakhtts_tacotron2_pwg:fixed-profile:issai_kazakhtts2_male2_tacotron2_pwg:ISSAI_KazakhTTS2_M2,fresh_suite_v1_kazakhtts_tacotron2_pwg,FLEURS/KSC2 CC-BY-4.0; ISSAI Kazakh_TTS model CC-BY-4.0; ESPnet Apache-2.0; ParallelWaveGAN MIT,Offline text-only derivative of ksc2_v1 text ksc2_v1:transcript:ad218bbbc342b307dfadc89a59a7f9b33502185e8761afc8e3698bd9c42d26b4; Kazakh_TTS repository and published pretrained model artifacts CC-BY-4.0; ESPnet Apache-2.0; ParallelWaveGAN MIT; fixed published voice; no reference audio or voice cloning; language provenance is intended input text until full acoustic review; normalizer=stage_c_kazakhtts_text_v1,fresh_suite_v1_kazakhtts_tacotron2_pwg:synthetic-profile:issai_kazakhtts2_male2_tacotron2_pwg:ISSAI_KazakhTTS2_M2,ksc2_v1:transcript:ad218bbbc342b307dfadc89a59a7f9b33502185e8761afc8e3698bd9c42d26b4,ad218bbbc342b307dfadc89a59a7f9b33502185e8761afc8e3698bd9c42d26b4,3.98225,tacotron2_parallelwavegan_fixed_voice_tts,ISSAI KazakhTTS2 Male2 Tacotron2 + ParallelWaveGAN,source-fc906048ff5914a3528d1ae4ed6f7ccd94d71383; acoustic-deb9cb49703b012d8f1406d15f4fa182b39ecb320bc4e2be5a557ac58766ea75; vocoder-fb415182fdf84dbe6a0bbca72e5ed9ed39009b622cf39e20ba630cb830594329,issai_kazakhtts2_male2_tacotron2_pwg:ISSAI_KazakhTTS2_M2,not_applicable:fixed_pretrained_tts_no_reference_audio,cuda,offline_text_only_tacotron2_parallelwavegan_tts,22050,wav,language_provenance=intended_input_text_only;text_normalizer=stage_c_kazakhtts_text_v1;synthesis_text_sha256=ad218bbbc342b307dfadc89a59a7f9b33502185e8761afc8e3698bd9c42d26b4,,2026-08-12T21:18:24+05:00
ksc2_v1:Test/podcasts/09_03_384,processed/3c/3c26bf6633039e82322b4006e3a6128fef44e4513e60b25cc5b2bbcb1cc46e16.wav,6a834a53148dde47c50cf80b87df9b114ff561c10cf347049e1e58e9975ce63b,test,bonafide,mixed,true,ksc2_v1:recording:ksc2_v1:Test/podcasts/09_03_384,ksc2_v1,CC-BY-4.0,KSC2 CC-BY-4.0 source recording; explicit single-AI transcript-review evidence; archive=43d1ee6725d737a438125a13997a0abde4159de84ef17d1706fe7921e8632cbe; source_lock=5a632c689b2dff0d3e23d4352da4031349c51adb497d720a48ea96430e89231d; method=single_ai_transcript_semantic_review_v2_delta; reviewer=codex_language_review_v2,ksc2_v1:unknown,ksc2_v1:transcript:addb0b9b3d47e409d237961a8c2acfcbd45abb85a4b457daac6a6251cdbb53a8,addb0b9b3d47e409d237961a8c2acfcbd45abb85a4b457daac6a6251cdbb53a8,7.0525,,,,,,source_recording_unknown,KSC2_Test_component_recording,16000,wav,,,2026-08-12T20:47:13+05:00
fresh_suite_v1_kazakhtts_tacotron2_pwg:e50175fdfb87d2c958de,processed/e9/e964e89ff6236e53be6959871a57ddc420b96a66c66c9297bf727f4cb5587d13.wav,2a63940563d1db90192fa11187a6fca390d33fff4b5e74028760f9a3f93f1a8c,test,spoof,mixed,true,fresh_suite_v1_kazakhtts_tacotron2_pwg:fixed-profile:issai_kazakhtts2_male2_tacotron2_pwg:ISSAI_KazakhTTS2_M2,fresh_suite_v1_kazakhtts_tacotron2_pwg,FLEURS/KSC2 CC-BY-4.0; ISSAI Kazakh_TTS model CC-BY-4.0; ESPnet Apache-2.0; ParallelWaveGAN MIT,Offline text-only derivative of ksc2_v1 text ksc2_v1:transcript:addb0b9b3d47e409d237961a8c2acfcbd45abb85a4b457daac6a6251cdbb53a8; Kazakh_TTS repository and published pretrained model artifacts CC-BY-4.0; ESPnet Apache-2.0; ParallelWaveGAN MIT; fixed published voice; no reference audio or voice cloning; language provenance is intended input text until full acoustic review; normalizer=stage_c_kazakhtts_text_v1,fresh_suite_v1_kazakhtts_tacotron2_pwg:synthetic-profile:issai_kazakhtts2_male2_tacotron2_pwg:ISSAI_KazakhTTS2_M2,ksc2_v1:transcript:addb0b9b3d47e409d237961a8c2acfcbd45abb85a4b457daac6a6251cdbb53a8,addb0b9b3d47e409d237961a8c2acfcbd45abb85a4b457daac6a6251cdbb53a8,6.3390625,tacotron2_parallelwavegan_fixed_voice_tts,ISSAI KazakhTTS2 Male2 Tacotron2 + ParallelWaveGAN,source-fc906048ff5914a3528d1ae4ed6f7ccd94d71383; acoustic-deb9cb49703b012d8f1406d15f4fa182b39ecb320bc4e2be5a557ac58766ea75; vocoder-fb415182fdf84dbe6a0bbca72e5ed9ed39009b622cf39e20ba630cb830594329,issai_kazakhtts2_male2_tacotron2_pwg:ISSAI_KazakhTTS2_M2,not_applicable:fixed_pretrained_tts_no_reference_audio,cuda,offline_text_only_tacotron2_parallelwavegan_tts,22050,wav,language_provenance=intended_input_text_only;text_normalizer=stage_c_kazakhtts_text_v1;synthesis_text_sha256=addb0b9b3d47e409d237961a8c2acfcbd45abb85a4b457daac6a6251cdbb53a8,,2026-08-12T21:18:24+05:00
ksc2_v1:Test/podcasts/09_04_226,processed/7d/7dbfbb1994c61f1587067bff2a566a634c3c9cbbfe0df85ed27a56067376e199.wav,359c12847cc320ae84b775ffd6bc8de9ddc50756d09fedade88f4f0e1bddb78e,test,bonafide,mixed,true,ksc2_v1:recording:ksc2_v1:Test/podcasts/09_04_226,ksc2_v1,CC-BY-4.0,KSC2 CC-BY-4.0 source recording; explicit single-AI transcript-review evidence; archive=43d1ee6725d737a438125a13997a0abde4159de84ef17d1706fe7921e8632cbe; source_lock=5a632c689b2dff0d3e23d4352da4031349c51adb497d720a48ea96430e89231d; method=single_ai_transcript_semantic_review_v2_delta; reviewer=codex_language_review_v2,ksc2_v1:unknown,ksc2_v1:transcript:b8625a8f3aee5e736ce40f17e428a6ddebb55b1e350c8fed6c10c4000e40f77d,b8625a8f3aee5e736ce40f17e428a6ddebb55b1e350c8fed6c10c4000e40f77d,8.5570625,,,,,,source_recording_unknown,KSC2_Test_component_recording,16000,wav,,,2026-08-12T20:47:13+05:00
fresh_suite_v1_kazakhtts_tacotron2_pwg:3b1b1bafddce9b50f827,processed/8f/8f5d65a6808c20cd000c6c7e94a4bd93a038a9d337c408d7dbca259607e6193e.wav,69d4572fff14130fe0bcdf23a98c1aa5859fccb57f6f49528d167739cf199ce0,test,spoof,mixed,true,fresh_suite_v1_kazakhtts_tacotron2_pwg:fixed-profile:issai_kazakhtts2_male2_tacotron2_pwg:ISSAI_KazakhTTS2_M2,fresh_suite_v1_kazakhtts_tacotron2_pwg,FLEURS/KSC2 CC-BY-4.0; ISSAI Kazakh_TTS model CC-BY-4.0; ESPnet Apache-2.0; ParallelWaveGAN MIT,Offline text-only derivative of ksc2_v1 text ksc2_v1:transcript:b8625a8f3aee5e736ce40f17e428a6ddebb55b1e350c8fed6c10c4000e40f77d; Kazakh_TTS repository and published pretrained model artifacts CC-BY-4.0; ESPnet Apache-2.0; ParallelWaveGAN MIT; fixed published voice; no reference audio or voice cloning; language provenance is intended input text until full acoustic review; normalizer=stage_c_kazakhtts_text_v1,fresh_suite_v1_kazakhtts_tacotron2_pwg:synthetic-profile:issai_kazakhtts2_male2_tacotron2_pwg:ISSAI_KazakhTTS2_M2,ksc2_v1:transcript:b8625a8f3aee5e736ce40f17e428a6ddebb55b1e350c8fed6c10c4000e40f77d,b8625a8f3aee5e736ce40f17e428a6ddebb55b1e350c8fed6c10c4000e40f77d,5.131625,tacotron2_parallelwavegan_fixed_voice_tts,ISSAI KazakhTTS2 Male2 Tacotron2 + ParallelWaveGAN,source-fc906048ff5914a3528d1ae4ed6f7ccd94d71383; acoustic-deb9cb49703b012d8f1406d15f4fa182b39ecb320bc4e2be5a557ac58766ea75; vocoder-fb415182fdf84dbe6a0bbca72e5ed9ed39009b622cf39e20ba630cb830594329,issai_kazakhtts2_male2_tacotron2_pwg:ISSAI_KazakhTTS2_M2,not_applicable:fixed_pretrained_tts_no_reference_audio,cuda,offline_text_only_tacotron2_parallelwavegan_tts,22050,wav,language_provenance=intended_input_text_only;text_normalizer=stage_c_kazakhtts_text_v1;synthesis_text_sha256=b8625a8f3aee5e736ce40f17e428a6ddebb55b1e350c8fed6c10c4000e40f77d,,2026-08-12T21:18:24+05:00
ksc2_v1:Test/podcasts/09_03_366,processed/ff/ff4f48cd4a5e3a8455e5eab2cde7fe0d41bb33e4afe9b03c6b24ac72cf8b1475.wav,6c4beb11b8ce541eee9d49f6a9a0e25b53fe022d3ed9199fe15448a4de5a5f3e,test,bonafide,mixed,true,ksc2_v1:recording:ksc2_v1:Test/podcasts/09_03_366,ksc2_v1,CC-BY-4.0,KSC2 CC-BY-4.0 source recording; explicit single-AI transcript-review evidence; archive=43d1ee6725d737a438125a13997a0abde4159de84ef17d1706fe7921e8632cbe; source_lock=5a632c689b2dff0d3e23d4352da4031349c51adb497d720a48ea96430e89231d; method=single_ai_transcript_semantic_review_v2_delta; reviewer=codex_language_review_v2,ksc2_v1:unknown,ksc2_v1:transcript:b91d7c585b4326a4df5a5a3ba0c322aa023fa5fd89d16303435fda771c25364f,b91d7c585b4326a4df5a5a3ba0c322aa023fa5fd89d16303435fda771c25364f,3.437625,,,,,,source_recording_unknown,KSC2_Test_component_recording,16000,wav,,,2026-08-12T20:47:13+05:00
fresh_suite_v1_kazakhtts_tacotron2_pwg:151f7563801e94e7fd31,processed/ff/ffa5a101af545b7df9464ad2e93acb2abc863b5df7f6d8901054c54e3bb47bde.wav,ad6fc4db9ee418ca491100109166613d6eb2c79136de2a116764e267ccb32281,test,spoof,mixed,true,fresh_suite_v1_kazakhtts_tacotron2_pwg:fixed-profile:issai_kazakhtts2_male2_tacotron2_pwg:ISSAI_KazakhTTS2_M2,fresh_suite_v1_kazakhtts_tacotron2_pwg,FLEURS/KSC2 CC-BY-4.0; ISSAI Kazakh_TTS model CC-BY-4.0; ESPnet Apache-2.0; ParallelWaveGAN MIT,Offline text-only derivative of ksc2_v1 text ksc2_v1:transcript:b91d7c585b4326a4df5a5a3ba0c322aa023fa5fd89d16303435fda771c25364f; Kazakh_TTS repository and published pretrained model artifacts CC-BY-4.0; ESPnet Apache-2.0; ParallelWaveGAN MIT; fixed published voice; no reference audio or voice cloning; language provenance is intended input text until full acoustic review; normalizer=stage_c_kazakhtts_text_v1,fresh_suite_v1_kazakhtts_tacotron2_pwg:synthetic-profile:issai_kazakhtts2_male2_tacotron2_pwg:ISSAI_KazakhTTS2_M2,ksc2_v1:transcript:b91d7c585b4326a4df5a5a3ba0c322aa023fa5fd89d16303435fda771c25364f,b91d7c585b4326a4df5a5a3ba0c322aa023fa5fd89d16303435fda771c25364f,2.55425,tacotron2_parallelwavegan_fixed_voice_tts,ISSAI KazakhTTS2 Male2 Tacotron2 + ParallelWaveGAN,source-fc906048ff5914a3528d1ae4ed6f7ccd94d71383; acoustic-deb9cb49703b012d8f1406d15f4fa182b39ecb320bc4e2be5a557ac58766ea75; vocoder-fb415182fdf84dbe6a0bbca72e5ed9ed39009b622cf39e20ba630cb830594329,issai_kazakhtts2_male2_tacotron2_pwg:ISSAI_KazakhTTS2_M2,not_applicable:fixed_pretrained_tts_no_reference_audio,cuda,offline_text_only_tacotron2_parallelwavegan_tts,22050,wav,language_provenance=intended_input_text_only;text_normalizer=stage_c_kazakhtts_text_v1;synthesis_text_sha256=b91d7c585b4326a4df5a5a3ba0c322aa023fa5fd89d16303435fda771c25364f,,2026-08-12T21:18:24+05:00
ksc2_v1:Test/radio/01_05_272,processed/97/978048995b141da2fdc14200af2832fe19be71314de35f01af01383c38364746.wav,19ff72faa58df2631f4ea4d38b0ad68b37320fa79aabb13b7df17e3d851c0d4e,test,bonafide,mixed,true,ksc2_v1:recording:ksc2_v1:Test/radio/01_05_272,ksc2_v1,CC-BY-4.0,KSC2 CC-BY-4.0 source recording; explicit single-AI transcript-review evidence; archive=43d1ee6725d737a438125a13997a0abde4159de84ef17d1706fe7921e8632cbe; source_lock=5a632c689b2dff0d3e23d4352da4031349c51adb497d720a48ea96430e89231d; method=single_ai_transcript_semantic_review_v2_delta; reviewer=codex_language_review_v2,ksc2_v1:unknown,ksc2_v1:transcript:baea597399fae12c315ed842624adac46c98b245f968e9ee76a9659cd9b81584,baea597399fae12c315ed842624adac46c98b245f968e9ee76a9659cd9b81584,6.8330625,,,,,,source_recording_unknown,KSC2_Test_component_recording,16000,wav,,,2026-08-12T20:47:13+05:00
fresh_suite_v1_kazakhtts_tacotron2_pwg:0fcff36cb125ce966c2b,processed/db/db6ca9b1f91cd98f40738790cbbe66248a0c9a2112e66c723fe8568c56968737.wav,ce06587df5ffb131b8293583506cf9fa1952ec7543ea0c4b503ec48ad7df91e0,test,spoof,mixed,true,fresh_suite_v1_kazakhtts_tacotron2_pwg:fixed-profile:issai_kazakhtts2_male2_tacotron2_pwg:ISSAI_KazakhTTS2_M2,fresh_suite_v1_kazakhtts_tacotron2_pwg,FLEURS/KSC2 CC-BY-4.0; ISSAI Kazakh_TTS model CC-BY-4.0; ESPnet Apache-2.0; ParallelWaveGAN MIT,Offline text-only derivative of ksc2_v1 text ksc2_v1:transcript:baea597399fae12c315ed842624adac46c98b245f968e9ee76a9659cd9b81584; Kazakh_TTS repository and published pretrained model artifacts CC-BY-4.0; ESPnet Apache-2.0; ParallelWaveGAN MIT; fixed published voice; no reference audio or voice cloning; language provenance is intended input text until full acoustic review; normalizer=stage_c_kazakhtts_text_v1,fresh_suite_v1_kazakhtts_tacotron2_pwg:synthetic-profile:issai_kazakhtts2_male2_tacotron2_pwg:ISSAI_KazakhTTS2_M2,ksc2_v1:transcript:baea597399fae12c315ed842624adac46c98b245f968e9ee76a9659cd9b81584,baea597399fae12c315ed842624adac46c98b245f968e9ee76a9659cd9b81584,7.349125,tacotron2_parallelwavegan_fixed_voice_tts,ISSAI KazakhTTS2 Male2 Tacotron2 + ParallelWaveGAN,source-fc906048ff5914a3528d1ae4ed6f7ccd94d71383; acoustic-deb9cb49703b012d8f1406d15f4fa182b39ecb320bc4e2be5a557ac58766ea75; vocoder-fb415182fdf84dbe6a0bbca72e5ed9ed39009b622cf39e20ba630cb830594329,issai_kazakhtts2_male2_tacotron2_pwg:ISSAI_KazakhTTS2_M2,not_applicable:fixed_pretrained_tts_no_reference_audio,cuda,offline_text_only_tacotron2_parallelwavegan_tts,22050,wav,language_provenance=intended_input_text_only;text_normalizer=stage_c_kazakhtts_text_v1;synthesis_text_sha256=baea597399fae12c315ed842624adac46c98b245f968e9ee76a9659cd9b81584,,2026-08-12T21:18:24+05:00
ksc2_v1:Test/podcasts/09_03_418,processed/92/92b1be7bb813bcd5984f807a919ee24d9b5a57b7832dd32bc03be1ee9da75a64.wav,d24062e8e7ee7d944bac3ea84c727277d2c7b3a30850d25367ed941ed67c68ca,test,bonafide,mixed,true,ksc2_v1:recording:ksc2_v1:Test/podcasts/09_03_418,ksc2_v1,CC-BY-4.0,KSC2 CC-BY-4.0 source recording; explicit single-AI transcript-review evidence; archive=43d1ee6725d737a438125a13997a0abde4159de84ef17d1706fe7921e8632cbe; source_lock=5a632c689b2dff0d3e23d4352da4031349c51adb497d720a48ea96430e89231d; method=single_ai_transcript_semantic_review_v2_delta; reviewer=codex_language_review_v2,ksc2_v1:unknown,ksc2_v1:transcript:c02809792a1ee6ead496d88a9396fc5aff7e3b9279bbfb00b8ba1324bd34f770,c02809792a1ee6ead496d88a9396fc5aff7e3b9279bbfb00b8ba1324bd34f770,9.9885625,,,,,,source_recording_unknown,KSC2_Test_component_recording,16000,wav,,,2026-08-12T20:47:13+05:00
fresh_suite_v1_kazakhtts_tacotron2_pwg:4d7a402bbbd13832a2b0,processed/e4/e49f8034e031dc27e2a53d5a0c0312cec9c8681633e4b094a2c673d82ac726dd.wav,98b80f71c35521a5456af5fe8453fa29a11c20e59285183731af3c685d2a5533,test,spoof,mixed,true,fresh_suite_v1_kazakhtts_tacotron2_pwg:fixed-profile:issai_kazakhtts2_male2_tacotron2_pwg:ISSAI_KazakhTTS2_M2,fresh_suite_v1_kazakhtts_tacotron2_pwg,FLEURS/KSC2 CC-BY-4.0; ISSAI Kazakh_TTS model CC-BY-4.0; ESPnet Apache-2.0; ParallelWaveGAN MIT,Offline text-only derivative of ksc2_v1 text ksc2_v1:transcript:c02809792a1ee6ead496d88a9396fc5aff7e3b9279bbfb00b8ba1324bd34f770; Kazakh_TTS repository and published pretrained model artifacts CC-BY-4.0; ESPnet Apache-2.0; ParallelWaveGAN MIT; fixed published voice; no reference audio or voice cloning; language provenance is intended input text until full acoustic review; normalizer=stage_c_kazakhtts_text_v1,fresh_suite_v1_kazakhtts_tacotron2_pwg:synthetic-profile:issai_kazakhtts2_male2_tacotron2_pwg:ISSAI_KazakhTTS2_M2,ksc2_v1:transcript:c02809792a1ee6ead496d88a9396fc5aff7e3b9279bbfb00b8ba1324bd34f770,c02809792a1ee6ead496d88a9396fc5aff7e3b9279bbfb00b8ba1324bd34f770,8.6494375,tacotron2_parallelwavegan_fixed_voice_tts,ISSAI KazakhTTS2 Male2 Tacotron2 + ParallelWaveGAN,source-fc906048ff5914a3528d1ae4ed6f7ccd94d71383; acoustic-deb9cb49703b012d8f1406d15f4fa182b39ecb320bc4e2be5a557ac58766ea75; vocoder-fb415182fdf84dbe6a0bbca72e5ed9ed39009b622cf39e20ba630cb830594329,issai_kazakhtts2_male2_tacotron2_pwg:ISSAI_KazakhTTS2_M2,not_applicable:fixed_pretrained_tts_no_reference_audio,cuda,offline_text_only_tacotron2_parallelwavegan_tts,22050,wav,language_provenance=intended_input_text_only;text_normalizer=stage_c_kazakhtts_text_v1;synthesis_text_sha256=c02809792a1ee6ead496d88a9396fc5aff7e3b9279bbfb00b8ba1324bd34f770,,2026-08-12T21:18:24+05:00
ksc2_v1:Test/podcasts/09_03_419,processed/d5/d57e26d8fa808fb5982ba2f72b637be5abe5bb3c63004c3e6e0f7d688cc08121.wav,c5ed4ff19b21f7093fe48b2dd02d35c2454f1eb93eafb627250146d38d98ed68,test,bonafide,mixed,true,ksc2_v1:recording:ksc2_v1:Test/podcasts/09_03_419,ksc2_v1,CC-BY-4.0,KSC2 CC-BY-4.0 source recording; explicit single-AI transcript-review evidence; archive=43d1ee6725d737a438125a13997a0abde4159de84ef17d1706fe7921e8632cbe; source_lock=5a632c689b2dff0d3e23d4352da4031349c51adb497d720a48ea96430e89231d; method=single_ai_transcript_semantic_review_v2_delta; reviewer=codex_language_review_v2,ksc2_v1:unknown,ksc2_v1:transcript:d07c24026e7e3d9e37e1db95025c42b7064112fe4cb9a22f6de1da5a6ba77e4e,d07c24026e7e3d9e37e1db95025c42b7064112fe4cb9a22f6de1da5a6ba77e4e,6.3703125,,,,,,source_recording_unknown,KSC2_Test_component_recording,16000,wav,,,2026-08-12T20:47:13+05:00
fresh_suite_v1_kazakhtts_tacotron2_pwg:0e73272e341cd9b5d5dd,processed/e5/e58132248fd96b58a7b69d6bbe3a27d7f0606acb6f767bbcf4ffa9f36a653652.wav,65e37ba7d1c1926b09a7998f54300f56ad2715439f4d094a0033191f3f135c14,test,spoof,mixed,true,fresh_suite_v1_kazakhtts_tacotron2_pwg:fixed-profile:issai_kazakhtts2_male2_tacotron2_pwg:ISSAI_KazakhTTS2_M2,fresh_suite_v1_kazakhtts_tacotron2_pwg,FLEURS/KSC2 CC-BY-4.0; ISSAI Kazakh_TTS model CC-BY-4.0; ESPnet Apache-2.0; ParallelWaveGAN MIT,Offline text-only derivative of ksc2_v1 text ksc2_v1:transcript:d07c24026e7e3d9e37e1db95025c42b7064112fe4cb9a22f6de1da5a6ba77e4e; Kazakh_TTS repository and published pretrained model artifacts CC-BY-4.0; ESPnet Apache-2.0; ParallelWaveGAN MIT; fixed published voice; no reference audio or voice cloning; language provenance is intended input text until full acoustic review; normalizer=stage_c_kazakhtts_text_v1,fresh_suite_v1_kazakhtts_tacotron2_pwg:synthetic-profile:issai_kazakhtts2_male2_tacotron2_pwg:ISSAI_KazakhTTS2_M2,ksc2_v1:transcript:d07c24026e7e3d9e37e1db95025c42b7064112fe4cb9a22f6de1da5a6ba77e4e,d07c24026e7e3d9e37e1db95025c42b7064112fe4cb9a22f6de1da5a6ba77e4e,6.5480625,tacotron2_parallelwavegan_fixed_voice_tts,ISSAI KazakhTTS2 Male2 Tacotron2 + ParallelWaveGAN,source-fc906048ff5914a3528d1ae4ed6f7ccd94d71383; acoustic-deb9cb49703b012d8f1406d15f4fa182b39ecb320bc4e2be5a557ac58766ea75; vocoder-fb415182fdf84dbe6a0bbca72e5ed9ed39009b622cf39e20ba630cb830594329,issai_kazakhtts2_male2_tacotron2_pwg:ISSAI_KazakhTTS2_M2,not_applicable:fixed_pretrained_tts_no_reference_audio,cuda,offline_text_only_tacotron2_parallelwavegan_tts,22050,wav,language_provenance=intended_input_text_only;text_normalizer=stage_c_kazakhtts_text_v1;synthesis_text_sha256=d07c24026e7e3d9e37e1db95025c42b7064112fe4cb9a22f6de1da5a6ba77e4e,,2026-08-12T21:18:24+05:00
ksc2_v1:Test/radio/01_05_013,processed/34/34ec922410db6d85b6151fe39d1d063ff702882980864470298be159084d2cc1.wav,ccd3bb9f26e17878c3c2085675284990d28e347338fef83facec065e3a1e8277,test,bonafide,mixed,true,ksc2_v1:recording:ksc2_v1:Test/radio/01_05_013,ksc2_v1,CC-BY-4.0,KSC2 CC-BY-4.0 source recording; explicit single-AI transcript-review evidence; archive=43d1ee6725d737a438125a13997a0abde4159de84ef17d1706fe7921e8632cbe; source_lock=5a632c689b2dff0d3e23d4352da4031349c51adb497d720a48ea96430e89231d; method=single_ai_transcript_semantic_review_v2_delta; reviewer=codex_language_review_v2,ksc2_v1:unknown,ksc2_v1:transcript:d701d0d6ed89bf4d9adc756a61ae7ccaed56a3d6c6425589b2638477b93525ca,d701d0d6ed89bf4d9adc756a61ae7ccaed56a3d6c6425589b2638477b93525ca,7.159,,,,,,source_recording_unknown,KSC2_Test_component_recording,16000,wav,,,2026-08-12T20:47:13+05:00
fresh_suite_v1_kazakhtts_tacotron2_pwg:1c4a121f39b22357cf65,processed/30/30c19b36c329722f241febddaf4d070c9fe14b56301092c59855f18f08228df5.wav,3da4907566ff41891535c19aec0722c07363cb3ec62602b936f8e44ea1144865,test,spoof,mixed,true,fresh_suite_v1_kazakhtts_tacotron2_pwg:fixed-profile:issai_kazakhtts2_male2_tacotron2_pwg:ISSAI_KazakhTTS2_M2,fresh_suite_v1_kazakhtts_tacotron2_pwg,FLEURS/KSC2 CC-BY-4.0; ISSAI Kazakh_TTS model CC-BY-4.0; ESPnet Apache-2.0; ParallelWaveGAN MIT,Offline text-only derivative of ksc2_v1 text ksc2_v1:transcript:d701d0d6ed89bf4d9adc756a61ae7ccaed56a3d6c6425589b2638477b93525ca; Kazakh_TTS repository and published pretrained model artifacts CC-BY-4.0; ESPnet Apache-2.0; ParallelWaveGAN MIT; fixed published voice; no reference audio or voice cloning; language provenance is intended input text until full acoustic review; normalizer=stage_c_kazakhtts_text_v1,fresh_suite_v1_kazakhtts_tacotron2_pwg:synthetic-profile:issai_kazakhtts2_male2_tacotron2_pwg:ISSAI_KazakhTTS2_M2,ksc2_v1:transcript:d701d0d6ed89bf4d9adc756a61ae7ccaed56a3d6c6425589b2638477b93525ca,d701d0d6ed89bf4d9adc756a61ae7ccaed56a3d6c6425589b2638477b93525ca,8.41725,tacotron2_parallelwavegan_fixed_voice_tts,ISSAI KazakhTTS2 Male2 Tacotron2 + ParallelWaveGAN,source-fc906048ff5914a3528d1ae4ed6f7ccd94d71383; acoustic-deb9cb49703b012d8f1406d15f4fa182b39ecb320bc4e2be5a557ac58766ea75; vocoder-fb415182fdf84dbe6a0bbca72e5ed9ed39009b622cf39e20ba630cb830594329,issai_kazakhtts2_male2_tacotron2_pwg:ISSAI_KazakhTTS2_M2,not_applicable:fixed_pretrained_tts_no_reference_audio,cuda,offline_text_only_tacotron2_parallelwavegan_tts,22050,wav,language_provenance=intended_input_text_only;text_normalizer=stage_c_kazakhtts_text_v1;synthesis_text_sha256=d701d0d6ed89bf4d9adc756a61ae7ccaed56a3d6c6425589b2638477b93525ca,,2026-08-12T21:18:24+05:00
ksc2_v1:Test/radio/01_04_117,processed/71/7163cb10822392908b083c0c9f37051500ecf4e6b69f79b0d39eff18b7a39429.wav,2e2b7ac945a60dd14de0dc72e8dd247209076fb31f60a6ee88297abf6a325465,test,bonafide,mixed,true,ksc2_v1:recording:ksc2_v1:Test/radio/01_04_117,ksc2_v1,CC-BY-4.0,KSC2 CC-BY-4.0 source recording; explicit single-AI transcript-review evidence; archive=43d1ee6725d737a438125a13997a0abde4159de84ef17d1706fe7921e8632cbe; source_lock=5a632c689b2dff0d3e23d4352da4031349c51adb497d720a48ea96430e89231d; method=single_ai_transcript_semantic_review_v2_delta; reviewer=codex_language_review_v2,ksc2_v1:unknown,ksc2_v1:transcript:dc7efcdcec77a27e42dacfbf56e652c7100eaa567dfecab6478ad982ce0c1e1c,dc7efcdcec77a27e42dacfbf56e652c7100eaa567dfecab6478ad982ce0c1e1c,4.7776875,,,,,,source_recording_unknown,KSC2_Test_component_recording,16000,wav,,,2026-08-12T20:47:13+05:00
fresh_suite_v1_kazakhtts_tacotron2_pwg:18626faae957ffe503d0,processed/d5/d59266c181a11e324f3bb065d9c66625d770f5f656f79a75c9c6a894c4b677ab.wav,a1b68b8a759f7be193a3c6ee97d90d46fd9947d254bab9bbb40c9112f52affaa,test,spoof,mixed,true,fresh_suite_v1_kazakhtts_tacotron2_pwg:fixed-profile:issai_kazakhtts2_male2_tacotron2_pwg:ISSAI_KazakhTTS2_M2,fresh_suite_v1_kazakhtts_tacotron2_pwg,FLEURS/KSC2 CC-BY-4.0; ISSAI Kazakh_TTS model CC-BY-4.0; ESPnet Apache-2.0; ParallelWaveGAN MIT,Offline text-only derivative of ksc2_v1 text ksc2_v1:transcript:dc7efcdcec77a27e42dacfbf56e652c7100eaa567dfecab6478ad982ce0c1e1c; Kazakh_TTS repository and published pretrained model artifacts CC-BY-4.0; ESPnet Apache-2.0; ParallelWaveGAN MIT; fixed published voice; no reference audio or voice cloning; language provenance is intended input text until full acoustic review; normalizer=stage_c_kazakhtts_text_v1,fresh_suite_v1_kazakhtts_tacotron2_pwg:synthetic-profile:issai_kazakhtts2_male2_tacotron2_pwg:ISSAI_KazakhTTS2_M2,ksc2_v1:transcript:dc7efcdcec77a27e42dacfbf56e652c7100eaa567dfecab6478ad982ce0c1e1c,dc7efcdcec77a27e42dacfbf56e652c7100eaa567dfecab6478ad982ce0c1e1c,6.501625,tacotron2_parallelwavegan_fixed_voice_tts,ISSAI KazakhTTS2 Male2 Tacotron2 + ParallelWaveGAN,source-fc906048ff5914a3528d1ae4ed6f7ccd94d71383; acoustic-deb9cb49703b012d8f1406d15f4fa182b39ecb320bc4e2be5a557ac58766ea75; vocoder-fb415182fdf84dbe6a0bbca72e5ed9ed39009b622cf39e20ba630cb830594329,issai_kazakhtts2_male2_tacotron2_pwg:ISSAI_KazakhTTS2_M2,not_applicable:fixed_pretrained_tts_no_reference_audio,cuda,offline_text_only_tacotron2_parallelwavegan_tts,22050,wav,language_provenance=intended_input_text_only;text_normalizer=stage_c_kazakhtts_text_v1;synthesis_text_sha256=dc7efcdcec77a27e42dacfbf56e652c7100eaa567dfecab6478ad982ce0c1e1c,,2026-08-12T21:18:24+05:00
ksc2_v1:Test/podcasts/09_01_243,processed/1e/1ec2e072d6109b623728e80520728c99e866740492b5a31ab9c4a029060076d0.wav,1e1e13658b39fce0c8ba65751f36d9c703337f2bdbe0e3d91462eb53cef7fde5,test,bonafide,mixed,true,ksc2_v1:recording:ksc2_v1:Test/podcasts/09_01_243,ksc2_v1,CC-BY-4.0,KSC2 CC-BY-4.0 source recording; explicit single-AI transcript-review evidence; archive=43d1ee6725d737a438125a13997a0abde4159de84ef17d1706fe7921e8632cbe; source_lock=5a632c689b2dff0d3e23d4352da4031349c51adb497d720a48ea96430e89231d; method=single_ai_transcript_semantic_review_v2_delta; reviewer=codex_language_review_v2,ksc2_v1:unknown,ksc2_v1:transcript:dd9222b9b51835b3e16242ad3199cde4c262c5b22238be3c071dafba0fcfa50b,dd9222b9b51835b3e16242ad3199cde4c262c5b22238be3c071dafba0fcfa50b,4.277375,,,,,,source_recording_unknown,KSC2_Test_component_recording,16000,wav,,,2026-08-12T20:47:13+05:00
fresh_suite_v1_kazakhtts_tacotron2_pwg:971bd62f729332381438,processed/45/4501f0c784e69fce1623c472331cc986376f63652cdc5fc8b3badfab79e8a8f8.wav,c1f123fbd7dcd07fc61068779480e49713a34dc87367f6e100a75d90c3629bd7,test,spoof,mixed,true,fresh_suite_v1_kazakhtts_tacotron2_pwg:fixed-profile:issai_kazakhtts2_male2_tacotron2_pwg:ISSAI_KazakhTTS2_M2,fresh_suite_v1_kazakhtts_tacotron2_pwg,FLEURS/KSC2 CC-BY-4.0; ISSAI Kazakh_TTS model CC-BY-4.0; ESPnet Apache-2.0; ParallelWaveGAN MIT,Offline text-only derivative of ksc2_v1 text ksc2_v1:transcript:dd9222b9b51835b3e16242ad3199cde4c262c5b22238be3c071dafba0fcfa50b; Kazakh_TTS repository and published pretrained model artifacts CC-BY-4.0; ESPnet Apache-2.0; ParallelWaveGAN MIT; fixed published voice; no reference audio or voice cloning; language provenance is intended input text until full acoustic review; normalizer=stage_c_kazakhtts_text_v1,fresh_suite_v1_kazakhtts_tacotron2_pwg:synthetic-profile:issai_kazakhtts2_male2_tacotron2_pwg:ISSAI_KazakhTTS2_M2,ksc2_v1:transcript:dd9222b9b51835b3e16242ad3199cde4c262c5b22238be3c071dafba0fcfa50b,dd9222b9b51835b3e16242ad3199cde4c262c5b22238be3c071dafba0fcfa50b,3.71525,tacotron2_parallelwavegan_fixed_voice_tts,ISSAI KazakhTTS2 Male2 Tacotron2 + ParallelWaveGAN,source-fc906048ff5914a3528d1ae4ed6f7ccd94d71383; acoustic-deb9cb49703b012d8f1406d15f4fa182b39ecb320bc4e2be5a557ac58766ea75; vocoder-fb415182fdf84dbe6a0bbca72e5ed9ed39009b622cf39e20ba630cb830594329,issai_kazakhtts2_male2_tacotron2_pwg:ISSAI_KazakhTTS2_M2,not_applicable:fixed_pretrained_tts_no_reference_audio,cuda,offline_text_only_tacotron2_parallelwavegan_tts,22050,wav,language_provenance=intended_input_text_only;text_normalizer=stage_c_kazakhtts_text_v1;synthesis_text_sha256=dd9222b9b51835b3e16242ad3199cde4c262c5b22238be3c071dafba0fcfa50b,,2026-08-12T21:18:24+05:00
ksc2_v1:Test/podcasts/09_01_048,processed/78/78f5a7da4f013be98ffd7a0fbe469c74e416c196387d6d5cabb96cf45526f8bd.wav,af0be69aeb15e7945d3235478afab52a385fe60e48d5de8489daad97ff7ccfa3,test,bonafide,mixed,true,ksc2_v1:recording:ksc2_v1:Test/podcasts/09_01_048,ksc2_v1,CC-BY-4.0,KSC2 CC-BY-4.0 source recording; explicit single-AI transcript-review evidence; archive=43d1ee6725d737a438125a13997a0abde4159de84ef17d1706fe7921e8632cbe; source_lock=5a632c689b2dff0d3e23d4352da4031349c51adb497d720a48ea96430e89231d; method=single_ai_transcript_semantic_review_v2_delta; reviewer=codex_language_review_v2,ksc2_v1:unknown,ksc2_v1:transcript:e3e8fa2b38770e97c40a7834e69dca0816c008c70620c96e9736d5ef1211310f,e3e8fa2b38770e97c40a7834e69dca0816c008c70620c96e9736d5ef1211310f,4.63125,,,,,,source_recording_unknown,KSC2_Test_component_recording,16000,wav,,,2026-08-12T20:47:13+05:00
fresh_suite_v1_kazakhtts_tacotron2_pwg:12007838e055bd369611,processed/02/025cff9dceef5dca3ec31887c85ed7a5eb1ff400511d976825ba9623c556a928.wav,a9a75428506c7807918c3d6e00796d25ac3ee017ba187b9a66b420c797c8d219,test,spoof,mixed,true,fresh_suite_v1_kazakhtts_tacotron2_pwg:fixed-profile:issai_kazakhtts2_male2_tacotron2_pwg:ISSAI_KazakhTTS2_M2,fresh_suite_v1_kazakhtts_tacotron2_pwg,FLEURS/KSC2 CC-BY-4.0; ISSAI Kazakh_TTS model CC-BY-4.0; ESPnet Apache-2.0; ParallelWaveGAN MIT,Offline text-only derivative of ksc2_v1 text ksc2_v1:transcript:e3e8fa2b38770e97c40a7834e69dca0816c008c70620c96e9736d5ef1211310f; Kazakh_TTS repository and published pretrained model artifacts CC-BY-4.0; ESPnet Apache-2.0; ParallelWaveGAN MIT; fixed published voice; no reference audio or voice cloning; language provenance is intended input text until full acoustic review; normalizer=stage_c_kazakhtts_text_v1,fresh_suite_v1_kazakhtts_tacotron2_pwg:synthetic-profile:issai_kazakhtts2_male2_tacotron2_pwg:ISSAI_KazakhTTS2_M2,ksc2_v1:transcript:e3e8fa2b38770e97c40a7834e69dca0816c008c70620c96e9736d5ef1211310f,e3e8fa2b38770e97c40a7834e69dca0816c008c70620c96e9736d5ef1211310f,4.8298125,tacotron2_parallelwavegan_fixed_voice_tts,ISSAI KazakhTTS2 Male2 Tacotron2 + ParallelWaveGAN,source-fc906048ff5914a3528d1ae4ed6f7ccd94d71383; acoustic-deb9cb49703b012d8f1406d15f4fa182b39ecb320bc4e2be5a557ac58766ea75; vocoder-fb415182fdf84dbe6a0bbca72e5ed9ed39009b622cf39e20ba630cb830594329,issai_kazakhtts2_male2_tacotron2_pwg:ISSAI_KazakhTTS2_M2,not_applicable:fixed_pretrained_tts_no_reference_audio,cuda,offline_text_only_tacotron2_parallelwavegan_tts,22050,wav,language_provenance=intended_input_text_only;text_normalizer=stage_c_kazakhtts_text_v1;synthesis_text_sha256=e3e8fa2b38770e97c40a7834e69dca0816c008c70620c96e9736d5ef1211310f,,2026-08-12T21:18:24+05:00
ksc2_v1:Test/podcasts/09_03_219,processed/f2/f2a1fe2663eeee3b25048a2df1908a02a8e84aff87cff05d47cd2bd05b7ee299.wav,289e8b4ab86749bbd7104f34c28b0f0c1d443e206d6975c08089d6ea19587bd9,test,bonafide,mixed,true,ksc2_v1:recording:ksc2_v1:Test/podcasts/09_03_219,ksc2_v1,CC-BY-4.0,KSC2 CC-BY-4.0 source recording; explicit single-AI transcript-review evidence; archive=43d1ee6725d737a438125a13997a0abde4159de84ef17d1706fe7921e8632cbe; source_lock=5a632c689b2dff0d3e23d4352da4031349c51adb497d720a48ea96430e89231d; method=single_ai_transcript_semantic_review_v2_delta; reviewer=codex_language_review_v2,ksc2_v1:unknown,ksc2_v1:transcript:ebe4c3c107504bafd4c4e03f7e29cf38b6328082a1924b72fddfa3b96c7c2b5d,ebe4c3c107504bafd4c4e03f7e29cf38b6328082a1924b72fddfa3b96c7c2b5d,4.6718125,,,,,,source_recording_unknown,KSC2_Test_component_recording,16000,wav,,,2026-08-12T20:47:13+05:00
fresh_suite_v1_kazakhtts_tacotron2_pwg:0f3b078fe5039fdd4a37,processed/22/2251c51823744375cd0b1a0075eb9451cd496fe5740fa64d6ec0f76d8ace2e19.wav,ca5acea51e3bf3a618012a68c610791643f2174d18ec8a28d5e811b1fb64069d,test,spoof,mixed,true,fresh_suite_v1_kazakhtts_tacotron2_pwg:fixed-profile:issai_kazakhtts2_male2_tacotron2_pwg:ISSAI_KazakhTTS2_M2,fresh_suite_v1_kazakhtts_tacotron2_pwg,FLEURS/KSC2 CC-BY-4.0; ISSAI Kazakh_TTS model CC-BY-4.0; ESPnet Apache-2.0; ParallelWaveGAN MIT,Offline text-only derivative of ksc2_v1 text ksc2_v1:transcript:ebe4c3c107504bafd4c4e03f7e29cf38b6328082a1924b72fddfa3b96c7c2b5d; Kazakh_TTS repository and published pretrained model artifacts CC-BY-4.0; ESPnet Apache-2.0; ParallelWaveGAN MIT; fixed published voice; no reference audio or voice cloning; language provenance is intended input text until full acoustic review; normalizer=stage_c_kazakhtts_text_v1,fresh_suite_v1_kazakhtts_tacotron2_pwg:synthetic-profile:issai_kazakhtts2_male2_tacotron2_pwg:ISSAI_KazakhTTS2_M2,ksc2_v1:transcript:ebe4c3c107504bafd4c4e03f7e29cf38b6328082a1924b72fddfa3b96c7c2b5d,ebe4c3c107504bafd4c4e03f7e29cf38b6328082a1924b72fddfa3b96c7c2b5d,7.3375625,tacotron2_parallelwavegan_fixed_voice_tts,ISSAI KazakhTTS2 Male2 Tacotron2 + ParallelWaveGAN,source-fc906048ff5914a3528d1ae4ed6f7ccd94d71383; acoustic-deb9cb49703b012d8f1406d15f4fa182b39ecb320bc4e2be5a557ac58766ea75; vocoder-fb415182fdf84dbe6a0bbca72e5ed9ed39009b622cf39e20ba630cb830594329,issai_kazakhtts2_male2_tacotron2_pwg:ISSAI_KazakhTTS2_M2,not_applicable:fixed_pretrained_tts_no_reference_audio,cuda,offline_text_only_tacotron2_parallelwavegan_tts,22050,wav,language_provenance=intended_input_text_only;text_normalizer=stage_c_kazakhtts_text_v1;synthesis_text_sha256=ebe4c3c107504bafd4c4e03f7e29cf38b6328082a1924b72fddfa3b96c7c2b5d,,2026-08-12T21:18:24+05:00
ksc2_v1:Test/talkshow/01_02_329,processed/a0/a05a84e235fb1819aafe085eeb6240d8dcff8ca7055d1fab16da65eb55b00c0a.wav,443891e0ace95dc75816ae7fa40bd4729a8a7fa7c62a160b4da4425eb3c75246,test,bonafide,mixed,true,ksc2_v1:recording:ksc2_v1:Test/talkshow/01_02_329,ksc2_v1,CC-BY-4.0,KSC2 CC-BY-4.0 source recording; explicit single-AI transcript-review evidence; archive=43d1ee6725d737a438125a13997a0abde4159de84ef17d1706fe7921e8632cbe; source_lock=5a632c689b2dff0d3e23d4352da4031349c51adb497d720a48ea96430e89231d; method=single_ai_transcript_semantic_review_v2_delta; reviewer=codex_language_review_v2,ksc2_v1:unknown,ksc2_v1:transcript:ec812683434b4b288462befb638a70fd0d53f9f5cb52cc6fffd17b820d8924b9,ec812683434b4b288462befb638a70fd0d53f9f5cb52cc6fffd17b820d8924b9,6.62875,,,,,,source_recording_unknown,KSC2_Test_component_recording,16000,wav,,,2026-08-12T20:47:13+05:00
fresh_suite_v1_kazakhtts_tacotron2_pwg:fe24fd18ea149d47d2f7,processed/82/8209d801c07a178cbd2e876c545ba3c27592bc662d5f3f1b169d877820688c8d.wav,588672d770505c09fffd73970d929a60a5b6a21e5ba023e9c43405178a741b35,test,spoof,mixed,true,fresh_suite_v1_kazakhtts_tacotron2_pwg:fixed-profile:issai_kazakhtts2_male2_tacotron2_pwg:ISSAI_KazakhTTS2_M2,fresh_suite_v1_kazakhtts_tacotron2_pwg,FLEURS/KSC2 CC-BY-4.0; ISSAI Kazakh_TTS model CC-BY-4.0; ESPnet Apache-2.0; ParallelWaveGAN MIT,Offline text-only derivative of ksc2_v1 text ksc2_v1:transcript:ec812683434b4b288462befb638a70fd0d53f9f5cb52cc6fffd17b820d8924b9; Kazakh_TTS repository and published pretrained model artifacts CC-BY-4.0; ESPnet Apache-2.0; ParallelWaveGAN MIT; fixed published voice; no reference audio or voice cloning; language provenance is intended input text until full acoustic review; normalizer=stage_c_kazakhtts_text_v1,fresh_suite_v1_kazakhtts_tacotron2_pwg:synthetic-profile:issai_kazakhtts2_male2_tacotron2_pwg:ISSAI_KazakhTTS2_M2,ksc2_v1:transcript:ec812683434b4b288462befb638a70fd0d53f9f5cb52cc6fffd17b820d8924b9,ec812683434b4b288462befb638a70fd0d53f9f5cb52cc6fffd17b820d8924b9,6.03725,tacotron2_parallelwavegan_fixed_voice_tts,ISSAI KazakhTTS2 Male2 Tacotron2 + ParallelWaveGAN,source-fc906048ff5914a3528d1ae4ed6f7ccd94d71383; acoustic-deb9cb49703b012d8f1406d15f4fa182b39ecb320bc4e2be5a557ac58766ea75; vocoder-fb415182fdf84dbe6a0bbca72e5ed9ed39009b622cf39e20ba630cb830594329,issai_kazakhtts2_male2_tacotron2_pwg:ISSAI_KazakhTTS2_M2,not_applicable:fixed_pretrained_tts_no_reference_audio,cuda,offline_text_only_tacotron2_parallelwavegan_tts,22050,wav,language_provenance=intended_input_text_only;text_normalizer=stage_c_kazakhtts_text_v1;synthesis_text_sha256=ec812683434b4b288462befb638a70fd0d53f9f5cb52cc6fffd17b820d8924b9,,2026-08-12T21:18:24+05:00
ksc2_v1:Test/podcasts/09_04_255,processed/23/23657a8f95bf46aa53a5e8fecd3df761f5a412ef9d2a3fbe6997162577954a70.wav,989d848ecf323e0554132af6ec42f87761a75e7def4d73db4031a892725248a1,test,bonafide,mixed,true,ksc2_v1:recording:ksc2_v1:Test/podcasts/09_04_255,ksc2_v1,CC-BY-4.0,KSC2 CC-BY-4.0 source recording; explicit single-AI transcript-review evidence; archive=43d1ee6725d737a438125a13997a0abde4159de84ef17d1706fe7921e8632cbe; source_lock=5a632c689b2dff0d3e23d4352da4031349c51adb497d720a48ea96430e89231d; method=single_ai_transcript_semantic_review_v2_delta; reviewer=codex_language_review_v2,ksc2_v1:unknown,ksc2_v1:transcript:ecfe941a98bd1b7c87ef5861aedcea917f83dfa6c9bebfd5a4a515f0c09fbc10,ecfe941a98bd1b7c87ef5861aedcea917f83dfa6c9bebfd5a4a515f0c09fbc10,10.17275,,,,,,source_recording_unknown,KSC2_Test_component_recording,16000,wav,,,2026-08-12T20:47:13+05:00
fresh_suite_v1_kazakhtts_tacotron2_pwg:4b29a453092f26188d9e,processed/b4/b44903c72fc078eabcc73de3463ffc146d1393c720d5a9a9df24157745e6f0c0.wav,0a79184e90e7b66794d864caddd8a95d868539c67cc50c0912af28486f97d8d3,test,spoof,mixed,true,fresh_suite_v1_kazakhtts_tacotron2_pwg:fixed-profile:issai_kazakhtts2_male2_tacotron2_pwg:ISSAI_KazakhTTS2_M2,fresh_suite_v1_kazakhtts_tacotron2_pwg,FLEURS/KSC2 CC-BY-4.0; ISSAI Kazakh_TTS model CC-BY-4.0; ESPnet Apache-2.0; ParallelWaveGAN MIT,Offline text-only derivative of ksc2_v1 text ksc2_v1:transcript:ecfe941a98bd1b7c87ef5861aedcea917f83dfa6c9bebfd5a4a515f0c09fbc10; Kazakh_TTS repository and published pretrained model artifacts CC-BY-4.0; ESPnet Apache-2.0; ParallelWaveGAN MIT; fixed published voice; no reference audio or voice cloning; language provenance is intended input text until full acoustic review; normalizer=stage_c_kazakhtts_text_v1,fresh_suite_v1_kazakhtts_tacotron2_pwg:synthetic-profile:issai_kazakhtts2_male2_tacotron2_pwg:ISSAI_KazakhTTS2_M2,ksc2_v1:transcript:ecfe941a98bd1b7c87ef5861aedcea917f83dfa6c9bebfd5a4a515f0c09fbc10,ecfe941a98bd1b7c87ef5861aedcea917f83dfa6c9bebfd5a4a515f0c09fbc10,9.589875,tacotron2_parallelwavegan_fixed_voice_tts,ISSAI KazakhTTS2 Male2 Tacotron2 + ParallelWaveGAN,source-fc906048ff5914a3528d1ae4ed6f7ccd94d71383; acoustic-deb9cb49703b012d8f1406d15f4fa182b39ecb320bc4e2be5a557ac58766ea75; vocoder-fb415182fdf84dbe6a0bbca72e5ed9ed39009b622cf39e20ba630cb830594329,issai_kazakhtts2_male2_tacotron2_pwg:ISSAI_KazakhTTS2_M2,not_applicable:fixed_pretrained_tts_no_reference_audio,cuda,offline_text_only_tacotron2_parallelwavegan_tts,22050,wav,language_provenance=intended_input_text_only;text_normalizer=stage_c_kazakhtts_text_v1;synthesis_text_sha256=ecfe941a98bd1b7c87ef5861aedcea917f83dfa6c9bebfd5a4a515f0c09fbc10,,2026-08-12T21:18:24+05:00
ksc2_v1:Test/podcasts/09_04_245,processed/07/07f73ab8ce7cc753fad1e7a84a5247cc4db78a15495afb314af5cbfd9bf5a89c.wav,185bbd5a70f4da9941574fb9ce67d78a8e75c69003c29d78982c86e4439c3879,test,bonafide,mixed,true,ksc2_v1:recording:ksc2_v1:Test/podcasts/09_04_245,ksc2_v1,CC-BY-4.0,KSC2 CC-BY-4.0 source recording; explicit single-AI transcript-review evidence; archive=43d1ee6725d737a438125a13997a0abde4159de84ef17d1706fe7921e8632cbe; source_lock=5a632c689b2dff0d3e23d4352da4031349c51adb497d720a48ea96430e89231d; method=single_ai_transcript_semantic_review_v2_delta; reviewer=codex_language_review_v2,ksc2_v1:unknown,ksc2_v1:transcript:efa0216013ef00ccbc19759904c49e2cba96fc1cbf1b93520e7610feaca84024,efa0216013ef00ccbc19759904c49e2cba96fc1cbf1b93520e7610feaca84024,12.520375,,,,,,source_recording_unknown,KSC2_Test_component_recording,16000,wav,,,2026-08-12T20:47:13+05:00
fresh_suite_v1_kazakhtts_tacotron2_pwg:f142decdb5423f42b38c,processed/b2/b24e41ab53f31fc05647501e57dbab6a097120222f308a07f40e12440c717f1c.wav,8eedb99ad2be73ab6aa0f9e7c0c3195c6471c9e31149a4860a54bdff12ef3d1a,test,spoof,mixed,true,fresh_suite_v1_kazakhtts_tacotron2_pwg:fixed-profile:issai_kazakhtts2_male2_tacotron2_pwg:ISSAI_KazakhTTS2_M2,fresh_suite_v1_kazakhtts_tacotron2_pwg,FLEURS/KSC2 CC-BY-4.0; ISSAI Kazakh_TTS model CC-BY-4.0; ESPnet Apache-2.0; ParallelWaveGAN MIT,Offline text-only derivative of ksc2_v1 text ksc2_v1:transcript:efa0216013ef00ccbc19759904c49e2cba96fc1cbf1b93520e7610feaca84024; Kazakh_TTS repository and published pretrained model artifacts CC-BY-4.0; ESPnet Apache-2.0; ParallelWaveGAN MIT; fixed published voice; no reference audio or voice cloning; language provenance is intended input text until full acoustic review; normalizer=stage_c_kazakhtts_text_v1,fresh_suite_v1_kazakhtts_tacotron2_pwg:synthetic-profile:issai_kazakhtts2_male2_tacotron2_pwg:ISSAI_KazakhTTS2_M2,ksc2_v1:transcript:efa0216013ef00ccbc19759904c49e2cba96fc1cbf1b93520e7610feaca84024,efa0216013ef00ccbc19759904c49e2cba96fc1cbf1b93520e7610feaca84024,9.5550625,tacotron2_parallelwavegan_fixed_voice_tts,ISSAI KazakhTTS2 Male2 Tacotron2 + ParallelWaveGAN,source-fc906048ff5914a3528d1ae4ed6f7ccd94d71383; acoustic-deb9cb49703b012d8f1406d15f4fa182b39ecb320bc4e2be5a557ac58766ea75; vocoder-fb415182fdf84dbe6a0bbca72e5ed9ed39009b622cf39e20ba630cb830594329,issai_kazakhtts2_male2_tacotron2_pwg:ISSAI_KazakhTTS2_M2,not_applicable:fixed_pretrained_tts_no_reference_audio,cuda,offline_text_only_tacotron2_parallelwavegan_tts,22050,wav,language_provenance=intended_input_text_only;text_normalizer=stage_c_kazakhtts_text_v1;synthesis_text_sha256=efa0216013ef00ccbc19759904c49e2cba96fc1cbf1b93520e7610feaca84024,,2026-08-12T21:18:24+05:00
ksc2_v1:Test/radio/01_05_180,processed/31/31e2426e752b8cd61571110181c5f8ecee4c0ff67ca9961d90589b1e9b2382e5.wav,403a2f9e7c45d05b413959e600b3c31c685e20b7288402ad036013aa3af25db7,test,bonafide,mixed,true,ksc2_v1:recording:ksc2_v1:Test/radio/01_05_180,ksc2_v1,CC-BY-4.0,KSC2 CC-BY-4.0 source recording; explicit single-AI transcript-review evidence; archive=43d1ee6725d737a438125a13997a0abde4159de84ef17d1706fe7921e8632cbe; source_lock=5a632c689b2dff0d3e23d4352da4031349c51adb497d720a48ea96430e89231d; method=single_ai_transcript_semantic_review_v2_delta; reviewer=codex_language_review_v2,ksc2_v1:unknown,ksc2_v1:transcript:f5aa710345f944337c612a14fd0d63ea0d9bded9337b2fea4de78f9913c529a1,f5aa710345f944337c612a14fd0d63ea0d9bded9337b2fea4de78f9913c529a1,3.3721875,,,,,,source_recording_unknown,KSC2_Test_component_recording,16000,wav,,,2026-08-12T20:47:13+05:00
fresh_suite_v1_kazakhtts_tacotron2_pwg:5eea9b14794336357773,processed/b3/b396c7001835c8beed3362c37347c6dcc35eb06ec0e23028d154508dfab9c534.wav,2ae520110d6faf89224ad8ba5ab2ac6a829ab767bb4e8a950302527759e0d62f,test,spoof,mixed,true,fresh_suite_v1_kazakhtts_tacotron2_pwg:fixed-profile:issai_kazakhtts2_male2_tacotron2_pwg:ISSAI_KazakhTTS2_M2,fresh_suite_v1_kazakhtts_tacotron2_pwg,FLEURS/KSC2 CC-BY-4.0; ISSAI Kazakh_TTS model CC-BY-4.0; ESPnet Apache-2.0; ParallelWaveGAN MIT,Offline text-only derivative of ksc2_v1 text ksc2_v1:transcript:f5aa710345f944337c612a14fd0d63ea0d9bded9337b2fea4de78f9913c529a1; Kazakh_TTS repository and published pretrained model artifacts CC-BY-4.0; ESPnet Apache-2.0; ParallelWaveGAN MIT; fixed published voice; no reference audio or voice cloning; language provenance is intended input text until full acoustic review; normalizer=stage_c_kazakhtts_text_v1,fresh_suite_v1_kazakhtts_tacotron2_pwg:synthetic-profile:issai_kazakhtts2_male2_tacotron2_pwg:ISSAI_KazakhTTS2_M2,ksc2_v1:transcript:f5aa710345f944337c612a14fd0d63ea0d9bded9337b2fea4de78f9913c529a1,f5aa710345f944337c612a14fd0d63ea0d9bded9337b2fea4de78f9913c529a1,3.0766875,tacotron2_parallelwavegan_fixed_voice_tts,ISSAI KazakhTTS2 Male2 Tacotron2 + ParallelWaveGAN,source-fc906048ff5914a3528d1ae4ed6f7ccd94d71383; acoustic-deb9cb49703b012d8f1406d15f4fa182b39ecb320bc4e2be5a557ac58766ea75; vocoder-fb415182fdf84dbe6a0bbca72e5ed9ed39009b622cf39e20ba630cb830594329,issai_kazakhtts2_male2_tacotron2_pwg:ISSAI_KazakhTTS2_M2,not_applicable:fixed_pretrained_tts_no_reference_audio,cuda,offline_text_only_tacotron2_parallelwavegan_tts,22050,wav,language_provenance=intended_input_text_only;text_normalizer=stage_c_kazakhtts_text_v1;synthesis_text_sha256=f5aa710345f944337c612a14fd0d63ea0d9bded9337b2fea4de78f9913c529a1,,2026-08-12T21:18:24+05:00
ksc2_v1:Test/podcasts/09_04_125,processed/4d/4dbb5ca6fac5857999c18b4c3a2fdb9f8a79e42239aba5e008e2a4b885dc1971.wav,0c66be76ffe377e875533fe11dc86b8ade3525d2738ba673a78c680455523aaa,test,bonafide,mixed,true,ksc2_v1:recording:ksc2_v1:Test/podcasts/09_04_125,ksc2_v1,CC-BY-4.0,KSC2 CC-BY-4.0 source recording; explicit single-AI transcript-review evidence; archive=43d1ee6725d737a438125a13997a0abde4159de84ef17d1706fe7921e8632cbe; source_lock=5a632c689b2dff0d3e23d4352da4031349c51adb497d720a48ea96430e89231d; method=single_ai_transcript_semantic_review_v2_delta; reviewer=codex_language_review_v2,ksc2_v1:unknown,ksc2_v1:transcript:f97655aef866876beefd8224750a84336ae20210e70b1aae85e09f87b2025c0f,f97655aef866876beefd8224750a84336ae20210e70b1aae85e09f87b2025c0f,10.509375,,,,,,source_recording_unknown,KSC2_Test_component_recording,16000,wav,,,2026-08-12T20:47:13+05:00
fresh_suite_v1_kazakhtts_tacotron2_pwg:9430feb9eeefc60d3524,processed/74/74325b56c137358ac8b9f03d790904832fbeae20ef3a9bce49a12c5229c4e2e8.wav,618fb0e319282bb5fea79eaae469ddc34ca260a5ee4478277f17cf860e62be82,test,spoof,mixed,true,fresh_suite_v1_kazakhtts_tacotron2_pwg:fixed-profile:issai_kazakhtts2_male2_tacotron2_pwg:ISSAI_KazakhTTS2_M2,fresh_suite_v1_kazakhtts_tacotron2_pwg,FLEURS/KSC2 CC-BY-4.0; ISSAI Kazakh_TTS model CC-BY-4.0; ESPnet Apache-2.0; ParallelWaveGAN MIT,Offline text-only derivative of ksc2_v1 text ksc2_v1:transcript:f97655aef866876beefd8224750a84336ae20210e70b1aae85e09f87b2025c0f; Kazakh_TTS repository and published pretrained model artifacts CC-BY-4.0; ESPnet Apache-2.0; ParallelWaveGAN MIT; fixed published voice; no reference audio or voice cloning; language provenance is intended input text until full acoustic review; normalizer=stage_c_kazakhtts_text_v1,fresh_suite_v1_kazakhtts_tacotron2_pwg:synthetic-profile:issai_kazakhtts2_male2_tacotron2_pwg:ISSAI_KazakhTTS2_M2,ksc2_v1:transcript:f97655aef866876beefd8224750a84336ae20210e70b1aae85e09f87b2025c0f,f97655aef866876beefd8224750a84336ae20210e70b1aae85e09f87b2025c0f,8.2895625,tacotron2_parallelwavegan_fixed_voice_tts,ISSAI KazakhTTS2 Male2 Tacotron2 + ParallelWaveGAN,source-fc906048ff5914a3528d1ae4ed6f7ccd94d71383; acoustic-deb9cb49703b012d8f1406d15f4fa182b39ecb320bc4e2be5a557ac58766ea75; vocoder-fb415182fdf84dbe6a0bbca72e5ed9ed39009b622cf39e20ba630cb830594329,issai_kazakhtts2_male2_tacotron2_pwg:ISSAI_KazakhTTS2_M2,not_applicable:fixed_pretrained_tts_no_reference_audio,cuda,offline_text_only_tacotron2_parallelwavegan_tts,22050,wav,language_provenance=intended_input_text_only;text_normalizer=stage_c_kazakhtts_text_v1;synthesis_text_sha256=f97655aef866876beefd8224750a84336ae20210e70b1aae85e09f87b2025c0f,,2026-08-12T21:18:24+05:00
ksc2_v1:Test/podcasts/09_01_017,processed/b8/b850ea0c04cdbe92d58b22453cf55e272cf137e57e5cd865e79fd4f005c54b8f.wav,9a362b8e5f40277c74f3a38c14b8456d428c42ca798fec73cbc5a6a7fc883782,test,bonafide,mixed,true,ksc2_v1:recording:ksc2_v1:Test/podcasts/09_01_017,ksc2_v1,CC-BY-4.0,KSC2 CC-BY-4.0 source recording; explicit single-AI transcript-review evidence; archive=43d1ee6725d737a438125a13997a0abde4159de84ef17d1706fe7921e8632cbe; source_lock=5a632c689b2dff0d3e23d4352da4031349c51adb497d720a48ea96430e89231d; method=single_ai_transcript_semantic_review_v2_delta; reviewer=codex_language_review_v2,ksc2_v1:unknown,ksc2_v1:transcript:f983dd2b846681ea9a0aa8458f6382f87f88d20a96128ab7f27ab058a30dc99d,f983dd2b846681ea9a0aa8458f6382f87f88d20a96128ab7f27ab058a30dc99d,6.55375,,,,,,source_recording_unknown,KSC2_Test_component_recording,16000,wav,,,2026-08-12T20:47:13+05:00
fresh_suite_v1_kazakhtts_tacotron2_pwg:22b1caab56d7cfe7c15f,processed/c4/c4c4bcca908b7e79b43f1bca9e54709711c7325ad4273fcb4aef839a73c44e8d.wav,7c60040ceb4529df3049d43cc577efb902830c19c291c933a8f20f8984ff52e0,test,spoof,mixed,true,fresh_suite_v1_kazakhtts_tacotron2_pwg:fixed-profile:issai_kazakhtts2_male2_tacotron2_pwg:ISSAI_KazakhTTS2_M2,fresh_suite_v1_kazakhtts_tacotron2_pwg,FLEURS/KSC2 CC-BY-4.0; ISSAI Kazakh_TTS model CC-BY-4.0; ESPnet Apache-2.0; ParallelWaveGAN MIT,Offline text-only derivative of ksc2_v1 text ksc2_v1:transcript:f983dd2b846681ea9a0aa8458f6382f87f88d20a96128ab7f27ab058a30dc99d; Kazakh_TTS repository and published pretrained model artifacts CC-BY-4.0; ESPnet Apache-2.0; ParallelWaveGAN MIT; fixed published voice; no reference audio or voice cloning; language provenance is intended input text until full acoustic review; normalizer=stage_c_kazakhtts_text_v1,fresh_suite_v1_kazakhtts_tacotron2_pwg:synthetic-profile:issai_kazakhtts2_male2_tacotron2_pwg:ISSAI_KazakhTTS2_M2,ksc2_v1:transcript:f983dd2b846681ea9a0aa8458f6382f87f88d20a96128ab7f27ab058a30dc99d,f983dd2b846681ea9a0aa8458f6382f87f88d20a96128ab7f27ab058a30dc99d,7.1633125,tacotron2_parallelwavegan_fixed_voice_tts,ISSAI KazakhTTS2 Male2 Tacotron2 + ParallelWaveGAN,source-fc906048ff5914a3528d1ae4ed6f7ccd94d71383; acoustic-deb9cb49703b012d8f1406d15f4fa182b39ecb320bc4e2be5a557ac58766ea75; vocoder-fb415182fdf84dbe6a0bbca72e5ed9ed39009b622cf39e20ba630cb830594329,issai_kazakhtts2_male2_tacotron2_pwg:ISSAI_KazakhTTS2_M2,not_applicable:fixed_pretrained_tts_no_reference_audio,cuda,offline_text_only_tacotron2_parallelwavegan_tts,22050,wav,language_provenance=intended_input_text_only;text_normalizer=stage_c_kazakhtts_text_v1;synthesis_text_sha256=f983dd2b846681ea9a0aa8458f6382f87f88d20a96128ab7f27ab058a30dc99d,,2026-08-12T21:18:24+05:00
ksc2_v1:Test/podcasts/09_04_149,processed/00/0087804f57eb73971613d8928057ce62c94952eea030616322c95270043b151f.wav,e86245d16537a56c0d76966ae019e86604018b5f18c19425474084cc2b23469f,test,bonafide,mixed,true,ksc2_v1:recording:ksc2_v1:Test/podcasts/09_04_149,ksc2_v1,CC-BY-4.0,KSC2 CC-BY-4.0 source recording; explicit single-AI transcript-review evidence; archive=43d1ee6725d737a438125a13997a0abde4159de84ef17d1706fe7921e8632cbe; source_lock=5a632c689b2dff0d3e23d4352da4031349c51adb497d720a48ea96430e89231d; method=single_ai_transcript_semantic_review_v2_delta; reviewer=codex_language_review_v2,ksc2_v1:unknown,ksc2_v1:transcript:fc9b43d4789f8548ec0aa8603a3e3294896f9c0debf266d3eba72c8b9d7a42ea,fc9b43d4789f8548ec0aa8603a3e3294896f9c0debf266d3eba72c8b9d7a42ea,7.5026875,,,,,,source_recording_unknown,KSC2_Test_component_recording,16000,wav,,,2026-08-12T20:47:13+05:00
fresh_suite_v1_kazakhtts_tacotron2_pwg:f47310ab1bf82d41e9dc,processed/a1/a1094efb1da44598e688529b243e5bf175d3bcd53acd915f2b38373c237f2a3b.wav,968307a470ec21b37458ce01c38ce3d0cd7c940cb8018a4fe10248770b148478,test,spoof,mixed,true,fresh_suite_v1_kazakhtts_tacotron2_pwg:fixed-profile:issai_kazakhtts2_male2_tacotron2_pwg:ISSAI_KazakhTTS2_M2,fresh_suite_v1_kazakhtts_tacotron2_pwg,FLEURS/KSC2 CC-BY-4.0; ISSAI Kazakh_TTS model CC-BY-4.0; ESPnet Apache-2.0; ParallelWaveGAN MIT,Offline text-only derivative of ksc2_v1 text ksc2_v1:transcript:fc9b43d4789f8548ec0aa8603a3e3294896f9c0debf266d3eba72c8b9d7a42ea; Kazakh_TTS repository and published pretrained model artifacts CC-BY-4.0; ESPnet Apache-2.0; ParallelWaveGAN MIT; fixed published voice; no reference audio or voice cloning; language provenance is intended input text until full acoustic review; normalizer=stage_c_kazakhtts_text_v1,fresh_suite_v1_kazakhtts_tacotron2_pwg:synthetic-profile:issai_kazakhtts2_male2_tacotron2_pwg:ISSAI_KazakhTTS2_M2,ksc2_v1:transcript:fc9b43d4789f8548ec0aa8603a3e3294896f9c0debf266d3eba72c8b9d7a42ea,fc9b43d4789f8548ec0aa8603a3e3294896f9c0debf266d3eba72c8b9d7a42ea,6.8150625,tacotron2_parallelwavegan_fixed_voice_tts,ISSAI KazakhTTS2 Male2 Tacotron2 + ParallelWaveGAN,source-fc906048ff5914a3528d1ae4ed6f7ccd94d71383; acoustic-deb9cb49703b012d8f1406d15f4fa182b39ecb320bc4e2be5a557ac58766ea75; vocoder-fb415182fdf84dbe6a0bbca72e5ed9ed39009b622cf39e20ba630cb830594329,issai_kazakhtts2_male2_tacotron2_pwg:ISSAI_KazakhTTS2_M2,not_applicable:fixed_pretrained_tts_no_reference_audio,cuda,offline_text_only_tacotron2_parallelwavegan_tts,22050,wav,language_provenance=intended_input_text_only;text_normalizer=stage_c_kazakhtts_text_v1;synthesis_text_sha256=fc9b43d4789f8548ec0aa8603a3e3294896f9c0debf266d3eba72c8b9d7a42ea,,2026-08-12T21:18:24+05:00
ksc2_v1:Test/radio/01_04_116,processed/84/84ff3f0b743d243a3c2af30cc6c48fc60b0d0ab1b18761e6f2fb7ccb15e01131.wav,e2a987fb59b2e40397b2701ee44d3f1c19ab8dd5afe643a74e73cea75cc1626c,test,bonafide,mixed,true,ksc2_v1:recording:ksc2_v1:Test/radio/01_04_116,ksc2_v1,CC-BY-4.0,KSC2 CC-BY-4.0 source recording; explicit single-AI transcript-review evidence; archive=43d1ee6725d737a438125a13997a0abde4159de84ef17d1706fe7921e8632cbe; source_lock=5a632c689b2dff0d3e23d4352da4031349c51adb497d720a48ea96430e89231d; method=single_ai_transcript_semantic_review_v2_delta; reviewer=codex_language_review_v2,ksc2_v1:unknown,ksc2_v1:transcript:fd99ac9ae0db7569276fce4a9517376fff83944180a6ab8021f97a8564c5b2ee,fd99ac9ae0db7569276fce4a9517376fff83944180a6ab8021f97a8564c5b2ee,4.26,,,,,,source_recording_unknown,KSC2_Test_component_recording,16000,wav,,,2026-08-12T20:47:13+05:00
fresh_suite_v1_kazakhtts_tacotron2_pwg:3f88b00cb7121ee398ae,processed/eb/ebb875163733d7b4b6529aa2ae919b5a31751000aa523899ece49338b2810cf3.wav,243b92137b5c8667f5a1de79385a1573ae0b40880ed2b578e3671cf2667837d6,test,spoof,mixed,true,fresh_suite_v1_kazakhtts_tacotron2_pwg:fixed-profile:issai_kazakhtts2_male2_tacotron2_pwg:ISSAI_KazakhTTS2_M2,fresh_suite_v1_kazakhtts_tacotron2_pwg,FLEURS/KSC2 CC-BY-4.0; ISSAI Kazakh_TTS model CC-BY-4.0; ESPnet Apache-2.0; ParallelWaveGAN MIT,Offline text-only derivative of ksc2_v1 text ksc2_v1:transcript:fd99ac9ae0db7569276fce4a9517376fff83944180a6ab8021f97a8564c5b2ee; Kazakh_TTS repository and published pretrained model artifacts CC-BY-4.0; ESPnet Apache-2.0; ParallelWaveGAN MIT; fixed published voice; no reference audio or voice cloning; language provenance is intended input text until full acoustic review; normalizer=stage_c_kazakhtts_text_v1,fresh_suite_v1_kazakhtts_tacotron2_pwg:synthetic-profile:issai_kazakhtts2_male2_tacotron2_pwg:ISSAI_KazakhTTS2_M2,ksc2_v1:transcript:fd99ac9ae0db7569276fce4a9517376fff83944180a6ab8021f97a8564c5b2ee,fd99ac9ae0db7569276fce4a9517376fff83944180a6ab8021f97a8564c5b2ee,5.1896875,tacotron2_parallelwavegan_fixed_voice_tts,ISSAI KazakhTTS2 Male2 Tacotron2 + ParallelWaveGAN,source-fc906048ff5914a3528d1ae4ed6f7ccd94d71383; acoustic-deb9cb49703b012d8f1406d15f4fa182b39ecb320bc4e2be5a557ac58766ea75; vocoder-fb415182fdf84dbe6a0bbca72e5ed9ed39009b622cf39e20ba630cb830594329,issai_kazakhtts2_male2_tacotron2_pwg:ISSAI_KazakhTTS2_M2,not_applicable:fixed_pretrained_tts_no_reference_audio,cuda,offline_text_only_tacotron2_parallelwavegan_tts,22050,wav,language_provenance=intended_input_text_only;text_normalizer=stage_c_kazakhtts_text_v1;synthesis_text_sha256=fd99ac9ae0db7569276fce4a9517376fff83944180a6ab8021f97a8564c5b2ee,,2026-08-12T21:18:24+05:00
