sample_id,relative_path,sha256,split,label,language,code_switch,parent_group_id,source_name,source_license,rights_basis,speaker_pseudo_id,text_id,text_hash,duration_s,generator_family,generator_name,generator_version,voice_id,clone_consent_id,device,capture_route,original_sr,codec,augmentation_chain,augmentation_seed,created_at
fresh_suite_v1_kazakhtts_tacotron2_pwg:ac7cb7fbe0322e0a82a6,raw/fresh_suite_v1_kazakhtts_tacotron2_pwg/slices/stage_c_normalized_v2/5ef7843f5da9b745c8d6-a8e1ad3955e0.wav,0f54c6236d38dd31ae9e993a5009744a6b814e774211283b948854a9266b1fc9,test,spoof,kk,false,fresh_suite_v1_kazakhtts_tacotron2_pwg:fixed-profile:issai_kazakhtts2_male2_tacotron2_pwg:ISSAI_KazakhTTS2_M2,fresh_suite_v1_kazakhtts_tacotron2_pwg,FLEURS/KSC2 CC-BY-4.0; ISSAI Kazakh_TTS model CC-BY-4.0; ESPnet Apache-2.0; ParallelWaveGAN MIT,Offline text-only derivative of google_fleurs_kk_v1 text google_fleurs_kk_v1:prompt:1749; Kazakh_TTS repository and published pretrained model artifacts CC-BY-4.0; ESPnet Apache-2.0; ParallelWaveGAN MIT; fixed published voice; no reference audio or voice cloning; language provenance is intended input text until full acoustic review; normalizer=stage_c_kazakhtts_text_v1,fresh_suite_v1_kazakhtts_tacotron2_pwg:synthetic-profile:issai_kazakhtts2_male2_tacotron2_pwg:ISSAI_KazakhTTS2_M2,google_fleurs_kk_v1:prompt:1749,a8e1ad3955e0765a63c808a06c4678e0525ebc8f0ccb4df076b8b1df060158c5,11.900226757369614,tacotron2_parallelwavegan_fixed_voice_tts,ISSAI KazakhTTS2 Male2 Tacotron2 + ParallelWaveGAN,source-fc906048ff5914a3528d1ae4ed6f7ccd94d71383; acoustic-deb9cb49703b012d8f1406d15f4fa182b39ecb320bc4e2be5a557ac58766ea75; vocoder-fb415182fdf84dbe6a0bbca72e5ed9ed39009b622cf39e20ba630cb830594329,issai_kazakhtts2_male2_tacotron2_pwg:ISSAI_KazakhTTS2_M2,not_applicable:fixed_pretrained_tts_no_reference_audio,cuda,offline_text_only_tacotron2_parallelwavegan_tts,22050,wav,language_provenance=intended_input_text_only;text_normalizer=stage_c_kazakhtts_text_v1;synthesis_text_sha256=b93907bb9da38d912d2d954f55e8df94e3f135bc673d67f2fdfc28ba1489c2ed,,2026-08-12T21:18:24+05:00
fresh_suite_v1_kazakhtts_tacotron2_pwg:4cfcfbd1c5c9b20e334b,raw/fresh_suite_v1_kazakhtts_tacotron2_pwg/slices/stage_c_normalized_v2/ccc9734af7effdc4cdf7-8ff36537382e.wav,250437ad201ee1d4f2bef8689bcc51cc99290c7f3bbeba8a7f20ada3227ea8d4,test,spoof,kk,false,fresh_suite_v1_kazakhtts_tacotron2_pwg:fixed-profile:issai_kazakhtts2_male2_tacotron2_pwg:ISSAI_KazakhTTS2_M2,fresh_suite_v1_kazakhtts_tacotron2_pwg,FLEURS/KSC2 CC-BY-4.0; ISSAI Kazakh_TTS model CC-BY-4.0; ESPnet Apache-2.0; ParallelWaveGAN MIT,Offline text-only derivative of google_fleurs_kk_v1 text google_fleurs_kk_v1:prompt:1701; Kazakh_TTS repository and published pretrained model artifacts CC-BY-4.0; ESPnet Apache-2.0; ParallelWaveGAN MIT; fixed published voice; no reference audio or voice cloning; language provenance is intended input text until full acoustic review; normalizer=stage_c_kazakhtts_text_v1,fresh_suite_v1_kazakhtts_tacotron2_pwg:synthetic-profile:issai_kazakhtts2_male2_tacotron2_pwg:ISSAI_KazakhTTS2_M2,google_fleurs_kk_v1:prompt:1701,8ff36537382ec09671c7291b6cfae2ac4556581be6c1ea02b36802262dff2f4e,6.977596371882086,tacotron2_parallelwavegan_fixed_voice_tts,ISSAI KazakhTTS2 Male2 Tacotron2 + ParallelWaveGAN,source-fc906048ff5914a3528d1ae4ed6f7ccd94d71383; acoustic-deb9cb49703b012d8f1406d15f4fa182b39ecb320bc4e2be5a557ac58766ea75; vocoder-fb415182fdf84dbe6a0bbca72e5ed9ed39009b622cf39e20ba630cb830594329,issai_kazakhtts2_male2_tacotron2_pwg:ISSAI_KazakhTTS2_M2,not_applicable:fixed_pretrained_tts_no_reference_audio,cuda,offline_text_only_tacotron2_parallelwavegan_tts,22050,wav,language_provenance=intended_input_text_only;text_normalizer=stage_c_kazakhtts_text_v1;synthesis_text_sha256=52129099225d8dc5a9ababe0e7f5c35940ca7aa976d316bc049ac1839df99865,,2026-08-12T21:18:24+05:00
fresh_suite_v1_kazakhtts_tacotron2_pwg:b5ff9d326cba0d68728f,raw/fresh_suite_v1_kazakhtts_tacotron2_pwg/slices/stage_c_normalized_v2/e901566e5eafd11e64f7-2c6311fb5ebe.wav,d9d806c79263f9d9f00c20bc626f6c34fe4ae4ecf387e26be94601f0a7188e7f,test,spoof,kk,false,fresh_suite_v1_kazakhtts_tacotron2_pwg:fixed-profile:issai_kazakhtts2_male2_tacotron2_pwg:ISSAI_KazakhTTS2_M2,fresh_suite_v1_kazakhtts_tacotron2_pwg,FLEURS/KSC2 CC-BY-4.0; ISSAI Kazakh_TTS model CC-BY-4.0; ESPnet Apache-2.0; ParallelWaveGAN MIT,Offline text-only derivative of google_fleurs_kk_v1 text google_fleurs_kk_v1:prompt:1964; Kazakh_TTS repository and published pretrained model artifacts CC-BY-4.0; ESPnet Apache-2.0; ParallelWaveGAN MIT; fixed published voice; no reference audio or voice cloning; language provenance is intended input text until full acoustic review; normalizer=stage_c_kazakhtts_text_v1,fresh_suite_v1_kazakhtts_tacotron2_pwg:synthetic-profile:issai_kazakhtts2_male2_tacotron2_pwg:ISSAI_KazakhTTS2_M2,google_fleurs_kk_v1:prompt:1964,2c6311fb5ebe434622e69addc2b0fc3a95b3ffff8e3fcaae883977b7f5945f4b,8.904852607709751,tacotron2_parallelwavegan_fixed_voice_tts,ISSAI KazakhTTS2 Male2 Tacotron2 + ParallelWaveGAN,source-fc906048ff5914a3528d1ae4ed6f7ccd94d71383; acoustic-deb9cb49703b012d8f1406d15f4fa182b39ecb320bc4e2be5a557ac58766ea75; vocoder-fb415182fdf84dbe6a0bbca72e5ed9ed39009b622cf39e20ba630cb830594329,issai_kazakhtts2_male2_tacotron2_pwg:ISSAI_KazakhTTS2_M2,not_applicable:fixed_pretrained_tts_no_reference_audio,cuda,offline_text_only_tacotron2_parallelwavegan_tts,22050,wav,language_provenance=intended_input_text_only;text_normalizer=stage_c_kazakhtts_text_v1;synthesis_text_sha256=e23b2de0a8a51acabd767ec5e3d8c476cab705da905a15f6e69b63dee66f5be8,,2026-08-12T21:18:24+05:00
fresh_suite_v1_kazakhtts_tacotron2_pwg:ec6ac7585fa0a8381122,raw/fresh_suite_v1_kazakhtts_tacotron2_pwg/slices/stage_c_normalized_v2/c993c23f0766fdf5508b-1e0e5448e05c.wav,bfa2d1a755699891d8c020b494442ff111a6d0bbe5b6778d59e79e8fe36864af,test,spoof,kk,false,fresh_suite_v1_kazakhtts_tacotron2_pwg:fixed-profile:issai_kazakhtts2_male2_tacotron2_pwg:ISSAI_KazakhTTS2_M2,fresh_suite_v1_kazakhtts_tacotron2_pwg,FLEURS/KSC2 CC-BY-4.0; ISSAI Kazakh_TTS model CC-BY-4.0; ESPnet Apache-2.0; ParallelWaveGAN MIT,Offline text-only derivative of google_fleurs_kk_v1 text google_fleurs_kk_v1:prompt:1716; Kazakh_TTS repository and published pretrained model artifacts CC-BY-4.0; ESPnet Apache-2.0; ParallelWaveGAN MIT; fixed published voice; no reference audio or voice cloning; language provenance is intended input text until full acoustic review; normalizer=stage_c_kazakhtts_text_v1,fresh_suite_v1_kazakhtts_tacotron2_pwg:synthetic-profile:issai_kazakhtts2_male2_tacotron2_pwg:ISSAI_KazakhTTS2_M2,google_fleurs_kk_v1:prompt:1716,1e0e5448e05cd9a08ba5fde4b762a441a1738e872f9429ede8487f0ef5a0aad7,22.024126984126983,tacotron2_parallelwavegan_fixed_voice_tts,ISSAI KazakhTTS2 Male2 Tacotron2 + ParallelWaveGAN,source-fc906048ff5914a3528d1ae4ed6f7ccd94d71383; acoustic-deb9cb49703b012d8f1406d15f4fa182b39ecb320bc4e2be5a557ac58766ea75; vocoder-fb415182fdf84dbe6a0bbca72e5ed9ed39009b622cf39e20ba630cb830594329,issai_kazakhtts2_male2_tacotron2_pwg:ISSAI_KazakhTTS2_M2,not_applicable:fixed_pretrained_tts_no_reference_audio,cuda,offline_text_only_tacotron2_parallelwavegan_tts,22050,wav,language_provenance=intended_input_text_only;text_normalizer=stage_c_kazakhtts_text_v1;synthesis_text_sha256=c9383270061b698ff0855eac7df187b7fb2fe30be5336b71fb84e9c3e7cce3b4,,2026-08-12T21:18:24+05:00
fresh_suite_v1_kazakhtts_tacotron2_pwg:1073cc16535b8350191a,raw/fresh_suite_v1_kazakhtts_tacotron2_pwg/slices/stage_c_normalized_v2/2e551de131fbc1dd2fbd-111adb070d51.wav,574e69dcdea347c6e09d21c88430d4649ab70e19eebbb39da44c9b8429cf4c2e,test,spoof,kk,false,fresh_suite_v1_kazakhtts_tacotron2_pwg:fixed-profile:issai_kazakhtts2_male2_tacotron2_pwg:ISSAI_KazakhTTS2_M2,fresh_suite_v1_kazakhtts_tacotron2_pwg,FLEURS/KSC2 CC-BY-4.0; ISSAI Kazakh_TTS model CC-BY-4.0; ESPnet Apache-2.0; ParallelWaveGAN MIT,Offline text-only derivative of google_fleurs_kk_v1 text google_fleurs_kk_v1:prompt:1883; Kazakh_TTS repository and published pretrained model artifacts CC-BY-4.0; ESPnet Apache-2.0; ParallelWaveGAN MIT; fixed published voice; no reference audio or voice cloning; language provenance is intended input text until full acoustic review; normalizer=stage_c_kazakhtts_text_v1,fresh_suite_v1_kazakhtts_tacotron2_pwg:synthetic-profile:issai_kazakhtts2_male2_tacotron2_pwg:ISSAI_KazakhTTS2_M2,google_fleurs_kk_v1:prompt:1883,111adb070d51df292557bf35ec3f7308a924654be4e3d430ce6033910f71c6df,10.356099773242631,tacotron2_parallelwavegan_fixed_voice_tts,ISSAI KazakhTTS2 Male2 Tacotron2 + ParallelWaveGAN,source-fc906048ff5914a3528d1ae4ed6f7ccd94d71383; acoustic-deb9cb49703b012d8f1406d15f4fa182b39ecb320bc4e2be5a557ac58766ea75; vocoder-fb415182fdf84dbe6a0bbca72e5ed9ed39009b622cf39e20ba630cb830594329,issai_kazakhtts2_male2_tacotron2_pwg:ISSAI_KazakhTTS2_M2,not_applicable:fixed_pretrained_tts_no_reference_audio,cuda,offline_text_only_tacotron2_parallelwavegan_tts,22050,wav,language_provenance=intended_input_text_only;text_normalizer=stage_c_kazakhtts_text_v1;synthesis_text_sha256=b8416e635a23a43d146d5e346c0215654096e3f413982a8a32713b5772694f53,,2026-08-12T21:18:24+05:00
fresh_suite_v1_kazakhtts_tacotron2_pwg:6ac65b2f55adac97da94,raw/fresh_suite_v1_kazakhtts_tacotron2_pwg/slices/stage_c_normalized_v2/971a66729620e51c1282-67c6d533c1ba.wav,714d69c42c72a6a8c166740cab0daad57fdedcbb1ee987fb2b36008ef6f63de3,test,spoof,kk,false,fresh_suite_v1_kazakhtts_tacotron2_pwg:fixed-profile:issai_kazakhtts2_male2_tacotron2_pwg:ISSAI_KazakhTTS2_M2,fresh_suite_v1_kazakhtts_tacotron2_pwg,FLEURS/KSC2 CC-BY-4.0; ISSAI Kazakh_TTS model CC-BY-4.0; ESPnet Apache-2.0; ParallelWaveGAN MIT,Offline text-only derivative of google_fleurs_kk_v1 text google_fleurs_kk_v1:prompt:1710; Kazakh_TTS repository and published pretrained model artifacts CC-BY-4.0; ESPnet Apache-2.0; ParallelWaveGAN MIT; fixed published voice; no reference audio or voice cloning; language provenance is intended input text until full acoustic review; normalizer=stage_c_kazakhtts_text_v1,fresh_suite_v1_kazakhtts_tacotron2_pwg:synthetic-profile:issai_kazakhtts2_male2_tacotron2_pwg:ISSAI_KazakhTTS2_M2,google_fleurs_kk_v1:prompt:1710,67c6d533c1bac8c9abd8001ded9b7d426fb483604f5d4459c66ce6b0b4002c84,10.112290249433107,tacotron2_parallelwavegan_fixed_voice_tts,ISSAI KazakhTTS2 Male2 Tacotron2 + ParallelWaveGAN,source-fc906048ff5914a3528d1ae4ed6f7ccd94d71383; acoustic-deb9cb49703b012d8f1406d15f4fa182b39ecb320bc4e2be5a557ac58766ea75; vocoder-fb415182fdf84dbe6a0bbca72e5ed9ed39009b622cf39e20ba630cb830594329,issai_kazakhtts2_male2_tacotron2_pwg:ISSAI_KazakhTTS2_M2,not_applicable:fixed_pretrained_tts_no_reference_audio,cuda,offline_text_only_tacotron2_parallelwavegan_tts,22050,wav,language_provenance=intended_input_text_only;text_normalizer=stage_c_kazakhtts_text_v1;synthesis_text_sha256=67173b7f4571bfd7213564e4d3b9ff500ff2aa49f00ab9f0d65b0b3cf05f6dcb,,2026-08-12T21:18:24+05:00
fresh_suite_v1_kazakhtts_tacotron2_pwg:95ca8c125184e6c55c32,raw/fresh_suite_v1_kazakhtts_tacotron2_pwg/slices/stage_c_normalized_v2/6c9c213bd36223717a38-c6fb826aaec2.wav,c5dc12dbf37218f6a04843aba208e3dccf6255e2c07056f085b999a2bf41e5f1,test,spoof,kk,false,fresh_suite_v1_kazakhtts_tacotron2_pwg:fixed-profile:issai_kazakhtts2_male2_tacotron2_pwg:ISSAI_KazakhTTS2_M2,fresh_suite_v1_kazakhtts_tacotron2_pwg,FLEURS/KSC2 CC-BY-4.0; ISSAI Kazakh_TTS model CC-BY-4.0; ESPnet Apache-2.0; ParallelWaveGAN MIT,Offline text-only derivative of google_fleurs_kk_v1 text google_fleurs_kk_v1:prompt:1929; Kazakh_TTS repository and published pretrained model artifacts CC-BY-4.0; ESPnet Apache-2.0; ParallelWaveGAN MIT; fixed published voice; no reference audio or voice cloning; language provenance is intended input text until full acoustic review; normalizer=stage_c_kazakhtts_text_v1,fresh_suite_v1_kazakhtts_tacotron2_pwg:synthetic-profile:issai_kazakhtts2_male2_tacotron2_pwg:ISSAI_KazakhTTS2_M2,google_fleurs_kk_v1:prompt:1929,c6fb826aaec20e671b0080a506aea96e69a03f3790ec89c83501191afd6b2396,9.195102040816327,tacotron2_parallelwavegan_fixed_voice_tts,ISSAI KazakhTTS2 Male2 Tacotron2 + ParallelWaveGAN,source-fc906048ff5914a3528d1ae4ed6f7ccd94d71383; acoustic-deb9cb49703b012d8f1406d15f4fa182b39ecb320bc4e2be5a557ac58766ea75; vocoder-fb415182fdf84dbe6a0bbca72e5ed9ed39009b622cf39e20ba630cb830594329,issai_kazakhtts2_male2_tacotron2_pwg:ISSAI_KazakhTTS2_M2,not_applicable:fixed_pretrained_tts_no_reference_audio,cuda,offline_text_only_tacotron2_parallelwavegan_tts,22050,wav,language_provenance=intended_input_text_only;text_normalizer=stage_c_kazakhtts_text_v1;synthesis_text_sha256=637311a3c62f2350be68dc66f4e19c2481ca24eff71f022f16e82a6ad2a437b7,,2026-08-12T21:18:24+05:00
fresh_suite_v1_kazakhtts_tacotron2_pwg:7df6b22603880a7200ef,raw/fresh_suite_v1_kazakhtts_tacotron2_pwg/slices/stage_c_normalized_v2/ca6abdaa19ab4317fbdc-d2569eed417e.wav,a3be0f2cd1d85ad8a2190c30a0b1167334482ce10f22e402d8ed2939562b8d48,test,spoof,kk,false,fresh_suite_v1_kazakhtts_tacotron2_pwg:fixed-profile:issai_kazakhtts2_male2_tacotron2_pwg:ISSAI_KazakhTTS2_M2,fresh_suite_v1_kazakhtts_tacotron2_pwg,FLEURS/KSC2 CC-BY-4.0; ISSAI Kazakh_TTS model CC-BY-4.0; ESPnet Apache-2.0; ParallelWaveGAN MIT,Offline text-only derivative of google_fleurs_kk_v1 text google_fleurs_kk_v1:prompt:1685; Kazakh_TTS repository and published pretrained model artifacts CC-BY-4.0; ESPnet Apache-2.0; ParallelWaveGAN MIT; fixed published voice; no reference audio or voice cloning; language provenance is intended input text until full acoustic review; normalizer=stage_c_kazakhtts_text_v1,fresh_suite_v1_kazakhtts_tacotron2_pwg:synthetic-profile:issai_kazakhtts2_male2_tacotron2_pwg:ISSAI_KazakhTTS2_M2,google_fleurs_kk_v1:prompt:1685,d2569eed417e279938e9041e1ec7c1a1959929cba8193100acfd99728d8876da,11.42421768707483,tacotron2_parallelwavegan_fixed_voice_tts,ISSAI KazakhTTS2 Male2 Tacotron2 + ParallelWaveGAN,source-fc906048ff5914a3528d1ae4ed6f7ccd94d71383; acoustic-deb9cb49703b012d8f1406d15f4fa182b39ecb320bc4e2be5a557ac58766ea75; vocoder-fb415182fdf84dbe6a0bbca72e5ed9ed39009b622cf39e20ba630cb830594329,issai_kazakhtts2_male2_tacotron2_pwg:ISSAI_KazakhTTS2_M2,not_applicable:fixed_pretrained_tts_no_reference_audio,cuda,offline_text_only_tacotron2_parallelwavegan_tts,22050,wav,language_provenance=intended_input_text_only;text_normalizer=stage_c_kazakhtts_text_v1;synthesis_text_sha256=a8e1bdd282c9836ce12b41a6f43039d70925adddc0164ffa17614c82a4bdb79d,,2026-08-12T21:18:24+05:00
fresh_suite_v1_kazakhtts_tacotron2_pwg:720bf2c9549e4cc43a48,raw/fresh_suite_v1_kazakhtts_tacotron2_pwg/slices/stage_c_normalized_v2/e6f1a636195b7a2157f0-7dac5ed8778a.wav,24395fa1b50991e6f2cf0d34d303214ff50d7e8047484c71e74793a627589c91,test,spoof,kk,false,fresh_suite_v1_kazakhtts_tacotron2_pwg:fixed-profile:issai_kazakhtts2_male2_tacotron2_pwg:ISSAI_KazakhTTS2_M2,fresh_suite_v1_kazakhtts_tacotron2_pwg,FLEURS/KSC2 CC-BY-4.0; ISSAI Kazakh_TTS model CC-BY-4.0; ESPnet Apache-2.0; ParallelWaveGAN MIT,Offline text-only derivative of google_fleurs_kk_v1 text google_fleurs_kk_v1:prompt:1721; Kazakh_TTS repository and published pretrained model artifacts CC-BY-4.0; ESPnet Apache-2.0; ParallelWaveGAN MIT; fixed published voice; no reference audio or voice cloning; language provenance is intended input text until full acoustic review; normalizer=stage_c_kazakhtts_text_v1,fresh_suite_v1_kazakhtts_tacotron2_pwg:synthetic-profile:issai_kazakhtts2_male2_tacotron2_pwg:ISSAI_KazakhTTS2_M2,google_fleurs_kk_v1:prompt:1721,7dac5ed8778a90bfd5c299670775739c92adeb7a3b1da29b871d7179ce4dcfea,7.3723356009070296,tacotron2_parallelwavegan_fixed_voice_tts,ISSAI KazakhTTS2 Male2 Tacotron2 + ParallelWaveGAN,source-fc906048ff5914a3528d1ae4ed6f7ccd94d71383; acoustic-deb9cb49703b012d8f1406d15f4fa182b39ecb320bc4e2be5a557ac58766ea75; vocoder-fb415182fdf84dbe6a0bbca72e5ed9ed39009b622cf39e20ba630cb830594329,issai_kazakhtts2_male2_tacotron2_pwg:ISSAI_KazakhTTS2_M2,not_applicable:fixed_pretrained_tts_no_reference_audio,cuda,offline_text_only_tacotron2_parallelwavegan_tts,22050,wav,language_provenance=intended_input_text_only;text_normalizer=stage_c_kazakhtts_text_v1;synthesis_text_sha256=6264d8624a6e29736cf088df6fab6fa60999b0d3c08de22e66df7ac7a29f1f73,,2026-08-12T21:18:24+05:00
fresh_suite_v1_kazakhtts_tacotron2_pwg:17bbc8fcbbb32292154b,raw/fresh_suite_v1_kazakhtts_tacotron2_pwg/slices/stage_c_normalized_v2/ca9ab0415acff8b40604-18e44ce48fec.wav,96cf2d5f24a183631a1b39bf124d4179b9e8d6a1aa3ae3ccaa6792a86d6deade,test,spoof,kk,false,fresh_suite_v1_kazakhtts_tacotron2_pwg:fixed-profile:issai_kazakhtts2_male2_tacotron2_pwg:ISSAI_KazakhTTS2_M2,fresh_suite_v1_kazakhtts_tacotron2_pwg,FLEURS/KSC2 CC-BY-4.0; ISSAI Kazakh_TTS model CC-BY-4.0; ESPnet Apache-2.0; ParallelWaveGAN MIT,Offline text-only derivative of google_fleurs_kk_v1 text google_fleurs_kk_v1:prompt:1732; Kazakh_TTS repository and published pretrained model artifacts CC-BY-4.0; ESPnet Apache-2.0; ParallelWaveGAN MIT; fixed published voice; no reference audio or voice cloning; language provenance is intended input text until full acoustic review; normalizer=stage_c_kazakhtts_text_v1,fresh_suite_v1_kazakhtts_tacotron2_pwg:synthetic-profile:issai_kazakhtts2_male2_tacotron2_pwg:ISSAI_KazakhTTS2_M2,google_fleurs_kk_v1:prompt:1732,18e44ce48fec5bcf6cc5a8d747ce9b977fcc1c1d2f080e7f4af5c98bc810d94c,10.541859410430838,tacotron2_parallelwavegan_fixed_voice_tts,ISSAI KazakhTTS2 Male2 Tacotron2 + ParallelWaveGAN,source-fc906048ff5914a3528d1ae4ed6f7ccd94d71383; acoustic-deb9cb49703b012d8f1406d15f4fa182b39ecb320bc4e2be5a557ac58766ea75; vocoder-fb415182fdf84dbe6a0bbca72e5ed9ed39009b622cf39e20ba630cb830594329,issai_kazakhtts2_male2_tacotron2_pwg:ISSAI_KazakhTTS2_M2,not_applicable:fixed_pretrained_tts_no_reference_audio,cuda,offline_text_only_tacotron2_parallelwavegan_tts,22050,wav,language_provenance=intended_input_text_only;text_normalizer=stage_c_kazakhtts_text_v1;synthesis_text_sha256=81a47284164b6697c3a69254b07a292bd496208fff3c3bd07d1da2e95ecf5bc2,,2026-08-12T21:18:24+05:00
fresh_suite_v1_kazakhtts_tacotron2_pwg:8e6ef488157eda263782,raw/fresh_suite_v1_kazakhtts_tacotron2_pwg/slices/stage_c_normalized_v2/5a13fec7fd3bcc759de4-8e2d59b56f2c.wav,906624f5f44065038abca7ddd9426b933938b4e267b16a1778c42019198ca7fa,test,spoof,kk,false,fresh_suite_v1_kazakhtts_tacotron2_pwg:fixed-profile:issai_kazakhtts2_male2_tacotron2_pwg:ISSAI_KazakhTTS2_M2,fresh_suite_v1_kazakhtts_tacotron2_pwg,FLEURS/KSC2 CC-BY-4.0; ISSAI Kazakh_TTS model CC-BY-4.0; ESPnet Apache-2.0; ParallelWaveGAN MIT,Offline text-only derivative of google_fleurs_kk_v1 text google_fleurs_kk_v1:prompt:1679; Kazakh_TTS repository and published pretrained model artifacts CC-BY-4.0; ESPnet Apache-2.0; ParallelWaveGAN MIT; fixed published voice; no reference audio or voice cloning; language provenance is intended input text until full acoustic review; normalizer=stage_c_kazakhtts_text_v1,fresh_suite_v1_kazakhtts_tacotron2_pwg:synthetic-profile:issai_kazakhtts2_male2_tacotron2_pwg:ISSAI_KazakhTTS2_M2,google_fleurs_kk_v1:prompt:1679,8e2d59b56f2c3af2a2cd0953507e0a9caf5f22bdf9309353cece967e11cc95f2,3.2275736961451247,tacotron2_parallelwavegan_fixed_voice_tts,ISSAI KazakhTTS2 Male2 Tacotron2 + ParallelWaveGAN,source-fc906048ff5914a3528d1ae4ed6f7ccd94d71383; acoustic-deb9cb49703b012d8f1406d15f4fa182b39ecb320bc4e2be5a557ac58766ea75; vocoder-fb415182fdf84dbe6a0bbca72e5ed9ed39009b622cf39e20ba630cb830594329,issai_kazakhtts2_male2_tacotron2_pwg:ISSAI_KazakhTTS2_M2,not_applicable:fixed_pretrained_tts_no_reference_audio,cuda,offline_text_only_tacotron2_parallelwavegan_tts,22050,wav,language_provenance=intended_input_text_only;text_normalizer=stage_c_kazakhtts_text_v1;synthesis_text_sha256=924e22afd3ccae4bc8394f4ec56b56c38fd89a7a179049308e4f32a53228eacf,,2026-08-12T21:18:24+05:00
fresh_suite_v1_kazakhtts_tacotron2_pwg:5d8fbd4d48e2ae817f33,raw/fresh_suite_v1_kazakhtts_tacotron2_pwg/slices/stage_c_normalized_v2/e1798e2bce641e8b5825-1608a7a582e9.wav,3b3fd79545134f90b0cadef6c8d64aa290e53cd4e5dcb15c249071636b620067,test,spoof,kk,false,fresh_suite_v1_kazakhtts_tacotron2_pwg:fixed-profile:issai_kazakhtts2_male2_tacotron2_pwg:ISSAI_KazakhTTS2_M2,fresh_suite_v1_kazakhtts_tacotron2_pwg,FLEURS/KSC2 CC-BY-4.0; ISSAI Kazakh_TTS model CC-BY-4.0; ESPnet Apache-2.0; ParallelWaveGAN MIT,Offline text-only derivative of google_fleurs_kk_v1 text google_fleurs_kk_v1:prompt:1951; Kazakh_TTS repository and published pretrained model artifacts CC-BY-4.0; ESPnet Apache-2.0; ParallelWaveGAN MIT; fixed published voice; no reference audio or voice cloning; language provenance is intended input text until full acoustic review; normalizer=stage_c_kazakhtts_text_v1,fresh_suite_v1_kazakhtts_tacotron2_pwg:synthetic-profile:issai_kazakhtts2_male2_tacotron2_pwg:ISSAI_KazakhTTS2_M2,google_fleurs_kk_v1:prompt:1951,1608a7a582e9b9802678a3e9344a49a817bbb67c5d2cf11f951287b2e94891eb,10.27482993197279,tacotron2_parallelwavegan_fixed_voice_tts,ISSAI KazakhTTS2 Male2 Tacotron2 + ParallelWaveGAN,source-fc906048ff5914a3528d1ae4ed6f7ccd94d71383; acoustic-deb9cb49703b012d8f1406d15f4fa182b39ecb320bc4e2be5a557ac58766ea75; vocoder-fb415182fdf84dbe6a0bbca72e5ed9ed39009b622cf39e20ba630cb830594329,issai_kazakhtts2_male2_tacotron2_pwg:ISSAI_KazakhTTS2_M2,not_applicable:fixed_pretrained_tts_no_reference_audio,cuda,offline_text_only_tacotron2_parallelwavegan_tts,22050,wav,language_provenance=intended_input_text_only;text_normalizer=stage_c_kazakhtts_text_v1;synthesis_text_sha256=4ef5dd1a54c0f7a915e4e825eb07a022766cf8aee1b13fcf1009b12d06d81c81,,2026-08-12T21:18:24+05:00
fresh_suite_v1_kazakhtts_tacotron2_pwg:fb18d281cbf400ea8ef8,raw/fresh_suite_v1_kazakhtts_tacotron2_pwg/slices/stage_c_normalized_v2/06ff804434cf689f5a57-a48259604d6b.wav,7d9e203587085d2cf7eb58d5f0f28a747b63f8ba958c459cb5adb3551f628466,test,spoof,kk,false,fresh_suite_v1_kazakhtts_tacotron2_pwg:fixed-profile:issai_kazakhtts2_male2_tacotron2_pwg:ISSAI_KazakhTTS2_M2,fresh_suite_v1_kazakhtts_tacotron2_pwg,FLEURS/KSC2 CC-BY-4.0; ISSAI Kazakh_TTS model CC-BY-4.0; ESPnet Apache-2.0; ParallelWaveGAN MIT,Offline text-only derivative of google_fleurs_kk_v1 text google_fleurs_kk_v1:prompt:1885; Kazakh_TTS repository and published pretrained model artifacts CC-BY-4.0; ESPnet Apache-2.0; ParallelWaveGAN MIT; fixed published voice; no reference audio or voice cloning; language provenance is intended input text until full acoustic review; normalizer=stage_c_kazakhtts_text_v1,fresh_suite_v1_kazakhtts_tacotron2_pwg:synthetic-profile:issai_kazakhtts2_male2_tacotron2_pwg:ISSAI_KazakhTTS2_M2,google_fleurs_kk_v1:prompt:1885,a48259604d6bf9c23cdd399b28ff5a7b9b542104a3ef31deddef5006c1cc91a8,5.863038548752835,tacotron2_parallelwavegan_fixed_voice_tts,ISSAI KazakhTTS2 Male2 Tacotron2 + ParallelWaveGAN,source-fc906048ff5914a3528d1ae4ed6f7ccd94d71383; acoustic-deb9cb49703b012d8f1406d15f4fa182b39ecb320bc4e2be5a557ac58766ea75; vocoder-fb415182fdf84dbe6a0bbca72e5ed9ed39009b622cf39e20ba630cb830594329,issai_kazakhtts2_male2_tacotron2_pwg:ISSAI_KazakhTTS2_M2,not_applicable:fixed_pretrained_tts_no_reference_audio,cuda,offline_text_only_tacotron2_parallelwavegan_tts,22050,wav,language_provenance=intended_input_text_only;text_normalizer=stage_c_kazakhtts_text_v1;synthesis_text_sha256=0a1440be98fc84eda89dada0f555eef76decee34546a720733b6f87b8ee708fd,,2026-08-12T21:18:24+05:00
fresh_suite_v1_kazakhtts_tacotron2_pwg:d6615c804341a5c0ef84,raw/fresh_suite_v1_kazakhtts_tacotron2_pwg/slices/stage_c_normalized_v2/ca282f05d5d0ab7a11a9-0e127cc4b752.wav,5112fdd96cb0847b12622683aa2490757f86124c82c84c6e3cf444aa4cfe7036,test,spoof,kk,false,fresh_suite_v1_kazakhtts_tacotron2_pwg:fixed-profile:issai_kazakhtts2_male2_tacotron2_pwg:ISSAI_KazakhTTS2_M2,fresh_suite_v1_kazakhtts_tacotron2_pwg,FLEURS/KSC2 CC-BY-4.0; ISSAI Kazakh_TTS model CC-BY-4.0; ESPnet Apache-2.0; ParallelWaveGAN MIT,Offline text-only derivative of google_fleurs_kk_v1 text google_fleurs_kk_v1:prompt:1665; Kazakh_TTS repository and published pretrained model artifacts CC-BY-4.0; ESPnet Apache-2.0; ParallelWaveGAN MIT; fixed published voice; no reference audio or voice cloning; language provenance is intended input text until full acoustic review; normalizer=stage_c_kazakhtts_text_v1,fresh_suite_v1_kazakhtts_tacotron2_pwg:synthetic-profile:issai_kazakhtts2_male2_tacotron2_pwg:ISSAI_KazakhTTS2_M2,google_fleurs_kk_v1:prompt:1665,0e127cc4b752b1c9fe9541145da8f3abd52baed0fcb7e202ace1a064c0933fe0,10.785668934240363,tacotron2_parallelwavegan_fixed_voice_tts,ISSAI KazakhTTS2 Male2 Tacotron2 + ParallelWaveGAN,source-fc906048ff5914a3528d1ae4ed6f7ccd94d71383; acoustic-deb9cb49703b012d8f1406d15f4fa182b39ecb320bc4e2be5a557ac58766ea75; vocoder-fb415182fdf84dbe6a0bbca72e5ed9ed39009b622cf39e20ba630cb830594329,issai_kazakhtts2_male2_tacotron2_pwg:ISSAI_KazakhTTS2_M2,not_applicable:fixed_pretrained_tts_no_reference_audio,cuda,offline_text_only_tacotron2_parallelwavegan_tts,22050,wav,language_provenance=intended_input_text_only;text_normalizer=stage_c_kazakhtts_text_v1;synthesis_text_sha256=10449dd33ba877eec8c3032292f90adb73b76eb88ecb7f41f1007d684bbe3c42,,2026-08-12T21:18:24+05:00
fresh_suite_v1_kazakhtts_tacotron2_pwg:0c4900dbfb7391815fd8,raw/fresh_suite_v1_kazakhtts_tacotron2_pwg/slices/stage_c_normalized_v2/5c2201c17a67abae6af1-c695ae10f551.wav,8bf79a619674a7a5c258287a0bc3deecc6a58c1da8577e3b6dba03e0702d7e38,test,spoof,kk,false,fresh_suite_v1_kazakhtts_tacotron2_pwg:fixed-profile:issai_kazakhtts2_male2_tacotron2_pwg:ISSAI_KazakhTTS2_M2,fresh_suite_v1_kazakhtts_tacotron2_pwg,FLEURS/KSC2 CC-BY-4.0; ISSAI Kazakh_TTS model CC-BY-4.0; ESPnet Apache-2.0; ParallelWaveGAN MIT,Offline text-only derivative of google_fleurs_kk_v1 text google_fleurs_kk_v1:prompt:1795; Kazakh_TTS repository and published pretrained model artifacts CC-BY-4.0; ESPnet Apache-2.0; ParallelWaveGAN MIT; fixed published voice; no reference audio or voice cloning; language provenance is intended input text until full acoustic review; normalizer=stage_c_kazakhtts_text_v1,fresh_suite_v1_kazakhtts_tacotron2_pwg:synthetic-profile:issai_kazakhtts2_male2_tacotron2_pwg:ISSAI_KazakhTTS2_M2,google_fleurs_kk_v1:prompt:1795,c695ae10f5512ac437000daad3abee60dbb4173f56ae5bf6595d874252e94748,19.586031746031747,tacotron2_parallelwavegan_fixed_voice_tts,ISSAI KazakhTTS2 Male2 Tacotron2 + ParallelWaveGAN,source-fc906048ff5914a3528d1ae4ed6f7ccd94d71383; acoustic-deb9cb49703b012d8f1406d15f4fa182b39ecb320bc4e2be5a557ac58766ea75; vocoder-fb415182fdf84dbe6a0bbca72e5ed9ed39009b622cf39e20ba630cb830594329,issai_kazakhtts2_male2_tacotron2_pwg:ISSAI_KazakhTTS2_M2,not_applicable:fixed_pretrained_tts_no_reference_audio,cuda,offline_text_only_tacotron2_parallelwavegan_tts,22050,wav,language_provenance=intended_input_text_only;text_normalizer=stage_c_kazakhtts_text_v1;synthesis_text_sha256=53a9362a5354b09a3df15a04b222f0e4029265e71a82859867ea14fb1caa25b9,,2026-08-12T21:18:24+05:00
fresh_suite_v1_kazakhtts_tacotron2_pwg:942662023937f4be9f46,raw/fresh_suite_v1_kazakhtts_tacotron2_pwg/slices/stage_c_normalized_v2/09e51eb1e4ff10201ef3-7da35bf9d063.wav,35dd6f3f2442a084cc759c41bda5a14c5b505180a295ef71b538db12ff095306,test,spoof,kk,false,fresh_suite_v1_kazakhtts_tacotron2_pwg:fixed-profile:issai_kazakhtts2_male2_tacotron2_pwg:ISSAI_KazakhTTS2_M2,fresh_suite_v1_kazakhtts_tacotron2_pwg,FLEURS/KSC2 CC-BY-4.0; ISSAI Kazakh_TTS model CC-BY-4.0; ESPnet Apache-2.0; ParallelWaveGAN MIT,Offline text-only derivative of google_fleurs_kk_v1 text google_fleurs_kk_v1:prompt:1736; Kazakh_TTS repository and published pretrained model artifacts CC-BY-4.0; ESPnet Apache-2.0; ParallelWaveGAN MIT; fixed published voice; no reference audio or voice cloning; language provenance is intended input text until full acoustic review; normalizer=stage_c_kazakhtts_text_v1,fresh_suite_v1_kazakhtts_tacotron2_pwg:synthetic-profile:issai_kazakhtts2_male2_tacotron2_pwg:ISSAI_KazakhTTS2_M2,google_fleurs_kk_v1:prompt:1736,7da35bf9d0630756f833e6338cd7be4a45a9a8086659beaf57b76db13d38a1d1,4.237641723356009,tacotron2_parallelwavegan_fixed_voice_tts,ISSAI KazakhTTS2 Male2 Tacotron2 + ParallelWaveGAN,source-fc906048ff5914a3528d1ae4ed6f7ccd94d71383; acoustic-deb9cb49703b012d8f1406d15f4fa182b39ecb320bc4e2be5a557ac58766ea75; vocoder-fb415182fdf84dbe6a0bbca72e5ed9ed39009b622cf39e20ba630cb830594329,issai_kazakhtts2_male2_tacotron2_pwg:ISSAI_KazakhTTS2_M2,not_applicable:fixed_pretrained_tts_no_reference_audio,cuda,offline_text_only_tacotron2_parallelwavegan_tts,22050,wav,language_provenance=intended_input_text_only;text_normalizer=stage_c_kazakhtts_text_v1;synthesis_text_sha256=5b6f29e7b0f7b81e512c7b514ac8ec3ae8a93b555bb987c7f3adcd95676f08b6,,2026-08-12T21:18:24+05:00
fresh_suite_v1_kazakhtts_tacotron2_pwg:24b2ae123489ef7b14f0,raw/fresh_suite_v1_kazakhtts_tacotron2_pwg/slices/stage_c_normalized_v2/33c11831b3c3bedc1f77-9285107c1e2f.wav,0d8260a3316aeffa3383d91bdf7eff738264edbdbe73f403e93e392e31aed7a3,test,spoof,kk,false,fresh_suite_v1_kazakhtts_tacotron2_pwg:fixed-profile:issai_kazakhtts2_male2_tacotron2_pwg:ISSAI_KazakhTTS2_M2,fresh_suite_v1_kazakhtts_tacotron2_pwg,FLEURS/KSC2 CC-BY-4.0; ISSAI Kazakh_TTS model CC-BY-4.0; ESPnet Apache-2.0; ParallelWaveGAN MIT,Offline text-only derivative of google_fleurs_kk_v1 text google_fleurs_kk_v1:prompt:1979; Kazakh_TTS repository and published pretrained model artifacts CC-BY-4.0; ESPnet Apache-2.0; ParallelWaveGAN MIT; fixed published voice; no reference audio or voice cloning; language provenance is intended input text until full acoustic review; normalizer=stage_c_kazakhtts_text_v1,fresh_suite_v1_kazakhtts_tacotron2_pwg:synthetic-profile:issai_kazakhtts2_male2_tacotron2_pwg:ISSAI_KazakhTTS2_M2,google_fleurs_kk_v1:prompt:1979,9285107c1e2f4e4d734841c8d71525ef569448d5f48e2ca017f2dabf1f0372ef,7.848344671201814,tacotron2_parallelwavegan_fixed_voice_tts,ISSAI KazakhTTS2 Male2 Tacotron2 + ParallelWaveGAN,source-fc906048ff5914a3528d1ae4ed6f7ccd94d71383; acoustic-deb9cb49703b012d8f1406d15f4fa182b39ecb320bc4e2be5a557ac58766ea75; vocoder-fb415182fdf84dbe6a0bbca72e5ed9ed39009b622cf39e20ba630cb830594329,issai_kazakhtts2_male2_tacotron2_pwg:ISSAI_KazakhTTS2_M2,not_applicable:fixed_pretrained_tts_no_reference_audio,cuda,offline_text_only_tacotron2_parallelwavegan_tts,22050,wav,language_provenance=intended_input_text_only;text_normalizer=stage_c_kazakhtts_text_v1;synthesis_text_sha256=8d35a791e979eda65894088bec2265b7dec2885a40d3e0f097c9b6f34b1ddb41,,2026-08-12T21:18:24+05:00
fresh_suite_v1_kazakhtts_tacotron2_pwg:ecb8080ef1ba27e1fc3c,raw/fresh_suite_v1_kazakhtts_tacotron2_pwg/slices/stage_c_normalized_v2/28b0a0c5d62d0c7a88b0-a57f400ecbb9.wav,d5caaee4eb4204a5451380f5efcc58dc12cebf39499bf59ccdc3b497a8aa2b85,test,spoof,kk,false,fresh_suite_v1_kazakhtts_tacotron2_pwg:fixed-profile:issai_kazakhtts2_male2_tacotron2_pwg:ISSAI_KazakhTTS2_M2,fresh_suite_v1_kazakhtts_tacotron2_pwg,FLEURS/KSC2 CC-BY-4.0; ISSAI Kazakh_TTS model CC-BY-4.0; ESPnet Apache-2.0; ParallelWaveGAN MIT,Offline text-only derivative of google_fleurs_kk_v1 text google_fleurs_kk_v1:prompt:1765; Kazakh_TTS repository and published pretrained model artifacts CC-BY-4.0; ESPnet Apache-2.0; ParallelWaveGAN MIT; fixed published voice; no reference audio or voice cloning; language provenance is intended input text until full acoustic review; normalizer=stage_c_kazakhtts_text_v1,fresh_suite_v1_kazakhtts_tacotron2_pwg:synthetic-profile:issai_kazakhtts2_male2_tacotron2_pwg:ISSAI_KazakhTTS2_M2,google_fleurs_kk_v1:prompt:1765,a57f400ecbb9d9150350a2c47af0c0badf439c644b9454ad4fad9af80a5f65ea,9.206712018140589,tacotron2_parallelwavegan_fixed_voice_tts,ISSAI KazakhTTS2 Male2 Tacotron2 + ParallelWaveGAN,source-fc906048ff5914a3528d1ae4ed6f7ccd94d71383; acoustic-deb9cb49703b012d8f1406d15f4fa182b39ecb320bc4e2be5a557ac58766ea75; vocoder-fb415182fdf84dbe6a0bbca72e5ed9ed39009b622cf39e20ba630cb830594329,issai_kazakhtts2_male2_tacotron2_pwg:ISSAI_KazakhTTS2_M2,not_applicable:fixed_pretrained_tts_no_reference_audio,cuda,offline_text_only_tacotron2_parallelwavegan_tts,22050,wav,language_provenance=intended_input_text_only;text_normalizer=stage_c_kazakhtts_text_v1;synthesis_text_sha256=f2e249b2ae97371faf588324799032954ac31b6311b103b9dffd4e8480c1cc9a,,2026-08-12T21:18:24+05:00
fresh_suite_v1_kazakhtts_tacotron2_pwg:997f93d19331b94c6b1b,raw/fresh_suite_v1_kazakhtts_tacotron2_pwg/slices/stage_c_normalized_v2/d162217e1ea9769ae3f0-dd102e1edc11.wav,de2a075798cedeabf0937b283f0406ce4f9f6fbb72ad6f9dc9abbc1478c69242,test,spoof,kk,false,fresh_suite_v1_kazakhtts_tacotron2_pwg:fixed-profile:issai_kazakhtts2_male2_tacotron2_pwg:ISSAI_KazakhTTS2_M2,fresh_suite_v1_kazakhtts_tacotron2_pwg,FLEURS/KSC2 CC-BY-4.0; ISSAI Kazakh_TTS model CC-BY-4.0; ESPnet Apache-2.0; ParallelWaveGAN MIT,Offline text-only derivative of google_fleurs_kk_v1 text google_fleurs_kk_v1:prompt:1671; Kazakh_TTS repository and published pretrained model artifacts CC-BY-4.0; ESPnet Apache-2.0; ParallelWaveGAN MIT; fixed published voice; no reference audio or voice cloning; language provenance is intended input text until full acoustic review; normalizer=stage_c_kazakhtts_text_v1,fresh_suite_v1_kazakhtts_tacotron2_pwg:synthetic-profile:issai_kazakhtts2_male2_tacotron2_pwg:ISSAI_KazakhTTS2_M2,google_fleurs_kk_v1:prompt:1671,dd102e1edc1141920d6b2c439edf3fb8c5ca36849da65239643a81891f5aa044,10.692789115646258,tacotron2_parallelwavegan_fixed_voice_tts,ISSAI KazakhTTS2 Male2 Tacotron2 + ParallelWaveGAN,source-fc906048ff5914a3528d1ae4ed6f7ccd94d71383; acoustic-deb9cb49703b012d8f1406d15f4fa182b39ecb320bc4e2be5a557ac58766ea75; vocoder-fb415182fdf84dbe6a0bbca72e5ed9ed39009b622cf39e20ba630cb830594329,issai_kazakhtts2_male2_tacotron2_pwg:ISSAI_KazakhTTS2_M2,not_applicable:fixed_pretrained_tts_no_reference_audio,cuda,offline_text_only_tacotron2_parallelwavegan_tts,22050,wav,language_provenance=intended_input_text_only;text_normalizer=stage_c_kazakhtts_text_v1;synthesis_text_sha256=dfc49d1a3a5c8d725384228088c24f53f6ee6beb0f1c869a09fa004e30a01f5d,,2026-08-12T21:18:24+05:00
fresh_suite_v1_kazakhtts_tacotron2_pwg:d4658e15092519bbb135,raw/fresh_suite_v1_kazakhtts_tacotron2_pwg/slices/stage_c_normalized_v2/45f024a03bf1a15c6a78-deb97246a4b3.wav,40e10882ba07b18b0aa05367588b69798243832ff67dbeb0249d2cfb2135d3b3,test,spoof,kk,false,fresh_suite_v1_kazakhtts_tacotron2_pwg:fixed-profile:issai_kazakhtts2_male2_tacotron2_pwg:ISSAI_KazakhTTS2_M2,fresh_suite_v1_kazakhtts_tacotron2_pwg,FLEURS/KSC2 CC-BY-4.0; ISSAI Kazakh_TTS model CC-BY-4.0; ESPnet Apache-2.0; ParallelWaveGAN MIT,Offline text-only derivative of google_fleurs_kk_v1 text google_fleurs_kk_v1:prompt:1997; Kazakh_TTS repository and published pretrained model artifacts CC-BY-4.0; ESPnet Apache-2.0; ParallelWaveGAN MIT; fixed published voice; no reference audio or voice cloning; language provenance is intended input text until full acoustic review; normalizer=stage_c_kazakhtts_text_v1,fresh_suite_v1_kazakhtts_tacotron2_pwg:synthetic-profile:issai_kazakhtts2_male2_tacotron2_pwg:ISSAI_KazakhTTS2_M2,google_fleurs_kk_v1:prompt:1997,deb97246a4b351e9ef9d9e7b08ee466c239841b5090863b2ec33ee75ec9cc8b1,11.714467120181405,tacotron2_parallelwavegan_fixed_voice_tts,ISSAI KazakhTTS2 Male2 Tacotron2 + ParallelWaveGAN,source-fc906048ff5914a3528d1ae4ed6f7ccd94d71383; acoustic-deb9cb49703b012d8f1406d15f4fa182b39ecb320bc4e2be5a557ac58766ea75; vocoder-fb415182fdf84dbe6a0bbca72e5ed9ed39009b622cf39e20ba630cb830594329,issai_kazakhtts2_male2_tacotron2_pwg:ISSAI_KazakhTTS2_M2,not_applicable:fixed_pretrained_tts_no_reference_audio,cuda,offline_text_only_tacotron2_parallelwavegan_tts,22050,wav,language_provenance=intended_input_text_only;text_normalizer=stage_c_kazakhtts_text_v1;synthesis_text_sha256=3633b65f73090d99725326c2e68b513fb52246893a36425f92d27bd4c3480480,,2026-08-12T21:18:24+05:00
fresh_suite_v1_kazakhtts_tacotron2_pwg:83f8fd5b5883e91e6dfc,raw/fresh_suite_v1_kazakhtts_tacotron2_pwg/slices/stage_c_normalized_v2/a08c1998654d3a5fb301-fdf0b5c9952c.wav,825650f1d2b512ffd2fa4409d28cd9f8c99361353511b4aed0a8fa43005c97e6,test,spoof,kk,false,fresh_suite_v1_kazakhtts_tacotron2_pwg:fixed-profile:issai_kazakhtts2_male2_tacotron2_pwg:ISSAI_KazakhTTS2_M2,fresh_suite_v1_kazakhtts_tacotron2_pwg,FLEURS/KSC2 CC-BY-4.0; ISSAI Kazakh_TTS model CC-BY-4.0; ESPnet Apache-2.0; ParallelWaveGAN MIT,Offline text-only derivative of google_fleurs_kk_v1 text google_fleurs_kk_v1:prompt:1932; Kazakh_TTS repository and published pretrained model artifacts CC-BY-4.0; ESPnet Apache-2.0; ParallelWaveGAN MIT; fixed published voice; no reference audio or voice cloning; language provenance is intended input text until full acoustic review; normalizer=stage_c_kazakhtts_text_v1,fresh_suite_v1_kazakhtts_tacotron2_pwg:synthetic-profile:issai_kazakhtts2_male2_tacotron2_pwg:ISSAI_KazakhTTS2_M2,google_fleurs_kk_v1:prompt:1932,fdf0b5c9952ce27dae848691a9c0e9f5642b5be7c06995b6291b39b338b93f4e,22.04734693877551,tacotron2_parallelwavegan_fixed_voice_tts,ISSAI KazakhTTS2 Male2 Tacotron2 + ParallelWaveGAN,source-fc906048ff5914a3528d1ae4ed6f7ccd94d71383; acoustic-deb9cb49703b012d8f1406d15f4fa182b39ecb320bc4e2be5a557ac58766ea75; vocoder-fb415182fdf84dbe6a0bbca72e5ed9ed39009b622cf39e20ba630cb830594329,issai_kazakhtts2_male2_tacotron2_pwg:ISSAI_KazakhTTS2_M2,not_applicable:fixed_pretrained_tts_no_reference_audio,cuda,offline_text_only_tacotron2_parallelwavegan_tts,22050,wav,language_provenance=intended_input_text_only;text_normalizer=stage_c_kazakhtts_text_v1;synthesis_text_sha256=f006c82af4653473dbcf70049600f982bd9c39c78a1045d13a9c085e74259e60,,2026-08-12T21:18:24+05:00
fresh_suite_v1_kazakhtts_tacotron2_pwg:32fb6ce4b3f8cbaecf8b,raw/fresh_suite_v1_kazakhtts_tacotron2_pwg/slices/stage_c_normalized_v2/4eab454a2e706f0a50b2-25641f8e33f1.wav,6d895864ee7ee6da2beddac3e64f035a2e794a785cb33f27598a7c1f040228bd,test,spoof,kk,false,fresh_suite_v1_kazakhtts_tacotron2_pwg:fixed-profile:issai_kazakhtts2_male2_tacotron2_pwg:ISSAI_KazakhTTS2_M2,fresh_suite_v1_kazakhtts_tacotron2_pwg,FLEURS/KSC2 CC-BY-4.0; ISSAI Kazakh_TTS model CC-BY-4.0; ESPnet Apache-2.0; ParallelWaveGAN MIT,Offline text-only derivative of google_fleurs_kk_v1 text google_fleurs_kk_v1:prompt:1830; Kazakh_TTS repository and published pretrained model artifacts CC-BY-4.0; ESPnet Apache-2.0; ParallelWaveGAN MIT; fixed published voice; no reference audio or voice cloning; language provenance is intended input text until full acoustic review; normalizer=stage_c_kazakhtts_text_v1,fresh_suite_v1_kazakhtts_tacotron2_pwg:synthetic-profile:issai_kazakhtts2_male2_tacotron2_pwg:ISSAI_KazakhTTS2_M2,google_fleurs_kk_v1:prompt:1830,25641f8e33f19e7f657fd712aaa7d2b3bf85df87fa8d0838b843fa6246eb68c6,7.082086167800454,tacotron2_parallelwavegan_fixed_voice_tts,ISSAI KazakhTTS2 Male2 Tacotron2 + ParallelWaveGAN,source-fc906048ff5914a3528d1ae4ed6f7ccd94d71383; acoustic-deb9cb49703b012d8f1406d15f4fa182b39ecb320bc4e2be5a557ac58766ea75; vocoder-fb415182fdf84dbe6a0bbca72e5ed9ed39009b622cf39e20ba630cb830594329,issai_kazakhtts2_male2_tacotron2_pwg:ISSAI_KazakhTTS2_M2,not_applicable:fixed_pretrained_tts_no_reference_audio,cuda,offline_text_only_tacotron2_parallelwavegan_tts,22050,wav,language_provenance=intended_input_text_only;text_normalizer=stage_c_kazakhtts_text_v1;synthesis_text_sha256=cabb5cd55e8082583fc576febdd6c2ebf5139720f43f26d325e1a84438ab0fc0,,2026-08-12T21:18:24+05:00
fresh_suite_v1_kazakhtts_tacotron2_pwg:82e1aff5a71c774045e1,raw/fresh_suite_v1_kazakhtts_tacotron2_pwg/slices/stage_c_normalized_v2/3298e908fefa30e75968-22cda6af6f71.wav,3071a79d80bb870433d60957ed9098524ffbe60d94ea597ea33d1ff027dbdec4,test,spoof,kk,false,fresh_suite_v1_kazakhtts_tacotron2_pwg:fixed-profile:issai_kazakhtts2_male2_tacotron2_pwg:ISSAI_KazakhTTS2_M2,fresh_suite_v1_kazakhtts_tacotron2_pwg,FLEURS/KSC2 CC-BY-4.0; ISSAI Kazakh_TTS model CC-BY-4.0; ESPnet Apache-2.0; ParallelWaveGAN MIT,Offline text-only derivative of google_fleurs_kk_v1 text google_fleurs_kk_v1:prompt:1733; Kazakh_TTS repository and published pretrained model artifacts CC-BY-4.0; ESPnet Apache-2.0; ParallelWaveGAN MIT; fixed published voice; no reference audio or voice cloning; language provenance is intended input text until full acoustic review; normalizer=stage_c_kazakhtts_text_v1,fresh_suite_v1_kazakhtts_tacotron2_pwg:synthetic-profile:issai_kazakhtts2_male2_tacotron2_pwg:ISSAI_KazakhTTS2_M2,google_fleurs_kk_v1:prompt:1733,22cda6af6f716daa55b90ab43ec92590c42206e2e662c6913517c94646abddbb,14.663401360544217,tacotron2_parallelwavegan_fixed_voice_tts,ISSAI KazakhTTS2 Male2 Tacotron2 + ParallelWaveGAN,source-fc906048ff5914a3528d1ae4ed6f7ccd94d71383; acoustic-deb9cb49703b012d8f1406d15f4fa182b39ecb320bc4e2be5a557ac58766ea75; vocoder-fb415182fdf84dbe6a0bbca72e5ed9ed39009b622cf39e20ba630cb830594329,issai_kazakhtts2_male2_tacotron2_pwg:ISSAI_KazakhTTS2_M2,not_applicable:fixed_pretrained_tts_no_reference_audio,cuda,offline_text_only_tacotron2_parallelwavegan_tts,22050,wav,language_provenance=intended_input_text_only;text_normalizer=stage_c_kazakhtts_text_v1;synthesis_text_sha256=a2877ea0279a01ccf47eaddec1ede46a3c86efb2e07c4930dfb4136822fd4d8c,,2026-08-12T21:18:24+05:00
fresh_suite_v1_kazakhtts_tacotron2_pwg:f5f0913b9c810286fc40,raw/fresh_suite_v1_kazakhtts_tacotron2_pwg/slices/stage_c_normalized_v2/beda7d9bd984496117de-604a6f4606a9.wav,a94bb0e90eb8cb65e05398d52750dddb77a2e031b62e1ae6b20f2db6006b08f1,test,spoof,kk,false,fresh_suite_v1_kazakhtts_tacotron2_pwg:fixed-profile:issai_kazakhtts2_male2_tacotron2_pwg:ISSAI_KazakhTTS2_M2,fresh_suite_v1_kazakhtts_tacotron2_pwg,FLEURS/KSC2 CC-BY-4.0; ISSAI Kazakh_TTS model CC-BY-4.0; ESPnet Apache-2.0; ParallelWaveGAN MIT,Offline text-only derivative of google_fleurs_kk_v1 text google_fleurs_kk_v1:prompt:1975; Kazakh_TTS repository and published pretrained model artifacts CC-BY-4.0; ESPnet Apache-2.0; ParallelWaveGAN MIT; fixed published voice; no reference audio or voice cloning; language provenance is intended input text until full acoustic review; normalizer=stage_c_kazakhtts_text_v1,fresh_suite_v1_kazakhtts_tacotron2_pwg:synthetic-profile:issai_kazakhtts2_male2_tacotron2_pwg:ISSAI_KazakhTTS2_M2,google_fleurs_kk_v1:prompt:1975,604a6f4606a9b356c375ebaadcafbe0cee07233da92364d89441a006494450d0,6.931156462585034,tacotron2_parallelwavegan_fixed_voice_tts,ISSAI KazakhTTS2 Male2 Tacotron2 + ParallelWaveGAN,source-fc906048ff5914a3528d1ae4ed6f7ccd94d71383; acoustic-deb9cb49703b012d8f1406d15f4fa182b39ecb320bc4e2be5a557ac58766ea75; vocoder-fb415182fdf84dbe6a0bbca72e5ed9ed39009b622cf39e20ba630cb830594329,issai_kazakhtts2_male2_tacotron2_pwg:ISSAI_KazakhTTS2_M2,not_applicable:fixed_pretrained_tts_no_reference_audio,cuda,offline_text_only_tacotron2_parallelwavegan_tts,22050,wav,language_provenance=intended_input_text_only;text_normalizer=stage_c_kazakhtts_text_v1;synthesis_text_sha256=22ed2cd53c3075477efb4f413559543a4ca5d038402f7c6f79282e3f9db1351b,,2026-08-12T21:18:24+05:00
fresh_suite_v1_kazakhtts_tacotron2_pwg:56ac7c4b26ff8bc27bba,raw/fresh_suite_v1_kazakhtts_tacotron2_pwg/slices/stage_c_normalized_v2/969d07e805937167649f-eb940186bafe.wav,66bef63cfe11fd82b60d9379548fa9bfaec86c6f7d570fc08839f1422b32bd31,test,spoof,kk,false,fresh_suite_v1_kazakhtts_tacotron2_pwg:fixed-profile:issai_kazakhtts2_male2_tacotron2_pwg:ISSAI_KazakhTTS2_M2,fresh_suite_v1_kazakhtts_tacotron2_pwg,FLEURS/KSC2 CC-BY-4.0; ISSAI Kazakh_TTS model CC-BY-4.0; ESPnet Apache-2.0; ParallelWaveGAN MIT,Offline text-only derivative of google_fleurs_kk_v1 text google_fleurs_kk_v1:prompt:1730; Kazakh_TTS repository and published pretrained model artifacts CC-BY-4.0; ESPnet Apache-2.0; ParallelWaveGAN MIT; fixed published voice; no reference audio or voice cloning; language provenance is intended input text until full acoustic review; normalizer=stage_c_kazakhtts_text_v1,fresh_suite_v1_kazakhtts_tacotron2_pwg:synthetic-profile:issai_kazakhtts2_male2_tacotron2_pwg:ISSAI_KazakhTTS2_M2,google_fleurs_kk_v1:prompt:1730,eb940186bafe7976880d4b1127f88d5d373ce75012603319652f74ca2bf5a15d,13.595283446712019,tacotron2_parallelwavegan_fixed_voice_tts,ISSAI KazakhTTS2 Male2 Tacotron2 + ParallelWaveGAN,source-fc906048ff5914a3528d1ae4ed6f7ccd94d71383; acoustic-deb9cb49703b012d8f1406d15f4fa182b39ecb320bc4e2be5a557ac58766ea75; vocoder-fb415182fdf84dbe6a0bbca72e5ed9ed39009b622cf39e20ba630cb830594329,issai_kazakhtts2_male2_tacotron2_pwg:ISSAI_KazakhTTS2_M2,not_applicable:fixed_pretrained_tts_no_reference_audio,cuda,offline_text_only_tacotron2_parallelwavegan_tts,22050,wav,language_provenance=intended_input_text_only;text_normalizer=stage_c_kazakhtts_text_v1;synthesis_text_sha256=bb3e4d68778056d4c5e0248166120549eb26d4cfaf56e8554b8e3e049191dec4,,2026-08-12T21:18:24+05:00
fresh_suite_v1_kazakhtts_tacotron2_pwg:a4577747afdd48177337,raw/fresh_suite_v1_kazakhtts_tacotron2_pwg/slices/stage_c_normalized_v2/34c48b6e979c6b0ecc1a-893946c5daae.wav,dc5c4d76dcb4e3c0c75bb6d27cc2c0f1e3bced1ad12e9ee8d5bc8932906a7382,test,spoof,kk,false,fresh_suite_v1_kazakhtts_tacotron2_pwg:fixed-profile:issai_kazakhtts2_male2_tacotron2_pwg:ISSAI_KazakhTTS2_M2,fresh_suite_v1_kazakhtts_tacotron2_pwg,FLEURS/KSC2 CC-BY-4.0; ISSAI Kazakh_TTS model CC-BY-4.0; ESPnet Apache-2.0; ParallelWaveGAN MIT,Offline text-only derivative of google_fleurs_kk_v1 text google_fleurs_kk_v1:prompt:1981; Kazakh_TTS repository and published pretrained model artifacts CC-BY-4.0; ESPnet Apache-2.0; ParallelWaveGAN MIT; fixed published voice; no reference audio or voice cloning; language provenance is intended input text until full acoustic review; normalizer=stage_c_kazakhtts_text_v1,fresh_suite_v1_kazakhtts_tacotron2_pwg:synthetic-profile:issai_kazakhtts2_male2_tacotron2_pwg:ISSAI_KazakhTTS2_M2,google_fleurs_kk_v1:prompt:1981,893946c5daae74abe358860f610e806db160fac6b3b68b5ae9716034f6c76246,6.664126984126984,tacotron2_parallelwavegan_fixed_voice_tts,ISSAI KazakhTTS2 Male2 Tacotron2 + ParallelWaveGAN,source-fc906048ff5914a3528d1ae4ed6f7ccd94d71383; acoustic-deb9cb49703b012d8f1406d15f4fa182b39ecb320bc4e2be5a557ac58766ea75; vocoder-fb415182fdf84dbe6a0bbca72e5ed9ed39009b622cf39e20ba630cb830594329,issai_kazakhtts2_male2_tacotron2_pwg:ISSAI_KazakhTTS2_M2,not_applicable:fixed_pretrained_tts_no_reference_audio,cuda,offline_text_only_tacotron2_parallelwavegan_tts,22050,wav,language_provenance=intended_input_text_only;text_normalizer=stage_c_kazakhtts_text_v1;synthesis_text_sha256=de06f529be77d889f904df933ca9f47ea905e81bca7246491c3c4f8dacf83745,,2026-08-12T21:18:24+05:00
fresh_suite_v1_kazakhtts_tacotron2_pwg:c8babdccfc5017cb48d1,raw/fresh_suite_v1_kazakhtts_tacotron2_pwg/slices/stage_c_normalized_v2/bbccf97dbd45a2150100-8ef5014ba6b5.wav,16b868ed9b450cdd4e383038eed1e1d728711cf73eb7c9d5c6851167a8369e6c,test,spoof,kk,false,fresh_suite_v1_kazakhtts_tacotron2_pwg:fixed-profile:issai_kazakhtts2_male2_tacotron2_pwg:ISSAI_KazakhTTS2_M2,fresh_suite_v1_kazakhtts_tacotron2_pwg,FLEURS/KSC2 CC-BY-4.0; ISSAI Kazakh_TTS model CC-BY-4.0; ESPnet Apache-2.0; ParallelWaveGAN MIT,Offline text-only derivative of google_fleurs_kk_v1 text google_fleurs_kk_v1:prompt:1805; Kazakh_TTS repository and published pretrained model artifacts CC-BY-4.0; ESPnet Apache-2.0; ParallelWaveGAN MIT; fixed published voice; no reference audio or voice cloning; language provenance is intended input text until full acoustic review; normalizer=stage_c_kazakhtts_text_v1,fresh_suite_v1_kazakhtts_tacotron2_pwg:synthetic-profile:issai_kazakhtts2_male2_tacotron2_pwg:ISSAI_KazakhTTS2_M2,google_fleurs_kk_v1:prompt:1805,8ef5014ba6b5ecad7a9cb4934ca3604cab0968c6e336397050275b839fbc8dea,6.130068027210885,tacotron2_parallelwavegan_fixed_voice_tts,ISSAI KazakhTTS2 Male2 Tacotron2 + ParallelWaveGAN,source-fc906048ff5914a3528d1ae4ed6f7ccd94d71383; acoustic-deb9cb49703b012d8f1406d15f4fa182b39ecb320bc4e2be5a557ac58766ea75; vocoder-fb415182fdf84dbe6a0bbca72e5ed9ed39009b622cf39e20ba630cb830594329,issai_kazakhtts2_male2_tacotron2_pwg:ISSAI_KazakhTTS2_M2,not_applicable:fixed_pretrained_tts_no_reference_audio,cuda,offline_text_only_tacotron2_parallelwavegan_tts,22050,wav,language_provenance=intended_input_text_only;text_normalizer=stage_c_kazakhtts_text_v1;synthesis_text_sha256=8ea37e76998a8af5000bfb5b3b304a6af66664a6ef29379f0876f3800c1f1d23,,2026-08-12T21:18:24+05:00
fresh_suite_v1_kazakhtts_tacotron2_pwg:41890d0c84830f5b6c5b,raw/fresh_suite_v1_kazakhtts_tacotron2_pwg/slices/stage_c_normalized_v2/5a08d450dc0c3a0ebbf4-1735edda6ef8.wav,02c9a3f3935d2e2afaf7a3bea0834c44f958618a1728da0121f5bdbf7b410e87,test,spoof,kk,false,fresh_suite_v1_kazakhtts_tacotron2_pwg:fixed-profile:issai_kazakhtts2_male2_tacotron2_pwg:ISSAI_KazakhTTS2_M2,fresh_suite_v1_kazakhtts_tacotron2_pwg,FLEURS/KSC2 CC-BY-4.0; ISSAI Kazakh_TTS model CC-BY-4.0; ESPnet Apache-2.0; ParallelWaveGAN MIT,Offline text-only derivative of google_fleurs_kk_v1 text google_fleurs_kk_v1:prompt:2007; Kazakh_TTS repository and published pretrained model artifacts CC-BY-4.0; ESPnet Apache-2.0; ParallelWaveGAN MIT; fixed published voice; no reference audio or voice cloning; language provenance is intended input text until full acoustic review; normalizer=stage_c_kazakhtts_text_v1,fresh_suite_v1_kazakhtts_tacotron2_pwg:synthetic-profile:issai_kazakhtts2_male2_tacotron2_pwg:ISSAI_KazakhTTS2_M2,google_fleurs_kk_v1:prompt:2007,1735edda6ef8ea67baab0c0e6f6ec8f1e3c34c0b5a3f7ca133a566a9251cef94,6.698956916099773,tacotron2_parallelwavegan_fixed_voice_tts,ISSAI KazakhTTS2 Male2 Tacotron2 + ParallelWaveGAN,source-fc906048ff5914a3528d1ae4ed6f7ccd94d71383; acoustic-deb9cb49703b012d8f1406d15f4fa182b39ecb320bc4e2be5a557ac58766ea75; vocoder-fb415182fdf84dbe6a0bbca72e5ed9ed39009b622cf39e20ba630cb830594329,issai_kazakhtts2_male2_tacotron2_pwg:ISSAI_KazakhTTS2_M2,not_applicable:fixed_pretrained_tts_no_reference_audio,cuda,offline_text_only_tacotron2_parallelwavegan_tts,22050,wav,language_provenance=intended_input_text_only;text_normalizer=stage_c_kazakhtts_text_v1;synthesis_text_sha256=332cb02eb9187a26922b9ead4c3369b917bad45f68712f0ad855f5720259b6db,,2026-08-12T21:18:24+05:00
fresh_suite_v1_kazakhtts_tacotron2_pwg:d4bcbbea352927936464,raw/fresh_suite_v1_kazakhtts_tacotron2_pwg/slices/stage_c_normalized_v2/0765c0ff6e6f813ce22e-d8fd274be910.wav,39b7c10e40f4fed2992e32c05524fb23c81fab230cbee39ddf52dc57131046d3,test,spoof,kk,false,fresh_suite_v1_kazakhtts_tacotron2_pwg:fixed-profile:issai_kazakhtts2_male2_tacotron2_pwg:ISSAI_KazakhTTS2_M2,fresh_suite_v1_kazakhtts_tacotron2_pwg,FLEURS/KSC2 CC-BY-4.0; ISSAI Kazakh_TTS model CC-BY-4.0; ESPnet Apache-2.0; ParallelWaveGAN MIT,Offline text-only derivative of google_fleurs_kk_v1 text google_fleurs_kk_v1:prompt:1960; Kazakh_TTS repository and published pretrained model artifacts CC-BY-4.0; ESPnet Apache-2.0; ParallelWaveGAN MIT; fixed published voice; no reference audio or voice cloning; language provenance is intended input text until full acoustic review; normalizer=stage_c_kazakhtts_text_v1,fresh_suite_v1_kazakhtts_tacotron2_pwg:synthetic-profile:issai_kazakhtts2_male2_tacotron2_pwg:ISSAI_KazakhTTS2_M2,google_fleurs_kk_v1:prompt:1960,d8fd274be91000f8c72e4a718b6364ba8421178590f45c641f025505c31f63c3,14.117732426303855,tacotron2_parallelwavegan_fixed_voice_tts,ISSAI KazakhTTS2 Male2 Tacotron2 + ParallelWaveGAN,source-fc906048ff5914a3528d1ae4ed6f7ccd94d71383; acoustic-deb9cb49703b012d8f1406d15f4fa182b39ecb320bc4e2be5a557ac58766ea75; vocoder-fb415182fdf84dbe6a0bbca72e5ed9ed39009b622cf39e20ba630cb830594329,issai_kazakhtts2_male2_tacotron2_pwg:ISSAI_KazakhTTS2_M2,not_applicable:fixed_pretrained_tts_no_reference_audio,cuda,offline_text_only_tacotron2_parallelwavegan_tts,22050,wav,language_provenance=intended_input_text_only;text_normalizer=stage_c_kazakhtts_text_v1;synthesis_text_sha256=4b3067f7e74e3e9833525673285ca12ef89af5fd1be93d4a7baaa3afcd9d229a,,2026-08-12T21:18:24+05:00
fresh_suite_v1_kazakhtts_tacotron2_pwg:8b3e14669fd077a98685,raw/fresh_suite_v1_kazakhtts_tacotron2_pwg/slices/stage_c_normalized_v2/bf4261773e9e939fa5cd-b5d58cdbd005.wav,86cdeba318a3079b8361d218e17957ab584658c066a2dfb846dc1bc23f623a95,test,spoof,kk,false,fresh_suite_v1_kazakhtts_tacotron2_pwg:fixed-profile:issai_kazakhtts2_male2_tacotron2_pwg:ISSAI_KazakhTTS2_M2,fresh_suite_v1_kazakhtts_tacotron2_pwg,FLEURS/KSC2 CC-BY-4.0; ISSAI Kazakh_TTS model CC-BY-4.0; ESPnet Apache-2.0; ParallelWaveGAN MIT,Offline text-only derivative of google_fleurs_kk_v1 text google_fleurs_kk_v1:prompt:1786; Kazakh_TTS repository and published pretrained model artifacts CC-BY-4.0; ESPnet Apache-2.0; ParallelWaveGAN MIT; fixed published voice; no reference audio or voice cloning; language provenance is intended input text until full acoustic review; normalizer=stage_c_kazakhtts_text_v1,fresh_suite_v1_kazakhtts_tacotron2_pwg:synthetic-profile:issai_kazakhtts2_male2_tacotron2_pwg:ISSAI_KazakhTTS2_M2,google_fleurs_kk_v1:prompt:1786,b5d58cdbd005ac80e87779b0e86b06ed5e16ca6f9fc71634261d491aca1a581f,9.485351473922902,tacotron2_parallelwavegan_fixed_voice_tts,ISSAI KazakhTTS2 Male2 Tacotron2 + ParallelWaveGAN,source-fc906048ff5914a3528d1ae4ed6f7ccd94d71383; acoustic-deb9cb49703b012d8f1406d15f4fa182b39ecb320bc4e2be5a557ac58766ea75; vocoder-fb415182fdf84dbe6a0bbca72e5ed9ed39009b622cf39e20ba630cb830594329,issai_kazakhtts2_male2_tacotron2_pwg:ISSAI_KazakhTTS2_M2,not_applicable:fixed_pretrained_tts_no_reference_audio,cuda,offline_text_only_tacotron2_parallelwavegan_tts,22050,wav,language_provenance=intended_input_text_only;text_normalizer=stage_c_kazakhtts_text_v1;synthesis_text_sha256=b6782d070f26e0304e703da50f8f1c3732abc6600602eecee1a6a417c2396600,,2026-08-12T21:18:24+05:00
fresh_suite_v1_kazakhtts_tacotron2_pwg:4076b5c20779ebb133be,raw/fresh_suite_v1_kazakhtts_tacotron2_pwg/slices/stage_c_normalized_v2/bcc26d9ac61cd6fa4c1d-2f622a50216c.wav,4468aa52f5a44a9cdb30529b02db8c44cdf06ba2412637aa2a952ab9be3e4e56,test,spoof,kk,false,fresh_suite_v1_kazakhtts_tacotron2_pwg:fixed-profile:issai_kazakhtts2_male2_tacotron2_pwg:ISSAI_KazakhTTS2_M2,fresh_suite_v1_kazakhtts_tacotron2_pwg,FLEURS/KSC2 CC-BY-4.0; ISSAI Kazakh_TTS model CC-BY-4.0; ESPnet Apache-2.0; ParallelWaveGAN MIT,Offline text-only derivative of google_fleurs_kk_v1 text google_fleurs_kk_v1:prompt:1735; Kazakh_TTS repository and published pretrained model artifacts CC-BY-4.0; ESPnet Apache-2.0; ParallelWaveGAN MIT; fixed published voice; no reference audio or voice cloning; language provenance is intended input text until full acoustic review; normalizer=stage_c_kazakhtts_text_v1,fresh_suite_v1_kazakhtts_tacotron2_pwg:synthetic-profile:issai_kazakhtts2_male2_tacotron2_pwg:ISSAI_KazakhTTS2_M2,google_fleurs_kk_v1:prompt:1735,2f622a50216cc4a3b801f3fbabcd778c08fa9029d65a3aae0c626760a1c420d9,26.540408163265305,tacotron2_parallelwavegan_fixed_voice_tts,ISSAI KazakhTTS2 Male2 Tacotron2 + ParallelWaveGAN,source-fc906048ff5914a3528d1ae4ed6f7ccd94d71383; acoustic-deb9cb49703b012d8f1406d15f4fa182b39ecb320bc4e2be5a557ac58766ea75; vocoder-fb415182fdf84dbe6a0bbca72e5ed9ed39009b622cf39e20ba630cb830594329,issai_kazakhtts2_male2_tacotron2_pwg:ISSAI_KazakhTTS2_M2,not_applicable:fixed_pretrained_tts_no_reference_audio,cuda,offline_text_only_tacotron2_parallelwavegan_tts,22050,wav,language_provenance=intended_input_text_only;text_normalizer=stage_c_kazakhtts_text_v1;synthesis_text_sha256=9cee142f3948dc5f53bcfe42a381ae0d71937f0e2a0719f1111207f416978eae,,2026-08-12T21:18:24+05:00
fresh_suite_v1_kazakhtts_tacotron2_pwg:a9f396ca186211594f4d,raw/fresh_suite_v1_kazakhtts_tacotron2_pwg/slices/stage_c_normalized_v2/c038eec9b9b9059880b7-1783364515bc.wav,9d4400a21baa6350a1e5654a855a49406c9fdd30a615b7921238e5b0456faeae,test,spoof,kk,false,fresh_suite_v1_kazakhtts_tacotron2_pwg:fixed-profile:issai_kazakhtts2_male2_tacotron2_pwg:ISSAI_KazakhTTS2_M2,fresh_suite_v1_kazakhtts_tacotron2_pwg,FLEURS/KSC2 CC-BY-4.0; ISSAI Kazakh_TTS model CC-BY-4.0; ESPnet Apache-2.0; ParallelWaveGAN MIT,Offline text-only derivative of google_fleurs_kk_v1 text google_fleurs_kk_v1:prompt:1670; Kazakh_TTS repository and published pretrained model artifacts CC-BY-4.0; ESPnet Apache-2.0; ParallelWaveGAN MIT; fixed published voice; no reference audio or voice cloning; language provenance is intended input text until full acoustic review; normalizer=stage_c_kazakhtts_text_v1,fresh_suite_v1_kazakhtts_tacotron2_pwg:synthetic-profile:issai_kazakhtts2_male2_tacotron2_pwg:ISSAI_KazakhTTS2_M2,google_fleurs_kk_v1:prompt:1670,1783364515bc23e448b267bfc120e6de4368b724943a4a97773c6a18f7144d54,24.322902494331064,tacotron2_parallelwavegan_fixed_voice_tts,ISSAI KazakhTTS2 Male2 Tacotron2 + ParallelWaveGAN,source-fc906048ff5914a3528d1ae4ed6f7ccd94d71383; acoustic-deb9cb49703b012d8f1406d15f4fa182b39ecb320bc4e2be5a557ac58766ea75; vocoder-fb415182fdf84dbe6a0bbca72e5ed9ed39009b622cf39e20ba630cb830594329,issai_kazakhtts2_male2_tacotron2_pwg:ISSAI_KazakhTTS2_M2,not_applicable:fixed_pretrained_tts_no_reference_audio,cuda,offline_text_only_tacotron2_parallelwavegan_tts,22050,wav,language_provenance=intended_input_text_only;text_normalizer=stage_c_kazakhtts_text_v1;synthesis_text_sha256=e52cc6314b44c42b60a0348823866aa63d029157616676f35a43a80b696d57f3,,2026-08-12T21:18:24+05:00
fresh_suite_v1_kazakhtts_tacotron2_pwg:08bb1641e063dd45fc31,raw/fresh_suite_v1_kazakhtts_tacotron2_pwg/slices/stage_c_normalized_v2/3a7739f2f3372401b263-2aa84159d144.wav,0643ebeb43d282a90dd14413d9860d2a6d5cd1b058f74a93cb1c765d44cd7dbc,test,spoof,kk,false,fresh_suite_v1_kazakhtts_tacotron2_pwg:fixed-profile:issai_kazakhtts2_male2_tacotron2_pwg:ISSAI_KazakhTTS2_M2,fresh_suite_v1_kazakhtts_tacotron2_pwg,FLEURS/KSC2 CC-BY-4.0; ISSAI Kazakh_TTS model CC-BY-4.0; ESPnet Apache-2.0; ParallelWaveGAN MIT,Offline text-only derivative of google_fleurs_kk_v1 text google_fleurs_kk_v1:prompt:1898; Kazakh_TTS repository and published pretrained model artifacts CC-BY-4.0; ESPnet Apache-2.0; ParallelWaveGAN MIT; fixed published voice; no reference audio or voice cloning; language provenance is intended input text until full acoustic review; normalizer=stage_c_kazakhtts_text_v1,fresh_suite_v1_kazakhtts_tacotron2_pwg:synthetic-profile:issai_kazakhtts2_male2_tacotron2_pwg:ISSAI_KazakhTTS2_M2,google_fleurs_kk_v1:prompt:1898,2aa84159d144ed91ffccbd3505cb4a5214cdd6a5d2eed5b340560b89cb2e7865,11.27328798185941,tacotron2_parallelwavegan_fixed_voice_tts,ISSAI KazakhTTS2 Male2 Tacotron2 + ParallelWaveGAN,source-fc906048ff5914a3528d1ae4ed6f7ccd94d71383; acoustic-deb9cb49703b012d8f1406d15f4fa182b39ecb320bc4e2be5a557ac58766ea75; vocoder-fb415182fdf84dbe6a0bbca72e5ed9ed39009b622cf39e20ba630cb830594329,issai_kazakhtts2_male2_tacotron2_pwg:ISSAI_KazakhTTS2_M2,not_applicable:fixed_pretrained_tts_no_reference_audio,cuda,offline_text_only_tacotron2_parallelwavegan_tts,22050,wav,language_provenance=intended_input_text_only;text_normalizer=stage_c_kazakhtts_text_v1;synthesis_text_sha256=110e135b0ed2bff4ef19373cc50cbff3f898b04f6e88aa8231dc0695c7533077,,2026-08-12T21:18:24+05:00
fresh_suite_v1_kazakhtts_tacotron2_pwg:39dfd41111be70123f5b,raw/fresh_suite_v1_kazakhtts_tacotron2_pwg/slices/stage_c_normalized_v2/825bc22f031509d73d0c-a374573919f7.wav,c28c728584fb2e7f33e38ba89a15f272b3bafdf9fa8ebd80c55b4f745e18a44e,test,spoof,kk,false,fresh_suite_v1_kazakhtts_tacotron2_pwg:fixed-profile:issai_kazakhtts2_male2_tacotron2_pwg:ISSAI_KazakhTTS2_M2,fresh_suite_v1_kazakhtts_tacotron2_pwg,FLEURS/KSC2 CC-BY-4.0; ISSAI Kazakh_TTS model CC-BY-4.0; ESPnet Apache-2.0; ParallelWaveGAN MIT,Offline text-only derivative of google_fleurs_kk_v1 text google_fleurs_kk_v1:prompt:1718; Kazakh_TTS repository and published pretrained model artifacts CC-BY-4.0; ESPnet Apache-2.0; ParallelWaveGAN MIT; fixed published voice; no reference audio or voice cloning; language provenance is intended input text until full acoustic review; normalizer=stage_c_kazakhtts_text_v1,fresh_suite_v1_kazakhtts_tacotron2_pwg:synthetic-profile:issai_kazakhtts2_male2_tacotron2_pwg:ISSAI_KazakhTTS2_M2,google_fleurs_kk_v1:prompt:1718,a374573919f738ec80949c495d7bdc7d72290522ffcda4d4fce6e275e8e5295d,8.823582766439909,tacotron2_parallelwavegan_fixed_voice_tts,ISSAI KazakhTTS2 Male2 Tacotron2 + ParallelWaveGAN,source-fc906048ff5914a3528d1ae4ed6f7ccd94d71383; acoustic-deb9cb49703b012d8f1406d15f4fa182b39ecb320bc4e2be5a557ac58766ea75; vocoder-fb415182fdf84dbe6a0bbca72e5ed9ed39009b622cf39e20ba630cb830594329,issai_kazakhtts2_male2_tacotron2_pwg:ISSAI_KazakhTTS2_M2,not_applicable:fixed_pretrained_tts_no_reference_audio,cuda,offline_text_only_tacotron2_parallelwavegan_tts,22050,wav,language_provenance=intended_input_text_only;text_normalizer=stage_c_kazakhtts_text_v1;synthesis_text_sha256=d58f1980642f898c1e0ed60c83df0b951dc5bfce2aa7ee945d5ed0b9201b7b3e,,2026-08-12T21:18:24+05:00
fresh_suite_v1_kazakhtts_tacotron2_pwg:3809a377f2709093e211,raw/fresh_suite_v1_kazakhtts_tacotron2_pwg/slices/stage_c_normalized_v2/af0d8818cc97d46a184c-74e7d6bc2171.wav,1abec939597298caf53df65e9483b55e3657ece4ad258176a30a0ff7a352193c,test,spoof,kk,false,fresh_suite_v1_kazakhtts_tacotron2_pwg:fixed-profile:issai_kazakhtts2_male2_tacotron2_pwg:ISSAI_KazakhTTS2_M2,fresh_suite_v1_kazakhtts_tacotron2_pwg,FLEURS/KSC2 CC-BY-4.0; ISSAI Kazakh_TTS model CC-BY-4.0; ESPnet Apache-2.0; ParallelWaveGAN MIT,Offline text-only derivative of google_fleurs_kk_v1 text google_fleurs_kk_v1:prompt:1723; Kazakh_TTS repository and published pretrained model artifacts CC-BY-4.0; ESPnet Apache-2.0; ParallelWaveGAN MIT; fixed published voice; no reference audio or voice cloning; language provenance is intended input text until full acoustic review; normalizer=stage_c_kazakhtts_text_v1,fresh_suite_v1_kazakhtts_tacotron2_pwg:synthetic-profile:issai_kazakhtts2_male2_tacotron2_pwg:ISSAI_KazakhTTS2_M2,google_fleurs_kk_v1:prompt:1723,74e7d6bc21713b1576ac1cabe5b5da32087919e26a2bad84c80fad769d1fed84,10.379319727891156,tacotron2_parallelwavegan_fixed_voice_tts,ISSAI KazakhTTS2 Male2 Tacotron2 + ParallelWaveGAN,source-fc906048ff5914a3528d1ae4ed6f7ccd94d71383; acoustic-deb9cb49703b012d8f1406d15f4fa182b39ecb320bc4e2be5a557ac58766ea75; vocoder-fb415182fdf84dbe6a0bbca72e5ed9ed39009b622cf39e20ba630cb830594329,issai_kazakhtts2_male2_tacotron2_pwg:ISSAI_KazakhTTS2_M2,not_applicable:fixed_pretrained_tts_no_reference_audio,cuda,offline_text_only_tacotron2_parallelwavegan_tts,22050,wav,language_provenance=intended_input_text_only;text_normalizer=stage_c_kazakhtts_text_v1;synthesis_text_sha256=c269f2ebbc31ff718cbed71e3b42b897cad2faab1e3d1a7f82ea7bbb4af3c52e,,2026-08-12T21:18:24+05:00
fresh_suite_v1_kazakhtts_tacotron2_pwg:8f9b6be3c0fc2d2b70c7,raw/fresh_suite_v1_kazakhtts_tacotron2_pwg/slices/stage_c_normalized_v2/b287d5467090b876a0a8-96b2e49b1550.wav,7fa6d1bc53cb6fc65e41809f32dbef490b4e940db98d7f5a095d55079f6d395d,test,spoof,kk,false,fresh_suite_v1_kazakhtts_tacotron2_pwg:fixed-profile:issai_kazakhtts2_male2_tacotron2_pwg:ISSAI_KazakhTTS2_M2,fresh_suite_v1_kazakhtts_tacotron2_pwg,FLEURS/KSC2 CC-BY-4.0; ISSAI Kazakh_TTS model CC-BY-4.0; ESPnet Apache-2.0; ParallelWaveGAN MIT,Offline text-only derivative of google_fleurs_kk_v1 text google_fleurs_kk_v1:prompt:1846; Kazakh_TTS repository and published pretrained model artifacts CC-BY-4.0; ESPnet Apache-2.0; ParallelWaveGAN MIT; fixed published voice; no reference audio or voice cloning; language provenance is intended input text until full acoustic review; normalizer=stage_c_kazakhtts_text_v1,fresh_suite_v1_kazakhtts_tacotron2_pwg:synthetic-profile:issai_kazakhtts2_male2_tacotron2_pwg:ISSAI_KazakhTTS2_M2,google_fleurs_kk_v1:prompt:1846,96b2e49b1550fb355f76c6fc00fc3794eec04e4f8a564872980f43a8ca157ad4,7.349115646258503,tacotron2_parallelwavegan_fixed_voice_tts,ISSAI KazakhTTS2 Male2 Tacotron2 + ParallelWaveGAN,source-fc906048ff5914a3528d1ae4ed6f7ccd94d71383; acoustic-deb9cb49703b012d8f1406d15f4fa182b39ecb320bc4e2be5a557ac58766ea75; vocoder-fb415182fdf84dbe6a0bbca72e5ed9ed39009b622cf39e20ba630cb830594329,issai_kazakhtts2_male2_tacotron2_pwg:ISSAI_KazakhTTS2_M2,not_applicable:fixed_pretrained_tts_no_reference_audio,cuda,offline_text_only_tacotron2_parallelwavegan_tts,22050,wav,language_provenance=intended_input_text_only;text_normalizer=stage_c_kazakhtts_text_v1;synthesis_text_sha256=7857ca5ad95103f43ad1c9e5c352606fb52461c95a96ee4b0daf697197a2aa58,,2026-08-12T21:18:24+05:00
fresh_suite_v1_kazakhtts_tacotron2_pwg:fcd3889c5e73077f698e,raw/fresh_suite_v1_kazakhtts_tacotron2_pwg/slices/stage_c_normalized_v2/95b3772fb67507865bf0-1d94e8f5d719.wav,31756b393c00fe90b215822fdbdbeddbe998ee4b1ce1280900c3e5d7fd6060c8,test,spoof,kk,false,fresh_suite_v1_kazakhtts_tacotron2_pwg:fixed-profile:issai_kazakhtts2_male2_tacotron2_pwg:ISSAI_KazakhTTS2_M2,fresh_suite_v1_kazakhtts_tacotron2_pwg,FLEURS/KSC2 CC-BY-4.0; ISSAI Kazakh_TTS model CC-BY-4.0; ESPnet Apache-2.0; ParallelWaveGAN MIT,Offline text-only derivative of google_fleurs_kk_v1 text google_fleurs_kk_v1:prompt:1983; Kazakh_TTS repository and published pretrained model artifacts CC-BY-4.0; ESPnet Apache-2.0; ParallelWaveGAN MIT; fixed published voice; no reference audio or voice cloning; language provenance is intended input text until full acoustic review; normalizer=stage_c_kazakhtts_text_v1,fresh_suite_v1_kazakhtts_tacotron2_pwg:synthetic-profile:issai_kazakhtts2_male2_tacotron2_pwg:ISSAI_KazakhTTS2_M2,google_fleurs_kk_v1:prompt:1983,1d94e8f5d719d686cebf931e3bf540f7ac18ad527835e6ef39aa815d3b87017f,17.438185941043084,tacotron2_parallelwavegan_fixed_voice_tts,ISSAI KazakhTTS2 Male2 Tacotron2 + ParallelWaveGAN,source-fc906048ff5914a3528d1ae4ed6f7ccd94d71383; acoustic-deb9cb49703b012d8f1406d15f4fa182b39ecb320bc4e2be5a557ac58766ea75; vocoder-fb415182fdf84dbe6a0bbca72e5ed9ed39009b622cf39e20ba630cb830594329,issai_kazakhtts2_male2_tacotron2_pwg:ISSAI_KazakhTTS2_M2,not_applicable:fixed_pretrained_tts_no_reference_audio,cuda,offline_text_only_tacotron2_parallelwavegan_tts,22050,wav,language_provenance=intended_input_text_only;text_normalizer=stage_c_kazakhtts_text_v1;synthesis_text_sha256=22a3a2144bb677d0a7361ec2d8e8f8fcf8c86e6a6a33209e799b8c08b2d015c3,,2026-08-12T21:18:24+05:00
fresh_suite_v1_kazakhtts_tacotron2_pwg:cdc9cbffd3e3e115f6ab,raw/fresh_suite_v1_kazakhtts_tacotron2_pwg/slices/stage_c_normalized_v2/2510ba3f8531cd8bed94-9d98fd4e8376.wav,327445a29e26eb5d0e06d63cffa9e46b0cb5cee4f600ad1e66769b37b6aa33d1,test,spoof,kk,false,fresh_suite_v1_kazakhtts_tacotron2_pwg:fixed-profile:issai_kazakhtts2_male2_tacotron2_pwg:ISSAI_KazakhTTS2_M2,fresh_suite_v1_kazakhtts_tacotron2_pwg,FLEURS/KSC2 CC-BY-4.0; ISSAI Kazakh_TTS model CC-BY-4.0; ESPnet Apache-2.0; ParallelWaveGAN MIT,Offline text-only derivative of google_fleurs_kk_v1 text google_fleurs_kk_v1:prompt:1748; Kazakh_TTS repository and published pretrained model artifacts CC-BY-4.0; ESPnet Apache-2.0; ParallelWaveGAN MIT; fixed published voice; no reference audio or voice cloning; language provenance is intended input text until full acoustic review; normalizer=stage_c_kazakhtts_text_v1,fresh_suite_v1_kazakhtts_tacotron2_pwg:synthetic-profile:issai_kazakhtts2_male2_tacotron2_pwg:ISSAI_KazakhTTS2_M2,google_fleurs_kk_v1:prompt:1748,9d98fd4e83768f72b38a9e4367a3d429c5275b1be9710b725530fd12e53c8bd9,5.085170068027211,tacotron2_parallelwavegan_fixed_voice_tts,ISSAI KazakhTTS2 Male2 Tacotron2 + ParallelWaveGAN,source-fc906048ff5914a3528d1ae4ed6f7ccd94d71383; acoustic-deb9cb49703b012d8f1406d15f4fa182b39ecb320bc4e2be5a557ac58766ea75; vocoder-fb415182fdf84dbe6a0bbca72e5ed9ed39009b622cf39e20ba630cb830594329,issai_kazakhtts2_male2_tacotron2_pwg:ISSAI_KazakhTTS2_M2,not_applicable:fixed_pretrained_tts_no_reference_audio,cuda,offline_text_only_tacotron2_parallelwavegan_tts,22050,wav,language_provenance=intended_input_text_only;text_normalizer=stage_c_kazakhtts_text_v1;synthesis_text_sha256=3a8ec8e345ae96d6557d633084082704707d5e21d25eb127abaa882d92ac53c8,,2026-08-12T21:18:24+05:00
fresh_suite_v1_kazakhtts_tacotron2_pwg:cab13ad9db9aa34fffb0,raw/fresh_suite_v1_kazakhtts_tacotron2_pwg/slices/stage_c_normalized_v2/94bce31d6bd11e5dc16e-1ccaa7f24b27.wav,3b14fda9ac65b9c20c73e3f9a32189c3438d32788d1273d8537f2d2eb8fd2169,test,spoof,kk,false,fresh_suite_v1_kazakhtts_tacotron2_pwg:fixed-profile:issai_kazakhtts2_male2_tacotron2_pwg:ISSAI_KazakhTTS2_M2,fresh_suite_v1_kazakhtts_tacotron2_pwg,FLEURS/KSC2 CC-BY-4.0; ISSAI Kazakh_TTS model CC-BY-4.0; ESPnet Apache-2.0; ParallelWaveGAN MIT,Offline text-only derivative of google_fleurs_kk_v1 text google_fleurs_kk_v1:prompt:1947; Kazakh_TTS repository and published pretrained model artifacts CC-BY-4.0; ESPnet Apache-2.0; ParallelWaveGAN MIT; fixed published voice; no reference audio or voice cloning; language provenance is intended input text until full acoustic review; normalizer=stage_c_kazakhtts_text_v1,fresh_suite_v1_kazakhtts_tacotron2_pwg:synthetic-profile:issai_kazakhtts2_male2_tacotron2_pwg:ISSAI_KazakhTTS2_M2,google_fleurs_kk_v1:prompt:1947,1ccaa7f24b275885afefeda4848fbd421a1fbf418ef7d56313b2e099964e95c9,5.630839002267574,tacotron2_parallelwavegan_fixed_voice_tts,ISSAI KazakhTTS2 Male2 Tacotron2 + ParallelWaveGAN,source-fc906048ff5914a3528d1ae4ed6f7ccd94d71383; acoustic-deb9cb49703b012d8f1406d15f4fa182b39ecb320bc4e2be5a557ac58766ea75; vocoder-fb415182fdf84dbe6a0bbca72e5ed9ed39009b622cf39e20ba630cb830594329,issai_kazakhtts2_male2_tacotron2_pwg:ISSAI_KazakhTTS2_M2,not_applicable:fixed_pretrained_tts_no_reference_audio,cuda,offline_text_only_tacotron2_parallelwavegan_tts,22050,wav,language_provenance=intended_input_text_only;text_normalizer=stage_c_kazakhtts_text_v1;synthesis_text_sha256=847c77ecea29a9fcf5be6d4112b5a7ca650b3be3e05c8cc0f9b4216663d6b284,,2026-08-12T21:18:24+05:00
fresh_suite_v1_kazakhtts_tacotron2_pwg:c09d130b815e308df1ca,raw/fresh_suite_v1_kazakhtts_tacotron2_pwg/slices/stage_c_normalized_v2/bcd2940fbf46043e52fd-3c9346ebd03d.wav,35078dfdaeeb32df5444309d5c2e9c7ab69b280e9c0b8cb747340be2d7d67c5f,test,spoof,kk,false,fresh_suite_v1_kazakhtts_tacotron2_pwg:fixed-profile:issai_kazakhtts2_male2_tacotron2_pwg:ISSAI_KazakhTTS2_M2,fresh_suite_v1_kazakhtts_tacotron2_pwg,FLEURS/KSC2 CC-BY-4.0; ISSAI Kazakh_TTS model CC-BY-4.0; ESPnet Apache-2.0; ParallelWaveGAN MIT,Offline text-only derivative of google_fleurs_kk_v1 text google_fleurs_kk_v1:prompt:1724; Kazakh_TTS repository and published pretrained model artifacts CC-BY-4.0; ESPnet Apache-2.0; ParallelWaveGAN MIT; fixed published voice; no reference audio or voice cloning; language provenance is intended input text until full acoustic review; normalizer=stage_c_kazakhtts_text_v1,fresh_suite_v1_kazakhtts_tacotron2_pwg:synthetic-profile:issai_kazakhtts2_male2_tacotron2_pwg:ISSAI_KazakhTTS2_M2,google_fleurs_kk_v1:prompt:1724,3c9346ebd03d3b61c78245f8192abc59a851cf2cc0eaf00753fc2925986e2c9b,7.952834467120182,tacotron2_parallelwavegan_fixed_voice_tts,ISSAI KazakhTTS2 Male2 Tacotron2 + ParallelWaveGAN,source-fc906048ff5914a3528d1ae4ed6f7ccd94d71383; acoustic-deb9cb49703b012d8f1406d15f4fa182b39ecb320bc4e2be5a557ac58766ea75; vocoder-fb415182fdf84dbe6a0bbca72e5ed9ed39009b622cf39e20ba630cb830594329,issai_kazakhtts2_male2_tacotron2_pwg:ISSAI_KazakhTTS2_M2,not_applicable:fixed_pretrained_tts_no_reference_audio,cuda,offline_text_only_tacotron2_parallelwavegan_tts,22050,wav,language_provenance=intended_input_text_only;text_normalizer=stage_c_kazakhtts_text_v1;synthesis_text_sha256=ed3bf40a921890c176c0048ca6b71db70e8fa296a56b7366533c94c864ca3f56,,2026-08-12T21:18:24+05:00
fresh_suite_v1_kazakhtts_tacotron2_pwg:605b701708477be72d6c,raw/fresh_suite_v1_kazakhtts_tacotron2_pwg/slices/stage_c_normalized_v2/c5d17d3b298d68e1edec-b0b7886ee0c8.wav,21eb36332eba04ddac5375a3e65f9bad87f1137447dbcf8843d0a2d9f8b1306e,test,spoof,kk,false,fresh_suite_v1_kazakhtts_tacotron2_pwg:fixed-profile:issai_kazakhtts2_male2_tacotron2_pwg:ISSAI_KazakhTTS2_M2,fresh_suite_v1_kazakhtts_tacotron2_pwg,FLEURS/KSC2 CC-BY-4.0; ISSAI Kazakh_TTS model CC-BY-4.0; ESPnet Apache-2.0; ParallelWaveGAN MIT,Offline text-only derivative of google_fleurs_kk_v1 text google_fleurs_kk_v1:prompt:1725; Kazakh_TTS repository and published pretrained model artifacts CC-BY-4.0; ESPnet Apache-2.0; ParallelWaveGAN MIT; fixed published voice; no reference audio or voice cloning; language provenance is intended input text until full acoustic review; normalizer=stage_c_kazakhtts_text_v1,fresh_suite_v1_kazakhtts_tacotron2_pwg:synthetic-profile:issai_kazakhtts2_male2_tacotron2_pwg:ISSAI_KazakhTTS2_M2,google_fleurs_kk_v1:prompt:1725,b0b7886ee0c8b3db52a769888c2283125217ffeef174515e1771810fb089e58d,11.644807256235827,tacotron2_parallelwavegan_fixed_voice_tts,ISSAI KazakhTTS2 Male2 Tacotron2 + ParallelWaveGAN,source-fc906048ff5914a3528d1ae4ed6f7ccd94d71383; acoustic-deb9cb49703b012d8f1406d15f4fa182b39ecb320bc4e2be5a557ac58766ea75; vocoder-fb415182fdf84dbe6a0bbca72e5ed9ed39009b622cf39e20ba630cb830594329,issai_kazakhtts2_male2_tacotron2_pwg:ISSAI_KazakhTTS2_M2,not_applicable:fixed_pretrained_tts_no_reference_audio,cuda,offline_text_only_tacotron2_parallelwavegan_tts,22050,wav,language_provenance=intended_input_text_only;text_normalizer=stage_c_kazakhtts_text_v1;synthesis_text_sha256=6f93f50b62e906f1f2b44b9a52325b2f969d901f646d2fb4e9199d17561ccee0,,2026-08-12T21:18:24+05:00
fresh_suite_v1_kazakhtts_tacotron2_pwg:d090c4b0eb2d2472fbe4,raw/fresh_suite_v1_kazakhtts_tacotron2_pwg/slices/stage_c_normalized_v2/a43e00719c5f9191a9dd-bca9a4fd336a.wav,774895da3a335e966eff78d8da342ff2a8be1b6ac89bd0951cb2329d1af0af55,test,spoof,kk,false,fresh_suite_v1_kazakhtts_tacotron2_pwg:fixed-profile:issai_kazakhtts2_male2_tacotron2_pwg:ISSAI_KazakhTTS2_M2,fresh_suite_v1_kazakhtts_tacotron2_pwg,FLEURS/KSC2 CC-BY-4.0; ISSAI Kazakh_TTS model CC-BY-4.0; ESPnet Apache-2.0; ParallelWaveGAN MIT,Offline text-only derivative of google_fleurs_kk_v1 text google_fleurs_kk_v1:prompt:1928; Kazakh_TTS repository and published pretrained model artifacts CC-BY-4.0; ESPnet Apache-2.0; ParallelWaveGAN MIT; fixed published voice; no reference audio or voice cloning; language provenance is intended input text until full acoustic review; normalizer=stage_c_kazakhtts_text_v1,fresh_suite_v1_kazakhtts_tacotron2_pwg:synthetic-profile:issai_kazakhtts2_male2_tacotron2_pwg:ISSAI_KazakhTTS2_M2,google_fleurs_kk_v1:prompt:1928,bca9a4fd336af6db56a2ac617034d47182c347cb50722752940200e2b68ac3fa,7.627755102040816,tacotron2_parallelwavegan_fixed_voice_tts,ISSAI KazakhTTS2 Male2 Tacotron2 + ParallelWaveGAN,source-fc906048ff5914a3528d1ae4ed6f7ccd94d71383; acoustic-deb9cb49703b012d8f1406d15f4fa182b39ecb320bc4e2be5a557ac58766ea75; vocoder-fb415182fdf84dbe6a0bbca72e5ed9ed39009b622cf39e20ba630cb830594329,issai_kazakhtts2_male2_tacotron2_pwg:ISSAI_KazakhTTS2_M2,not_applicable:fixed_pretrained_tts_no_reference_audio,cuda,offline_text_only_tacotron2_parallelwavegan_tts,22050,wav,language_provenance=intended_input_text_only;text_normalizer=stage_c_kazakhtts_text_v1;synthesis_text_sha256=a8c3148aee2246c38ec04da49542fffb60c0de6854eee6c0a70886ce1be265fa,,2026-08-12T21:18:24+05:00
fresh_suite_v1_kazakhtts_tacotron2_pwg:74cd927af6ded07db25d,raw/fresh_suite_v1_kazakhtts_tacotron2_pwg/slices/stage_c_normalized_v2/fe18f9a624a3aa36c537-e43d1831e041.wav,77c9b019287c1f0b8d8794cf322d894a99a82bc2683754069b09dbc64f8185f0,test,spoof,kk,false,fresh_suite_v1_kazakhtts_tacotron2_pwg:fixed-profile:issai_kazakhtts2_male2_tacotron2_pwg:ISSAI_KazakhTTS2_M2,fresh_suite_v1_kazakhtts_tacotron2_pwg,FLEURS/KSC2 CC-BY-4.0; ISSAI Kazakh_TTS model CC-BY-4.0; ESPnet Apache-2.0; ParallelWaveGAN MIT,Offline text-only derivative of google_fleurs_kk_v1 text google_fleurs_kk_v1:prompt:1989; Kazakh_TTS repository and published pretrained model artifacts CC-BY-4.0; ESPnet Apache-2.0; ParallelWaveGAN MIT; fixed published voice; no reference audio or voice cloning; language provenance is intended input text until full acoustic review; normalizer=stage_c_kazakhtts_text_v1,fresh_suite_v1_kazakhtts_tacotron2_pwg:synthetic-profile:issai_kazakhtts2_male2_tacotron2_pwg:ISSAI_KazakhTTS2_M2,google_fleurs_kk_v1:prompt:1989,e43d1831e041c60324c2cf055a284db1d30bf037cf2c13105a9585e6e9309565,15.24390022675737,tacotron2_parallelwavegan_fixed_voice_tts,ISSAI KazakhTTS2 Male2 Tacotron2 + ParallelWaveGAN,source-fc906048ff5914a3528d1ae4ed6f7ccd94d71383; acoustic-deb9cb49703b012d8f1406d15f4fa182b39ecb320bc4e2be5a557ac58766ea75; vocoder-fb415182fdf84dbe6a0bbca72e5ed9ed39009b622cf39e20ba630cb830594329,issai_kazakhtts2_male2_tacotron2_pwg:ISSAI_KazakhTTS2_M2,not_applicable:fixed_pretrained_tts_no_reference_audio,cuda,offline_text_only_tacotron2_parallelwavegan_tts,22050,wav,language_provenance=intended_input_text_only;text_normalizer=stage_c_kazakhtts_text_v1;synthesis_text_sha256=dfa1bf5f88e2c97921399726e9c6cfe635cd923b7f2cb18adb56fa55106cb20f,,2026-08-12T21:18:24+05:00
fresh_suite_v1_kazakhtts_tacotron2_pwg:ca4115bce7b40576f99e,raw/fresh_suite_v1_kazakhtts_tacotron2_pwg/slices/stage_c_normalized_v2/df9541600fe75715969f-73676f3a0e12.wav,2c324f6e82e57915f923e2479b3a2f8171670b646eb9dd7d371e5da8af4c6a56,test,spoof,kk,false,fresh_suite_v1_kazakhtts_tacotron2_pwg:fixed-profile:issai_kazakhtts2_male2_tacotron2_pwg:ISSAI_KazakhTTS2_M2,fresh_suite_v1_kazakhtts_tacotron2_pwg,FLEURS/KSC2 CC-BY-4.0; ISSAI Kazakh_TTS model CC-BY-4.0; ESPnet Apache-2.0; ParallelWaveGAN MIT,Offline text-only derivative of google_fleurs_kk_v1 text google_fleurs_kk_v1:prompt:1832; Kazakh_TTS repository and published pretrained model artifacts CC-BY-4.0; ESPnet Apache-2.0; ParallelWaveGAN MIT; fixed published voice; no reference audio or voice cloning; language provenance is intended input text until full acoustic review; normalizer=stage_c_kazakhtts_text_v1,fresh_suite_v1_kazakhtts_tacotron2_pwg:synthetic-profile:issai_kazakhtts2_male2_tacotron2_pwg:ISSAI_KazakhTTS2_M2,google_fleurs_kk_v1:prompt:1832,73676f3a0e1247c9c01a7bd662db05e0c2d2a38cd4893d19cb7bf311d4c5920a,10.553469387755102,tacotron2_parallelwavegan_fixed_voice_tts,ISSAI KazakhTTS2 Male2 Tacotron2 + ParallelWaveGAN,source-fc906048ff5914a3528d1ae4ed6f7ccd94d71383; acoustic-deb9cb49703b012d8f1406d15f4fa182b39ecb320bc4e2be5a557ac58766ea75; vocoder-fb415182fdf84dbe6a0bbca72e5ed9ed39009b622cf39e20ba630cb830594329,issai_kazakhtts2_male2_tacotron2_pwg:ISSAI_KazakhTTS2_M2,not_applicable:fixed_pretrained_tts_no_reference_audio,cuda,offline_text_only_tacotron2_parallelwavegan_tts,22050,wav,language_provenance=intended_input_text_only;text_normalizer=stage_c_kazakhtts_text_v1;synthesis_text_sha256=19e2f7a23bd4d647f74fa19acc3ef0fa49b6a9b97977d0d23bd8d827756b5dcf,,2026-08-12T21:18:24+05:00
fresh_suite_v1_kazakhtts_tacotron2_pwg:572ce11b90a6a4237a67,raw/fresh_suite_v1_kazakhtts_tacotron2_pwg/slices/stage_c_normalized_v2/044c05c09ea40e48e2ac-6afed3a12fd2.wav,fa22d86258ae2e5c105c5fd7c860ca14dcb4b7b31f6e1544bafa85448f263065,test,spoof,kk,false,fresh_suite_v1_kazakhtts_tacotron2_pwg:fixed-profile:issai_kazakhtts2_male2_tacotron2_pwg:ISSAI_KazakhTTS2_M2,fresh_suite_v1_kazakhtts_tacotron2_pwg,FLEURS/KSC2 CC-BY-4.0; ISSAI Kazakh_TTS model CC-BY-4.0; ESPnet Apache-2.0; ParallelWaveGAN MIT,Offline text-only derivative of google_fleurs_kk_v1 text google_fleurs_kk_v1:prompt:1782; Kazakh_TTS repository and published pretrained model artifacts CC-BY-4.0; ESPnet Apache-2.0; ParallelWaveGAN MIT; fixed published voice; no reference audio or voice cloning; language provenance is intended input text until full acoustic review; normalizer=stage_c_kazakhtts_text_v1,fresh_suite_v1_kazakhtts_tacotron2_pwg:synthetic-profile:issai_kazakhtts2_male2_tacotron2_pwg:ISSAI_KazakhTTS2_M2,google_fleurs_kk_v1:prompt:1782,6afed3a12fd20f98ef076cc95a61018b2c3ed26ab79d724195866401650d4d3a,12.271746031746032,tacotron2_parallelwavegan_fixed_voice_tts,ISSAI KazakhTTS2 Male2 Tacotron2 + ParallelWaveGAN,source-fc906048ff5914a3528d1ae4ed6f7ccd94d71383; acoustic-deb9cb49703b012d8f1406d15f4fa182b39ecb320bc4e2be5a557ac58766ea75; vocoder-fb415182fdf84dbe6a0bbca72e5ed9ed39009b622cf39e20ba630cb830594329,issai_kazakhtts2_male2_tacotron2_pwg:ISSAI_KazakhTTS2_M2,not_applicable:fixed_pretrained_tts_no_reference_audio,cuda,offline_text_only_tacotron2_parallelwavegan_tts,22050,wav,language_provenance=intended_input_text_only;text_normalizer=stage_c_kazakhtts_text_v1;synthesis_text_sha256=2261e1b6937afb079a3badc05beb124d5a43e62f23451d3ef8ad85d132735d99,,2026-08-12T21:18:24+05:00
fresh_suite_v1_kazakhtts_tacotron2_pwg:c30bded4315ebce38676,raw/fresh_suite_v1_kazakhtts_tacotron2_pwg/slices/stage_c_normalized_v2/7f25c65cc0d3f5a6371e-df4f3b453486.wav,e82423d1c447b43956220e841fefcb4ac155ed007964c8604f2bcb8456dfe45f,test,spoof,kk,false,fresh_suite_v1_kazakhtts_tacotron2_pwg:fixed-profile:issai_kazakhtts2_male2_tacotron2_pwg:ISSAI_KazakhTTS2_M2,fresh_suite_v1_kazakhtts_tacotron2_pwg,FLEURS/KSC2 CC-BY-4.0; ISSAI Kazakh_TTS model CC-BY-4.0; ESPnet Apache-2.0; ParallelWaveGAN MIT,Offline text-only derivative of google_fleurs_kk_v1 text google_fleurs_kk_v1:prompt:1690; Kazakh_TTS repository and published pretrained model artifacts CC-BY-4.0; ESPnet Apache-2.0; ParallelWaveGAN MIT; fixed published voice; no reference audio or voice cloning; language provenance is intended input text until full acoustic review; normalizer=stage_c_kazakhtts_text_v1,fresh_suite_v1_kazakhtts_tacotron2_pwg:synthetic-profile:issai_kazakhtts2_male2_tacotron2_pwg:ISSAI_KazakhTTS2_M2,google_fleurs_kk_v1:prompt:1690,df4f3b453486f9df8b6f79ac8d6e7a16d3d6243021329060fcb3cef29ea3b1f7,13.305034013605443,tacotron2_parallelwavegan_fixed_voice_tts,ISSAI KazakhTTS2 Male2 Tacotron2 + ParallelWaveGAN,source-fc906048ff5914a3528d1ae4ed6f7ccd94d71383; acoustic-deb9cb49703b012d8f1406d15f4fa182b39ecb320bc4e2be5a557ac58766ea75; vocoder-fb415182fdf84dbe6a0bbca72e5ed9ed39009b622cf39e20ba630cb830594329,issai_kazakhtts2_male2_tacotron2_pwg:ISSAI_KazakhTTS2_M2,not_applicable:fixed_pretrained_tts_no_reference_audio,cuda,offline_text_only_tacotron2_parallelwavegan_tts,22050,wav,language_provenance=intended_input_text_only;text_normalizer=stage_c_kazakhtts_text_v1;synthesis_text_sha256=aa93c676326b017bfe24d64c9d9ac427ef9dc1e306e97c3e8765e118f1f3bc52,,2026-08-12T21:18:24+05:00
fresh_suite_v1_kazakhtts_tacotron2_pwg:ffbb4a24af505e04cc8d,raw/fresh_suite_v1_kazakhtts_tacotron2_pwg/slices/stage_c_normalized_v2/7164c105c9477ee84c4b-c760488821ec.wav,06d8078bf4f1386a34c714cc7ad42faa340eb628c8def5dfccb99bbaf54836c9,test,spoof,kk,false,fresh_suite_v1_kazakhtts_tacotron2_pwg:fixed-profile:issai_kazakhtts2_male2_tacotron2_pwg:ISSAI_KazakhTTS2_M2,fresh_suite_v1_kazakhtts_tacotron2_pwg,FLEURS/KSC2 CC-BY-4.0; ISSAI Kazakh_TTS model CC-BY-4.0; ESPnet Apache-2.0; ParallelWaveGAN MIT,Offline text-only derivative of google_fleurs_kk_v1 text google_fleurs_kk_v1:prompt:1798; Kazakh_TTS repository and published pretrained model artifacts CC-BY-4.0; ESPnet Apache-2.0; ParallelWaveGAN MIT; fixed published voice; no reference audio or voice cloning; language provenance is intended input text until full acoustic review; normalizer=stage_c_kazakhtts_text_v1,fresh_suite_v1_kazakhtts_tacotron2_pwg:synthetic-profile:issai_kazakhtts2_male2_tacotron2_pwg:ISSAI_KazakhTTS2_M2,google_fleurs_kk_v1:prompt:1798,c760488821ec29c0aa73d4f2b6944986c670a1528423d0da6c01cb8e5b77f339,9.903310657596371,tacotron2_parallelwavegan_fixed_voice_tts,ISSAI KazakhTTS2 Male2 Tacotron2 + ParallelWaveGAN,source-fc906048ff5914a3528d1ae4ed6f7ccd94d71383; acoustic-deb9cb49703b012d8f1406d15f4fa182b39ecb320bc4e2be5a557ac58766ea75; vocoder-fb415182fdf84dbe6a0bbca72e5ed9ed39009b622cf39e20ba630cb830594329,issai_kazakhtts2_male2_tacotron2_pwg:ISSAI_KazakhTTS2_M2,not_applicable:fixed_pretrained_tts_no_reference_audio,cuda,offline_text_only_tacotron2_parallelwavegan_tts,22050,wav,language_provenance=intended_input_text_only;text_normalizer=stage_c_kazakhtts_text_v1;synthesis_text_sha256=94455855833be5fc64fdbf3b646784e7dad07e396d5663c539dbbdc6d49bfb6d,,2026-08-12T21:18:24+05:00
fresh_suite_v1_kazakhtts_tacotron2_pwg:d5702ab3c0b4f9577c5c,raw/fresh_suite_v1_kazakhtts_tacotron2_pwg/slices/stage_c_normalized_v2/243557bd9267d4e1d73d-6688c24a9303.wav,5e86317c3b9b3c8229aeaed6dadf6421405063307ce6c7b05627823ce418e4bf,test,spoof,kk,false,fresh_suite_v1_kazakhtts_tacotron2_pwg:fixed-profile:issai_kazakhtts2_male2_tacotron2_pwg:ISSAI_KazakhTTS2_M2,fresh_suite_v1_kazakhtts_tacotron2_pwg,FLEURS/KSC2 CC-BY-4.0; ISSAI Kazakh_TTS model CC-BY-4.0; ESPnet Apache-2.0; ParallelWaveGAN MIT,Offline text-only derivative of google_fleurs_kk_v1 text google_fleurs_kk_v1:prompt:1773; Kazakh_TTS repository and published pretrained model artifacts CC-BY-4.0; ESPnet Apache-2.0; ParallelWaveGAN MIT; fixed published voice; no reference audio or voice cloning; language provenance is intended input text until full acoustic review; normalizer=stage_c_kazakhtts_text_v1,fresh_suite_v1_kazakhtts_tacotron2_pwg:synthetic-profile:issai_kazakhtts2_male2_tacotron2_pwg:ISSAI_KazakhTTS2_M2,google_fleurs_kk_v1:prompt:1773,6688c24a93030684d0b933bb060928a68197a3a7c99981316f28adbb6420baf6,7.302675736961452,tacotron2_parallelwavegan_fixed_voice_tts,ISSAI KazakhTTS2 Male2 Tacotron2 + ParallelWaveGAN,source-fc906048ff5914a3528d1ae4ed6f7ccd94d71383; acoustic-deb9cb49703b012d8f1406d15f4fa182b39ecb320bc4e2be5a557ac58766ea75; vocoder-fb415182fdf84dbe6a0bbca72e5ed9ed39009b622cf39e20ba630cb830594329,issai_kazakhtts2_male2_tacotron2_pwg:ISSAI_KazakhTTS2_M2,not_applicable:fixed_pretrained_tts_no_reference_audio,cuda,offline_text_only_tacotron2_parallelwavegan_tts,22050,wav,language_provenance=intended_input_text_only;text_normalizer=stage_c_kazakhtts_text_v1;synthesis_text_sha256=fbf8d16eae510a77c009b6b244efa27777685434d1310c7b233226ae9eef7118,,2026-08-12T21:18:24+05:00
fresh_suite_v1_kazakhtts_tacotron2_pwg:79d813026ca033c8f596,raw/fresh_suite_v1_kazakhtts_tacotron2_pwg/slices/stage_c_normalized_v2/aac4741487b044b0f587-d69aa37538e1.wav,00250d5b54f623b634fd943c521fa8f56cee4f6b6899119a07ece8f2281e6764,test,spoof,kk,false,fresh_suite_v1_kazakhtts_tacotron2_pwg:fixed-profile:issai_kazakhtts2_male2_tacotron2_pwg:ISSAI_KazakhTTS2_M2,fresh_suite_v1_kazakhtts_tacotron2_pwg,FLEURS/KSC2 CC-BY-4.0; ISSAI Kazakh_TTS model CC-BY-4.0; ESPnet Apache-2.0; ParallelWaveGAN MIT,Offline text-only derivative of google_fleurs_kk_v1 text google_fleurs_kk_v1:prompt:1722; Kazakh_TTS repository and published pretrained model artifacts CC-BY-4.0; ESPnet Apache-2.0; ParallelWaveGAN MIT; fixed published voice; no reference audio or voice cloning; language provenance is intended input text until full acoustic review; normalizer=stage_c_kazakhtts_text_v1,fresh_suite_v1_kazakhtts_tacotron2_pwg:synthetic-profile:issai_kazakhtts2_male2_tacotron2_pwg:ISSAI_KazakhTTS2_M2,google_fleurs_kk_v1:prompt:1722,d69aa37538e13dff2d2f9bb2286e4db9fba74b4991b20dc04c832c1c240ae10c,11.784126984126985,tacotron2_parallelwavegan_fixed_voice_tts,ISSAI KazakhTTS2 Male2 Tacotron2 + ParallelWaveGAN,source-fc906048ff5914a3528d1ae4ed6f7ccd94d71383; acoustic-deb9cb49703b012d8f1406d15f4fa182b39ecb320bc4e2be5a557ac58766ea75; vocoder-fb415182fdf84dbe6a0bbca72e5ed9ed39009b622cf39e20ba630cb830594329,issai_kazakhtts2_male2_tacotron2_pwg:ISSAI_KazakhTTS2_M2,not_applicable:fixed_pretrained_tts_no_reference_audio,cuda,offline_text_only_tacotron2_parallelwavegan_tts,22050,wav,language_provenance=intended_input_text_only;text_normalizer=stage_c_kazakhtts_text_v1;synthesis_text_sha256=e86ae9fcf66fd0778782aeaba2f734faeed7b5b76282d8318d8272c73173589f,,2026-08-12T21:18:24+05:00
fresh_suite_v1_kazakhtts_tacotron2_pwg:a6d73ad57500dffa351f,raw/fresh_suite_v1_kazakhtts_tacotron2_pwg/slices/stage_c_normalized_v2/b7912490634afe6ca459-37ad68c87402.wav,ec7f3197d0a82845f775fba0f5903da4d84b9599de1777f8c48b3a6d3dbabb89,test,spoof,kk,false,fresh_suite_v1_kazakhtts_tacotron2_pwg:fixed-profile:issai_kazakhtts2_male2_tacotron2_pwg:ISSAI_KazakhTTS2_M2,fresh_suite_v1_kazakhtts_tacotron2_pwg,FLEURS/KSC2 CC-BY-4.0; ISSAI Kazakh_TTS model CC-BY-4.0; ESPnet Apache-2.0; ParallelWaveGAN MIT,Offline text-only derivative of google_fleurs_kk_v1 text google_fleurs_kk_v1:prompt:1707; Kazakh_TTS repository and published pretrained model artifacts CC-BY-4.0; ESPnet Apache-2.0; ParallelWaveGAN MIT; fixed published voice; no reference audio or voice cloning; language provenance is intended input text until full acoustic review; normalizer=stage_c_kazakhtts_text_v1,fresh_suite_v1_kazakhtts_tacotron2_pwg:synthetic-profile:issai_kazakhtts2_male2_tacotron2_pwg:ISSAI_KazakhTTS2_M2,google_fleurs_kk_v1:prompt:1707,37ad68c87402b4d201bff8ab5a67be9a329c398b42214c2095500d2e9383c6a2,9.067392290249433,tacotron2_parallelwavegan_fixed_voice_tts,ISSAI KazakhTTS2 Male2 Tacotron2 + ParallelWaveGAN,source-fc906048ff5914a3528d1ae4ed6f7ccd94d71383; acoustic-deb9cb49703b012d8f1406d15f4fa182b39ecb320bc4e2be5a557ac58766ea75; vocoder-fb415182fdf84dbe6a0bbca72e5ed9ed39009b622cf39e20ba630cb830594329,issai_kazakhtts2_male2_tacotron2_pwg:ISSAI_KazakhTTS2_M2,not_applicable:fixed_pretrained_tts_no_reference_audio,cuda,offline_text_only_tacotron2_parallelwavegan_tts,22050,wav,language_provenance=intended_input_text_only;text_normalizer=stage_c_kazakhtts_text_v1;synthesis_text_sha256=28ed28a565a9744e2fff3b4f47bf35420bb92ab8af5bfa3feea0ca35f8963d60,,2026-08-12T21:18:24+05:00
fresh_suite_v1_kazakhtts_tacotron2_pwg:0c603e7d0c92154199ba,raw/fresh_suite_v1_kazakhtts_tacotron2_pwg/slices/stage_c_normalized_v2/e275de360765221c6e51-5efd224d3696.wav,5c61afe60cceeb4beac79522e26dfb4d76b8a7ed20a6ca20d06fbb7249c49a9e,test,spoof,kk,false,fresh_suite_v1_kazakhtts_tacotron2_pwg:fixed-profile:issai_kazakhtts2_male2_tacotron2_pwg:ISSAI_KazakhTTS2_M2,fresh_suite_v1_kazakhtts_tacotron2_pwg,FLEURS/KSC2 CC-BY-4.0; ISSAI Kazakh_TTS model CC-BY-4.0; ESPnet Apache-2.0; ParallelWaveGAN MIT,Offline text-only derivative of google_fleurs_kk_v1 text google_fleurs_kk_v1:prompt:1986; Kazakh_TTS repository and published pretrained model artifacts CC-BY-4.0; ESPnet Apache-2.0; ParallelWaveGAN MIT; fixed published voice; no reference audio or voice cloning; language provenance is intended input text until full acoustic review; normalizer=stage_c_kazakhtts_text_v1,fresh_suite_v1_kazakhtts_tacotron2_pwg:synthetic-profile:issai_kazakhtts2_male2_tacotron2_pwg:ISSAI_KazakhTTS2_M2,google_fleurs_kk_v1:prompt:1986,5efd224d36964fff4062e36b8007e24c9007be87939b2b5fdbfde573c12314ac,8.974512471655329,tacotron2_parallelwavegan_fixed_voice_tts,ISSAI KazakhTTS2 Male2 Tacotron2 + ParallelWaveGAN,source-fc906048ff5914a3528d1ae4ed6f7ccd94d71383; acoustic-deb9cb49703b012d8f1406d15f4fa182b39ecb320bc4e2be5a557ac58766ea75; vocoder-fb415182fdf84dbe6a0bbca72e5ed9ed39009b622cf39e20ba630cb830594329,issai_kazakhtts2_male2_tacotron2_pwg:ISSAI_KazakhTTS2_M2,not_applicable:fixed_pretrained_tts_no_reference_audio,cuda,offline_text_only_tacotron2_parallelwavegan_tts,22050,wav,language_provenance=intended_input_text_only;text_normalizer=stage_c_kazakhtts_text_v1;synthesis_text_sha256=1f72d8a2e8c3eac2bc9339139d1150a7eb79d90452daf87d6aaf01113a03c9ec,,2026-08-12T21:18:24+05:00
fresh_suite_v1_kazakhtts_tacotron2_pwg:3c9df75f3453c9894bb1,raw/fresh_suite_v1_kazakhtts_tacotron2_pwg/slices/stage_c_normalized_v2/3bb25c8c48d754ede8b7-b9e16872c6f7.wav,25a8d847bcf51cd5fdc845d558959ad2e31cd8cb9d17a281785c5b380f40ae40,test,spoof,kk,false,fresh_suite_v1_kazakhtts_tacotron2_pwg:fixed-profile:issai_kazakhtts2_male2_tacotron2_pwg:ISSAI_KazakhTTS2_M2,fresh_suite_v1_kazakhtts_tacotron2_pwg,FLEURS/KSC2 CC-BY-4.0; ISSAI Kazakh_TTS model CC-BY-4.0; ESPnet Apache-2.0; ParallelWaveGAN MIT,Offline text-only derivative of google_fleurs_kk_v1 text google_fleurs_kk_v1:prompt:1988; Kazakh_TTS repository and published pretrained model artifacts CC-BY-4.0; ESPnet Apache-2.0; ParallelWaveGAN MIT; fixed published voice; no reference audio or voice cloning; language provenance is intended input text until full acoustic review; normalizer=stage_c_kazakhtts_text_v1,fresh_suite_v1_kazakhtts_tacotron2_pwg:synthetic-profile:issai_kazakhtts2_male2_tacotron2_pwg:ISSAI_KazakhTTS2_M2,google_fleurs_kk_v1:prompt:1988,b9e16872c6f7f8d0f89a4a05eaefaf6e6d1c3b26940ac21aa202ef0533668724,8.289523809523809,tacotron2_parallelwavegan_fixed_voice_tts,ISSAI KazakhTTS2 Male2 Tacotron2 + ParallelWaveGAN,source-fc906048ff5914a3528d1ae4ed6f7ccd94d71383; acoustic-deb9cb49703b012d8f1406d15f4fa182b39ecb320bc4e2be5a557ac58766ea75; vocoder-fb415182fdf84dbe6a0bbca72e5ed9ed39009b622cf39e20ba630cb830594329,issai_kazakhtts2_male2_tacotron2_pwg:ISSAI_KazakhTTS2_M2,not_applicable:fixed_pretrained_tts_no_reference_audio,cuda,offline_text_only_tacotron2_parallelwavegan_tts,22050,wav,language_provenance=intended_input_text_only;text_normalizer=stage_c_kazakhtts_text_v1;synthesis_text_sha256=9e138d55fc9fc8401b531d34e6a4d3014d377385627f9b0a89efc5815efbdf92,,2026-08-12T21:18:24+05:00
fresh_suite_v1_kazakhtts_tacotron2_pwg:2b195d780ea0a5a252cf,raw/fresh_suite_v1_kazakhtts_tacotron2_pwg/slices/stage_c_normalized_v2/a211932a1f5e68855c7f-c6d5381e1e34.wav,5bcced16d0bbf59aea162131d735ca7225417cdc966cb0acf19a18e9b3bc44a0,test,spoof,kk,false,fresh_suite_v1_kazakhtts_tacotron2_pwg:fixed-profile:issai_kazakhtts2_male2_tacotron2_pwg:ISSAI_KazakhTTS2_M2,fresh_suite_v1_kazakhtts_tacotron2_pwg,FLEURS/KSC2 CC-BY-4.0; ISSAI Kazakh_TTS model CC-BY-4.0; ESPnet Apache-2.0; ParallelWaveGAN MIT,Offline text-only derivative of google_fleurs_kk_v1 text google_fleurs_kk_v1:prompt:1962; Kazakh_TTS repository and published pretrained model artifacts CC-BY-4.0; ESPnet Apache-2.0; ParallelWaveGAN MIT; fixed published voice; no reference audio or voice cloning; language provenance is intended input text until full acoustic review; normalizer=stage_c_kazakhtts_text_v1,fresh_suite_v1_kazakhtts_tacotron2_pwg:synthetic-profile:issai_kazakhtts2_male2_tacotron2_pwg:ISSAI_KazakhTTS2_M2,google_fleurs_kk_v1:prompt:1962,c6d5381e1e34055eb4db4feb26d8c9e85b26ec89b99f8592a24f68bf6e0b42c1,6.350657596371882,tacotron2_parallelwavegan_fixed_voice_tts,ISSAI KazakhTTS2 Male2 Tacotron2 + ParallelWaveGAN,source-fc906048ff5914a3528d1ae4ed6f7ccd94d71383; acoustic-deb9cb49703b012d8f1406d15f4fa182b39ecb320bc4e2be5a557ac58766ea75; vocoder-fb415182fdf84dbe6a0bbca72e5ed9ed39009b622cf39e20ba630cb830594329,issai_kazakhtts2_male2_tacotron2_pwg:ISSAI_KazakhTTS2_M2,not_applicable:fixed_pretrained_tts_no_reference_audio,cuda,offline_text_only_tacotron2_parallelwavegan_tts,22050,wav,language_provenance=intended_input_text_only;text_normalizer=stage_c_kazakhtts_text_v1;synthesis_text_sha256=e6ec5830032ef87a98eed4955a6a84e7657ceb41055f46f6cad69a1d52474ce2,,2026-08-12T21:18:24+05:00
fresh_suite_v1_kazakhtts_tacotron2_pwg:6265aa77ee8578c0b84d,raw/fresh_suite_v1_kazakhtts_tacotron2_pwg/slices/stage_c_normalized_v2/89a992d8ff75225b7934-5a13dc7e5bbc.wav,212082fd54af2ea54f656e84582ebdeeb2bb489c15def2d546b0a46a881a8852,test,spoof,kk,false,fresh_suite_v1_kazakhtts_tacotron2_pwg:fixed-profile:issai_kazakhtts2_male2_tacotron2_pwg:ISSAI_KazakhTTS2_M2,fresh_suite_v1_kazakhtts_tacotron2_pwg,FLEURS/KSC2 CC-BY-4.0; ISSAI Kazakh_TTS model CC-BY-4.0; ESPnet Apache-2.0; ParallelWaveGAN MIT,Offline text-only derivative of google_fleurs_kk_v1 text google_fleurs_kk_v1:prompt:1877; Kazakh_TTS repository and published pretrained model artifacts CC-BY-4.0; ESPnet Apache-2.0; ParallelWaveGAN MIT; fixed published voice; no reference audio or voice cloning; language provenance is intended input text until full acoustic review; normalizer=stage_c_kazakhtts_text_v1,fresh_suite_v1_kazakhtts_tacotron2_pwg:synthetic-profile:issai_kazakhtts2_male2_tacotron2_pwg:ISSAI_KazakhTTS2_M2,google_fleurs_kk_v1:prompt:1877,5a13dc7e5bbcb4b865a60f4f63dbce362b131c8abdc6390c87b521727fc56e60,14.814331065759637,tacotron2_parallelwavegan_fixed_voice_tts,ISSAI KazakhTTS2 Male2 Tacotron2 + ParallelWaveGAN,source-fc906048ff5914a3528d1ae4ed6f7ccd94d71383; acoustic-deb9cb49703b012d8f1406d15f4fa182b39ecb320bc4e2be5a557ac58766ea75; vocoder-fb415182fdf84dbe6a0bbca72e5ed9ed39009b622cf39e20ba630cb830594329,issai_kazakhtts2_male2_tacotron2_pwg:ISSAI_KazakhTTS2_M2,not_applicable:fixed_pretrained_tts_no_reference_audio,cuda,offline_text_only_tacotron2_parallelwavegan_tts,22050,wav,language_provenance=intended_input_text_only;text_normalizer=stage_c_kazakhtts_text_v1;synthesis_text_sha256=070945fcf397a4bb6104b3b553f9e4324405af7fe28fac169d650e0af1695dc8,,2026-08-12T21:18:24+05:00
fresh_suite_v1_kazakhtts_tacotron2_pwg:8da467b1a2f4db2cf516,raw/fresh_suite_v1_kazakhtts_tacotron2_pwg/slices/stage_c_normalized_v2/41cd3a28b81b0c613b87-27381617b5ea.wav,02990be19828f48b934e45ad596c4534a45925e280e9e9ce292adf603b5ab59b,test,spoof,kk,false,fresh_suite_v1_kazakhtts_tacotron2_pwg:fixed-profile:issai_kazakhtts2_male2_tacotron2_pwg:ISSAI_KazakhTTS2_M2,fresh_suite_v1_kazakhtts_tacotron2_pwg,FLEURS/KSC2 CC-BY-4.0; ISSAI Kazakh_TTS model CC-BY-4.0; ESPnet Apache-2.0; ParallelWaveGAN MIT,Offline text-only derivative of google_fleurs_kk_v1 text google_fleurs_kk_v1:prompt:1946; Kazakh_TTS repository and published pretrained model artifacts CC-BY-4.0; ESPnet Apache-2.0; ParallelWaveGAN MIT; fixed published voice; no reference audio or voice cloning; language provenance is intended input text until full acoustic review; normalizer=stage_c_kazakhtts_text_v1,fresh_suite_v1_kazakhtts_tacotron2_pwg:synthetic-profile:issai_kazakhtts2_male2_tacotron2_pwg:ISSAI_KazakhTTS2_M2,google_fleurs_kk_v1:prompt:1946,27381617b5eadbab7654a544ce3aec97faec33f39efc45610c90a7fd4ea582f1,12.84063492063492,tacotron2_parallelwavegan_fixed_voice_tts,ISSAI KazakhTTS2 Male2 Tacotron2 + ParallelWaveGAN,source-fc906048ff5914a3528d1ae4ed6f7ccd94d71383; acoustic-deb9cb49703b012d8f1406d15f4fa182b39ecb320bc4e2be5a557ac58766ea75; vocoder-fb415182fdf84dbe6a0bbca72e5ed9ed39009b622cf39e20ba630cb830594329,issai_kazakhtts2_male2_tacotron2_pwg:ISSAI_KazakhTTS2_M2,not_applicable:fixed_pretrained_tts_no_reference_audio,cuda,offline_text_only_tacotron2_parallelwavegan_tts,22050,wav,language_provenance=intended_input_text_only;text_normalizer=stage_c_kazakhtts_text_v1;synthesis_text_sha256=267f8f54ec7493cdc487a295d88895419d023e41cd27298ed6339dc0d8f28b35,,2026-08-12T21:18:24+05:00
fresh_suite_v1_kazakhtts_tacotron2_pwg:34334ddb9ca449311d26,raw/fresh_suite_v1_kazakhtts_tacotron2_pwg/slices/stage_c_normalized_v2/5a551745a263154cb4b0-2170e6211ae7.wav,e7025d6989447669f111c8680eaf5a164d74dfb1ca6d83a3e275357a14a03f4e,test,spoof,kk,false,fresh_suite_v1_kazakhtts_tacotron2_pwg:fixed-profile:issai_kazakhtts2_male2_tacotron2_pwg:ISSAI_KazakhTTS2_M2,fresh_suite_v1_kazakhtts_tacotron2_pwg,FLEURS/KSC2 CC-BY-4.0; ISSAI Kazakh_TTS model CC-BY-4.0; ESPnet Apache-2.0; ParallelWaveGAN MIT,Offline text-only derivative of google_fleurs_kk_v1 text google_fleurs_kk_v1:prompt:1800; Kazakh_TTS repository and published pretrained model artifacts CC-BY-4.0; ESPnet Apache-2.0; ParallelWaveGAN MIT; fixed published voice; no reference audio or voice cloning; language provenance is intended input text until full acoustic review; normalizer=stage_c_kazakhtts_text_v1,fresh_suite_v1_kazakhtts_tacotron2_pwg:synthetic-profile:issai_kazakhtts2_male2_tacotron2_pwg:ISSAI_KazakhTTS2_M2,google_fleurs_kk_v1:prompt:1800,2170e6211ae759b0c7118e86207fa59dca5c57a71ec050b4e3e371e246f85be0,9.125442176870749,tacotron2_parallelwavegan_fixed_voice_tts,ISSAI KazakhTTS2 Male2 Tacotron2 + ParallelWaveGAN,source-fc906048ff5914a3528d1ae4ed6f7ccd94d71383; acoustic-deb9cb49703b012d8f1406d15f4fa182b39ecb320bc4e2be5a557ac58766ea75; vocoder-fb415182fdf84dbe6a0bbca72e5ed9ed39009b622cf39e20ba630cb830594329,issai_kazakhtts2_male2_tacotron2_pwg:ISSAI_KazakhTTS2_M2,not_applicable:fixed_pretrained_tts_no_reference_audio,cuda,offline_text_only_tacotron2_parallelwavegan_tts,22050,wav,language_provenance=intended_input_text_only;text_normalizer=stage_c_kazakhtts_text_v1;synthesis_text_sha256=9eeee0136cd5e0bce37e779042bb78e22cf891c1101f7088a9d8a2de79695231,,2026-08-12T21:18:24+05:00
fresh_suite_v1_kazakhtts_tacotron2_pwg:0ebb9ed4b49873e45aa9,raw/fresh_suite_v1_kazakhtts_tacotron2_pwg/slices/stage_c_normalized_v2/2ae205e5fd149c4bd414-b604bdd782be.wav,81fab84bd7c071a65cf621feebc78c29529f90069ba32ddf97780866d1edbaa5,test,spoof,kk,false,fresh_suite_v1_kazakhtts_tacotron2_pwg:fixed-profile:issai_kazakhtts2_male2_tacotron2_pwg:ISSAI_KazakhTTS2_M2,fresh_suite_v1_kazakhtts_tacotron2_pwg,FLEURS/KSC2 CC-BY-4.0; ISSAI Kazakh_TTS model CC-BY-4.0; ESPnet Apache-2.0; ParallelWaveGAN MIT,Offline text-only derivative of google_fleurs_kk_v1 text google_fleurs_kk_v1:prompt:1869; Kazakh_TTS repository and published pretrained model artifacts CC-BY-4.0; ESPnet Apache-2.0; ParallelWaveGAN MIT; fixed published voice; no reference audio or voice cloning; language provenance is intended input text until full acoustic review; normalizer=stage_c_kazakhtts_text_v1,fresh_suite_v1_kazakhtts_tacotron2_pwg:synthetic-profile:issai_kazakhtts2_male2_tacotron2_pwg:ISSAI_KazakhTTS2_M2,google_fleurs_kk_v1:prompt:1869,b604bdd782be7579ba4490f20ca96501c7e89e000f5de82eece34bb5a69d4060,12.678095238095239,tacotron2_parallelwavegan_fixed_voice_tts,ISSAI KazakhTTS2 Male2 Tacotron2 + ParallelWaveGAN,source-fc906048ff5914a3528d1ae4ed6f7ccd94d71383; acoustic-deb9cb49703b012d8f1406d15f4fa182b39ecb320bc4e2be5a557ac58766ea75; vocoder-fb415182fdf84dbe6a0bbca72e5ed9ed39009b622cf39e20ba630cb830594329,issai_kazakhtts2_male2_tacotron2_pwg:ISSAI_KazakhTTS2_M2,not_applicable:fixed_pretrained_tts_no_reference_audio,cuda,offline_text_only_tacotron2_parallelwavegan_tts,22050,wav,language_provenance=intended_input_text_only;text_normalizer=stage_c_kazakhtts_text_v1;synthesis_text_sha256=d787b9e82b61956cbe22d4208ff0a4420979bf800f0c880cce7058636d8c0722,,2026-08-12T21:18:24+05:00
fresh_suite_v1_kazakhtts_tacotron2_pwg:149f854a589b845ae9b4,raw/fresh_suite_v1_kazakhtts_tacotron2_pwg/slices/stage_c_normalized_v2/bc820d740eabb49a7271-99121f43b5b2.wav,74d886f053bc50e2d08f9c5e02040afcc3581f4eca32cc2a33b903c020b31444,test,spoof,kk,false,fresh_suite_v1_kazakhtts_tacotron2_pwg:fixed-profile:issai_kazakhtts2_male2_tacotron2_pwg:ISSAI_KazakhTTS2_M2,fresh_suite_v1_kazakhtts_tacotron2_pwg,FLEURS/KSC2 CC-BY-4.0; ISSAI Kazakh_TTS model CC-BY-4.0; ESPnet Apache-2.0; ParallelWaveGAN MIT,Offline text-only derivative of google_fleurs_kk_v1 text google_fleurs_kk_v1:prompt:1704; Kazakh_TTS repository and published pretrained model artifacts CC-BY-4.0; ESPnet Apache-2.0; ParallelWaveGAN MIT; fixed published voice; no reference audio or voice cloning; language provenance is intended input text until full acoustic review; normalizer=stage_c_kazakhtts_text_v1,fresh_suite_v1_kazakhtts_tacotron2_pwg:synthetic-profile:issai_kazakhtts2_male2_tacotron2_pwg:ISSAI_KazakhTTS2_M2,google_fleurs_kk_v1:prompt:1704,99121f43b5b29946208a8b43e6a485381a2ee59bd021bb91d1182ced18cb40ee,6.745396825396825,tacotron2_parallelwavegan_fixed_voice_tts,ISSAI KazakhTTS2 Male2 Tacotron2 + ParallelWaveGAN,source-fc906048ff5914a3528d1ae4ed6f7ccd94d71383; acoustic-deb9cb49703b012d8f1406d15f4fa182b39ecb320bc4e2be5a557ac58766ea75; vocoder-fb415182fdf84dbe6a0bbca72e5ed9ed39009b622cf39e20ba630cb830594329,issai_kazakhtts2_male2_tacotron2_pwg:ISSAI_KazakhTTS2_M2,not_applicable:fixed_pretrained_tts_no_reference_audio,cuda,offline_text_only_tacotron2_parallelwavegan_tts,22050,wav,language_provenance=intended_input_text_only;text_normalizer=stage_c_kazakhtts_text_v1;synthesis_text_sha256=0ecdf1a253b19e977499633c0953df9e4b9f0065d0780071778237d59c794d53,,2026-08-12T21:18:24+05:00
fresh_suite_v1_kazakhtts_tacotron2_pwg:5e5a514b7e23588f4f2a,raw/fresh_suite_v1_kazakhtts_tacotron2_pwg/slices/stage_c_normalized_v2/48d39abaf9a340eb16c9-2030bbcfd76c.wav,290d0d0a99298f305d5b45520c319e1fd23a507fd903763dc7ab920f02e890b1,test,spoof,kk,false,fresh_suite_v1_kazakhtts_tacotron2_pwg:fixed-profile:issai_kazakhtts2_male2_tacotron2_pwg:ISSAI_KazakhTTS2_M2,fresh_suite_v1_kazakhtts_tacotron2_pwg,FLEURS/KSC2 CC-BY-4.0; ISSAI Kazakh_TTS model CC-BY-4.0; ESPnet Apache-2.0; ParallelWaveGAN MIT,Offline text-only derivative of google_fleurs_kk_v1 text google_fleurs_kk_v1:prompt:1684; Kazakh_TTS repository and published pretrained model artifacts CC-BY-4.0; ESPnet Apache-2.0; ParallelWaveGAN MIT; fixed published voice; no reference audio or voice cloning; language provenance is intended input text until full acoustic review; normalizer=stage_c_kazakhtts_text_v1,fresh_suite_v1_kazakhtts_tacotron2_pwg:synthetic-profile:issai_kazakhtts2_male2_tacotron2_pwg:ISSAI_KazakhTTS2_M2,google_fleurs_kk_v1:prompt:1684,2030bbcfd76cce28cb64263e130915d06978ce635c02ceaee780e41f5b3a7f7a,6.2345578231292516,tacotron2_parallelwavegan_fixed_voice_tts,ISSAI KazakhTTS2 Male2 Tacotron2 + ParallelWaveGAN,source-fc906048ff5914a3528d1ae4ed6f7ccd94d71383; acoustic-deb9cb49703b012d8f1406d15f4fa182b39ecb320bc4e2be5a557ac58766ea75; vocoder-fb415182fdf84dbe6a0bbca72e5ed9ed39009b622cf39e20ba630cb830594329,issai_kazakhtts2_male2_tacotron2_pwg:ISSAI_KazakhTTS2_M2,not_applicable:fixed_pretrained_tts_no_reference_audio,cuda,offline_text_only_tacotron2_parallelwavegan_tts,22050,wav,language_provenance=intended_input_text_only;text_normalizer=stage_c_kazakhtts_text_v1;synthesis_text_sha256=a40177c2da779d1bb1021ee3c611017da1ed599870003809ed9d2676545b1ece,,2026-08-12T21:18:24+05:00
fresh_suite_v1_kazakhtts_tacotron2_pwg:fd1a2a716013f868febd,raw/fresh_suite_v1_kazakhtts_tacotron2_pwg/slices/stage_c_normalized_v2/d37f7e73f62d90c64a01-f9f4a086077d.wav,a83f5cc91f9e7bf9d034427c99d408577b8de020434d9c74db30367e7f114952,test,spoof,kk,false,fresh_suite_v1_kazakhtts_tacotron2_pwg:fixed-profile:issai_kazakhtts2_male2_tacotron2_pwg:ISSAI_KazakhTTS2_M2,fresh_suite_v1_kazakhtts_tacotron2_pwg,FLEURS/KSC2 CC-BY-4.0; ISSAI Kazakh_TTS model CC-BY-4.0; ESPnet Apache-2.0; ParallelWaveGAN MIT,Offline text-only derivative of google_fleurs_kk_v1 text google_fleurs_kk_v1:prompt:1776; Kazakh_TTS repository and published pretrained model artifacts CC-BY-4.0; ESPnet Apache-2.0; ParallelWaveGAN MIT; fixed published voice; no reference audio or voice cloning; language provenance is intended input text until full acoustic review; normalizer=stage_c_kazakhtts_text_v1,fresh_suite_v1_kazakhtts_tacotron2_pwg:synthetic-profile:issai_kazakhtts2_male2_tacotron2_pwg:ISSAI_KazakhTTS2_M2,google_fleurs_kk_v1:prompt:1776,f9f4a086077dd99ee4c70e410b318f6b18b2c31bc1061820c92d4c4c36a50f47,6.339047619047619,tacotron2_parallelwavegan_fixed_voice_tts,ISSAI KazakhTTS2 Male2 Tacotron2 + ParallelWaveGAN,source-fc906048ff5914a3528d1ae4ed6f7ccd94d71383; acoustic-deb9cb49703b012d8f1406d15f4fa182b39ecb320bc4e2be5a557ac58766ea75; vocoder-fb415182fdf84dbe6a0bbca72e5ed9ed39009b622cf39e20ba630cb830594329,issai_kazakhtts2_male2_tacotron2_pwg:ISSAI_KazakhTTS2_M2,not_applicable:fixed_pretrained_tts_no_reference_audio,cuda,offline_text_only_tacotron2_parallelwavegan_tts,22050,wav,language_provenance=intended_input_text_only;text_normalizer=stage_c_kazakhtts_text_v1;synthesis_text_sha256=86a78a7c6039d3e0765faff167864ab062720532c1f60ecc7295ca94619415bc,,2026-08-12T21:18:24+05:00
fresh_suite_v1_kazakhtts_tacotron2_pwg:66c9d9d249253bf1d878,raw/fresh_suite_v1_kazakhtts_tacotron2_pwg/slices/stage_c_normalized_v2/22a66fce70577e6b5e79-8ea2cc5114e2.wav,c7b82d1ec8e4acb57c0b4a5b4dc80f8187b4b90f0fe921d8610fa8fd1709d500,test,spoof,ru,false,fresh_suite_v1_kazakhtts_tacotron2_pwg:fixed-profile:issai_kazakhtts2_male2_tacotron2_pwg:ISSAI_KazakhTTS2_M2,fresh_suite_v1_kazakhtts_tacotron2_pwg,FLEURS/KSC2 CC-BY-4.0; ISSAI Kazakh_TTS model CC-BY-4.0; ESPnet Apache-2.0; ParallelWaveGAN MIT,Offline text-only derivative of google_fleurs_ru_v1 text google_fleurs_ru_v1:prompt:1819; Kazakh_TTS repository and published pretrained model artifacts CC-BY-4.0; ESPnet Apache-2.0; ParallelWaveGAN MIT; fixed published voice; no reference audio or voice cloning; language provenance is intended input text until full acoustic review; normalizer=stage_c_kazakhtts_text_v1,fresh_suite_v1_kazakhtts_tacotron2_pwg:synthetic-profile:issai_kazakhtts2_male2_tacotron2_pwg:ISSAI_KazakhTTS2_M2,google_fleurs_ru_v1:prompt:1819,8ea2cc5114e213681522b3ba14d2c850381228f6abbcd749648d99f83247b6ad,12.144036281179138,tacotron2_parallelwavegan_fixed_voice_tts,ISSAI KazakhTTS2 Male2 Tacotron2 + ParallelWaveGAN,source-fc906048ff5914a3528d1ae4ed6f7ccd94d71383; acoustic-deb9cb49703b012d8f1406d15f4fa182b39ecb320bc4e2be5a557ac58766ea75; vocoder-fb415182fdf84dbe6a0bbca72e5ed9ed39009b622cf39e20ba630cb830594329,issai_kazakhtts2_male2_tacotron2_pwg:ISSAI_KazakhTTS2_M2,not_applicable:fixed_pretrained_tts_no_reference_audio,cuda,offline_text_only_tacotron2_parallelwavegan_tts,22050,wav,language_provenance=intended_input_text_only;text_normalizer=stage_c_kazakhtts_text_v1;synthesis_text_sha256=8ea2cc5114e213681522b3ba14d2c850381228f6abbcd749648d99f83247b6ad,,2026-08-12T21:18:24+05:00
fresh_suite_v1_kazakhtts_tacotron2_pwg:8d049b48a2b024cabb0d,raw/fresh_suite_v1_kazakhtts_tacotron2_pwg/slices/stage_c_normalized_v2/be6eae84cb22b24719b4-3443c2805693.wav,8c39ee86c9931c3ce1bde75a5e351883b7ecb3d09004cdf142fdcf90bf23a38a,test,spoof,ru,false,fresh_suite_v1_kazakhtts_tacotron2_pwg:fixed-profile:issai_kazakhtts2_male2_tacotron2_pwg:ISSAI_KazakhTTS2_M2,fresh_suite_v1_kazakhtts_tacotron2_pwg,FLEURS/KSC2 CC-BY-4.0; ISSAI Kazakh_TTS model CC-BY-4.0; ESPnet Apache-2.0; ParallelWaveGAN MIT,Offline text-only derivative of google_fleurs_ru_v1 text google_fleurs_ru_v1:prompt:1763; Kazakh_TTS repository and published pretrained model artifacts CC-BY-4.0; ESPnet Apache-2.0; ParallelWaveGAN MIT; fixed published voice; no reference audio or voice cloning; language provenance is intended input text until full acoustic review; normalizer=stage_c_kazakhtts_text_v1,fresh_suite_v1_kazakhtts_tacotron2_pwg:synthetic-profile:issai_kazakhtts2_male2_tacotron2_pwg:ISSAI_KazakhTTS2_M2,google_fleurs_ru_v1:prompt:1763,3443c2805693b4b3a28b2342c0ec0bf6673f4880483c441a975d6be469d4f448,8.893242630385487,tacotron2_parallelwavegan_fixed_voice_tts,ISSAI KazakhTTS2 Male2 Tacotron2 + ParallelWaveGAN,source-fc906048ff5914a3528d1ae4ed6f7ccd94d71383; acoustic-deb9cb49703b012d8f1406d15f4fa182b39ecb320bc4e2be5a557ac58766ea75; vocoder-fb415182fdf84dbe6a0bbca72e5ed9ed39009b622cf39e20ba630cb830594329,issai_kazakhtts2_male2_tacotron2_pwg:ISSAI_KazakhTTS2_M2,not_applicable:fixed_pretrained_tts_no_reference_audio,cuda,offline_text_only_tacotron2_parallelwavegan_tts,22050,wav,language_provenance=intended_input_text_only;text_normalizer=stage_c_kazakhtts_text_v1;synthesis_text_sha256=3443c2805693b4b3a28b2342c0ec0bf6673f4880483c441a975d6be469d4f448,,2026-08-12T21:18:24+05:00
fresh_suite_v1_kazakhtts_tacotron2_pwg:f72c63ec41d1f00087d3,raw/fresh_suite_v1_kazakhtts_tacotron2_pwg/slices/stage_c_normalized_v2/d62ca887f5fd5cf18229-86ec52fa3eca.wav,a4a707faf9289b6360a6f9201783d8a8499e45005380e95e5295a52ce0209487,test,spoof,ru,false,fresh_suite_v1_kazakhtts_tacotron2_pwg:fixed-profile:issai_kazakhtts2_male2_tacotron2_pwg:ISSAI_KazakhTTS2_M2,fresh_suite_v1_kazakhtts_tacotron2_pwg,FLEURS/KSC2 CC-BY-4.0; ISSAI Kazakh_TTS model CC-BY-4.0; ESPnet Apache-2.0; ParallelWaveGAN MIT,Offline text-only derivative of google_fleurs_ru_v1 text google_fleurs_ru_v1:prompt:1729; Kazakh_TTS repository and published pretrained model artifacts CC-BY-4.0; ESPnet Apache-2.0; ParallelWaveGAN MIT; fixed published voice; no reference audio or voice cloning; language provenance is intended input text until full acoustic review; normalizer=stage_c_kazakhtts_text_v1,fresh_suite_v1_kazakhtts_tacotron2_pwg:synthetic-profile:issai_kazakhtts2_male2_tacotron2_pwg:ISSAI_KazakhTTS2_M2,google_fleurs_ru_v1:prompt:1729,86ec52fa3eca5caf281101d7c6a44de2c3e9ef46e5898671e16429fcee1877d2,16.300408163265306,tacotron2_parallelwavegan_fixed_voice_tts,ISSAI KazakhTTS2 Male2 Tacotron2 + ParallelWaveGAN,source-fc906048ff5914a3528d1ae4ed6f7ccd94d71383; acoustic-deb9cb49703b012d8f1406d15f4fa182b39ecb320bc4e2be5a557ac58766ea75; vocoder-fb415182fdf84dbe6a0bbca72e5ed9ed39009b622cf39e20ba630cb830594329,issai_kazakhtts2_male2_tacotron2_pwg:ISSAI_KazakhTTS2_M2,not_applicable:fixed_pretrained_tts_no_reference_audio,cuda,offline_text_only_tacotron2_parallelwavegan_tts,22050,wav,language_provenance=intended_input_text_only;text_normalizer=stage_c_kazakhtts_text_v1;synthesis_text_sha256=86ec52fa3eca5caf281101d7c6a44de2c3e9ef46e5898671e16429fcee1877d2,,2026-08-12T21:18:24+05:00
fresh_suite_v1_kazakhtts_tacotron2_pwg:36209e42c22ea5d25e1c,raw/fresh_suite_v1_kazakhtts_tacotron2_pwg/slices/stage_c_normalized_v2/21058f3c9019fd13ba90-fb8ba8de6af3.wav,ab823a0456a5083d753ead6a83e4149afb36a544ddb93e364c73c82305b621b5,test,spoof,ru,false,fresh_suite_v1_kazakhtts_tacotron2_pwg:fixed-profile:issai_kazakhtts2_male2_tacotron2_pwg:ISSAI_KazakhTTS2_M2,fresh_suite_v1_kazakhtts_tacotron2_pwg,FLEURS/KSC2 CC-BY-4.0; ISSAI Kazakh_TTS model CC-BY-4.0; ESPnet Apache-2.0; ParallelWaveGAN MIT,Offline text-only derivative of google_fleurs_ru_v1 text google_fleurs_ru_v1:prompt:1953; Kazakh_TTS repository and published pretrained model artifacts CC-BY-4.0; ESPnet Apache-2.0; ParallelWaveGAN MIT; fixed published voice; no reference audio or voice cloning; language provenance is intended input text until full acoustic review; normalizer=stage_c_kazakhtts_text_v1,fresh_suite_v1_kazakhtts_tacotron2_pwg:synthetic-profile:issai_kazakhtts2_male2_tacotron2_pwg:ISSAI_KazakhTTS2_M2,google_fleurs_ru_v1:prompt:1953,fb8ba8de6af3b1ae23e0a4062c414f2420a18d9b53ed1b95a260580b7fb60ad6,7.546485260770975,tacotron2_parallelwavegan_fixed_voice_tts,ISSAI KazakhTTS2 Male2 Tacotron2 + ParallelWaveGAN,source-fc906048ff5914a3528d1ae4ed6f7ccd94d71383; acoustic-deb9cb49703b012d8f1406d15f4fa182b39ecb320bc4e2be5a557ac58766ea75; vocoder-fb415182fdf84dbe6a0bbca72e5ed9ed39009b622cf39e20ba630cb830594329,issai_kazakhtts2_male2_tacotron2_pwg:ISSAI_KazakhTTS2_M2,not_applicable:fixed_pretrained_tts_no_reference_audio,cuda,offline_text_only_tacotron2_parallelwavegan_tts,22050,wav,language_provenance=intended_input_text_only;text_normalizer=stage_c_kazakhtts_text_v1;synthesis_text_sha256=fb8ba8de6af3b1ae23e0a4062c414f2420a18d9b53ed1b95a260580b7fb60ad6,,2026-08-12T21:18:24+05:00
fresh_suite_v1_kazakhtts_tacotron2_pwg:8f05f20fad6c132f82c4,raw/fresh_suite_v1_kazakhtts_tacotron2_pwg/slices/stage_c_normalized_v2/e7ebdac306f09080d59e-8f376e0a72bd.wav,bb8871eb4f8b3f8aa69e2a51ec1f4d950ff6b32c0bbc79fa9741711c58c125d0,test,spoof,ru,false,fresh_suite_v1_kazakhtts_tacotron2_pwg:fixed-profile:issai_kazakhtts2_male2_tacotron2_pwg:ISSAI_KazakhTTS2_M2,fresh_suite_v1_kazakhtts_tacotron2_pwg,FLEURS/KSC2 CC-BY-4.0; ISSAI Kazakh_TTS model CC-BY-4.0; ESPnet Apache-2.0; ParallelWaveGAN MIT,Offline text-only derivative of google_fleurs_ru_v1 text google_fleurs_ru_v1:prompt:1709; Kazakh_TTS repository and published pretrained model artifacts CC-BY-4.0; ESPnet Apache-2.0; ParallelWaveGAN MIT; fixed published voice; no reference audio or voice cloning; language provenance is intended input text until full acoustic review; normalizer=stage_c_kazakhtts_text_v1,fresh_suite_v1_kazakhtts_tacotron2_pwg:synthetic-profile:issai_kazakhtts2_male2_tacotron2_pwg:ISSAI_KazakhTTS2_M2,google_fleurs_ru_v1:prompt:1709,8f376e0a72bdacd4ce1ab666a1daa5535d4fba44efd15c84376978cccb39da76,11.830566893424036,tacotron2_parallelwavegan_fixed_voice_tts,ISSAI KazakhTTS2 Male2 Tacotron2 + ParallelWaveGAN,source-fc906048ff5914a3528d1ae4ed6f7ccd94d71383; acoustic-deb9cb49703b012d8f1406d15f4fa182b39ecb320bc4e2be5a557ac58766ea75; vocoder-fb415182fdf84dbe6a0bbca72e5ed9ed39009b622cf39e20ba630cb830594329,issai_kazakhtts2_male2_tacotron2_pwg:ISSAI_KazakhTTS2_M2,not_applicable:fixed_pretrained_tts_no_reference_audio,cuda,offline_text_only_tacotron2_parallelwavegan_tts,22050,wav,language_provenance=intended_input_text_only;text_normalizer=stage_c_kazakhtts_text_v1;synthesis_text_sha256=8f376e0a72bdacd4ce1ab666a1daa5535d4fba44efd15c84376978cccb39da76,,2026-08-12T21:18:24+05:00
fresh_suite_v1_kazakhtts_tacotron2_pwg:5eb868a50f2524498c3d,raw/fresh_suite_v1_kazakhtts_tacotron2_pwg/slices/stage_c_normalized_v2/09b0d6b34b9e2a36a7f5-ca071c9d9c6d.wav,2e3c6bccabb82541f3036f1062afd9d3d6af90c7a520070d19a77cc407523f59,test,spoof,ru,false,fresh_suite_v1_kazakhtts_tacotron2_pwg:fixed-profile:issai_kazakhtts2_male2_tacotron2_pwg:ISSAI_KazakhTTS2_M2,fresh_suite_v1_kazakhtts_tacotron2_pwg,FLEURS/KSC2 CC-BY-4.0; ISSAI Kazakh_TTS model CC-BY-4.0; ESPnet Apache-2.0; ParallelWaveGAN MIT,Offline text-only derivative of google_fleurs_ru_v1 text google_fleurs_ru_v1:prompt:1737; Kazakh_TTS repository and published pretrained model artifacts CC-BY-4.0; ESPnet Apache-2.0; ParallelWaveGAN MIT; fixed published voice; no reference audio or voice cloning; language provenance is intended input text until full acoustic review; normalizer=stage_c_kazakhtts_text_v1,fresh_suite_v1_kazakhtts_tacotron2_pwg:synthetic-profile:issai_kazakhtts2_male2_tacotron2_pwg:ISSAI_KazakhTTS2_M2,google_fleurs_ru_v1:prompt:1737,ca071c9d9c6d33e284ab2d5d569f341c57b9ab4232e300275001389c54303ab8,6.501587301587302,tacotron2_parallelwavegan_fixed_voice_tts,ISSAI KazakhTTS2 Male2 Tacotron2 + ParallelWaveGAN,source-fc906048ff5914a3528d1ae4ed6f7ccd94d71383; acoustic-deb9cb49703b012d8f1406d15f4fa182b39ecb320bc4e2be5a557ac58766ea75; vocoder-fb415182fdf84dbe6a0bbca72e5ed9ed39009b622cf39e20ba630cb830594329,issai_kazakhtts2_male2_tacotron2_pwg:ISSAI_KazakhTTS2_M2,not_applicable:fixed_pretrained_tts_no_reference_audio,cuda,offline_text_only_tacotron2_parallelwavegan_tts,22050,wav,language_provenance=intended_input_text_only;text_normalizer=stage_c_kazakhtts_text_v1;synthesis_text_sha256=ca071c9d9c6d33e284ab2d5d569f341c57b9ab4232e300275001389c54303ab8,,2026-08-12T21:18:24+05:00
fresh_suite_v1_kazakhtts_tacotron2_pwg:468d6e081c4832e3b01f,raw/fresh_suite_v1_kazakhtts_tacotron2_pwg/slices/stage_c_normalized_v2/b1fb7316ef2de3b662cf-579b067e6cc0.wav,be0c266d704522b823ee09c400e5c8e847c267b5d47ff514f47981a9e947b38d,test,spoof,ru,false,fresh_suite_v1_kazakhtts_tacotron2_pwg:fixed-profile:issai_kazakhtts2_male2_tacotron2_pwg:ISSAI_KazakhTTS2_M2,fresh_suite_v1_kazakhtts_tacotron2_pwg,FLEURS/KSC2 CC-BY-4.0; ISSAI Kazakh_TTS model CC-BY-4.0; ESPnet Apache-2.0; ParallelWaveGAN MIT,Offline text-only derivative of google_fleurs_ru_v1 text google_fleurs_ru_v1:prompt:1798; Kazakh_TTS repository and published pretrained model artifacts CC-BY-4.0; ESPnet Apache-2.0; ParallelWaveGAN MIT; fixed published voice; no reference audio or voice cloning; language provenance is intended input text until full acoustic review; normalizer=stage_c_kazakhtts_text_v1,fresh_suite_v1_kazakhtts_tacotron2_pwg:synthetic-profile:issai_kazakhtts2_male2_tacotron2_pwg:ISSAI_KazakhTTS2_M2,google_fleurs_ru_v1:prompt:1798,579b067e6cc0d1f77822d13ac7373746aeef63fa9ac91ff33dc9c078357e3d98,11.017868480725623,tacotron2_parallelwavegan_fixed_voice_tts,ISSAI KazakhTTS2 Male2 Tacotron2 + ParallelWaveGAN,source-fc906048ff5914a3528d1ae4ed6f7ccd94d71383; acoustic-deb9cb49703b012d8f1406d15f4fa182b39ecb320bc4e2be5a557ac58766ea75; vocoder-fb415182fdf84dbe6a0bbca72e5ed9ed39009b622cf39e20ba630cb830594329,issai_kazakhtts2_male2_tacotron2_pwg:ISSAI_KazakhTTS2_M2,not_applicable:fixed_pretrained_tts_no_reference_audio,cuda,offline_text_only_tacotron2_parallelwavegan_tts,22050,wav,language_provenance=intended_input_text_only;text_normalizer=stage_c_kazakhtts_text_v1;synthesis_text_sha256=936eb752c14b8eff8721be9470d1449fcc62295728d3a94ed2ea40e2e44dc485,,2026-08-12T21:18:24+05:00
fresh_suite_v1_kazakhtts_tacotron2_pwg:4d003052980e0e091c84,raw/fresh_suite_v1_kazakhtts_tacotron2_pwg/slices/stage_c_normalized_v2/0852fb6412a06a757a74-28fcd251eb7f.wav,391b396c6219ea65ad9f310e5d707b40405bd5561d1bafc6b2c97b205cd979e4,test,spoof,ru,false,fresh_suite_v1_kazakhtts_tacotron2_pwg:fixed-profile:issai_kazakhtts2_male2_tacotron2_pwg:ISSAI_KazakhTTS2_M2,fresh_suite_v1_kazakhtts_tacotron2_pwg,FLEURS/KSC2 CC-BY-4.0; ISSAI Kazakh_TTS model CC-BY-4.0; ESPnet Apache-2.0; ParallelWaveGAN MIT,Offline text-only derivative of google_fleurs_ru_v1 text google_fleurs_ru_v1:prompt:1856; Kazakh_TTS repository and published pretrained model artifacts CC-BY-4.0; ESPnet Apache-2.0; ParallelWaveGAN MIT; fixed published voice; no reference audio or voice cloning; language provenance is intended input text until full acoustic review; normalizer=stage_c_kazakhtts_text_v1,fresh_suite_v1_kazakhtts_tacotron2_pwg:synthetic-profile:issai_kazakhtts2_male2_tacotron2_pwg:ISSAI_KazakhTTS2_M2,google_fleurs_ru_v1:prompt:1856,28fcd251eb7fe78ef4be57e95804d0bd8e6fd464eadfdfdfa4405cee15163f9f,12.561995464852608,tacotron2_parallelwavegan_fixed_voice_tts,ISSAI KazakhTTS2 Male2 Tacotron2 + ParallelWaveGAN,source-fc906048ff5914a3528d1ae4ed6f7ccd94d71383; acoustic-deb9cb49703b012d8f1406d15f4fa182b39ecb320bc4e2be5a557ac58766ea75; vocoder-fb415182fdf84dbe6a0bbca72e5ed9ed39009b622cf39e20ba630cb830594329,issai_kazakhtts2_male2_tacotron2_pwg:ISSAI_KazakhTTS2_M2,not_applicable:fixed_pretrained_tts_no_reference_audio,cuda,offline_text_only_tacotron2_parallelwavegan_tts,22050,wav,language_provenance=intended_input_text_only;text_normalizer=stage_c_kazakhtts_text_v1;synthesis_text_sha256=28fcd251eb7fe78ef4be57e95804d0bd8e6fd464eadfdfdfa4405cee15163f9f,,2026-08-12T21:18:24+05:00
fresh_suite_v1_kazakhtts_tacotron2_pwg:5437689b1feb4ca5be0f,raw/fresh_suite_v1_kazakhtts_tacotron2_pwg/slices/stage_c_normalized_v2/d60e86541ddbde47148f-e68282d24236.wav,405a6df20b538763c6b2e4579edc992896ba2b598c56cc056f8279b590373249,test,spoof,ru,false,fresh_suite_v1_kazakhtts_tacotron2_pwg:fixed-profile:issai_kazakhtts2_male2_tacotron2_pwg:ISSAI_KazakhTTS2_M2,fresh_suite_v1_kazakhtts_tacotron2_pwg,FLEURS/KSC2 CC-BY-4.0; ISSAI Kazakh_TTS model CC-BY-4.0; ESPnet Apache-2.0; ParallelWaveGAN MIT,Offline text-only derivative of google_fleurs_ru_v1 text google_fleurs_ru_v1:prompt:1906; Kazakh_TTS repository and published pretrained model artifacts CC-BY-4.0; ESPnet Apache-2.0; ParallelWaveGAN MIT; fixed published voice; no reference audio or voice cloning; language provenance is intended input text until full acoustic review; normalizer=stage_c_kazakhtts_text_v1,fresh_suite_v1_kazakhtts_tacotron2_pwg:synthetic-profile:issai_kazakhtts2_male2_tacotron2_pwg:ISSAI_KazakhTTS2_M2,google_fleurs_ru_v1:prompt:1906,e68282d2423661d381a814f7f15e1c551e4659828f0f83357cc2243f1363454c,5.050340136054421,tacotron2_parallelwavegan_fixed_voice_tts,ISSAI KazakhTTS2 Male2 Tacotron2 + ParallelWaveGAN,source-fc906048ff5914a3528d1ae4ed6f7ccd94d71383; acoustic-deb9cb49703b012d8f1406d15f4fa182b39ecb320bc4e2be5a557ac58766ea75; vocoder-fb415182fdf84dbe6a0bbca72e5ed9ed39009b622cf39e20ba630cb830594329,issai_kazakhtts2_male2_tacotron2_pwg:ISSAI_KazakhTTS2_M2,not_applicable:fixed_pretrained_tts_no_reference_audio,cuda,offline_text_only_tacotron2_parallelwavegan_tts,22050,wav,language_provenance=intended_input_text_only;text_normalizer=stage_c_kazakhtts_text_v1;synthesis_text_sha256=e68282d2423661d381a814f7f15e1c551e4659828f0f83357cc2243f1363454c,,2026-08-12T21:18:24+05:00
fresh_suite_v1_kazakhtts_tacotron2_pwg:1678e7e1cc048103ad2a,raw/fresh_suite_v1_kazakhtts_tacotron2_pwg/slices/stage_c_normalized_v2/87f3d089149bd55ee64e-1dee8b3ffe63.wav,cd204dd63e2a32a233a3b8b3bfec9f39499144b25772a08b74e03b8f2232bf5f,test,spoof,ru,false,fresh_suite_v1_kazakhtts_tacotron2_pwg:fixed-profile:issai_kazakhtts2_male2_tacotron2_pwg:ISSAI_KazakhTTS2_M2,fresh_suite_v1_kazakhtts_tacotron2_pwg,FLEURS/KSC2 CC-BY-4.0; ISSAI Kazakh_TTS model CC-BY-4.0; ESPnet Apache-2.0; ParallelWaveGAN MIT,Offline text-only derivative of google_fleurs_ru_v1 text google_fleurs_ru_v1:prompt:1742; Kazakh_TTS repository and published pretrained model artifacts CC-BY-4.0; ESPnet Apache-2.0; ParallelWaveGAN MIT; fixed published voice; no reference audio or voice cloning; language provenance is intended input text until full acoustic review; normalizer=stage_c_kazakhtts_text_v1,fresh_suite_v1_kazakhtts_tacotron2_pwg:synthetic-profile:issai_kazakhtts2_male2_tacotron2_pwg:ISSAI_KazakhTTS2_M2,google_fleurs_ru_v1:prompt:1742,1dee8b3ffe6384d08ae5935aa178cfe75bfc2705af1982ab1e83f79b02b72a9a,9.85687074829932,tacotron2_parallelwavegan_fixed_voice_tts,ISSAI KazakhTTS2 Male2 Tacotron2 + ParallelWaveGAN,source-fc906048ff5914a3528d1ae4ed6f7ccd94d71383; acoustic-deb9cb49703b012d8f1406d15f4fa182b39ecb320bc4e2be5a557ac58766ea75; vocoder-fb415182fdf84dbe6a0bbca72e5ed9ed39009b622cf39e20ba630cb830594329,issai_kazakhtts2_male2_tacotron2_pwg:ISSAI_KazakhTTS2_M2,not_applicable:fixed_pretrained_tts_no_reference_audio,cuda,offline_text_only_tacotron2_parallelwavegan_tts,22050,wav,language_provenance=intended_input_text_only;text_normalizer=stage_c_kazakhtts_text_v1;synthesis_text_sha256=1dee8b3ffe6384d08ae5935aa178cfe75bfc2705af1982ab1e83f79b02b72a9a,,2026-08-12T21:18:24+05:00
fresh_suite_v1_kazakhtts_tacotron2_pwg:120fa36fa7c36aa313d2,raw/fresh_suite_v1_kazakhtts_tacotron2_pwg/slices/stage_c_normalized_v2/6c6ee180a664dcbbf16c-dd3107708fe6.wav,962525c62882dbc474a601894def2f890d801f8f4a8067a3b156f112bcddba13,test,spoof,ru,false,fresh_suite_v1_kazakhtts_tacotron2_pwg:fixed-profile:issai_kazakhtts2_male2_tacotron2_pwg:ISSAI_KazakhTTS2_M2,fresh_suite_v1_kazakhtts_tacotron2_pwg,FLEURS/KSC2 CC-BY-4.0; ISSAI Kazakh_TTS model CC-BY-4.0; ESPnet Apache-2.0; ParallelWaveGAN MIT,Offline text-only derivative of google_fleurs_ru_v1 text google_fleurs_ru_v1:prompt:1677; Kazakh_TTS repository and published pretrained model artifacts CC-BY-4.0; ESPnet Apache-2.0; ParallelWaveGAN MIT; fixed published voice; no reference audio or voice cloning; language provenance is intended input text until full acoustic review; normalizer=stage_c_kazakhtts_text_v1,fresh_suite_v1_kazakhtts_tacotron2_pwg:synthetic-profile:issai_kazakhtts2_male2_tacotron2_pwg:ISSAI_KazakhTTS2_M2,google_fleurs_ru_v1:prompt:1677,dd3107708fe629e58cde872432d9e752875b56e044ad298f0265285d65bab7c6,10.913378684807256,tacotron2_parallelwavegan_fixed_voice_tts,ISSAI KazakhTTS2 Male2 Tacotron2 + ParallelWaveGAN,source-fc906048ff5914a3528d1ae4ed6f7ccd94d71383; acoustic-deb9cb49703b012d8f1406d15f4fa182b39ecb320bc4e2be5a557ac58766ea75; vocoder-fb415182fdf84dbe6a0bbca72e5ed9ed39009b622cf39e20ba630cb830594329,issai_kazakhtts2_male2_tacotron2_pwg:ISSAI_KazakhTTS2_M2,not_applicable:fixed_pretrained_tts_no_reference_audio,cuda,offline_text_only_tacotron2_parallelwavegan_tts,22050,wav,language_provenance=intended_input_text_only;text_normalizer=stage_c_kazakhtts_text_v1;synthesis_text_sha256=dd3107708fe629e58cde872432d9e752875b56e044ad298f0265285d65bab7c6,,2026-08-12T21:18:24+05:00
fresh_suite_v1_kazakhtts_tacotron2_pwg:b34bfe8937e3ce01b4e5,raw/fresh_suite_v1_kazakhtts_tacotron2_pwg/slices/stage_c_normalized_v2/f0d11cd83fe45b6d1235-0eafc8e72b70.wav,292ddd6ebae68149eefe57c0b505b5c0b94362847759407d0a8bf4bbb5e58870,test,spoof,ru,false,fresh_suite_v1_kazakhtts_tacotron2_pwg:fixed-profile:issai_kazakhtts2_male2_tacotron2_pwg:ISSAI_KazakhTTS2_M2,fresh_suite_v1_kazakhtts_tacotron2_pwg,FLEURS/KSC2 CC-BY-4.0; ISSAI Kazakh_TTS model CC-BY-4.0; ESPnet Apache-2.0; ParallelWaveGAN MIT,Offline text-only derivative of google_fleurs_ru_v1 text google_fleurs_ru_v1:prompt:1685; Kazakh_TTS repository and published pretrained model artifacts CC-BY-4.0; ESPnet Apache-2.0; ParallelWaveGAN MIT; fixed published voice; no reference audio or voice cloning; language provenance is intended input text until full acoustic review; normalizer=stage_c_kazakhtts_text_v1,fresh_suite_v1_kazakhtts_tacotron2_pwg:synthetic-profile:issai_kazakhtts2_male2_tacotron2_pwg:ISSAI_KazakhTTS2_M2,google_fleurs_ru_v1:prompt:1685,0eafc8e72b7032822e526230c14f0387d018986212b85573e8750f9f9c7f0fe6,15.046530612244897,tacotron2_parallelwavegan_fixed_voice_tts,ISSAI KazakhTTS2 Male2 Tacotron2 + ParallelWaveGAN,source-fc906048ff5914a3528d1ae4ed6f7ccd94d71383; acoustic-deb9cb49703b012d8f1406d15f4fa182b39ecb320bc4e2be5a557ac58766ea75; vocoder-fb415182fdf84dbe6a0bbca72e5ed9ed39009b622cf39e20ba630cb830594329,issai_kazakhtts2_male2_tacotron2_pwg:ISSAI_KazakhTTS2_M2,not_applicable:fixed_pretrained_tts_no_reference_audio,cuda,offline_text_only_tacotron2_parallelwavegan_tts,22050,wav,language_provenance=intended_input_text_only;text_normalizer=stage_c_kazakhtts_text_v1;synthesis_text_sha256=40ce7004670873220f2d7d4eb6e217bf0e92b702d20d9147329baa503f139df9,,2026-08-12T21:18:24+05:00
fresh_suite_v1_kazakhtts_tacotron2_pwg:4d9b24f6eb4fbceec86b,raw/fresh_suite_v1_kazakhtts_tacotron2_pwg/slices/stage_c_normalized_v2/c0b4757917f5f42414cf-1d36b2af5530.wav,57b37ffd54ccbdce10b9cb1f551e5e4ecf5b996e5d1828ec2dda21d376215d7b,test,spoof,ru,false,fresh_suite_v1_kazakhtts_tacotron2_pwg:fixed-profile:issai_kazakhtts2_male2_tacotron2_pwg:ISSAI_KazakhTTS2_M2,fresh_suite_v1_kazakhtts_tacotron2_pwg,FLEURS/KSC2 CC-BY-4.0; ISSAI Kazakh_TTS model CC-BY-4.0; ESPnet Apache-2.0; ParallelWaveGAN MIT,Offline text-only derivative of google_fleurs_ru_v1 text google_fleurs_ru_v1:prompt:1859; Kazakh_TTS repository and published pretrained model artifacts CC-BY-4.0; ESPnet Apache-2.0; ParallelWaveGAN MIT; fixed published voice; no reference audio or voice cloning; language provenance is intended input text until full acoustic review; normalizer=stage_c_kazakhtts_text_v1,fresh_suite_v1_kazakhtts_tacotron2_pwg:synthetic-profile:issai_kazakhtts2_male2_tacotron2_pwg:ISSAI_KazakhTTS2_M2,google_fleurs_ru_v1:prompt:1859,1d36b2af55301d18cf52a08a43fd91ae9b3e0d62bf883598eb25bd9cc36144ba,15.371609977324264,tacotron2_parallelwavegan_fixed_voice_tts,ISSAI KazakhTTS2 Male2 Tacotron2 + ParallelWaveGAN,source-fc906048ff5914a3528d1ae4ed6f7ccd94d71383; acoustic-deb9cb49703b012d8f1406d15f4fa182b39ecb320bc4e2be5a557ac58766ea75; vocoder-fb415182fdf84dbe6a0bbca72e5ed9ed39009b622cf39e20ba630cb830594329,issai_kazakhtts2_male2_tacotron2_pwg:ISSAI_KazakhTTS2_M2,not_applicable:fixed_pretrained_tts_no_reference_audio,cuda,offline_text_only_tacotron2_parallelwavegan_tts,22050,wav,language_provenance=intended_input_text_only;text_normalizer=stage_c_kazakhtts_text_v1;synthesis_text_sha256=1d36b2af55301d18cf52a08a43fd91ae9b3e0d62bf883598eb25bd9cc36144ba,,2026-08-12T21:18:24+05:00
fresh_suite_v1_kazakhtts_tacotron2_pwg:33d65f0b662643c08b98,raw/fresh_suite_v1_kazakhtts_tacotron2_pwg/slices/stage_c_normalized_v2/d56457d3943211012792-a54152d6fca2.wav,6ef6ff3a103e2c5c28c5f6eb226a0a349fb6471cf018f023cff2772bc6e333d6,test,spoof,ru,false,fresh_suite_v1_kazakhtts_tacotron2_pwg:fixed-profile:issai_kazakhtts2_male2_tacotron2_pwg:ISSAI_KazakhTTS2_M2,fresh_suite_v1_kazakhtts_tacotron2_pwg,FLEURS/KSC2 CC-BY-4.0; ISSAI Kazakh_TTS model CC-BY-4.0; ESPnet Apache-2.0; ParallelWaveGAN MIT,Offline text-only derivative of google_fleurs_ru_v1 text google_fleurs_ru_v1:prompt:1810; Kazakh_TTS repository and published pretrained model artifacts CC-BY-4.0; ESPnet Apache-2.0; ParallelWaveGAN MIT; fixed published voice; no reference audio or voice cloning; language provenance is intended input text until full acoustic review; normalizer=stage_c_kazakhtts_text_v1,fresh_suite_v1_kazakhtts_tacotron2_pwg:synthetic-profile:issai_kazakhtts2_male2_tacotron2_pwg:ISSAI_KazakhTTS2_M2,google_fleurs_ru_v1:prompt:1810,a54152d6fca24420809088b7974853e8a43933a95958afa2c5b7b7a82f72dbae,10.518639455782314,tacotron2_parallelwavegan_fixed_voice_tts,ISSAI KazakhTTS2 Male2 Tacotron2 + ParallelWaveGAN,source-fc906048ff5914a3528d1ae4ed6f7ccd94d71383; acoustic-deb9cb49703b012d8f1406d15f4fa182b39ecb320bc4e2be5a557ac58766ea75; vocoder-fb415182fdf84dbe6a0bbca72e5ed9ed39009b622cf39e20ba630cb830594329,issai_kazakhtts2_male2_tacotron2_pwg:ISSAI_KazakhTTS2_M2,not_applicable:fixed_pretrained_tts_no_reference_audio,cuda,offline_text_only_tacotron2_parallelwavegan_tts,22050,wav,language_provenance=intended_input_text_only;text_normalizer=stage_c_kazakhtts_text_v1;synthesis_text_sha256=a54152d6fca24420809088b7974853e8a43933a95958afa2c5b7b7a82f72dbae,,2026-08-12T21:18:24+05:00
fresh_suite_v1_kazakhtts_tacotron2_pwg:eef0ce3d7b7a7f6277bc,raw/fresh_suite_v1_kazakhtts_tacotron2_pwg/slices/stage_c_normalized_v2/72c28328c921b8791ae9-c24871b0b142.wav,ac51ad03d0ac6e28ba52a5a0388c4ab9067c279398cc6102b7c698d7b1d48697,test,spoof,ru,false,fresh_suite_v1_kazakhtts_tacotron2_pwg:fixed-profile:issai_kazakhtts2_male2_tacotron2_pwg:ISSAI_KazakhTTS2_M2,fresh_suite_v1_kazakhtts_tacotron2_pwg,FLEURS/KSC2 CC-BY-4.0; ISSAI Kazakh_TTS model CC-BY-4.0; ESPnet Apache-2.0; ParallelWaveGAN MIT,Offline text-only derivative of google_fleurs_ru_v1 text google_fleurs_ru_v1:prompt:1745; Kazakh_TTS repository and published pretrained model artifacts CC-BY-4.0; ESPnet Apache-2.0; ParallelWaveGAN MIT; fixed published voice; no reference audio or voice cloning; language provenance is intended input text until full acoustic review; normalizer=stage_c_kazakhtts_text_v1,fresh_suite_v1_kazakhtts_tacotron2_pwg:synthetic-profile:issai_kazakhtts2_male2_tacotron2_pwg:ISSAI_KazakhTTS2_M2,google_fleurs_ru_v1:prompt:1745,c24871b0b142320bdf890b5839b64e33407c492b9ee07c6b2df8cefe6e02dcdb,10.62312925170068,tacotron2_parallelwavegan_fixed_voice_tts,ISSAI KazakhTTS2 Male2 Tacotron2 + ParallelWaveGAN,source-fc906048ff5914a3528d1ae4ed6f7ccd94d71383; acoustic-deb9cb49703b012d8f1406d15f4fa182b39ecb320bc4e2be5a557ac58766ea75; vocoder-fb415182fdf84dbe6a0bbca72e5ed9ed39009b622cf39e20ba630cb830594329,issai_kazakhtts2_male2_tacotron2_pwg:ISSAI_KazakhTTS2_M2,not_applicable:fixed_pretrained_tts_no_reference_audio,cuda,offline_text_only_tacotron2_parallelwavegan_tts,22050,wav,language_provenance=intended_input_text_only;text_normalizer=stage_c_kazakhtts_text_v1;synthesis_text_sha256=c24871b0b142320bdf890b5839b64e33407c492b9ee07c6b2df8cefe6e02dcdb,,2026-08-12T21:18:24+05:00
fresh_suite_v1_kazakhtts_tacotron2_pwg:13c998b80343f2a471ed,raw/fresh_suite_v1_kazakhtts_tacotron2_pwg/slices/stage_c_normalized_v2/08a157031c0ba5ac907b-c2cb92e79a81.wav,c22f3d5f2ed13f836e1d4267ff23b52c9cf41790d64a9e7669356978f821b6c8,test,spoof,ru,false,fresh_suite_v1_kazakhtts_tacotron2_pwg:fixed-profile:issai_kazakhtts2_male2_tacotron2_pwg:ISSAI_KazakhTTS2_M2,fresh_suite_v1_kazakhtts_tacotron2_pwg,FLEURS/KSC2 CC-BY-4.0; ISSAI Kazakh_TTS model CC-BY-4.0; ESPnet Apache-2.0; ParallelWaveGAN MIT,Offline text-only derivative of google_fleurs_ru_v1 text google_fleurs_ru_v1:prompt:1768; Kazakh_TTS repository and published pretrained model artifacts CC-BY-4.0; ESPnet Apache-2.0; ParallelWaveGAN MIT; fixed published voice; no reference audio or voice cloning; language provenance is intended input text until full acoustic review; normalizer=stage_c_kazakhtts_text_v1,fresh_suite_v1_kazakhtts_tacotron2_pwg:synthetic-profile:issai_kazakhtts2_male2_tacotron2_pwg:ISSAI_KazakhTTS2_M2,google_fleurs_ru_v1:prompt:1768,c2cb92e79a81736e93a439617b69a088635122b15e74100d5e2a517637515244,10.031020408163265,tacotron2_parallelwavegan_fixed_voice_tts,ISSAI KazakhTTS2 Male2 Tacotron2 + ParallelWaveGAN,source-fc906048ff5914a3528d1ae4ed6f7ccd94d71383; acoustic-deb9cb49703b012d8f1406d15f4fa182b39ecb320bc4e2be5a557ac58766ea75; vocoder-fb415182fdf84dbe6a0bbca72e5ed9ed39009b622cf39e20ba630cb830594329,issai_kazakhtts2_male2_tacotron2_pwg:ISSAI_KazakhTTS2_M2,not_applicable:fixed_pretrained_tts_no_reference_audio,cuda,offline_text_only_tacotron2_parallelwavegan_tts,22050,wav,language_provenance=intended_input_text_only;text_normalizer=stage_c_kazakhtts_text_v1;synthesis_text_sha256=c2cb92e79a81736e93a439617b69a088635122b15e74100d5e2a517637515244,,2026-08-12T21:18:24+05:00
fresh_suite_v1_kazakhtts_tacotron2_pwg:cd87556cd39334e35cc4,raw/fresh_suite_v1_kazakhtts_tacotron2_pwg/slices/stage_c_normalized_v2/363747a736e1e3026167-b1d4dc277821.wav,dcff4596de2813416eccb9ca96af0d6e4cb15198f52b74ca61076453a48a34d7,test,spoof,ru,false,fresh_suite_v1_kazakhtts_tacotron2_pwg:fixed-profile:issai_kazakhtts2_male2_tacotron2_pwg:ISSAI_KazakhTTS2_M2,fresh_suite_v1_kazakhtts_tacotron2_pwg,FLEURS/KSC2 CC-BY-4.0; ISSAI Kazakh_TTS model CC-BY-4.0; ESPnet Apache-2.0; ParallelWaveGAN MIT,Offline text-only derivative of google_fleurs_ru_v1 text google_fleurs_ru_v1:prompt:1916; Kazakh_TTS repository and published pretrained model artifacts CC-BY-4.0; ESPnet Apache-2.0; ParallelWaveGAN MIT; fixed published voice; no reference audio or voice cloning; language provenance is intended input text until full acoustic review; normalizer=stage_c_kazakhtts_text_v1,fresh_suite_v1_kazakhtts_tacotron2_pwg:synthetic-profile:issai_kazakhtts2_male2_tacotron2_pwg:ISSAI_KazakhTTS2_M2,google_fleurs_ru_v1:prompt:1916,b1d4dc277821ac0c5e88d3a614577fb306b5be0955be6435cb80d12aa6cdcae8,10.820498866213152,tacotron2_parallelwavegan_fixed_voice_tts,ISSAI KazakhTTS2 Male2 Tacotron2 + ParallelWaveGAN,source-fc906048ff5914a3528d1ae4ed6f7ccd94d71383; acoustic-deb9cb49703b012d8f1406d15f4fa182b39ecb320bc4e2be5a557ac58766ea75; vocoder-fb415182fdf84dbe6a0bbca72e5ed9ed39009b622cf39e20ba630cb830594329,issai_kazakhtts2_male2_tacotron2_pwg:ISSAI_KazakhTTS2_M2,not_applicable:fixed_pretrained_tts_no_reference_audio,cuda,offline_text_only_tacotron2_parallelwavegan_tts,22050,wav,language_provenance=intended_input_text_only;text_normalizer=stage_c_kazakhtts_text_v1;synthesis_text_sha256=b1d4dc277821ac0c5e88d3a614577fb306b5be0955be6435cb80d12aa6cdcae8,,2026-08-12T21:18:24+05:00
fresh_suite_v1_kazakhtts_tacotron2_pwg:7b6c5638f0903f89941c,raw/fresh_suite_v1_kazakhtts_tacotron2_pwg/slices/stage_c_normalized_v2/0bfd03006441a86b1329-a32b507abbe9.wav,3736f8e998ec7d726ee20827d107b4122706026fb9b425763fbcf69a7e4fcc8c,test,spoof,ru,false,fresh_suite_v1_kazakhtts_tacotron2_pwg:fixed-profile:issai_kazakhtts2_male2_tacotron2_pwg:ISSAI_KazakhTTS2_M2,fresh_suite_v1_kazakhtts_tacotron2_pwg,FLEURS/KSC2 CC-BY-4.0; ISSAI Kazakh_TTS model CC-BY-4.0; ESPnet Apache-2.0; ParallelWaveGAN MIT,Offline text-only derivative of google_fleurs_ru_v1 text google_fleurs_ru_v1:prompt:1662; Kazakh_TTS repository and published pretrained model artifacts CC-BY-4.0; ESPnet Apache-2.0; ParallelWaveGAN MIT; fixed published voice; no reference audio or voice cloning; language provenance is intended input text until full acoustic review; normalizer=stage_c_kazakhtts_text_v1,fresh_suite_v1_kazakhtts_tacotron2_pwg:synthetic-profile:issai_kazakhtts2_male2_tacotron2_pwg:ISSAI_KazakhTTS2_M2,google_fleurs_ru_v1:prompt:1662,a32b507abbe97a60095f0ba64804c3abd98c6ace4539ebb24dd179346e7a4e1f,14.512471655328799,tacotron2_parallelwavegan_fixed_voice_tts,ISSAI KazakhTTS2 Male2 Tacotron2 + ParallelWaveGAN,source-fc906048ff5914a3528d1ae4ed6f7ccd94d71383; acoustic-deb9cb49703b012d8f1406d15f4fa182b39ecb320bc4e2be5a557ac58766ea75; vocoder-fb415182fdf84dbe6a0bbca72e5ed9ed39009b622cf39e20ba630cb830594329,issai_kazakhtts2_male2_tacotron2_pwg:ISSAI_KazakhTTS2_M2,not_applicable:fixed_pretrained_tts_no_reference_audio,cuda,offline_text_only_tacotron2_parallelwavegan_tts,22050,wav,language_provenance=intended_input_text_only;text_normalizer=stage_c_kazakhtts_text_v1;synthesis_text_sha256=a32b507abbe97a60095f0ba64804c3abd98c6ace4539ebb24dd179346e7a4e1f,,2026-08-12T21:18:24+05:00
fresh_suite_v1_kazakhtts_tacotron2_pwg:78837853a2e809b83218,raw/fresh_suite_v1_kazakhtts_tacotron2_pwg/slices/stage_c_normalized_v2/38f215a0bf07cff54117-f9457a0a295f.wav,79ed15e60a45f477b2ecd058a660bca322c0bec6cc2cb4eaf72c2a03222d8608,test,spoof,ru,false,fresh_suite_v1_kazakhtts_tacotron2_pwg:fixed-profile:issai_kazakhtts2_male2_tacotron2_pwg:ISSAI_KazakhTTS2_M2,fresh_suite_v1_kazakhtts_tacotron2_pwg,FLEURS/KSC2 CC-BY-4.0; ISSAI Kazakh_TTS model CC-BY-4.0; ESPnet Apache-2.0; ParallelWaveGAN MIT,Offline text-only derivative of google_fleurs_ru_v1 text google_fleurs_ru_v1:prompt:1789; Kazakh_TTS repository and published pretrained model artifacts CC-BY-4.0; ESPnet Apache-2.0; ParallelWaveGAN MIT; fixed published voice; no reference audio or voice cloning; language provenance is intended input text until full acoustic review; normalizer=stage_c_kazakhtts_text_v1,fresh_suite_v1_kazakhtts_tacotron2_pwg:synthetic-profile:issai_kazakhtts2_male2_tacotron2_pwg:ISSAI_KazakhTTS2_M2,google_fleurs_ru_v1:prompt:1789,f9457a0a295fc620105f281b5b84fbd22578a495752e80870ef47c8756538732,13.572063492063492,tacotron2_parallelwavegan_fixed_voice_tts,ISSAI KazakhTTS2 Male2 Tacotron2 + ParallelWaveGAN,source-fc906048ff5914a3528d1ae4ed6f7ccd94d71383; acoustic-deb9cb49703b012d8f1406d15f4fa182b39ecb320bc4e2be5a557ac58766ea75; vocoder-fb415182fdf84dbe6a0bbca72e5ed9ed39009b622cf39e20ba630cb830594329,issai_kazakhtts2_male2_tacotron2_pwg:ISSAI_KazakhTTS2_M2,not_applicable:fixed_pretrained_tts_no_reference_audio,cuda,offline_text_only_tacotron2_parallelwavegan_tts,22050,wav,language_provenance=intended_input_text_only;text_normalizer=stage_c_kazakhtts_text_v1;synthesis_text_sha256=f9457a0a295fc620105f281b5b84fbd22578a495752e80870ef47c8756538732,,2026-08-12T21:18:24+05:00
fresh_suite_v1_kazakhtts_tacotron2_pwg:1b145729dc86cf91ba68,raw/fresh_suite_v1_kazakhtts_tacotron2_pwg/slices/stage_c_normalized_v2/de3185ebe3ae721dfc0f-e4ee00326235.wav,b6e19a9cc21d68e7e04cc6fe8abbff12a3b4212463ad5e3a0700ab1911ae78fe,test,spoof,ru,false,fresh_suite_v1_kazakhtts_tacotron2_pwg:fixed-profile:issai_kazakhtts2_male2_tacotron2_pwg:ISSAI_KazakhTTS2_M2,fresh_suite_v1_kazakhtts_tacotron2_pwg,FLEURS/KSC2 CC-BY-4.0; ISSAI Kazakh_TTS model CC-BY-4.0; ESPnet Apache-2.0; ParallelWaveGAN MIT,Offline text-only derivative of google_fleurs_ru_v1 text google_fleurs_ru_v1:prompt:1684; Kazakh_TTS repository and published pretrained model artifacts CC-BY-4.0; ESPnet Apache-2.0; ParallelWaveGAN MIT; fixed published voice; no reference audio or voice cloning; language provenance is intended input text until full acoustic review; normalizer=stage_c_kazakhtts_text_v1,fresh_suite_v1_kazakhtts_tacotron2_pwg:synthetic-profile:issai_kazakhtts2_male2_tacotron2_pwg:ISSAI_KazakhTTS2_M2,google_fleurs_ru_v1:prompt:1684,e4ee003262355e1ed8cfd0a7cf2eec682b975042ff57fc4b6e1526c5e2191981,8.55655328798186,tacotron2_parallelwavegan_fixed_voice_tts,ISSAI KazakhTTS2 Male2 Tacotron2 + ParallelWaveGAN,source-fc906048ff5914a3528d1ae4ed6f7ccd94d71383; acoustic-deb9cb49703b012d8f1406d15f4fa182b39ecb320bc4e2be5a557ac58766ea75; vocoder-fb415182fdf84dbe6a0bbca72e5ed9ed39009b622cf39e20ba630cb830594329,issai_kazakhtts2_male2_tacotron2_pwg:ISSAI_KazakhTTS2_M2,not_applicable:fixed_pretrained_tts_no_reference_audio,cuda,offline_text_only_tacotron2_parallelwavegan_tts,22050,wav,language_provenance=intended_input_text_only;text_normalizer=stage_c_kazakhtts_text_v1;synthesis_text_sha256=c6d60c461e581d2b063b0454f1249b191961a1784df94c201db9adc4f41bba01,,2026-08-12T21:18:24+05:00
fresh_suite_v1_kazakhtts_tacotron2_pwg:03de96e950549333cde7,raw/fresh_suite_v1_kazakhtts_tacotron2_pwg/slices/stage_c_normalized_v2/aa1985100fd7d667aaa0-022d987f4bdb.wav,f10d9725f52a05e5111e4ec79ac49cd80e9d2440d8f27e2020ecc3c0ffc5760f,test,spoof,ru,false,fresh_suite_v1_kazakhtts_tacotron2_pwg:fixed-profile:issai_kazakhtts2_male2_tacotron2_pwg:ISSAI_KazakhTTS2_M2,fresh_suite_v1_kazakhtts_tacotron2_pwg,FLEURS/KSC2 CC-BY-4.0; ISSAI Kazakh_TTS model CC-BY-4.0; ESPnet Apache-2.0; ParallelWaveGAN MIT,Offline text-only derivative of google_fleurs_ru_v1 text google_fleurs_ru_v1:prompt:1932; Kazakh_TTS repository and published pretrained model artifacts CC-BY-4.0; ESPnet Apache-2.0; ParallelWaveGAN MIT; fixed published voice; no reference audio or voice cloning; language provenance is intended input text until full acoustic review; normalizer=stage_c_kazakhtts_text_v1,fresh_suite_v1_kazakhtts_tacotron2_pwg:synthetic-profile:issai_kazakhtts2_male2_tacotron2_pwg:ISSAI_KazakhTTS2_M2,google_fleurs_ru_v1:prompt:1932,022d987f4bdbfb062176bedfd50c75347faed047bdba2978d721a88e1dc5111b,25.959909297052153,tacotron2_parallelwavegan_fixed_voice_tts,ISSAI KazakhTTS2 Male2 Tacotron2 + ParallelWaveGAN,source-fc906048ff5914a3528d1ae4ed6f7ccd94d71383; acoustic-deb9cb49703b012d8f1406d15f4fa182b39ecb320bc4e2be5a557ac58766ea75; vocoder-fb415182fdf84dbe6a0bbca72e5ed9ed39009b622cf39e20ba630cb830594329,issai_kazakhtts2_male2_tacotron2_pwg:ISSAI_KazakhTTS2_M2,not_applicable:fixed_pretrained_tts_no_reference_audio,cuda,offline_text_only_tacotron2_parallelwavegan_tts,22050,wav,language_provenance=intended_input_text_only;text_normalizer=stage_c_kazakhtts_text_v1;synthesis_text_sha256=f3bef8928bc689a48cfe353fdbcce1b4856a0df34027ed5f5b234143b2e372c5,,2026-08-12T21:18:24+05:00
fresh_suite_v1_kazakhtts_tacotron2_pwg:c85c06cd5816c9d8c7fd,raw/fresh_suite_v1_kazakhtts_tacotron2_pwg/slices/stage_c_normalized_v2/907a2dc44050e9b502be-62b0a91d18a8.wav,8ad450dd1ef6673f7465750705b9bf2a9c6b0ee5c4ab38ce96ef2f9d531be43e,test,spoof,ru,false,fresh_suite_v1_kazakhtts_tacotron2_pwg:fixed-profile:issai_kazakhtts2_male2_tacotron2_pwg:ISSAI_KazakhTTS2_M2,fresh_suite_v1_kazakhtts_tacotron2_pwg,FLEURS/KSC2 CC-BY-4.0; ISSAI Kazakh_TTS model CC-BY-4.0; ESPnet Apache-2.0; ParallelWaveGAN MIT,Offline text-only derivative of google_fleurs_ru_v1 text google_fleurs_ru_v1:prompt:1706; Kazakh_TTS repository and published pretrained model artifacts CC-BY-4.0; ESPnet Apache-2.0; ParallelWaveGAN MIT; fixed published voice; no reference audio or voice cloning; language provenance is intended input text until full acoustic review; normalizer=stage_c_kazakhtts_text_v1,fresh_suite_v1_kazakhtts_tacotron2_pwg:synthetic-profile:issai_kazakhtts2_male2_tacotron2_pwg:ISSAI_KazakhTTS2_M2,google_fleurs_ru_v1:prompt:1706,62b0a91d18a81f2a300f9cf5a907ca482e8106d4989bc3118c060c566321b787,17.38013605442177,tacotron2_parallelwavegan_fixed_voice_tts,ISSAI KazakhTTS2 Male2 Tacotron2 + ParallelWaveGAN,source-fc906048ff5914a3528d1ae4ed6f7ccd94d71383; acoustic-deb9cb49703b012d8f1406d15f4fa182b39ecb320bc4e2be5a557ac58766ea75; vocoder-fb415182fdf84dbe6a0bbca72e5ed9ed39009b622cf39e20ba630cb830594329,issai_kazakhtts2_male2_tacotron2_pwg:ISSAI_KazakhTTS2_M2,not_applicable:fixed_pretrained_tts_no_reference_audio,cuda,offline_text_only_tacotron2_parallelwavegan_tts,22050,wav,language_provenance=intended_input_text_only;text_normalizer=stage_c_kazakhtts_text_v1;synthesis_text_sha256=62b0a91d18a81f2a300f9cf5a907ca482e8106d4989bc3118c060c566321b787,,2026-08-12T21:18:24+05:00
fresh_suite_v1_kazakhtts_tacotron2_pwg:00881bcf13e18e860bc1,raw/fresh_suite_v1_kazakhtts_tacotron2_pwg/slices/stage_c_normalized_v2/8c395933dd097301cbc8-e78b63854b4c.wav,bf8845edc9f118542db97475b79e446aec1adc47fad5d4268995c57fea497cf8,test,spoof,ru,false,fresh_suite_v1_kazakhtts_tacotron2_pwg:fixed-profile:issai_kazakhtts2_male2_tacotron2_pwg:ISSAI_KazakhTTS2_M2,fresh_suite_v1_kazakhtts_tacotron2_pwg,FLEURS/KSC2 CC-BY-4.0; ISSAI Kazakh_TTS model CC-BY-4.0; ESPnet Apache-2.0; ParallelWaveGAN MIT,Offline text-only derivative of google_fleurs_ru_v1 text google_fleurs_ru_v1:prompt:1720; Kazakh_TTS repository and published pretrained model artifacts CC-BY-4.0; ESPnet Apache-2.0; ParallelWaveGAN MIT; fixed published voice; no reference audio or voice cloning; language provenance is intended input text until full acoustic review; normalizer=stage_c_kazakhtts_text_v1,fresh_suite_v1_kazakhtts_tacotron2_pwg:synthetic-profile:issai_kazakhtts2_male2_tacotron2_pwg:ISSAI_KazakhTTS2_M2,google_fleurs_ru_v1:prompt:1720,e78b63854b4cae8c535a1593e82fa3d94a7ef31a52ff30b1b997fa90796e4a92,8.719092970521542,tacotron2_parallelwavegan_fixed_voice_tts,ISSAI KazakhTTS2 Male2 Tacotron2 + ParallelWaveGAN,source-fc906048ff5914a3528d1ae4ed6f7ccd94d71383; acoustic-deb9cb49703b012d8f1406d15f4fa182b39ecb320bc4e2be5a557ac58766ea75; vocoder-fb415182fdf84dbe6a0bbca72e5ed9ed39009b622cf39e20ba630cb830594329,issai_kazakhtts2_male2_tacotron2_pwg:ISSAI_KazakhTTS2_M2,not_applicable:fixed_pretrained_tts_no_reference_audio,cuda,offline_text_only_tacotron2_parallelwavegan_tts,22050,wav,language_provenance=intended_input_text_only;text_normalizer=stage_c_kazakhtts_text_v1;synthesis_text_sha256=e78b63854b4cae8c535a1593e82fa3d94a7ef31a52ff30b1b997fa90796e4a92,,2026-08-12T21:18:24+05:00
fresh_suite_v1_kazakhtts_tacotron2_pwg:1bdcdc759cb22d6d0f13,raw/fresh_suite_v1_kazakhtts_tacotron2_pwg/slices/stage_c_normalized_v2/503c39c12cc0c6e70eab-1bf2c7ca5fa0.wav,f9724f09ab8eb55e822fd60c74fc1f6ab6e5b39d32aeb5c4879ec58e17ca7026,test,spoof,ru,false,fresh_suite_v1_kazakhtts_tacotron2_pwg:fixed-profile:issai_kazakhtts2_male2_tacotron2_pwg:ISSAI_KazakhTTS2_M2,fresh_suite_v1_kazakhtts_tacotron2_pwg,FLEURS/KSC2 CC-BY-4.0; ISSAI Kazakh_TTS model CC-BY-4.0; ESPnet Apache-2.0; ParallelWaveGAN MIT,Offline text-only derivative of google_fleurs_ru_v1 text google_fleurs_ru_v1:prompt:1869; Kazakh_TTS repository and published pretrained model artifacts CC-BY-4.0; ESPnet Apache-2.0; ParallelWaveGAN MIT; fixed published voice; no reference audio or voice cloning; language provenance is intended input text until full acoustic review; normalizer=stage_c_kazakhtts_text_v1,fresh_suite_v1_kazakhtts_tacotron2_pwg:synthetic-profile:issai_kazakhtts2_male2_tacotron2_pwg:ISSAI_KazakhTTS2_M2,google_fleurs_ru_v1:prompt:1869,1bf2c7ca5fa0d8a5c87192183d0f985e5d76f07d38971f6fa46a0565304d758a,13.421133786848072,tacotron2_parallelwavegan_fixed_voice_tts,ISSAI KazakhTTS2 Male2 Tacotron2 + ParallelWaveGAN,source-fc906048ff5914a3528d1ae4ed6f7ccd94d71383; acoustic-deb9cb49703b012d8f1406d15f4fa182b39ecb320bc4e2be5a557ac58766ea75; vocoder-fb415182fdf84dbe6a0bbca72e5ed9ed39009b622cf39e20ba630cb830594329,issai_kazakhtts2_male2_tacotron2_pwg:ISSAI_KazakhTTS2_M2,not_applicable:fixed_pretrained_tts_no_reference_audio,cuda,offline_text_only_tacotron2_parallelwavegan_tts,22050,wav,language_provenance=intended_input_text_only;text_normalizer=stage_c_kazakhtts_text_v1;synthesis_text_sha256=bbf1cf9a1bc8468fd993029290e89566ea6017d26375f5c41ab17f83109dfb71,,2026-08-12T21:18:24+05:00
fresh_suite_v1_kazakhtts_tacotron2_pwg:19a53e9d083d5aefdab3,raw/fresh_suite_v1_kazakhtts_tacotron2_pwg/slices/stage_c_normalized_v2/a762740c34fc6b4f83a1-d1fcef4da865.wav,4e6baddc39deaa76402337ef197164263a3e0e4a5b6f3b419d2a56b57bf026a6,test,spoof,ru,false,fresh_suite_v1_kazakhtts_tacotron2_pwg:fixed-profile:issai_kazakhtts2_male2_tacotron2_pwg:ISSAI_KazakhTTS2_M2,fresh_suite_v1_kazakhtts_tacotron2_pwg,FLEURS/KSC2 CC-BY-4.0; ISSAI Kazakh_TTS model CC-BY-4.0; ESPnet Apache-2.0; ParallelWaveGAN MIT,Offline text-only derivative of google_fleurs_ru_v1 text google_fleurs_ru_v1:prompt:1761; Kazakh_TTS repository and published pretrained model artifacts CC-BY-4.0; ESPnet Apache-2.0; ParallelWaveGAN MIT; fixed published voice; no reference audio or voice cloning; language provenance is intended input text until full acoustic review; normalizer=stage_c_kazakhtts_text_v1,fresh_suite_v1_kazakhtts_tacotron2_pwg:synthetic-profile:issai_kazakhtts2_male2_tacotron2_pwg:ISSAI_KazakhTTS2_M2,google_fleurs_ru_v1:prompt:1761,d1fcef4da865c28bacb4ca49fb1d78d57bb7ee0371ac95ff111cba33c80bd37c,11.145578231292516,tacotron2_parallelwavegan_fixed_voice_tts,ISSAI KazakhTTS2 Male2 Tacotron2 + ParallelWaveGAN,source-fc906048ff5914a3528d1ae4ed6f7ccd94d71383; acoustic-deb9cb49703b012d8f1406d15f4fa182b39ecb320bc4e2be5a557ac58766ea75; vocoder-fb415182fdf84dbe6a0bbca72e5ed9ed39009b622cf39e20ba630cb830594329,issai_kazakhtts2_male2_tacotron2_pwg:ISSAI_KazakhTTS2_M2,not_applicable:fixed_pretrained_tts_no_reference_audio,cuda,offline_text_only_tacotron2_parallelwavegan_tts,22050,wav,language_provenance=intended_input_text_only;text_normalizer=stage_c_kazakhtts_text_v1;synthesis_text_sha256=d1fcef4da865c28bacb4ca49fb1d78d57bb7ee0371ac95ff111cba33c80bd37c,,2026-08-12T21:18:24+05:00
fresh_suite_v1_kazakhtts_tacotron2_pwg:98f38bfeb82f08f32ed8,raw/fresh_suite_v1_kazakhtts_tacotron2_pwg/slices/stage_c_normalized_v2/9b0f33fa6231e00c49de-fcfb114c8899.wav,6901c47ce9efbb27fc2552f75d80c9a0060bb2bf95ef9cdfd5636b7a3d64fbe6,test,spoof,ru,false,fresh_suite_v1_kazakhtts_tacotron2_pwg:fixed-profile:issai_kazakhtts2_male2_tacotron2_pwg:ISSAI_KazakhTTS2_M2,fresh_suite_v1_kazakhtts_tacotron2_pwg,FLEURS/KSC2 CC-BY-4.0; ISSAI Kazakh_TTS model CC-BY-4.0; ESPnet Apache-2.0; ParallelWaveGAN MIT,Offline text-only derivative of google_fleurs_ru_v1 text google_fleurs_ru_v1:prompt:1995; Kazakh_TTS repository and published pretrained model artifacts CC-BY-4.0; ESPnet Apache-2.0; ParallelWaveGAN MIT; fixed published voice; no reference audio or voice cloning; language provenance is intended input text until full acoustic review; normalizer=stage_c_kazakhtts_text_v1,fresh_suite_v1_kazakhtts_tacotron2_pwg:synthetic-profile:issai_kazakhtts2_male2_tacotron2_pwg:ISSAI_KazakhTTS2_M2,google_fleurs_ru_v1:prompt:1995,fcfb114c889908b798c87fc78c43138974a2984a191b2437b1a34934f2f9e064,24.891791383219953,tacotron2_parallelwavegan_fixed_voice_tts,ISSAI KazakhTTS2 Male2 Tacotron2 + ParallelWaveGAN,source-fc906048ff5914a3528d1ae4ed6f7ccd94d71383; acoustic-deb9cb49703b012d8f1406d15f4fa182b39ecb320bc4e2be5a557ac58766ea75; vocoder-fb415182fdf84dbe6a0bbca72e5ed9ed39009b622cf39e20ba630cb830594329,issai_kazakhtts2_male2_tacotron2_pwg:ISSAI_KazakhTTS2_M2,not_applicable:fixed_pretrained_tts_no_reference_audio,cuda,offline_text_only_tacotron2_parallelwavegan_tts,22050,wav,language_provenance=intended_input_text_only;text_normalizer=stage_c_kazakhtts_text_v1;synthesis_text_sha256=fcfb114c889908b798c87fc78c43138974a2984a191b2437b1a34934f2f9e064,,2026-08-12T21:18:24+05:00
fresh_suite_v1_kazakhtts_tacotron2_pwg:a68c30a48f5122f9ddc2,raw/fresh_suite_v1_kazakhtts_tacotron2_pwg/slices/stage_c_normalized_v2/cf702930ae0f7cab0e2c-cce9ad1be587.wav,cf39723bd735dfb29dc00ba98b04d429e2d21873aac1628c7a64154cdae29f98,test,spoof,ru,false,fresh_suite_v1_kazakhtts_tacotron2_pwg:fixed-profile:issai_kazakhtts2_male2_tacotron2_pwg:ISSAI_KazakhTTS2_M2,fresh_suite_v1_kazakhtts_tacotron2_pwg,FLEURS/KSC2 CC-BY-4.0; ISSAI Kazakh_TTS model CC-BY-4.0; ESPnet Apache-2.0; ParallelWaveGAN MIT,Offline text-only derivative of google_fleurs_ru_v1 text google_fleurs_ru_v1:prompt:2002; Kazakh_TTS repository and published pretrained model artifacts CC-BY-4.0; ESPnet Apache-2.0; ParallelWaveGAN MIT; fixed published voice; no reference audio or voice cloning; language provenance is intended input text until full acoustic review; normalizer=stage_c_kazakhtts_text_v1,fresh_suite_v1_kazakhtts_tacotron2_pwg:synthetic-profile:issai_kazakhtts2_male2_tacotron2_pwg:ISSAI_KazakhTTS2_M2,google_fleurs_ru_v1:prompt:2002,cce9ad1be587f375a04278d9593a2690002ca3c78f1ab2566d36a5b391b6e7ce,8.440453514739229,tacotron2_parallelwavegan_fixed_voice_tts,ISSAI KazakhTTS2 Male2 Tacotron2 + ParallelWaveGAN,source-fc906048ff5914a3528d1ae4ed6f7ccd94d71383; acoustic-deb9cb49703b012d8f1406d15f4fa182b39ecb320bc4e2be5a557ac58766ea75; vocoder-fb415182fdf84dbe6a0bbca72e5ed9ed39009b622cf39e20ba630cb830594329,issai_kazakhtts2_male2_tacotron2_pwg:ISSAI_KazakhTTS2_M2,not_applicable:fixed_pretrained_tts_no_reference_audio,cuda,offline_text_only_tacotron2_parallelwavegan_tts,22050,wav,language_provenance=intended_input_text_only;text_normalizer=stage_c_kazakhtts_text_v1;synthesis_text_sha256=cce9ad1be587f375a04278d9593a2690002ca3c78f1ab2566d36a5b391b6e7ce,,2026-08-12T21:18:24+05:00
fresh_suite_v1_kazakhtts_tacotron2_pwg:d1f753cd95a1ab0d7d34,raw/fresh_suite_v1_kazakhtts_tacotron2_pwg/slices/stage_c_normalized_v2/993b3b83e64eabda5b6e-d7624b56a475.wav,856e160bd163eb232f29a2978c137de48a972115212e0f7ad9ceba66ef415e27,test,spoof,ru,false,fresh_suite_v1_kazakhtts_tacotron2_pwg:fixed-profile:issai_kazakhtts2_male2_tacotron2_pwg:ISSAI_KazakhTTS2_M2,fresh_suite_v1_kazakhtts_tacotron2_pwg,FLEURS/KSC2 CC-BY-4.0; ISSAI Kazakh_TTS model CC-BY-4.0; ESPnet Apache-2.0; ParallelWaveGAN MIT,Offline text-only derivative of google_fleurs_ru_v1 text google_fleurs_ru_v1:prompt:1988; Kazakh_TTS repository and published pretrained model artifacts CC-BY-4.0; ESPnet Apache-2.0; ParallelWaveGAN MIT; fixed published voice; no reference audio or voice cloning; language provenance is intended input text until full acoustic review; normalizer=stage_c_kazakhtts_text_v1,fresh_suite_v1_kazakhtts_tacotron2_pwg:synthetic-profile:issai_kazakhtts2_male2_tacotron2_pwg:ISSAI_KazakhTTS2_M2,google_fleurs_ru_v1:prompt:1988,d7624b56a475b60af8143d90d4ab2e8f4818a198c4406807eff3a8edecd74a6e,9.485351473922902,tacotron2_parallelwavegan_fixed_voice_tts,ISSAI KazakhTTS2 Male2 Tacotron2 + ParallelWaveGAN,source-fc906048ff5914a3528d1ae4ed6f7ccd94d71383; acoustic-deb9cb49703b012d8f1406d15f4fa182b39ecb320bc4e2be5a557ac58766ea75; vocoder-fb415182fdf84dbe6a0bbca72e5ed9ed39009b622cf39e20ba630cb830594329,issai_kazakhtts2_male2_tacotron2_pwg:ISSAI_KazakhTTS2_M2,not_applicable:fixed_pretrained_tts_no_reference_audio,cuda,offline_text_only_tacotron2_parallelwavegan_tts,22050,wav,language_provenance=intended_input_text_only;text_normalizer=stage_c_kazakhtts_text_v1;synthesis_text_sha256=597c046a335ae4f5539c033fd148b28e56f2084f729aefc60a67087c03260d4b,,2026-08-12T21:18:24+05:00
fresh_suite_v1_kazakhtts_tacotron2_pwg:19fef44b4ee297a0c1ea,raw/fresh_suite_v1_kazakhtts_tacotron2_pwg/slices/stage_c_normalized_v2/64bd2f4a6a4072600591-637d788df35f.wav,d8a1c6481eeee13b3aa02005a849fe1ed12510c5a27ce239bd78ff42e1aa8d15,test,spoof,ru,false,fresh_suite_v1_kazakhtts_tacotron2_pwg:fixed-profile:issai_kazakhtts2_male2_tacotron2_pwg:ISSAI_KazakhTTS2_M2,fresh_suite_v1_kazakhtts_tacotron2_pwg,FLEURS/KSC2 CC-BY-4.0; ISSAI Kazakh_TTS model CC-BY-4.0; ESPnet Apache-2.0; ParallelWaveGAN MIT,Offline text-only derivative of google_fleurs_ru_v1 text google_fleurs_ru_v1:prompt:1699; Kazakh_TTS repository and published pretrained model artifacts CC-BY-4.0; ESPnet Apache-2.0; ParallelWaveGAN MIT; fixed published voice; no reference audio or voice cloning; language provenance is intended input text until full acoustic review; normalizer=stage_c_kazakhtts_text_v1,fresh_suite_v1_kazakhtts_tacotron2_pwg:synthetic-profile:issai_kazakhtts2_male2_tacotron2_pwg:ISSAI_KazakhTTS2_M2,google_fleurs_ru_v1:prompt:1699,637d788df35fefdd066b50d788efd39ff7f67146cc0e25e242af04733e3c67b8,12.085986394557823,tacotron2_parallelwavegan_fixed_voice_tts,ISSAI KazakhTTS2 Male2 Tacotron2 + ParallelWaveGAN,source-fc906048ff5914a3528d1ae4ed6f7ccd94d71383; acoustic-deb9cb49703b012d8f1406d15f4fa182b39ecb320bc4e2be5a557ac58766ea75; vocoder-fb415182fdf84dbe6a0bbca72e5ed9ed39009b622cf39e20ba630cb830594329,issai_kazakhtts2_male2_tacotron2_pwg:ISSAI_KazakhTTS2_M2,not_applicable:fixed_pretrained_tts_no_reference_audio,cuda,offline_text_only_tacotron2_parallelwavegan_tts,22050,wav,language_provenance=intended_input_text_only;text_normalizer=stage_c_kazakhtts_text_v1;synthesis_text_sha256=637d788df35fefdd066b50d788efd39ff7f67146cc0e25e242af04733e3c67b8,,2026-08-12T21:18:24+05:00
fresh_suite_v1_kazakhtts_tacotron2_pwg:b66975925a12ed1c455a,raw/fresh_suite_v1_kazakhtts_tacotron2_pwg/slices/stage_c_normalized_v2/c076a80df1d50f0ea589-c8323f08f951.wav,02996cb51b29757c54df32c4bf64211737244ba8fa7ef3d39c1c0daafd67c650,test,spoof,ru,false,fresh_suite_v1_kazakhtts_tacotron2_pwg:fixed-profile:issai_kazakhtts2_male2_tacotron2_pwg:ISSAI_KazakhTTS2_M2,fresh_suite_v1_kazakhtts_tacotron2_pwg,FLEURS/KSC2 CC-BY-4.0; ISSAI Kazakh_TTS model CC-BY-4.0; ESPnet Apache-2.0; ParallelWaveGAN MIT,Offline text-only derivative of google_fleurs_ru_v1 text google_fleurs_ru_v1:prompt:1758; Kazakh_TTS repository and published pretrained model artifacts CC-BY-4.0; ESPnet Apache-2.0; ParallelWaveGAN MIT; fixed published voice; no reference audio or voice cloning; language provenance is intended input text until full acoustic review; normalizer=stage_c_kazakhtts_text_v1,fresh_suite_v1_kazakhtts_tacotron2_pwg:synthetic-profile:issai_kazakhtts2_male2_tacotron2_pwg:ISSAI_KazakhTTS2_M2,google_fleurs_ru_v1:prompt:1758,c8323f08f95142868d77f581b2180f12883b339be667dde321ac034e2c0fb289,10.495419501133787,tacotron2_parallelwavegan_fixed_voice_tts,ISSAI KazakhTTS2 Male2 Tacotron2 + ParallelWaveGAN,source-fc906048ff5914a3528d1ae4ed6f7ccd94d71383; acoustic-deb9cb49703b012d8f1406d15f4fa182b39ecb320bc4e2be5a557ac58766ea75; vocoder-fb415182fdf84dbe6a0bbca72e5ed9ed39009b622cf39e20ba630cb830594329,issai_kazakhtts2_male2_tacotron2_pwg:ISSAI_KazakhTTS2_M2,not_applicable:fixed_pretrained_tts_no_reference_audio,cuda,offline_text_only_tacotron2_parallelwavegan_tts,22050,wav,language_provenance=intended_input_text_only;text_normalizer=stage_c_kazakhtts_text_v1;synthesis_text_sha256=e95524126eeb382f650fa9520786d0144aec359fd9fc8b34a20b54ba62aad397,,2026-08-12T21:18:24+05:00
fresh_suite_v1_kazakhtts_tacotron2_pwg:9e724631991e99f425d2,raw/fresh_suite_v1_kazakhtts_tacotron2_pwg/slices/stage_c_normalized_v2/191b777aa7b81d0daf7c-7f636301bfa8.wav,06f2169f871bd46ab7d9e38bdfbdf0a8c556488cbe175f3eb6de6822fcee9574,test,spoof,ru,false,fresh_suite_v1_kazakhtts_tacotron2_pwg:fixed-profile:issai_kazakhtts2_male2_tacotron2_pwg:ISSAI_KazakhTTS2_M2,fresh_suite_v1_kazakhtts_tacotron2_pwg,FLEURS/KSC2 CC-BY-4.0; ISSAI Kazakh_TTS model CC-BY-4.0; ESPnet Apache-2.0; ParallelWaveGAN MIT,Offline text-only derivative of google_fleurs_ru_v1 text google_fleurs_ru_v1:prompt:1701; Kazakh_TTS repository and published pretrained model artifacts CC-BY-4.0; ESPnet Apache-2.0; ParallelWaveGAN MIT; fixed published voice; no reference audio or voice cloning; language provenance is intended input text until full acoustic review; normalizer=stage_c_kazakhtts_text_v1,fresh_suite_v1_kazakhtts_tacotron2_pwg:synthetic-profile:issai_kazakhtts2_male2_tacotron2_pwg:ISSAI_KazakhTTS2_M2,google_fleurs_ru_v1:prompt:1701,7f636301bfa877a3176c09c817d09d8bce0d90f383e8b31a13b93b76e1dcb882,7.9412244897959186,tacotron2_parallelwavegan_fixed_voice_tts,ISSAI KazakhTTS2 Male2 Tacotron2 + ParallelWaveGAN,source-fc906048ff5914a3528d1ae4ed6f7ccd94d71383; acoustic-deb9cb49703b012d8f1406d15f4fa182b39ecb320bc4e2be5a557ac58766ea75; vocoder-fb415182fdf84dbe6a0bbca72e5ed9ed39009b622cf39e20ba630cb830594329,issai_kazakhtts2_male2_tacotron2_pwg:ISSAI_KazakhTTS2_M2,not_applicable:fixed_pretrained_tts_no_reference_audio,cuda,offline_text_only_tacotron2_parallelwavegan_tts,22050,wav,language_provenance=intended_input_text_only;text_normalizer=stage_c_kazakhtts_text_v1;synthesis_text_sha256=ce98e64eefe1cfda81e55e4b9be4a28fb76d7fe347b7fde9710f4342d7257901,,2026-08-12T21:18:24+05:00
fresh_suite_v1_kazakhtts_tacotron2_pwg:28fc446c8a6b89061311,raw/fresh_suite_v1_kazakhtts_tacotron2_pwg/slices/stage_c_normalized_v2/e5572c217c5596243e97-6494dae3f63f.wav,2f475f33b0c0190a41c21cc824f7616e9b639368912229f9cdf07cde6efc680d,test,spoof,ru,false,fresh_suite_v1_kazakhtts_tacotron2_pwg:fixed-profile:issai_kazakhtts2_male2_tacotron2_pwg:ISSAI_KazakhTTS2_M2,fresh_suite_v1_kazakhtts_tacotron2_pwg,FLEURS/KSC2 CC-BY-4.0; ISSAI Kazakh_TTS model CC-BY-4.0; ESPnet Apache-2.0; ParallelWaveGAN MIT,Offline text-only derivative of google_fleurs_ru_v1 text google_fleurs_ru_v1:prompt:1722; Kazakh_TTS repository and published pretrained model artifacts CC-BY-4.0; ESPnet Apache-2.0; ParallelWaveGAN MIT; fixed published voice; no reference audio or voice cloning; language provenance is intended input text until full acoustic review; normalizer=stage_c_kazakhtts_text_v1,fresh_suite_v1_kazakhtts_tacotron2_pwg:synthetic-profile:issai_kazakhtts2_male2_tacotron2_pwg:ISSAI_KazakhTTS2_M2,google_fleurs_ru_v1:prompt:1722,6494dae3f63f9210ec0048ac0e72e83bffe9a90e9db83680d0c2ebd34b04d257,16.567437641723355,tacotron2_parallelwavegan_fixed_voice_tts,ISSAI KazakhTTS2 Male2 Tacotron2 + ParallelWaveGAN,source-fc906048ff5914a3528d1ae4ed6f7ccd94d71383; acoustic-deb9cb49703b012d8f1406d15f4fa182b39ecb320bc4e2be5a557ac58766ea75; vocoder-fb415182fdf84dbe6a0bbca72e5ed9ed39009b622cf39e20ba630cb830594329,issai_kazakhtts2_male2_tacotron2_pwg:ISSAI_KazakhTTS2_M2,not_applicable:fixed_pretrained_tts_no_reference_audio,cuda,offline_text_only_tacotron2_parallelwavegan_tts,22050,wav,language_provenance=intended_input_text_only;text_normalizer=stage_c_kazakhtts_text_v1;synthesis_text_sha256=e5decd3dd318e642db4b0f33da415aa15c98e9230f882d181a8690d5b5e2065e,,2026-08-12T21:18:24+05:00
fresh_suite_v1_kazakhtts_tacotron2_pwg:41c1afa8ac521a84f9ff,raw/fresh_suite_v1_kazakhtts_tacotron2_pwg/slices/stage_c_normalized_v2/93fc42feae8cceded9f4-872ae867c74a.wav,463d57cb4acf7fb9694d4150bfd07e3e136fa38c60817ed523d35ebce8ac0249,test,spoof,ru,false,fresh_suite_v1_kazakhtts_tacotron2_pwg:fixed-profile:issai_kazakhtts2_male2_tacotron2_pwg:ISSAI_KazakhTTS2_M2,fresh_suite_v1_kazakhtts_tacotron2_pwg,FLEURS/KSC2 CC-BY-4.0; ISSAI Kazakh_TTS model CC-BY-4.0; ESPnet Apache-2.0; ParallelWaveGAN MIT,Offline text-only derivative of google_fleurs_ru_v1 text google_fleurs_ru_v1:prompt:1715; Kazakh_TTS repository and published pretrained model artifacts CC-BY-4.0; ESPnet Apache-2.0; ParallelWaveGAN MIT; fixed published voice; no reference audio or voice cloning; language provenance is intended input text until full acoustic review; normalizer=stage_c_kazakhtts_text_v1,fresh_suite_v1_kazakhtts_tacotron2_pwg:synthetic-profile:issai_kazakhtts2_male2_tacotron2_pwg:ISSAI_KazakhTTS2_M2,google_fleurs_ru_v1:prompt:1715,872ae867c74a85a5cdb163526b2dbca5b0fadd4c6014f8e51fa57561f7753dac,17.890975056689342,tacotron2_parallelwavegan_fixed_voice_tts,ISSAI KazakhTTS2 Male2 Tacotron2 + ParallelWaveGAN,source-fc906048ff5914a3528d1ae4ed6f7ccd94d71383; acoustic-deb9cb49703b012d8f1406d15f4fa182b39ecb320bc4e2be5a557ac58766ea75; vocoder-fb415182fdf84dbe6a0bbca72e5ed9ed39009b622cf39e20ba630cb830594329,issai_kazakhtts2_male2_tacotron2_pwg:ISSAI_KazakhTTS2_M2,not_applicable:fixed_pretrained_tts_no_reference_audio,cuda,offline_text_only_tacotron2_parallelwavegan_tts,22050,wav,language_provenance=intended_input_text_only;text_normalizer=stage_c_kazakhtts_text_v1;synthesis_text_sha256=872ae867c74a85a5cdb163526b2dbca5b0fadd4c6014f8e51fa57561f7753dac,,2026-08-12T21:18:24+05:00
fresh_suite_v1_kazakhtts_tacotron2_pwg:d9bf1a41f61bb56a7072,raw/fresh_suite_v1_kazakhtts_tacotron2_pwg/slices/stage_c_normalized_v2/496dddaa927fc0398e75-4bafc07b7773.wav,1ef2d4ccad82ac6704baeacfc400b6c0fdac4648442027bf4cf44acc19809afa,test,spoof,ru,false,fresh_suite_v1_kazakhtts_tacotron2_pwg:fixed-profile:issai_kazakhtts2_male2_tacotron2_pwg:ISSAI_KazakhTTS2_M2,fresh_suite_v1_kazakhtts_tacotron2_pwg,FLEURS/KSC2 CC-BY-4.0; ISSAI Kazakh_TTS model CC-BY-4.0; ESPnet Apache-2.0; ParallelWaveGAN MIT,Offline text-only derivative of google_fleurs_ru_v1 text google_fleurs_ru_v1:prompt:1673; Kazakh_TTS repository and published pretrained model artifacts CC-BY-4.0; ESPnet Apache-2.0; ParallelWaveGAN MIT; fixed published voice; no reference audio or voice cloning; language provenance is intended input text until full acoustic review; normalizer=stage_c_kazakhtts_text_v1,fresh_suite_v1_kazakhtts_tacotron2_pwg:synthetic-profile:issai_kazakhtts2_male2_tacotron2_pwg:ISSAI_KazakhTTS2_M2,google_fleurs_ru_v1:prompt:1673,4bafc07b7773c4ee1815674a60f0b71bacf66b8dd0d0ff8664ee2afbd19d42d5,22.175056689342405,tacotron2_parallelwavegan_fixed_voice_tts,ISSAI KazakhTTS2 Male2 Tacotron2 + ParallelWaveGAN,source-fc906048ff5914a3528d1ae4ed6f7ccd94d71383; acoustic-deb9cb49703b012d8f1406d15f4fa182b39ecb320bc4e2be5a557ac58766ea75; vocoder-fb415182fdf84dbe6a0bbca72e5ed9ed39009b622cf39e20ba630cb830594329,issai_kazakhtts2_male2_tacotron2_pwg:ISSAI_KazakhTTS2_M2,not_applicable:fixed_pretrained_tts_no_reference_audio,cuda,offline_text_only_tacotron2_parallelwavegan_tts,22050,wav,language_provenance=intended_input_text_only;text_normalizer=stage_c_kazakhtts_text_v1;synthesis_text_sha256=4bafc07b7773c4ee1815674a60f0b71bacf66b8dd0d0ff8664ee2afbd19d42d5,,2026-08-12T21:18:24+05:00
fresh_suite_v1_kazakhtts_tacotron2_pwg:4fccd72708f807066772,raw/fresh_suite_v1_kazakhtts_tacotron2_pwg/slices/stage_c_normalized_v2/f0baa36da6dd54ccef5e-69912967baae.wav,c6ec7090992f7b6347481b1f88b8856291686087157e8d583fb1ce6ad772a993,test,spoof,ru,false,fresh_suite_v1_kazakhtts_tacotron2_pwg:fixed-profile:issai_kazakhtts2_male2_tacotron2_pwg:ISSAI_KazakhTTS2_M2,fresh_suite_v1_kazakhtts_tacotron2_pwg,FLEURS/KSC2 CC-BY-4.0; ISSAI Kazakh_TTS model CC-BY-4.0; ESPnet Apache-2.0; ParallelWaveGAN MIT,Offline text-only derivative of google_fleurs_ru_v1 text google_fleurs_ru_v1:prompt:1814; Kazakh_TTS repository and published pretrained model artifacts CC-BY-4.0; ESPnet Apache-2.0; ParallelWaveGAN MIT; fixed published voice; no reference audio or voice cloning; language provenance is intended input text until full acoustic review; normalizer=stage_c_kazakhtts_text_v1,fresh_suite_v1_kazakhtts_tacotron2_pwg:synthetic-profile:issai_kazakhtts2_male2_tacotron2_pwg:ISSAI_KazakhTTS2_M2,google_fleurs_ru_v1:prompt:1814,69912967baae1cfd62c69c4cef1333fb7b5080007dd2e88756f69833227cc74a,9.58984126984127,tacotron2_parallelwavegan_fixed_voice_tts,ISSAI KazakhTTS2 Male2 Tacotron2 + ParallelWaveGAN,source-fc906048ff5914a3528d1ae4ed6f7ccd94d71383; acoustic-deb9cb49703b012d8f1406d15f4fa182b39ecb320bc4e2be5a557ac58766ea75; vocoder-fb415182fdf84dbe6a0bbca72e5ed9ed39009b622cf39e20ba630cb830594329,issai_kazakhtts2_male2_tacotron2_pwg:ISSAI_KazakhTTS2_M2,not_applicable:fixed_pretrained_tts_no_reference_audio,cuda,offline_text_only_tacotron2_parallelwavegan_tts,22050,wav,language_provenance=intended_input_text_only;text_normalizer=stage_c_kazakhtts_text_v1;synthesis_text_sha256=0fa7517272880c6ef3eff62a6a3c7b432df76ac324ea61c98531fe49ad142d28,,2026-08-12T21:18:24+05:00
fresh_suite_v1_kazakhtts_tacotron2_pwg:b75b235774849a7332df,raw/fresh_suite_v1_kazakhtts_tacotron2_pwg/slices/stage_c_normalized_v2/69107ed9a68832d4764d-5dd64f401957.wav,1235cf9175b2a9176d3d144c18420f8fb7eb4a354cd3ab9d31c73827807ac8bf,test,spoof,ru,false,fresh_suite_v1_kazakhtts_tacotron2_pwg:fixed-profile:issai_kazakhtts2_male2_tacotron2_pwg:ISSAI_KazakhTTS2_M2,fresh_suite_v1_kazakhtts_tacotron2_pwg,FLEURS/KSC2 CC-BY-4.0; ISSAI Kazakh_TTS model CC-BY-4.0; ESPnet Apache-2.0; ParallelWaveGAN MIT,Offline text-only derivative of google_fleurs_ru_v1 text google_fleurs_ru_v1:prompt:1994; Kazakh_TTS repository and published pretrained model artifacts CC-BY-4.0; ESPnet Apache-2.0; ParallelWaveGAN MIT; fixed published voice; no reference audio or voice cloning; language provenance is intended input text until full acoustic review; normalizer=stage_c_kazakhtts_text_v1,fresh_suite_v1_kazakhtts_tacotron2_pwg:synthetic-profile:issai_kazakhtts2_male2_tacotron2_pwg:ISSAI_KazakhTTS2_M2,google_fleurs_ru_v1:prompt:1994,5dd64f401957b5bd6f4736628ea078904c5532a8bcc8ce833f6ea023abf2e321,6.791836734693877,tacotron2_parallelwavegan_fixed_voice_tts,ISSAI KazakhTTS2 Male2 Tacotron2 + ParallelWaveGAN,source-fc906048ff5914a3528d1ae4ed6f7ccd94d71383; acoustic-deb9cb49703b012d8f1406d15f4fa182b39ecb320bc4e2be5a557ac58766ea75; vocoder-fb415182fdf84dbe6a0bbca72e5ed9ed39009b622cf39e20ba630cb830594329,issai_kazakhtts2_male2_tacotron2_pwg:ISSAI_KazakhTTS2_M2,not_applicable:fixed_pretrained_tts_no_reference_audio,cuda,offline_text_only_tacotron2_parallelwavegan_tts,22050,wav,language_provenance=intended_input_text_only;text_normalizer=stage_c_kazakhtts_text_v1;synthesis_text_sha256=5dd64f401957b5bd6f4736628ea078904c5532a8bcc8ce833f6ea023abf2e321,,2026-08-12T21:18:24+05:00
fresh_suite_v1_kazakhtts_tacotron2_pwg:3f3bd0e8ff82b8bbd7ea,raw/fresh_suite_v1_kazakhtts_tacotron2_pwg/slices/stage_c_normalized_v2/b194594078a605424855-915465f2b477.wav,16bba94c17e94a38db4f3d6fae96d57073f0576ca64d108f6d7cab00d2890afa,test,spoof,ru,false,fresh_suite_v1_kazakhtts_tacotron2_pwg:fixed-profile:issai_kazakhtts2_male2_tacotron2_pwg:ISSAI_KazakhTTS2_M2,fresh_suite_v1_kazakhtts_tacotron2_pwg,FLEURS/KSC2 CC-BY-4.0; ISSAI Kazakh_TTS model CC-BY-4.0; ESPnet Apache-2.0; ParallelWaveGAN MIT,Offline text-only derivative of google_fleurs_ru_v1 text google_fleurs_ru_v1:prompt:1921; Kazakh_TTS repository and published pretrained model artifacts CC-BY-4.0; ESPnet Apache-2.0; ParallelWaveGAN MIT; fixed published voice; no reference audio or voice cloning; language provenance is intended input text until full acoustic review; normalizer=stage_c_kazakhtts_text_v1,fresh_suite_v1_kazakhtts_tacotron2_pwg:synthetic-profile:issai_kazakhtts2_male2_tacotron2_pwg:ISSAI_KazakhTTS2_M2,google_fleurs_ru_v1:prompt:1921,915465f2b477dba049f57351efee8a8117d0eb68e96a4e9d56225f8e8ebe1c9c,10.634739229024943,tacotron2_parallelwavegan_fixed_voice_tts,ISSAI KazakhTTS2 Male2 Tacotron2 + ParallelWaveGAN,source-fc906048ff5914a3528d1ae4ed6f7ccd94d71383; acoustic-deb9cb49703b012d8f1406d15f4fa182b39ecb320bc4e2be5a557ac58766ea75; vocoder-fb415182fdf84dbe6a0bbca72e5ed9ed39009b622cf39e20ba630cb830594329,issai_kazakhtts2_male2_tacotron2_pwg:ISSAI_KazakhTTS2_M2,not_applicable:fixed_pretrained_tts_no_reference_audio,cuda,offline_text_only_tacotron2_parallelwavegan_tts,22050,wav,language_provenance=intended_input_text_only;text_normalizer=stage_c_kazakhtts_text_v1;synthesis_text_sha256=915465f2b477dba049f57351efee8a8117d0eb68e96a4e9d56225f8e8ebe1c9c,,2026-08-12T21:18:24+05:00
fresh_suite_v1_kazakhtts_tacotron2_pwg:347148468a74a4a4bcf3,raw/fresh_suite_v1_kazakhtts_tacotron2_pwg/slices/stage_c_normalized_v2/7b79f36e54a0bd4a3115-08a30c06e85a.wav,cdacb0755a335e4eec7f7c9cb416c0501b0871a22ec6c45ca0acd6922e567055,test,spoof,ru,false,fresh_suite_v1_kazakhtts_tacotron2_pwg:fixed-profile:issai_kazakhtts2_male2_tacotron2_pwg:ISSAI_KazakhTTS2_M2,fresh_suite_v1_kazakhtts_tacotron2_pwg,FLEURS/KSC2 CC-BY-4.0; ISSAI Kazakh_TTS model CC-BY-4.0; ESPnet Apache-2.0; ParallelWaveGAN MIT,Offline text-only derivative of google_fleurs_ru_v1 text google_fleurs_ru_v1:prompt:1836; Kazakh_TTS repository and published pretrained model artifacts CC-BY-4.0; ESPnet Apache-2.0; ParallelWaveGAN MIT; fixed published voice; no reference audio or voice cloning; language provenance is intended input text until full acoustic review; normalizer=stage_c_kazakhtts_text_v1,fresh_suite_v1_kazakhtts_tacotron2_pwg:synthetic-profile:issai_kazakhtts2_male2_tacotron2_pwg:ISSAI_KazakhTTS2_M2,google_fleurs_ru_v1:prompt:1836,08a30c06e85ab8542d3533825fe28392c89a1683f5d80bccdcd408e9d5443af4,19.969160997732427,tacotron2_parallelwavegan_fixed_voice_tts,ISSAI KazakhTTS2 Male2 Tacotron2 + ParallelWaveGAN,source-fc906048ff5914a3528d1ae4ed6f7ccd94d71383; acoustic-deb9cb49703b012d8f1406d15f4fa182b39ecb320bc4e2be5a557ac58766ea75; vocoder-fb415182fdf84dbe6a0bbca72e5ed9ed39009b622cf39e20ba630cb830594329,issai_kazakhtts2_male2_tacotron2_pwg:ISSAI_KazakhTTS2_M2,not_applicable:fixed_pretrained_tts_no_reference_audio,cuda,offline_text_only_tacotron2_parallelwavegan_tts,22050,wav,language_provenance=intended_input_text_only;text_normalizer=stage_c_kazakhtts_text_v1;synthesis_text_sha256=08a30c06e85ab8542d3533825fe28392c89a1683f5d80bccdcd408e9d5443af4,,2026-08-12T21:18:24+05:00
fresh_suite_v1_kazakhtts_tacotron2_pwg:6cd9efb134a3e5bed3d2,raw/fresh_suite_v1_kazakhtts_tacotron2_pwg/slices/stage_c_normalized_v2/e916f8a30bf988acd69f-6c0289f3309b.wav,022937d58f59c84a04a97d7ac33005d9db845a1f0cc810ac0f7ba61770954b43,test,spoof,ru,false,fresh_suite_v1_kazakhtts_tacotron2_pwg:fixed-profile:issai_kazakhtts2_male2_tacotron2_pwg:ISSAI_KazakhTTS2_M2,fresh_suite_v1_kazakhtts_tacotron2_pwg,FLEURS/KSC2 CC-BY-4.0; ISSAI Kazakh_TTS model CC-BY-4.0; ESPnet Apache-2.0; ParallelWaveGAN MIT,Offline text-only derivative of google_fleurs_ru_v1 text google_fleurs_ru_v1:prompt:1827; Kazakh_TTS repository and published pretrained model artifacts CC-BY-4.0; ESPnet Apache-2.0; ParallelWaveGAN MIT; fixed published voice; no reference audio or voice cloning; language provenance is intended input text until full acoustic review; normalizer=stage_c_kazakhtts_text_v1,fresh_suite_v1_kazakhtts_tacotron2_pwg:synthetic-profile:issai_kazakhtts2_male2_tacotron2_pwg:ISSAI_KazakhTTS2_M2,google_fleurs_ru_v1:prompt:1827,6c0289f3309bdce569d6bb2e1d66b26491fd34481b07507cd0ed43dbc7ddc0db,6.919546485260771,tacotron2_parallelwavegan_fixed_voice_tts,ISSAI KazakhTTS2 Male2 Tacotron2 + ParallelWaveGAN,source-fc906048ff5914a3528d1ae4ed6f7ccd94d71383; acoustic-deb9cb49703b012d8f1406d15f4fa182b39ecb320bc4e2be5a557ac58766ea75; vocoder-fb415182fdf84dbe6a0bbca72e5ed9ed39009b622cf39e20ba630cb830594329,issai_kazakhtts2_male2_tacotron2_pwg:ISSAI_KazakhTTS2_M2,not_applicable:fixed_pretrained_tts_no_reference_audio,cuda,offline_text_only_tacotron2_parallelwavegan_tts,22050,wav,language_provenance=intended_input_text_only;text_normalizer=stage_c_kazakhtts_text_v1;synthesis_text_sha256=649aa2d5489b041a324748ff107aa7d96666c8f777c47945697ccbf9afeda883,,2026-08-12T21:18:24+05:00
fresh_suite_v1_kazakhtts_tacotron2_pwg:91d67d2ac7ba5d79e53e,raw/fresh_suite_v1_kazakhtts_tacotron2_pwg/slices/stage_c_normalized_v2/f70ce44ee92725678ca6-ef8fbaa712f2.wav,f81d09589ca8b5d7bf7db5a11d10fdf4538a848bdb98a58894b529b3e0fbfede,test,spoof,ru,false,fresh_suite_v1_kazakhtts_tacotron2_pwg:fixed-profile:issai_kazakhtts2_male2_tacotron2_pwg:ISSAI_KazakhTTS2_M2,fresh_suite_v1_kazakhtts_tacotron2_pwg,FLEURS/KSC2 CC-BY-4.0; ISSAI Kazakh_TTS model CC-BY-4.0; ESPnet Apache-2.0; ParallelWaveGAN MIT,Offline text-only derivative of google_fleurs_ru_v1 text google_fleurs_ru_v1:prompt:1803; Kazakh_TTS repository and published pretrained model artifacts CC-BY-4.0; ESPnet Apache-2.0; ParallelWaveGAN MIT; fixed published voice; no reference audio or voice cloning; language provenance is intended input text until full acoustic review; normalizer=stage_c_kazakhtts_text_v1,fresh_suite_v1_kazakhtts_tacotron2_pwg:synthetic-profile:issai_kazakhtts2_male2_tacotron2_pwg:ISSAI_KazakhTTS2_M2,google_fleurs_ru_v1:prompt:1803,ef8fbaa712f2d1593e8670627d7512f499bd2eb3ff8d0c1f2e92668e5760d80c,12.770975056689343,tacotron2_parallelwavegan_fixed_voice_tts,ISSAI KazakhTTS2 Male2 Tacotron2 + ParallelWaveGAN,source-fc906048ff5914a3528d1ae4ed6f7ccd94d71383; acoustic-deb9cb49703b012d8f1406d15f4fa182b39ecb320bc4e2be5a557ac58766ea75; vocoder-fb415182fdf84dbe6a0bbca72e5ed9ed39009b622cf39e20ba630cb830594329,issai_kazakhtts2_male2_tacotron2_pwg:ISSAI_KazakhTTS2_M2,not_applicable:fixed_pretrained_tts_no_reference_audio,cuda,offline_text_only_tacotron2_parallelwavegan_tts,22050,wav,language_provenance=intended_input_text_only;text_normalizer=stage_c_kazakhtts_text_v1;synthesis_text_sha256=ef8fbaa712f2d1593e8670627d7512f499bd2eb3ff8d0c1f2e92668e5760d80c,,2026-08-12T21:18:24+05:00
fresh_suite_v1_kazakhtts_tacotron2_pwg:48c21332809b280ffd4b,raw/fresh_suite_v1_kazakhtts_tacotron2_pwg/slices/stage_c_normalized_v2/ecf10d3877bcfac2911a-9a7069cc023b.wav,e27a06bb4572d6dc8379ae53d3fc57be59d6a935294f3e4e2eb60dc08fa247e2,test,spoof,ru,false,fresh_suite_v1_kazakhtts_tacotron2_pwg:fixed-profile:issai_kazakhtts2_male2_tacotron2_pwg:ISSAI_KazakhTTS2_M2,fresh_suite_v1_kazakhtts_tacotron2_pwg,FLEURS/KSC2 CC-BY-4.0; ISSAI Kazakh_TTS model CC-BY-4.0; ESPnet Apache-2.0; ParallelWaveGAN MIT,Offline text-only derivative of google_fleurs_ru_v1 text google_fleurs_ru_v1:prompt:1691; Kazakh_TTS repository and published pretrained model artifacts CC-BY-4.0; ESPnet Apache-2.0; ParallelWaveGAN MIT; fixed published voice; no reference audio or voice cloning; language provenance is intended input text until full acoustic review; normalizer=stage_c_kazakhtts_text_v1,fresh_suite_v1_kazakhtts_tacotron2_pwg:synthetic-profile:issai_kazakhtts2_male2_tacotron2_pwg:ISSAI_KazakhTTS2_M2,google_fleurs_ru_v1:prompt:1691,9a7069cc023b217af457a6bb9a3c6d5da8f78a5e5d81a08c4032d00d77964e56,12.72453514739229,tacotron2_parallelwavegan_fixed_voice_tts,ISSAI KazakhTTS2 Male2 Tacotron2 + ParallelWaveGAN,source-fc906048ff5914a3528d1ae4ed6f7ccd94d71383; acoustic-deb9cb49703b012d8f1406d15f4fa182b39ecb320bc4e2be5a557ac58766ea75; vocoder-fb415182fdf84dbe6a0bbca72e5ed9ed39009b622cf39e20ba630cb830594329,issai_kazakhtts2_male2_tacotron2_pwg:ISSAI_KazakhTTS2_M2,not_applicable:fixed_pretrained_tts_no_reference_audio,cuda,offline_text_only_tacotron2_parallelwavegan_tts,22050,wav,language_provenance=intended_input_text_only;text_normalizer=stage_c_kazakhtts_text_v1;synthesis_text_sha256=9a7069cc023b217af457a6bb9a3c6d5da8f78a5e5d81a08c4032d00d77964e56,,2026-08-12T21:18:24+05:00
fresh_suite_v1_kazakhtts_tacotron2_pwg:5e8d2181688498da6022,raw/fresh_suite_v1_kazakhtts_tacotron2_pwg/slices/stage_c_normalized_v2/7fb7153c396cc1525310-52f098da8d6a.wav,cab3b18a903d3fb8c5c894a195236df2e477a204a4085de4d40f64df40348e05,test,spoof,ru,false,fresh_suite_v1_kazakhtts_tacotron2_pwg:fixed-profile:issai_kazakhtts2_male2_tacotron2_pwg:ISSAI_KazakhTTS2_M2,fresh_suite_v1_kazakhtts_tacotron2_pwg,FLEURS/KSC2 CC-BY-4.0; ISSAI Kazakh_TTS model CC-BY-4.0; ESPnet Apache-2.0; ParallelWaveGAN MIT,Offline text-only derivative of google_fleurs_ru_v1 text google_fleurs_ru_v1:prompt:1901; Kazakh_TTS repository and published pretrained model artifacts CC-BY-4.0; ESPnet Apache-2.0; ParallelWaveGAN MIT; fixed published voice; no reference audio or voice cloning; language provenance is intended input text until full acoustic review; normalizer=stage_c_kazakhtts_text_v1,fresh_suite_v1_kazakhtts_tacotron2_pwg:synthetic-profile:issai_kazakhtts2_male2_tacotron2_pwg:ISSAI_KazakhTTS2_M2,google_fleurs_ru_v1:prompt:1901,52f098da8d6a6cbe4ae117acd1a009cdc110b6bf0f18dafb5ce30ebbd2b3dd4a,14.895600907029479,tacotron2_parallelwavegan_fixed_voice_tts,ISSAI KazakhTTS2 Male2 Tacotron2 + ParallelWaveGAN,source-fc906048ff5914a3528d1ae4ed6f7ccd94d71383; acoustic-deb9cb49703b012d8f1406d15f4fa182b39ecb320bc4e2be5a557ac58766ea75; vocoder-fb415182fdf84dbe6a0bbca72e5ed9ed39009b622cf39e20ba630cb830594329,issai_kazakhtts2_male2_tacotron2_pwg:ISSAI_KazakhTTS2_M2,not_applicable:fixed_pretrained_tts_no_reference_audio,cuda,offline_text_only_tacotron2_parallelwavegan_tts,22050,wav,language_provenance=intended_input_text_only;text_normalizer=stage_c_kazakhtts_text_v1;synthesis_text_sha256=52f098da8d6a6cbe4ae117acd1a009cdc110b6bf0f18dafb5ce30ebbd2b3dd4a,,2026-08-12T21:18:24+05:00
fresh_suite_v1_kazakhtts_tacotron2_pwg:b740bfd1412cf7f018dd,raw/fresh_suite_v1_kazakhtts_tacotron2_pwg/slices/stage_c_normalized_v2/3a98b97b47763c9ea095-163e02706a37.wav,747098c503d8ff56882e4f7e851ef0f6e840f118adc2def0bbe5e6dd67f883e9,test,spoof,ru,false,fresh_suite_v1_kazakhtts_tacotron2_pwg:fixed-profile:issai_kazakhtts2_male2_tacotron2_pwg:ISSAI_KazakhTTS2_M2,fresh_suite_v1_kazakhtts_tacotron2_pwg,FLEURS/KSC2 CC-BY-4.0; ISSAI Kazakh_TTS model CC-BY-4.0; ESPnet Apache-2.0; ParallelWaveGAN MIT,Offline text-only derivative of google_fleurs_ru_v1 text google_fleurs_ru_v1:prompt:1812; Kazakh_TTS repository and published pretrained model artifacts CC-BY-4.0; ESPnet Apache-2.0; ParallelWaveGAN MIT; fixed published voice; no reference audio or voice cloning; language provenance is intended input text until full acoustic review; normalizer=stage_c_kazakhtts_text_v1,fresh_suite_v1_kazakhtts_tacotron2_pwg:synthetic-profile:issai_kazakhtts2_male2_tacotron2_pwg:ISSAI_KazakhTTS2_M2,google_fleurs_ru_v1:prompt:1812,163e02706a372dce0a425c8b009a12062188b15f4d7e6e1a78efafb0145aacb4,17.11310657596372,tacotron2_parallelwavegan_fixed_voice_tts,ISSAI KazakhTTS2 Male2 Tacotron2 + ParallelWaveGAN,source-fc906048ff5914a3528d1ae4ed6f7ccd94d71383; acoustic-deb9cb49703b012d8f1406d15f4fa182b39ecb320bc4e2be5a557ac58766ea75; vocoder-fb415182fdf84dbe6a0bbca72e5ed9ed39009b622cf39e20ba630cb830594329,issai_kazakhtts2_male2_tacotron2_pwg:ISSAI_KazakhTTS2_M2,not_applicable:fixed_pretrained_tts_no_reference_audio,cuda,offline_text_only_tacotron2_parallelwavegan_tts,22050,wav,language_provenance=intended_input_text_only;text_normalizer=stage_c_kazakhtts_text_v1;synthesis_text_sha256=163e02706a372dce0a425c8b009a12062188b15f4d7e6e1a78efafb0145aacb4,,2026-08-12T21:18:24+05:00
fresh_suite_v1_kazakhtts_tacotron2_pwg:9aad5dce946f9d64b909,raw/fresh_suite_v1_kazakhtts_tacotron2_pwg/slices/stage_c_normalized_v2/7d8fb5cd43b191d3e290-ee4291eff902.wav,4d58509d3b48df550ac58058ff45d0af65897e9bbe87a0885576492770a4996b,test,spoof,ru,false,fresh_suite_v1_kazakhtts_tacotron2_pwg:fixed-profile:issai_kazakhtts2_male2_tacotron2_pwg:ISSAI_KazakhTTS2_M2,fresh_suite_v1_kazakhtts_tacotron2_pwg,FLEURS/KSC2 CC-BY-4.0; ISSAI Kazakh_TTS model CC-BY-4.0; ESPnet Apache-2.0; ParallelWaveGAN MIT,Offline text-only derivative of google_fleurs_ru_v1 text google_fleurs_ru_v1:prompt:1902; Kazakh_TTS repository and published pretrained model artifacts CC-BY-4.0; ESPnet Apache-2.0; ParallelWaveGAN MIT; fixed published voice; no reference audio or voice cloning; language provenance is intended input text until full acoustic review; normalizer=stage_c_kazakhtts_text_v1,fresh_suite_v1_kazakhtts_tacotron2_pwg:synthetic-profile:issai_kazakhtts2_male2_tacotron2_pwg:ISSAI_KazakhTTS2_M2,google_fleurs_ru_v1:prompt:1902,ee4291eff902d5559cdd29466192e03e4f0ac5e4e8fd897d1c50cfebf4620f15,5.944308390022676,tacotron2_parallelwavegan_fixed_voice_tts,ISSAI KazakhTTS2 Male2 Tacotron2 + ParallelWaveGAN,source-fc906048ff5914a3528d1ae4ed6f7ccd94d71383; acoustic-deb9cb49703b012d8f1406d15f4fa182b39ecb320bc4e2be5a557ac58766ea75; vocoder-fb415182fdf84dbe6a0bbca72e5ed9ed39009b622cf39e20ba630cb830594329,issai_kazakhtts2_male2_tacotron2_pwg:ISSAI_KazakhTTS2_M2,not_applicable:fixed_pretrained_tts_no_reference_audio,cuda,offline_text_only_tacotron2_parallelwavegan_tts,22050,wav,language_provenance=intended_input_text_only;text_normalizer=stage_c_kazakhtts_text_v1;synthesis_text_sha256=ee4291eff902d5559cdd29466192e03e4f0ac5e4e8fd897d1c50cfebf4620f15,,2026-08-12T21:18:24+05:00
fresh_suite_v1_kazakhtts_tacotron2_pwg:0606de8145e1f1565abc,raw/fresh_suite_v1_kazakhtts_tacotron2_pwg/slices/stage_c_normalized_v2/243425c68c4c01cb84b8-4732a9b1ccf4.wav,347ccee2f38bbdfbbedeffe120c1570f768a4b14ba06073a278952ce009fe604,test,spoof,ru,false,fresh_suite_v1_kazakhtts_tacotron2_pwg:fixed-profile:issai_kazakhtts2_male2_tacotron2_pwg:ISSAI_KazakhTTS2_M2,fresh_suite_v1_kazakhtts_tacotron2_pwg,FLEURS/KSC2 CC-BY-4.0; ISSAI Kazakh_TTS model CC-BY-4.0; ESPnet Apache-2.0; ParallelWaveGAN MIT,Offline text-only derivative of google_fleurs_ru_v1 text google_fleurs_ru_v1:prompt:1937; Kazakh_TTS repository and published pretrained model artifacts CC-BY-4.0; ESPnet Apache-2.0; ParallelWaveGAN MIT; fixed published voice; no reference audio or voice cloning; language provenance is intended input text until full acoustic review; normalizer=stage_c_kazakhtts_text_v1,fresh_suite_v1_kazakhtts_tacotron2_pwg:synthetic-profile:issai_kazakhtts2_male2_tacotron2_pwg:ISSAI_KazakhTTS2_M2,google_fleurs_ru_v1:prompt:1937,4732a9b1ccf46a04c8f6d907b0ea1dcb222f84f03ebc8a2eb4ea2a760277e047,31.24244897959184,tacotron2_parallelwavegan_fixed_voice_tts,ISSAI KazakhTTS2 Male2 Tacotron2 + ParallelWaveGAN,source-fc906048ff5914a3528d1ae4ed6f7ccd94d71383; acoustic-deb9cb49703b012d8f1406d15f4fa182b39ecb320bc4e2be5a557ac58766ea75; vocoder-fb415182fdf84dbe6a0bbca72e5ed9ed39009b622cf39e20ba630cb830594329,issai_kazakhtts2_male2_tacotron2_pwg:ISSAI_KazakhTTS2_M2,not_applicable:fixed_pretrained_tts_no_reference_audio,cuda,offline_text_only_tacotron2_parallelwavegan_tts,22050,wav,language_provenance=intended_input_text_only;text_normalizer=stage_c_kazakhtts_text_v1;synthesis_text_sha256=69e7b5d4d96f6ea42c4d6abe6bb125ffc7d05f3f908f0e7c7c48c10a6939824b,,2026-08-12T21:18:24+05:00
fresh_suite_v1_kazakhtts_tacotron2_pwg:9de2bcf6eed0d472d013,raw/fresh_suite_v1_kazakhtts_tacotron2_pwg/slices/stage_c_normalized_v2/9156e8fc50979bda91e5-4f2f746d267e.wav,b3ee61d6796426044f158498d59f2a57211a43eadaa01a6478aea22c32e7906b,test,spoof,ru,false,fresh_suite_v1_kazakhtts_tacotron2_pwg:fixed-profile:issai_kazakhtts2_male2_tacotron2_pwg:ISSAI_KazakhTTS2_M2,fresh_suite_v1_kazakhtts_tacotron2_pwg,FLEURS/KSC2 CC-BY-4.0; ISSAI Kazakh_TTS model CC-BY-4.0; ESPnet Apache-2.0; ParallelWaveGAN MIT,Offline text-only derivative of google_fleurs_ru_v1 text google_fleurs_ru_v1:prompt:1969; Kazakh_TTS repository and published pretrained model artifacts CC-BY-4.0; ESPnet Apache-2.0; ParallelWaveGAN MIT; fixed published voice; no reference audio or voice cloning; language provenance is intended input text until full acoustic review; normalizer=stage_c_kazakhtts_text_v1,fresh_suite_v1_kazakhtts_tacotron2_pwg:synthetic-profile:issai_kazakhtts2_male2_tacotron2_pwg:ISSAI_KazakhTTS2_M2,google_fleurs_ru_v1:prompt:1969,4f2f746d267e7c2c0290fd72f1fbe6812f7197c1b74a3813c528ff83576e9203,16.950566893424035,tacotron2_parallelwavegan_fixed_voice_tts,ISSAI KazakhTTS2 Male2 Tacotron2 + ParallelWaveGAN,source-fc906048ff5914a3528d1ae4ed6f7ccd94d71383; acoustic-deb9cb49703b012d8f1406d15f4fa182b39ecb320bc4e2be5a557ac58766ea75; vocoder-fb415182fdf84dbe6a0bbca72e5ed9ed39009b622cf39e20ba630cb830594329,issai_kazakhtts2_male2_tacotron2_pwg:ISSAI_KazakhTTS2_M2,not_applicable:fixed_pretrained_tts_no_reference_audio,cuda,offline_text_only_tacotron2_parallelwavegan_tts,22050,wav,language_provenance=intended_input_text_only;text_normalizer=stage_c_kazakhtts_text_v1;synthesis_text_sha256=4f2f746d267e7c2c0290fd72f1fbe6812f7197c1b74a3813c528ff83576e9203,,2026-08-12T21:18:24+05:00
fresh_suite_v1_kazakhtts_tacotron2_pwg:0005d51cb145104b8b14,raw/fresh_suite_v1_kazakhtts_tacotron2_pwg/slices/stage_c_normalized_v2/5fd18a52fe27e4385f66-f7388c9bb552.wav,4e178a6bcfb90e57639880d840b877a48e4e51da4a18cdba2ea9f768fe57d463,test,spoof,ru,false,fresh_suite_v1_kazakhtts_tacotron2_pwg:fixed-profile:issai_kazakhtts2_male2_tacotron2_pwg:ISSAI_KazakhTTS2_M2,fresh_suite_v1_kazakhtts_tacotron2_pwg,FLEURS/KSC2 CC-BY-4.0; ISSAI Kazakh_TTS model CC-BY-4.0; ESPnet Apache-2.0; ParallelWaveGAN MIT,Offline text-only derivative of google_fleurs_ru_v1 text google_fleurs_ru_v1:prompt:1663; Kazakh_TTS repository and published pretrained model artifacts CC-BY-4.0; ESPnet Apache-2.0; ParallelWaveGAN MIT; fixed published voice; no reference audio or voice cloning; language provenance is intended input text until full acoustic review; normalizer=stage_c_kazakhtts_text_v1,fresh_suite_v1_kazakhtts_tacotron2_pwg:synthetic-profile:issai_kazakhtts2_male2_tacotron2_pwg:ISSAI_KazakhTTS2_M2,google_fleurs_ru_v1:prompt:1663,f7388c9bb552ed184df59fbbc1a9fec2c6294daf985e0c4cc0efaf0bd5337e6d,14.164172335600908,tacotron2_parallelwavegan_fixed_voice_tts,ISSAI KazakhTTS2 Male2 Tacotron2 + ParallelWaveGAN,source-fc906048ff5914a3528d1ae4ed6f7ccd94d71383; acoustic-deb9cb49703b012d8f1406d15f4fa182b39ecb320bc4e2be5a557ac58766ea75; vocoder-fb415182fdf84dbe6a0bbca72e5ed9ed39009b622cf39e20ba630cb830594329,issai_kazakhtts2_male2_tacotron2_pwg:ISSAI_KazakhTTS2_M2,not_applicable:fixed_pretrained_tts_no_reference_audio,cuda,offline_text_only_tacotron2_parallelwavegan_tts,22050,wav,language_provenance=intended_input_text_only;text_normalizer=stage_c_kazakhtts_text_v1;synthesis_text_sha256=f7388c9bb552ed184df59fbbc1a9fec2c6294daf985e0c4cc0efaf0bd5337e6d,,2026-08-12T21:18:24+05:00
fresh_suite_v1_kazakhtts_tacotron2_pwg:deb6ec5346b383ced0fe,raw/fresh_suite_v1_kazakhtts_tacotron2_pwg/slices/stage_c_normalized_v2/699bc72766edcf8f4a65-99999e9a47df.wav,27ea50fe0dc758c767d4c5352cc8c5d42ed4ddc878daf3cc4b6cb7ea4e2a72f8,test,spoof,ru,false,fresh_suite_v1_kazakhtts_tacotron2_pwg:fixed-profile:issai_kazakhtts2_male2_tacotron2_pwg:ISSAI_KazakhTTS2_M2,fresh_suite_v1_kazakhtts_tacotron2_pwg,FLEURS/KSC2 CC-BY-4.0; ISSAI Kazakh_TTS model CC-BY-4.0; ESPnet Apache-2.0; ParallelWaveGAN MIT,Offline text-only derivative of google_fleurs_ru_v1 text google_fleurs_ru_v1:prompt:1713; Kazakh_TTS repository and published pretrained model artifacts CC-BY-4.0; ESPnet Apache-2.0; ParallelWaveGAN MIT; fixed published voice; no reference audio or voice cloning; language provenance is intended input text until full acoustic review; normalizer=stage_c_kazakhtts_text_v1,fresh_suite_v1_kazakhtts_tacotron2_pwg:synthetic-profile:issai_kazakhtts2_male2_tacotron2_pwg:ISSAI_KazakhTTS2_M2,google_fleurs_ru_v1:prompt:1713,99999e9a47df14c067f1559731450223470ef004698a999ea4c8216ae9d1379b,17.519455782312924,tacotron2_parallelwavegan_fixed_voice_tts,ISSAI KazakhTTS2 Male2 Tacotron2 + ParallelWaveGAN,source-fc906048ff5914a3528d1ae4ed6f7ccd94d71383; acoustic-deb9cb49703b012d8f1406d15f4fa182b39ecb320bc4e2be5a557ac58766ea75; vocoder-fb415182fdf84dbe6a0bbca72e5ed9ed39009b622cf39e20ba630cb830594329,issai_kazakhtts2_male2_tacotron2_pwg:ISSAI_KazakhTTS2_M2,not_applicable:fixed_pretrained_tts_no_reference_audio,cuda,offline_text_only_tacotron2_parallelwavegan_tts,22050,wav,language_provenance=intended_input_text_only;text_normalizer=stage_c_kazakhtts_text_v1;synthesis_text_sha256=99999e9a47df14c067f1559731450223470ef004698a999ea4c8216ae9d1379b,,2026-08-12T21:18:24+05:00
fresh_suite_v1_kazakhtts_tacotron2_pwg:2b8451e8729d85ad376b,raw/fresh_suite_v1_kazakhtts_tacotron2_pwg/slices/stage_c_normalized_v2/fa1abee24f644863c44b-af6f6f1b27f3.wav,d5f6680d03f57a9d03c934084c63618149510974084eda79aafd5fcd3f3f5abd,test,spoof,ru,false,fresh_suite_v1_kazakhtts_tacotron2_pwg:fixed-profile:issai_kazakhtts2_male2_tacotron2_pwg:ISSAI_KazakhTTS2_M2,fresh_suite_v1_kazakhtts_tacotron2_pwg,FLEURS/KSC2 CC-BY-4.0; ISSAI Kazakh_TTS model CC-BY-4.0; ESPnet Apache-2.0; ParallelWaveGAN MIT,Offline text-only derivative of google_fleurs_ru_v1 text google_fleurs_ru_v1:prompt:1833; Kazakh_TTS repository and published pretrained model artifacts CC-BY-4.0; ESPnet Apache-2.0; ParallelWaveGAN MIT; fixed published voice; no reference audio or voice cloning; language provenance is intended input text until full acoustic review; normalizer=stage_c_kazakhtts_text_v1,fresh_suite_v1_kazakhtts_tacotron2_pwg:synthetic-profile:issai_kazakhtts2_male2_tacotron2_pwg:ISSAI_KazakhTTS2_M2,google_fleurs_ru_v1:prompt:1833,af6f6f1b27f36d0be860052e1c6a53153397664e99202a5edb0888a6c300535d,10.948208616780045,tacotron2_parallelwavegan_fixed_voice_tts,ISSAI KazakhTTS2 Male2 Tacotron2 + ParallelWaveGAN,source-fc906048ff5914a3528d1ae4ed6f7ccd94d71383; acoustic-deb9cb49703b012d8f1406d15f4fa182b39ecb320bc4e2be5a557ac58766ea75; vocoder-fb415182fdf84dbe6a0bbca72e5ed9ed39009b622cf39e20ba630cb830594329,issai_kazakhtts2_male2_tacotron2_pwg:ISSAI_KazakhTTS2_M2,not_applicable:fixed_pretrained_tts_no_reference_audio,cuda,offline_text_only_tacotron2_parallelwavegan_tts,22050,wav,language_provenance=intended_input_text_only;text_normalizer=stage_c_kazakhtts_text_v1;synthesis_text_sha256=af6f6f1b27f36d0be860052e1c6a53153397664e99202a5edb0888a6c300535d,,2026-08-12T21:18:24+05:00
fresh_suite_v1_kazakhtts_tacotron2_pwg:1dee9ba2ef9978beb56a,raw/fresh_suite_v1_kazakhtts_tacotron2_pwg/slices/stage_c_normalized_v2/9cef8171c6c05d369167-6e44909b62b2.wav,39499bb0b8a3c2b6264dfa1c98bbae753b5d38803fd9b21c43a7cc6a2280ff11,test,spoof,ru,false,fresh_suite_v1_kazakhtts_tacotron2_pwg:fixed-profile:issai_kazakhtts2_male2_tacotron2_pwg:ISSAI_KazakhTTS2_M2,fresh_suite_v1_kazakhtts_tacotron2_pwg,FLEURS/KSC2 CC-BY-4.0; ISSAI Kazakh_TTS model CC-BY-4.0; ESPnet Apache-2.0; ParallelWaveGAN MIT,Offline text-only derivative of google_fleurs_ru_v1 text google_fleurs_ru_v1:prompt:1767; Kazakh_TTS repository and published pretrained model artifacts CC-BY-4.0; ESPnet Apache-2.0; ParallelWaveGAN MIT; fixed published voice; no reference audio or voice cloning; language provenance is intended input text until full acoustic review; normalizer=stage_c_kazakhtts_text_v1,fresh_suite_v1_kazakhtts_tacotron2_pwg:synthetic-profile:issai_kazakhtts2_male2_tacotron2_pwg:ISSAI_KazakhTTS2_M2,google_fleurs_ru_v1:prompt:1767,6e44909b62b2073e6da579658ce66d007cd9e2ae5a884b2e5171a98c06f27911,10.669569160997732,tacotron2_parallelwavegan_fixed_voice_tts,ISSAI KazakhTTS2 Male2 Tacotron2 + ParallelWaveGAN,source-fc906048ff5914a3528d1ae4ed6f7ccd94d71383; acoustic-deb9cb49703b012d8f1406d15f4fa182b39ecb320bc4e2be5a557ac58766ea75; vocoder-fb415182fdf84dbe6a0bbca72e5ed9ed39009b622cf39e20ba630cb830594329,issai_kazakhtts2_male2_tacotron2_pwg:ISSAI_KazakhTTS2_M2,not_applicable:fixed_pretrained_tts_no_reference_audio,cuda,offline_text_only_tacotron2_parallelwavegan_tts,22050,wav,language_provenance=intended_input_text_only;text_normalizer=stage_c_kazakhtts_text_v1;synthesis_text_sha256=6e44909b62b2073e6da579658ce66d007cd9e2ae5a884b2e5171a98c06f27911,,2026-08-12T21:18:24+05:00
fresh_suite_v1_kazakhtts_tacotron2_pwg:3f81125ec8170f5c7dcf,raw/fresh_suite_v1_kazakhtts_tacotron2_pwg/slices/stage_c_normalized_v2/4758ed77bf7bc83e1772-8ccaa4b0ebc6.wav,48a577921f4eb2dd0b336a88a4e79f4bf4c2fe0e5bd16ca355ed1b1e08ff53d8,test,spoof,mixed,true,fresh_suite_v1_kazakhtts_tacotron2_pwg:fixed-profile:issai_kazakhtts2_male2_tacotron2_pwg:ISSAI_KazakhTTS2_M2,fresh_suite_v1_kazakhtts_tacotron2_pwg,FLEURS/KSC2 CC-BY-4.0; ISSAI Kazakh_TTS model CC-BY-4.0; ESPnet Apache-2.0; ParallelWaveGAN MIT,Offline text-only derivative of ksc2_v1 text ksc2_v1:transcript:8ccaa4b0ebc69d11946ba894cafeb732d8a763fa43527f856ea924cfcbe1af4d; Kazakh_TTS repository and published pretrained model artifacts CC-BY-4.0; ESPnet Apache-2.0; ParallelWaveGAN MIT; fixed published voice; no reference audio or voice cloning; language provenance is intended input text until full acoustic review; normalizer=stage_c_kazakhtts_text_v1,fresh_suite_v1_kazakhtts_tacotron2_pwg:synthetic-profile:issai_kazakhtts2_male2_tacotron2_pwg:ISSAI_KazakhTTS2_M2,ksc2_v1:transcript:8ccaa4b0ebc69d11946ba894cafeb732d8a763fa43527f856ea924cfcbe1af4d,8ccaa4b0ebc69d11946ba894cafeb732d8a763fa43527f856ea924cfcbe1af4d,7.418775510204082,tacotron2_parallelwavegan_fixed_voice_tts,ISSAI KazakhTTS2 Male2 Tacotron2 + ParallelWaveGAN,source-fc906048ff5914a3528d1ae4ed6f7ccd94d71383; acoustic-deb9cb49703b012d8f1406d15f4fa182b39ecb320bc4e2be5a557ac58766ea75; vocoder-fb415182fdf84dbe6a0bbca72e5ed9ed39009b622cf39e20ba630cb830594329,issai_kazakhtts2_male2_tacotron2_pwg:ISSAI_KazakhTTS2_M2,not_applicable:fixed_pretrained_tts_no_reference_audio,cuda,offline_text_only_tacotron2_parallelwavegan_tts,22050,wav,language_provenance=intended_input_text_only;text_normalizer=stage_c_kazakhtts_text_v1;synthesis_text_sha256=8ccaa4b0ebc69d11946ba894cafeb732d8a763fa43527f856ea924cfcbe1af4d,,2026-08-12T21:18:24+05:00
fresh_suite_v1_kazakhtts_tacotron2_pwg:731fa29a4194982fbd69,raw/fresh_suite_v1_kazakhtts_tacotron2_pwg/slices/stage_c_normalized_v2/5fda2d6ec3e35f2226cb-80438b60f5bb.wav,bfaddd7cdb8a7668870150a720d6031be299a601c8aebd27cf46f646c3ade884,test,spoof,mixed,true,fresh_suite_v1_kazakhtts_tacotron2_pwg:fixed-profile:issai_kazakhtts2_male2_tacotron2_pwg:ISSAI_KazakhTTS2_M2,fresh_suite_v1_kazakhtts_tacotron2_pwg,FLEURS/KSC2 CC-BY-4.0; ISSAI Kazakh_TTS model CC-BY-4.0; ESPnet Apache-2.0; ParallelWaveGAN MIT,Offline text-only derivative of ksc2_v1 text ksc2_v1:transcript:80438b60f5bbb40aad99a93885ca2cc2dab582d341ce1c0d190db086e3f91248; Kazakh_TTS repository and published pretrained model artifacts CC-BY-4.0; ESPnet Apache-2.0; ParallelWaveGAN MIT; fixed published voice; no reference audio or voice cloning; language provenance is intended input text until full acoustic review; normalizer=stage_c_kazakhtts_text_v1,fresh_suite_v1_kazakhtts_tacotron2_pwg:synthetic-profile:issai_kazakhtts2_male2_tacotron2_pwg:ISSAI_KazakhTTS2_M2,ksc2_v1:transcript:80438b60f5bbb40aad99a93885ca2cc2dab582d341ce1c0d190db086e3f91248,80438b60f5bbb40aad99a93885ca2cc2dab582d341ce1c0d190db086e3f91248,13.049614512471654,tacotron2_parallelwavegan_fixed_voice_tts,ISSAI KazakhTTS2 Male2 Tacotron2 + ParallelWaveGAN,source-fc906048ff5914a3528d1ae4ed6f7ccd94d71383; acoustic-deb9cb49703b012d8f1406d15f4fa182b39ecb320bc4e2be5a557ac58766ea75; vocoder-fb415182fdf84dbe6a0bbca72e5ed9ed39009b622cf39e20ba630cb830594329,issai_kazakhtts2_male2_tacotron2_pwg:ISSAI_KazakhTTS2_M2,not_applicable:fixed_pretrained_tts_no_reference_audio,cuda,offline_text_only_tacotron2_parallelwavegan_tts,22050,wav,language_provenance=intended_input_text_only;text_normalizer=stage_c_kazakhtts_text_v1;synthesis_text_sha256=80438b60f5bbb40aad99a93885ca2cc2dab582d341ce1c0d190db086e3f91248,,2026-08-12T21:18:24+05:00
fresh_suite_v1_kazakhtts_tacotron2_pwg:540a5d77106010439f98,raw/fresh_suite_v1_kazakhtts_tacotron2_pwg/slices/stage_c_normalized_v2/39aa62c916c5dbcfde9f-4ce7d0287e29.wav,e9895f7f74b595ed10cce1ca73c19bcdf5d84a505417ac80a988be67b4012129,test,spoof,mixed,true,fresh_suite_v1_kazakhtts_tacotron2_pwg:fixed-profile:issai_kazakhtts2_male2_tacotron2_pwg:ISSAI_KazakhTTS2_M2,fresh_suite_v1_kazakhtts_tacotron2_pwg,FLEURS/KSC2 CC-BY-4.0; ISSAI Kazakh_TTS model CC-BY-4.0; ESPnet Apache-2.0; ParallelWaveGAN MIT,Offline text-only derivative of ksc2_v1 text ksc2_v1:transcript:4ce7d0287e29c007a0b74dd5a2947ae4a891664c067cee413299e2ad58ecbc2e; Kazakh_TTS repository and published pretrained model artifacts CC-BY-4.0; ESPnet Apache-2.0; ParallelWaveGAN MIT; fixed published voice; no reference audio or voice cloning; language provenance is intended input text until full acoustic review; normalizer=stage_c_kazakhtts_text_v1,fresh_suite_v1_kazakhtts_tacotron2_pwg:synthetic-profile:issai_kazakhtts2_male2_tacotron2_pwg:ISSAI_KazakhTTS2_M2,ksc2_v1:transcript:4ce7d0287e29c007a0b74dd5a2947ae4a891664c067cee413299e2ad58ecbc2e,4ce7d0287e29c007a0b74dd5a2947ae4a891664c067cee413299e2ad58ecbc2e,4.887800453514739,tacotron2_parallelwavegan_fixed_voice_tts,ISSAI KazakhTTS2 Male2 Tacotron2 + ParallelWaveGAN,source-fc906048ff5914a3528d1ae4ed6f7ccd94d71383; acoustic-deb9cb49703b012d8f1406d15f4fa182b39ecb320bc4e2be5a557ac58766ea75; vocoder-fb415182fdf84dbe6a0bbca72e5ed9ed39009b622cf39e20ba630cb830594329,issai_kazakhtts2_male2_tacotron2_pwg:ISSAI_KazakhTTS2_M2,not_applicable:fixed_pretrained_tts_no_reference_audio,cuda,offline_text_only_tacotron2_parallelwavegan_tts,22050,wav,language_provenance=intended_input_text_only;text_normalizer=stage_c_kazakhtts_text_v1;synthesis_text_sha256=4ce7d0287e29c007a0b74dd5a2947ae4a891664c067cee413299e2ad58ecbc2e,,2026-08-12T21:18:24+05:00
fresh_suite_v1_kazakhtts_tacotron2_pwg:22b1caab56d7cfe7c15f,raw/fresh_suite_v1_kazakhtts_tacotron2_pwg/slices/stage_c_normalized_v2/aaeb2069b0935c9d2ffa-f983dd2b8466.wav,c4c4bcca908b7e79b43f1bca9e54709711c7325ad4273fcb4aef839a73c44e8d,test,spoof,mixed,true,fresh_suite_v1_kazakhtts_tacotron2_pwg:fixed-profile:issai_kazakhtts2_male2_tacotron2_pwg:ISSAI_KazakhTTS2_M2,fresh_suite_v1_kazakhtts_tacotron2_pwg,FLEURS/KSC2 CC-BY-4.0; ISSAI Kazakh_TTS model CC-BY-4.0; ESPnet Apache-2.0; ParallelWaveGAN MIT,Offline text-only derivative of ksc2_v1 text ksc2_v1:transcript:f983dd2b846681ea9a0aa8458f6382f87f88d20a96128ab7f27ab058a30dc99d; Kazakh_TTS repository and published pretrained model artifacts CC-BY-4.0; ESPnet Apache-2.0; ParallelWaveGAN MIT; fixed published voice; no reference audio or voice cloning; language provenance is intended input text until full acoustic review; normalizer=stage_c_kazakhtts_text_v1,fresh_suite_v1_kazakhtts_tacotron2_pwg:synthetic-profile:issai_kazakhtts2_male2_tacotron2_pwg:ISSAI_KazakhTTS2_M2,ksc2_v1:transcript:f983dd2b846681ea9a0aa8458f6382f87f88d20a96128ab7f27ab058a30dc99d,f983dd2b846681ea9a0aa8458f6382f87f88d20a96128ab7f27ab058a30dc99d,7.163356009070295,tacotron2_parallelwavegan_fixed_voice_tts,ISSAI KazakhTTS2 Male2 Tacotron2 + ParallelWaveGAN,source-fc906048ff5914a3528d1ae4ed6f7ccd94d71383; acoustic-deb9cb49703b012d8f1406d15f4fa182b39ecb320bc4e2be5a557ac58766ea75; vocoder-fb415182fdf84dbe6a0bbca72e5ed9ed39009b622cf39e20ba630cb830594329,issai_kazakhtts2_male2_tacotron2_pwg:ISSAI_KazakhTTS2_M2,not_applicable:fixed_pretrained_tts_no_reference_audio,cuda,offline_text_only_tacotron2_parallelwavegan_tts,22050,wav,language_provenance=intended_input_text_only;text_normalizer=stage_c_kazakhtts_text_v1;synthesis_text_sha256=f983dd2b846681ea9a0aa8458f6382f87f88d20a96128ab7f27ab058a30dc99d,,2026-08-12T21:18:24+05:00
fresh_suite_v1_kazakhtts_tacotron2_pwg:12007838e055bd369611,raw/fresh_suite_v1_kazakhtts_tacotron2_pwg/slices/stage_c_normalized_v2/2ca41108085f97b179b8-e3e8fa2b3877.wav,025cff9dceef5dca3ec31887c85ed7a5eb1ff400511d976825ba9623c556a928,test,spoof,mixed,true,fresh_suite_v1_kazakhtts_tacotron2_pwg:fixed-profile:issai_kazakhtts2_male2_tacotron2_pwg:ISSAI_KazakhTTS2_M2,fresh_suite_v1_kazakhtts_tacotron2_pwg,FLEURS/KSC2 CC-BY-4.0; ISSAI Kazakh_TTS model CC-BY-4.0; ESPnet Apache-2.0; ParallelWaveGAN MIT,Offline text-only derivative of ksc2_v1 text ksc2_v1:transcript:e3e8fa2b38770e97c40a7834e69dca0816c008c70620c96e9736d5ef1211310f; Kazakh_TTS repository and published pretrained model artifacts CC-BY-4.0; ESPnet Apache-2.0; ParallelWaveGAN MIT; fixed published voice; no reference audio or voice cloning; language provenance is intended input text until full acoustic review; normalizer=stage_c_kazakhtts_text_v1,fresh_suite_v1_kazakhtts_tacotron2_pwg:synthetic-profile:issai_kazakhtts2_male2_tacotron2_pwg:ISSAI_KazakhTTS2_M2,ksc2_v1:transcript:e3e8fa2b38770e97c40a7834e69dca0816c008c70620c96e9736d5ef1211310f,e3e8fa2b38770e97c40a7834e69dca0816c008c70620c96e9736d5ef1211310f,4.829750566893424,tacotron2_parallelwavegan_fixed_voice_tts,ISSAI KazakhTTS2 Male2 Tacotron2 + ParallelWaveGAN,source-fc906048ff5914a3528d1ae4ed6f7ccd94d71383; acoustic-deb9cb49703b012d8f1406d15f4fa182b39ecb320bc4e2be5a557ac58766ea75; vocoder-fb415182fdf84dbe6a0bbca72e5ed9ed39009b622cf39e20ba630cb830594329,issai_kazakhtts2_male2_tacotron2_pwg:ISSAI_KazakhTTS2_M2,not_applicable:fixed_pretrained_tts_no_reference_audio,cuda,offline_text_only_tacotron2_parallelwavegan_tts,22050,wav,language_provenance=intended_input_text_only;text_normalizer=stage_c_kazakhtts_text_v1;synthesis_text_sha256=e3e8fa2b38770e97c40a7834e69dca0816c008c70620c96e9736d5ef1211310f,,2026-08-12T21:18:24+05:00
fresh_suite_v1_kazakhtts_tacotron2_pwg:cf9cdcfba2c2577b8bcd,raw/fresh_suite_v1_kazakhtts_tacotron2_pwg/slices/stage_c_normalized_v2/571872a282fa3cb0f4e1-77fe309768b9.wav,2d7acc6c066cf4340e8e3bd5269ab3978ea6c06656cdabaea98c312f17682c31,test,spoof,mixed,true,fresh_suite_v1_kazakhtts_tacotron2_pwg:fixed-profile:issai_kazakhtts2_male2_tacotron2_pwg:ISSAI_KazakhTTS2_M2,fresh_suite_v1_kazakhtts_tacotron2_pwg,FLEURS/KSC2 CC-BY-4.0; ISSAI Kazakh_TTS model CC-BY-4.0; ESPnet Apache-2.0; ParallelWaveGAN MIT,Offline text-only derivative of ksc2_v1 text ksc2_v1:transcript:77fe309768b9021b679e4efeca1ae65e9bbea0f56eb47b9fe30e7a7506490378; Kazakh_TTS repository and published pretrained model artifacts CC-BY-4.0; ESPnet Apache-2.0; ParallelWaveGAN MIT; fixed published voice; no reference audio or voice cloning; language provenance is intended input text until full acoustic review; normalizer=stage_c_kazakhtts_text_v1,fresh_suite_v1_kazakhtts_tacotron2_pwg:synthetic-profile:issai_kazakhtts2_male2_tacotron2_pwg:ISSAI_KazakhTTS2_M2,ksc2_v1:transcript:77fe309768b9021b679e4efeca1ae65e9bbea0f56eb47b9fe30e7a7506490378,77fe309768b9021b679e4efeca1ae65e9bbea0f56eb47b9fe30e7a7506490378,7.813514739229025,tacotron2_parallelwavegan_fixed_voice_tts,ISSAI KazakhTTS2 Male2 Tacotron2 + ParallelWaveGAN,source-fc906048ff5914a3528d1ae4ed6f7ccd94d71383; acoustic-deb9cb49703b012d8f1406d15f4fa182b39ecb320bc4e2be5a557ac58766ea75; vocoder-fb415182fdf84dbe6a0bbca72e5ed9ed39009b622cf39e20ba630cb830594329,issai_kazakhtts2_male2_tacotron2_pwg:ISSAI_KazakhTTS2_M2,not_applicable:fixed_pretrained_tts_no_reference_audio,cuda,offline_text_only_tacotron2_parallelwavegan_tts,22050,wav,language_provenance=intended_input_text_only;text_normalizer=stage_c_kazakhtts_text_v1;synthesis_text_sha256=77fe309768b9021b679e4efeca1ae65e9bbea0f56eb47b9fe30e7a7506490378,,2026-08-12T21:18:24+05:00
fresh_suite_v1_kazakhtts_tacotron2_pwg:6e1f31aaa9a7fcf96c87,raw/fresh_suite_v1_kazakhtts_tacotron2_pwg/slices/stage_c_normalized_v2/88f90d1e161579175fc5-369e6b3523b8.wav,193db7306c9628ad1b9e414db1fb2fd5ec387c948c71dd833cb71daa08dc5a08,test,spoof,mixed,true,fresh_suite_v1_kazakhtts_tacotron2_pwg:fixed-profile:issai_kazakhtts2_male2_tacotron2_pwg:ISSAI_KazakhTTS2_M2,fresh_suite_v1_kazakhtts_tacotron2_pwg,FLEURS/KSC2 CC-BY-4.0; ISSAI Kazakh_TTS model CC-BY-4.0; ESPnet Apache-2.0; ParallelWaveGAN MIT,Offline text-only derivative of ksc2_v1 text ksc2_v1:transcript:369e6b3523b8c7ded53564793dff6feb7675d7338f1b42e2f2f3c03bc1f92ebf; Kazakh_TTS repository and published pretrained model artifacts CC-BY-4.0; ESPnet Apache-2.0; ParallelWaveGAN MIT; fixed published voice; no reference audio or voice cloning; language provenance is intended input text until full acoustic review; normalizer=stage_c_kazakhtts_text_v1,fresh_suite_v1_kazakhtts_tacotron2_pwg:synthetic-profile:issai_kazakhtts2_male2_tacotron2_pwg:ISSAI_KazakhTTS2_M2,ksc2_v1:transcript:369e6b3523b8c7ded53564793dff6feb7675d7338f1b42e2f2f3c03bc1f92ebf,369e6b3523b8c7ded53564793dff6feb7675d7338f1b42e2f2f3c03bc1f92ebf,8.684263038548753,tacotron2_parallelwavegan_fixed_voice_tts,ISSAI KazakhTTS2 Male2 Tacotron2 + ParallelWaveGAN,source-fc906048ff5914a3528d1ae4ed6f7ccd94d71383; acoustic-deb9cb49703b012d8f1406d15f4fa182b39ecb320bc4e2be5a557ac58766ea75; vocoder-fb415182fdf84dbe6a0bbca72e5ed9ed39009b622cf39e20ba630cb830594329,issai_kazakhtts2_male2_tacotron2_pwg:ISSAI_KazakhTTS2_M2,not_applicable:fixed_pretrained_tts_no_reference_audio,cuda,offline_text_only_tacotron2_parallelwavegan_tts,22050,wav,language_provenance=intended_input_text_only;text_normalizer=stage_c_kazakhtts_text_v1;synthesis_text_sha256=369e6b3523b8c7ded53564793dff6feb7675d7338f1b42e2f2f3c03bc1f92ebf,,2026-08-12T21:18:24+05:00
fresh_suite_v1_kazakhtts_tacotron2_pwg:207ff9613d2af6aa3f0d,raw/fresh_suite_v1_kazakhtts_tacotron2_pwg/slices/stage_c_normalized_v2/4ddda799a377f07356bb-8a8a089ca0ca.wav,3629c5db32097cffdf83fd37d8e0274e0cc28457e7709686af22fd0029aa6efa,test,spoof,mixed,true,fresh_suite_v1_kazakhtts_tacotron2_pwg:fixed-profile:issai_kazakhtts2_male2_tacotron2_pwg:ISSAI_KazakhTTS2_M2,fresh_suite_v1_kazakhtts_tacotron2_pwg,FLEURS/KSC2 CC-BY-4.0; ISSAI Kazakh_TTS model CC-BY-4.0; ESPnet Apache-2.0; ParallelWaveGAN MIT,Offline text-only derivative of ksc2_v1 text ksc2_v1:transcript:8a8a089ca0cab0273d57eb33c3b21d26b04efad17a29a4636e156b9e137f25f3; Kazakh_TTS repository and published pretrained model artifacts CC-BY-4.0; ESPnet Apache-2.0; ParallelWaveGAN MIT; fixed published voice; no reference audio or voice cloning; language provenance is intended input text until full acoustic review; normalizer=stage_c_kazakhtts_text_v1,fresh_suite_v1_kazakhtts_tacotron2_pwg:synthetic-profile:issai_kazakhtts2_male2_tacotron2_pwg:ISSAI_KazakhTTS2_M2,ksc2_v1:transcript:8a8a089ca0cab0273d57eb33c3b21d26b04efad17a29a4636e156b9e137f25f3,8a8a089ca0cab0273d57eb33c3b21d26b04efad17a29a4636e156b9e137f25f3,7.569705215419501,tacotron2_parallelwavegan_fixed_voice_tts,ISSAI KazakhTTS2 Male2 Tacotron2 + ParallelWaveGAN,source-fc906048ff5914a3528d1ae4ed6f7ccd94d71383; acoustic-deb9cb49703b012d8f1406d15f4fa182b39ecb320bc4e2be5a557ac58766ea75; vocoder-fb415182fdf84dbe6a0bbca72e5ed9ed39009b622cf39e20ba630cb830594329,issai_kazakhtts2_male2_tacotron2_pwg:ISSAI_KazakhTTS2_M2,not_applicable:fixed_pretrained_tts_no_reference_audio,cuda,offline_text_only_tacotron2_parallelwavegan_tts,22050,wav,language_provenance=intended_input_text_only;text_normalizer=stage_c_kazakhtts_text_v1;synthesis_text_sha256=8a8a089ca0cab0273d57eb33c3b21d26b04efad17a29a4636e156b9e137f25f3,,2026-08-12T21:18:24+05:00
fresh_suite_v1_kazakhtts_tacotron2_pwg:e1edefaf2c225e04d3b2,raw/fresh_suite_v1_kazakhtts_tacotron2_pwg/slices/stage_c_normalized_v2/6c8bd00756e6b6c1791e-26b1288eda6f.wav,9e5f7957c99ec758d3e313cff97795f9d58a50c3c462438a83e0a7d1e9891787,test,spoof,mixed,true,fresh_suite_v1_kazakhtts_tacotron2_pwg:fixed-profile:issai_kazakhtts2_male2_tacotron2_pwg:ISSAI_KazakhTTS2_M2,fresh_suite_v1_kazakhtts_tacotron2_pwg,FLEURS/KSC2 CC-BY-4.0; ISSAI Kazakh_TTS model CC-BY-4.0; ESPnet Apache-2.0; ParallelWaveGAN MIT,Offline text-only derivative of ksc2_v1 text ksc2_v1:transcript:26b1288eda6f34cd17d8b4a505167f0b687eb233d9f9a61939aec4848505fd7c; Kazakh_TTS repository and published pretrained model artifacts CC-BY-4.0; ESPnet Apache-2.0; ParallelWaveGAN MIT; fixed published voice; no reference audio or voice cloning; language provenance is intended input text until full acoustic review; normalizer=stage_c_kazakhtts_text_v1,fresh_suite_v1_kazakhtts_tacotron2_pwg:synthetic-profile:issai_kazakhtts2_male2_tacotron2_pwg:ISSAI_KazakhTTS2_M2,ksc2_v1:transcript:26b1288eda6f34cd17d8b4a505167f0b687eb233d9f9a61939aec4848505fd7c,26b1288eda6f34cd17d8b4a505167f0b687eb233d9f9a61939aec4848505fd7c,7.395555555555555,tacotron2_parallelwavegan_fixed_voice_tts,ISSAI KazakhTTS2 Male2 Tacotron2 + ParallelWaveGAN,source-fc906048ff5914a3528d1ae4ed6f7ccd94d71383; acoustic-deb9cb49703b012d8f1406d15f4fa182b39ecb320bc4e2be5a557ac58766ea75; vocoder-fb415182fdf84dbe6a0bbca72e5ed9ed39009b622cf39e20ba630cb830594329,issai_kazakhtts2_male2_tacotron2_pwg:ISSAI_KazakhTTS2_M2,not_applicable:fixed_pretrained_tts_no_reference_audio,cuda,offline_text_only_tacotron2_parallelwavegan_tts,22050,wav,language_provenance=intended_input_text_only;text_normalizer=stage_c_kazakhtts_text_v1;synthesis_text_sha256=26b1288eda6f34cd17d8b4a505167f0b687eb233d9f9a61939aec4848505fd7c,,2026-08-12T21:18:24+05:00
fresh_suite_v1_kazakhtts_tacotron2_pwg:971bd62f729332381438,raw/fresh_suite_v1_kazakhtts_tacotron2_pwg/slices/stage_c_normalized_v2/36a8f438fed3a70e09f4-dd9222b9b518.wav,4501f0c784e69fce1623c472331cc986376f63652cdc5fc8b3badfab79e8a8f8,test,spoof,mixed,true,fresh_suite_v1_kazakhtts_tacotron2_pwg:fixed-profile:issai_kazakhtts2_male2_tacotron2_pwg:ISSAI_KazakhTTS2_M2,fresh_suite_v1_kazakhtts_tacotron2_pwg,FLEURS/KSC2 CC-BY-4.0; ISSAI Kazakh_TTS model CC-BY-4.0; ESPnet Apache-2.0; ParallelWaveGAN MIT,Offline text-only derivative of ksc2_v1 text ksc2_v1:transcript:dd9222b9b51835b3e16242ad3199cde4c262c5b22238be3c071dafba0fcfa50b; Kazakh_TTS repository and published pretrained model artifacts CC-BY-4.0; ESPnet Apache-2.0; ParallelWaveGAN MIT; fixed published voice; no reference audio or voice cloning; language provenance is intended input text until full acoustic review; normalizer=stage_c_kazakhtts_text_v1,fresh_suite_v1_kazakhtts_tacotron2_pwg:synthetic-profile:issai_kazakhtts2_male2_tacotron2_pwg:ISSAI_KazakhTTS2_M2,ksc2_v1:transcript:dd9222b9b51835b3e16242ad3199cde4c262c5b22238be3c071dafba0fcfa50b,dd9222b9b51835b3e16242ad3199cde4c262c5b22238be3c071dafba0fcfa50b,3.7151927437641725,tacotron2_parallelwavegan_fixed_voice_tts,ISSAI KazakhTTS2 Male2 Tacotron2 + ParallelWaveGAN,source-fc906048ff5914a3528d1ae4ed6f7ccd94d71383; acoustic-deb9cb49703b012d8f1406d15f4fa182b39ecb320bc4e2be5a557ac58766ea75; vocoder-fb415182fdf84dbe6a0bbca72e5ed9ed39009b622cf39e20ba630cb830594329,issai_kazakhtts2_male2_tacotron2_pwg:ISSAI_KazakhTTS2_M2,not_applicable:fixed_pretrained_tts_no_reference_audio,cuda,offline_text_only_tacotron2_parallelwavegan_tts,22050,wav,language_provenance=intended_input_text_only;text_normalizer=stage_c_kazakhtts_text_v1;synthesis_text_sha256=dd9222b9b51835b3e16242ad3199cde4c262c5b22238be3c071dafba0fcfa50b,,2026-08-12T21:18:24+05:00
fresh_suite_v1_kazakhtts_tacotron2_pwg:ae9c7ade43a078d4ad9f,raw/fresh_suite_v1_kazakhtts_tacotron2_pwg/slices/stage_c_normalized_v2/695d93f75a7f0b34e32c-3b244b509ad4.wav,c1594f63ced9f9f942cce00b1f180b0036c2919c5abafb710df6d39f7700568e,test,spoof,mixed,true,fresh_suite_v1_kazakhtts_tacotron2_pwg:fixed-profile:issai_kazakhtts2_male2_tacotron2_pwg:ISSAI_KazakhTTS2_M2,fresh_suite_v1_kazakhtts_tacotron2_pwg,FLEURS/KSC2 CC-BY-4.0; ISSAI Kazakh_TTS model CC-BY-4.0; ESPnet Apache-2.0; ParallelWaveGAN MIT,Offline text-only derivative of ksc2_v1 text ksc2_v1:transcript:3b244b509ad4697a9b3876942789e5e5e1129f9a3b8d8399993467e6c9f440f4; Kazakh_TTS repository and published pretrained model artifacts CC-BY-4.0; ESPnet Apache-2.0; ParallelWaveGAN MIT; fixed published voice; no reference audio or voice cloning; language provenance is intended input text until full acoustic review; normalizer=stage_c_kazakhtts_text_v1,fresh_suite_v1_kazakhtts_tacotron2_pwg:synthetic-profile:issai_kazakhtts2_male2_tacotron2_pwg:ISSAI_KazakhTTS2_M2,ksc2_v1:transcript:3b244b509ad4697a9b3876942789e5e5e1129f9a3b8d8399993467e6c9f440f4,3b244b509ad4697a9b3876942789e5e5e1129f9a3b8d8399993467e6c9f440f4,4.6439909297052155,tacotron2_parallelwavegan_fixed_voice_tts,ISSAI KazakhTTS2 Male2 Tacotron2 + ParallelWaveGAN,source-fc906048ff5914a3528d1ae4ed6f7ccd94d71383; acoustic-deb9cb49703b012d8f1406d15f4fa182b39ecb320bc4e2be5a557ac58766ea75; vocoder-fb415182fdf84dbe6a0bbca72e5ed9ed39009b622cf39e20ba630cb830594329,issai_kazakhtts2_male2_tacotron2_pwg:ISSAI_KazakhTTS2_M2,not_applicable:fixed_pretrained_tts_no_reference_audio,cuda,offline_text_only_tacotron2_parallelwavegan_tts,22050,wav,language_provenance=intended_input_text_only;text_normalizer=stage_c_kazakhtts_text_v1;synthesis_text_sha256=3b244b509ad4697a9b3876942789e5e5e1129f9a3b8d8399993467e6c9f440f4,,2026-08-12T21:18:24+05:00
fresh_suite_v1_kazakhtts_tacotron2_pwg:9f6a8a7c432dec6a8865,raw/fresh_suite_v1_kazakhtts_tacotron2_pwg/slices/stage_c_normalized_v2/83acfeefc520f8b1f1e3-06e8ce6966d4.wav,53b8b2d4ecd1036a24edcf9f057796c58b9a2249792ca91d2e8c5b731e6b1e62,test,spoof,mixed,true,fresh_suite_v1_kazakhtts_tacotron2_pwg:fixed-profile:issai_kazakhtts2_male2_tacotron2_pwg:ISSAI_KazakhTTS2_M2,fresh_suite_v1_kazakhtts_tacotron2_pwg,FLEURS/KSC2 CC-BY-4.0; ISSAI Kazakh_TTS model CC-BY-4.0; ESPnet Apache-2.0; ParallelWaveGAN MIT,Offline text-only derivative of ksc2_v1 text ksc2_v1:transcript:06e8ce6966d4cf50422b4132bbe7d148c4152a81f415c649ad47c8eb1c6b037b; Kazakh_TTS repository and published pretrained model artifacts CC-BY-4.0; ESPnet Apache-2.0; ParallelWaveGAN MIT; fixed published voice; no reference audio or voice cloning; language provenance is intended input text until full acoustic review; normalizer=stage_c_kazakhtts_text_v1,fresh_suite_v1_kazakhtts_tacotron2_pwg:synthetic-profile:issai_kazakhtts2_male2_tacotron2_pwg:ISSAI_KazakhTTS2_M2,ksc2_v1:transcript:06e8ce6966d4cf50422b4132bbe7d148c4152a81f415c649ad47c8eb1c6b037b,06e8ce6966d4cf50422b4132bbe7d148c4152a81f415c649ad47c8eb1c6b037b,4.330521541950113,tacotron2_parallelwavegan_fixed_voice_tts,ISSAI KazakhTTS2 Male2 Tacotron2 + ParallelWaveGAN,source-fc906048ff5914a3528d1ae4ed6f7ccd94d71383; acoustic-deb9cb49703b012d8f1406d15f4fa182b39ecb320bc4e2be5a557ac58766ea75; vocoder-fb415182fdf84dbe6a0bbca72e5ed9ed39009b622cf39e20ba630cb830594329,issai_kazakhtts2_male2_tacotron2_pwg:ISSAI_KazakhTTS2_M2,not_applicable:fixed_pretrained_tts_no_reference_audio,cuda,offline_text_only_tacotron2_parallelwavegan_tts,22050,wav,language_provenance=intended_input_text_only;text_normalizer=stage_c_kazakhtts_text_v1;synthesis_text_sha256=06e8ce6966d4cf50422b4132bbe7d148c4152a81f415c649ad47c8eb1c6b037b,,2026-08-12T21:18:24+05:00
fresh_suite_v1_kazakhtts_tacotron2_pwg:9c7d70c3bbe3474d7c48,raw/fresh_suite_v1_kazakhtts_tacotron2_pwg/slices/stage_c_normalized_v2/80d75dd213040bc16db2-918a6f1f9d46.wav,126d0e9ff434eb5be83ddbd54733200a37c3c30171c8488b7c9adbaab9bf4096,test,spoof,mixed,true,fresh_suite_v1_kazakhtts_tacotron2_pwg:fixed-profile:issai_kazakhtts2_male2_tacotron2_pwg:ISSAI_KazakhTTS2_M2,fresh_suite_v1_kazakhtts_tacotron2_pwg,FLEURS/KSC2 CC-BY-4.0; ISSAI Kazakh_TTS model CC-BY-4.0; ESPnet Apache-2.0; ParallelWaveGAN MIT,Offline text-only derivative of ksc2_v1 text ksc2_v1:transcript:918a6f1f9d46056a5e82e1f14d28fe45785f0babec405ed3ad6752b85a51ef5c; Kazakh_TTS repository and published pretrained model artifacts CC-BY-4.0; ESPnet Apache-2.0; ParallelWaveGAN MIT; fixed published voice; no reference audio or voice cloning; language provenance is intended input text until full acoustic review; normalizer=stage_c_kazakhtts_text_v1,fresh_suite_v1_kazakhtts_tacotron2_pwg:synthetic-profile:issai_kazakhtts2_male2_tacotron2_pwg:ISSAI_KazakhTTS2_M2,ksc2_v1:transcript:918a6f1f9d46056a5e82e1f14d28fe45785f0babec405ed3ad6752b85a51ef5c,918a6f1f9d46056a5e82e1f14d28fe45785f0babec405ed3ad6752b85a51ef5c,4.597551020408163,tacotron2_parallelwavegan_fixed_voice_tts,ISSAI KazakhTTS2 Male2 Tacotron2 + ParallelWaveGAN,source-fc906048ff5914a3528d1ae4ed6f7ccd94d71383; acoustic-deb9cb49703b012d8f1406d15f4fa182b39ecb320bc4e2be5a557ac58766ea75; vocoder-fb415182fdf84dbe6a0bbca72e5ed9ed39009b622cf39e20ba630cb830594329,issai_kazakhtts2_male2_tacotron2_pwg:ISSAI_KazakhTTS2_M2,not_applicable:fixed_pretrained_tts_no_reference_audio,cuda,offline_text_only_tacotron2_parallelwavegan_tts,22050,wav,language_provenance=intended_input_text_only;text_normalizer=stage_c_kazakhtts_text_v1;synthesis_text_sha256=918a6f1f9d46056a5e82e1f14d28fe45785f0babec405ed3ad6752b85a51ef5c,,2026-08-12T21:18:24+05:00
fresh_suite_v1_kazakhtts_tacotron2_pwg:cff7fd930b514d683399,raw/fresh_suite_v1_kazakhtts_tacotron2_pwg/slices/stage_c_normalized_v2/e1bdb84250c45f55aed4-4c5d6d22d234.wav,eabe722f042d76b1809d0e51abdda225282f286010f471e182ebef3b3d9638f7,test,spoof,mixed,true,fresh_suite_v1_kazakhtts_tacotron2_pwg:fixed-profile:issai_kazakhtts2_male2_tacotron2_pwg:ISSAI_KazakhTTS2_M2,fresh_suite_v1_kazakhtts_tacotron2_pwg,FLEURS/KSC2 CC-BY-4.0; ISSAI Kazakh_TTS model CC-BY-4.0; ESPnet Apache-2.0; ParallelWaveGAN MIT,Offline text-only derivative of ksc2_v1 text ksc2_v1:transcript:4c5d6d22d2347317619b136d576fe55384a65e0506e763be4c7fbd9526648d8e; Kazakh_TTS repository and published pretrained model artifacts CC-BY-4.0; ESPnet Apache-2.0; ParallelWaveGAN MIT; fixed published voice; no reference audio or voice cloning; language provenance is intended input text until full acoustic review; normalizer=stage_c_kazakhtts_text_v1,fresh_suite_v1_kazakhtts_tacotron2_pwg:synthetic-profile:issai_kazakhtts2_male2_tacotron2_pwg:ISSAI_KazakhTTS2_M2,ksc2_v1:transcript:4c5d6d22d2347317619b136d576fe55384a65e0506e763be4c7fbd9526648d8e,4c5d6d22d2347317619b136d576fe55384a65e0506e763be4c7fbd9526648d8e,5.154829931972789,tacotron2_parallelwavegan_fixed_voice_tts,ISSAI KazakhTTS2 Male2 Tacotron2 + ParallelWaveGAN,source-fc906048ff5914a3528d1ae4ed6f7ccd94d71383; acoustic-deb9cb49703b012d8f1406d15f4fa182b39ecb320bc4e2be5a557ac58766ea75; vocoder-fb415182fdf84dbe6a0bbca72e5ed9ed39009b622cf39e20ba630cb830594329,issai_kazakhtts2_male2_tacotron2_pwg:ISSAI_KazakhTTS2_M2,not_applicable:fixed_pretrained_tts_no_reference_audio,cuda,offline_text_only_tacotron2_parallelwavegan_tts,22050,wav,language_provenance=intended_input_text_only;text_normalizer=stage_c_kazakhtts_text_v1;synthesis_text_sha256=4c5d6d22d2347317619b136d576fe55384a65e0506e763be4c7fbd9526648d8e,,2026-08-12T21:18:24+05:00
fresh_suite_v1_kazakhtts_tacotron2_pwg:5ff7372b6166355fba8e,raw/fresh_suite_v1_kazakhtts_tacotron2_pwg/slices/stage_c_normalized_v2/fe42d4973908b98ca737-3c31c64cbc20.wav,a83b2640b66b667cf2601ff462fb30ecf429dbaa3fab3503174977bccfcefbb7,test,spoof,mixed,true,fresh_suite_v1_kazakhtts_tacotron2_pwg:fixed-profile:issai_kazakhtts2_male2_tacotron2_pwg:ISSAI_KazakhTTS2_M2,fresh_suite_v1_kazakhtts_tacotron2_pwg,FLEURS/KSC2 CC-BY-4.0; ISSAI Kazakh_TTS model CC-BY-4.0; ESPnet Apache-2.0; ParallelWaveGAN MIT,Offline text-only derivative of ksc2_v1 text ksc2_v1:transcript:3c31c64cbc2010570a96de9a3ba05f709cf1d43987d892399cc0c07e6d283d90; Kazakh_TTS repository and published pretrained model artifacts CC-BY-4.0; ESPnet Apache-2.0; ParallelWaveGAN MIT; fixed published voice; no reference audio or voice cloning; language provenance is intended input text until full acoustic review; normalizer=stage_c_kazakhtts_text_v1,fresh_suite_v1_kazakhtts_tacotron2_pwg:synthetic-profile:issai_kazakhtts2_male2_tacotron2_pwg:ISSAI_KazakhTTS2_M2,ksc2_v1:transcript:3c31c64cbc2010570a96de9a3ba05f709cf1d43987d892399cc0c07e6d283d90,3c31c64cbc2010570a96de9a3ba05f709cf1d43987d892399cc0c07e6d283d90,12.318185941043083,tacotron2_parallelwavegan_fixed_voice_tts,ISSAI KazakhTTS2 Male2 Tacotron2 + ParallelWaveGAN,source-fc906048ff5914a3528d1ae4ed6f7ccd94d71383; acoustic-deb9cb49703b012d8f1406d15f4fa182b39ecb320bc4e2be5a557ac58766ea75; vocoder-fb415182fdf84dbe6a0bbca72e5ed9ed39009b622cf39e20ba630cb830594329,issai_kazakhtts2_male2_tacotron2_pwg:ISSAI_KazakhTTS2_M2,not_applicable:fixed_pretrained_tts_no_reference_audio,cuda,offline_text_only_tacotron2_parallelwavegan_tts,22050,wav,language_provenance=intended_input_text_only;text_normalizer=stage_c_kazakhtts_text_v1;synthesis_text_sha256=3c31c64cbc2010570a96de9a3ba05f709cf1d43987d892399cc0c07e6d283d90,,2026-08-12T21:18:24+05:00
fresh_suite_v1_kazakhtts_tacotron2_pwg:f8de7d10863b29668a65,raw/fresh_suite_v1_kazakhtts_tacotron2_pwg/slices/stage_c_normalized_v2/dda9ec8019ea1a10af16-773650e2adf4.wav,d3fa3248dda880501a5a5a7520b19e3eb79e7ee7ca54d3c3c47e5fd7c3cee302,test,spoof,mixed,true,fresh_suite_v1_kazakhtts_tacotron2_pwg:fixed-profile:issai_kazakhtts2_male2_tacotron2_pwg:ISSAI_KazakhTTS2_M2,fresh_suite_v1_kazakhtts_tacotron2_pwg,FLEURS/KSC2 CC-BY-4.0; ISSAI Kazakh_TTS model CC-BY-4.0; ESPnet Apache-2.0; ParallelWaveGAN MIT,Offline text-only derivative of ksc2_v1 text ksc2_v1:transcript:773650e2adf405183ca41557f759e4a8b0d94b3353c4ca731b05a5f7e869c52e; Kazakh_TTS repository and published pretrained model artifacts CC-BY-4.0; ESPnet Apache-2.0; ParallelWaveGAN MIT; fixed published voice; no reference audio or voice cloning; language provenance is intended input text until full acoustic review; normalizer=stage_c_kazakhtts_text_v1,fresh_suite_v1_kazakhtts_tacotron2_pwg:synthetic-profile:issai_kazakhtts2_male2_tacotron2_pwg:ISSAI_KazakhTTS2_M2,ksc2_v1:transcript:773650e2adf405183ca41557f759e4a8b0d94b3353c4ca731b05a5f7e869c52e,773650e2adf405183ca41557f759e4a8b0d94b3353c4ca731b05a5f7e869c52e,6.002358276643991,tacotron2_parallelwavegan_fixed_voice_tts,ISSAI KazakhTTS2 Male2 Tacotron2 + ParallelWaveGAN,source-fc906048ff5914a3528d1ae4ed6f7ccd94d71383; acoustic-deb9cb49703b012d8f1406d15f4fa182b39ecb320bc4e2be5a557ac58766ea75; vocoder-fb415182fdf84dbe6a0bbca72e5ed9ed39009b622cf39e20ba630cb830594329,issai_kazakhtts2_male2_tacotron2_pwg:ISSAI_KazakhTTS2_M2,not_applicable:fixed_pretrained_tts_no_reference_audio,cuda,offline_text_only_tacotron2_parallelwavegan_tts,22050,wav,language_provenance=intended_input_text_only;text_normalizer=stage_c_kazakhtts_text_v1;synthesis_text_sha256=773650e2adf405183ca41557f759e4a8b0d94b3353c4ca731b05a5f7e869c52e,,2026-08-12T21:18:24+05:00
fresh_suite_v1_kazakhtts_tacotron2_pwg:4e39396293747437d8f0,raw/fresh_suite_v1_kazakhtts_tacotron2_pwg/slices/stage_c_normalized_v2/90bab76e8c00c6bf4c87-40863242b284.wav,946583814c5630ea348355f3853cb21977cf4b05ea6c2e4218d41f5ad9438896,test,spoof,mixed,true,fresh_suite_v1_kazakhtts_tacotron2_pwg:fixed-profile:issai_kazakhtts2_male2_tacotron2_pwg:ISSAI_KazakhTTS2_M2,fresh_suite_v1_kazakhtts_tacotron2_pwg,FLEURS/KSC2 CC-BY-4.0; ISSAI Kazakh_TTS model CC-BY-4.0; ESPnet Apache-2.0; ParallelWaveGAN MIT,Offline text-only derivative of ksc2_v1 text ksc2_v1:transcript:40863242b284645a238980afa08878d9f82269f4e2c419125a340725e0f5cff8; Kazakh_TTS repository and published pretrained model artifacts CC-BY-4.0; ESPnet Apache-2.0; ParallelWaveGAN MIT; fixed published voice; no reference audio or voice cloning; language provenance is intended input text until full acoustic review; normalizer=stage_c_kazakhtts_text_v1,fresh_suite_v1_kazakhtts_tacotron2_pwg:synthetic-profile:issai_kazakhtts2_male2_tacotron2_pwg:ISSAI_KazakhTTS2_M2,ksc2_v1:transcript:40863242b284645a238980afa08878d9f82269f4e2c419125a340725e0f5cff8,40863242b284645a238980afa08878d9f82269f4e2c419125a340725e0f5cff8,6.1184580498866215,tacotron2_parallelwavegan_fixed_voice_tts,ISSAI KazakhTTS2 Male2 Tacotron2 + ParallelWaveGAN,source-fc906048ff5914a3528d1ae4ed6f7ccd94d71383; acoustic-deb9cb49703b012d8f1406d15f4fa182b39ecb320bc4e2be5a557ac58766ea75; vocoder-fb415182fdf84dbe6a0bbca72e5ed9ed39009b622cf39e20ba630cb830594329,issai_kazakhtts2_male2_tacotron2_pwg:ISSAI_KazakhTTS2_M2,not_applicable:fixed_pretrained_tts_no_reference_audio,cuda,offline_text_only_tacotron2_parallelwavegan_tts,22050,wav,language_provenance=intended_input_text_only;text_normalizer=stage_c_kazakhtts_text_v1;synthesis_text_sha256=40863242b284645a238980afa08878d9f82269f4e2c419125a340725e0f5cff8,,2026-08-12T21:18:24+05:00
fresh_suite_v1_kazakhtts_tacotron2_pwg:81b1f01bbb374ff96c73,raw/fresh_suite_v1_kazakhtts_tacotron2_pwg/slices/stage_c_normalized_v2/23f1b72ff84ecde0c2df-3a46fe4bce14.wav,52769ca45a3cbc0545282344179e1f55a6d39810947a342a3ee6541aab4ec183,test,spoof,mixed,true,fresh_suite_v1_kazakhtts_tacotron2_pwg:fixed-profile:issai_kazakhtts2_male2_tacotron2_pwg:ISSAI_KazakhTTS2_M2,fresh_suite_v1_kazakhtts_tacotron2_pwg,FLEURS/KSC2 CC-BY-4.0; ISSAI Kazakh_TTS model CC-BY-4.0; ESPnet Apache-2.0; ParallelWaveGAN MIT,Offline text-only derivative of ksc2_v1 text ksc2_v1:transcript:3a46fe4bce14147ece01450a33ebaa545238f72191522d493266460099460541; Kazakh_TTS repository and published pretrained model artifacts CC-BY-4.0; ESPnet Apache-2.0; ParallelWaveGAN MIT; fixed published voice; no reference audio or voice cloning; language provenance is intended input text until full acoustic review; normalizer=stage_c_kazakhtts_text_v1,fresh_suite_v1_kazakhtts_tacotron2_pwg:synthetic-profile:issai_kazakhtts2_male2_tacotron2_pwg:ISSAI_KazakhTTS2_M2,ksc2_v1:transcript:3a46fe4bce14147ece01450a33ebaa545238f72191522d493266460099460541,3a46fe4bce14147ece01450a33ebaa545238f72191522d493266460099460541,7.534875283446712,tacotron2_parallelwavegan_fixed_voice_tts,ISSAI KazakhTTS2 Male2 Tacotron2 + ParallelWaveGAN,source-fc906048ff5914a3528d1ae4ed6f7ccd94d71383; acoustic-deb9cb49703b012d8f1406d15f4fa182b39ecb320bc4e2be5a557ac58766ea75; vocoder-fb415182fdf84dbe6a0bbca72e5ed9ed39009b622cf39e20ba630cb830594329,issai_kazakhtts2_male2_tacotron2_pwg:ISSAI_KazakhTTS2_M2,not_applicable:fixed_pretrained_tts_no_reference_audio,cuda,offline_text_only_tacotron2_parallelwavegan_tts,22050,wav,language_provenance=intended_input_text_only;text_normalizer=stage_c_kazakhtts_text_v1;synthesis_text_sha256=3a46fe4bce14147ece01450a33ebaa545238f72191522d493266460099460541,,2026-08-12T21:18:24+05:00
fresh_suite_v1_kazakhtts_tacotron2_pwg:0f3b078fe5039fdd4a37,raw/fresh_suite_v1_kazakhtts_tacotron2_pwg/slices/stage_c_normalized_v2/7ba863516815777ad83d-ebe4c3c10750.wav,2251c51823744375cd0b1a0075eb9451cd496fe5740fa64d6ec0f76d8ace2e19,test,spoof,mixed,true,fresh_suite_v1_kazakhtts_tacotron2_pwg:fixed-profile:issai_kazakhtts2_male2_tacotron2_pwg:ISSAI_KazakhTTS2_M2,fresh_suite_v1_kazakhtts_tacotron2_pwg,FLEURS/KSC2 CC-BY-4.0; ISSAI Kazakh_TTS model CC-BY-4.0; ESPnet Apache-2.0; ParallelWaveGAN MIT,Offline text-only derivative of ksc2_v1 text ksc2_v1:transcript:ebe4c3c107504bafd4c4e03f7e29cf38b6328082a1924b72fddfa3b96c7c2b5d; Kazakh_TTS repository and published pretrained model artifacts CC-BY-4.0; ESPnet Apache-2.0; ParallelWaveGAN MIT; fixed published voice; no reference audio or voice cloning; language provenance is intended input text until full acoustic review; normalizer=stage_c_kazakhtts_text_v1,fresh_suite_v1_kazakhtts_tacotron2_pwg:synthetic-profile:issai_kazakhtts2_male2_tacotron2_pwg:ISSAI_KazakhTTS2_M2,ksc2_v1:transcript:ebe4c3c107504bafd4c4e03f7e29cf38b6328082a1924b72fddfa3b96c7c2b5d,ebe4c3c107504bafd4c4e03f7e29cf38b6328082a1924b72fddfa3b96c7c2b5d,7.337505668934241,tacotron2_parallelwavegan_fixed_voice_tts,ISSAI KazakhTTS2 Male2 Tacotron2 + ParallelWaveGAN,source-fc906048ff5914a3528d1ae4ed6f7ccd94d71383; acoustic-deb9cb49703b012d8f1406d15f4fa182b39ecb320bc4e2be5a557ac58766ea75; vocoder-fb415182fdf84dbe6a0bbca72e5ed9ed39009b622cf39e20ba630cb830594329,issai_kazakhtts2_male2_tacotron2_pwg:ISSAI_KazakhTTS2_M2,not_applicable:fixed_pretrained_tts_no_reference_audio,cuda,offline_text_only_tacotron2_parallelwavegan_tts,22050,wav,language_provenance=intended_input_text_only;text_normalizer=stage_c_kazakhtts_text_v1;synthesis_text_sha256=ebe4c3c107504bafd4c4e03f7e29cf38b6328082a1924b72fddfa3b96c7c2b5d,,2026-08-12T21:18:24+05:00
fresh_suite_v1_kazakhtts_tacotron2_pwg:27dc2cc8fbbc7583ff4f,raw/fresh_suite_v1_kazakhtts_tacotron2_pwg/slices/stage_c_normalized_v2/c30c6e9d92d21bf6e257-6c52c37b5472.wav,cb076416bfae44438dde7b6027c6bd34b083984c2748cc8438b720b7338fef65,test,spoof,mixed,true,fresh_suite_v1_kazakhtts_tacotron2_pwg:fixed-profile:issai_kazakhtts2_male2_tacotron2_pwg:ISSAI_KazakhTTS2_M2,fresh_suite_v1_kazakhtts_tacotron2_pwg,FLEURS/KSC2 CC-BY-4.0; ISSAI Kazakh_TTS model CC-BY-4.0; ESPnet Apache-2.0; ParallelWaveGAN MIT,Offline text-only derivative of ksc2_v1 text ksc2_v1:transcript:6c52c37b54722c18f94c9e5438a74ee7fd945dd1949d86e2bf9c4cb4a0190e3f; Kazakh_TTS repository and published pretrained model artifacts CC-BY-4.0; ESPnet Apache-2.0; ParallelWaveGAN MIT; fixed published voice; no reference audio or voice cloning; language provenance is intended input text until full acoustic review; normalizer=stage_c_kazakhtts_text_v1,fresh_suite_v1_kazakhtts_tacotron2_pwg:synthetic-profile:issai_kazakhtts2_male2_tacotron2_pwg:ISSAI_KazakhTTS2_M2,ksc2_v1:transcript:6c52c37b54722c18f94c9e5438a74ee7fd945dd1949d86e2bf9c4cb4a0190e3f,6c52c37b54722c18f94c9e5438a74ee7fd945dd1949d86e2bf9c4cb4a0190e3f,8.335963718820862,tacotron2_parallelwavegan_fixed_voice_tts,ISSAI KazakhTTS2 Male2 Tacotron2 + ParallelWaveGAN,source-fc906048ff5914a3528d1ae4ed6f7ccd94d71383; acoustic-deb9cb49703b012d8f1406d15f4fa182b39ecb320bc4e2be5a557ac58766ea75; vocoder-fb415182fdf84dbe6a0bbca72e5ed9ed39009b622cf39e20ba630cb830594329,issai_kazakhtts2_male2_tacotron2_pwg:ISSAI_KazakhTTS2_M2,not_applicable:fixed_pretrained_tts_no_reference_audio,cuda,offline_text_only_tacotron2_parallelwavegan_tts,22050,wav,language_provenance=intended_input_text_only;text_normalizer=stage_c_kazakhtts_text_v1;synthesis_text_sha256=6c52c37b54722c18f94c9e5438a74ee7fd945dd1949d86e2bf9c4cb4a0190e3f,,2026-08-12T21:18:24+05:00
fresh_suite_v1_kazakhtts_tacotron2_pwg:0645ba2d63b6e13139a1,raw/fresh_suite_v1_kazakhtts_tacotron2_pwg/slices/stage_c_normalized_v2/54e5ee69dbebb7ded0ec-29d031102bc9.wav,7589027e795d1de66693269ca17458f754fab9bef97a1e1a7f66f18ea35da1ab,test,spoof,mixed,true,fresh_suite_v1_kazakhtts_tacotron2_pwg:fixed-profile:issai_kazakhtts2_male2_tacotron2_pwg:ISSAI_KazakhTTS2_M2,fresh_suite_v1_kazakhtts_tacotron2_pwg,FLEURS/KSC2 CC-BY-4.0; ISSAI Kazakh_TTS model CC-BY-4.0; ESPnet Apache-2.0; ParallelWaveGAN MIT,Offline text-only derivative of ksc2_v1 text ksc2_v1:transcript:29d031102bc90bf82af583410c82dd0b8a3d1f36b73c93f07a1038c4cde6cdd4; Kazakh_TTS repository and published pretrained model artifacts CC-BY-4.0; ESPnet Apache-2.0; ParallelWaveGAN MIT; fixed published voice; no reference audio or voice cloning; language provenance is intended input text until full acoustic review; normalizer=stage_c_kazakhtts_text_v1,fresh_suite_v1_kazakhtts_tacotron2_pwg:synthetic-profile:issai_kazakhtts2_male2_tacotron2_pwg:ISSAI_KazakhTTS2_M2,ksc2_v1:transcript:29d031102bc90bf82af583410c82dd0b8a3d1f36b73c93f07a1038c4cde6cdd4,29d031102bc90bf82af583410c82dd0b8a3d1f36b73c93f07a1038c4cde6cdd4,10.158730158730158,tacotron2_parallelwavegan_fixed_voice_tts,ISSAI KazakhTTS2 Male2 Tacotron2 + ParallelWaveGAN,source-fc906048ff5914a3528d1ae4ed6f7ccd94d71383; acoustic-deb9cb49703b012d8f1406d15f4fa182b39ecb320bc4e2be5a557ac58766ea75; vocoder-fb415182fdf84dbe6a0bbca72e5ed9ed39009b622cf39e20ba630cb830594329,issai_kazakhtts2_male2_tacotron2_pwg:ISSAI_KazakhTTS2_M2,not_applicable:fixed_pretrained_tts_no_reference_audio,cuda,offline_text_only_tacotron2_parallelwavegan_tts,22050,wav,language_provenance=intended_input_text_only;text_normalizer=stage_c_kazakhtts_text_v1;synthesis_text_sha256=29d031102bc90bf82af583410c82dd0b8a3d1f36b73c93f07a1038c4cde6cdd4,,2026-08-12T21:18:24+05:00
fresh_suite_v1_kazakhtts_tacotron2_pwg:151f7563801e94e7fd31,raw/fresh_suite_v1_kazakhtts_tacotron2_pwg/slices/stage_c_normalized_v2/16c185cd458d96c07744-b91d7c585b43.wav,ffa5a101af545b7df9464ad2e93acb2abc863b5df7f6d8901054c54e3bb47bde,test,spoof,mixed,true,fresh_suite_v1_kazakhtts_tacotron2_pwg:fixed-profile:issai_kazakhtts2_male2_tacotron2_pwg:ISSAI_KazakhTTS2_M2,fresh_suite_v1_kazakhtts_tacotron2_pwg,FLEURS/KSC2 CC-BY-4.0; ISSAI Kazakh_TTS model CC-BY-4.0; ESPnet Apache-2.0; ParallelWaveGAN MIT,Offline text-only derivative of ksc2_v1 text ksc2_v1:transcript:b91d7c585b4326a4df5a5a3ba0c322aa023fa5fd89d16303435fda771c25364f; Kazakh_TTS repository and published pretrained model artifacts CC-BY-4.0; ESPnet Apache-2.0; ParallelWaveGAN MIT; fixed published voice; no reference audio or voice cloning; language provenance is intended input text until full acoustic review; normalizer=stage_c_kazakhtts_text_v1,fresh_suite_v1_kazakhtts_tacotron2_pwg:synthetic-profile:issai_kazakhtts2_male2_tacotron2_pwg:ISSAI_KazakhTTS2_M2,ksc2_v1:transcript:b91d7c585b4326a4df5a5a3ba0c322aa023fa5fd89d16303435fda771c25364f,b91d7c585b4326a4df5a5a3ba0c322aa023fa5fd89d16303435fda771c25364f,2.5541950113378684,tacotron2_parallelwavegan_fixed_voice_tts,ISSAI KazakhTTS2 Male2 Tacotron2 + ParallelWaveGAN,source-fc906048ff5914a3528d1ae4ed6f7ccd94d71383; acoustic-deb9cb49703b012d8f1406d15f4fa182b39ecb320bc4e2be5a557ac58766ea75; vocoder-fb415182fdf84dbe6a0bbca72e5ed9ed39009b622cf39e20ba630cb830594329,issai_kazakhtts2_male2_tacotron2_pwg:ISSAI_KazakhTTS2_M2,not_applicable:fixed_pretrained_tts_no_reference_audio,cuda,offline_text_only_tacotron2_parallelwavegan_tts,22050,wav,language_provenance=intended_input_text_only;text_normalizer=stage_c_kazakhtts_text_v1;synthesis_text_sha256=b91d7c585b4326a4df5a5a3ba0c322aa023fa5fd89d16303435fda771c25364f,,2026-08-12T21:18:24+05:00
fresh_suite_v1_kazakhtts_tacotron2_pwg:a0e24bfb528307e37fbb,raw/fresh_suite_v1_kazakhtts_tacotron2_pwg/slices/stage_c_normalized_v2/68d7dd12c59a08ca1e32-b3a226a39196.wav,650aee4ec4f1161cb0b3443350923a185454059de6ec13710ea1ca0598213341,test,spoof,mixed,true,fresh_suite_v1_kazakhtts_tacotron2_pwg:fixed-profile:issai_kazakhtts2_male2_tacotron2_pwg:ISSAI_KazakhTTS2_M2,fresh_suite_v1_kazakhtts_tacotron2_pwg,FLEURS/KSC2 CC-BY-4.0; ISSAI Kazakh_TTS model CC-BY-4.0; ESPnet Apache-2.0; ParallelWaveGAN MIT,Offline text-only derivative of ksc2_v1 text ksc2_v1:transcript:b3a226a39196293ca1d69221cf848d9e35a4efb9e4923190245d223082998765; Kazakh_TTS repository and published pretrained model artifacts CC-BY-4.0; ESPnet Apache-2.0; ParallelWaveGAN MIT; fixed published voice; no reference audio or voice cloning; language provenance is intended input text until full acoustic review; normalizer=stage_c_kazakhtts_text_v1,fresh_suite_v1_kazakhtts_tacotron2_pwg:synthetic-profile:issai_kazakhtts2_male2_tacotron2_pwg:ISSAI_KazakhTTS2_M2,ksc2_v1:transcript:b3a226a39196293ca1d69221cf848d9e35a4efb9e4923190245d223082998765,b3a226a39196293ca1d69221cf848d9e35a4efb9e4923190245d223082998765,2.089795918367347,tacotron2_parallelwavegan_fixed_voice_tts,ISSAI KazakhTTS2 Male2 Tacotron2 + ParallelWaveGAN,source-fc906048ff5914a3528d1ae4ed6f7ccd94d71383; acoustic-deb9cb49703b012d8f1406d15f4fa182b39ecb320bc4e2be5a557ac58766ea75; vocoder-fb415182fdf84dbe6a0bbca72e5ed9ed39009b622cf39e20ba630cb830594329,issai_kazakhtts2_male2_tacotron2_pwg:ISSAI_KazakhTTS2_M2,not_applicable:fixed_pretrained_tts_no_reference_audio,cuda,offline_text_only_tacotron2_parallelwavegan_tts,22050,wav,language_provenance=intended_input_text_only;text_normalizer=stage_c_kazakhtts_text_v1;synthesis_text_sha256=b3a226a39196293ca1d69221cf848d9e35a4efb9e4923190245d223082998765,,2026-08-12T21:18:24+05:00
fresh_suite_v1_kazakhtts_tacotron2_pwg:e50175fdfb87d2c958de,raw/fresh_suite_v1_kazakhtts_tacotron2_pwg/slices/stage_c_normalized_v2/4a5a01acac2a46139aa1-addb0b9b3d47.wav,e964e89ff6236e53be6959871a57ddc420b96a66c66c9297bf727f4cb5587d13,test,spoof,mixed,true,fresh_suite_v1_kazakhtts_tacotron2_pwg:fixed-profile:issai_kazakhtts2_male2_tacotron2_pwg:ISSAI_KazakhTTS2_M2,fresh_suite_v1_kazakhtts_tacotron2_pwg,FLEURS/KSC2 CC-BY-4.0; ISSAI Kazakh_TTS model CC-BY-4.0; ESPnet Apache-2.0; ParallelWaveGAN MIT,Offline text-only derivative of ksc2_v1 text ksc2_v1:transcript:addb0b9b3d47e409d237961a8c2acfcbd45abb85a4b457daac6a6251cdbb53a8; Kazakh_TTS repository and published pretrained model artifacts CC-BY-4.0; ESPnet Apache-2.0; ParallelWaveGAN MIT; fixed published voice; no reference audio or voice cloning; language provenance is intended input text until full acoustic review; normalizer=stage_c_kazakhtts_text_v1,fresh_suite_v1_kazakhtts_tacotron2_pwg:synthetic-profile:issai_kazakhtts2_male2_tacotron2_pwg:ISSAI_KazakhTTS2_M2,ksc2_v1:transcript:addb0b9b3d47e409d237961a8c2acfcbd45abb85a4b457daac6a6251cdbb53a8,addb0b9b3d47e409d237961a8c2acfcbd45abb85a4b457daac6a6251cdbb53a8,6.339047619047619,tacotron2_parallelwavegan_fixed_voice_tts,ISSAI KazakhTTS2 Male2 Tacotron2 + ParallelWaveGAN,source-fc906048ff5914a3528d1ae4ed6f7ccd94d71383; acoustic-deb9cb49703b012d8f1406d15f4fa182b39ecb320bc4e2be5a557ac58766ea75; vocoder-fb415182fdf84dbe6a0bbca72e5ed9ed39009b622cf39e20ba630cb830594329,issai_kazakhtts2_male2_tacotron2_pwg:ISSAI_KazakhTTS2_M2,not_applicable:fixed_pretrained_tts_no_reference_audio,cuda,offline_text_only_tacotron2_parallelwavegan_tts,22050,wav,language_provenance=intended_input_text_only;text_normalizer=stage_c_kazakhtts_text_v1;synthesis_text_sha256=addb0b9b3d47e409d237961a8c2acfcbd45abb85a4b457daac6a6251cdbb53a8,,2026-08-12T21:18:24+05:00
fresh_suite_v1_kazakhtts_tacotron2_pwg:a9f0bbe39d71a67cbe3f,raw/fresh_suite_v1_kazakhtts_tacotron2_pwg/slices/stage_c_normalized_v2/801082e4204ede00595e-95cbca303ecc.wav,7155223eb406fa8af349f0cd391bda04a6c14fa5e687e31259d6c80a878cae06,test,spoof,mixed,true,fresh_suite_v1_kazakhtts_tacotron2_pwg:fixed-profile:issai_kazakhtts2_male2_tacotron2_pwg:ISSAI_KazakhTTS2_M2,fresh_suite_v1_kazakhtts_tacotron2_pwg,FLEURS/KSC2 CC-BY-4.0; ISSAI Kazakh_TTS model CC-BY-4.0; ESPnet Apache-2.0; ParallelWaveGAN MIT,Offline text-only derivative of ksc2_v1 text ksc2_v1:transcript:95cbca303ecc8582582199b3bbd9e184a6548bd70df5223997cbfd24ecc4e336; Kazakh_TTS repository and published pretrained model artifacts CC-BY-4.0; ESPnet Apache-2.0; ParallelWaveGAN MIT; fixed published voice; no reference audio or voice cloning; language provenance is intended input text until full acoustic review; normalizer=stage_c_kazakhtts_text_v1,fresh_suite_v1_kazakhtts_tacotron2_pwg:synthetic-profile:issai_kazakhtts2_male2_tacotron2_pwg:ISSAI_KazakhTTS2_M2,ksc2_v1:transcript:95cbca303ecc8582582199b3bbd9e184a6548bd70df5223997cbfd24ecc4e336,95cbca303ecc8582582199b3bbd9e184a6548bd70df5223997cbfd24ecc4e336,12.294965986394558,tacotron2_parallelwavegan_fixed_voice_tts,ISSAI KazakhTTS2 Male2 Tacotron2 + ParallelWaveGAN,source-fc906048ff5914a3528d1ae4ed6f7ccd94d71383; acoustic-deb9cb49703b012d8f1406d15f4fa182b39ecb320bc4e2be5a557ac58766ea75; vocoder-fb415182fdf84dbe6a0bbca72e5ed9ed39009b622cf39e20ba630cb830594329,issai_kazakhtts2_male2_tacotron2_pwg:ISSAI_KazakhTTS2_M2,not_applicable:fixed_pretrained_tts_no_reference_audio,cuda,offline_text_only_tacotron2_parallelwavegan_tts,22050,wav,language_provenance=intended_input_text_only;text_normalizer=stage_c_kazakhtts_text_v1;synthesis_text_sha256=95cbca303ecc8582582199b3bbd9e184a6548bd70df5223997cbfd24ecc4e336,,2026-08-12T21:18:24+05:00
fresh_suite_v1_kazakhtts_tacotron2_pwg:07f0dff9d8b2e2a61835,raw/fresh_suite_v1_kazakhtts_tacotron2_pwg/slices/stage_c_normalized_v2/8389dd752934b2c5f701-181d82f76ac5.wav,e3fc18b286753eef2c9f333e88c6cdeecec17d4bd39e347509094e5e93f4ed4b,test,spoof,mixed,true,fresh_suite_v1_kazakhtts_tacotron2_pwg:fixed-profile:issai_kazakhtts2_male2_tacotron2_pwg:ISSAI_KazakhTTS2_M2,fresh_suite_v1_kazakhtts_tacotron2_pwg,FLEURS/KSC2 CC-BY-4.0; ISSAI Kazakh_TTS model CC-BY-4.0; ESPnet Apache-2.0; ParallelWaveGAN MIT,Offline text-only derivative of ksc2_v1 text ksc2_v1:transcript:181d82f76ac566129401f2fd85f26f07a878a7eb89d58090334f8a1fe9f0953d; Kazakh_TTS repository and published pretrained model artifacts CC-BY-4.0; ESPnet Apache-2.0; ParallelWaveGAN MIT; fixed published voice; no reference audio or voice cloning; language provenance is intended input text until full acoustic review; normalizer=stage_c_kazakhtts_text_v1,fresh_suite_v1_kazakhtts_tacotron2_pwg:synthetic-profile:issai_kazakhtts2_male2_tacotron2_pwg:ISSAI_KazakhTTS2_M2,ksc2_v1:transcript:181d82f76ac566129401f2fd85f26f07a878a7eb89d58090334f8a1fe9f0953d,181d82f76ac566129401f2fd85f26f07a878a7eb89d58090334f8a1fe9f0953d,5.38702947845805,tacotron2_parallelwavegan_fixed_voice_tts,ISSAI KazakhTTS2 Male2 Tacotron2 + ParallelWaveGAN,source-fc906048ff5914a3528d1ae4ed6f7ccd94d71383; acoustic-deb9cb49703b012d8f1406d15f4fa182b39ecb320bc4e2be5a557ac58766ea75; vocoder-fb415182fdf84dbe6a0bbca72e5ed9ed39009b622cf39e20ba630cb830594329,issai_kazakhtts2_male2_tacotron2_pwg:ISSAI_KazakhTTS2_M2,not_applicable:fixed_pretrained_tts_no_reference_audio,cuda,offline_text_only_tacotron2_parallelwavegan_tts,22050,wav,language_provenance=intended_input_text_only;text_normalizer=stage_c_kazakhtts_text_v1;synthesis_text_sha256=181d82f76ac566129401f2fd85f26f07a878a7eb89d58090334f8a1fe9f0953d,,2026-08-12T21:18:24+05:00
fresh_suite_v1_kazakhtts_tacotron2_pwg:4d7a402bbbd13832a2b0,raw/fresh_suite_v1_kazakhtts_tacotron2_pwg/slices/stage_c_normalized_v2/6e4a3d9c53362768911a-c02809792a1e.wav,e49f8034e031dc27e2a53d5a0c0312cec9c8681633e4b094a2c673d82ac726dd,test,spoof,mixed,true,fresh_suite_v1_kazakhtts_tacotron2_pwg:fixed-profile:issai_kazakhtts2_male2_tacotron2_pwg:ISSAI_KazakhTTS2_M2,fresh_suite_v1_kazakhtts_tacotron2_pwg,FLEURS/KSC2 CC-BY-4.0; ISSAI Kazakh_TTS model CC-BY-4.0; ESPnet Apache-2.0; ParallelWaveGAN MIT,Offline text-only derivative of ksc2_v1 text ksc2_v1:transcript:c02809792a1ee6ead496d88a9396fc5aff7e3b9279bbfb00b8ba1324bd34f770; Kazakh_TTS repository and published pretrained model artifacts CC-BY-4.0; ESPnet Apache-2.0; ParallelWaveGAN MIT; fixed published voice; no reference audio or voice cloning; language provenance is intended input text until full acoustic review; normalizer=stage_c_kazakhtts_text_v1,fresh_suite_v1_kazakhtts_tacotron2_pwg:synthetic-profile:issai_kazakhtts2_male2_tacotron2_pwg:ISSAI_KazakhTTS2_M2,ksc2_v1:transcript:c02809792a1ee6ead496d88a9396fc5aff7e3b9279bbfb00b8ba1324bd34f770,c02809792a1ee6ead496d88a9396fc5aff7e3b9279bbfb00b8ba1324bd34f770,8.649433106575964,tacotron2_parallelwavegan_fixed_voice_tts,ISSAI KazakhTTS2 Male2 Tacotron2 + ParallelWaveGAN,source-fc906048ff5914a3528d1ae4ed6f7ccd94d71383; acoustic-deb9cb49703b012d8f1406d15f4fa182b39ecb320bc4e2be5a557ac58766ea75; vocoder-fb415182fdf84dbe6a0bbca72e5ed9ed39009b622cf39e20ba630cb830594329,issai_kazakhtts2_male2_tacotron2_pwg:ISSAI_KazakhTTS2_M2,not_applicable:fixed_pretrained_tts_no_reference_audio,cuda,offline_text_only_tacotron2_parallelwavegan_tts,22050,wav,language_provenance=intended_input_text_only;text_normalizer=stage_c_kazakhtts_text_v1;synthesis_text_sha256=c02809792a1ee6ead496d88a9396fc5aff7e3b9279bbfb00b8ba1324bd34f770,,2026-08-12T21:18:24+05:00
fresh_suite_v1_kazakhtts_tacotron2_pwg:0e73272e341cd9b5d5dd,raw/fresh_suite_v1_kazakhtts_tacotron2_pwg/slices/stage_c_normalized_v2/aceacfbc017a932258f8-d07c24026e7e.wav,e58132248fd96b58a7b69d6bbe3a27d7f0606acb6f767bbcf4ffa9f36a653652,test,spoof,mixed,true,fresh_suite_v1_kazakhtts_tacotron2_pwg:fixed-profile:issai_kazakhtts2_male2_tacotron2_pwg:ISSAI_KazakhTTS2_M2,fresh_suite_v1_kazakhtts_tacotron2_pwg,FLEURS/KSC2 CC-BY-4.0; ISSAI Kazakh_TTS model CC-BY-4.0; ESPnet Apache-2.0; ParallelWaveGAN MIT,Offline text-only derivative of ksc2_v1 text ksc2_v1:transcript:d07c24026e7e3d9e37e1db95025c42b7064112fe4cb9a22f6de1da5a6ba77e4e; Kazakh_TTS repository and published pretrained model artifacts CC-BY-4.0; ESPnet Apache-2.0; ParallelWaveGAN MIT; fixed published voice; no reference audio or voice cloning; language provenance is intended input text until full acoustic review; normalizer=stage_c_kazakhtts_text_v1,fresh_suite_v1_kazakhtts_tacotron2_pwg:synthetic-profile:issai_kazakhtts2_male2_tacotron2_pwg:ISSAI_KazakhTTS2_M2,ksc2_v1:transcript:d07c24026e7e3d9e37e1db95025c42b7064112fe4cb9a22f6de1da5a6ba77e4e,d07c24026e7e3d9e37e1db95025c42b7064112fe4cb9a22f6de1da5a6ba77e4e,6.548027210884354,tacotron2_parallelwavegan_fixed_voice_tts,ISSAI KazakhTTS2 Male2 Tacotron2 + ParallelWaveGAN,source-fc906048ff5914a3528d1ae4ed6f7ccd94d71383; acoustic-deb9cb49703b012d8f1406d15f4fa182b39ecb320bc4e2be5a557ac58766ea75; vocoder-fb415182fdf84dbe6a0bbca72e5ed9ed39009b622cf39e20ba630cb830594329,issai_kazakhtts2_male2_tacotron2_pwg:ISSAI_KazakhTTS2_M2,not_applicable:fixed_pretrained_tts_no_reference_audio,cuda,offline_text_only_tacotron2_parallelwavegan_tts,22050,wav,language_provenance=intended_input_text_only;text_normalizer=stage_c_kazakhtts_text_v1;synthesis_text_sha256=d07c24026e7e3d9e37e1db95025c42b7064112fe4cb9a22f6de1da5a6ba77e4e,,2026-08-12T21:18:24+05:00
fresh_suite_v1_kazakhtts_tacotron2_pwg:c7cd57b8c51566f86955,raw/fresh_suite_v1_kazakhtts_tacotron2_pwg/slices/stage_c_normalized_v2/afb9b1f05b48ab5fdb5c-79887533afbd.wav,8d2a63fd3b80e891fff64c5c3d72ef12c522bcc3abc87eddadebabd9eb13fa46,test,spoof,mixed,true,fresh_suite_v1_kazakhtts_tacotron2_pwg:fixed-profile:issai_kazakhtts2_male2_tacotron2_pwg:ISSAI_KazakhTTS2_M2,fresh_suite_v1_kazakhtts_tacotron2_pwg,FLEURS/KSC2 CC-BY-4.0; ISSAI Kazakh_TTS model CC-BY-4.0; ESPnet Apache-2.0; ParallelWaveGAN MIT,Offline text-only derivative of ksc2_v1 text ksc2_v1:transcript:79887533afbd1c6c00450af13ef82b881126b94f4e6ca010ec51fb1cbd8f1d49; Kazakh_TTS repository and published pretrained model artifacts CC-BY-4.0; ESPnet Apache-2.0; ParallelWaveGAN MIT; fixed published voice; no reference audio or voice cloning; language provenance is intended input text until full acoustic review; normalizer=stage_c_kazakhtts_text_v1,fresh_suite_v1_kazakhtts_tacotron2_pwg:synthetic-profile:issai_kazakhtts2_male2_tacotron2_pwg:ISSAI_KazakhTTS2_M2,ksc2_v1:transcript:79887533afbd1c6c00450af13ef82b881126b94f4e6ca010ec51fb1cbd8f1d49,79887533afbd1c6c00450af13ef82b881126b94f4e6ca010ec51fb1cbd8f1d49,4.3769614512471655,tacotron2_parallelwavegan_fixed_voice_tts,ISSAI KazakhTTS2 Male2 Tacotron2 + ParallelWaveGAN,source-fc906048ff5914a3528d1ae4ed6f7ccd94d71383; acoustic-deb9cb49703b012d8f1406d15f4fa182b39ecb320bc4e2be5a557ac58766ea75; vocoder-fb415182fdf84dbe6a0bbca72e5ed9ed39009b622cf39e20ba630cb830594329,issai_kazakhtts2_male2_tacotron2_pwg:ISSAI_KazakhTTS2_M2,not_applicable:fixed_pretrained_tts_no_reference_audio,cuda,offline_text_only_tacotron2_parallelwavegan_tts,22050,wav,language_provenance=intended_input_text_only;text_normalizer=stage_c_kazakhtts_text_v1;synthesis_text_sha256=79887533afbd1c6c00450af13ef82b881126b94f4e6ca010ec51fb1cbd8f1d49,,2026-08-12T21:18:24+05:00
fresh_suite_v1_kazakhtts_tacotron2_pwg:61800f64dbb98412f1d0,raw/fresh_suite_v1_kazakhtts_tacotron2_pwg/slices/stage_c_normalized_v2/e5bebdb68ce4f4df4309-5e4f6c736363.wav,a6123b51c5f495b86d7529372a4da2253379a4c912d8f8cc7e80692e09efa311,test,spoof,mixed,true,fresh_suite_v1_kazakhtts_tacotron2_pwg:fixed-profile:issai_kazakhtts2_male2_tacotron2_pwg:ISSAI_KazakhTTS2_M2,fresh_suite_v1_kazakhtts_tacotron2_pwg,FLEURS/KSC2 CC-BY-4.0; ISSAI Kazakh_TTS model CC-BY-4.0; ESPnet Apache-2.0; ParallelWaveGAN MIT,Offline text-only derivative of ksc2_v1 text ksc2_v1:transcript:5e4f6c73636305e93a23a996c663161c65d1e520523fb44248595e2507ff6c9c; Kazakh_TTS repository and published pretrained model artifacts CC-BY-4.0; ESPnet Apache-2.0; ParallelWaveGAN MIT; fixed published voice; no reference audio or voice cloning; language provenance is intended input text until full acoustic review; normalizer=stage_c_kazakhtts_text_v1,fresh_suite_v1_kazakhtts_tacotron2_pwg:synthetic-profile:issai_kazakhtts2_male2_tacotron2_pwg:ISSAI_KazakhTTS2_M2,ksc2_v1:transcript:5e4f6c73636305e93a23a996c663161c65d1e520523fb44248595e2507ff6c9c,5e4f6c73636305e93a23a996c663161c65d1e520523fb44248595e2507ff6c9c,7.082086167800454,tacotron2_parallelwavegan_fixed_voice_tts,ISSAI KazakhTTS2 Male2 Tacotron2 + ParallelWaveGAN,source-fc906048ff5914a3528d1ae4ed6f7ccd94d71383; acoustic-deb9cb49703b012d8f1406d15f4fa182b39ecb320bc4e2be5a557ac58766ea75; vocoder-fb415182fdf84dbe6a0bbca72e5ed9ed39009b622cf39e20ba630cb830594329,issai_kazakhtts2_male2_tacotron2_pwg:ISSAI_KazakhTTS2_M2,not_applicable:fixed_pretrained_tts_no_reference_audio,cuda,offline_text_only_tacotron2_parallelwavegan_tts,22050,wav,language_provenance=intended_input_text_only;text_normalizer=stage_c_kazakhtts_text_v1;synthesis_text_sha256=5e4f6c73636305e93a23a996c663161c65d1e520523fb44248595e2507ff6c9c,,2026-08-12T21:18:24+05:00
fresh_suite_v1_kazakhtts_tacotron2_pwg:aaa80b480a20ffaf36e9,raw/fresh_suite_v1_kazakhtts_tacotron2_pwg/slices/stage_c_normalized_v2/0ab0e24b2f5b5df53cbb-72a4afcdff8d.wav,7becd960c21082fd6b15571fefd1694340091a18df5cb236366d028d7c65ef7c,test,spoof,mixed,true,fresh_suite_v1_kazakhtts_tacotron2_pwg:fixed-profile:issai_kazakhtts2_male2_tacotron2_pwg:ISSAI_KazakhTTS2_M2,fresh_suite_v1_kazakhtts_tacotron2_pwg,FLEURS/KSC2 CC-BY-4.0; ISSAI Kazakh_TTS model CC-BY-4.0; ESPnet Apache-2.0; ParallelWaveGAN MIT,Offline text-only derivative of ksc2_v1 text ksc2_v1:transcript:72a4afcdff8d38138e8a05f69f2cd2c21ed41fde1d3305491738b755e14d65f5; Kazakh_TTS repository and published pretrained model artifacts CC-BY-4.0; ESPnet Apache-2.0; ParallelWaveGAN MIT; fixed published voice; no reference audio or voice cloning; language provenance is intended input text until full acoustic review; normalizer=stage_c_kazakhtts_text_v1,fresh_suite_v1_kazakhtts_tacotron2_pwg:synthetic-profile:issai_kazakhtts2_male2_tacotron2_pwg:ISSAI_KazakhTTS2_M2,ksc2_v1:transcript:72a4afcdff8d38138e8a05f69f2cd2c21ed41fde1d3305491738b755e14d65f5,72a4afcdff8d38138e8a05f69f2cd2c21ed41fde1d3305491738b755e14d65f5,11.284897959183674,tacotron2_parallelwavegan_fixed_voice_tts,ISSAI KazakhTTS2 Male2 Tacotron2 + ParallelWaveGAN,source-fc906048ff5914a3528d1ae4ed6f7ccd94d71383; acoustic-deb9cb49703b012d8f1406d15f4fa182b39ecb320bc4e2be5a557ac58766ea75; vocoder-fb415182fdf84dbe6a0bbca72e5ed9ed39009b622cf39e20ba630cb830594329,issai_kazakhtts2_male2_tacotron2_pwg:ISSAI_KazakhTTS2_M2,not_applicable:fixed_pretrained_tts_no_reference_audio,cuda,offline_text_only_tacotron2_parallelwavegan_tts,22050,wav,language_provenance=intended_input_text_only;text_normalizer=stage_c_kazakhtts_text_v1;synthesis_text_sha256=72a4afcdff8d38138e8a05f69f2cd2c21ed41fde1d3305491738b755e14d65f5,,2026-08-12T21:18:24+05:00
fresh_suite_v1_kazakhtts_tacotron2_pwg:4769bd5e71a16ed8aee5,raw/fresh_suite_v1_kazakhtts_tacotron2_pwg/slices/stage_c_normalized_v2/38ab2964f4d8093264a6-a68a7247d5a5.wav,d92e2af8501ed722b779296addad816c419d4c230a3a4f64575e9814020d2b59,test,spoof,mixed,true,fresh_suite_v1_kazakhtts_tacotron2_pwg:fixed-profile:issai_kazakhtts2_male2_tacotron2_pwg:ISSAI_KazakhTTS2_M2,fresh_suite_v1_kazakhtts_tacotron2_pwg,FLEURS/KSC2 CC-BY-4.0; ISSAI Kazakh_TTS model CC-BY-4.0; ESPnet Apache-2.0; ParallelWaveGAN MIT,Offline text-only derivative of ksc2_v1 text ksc2_v1:transcript:a68a7247d5a58b850a393dd39c57ffec18a940b9ba6fec3454860a33c06d3076; Kazakh_TTS repository and published pretrained model artifacts CC-BY-4.0; ESPnet Apache-2.0; ParallelWaveGAN MIT; fixed published voice; no reference audio or voice cloning; language provenance is intended input text until full acoustic review; normalizer=stage_c_kazakhtts_text_v1,fresh_suite_v1_kazakhtts_tacotron2_pwg:synthetic-profile:issai_kazakhtts2_male2_tacotron2_pwg:ISSAI_KazakhTTS2_M2,ksc2_v1:transcript:a68a7247d5a58b850a393dd39c57ffec18a940b9ba6fec3454860a33c06d3076,a68a7247d5a58b850a393dd39c57ffec18a940b9ba6fec3454860a33c06d3076,13.154104308390023,tacotron2_parallelwavegan_fixed_voice_tts,ISSAI KazakhTTS2 Male2 Tacotron2 + ParallelWaveGAN,source-fc906048ff5914a3528d1ae4ed6f7ccd94d71383; acoustic-deb9cb49703b012d8f1406d15f4fa182b39ecb320bc4e2be5a557ac58766ea75; vocoder-fb415182fdf84dbe6a0bbca72e5ed9ed39009b622cf39e20ba630cb830594329,issai_kazakhtts2_male2_tacotron2_pwg:ISSAI_KazakhTTS2_M2,not_applicable:fixed_pretrained_tts_no_reference_audio,cuda,offline_text_only_tacotron2_parallelwavegan_tts,22050,wav,language_provenance=intended_input_text_only;text_normalizer=stage_c_kazakhtts_text_v1;synthesis_text_sha256=a68a7247d5a58b850a393dd39c57ffec18a940b9ba6fec3454860a33c06d3076,,2026-08-12T21:18:24+05:00
fresh_suite_v1_kazakhtts_tacotron2_pwg:3e3464ea58866bf333d2,raw/fresh_suite_v1_kazakhtts_tacotron2_pwg/slices/stage_c_normalized_v2/6a2ecda31cabc372d937-579686230b89.wav,529454981c786690ed0ea81b18d1e9df37418f15f81960f40c7021ca18e8d80a,test,spoof,mixed,true,fresh_suite_v1_kazakhtts_tacotron2_pwg:fixed-profile:issai_kazakhtts2_male2_tacotron2_pwg:ISSAI_KazakhTTS2_M2,fresh_suite_v1_kazakhtts_tacotron2_pwg,FLEURS/KSC2 CC-BY-4.0; ISSAI Kazakh_TTS model CC-BY-4.0; ESPnet Apache-2.0; ParallelWaveGAN MIT,Offline text-only derivative of ksc2_v1 text ksc2_v1:transcript:579686230b891d5896aec8ad4a119370a68f7cec89eed3002a7e941940ac6c98; Kazakh_TTS repository and published pretrained model artifacts CC-BY-4.0; ESPnet Apache-2.0; ParallelWaveGAN MIT; fixed published voice; no reference audio or voice cloning; language provenance is intended input text until full acoustic review; normalizer=stage_c_kazakhtts_text_v1,fresh_suite_v1_kazakhtts_tacotron2_pwg:synthetic-profile:issai_kazakhtts2_male2_tacotron2_pwg:ISSAI_KazakhTTS2_M2,ksc2_v1:transcript:579686230b891d5896aec8ad4a119370a68f7cec89eed3002a7e941940ac6c98,579686230b891d5896aec8ad4a119370a68f7cec89eed3002a7e941940ac6c98,9.682721088435374,tacotron2_parallelwavegan_fixed_voice_tts,ISSAI KazakhTTS2 Male2 Tacotron2 + ParallelWaveGAN,source-fc906048ff5914a3528d1ae4ed6f7ccd94d71383; acoustic-deb9cb49703b012d8f1406d15f4fa182b39ecb320bc4e2be5a557ac58766ea75; vocoder-fb415182fdf84dbe6a0bbca72e5ed9ed39009b622cf39e20ba630cb830594329,issai_kazakhtts2_male2_tacotron2_pwg:ISSAI_KazakhTTS2_M2,not_applicable:fixed_pretrained_tts_no_reference_audio,cuda,offline_text_only_tacotron2_parallelwavegan_tts,22050,wav,language_provenance=intended_input_text_only;text_normalizer=stage_c_kazakhtts_text_v1;synthesis_text_sha256=579686230b891d5896aec8ad4a119370a68f7cec89eed3002a7e941940ac6c98,,2026-08-12T21:18:24+05:00
fresh_suite_v1_kazakhtts_tacotron2_pwg:9430feb9eeefc60d3524,raw/fresh_suite_v1_kazakhtts_tacotron2_pwg/slices/stage_c_normalized_v2/77b143761a1c761d1ace-f97655aef866.wav,74325b56c137358ac8b9f03d790904832fbeae20ef3a9bce49a12c5229c4e2e8,test,spoof,mixed,true,fresh_suite_v1_kazakhtts_tacotron2_pwg:fixed-profile:issai_kazakhtts2_male2_tacotron2_pwg:ISSAI_KazakhTTS2_M2,fresh_suite_v1_kazakhtts_tacotron2_pwg,FLEURS/KSC2 CC-BY-4.0; ISSAI Kazakh_TTS model CC-BY-4.0; ESPnet Apache-2.0; ParallelWaveGAN MIT,Offline text-only derivative of ksc2_v1 text ksc2_v1:transcript:f97655aef866876beefd8224750a84336ae20210e70b1aae85e09f87b2025c0f; Kazakh_TTS repository and published pretrained model artifacts CC-BY-4.0; ESPnet Apache-2.0; ParallelWaveGAN MIT; fixed published voice; no reference audio or voice cloning; language provenance is intended input text until full acoustic review; normalizer=stage_c_kazakhtts_text_v1,fresh_suite_v1_kazakhtts_tacotron2_pwg:synthetic-profile:issai_kazakhtts2_male2_tacotron2_pwg:ISSAI_KazakhTTS2_M2,ksc2_v1:transcript:f97655aef866876beefd8224750a84336ae20210e70b1aae85e09f87b2025c0f,f97655aef866876beefd8224750a84336ae20210e70b1aae85e09f87b2025c0f,8.289523809523809,tacotron2_parallelwavegan_fixed_voice_tts,ISSAI KazakhTTS2 Male2 Tacotron2 + ParallelWaveGAN,source-fc906048ff5914a3528d1ae4ed6f7ccd94d71383; acoustic-deb9cb49703b012d8f1406d15f4fa182b39ecb320bc4e2be5a557ac58766ea75; vocoder-fb415182fdf84dbe6a0bbca72e5ed9ed39009b622cf39e20ba630cb830594329,issai_kazakhtts2_male2_tacotron2_pwg:ISSAI_KazakhTTS2_M2,not_applicable:fixed_pretrained_tts_no_reference_audio,cuda,offline_text_only_tacotron2_parallelwavegan_tts,22050,wav,language_provenance=intended_input_text_only;text_normalizer=stage_c_kazakhtts_text_v1;synthesis_text_sha256=f97655aef866876beefd8224750a84336ae20210e70b1aae85e09f87b2025c0f,,2026-08-12T21:18:24+05:00
fresh_suite_v1_kazakhtts_tacotron2_pwg:f47310ab1bf82d41e9dc,raw/fresh_suite_v1_kazakhtts_tacotron2_pwg/slices/stage_c_normalized_v2/832af64f8756da2d4bb0-fc9b43d4789f.wav,a1094efb1da44598e688529b243e5bf175d3bcd53acd915f2b38373c237f2a3b,test,spoof,mixed,true,fresh_suite_v1_kazakhtts_tacotron2_pwg:fixed-profile:issai_kazakhtts2_male2_tacotron2_pwg:ISSAI_KazakhTTS2_M2,fresh_suite_v1_kazakhtts_tacotron2_pwg,FLEURS/KSC2 CC-BY-4.0; ISSAI Kazakh_TTS model CC-BY-4.0; ESPnet Apache-2.0; ParallelWaveGAN MIT,Offline text-only derivative of ksc2_v1 text ksc2_v1:transcript:fc9b43d4789f8548ec0aa8603a3e3294896f9c0debf266d3eba72c8b9d7a42ea; Kazakh_TTS repository and published pretrained model artifacts CC-BY-4.0; ESPnet Apache-2.0; ParallelWaveGAN MIT; fixed published voice; no reference audio or voice cloning; language provenance is intended input text until full acoustic review; normalizer=stage_c_kazakhtts_text_v1,fresh_suite_v1_kazakhtts_tacotron2_pwg:synthetic-profile:issai_kazakhtts2_male2_tacotron2_pwg:ISSAI_KazakhTTS2_M2,ksc2_v1:transcript:fc9b43d4789f8548ec0aa8603a3e3294896f9c0debf266d3eba72c8b9d7a42ea,fc9b43d4789f8548ec0aa8603a3e3294896f9c0debf266d3eba72c8b9d7a42ea,6.815056689342404,tacotron2_parallelwavegan_fixed_voice_tts,ISSAI KazakhTTS2 Male2 Tacotron2 + ParallelWaveGAN,source-fc906048ff5914a3528d1ae4ed6f7ccd94d71383; acoustic-deb9cb49703b012d8f1406d15f4fa182b39ecb320bc4e2be5a557ac58766ea75; vocoder-fb415182fdf84dbe6a0bbca72e5ed9ed39009b622cf39e20ba630cb830594329,issai_kazakhtts2_male2_tacotron2_pwg:ISSAI_KazakhTTS2_M2,not_applicable:fixed_pretrained_tts_no_reference_audio,cuda,offline_text_only_tacotron2_parallelwavegan_tts,22050,wav,language_provenance=intended_input_text_only;text_normalizer=stage_c_kazakhtts_text_v1;synthesis_text_sha256=fc9b43d4789f8548ec0aa8603a3e3294896f9c0debf266d3eba72c8b9d7a42ea,,2026-08-12T21:18:24+05:00
fresh_suite_v1_kazakhtts_tacotron2_pwg:80da0ab7ebb97bbf1da3,raw/fresh_suite_v1_kazakhtts_tacotron2_pwg/slices/stage_c_normalized_v2/f334c850a4b1bfa6e5ce-1cc2b444fca2.wav,c5245c85d20a3ef2f1e354e64e81151c9853f6f34d66b51f53ba3c07e3a488bc,test,spoof,mixed,true,fresh_suite_v1_kazakhtts_tacotron2_pwg:fixed-profile:issai_kazakhtts2_male2_tacotron2_pwg:ISSAI_KazakhTTS2_M2,fresh_suite_v1_kazakhtts_tacotron2_pwg,FLEURS/KSC2 CC-BY-4.0; ISSAI Kazakh_TTS model CC-BY-4.0; ESPnet Apache-2.0; ParallelWaveGAN MIT,Offline text-only derivative of ksc2_v1 text ksc2_v1:transcript:1cc2b444fca2388aa9bd9054284b06655fc0dbe79238cd2b6566522ec416faa8; Kazakh_TTS repository and published pretrained model artifacts CC-BY-4.0; ESPnet Apache-2.0; ParallelWaveGAN MIT; fixed published voice; no reference audio or voice cloning; language provenance is intended input text until full acoustic review; normalizer=stage_c_kazakhtts_text_v1,fresh_suite_v1_kazakhtts_tacotron2_pwg:synthetic-profile:issai_kazakhtts2_male2_tacotron2_pwg:ISSAI_KazakhTTS2_M2,ksc2_v1:transcript:1cc2b444fca2388aa9bd9054284b06655fc0dbe79238cd2b6566522ec416faa8,1cc2b444fca2388aa9bd9054284b06655fc0dbe79238cd2b6566522ec416faa8,7.441995464852607,tacotron2_parallelwavegan_fixed_voice_tts,ISSAI KazakhTTS2 Male2 Tacotron2 + ParallelWaveGAN,source-fc906048ff5914a3528d1ae4ed6f7ccd94d71383; acoustic-deb9cb49703b012d8f1406d15f4fa182b39ecb320bc4e2be5a557ac58766ea75; vocoder-fb415182fdf84dbe6a0bbca72e5ed9ed39009b622cf39e20ba630cb830594329,issai_kazakhtts2_male2_tacotron2_pwg:ISSAI_KazakhTTS2_M2,not_applicable:fixed_pretrained_tts_no_reference_audio,cuda,offline_text_only_tacotron2_parallelwavegan_tts,22050,wav,language_provenance=intended_input_text_only;text_normalizer=stage_c_kazakhtts_text_v1;synthesis_text_sha256=1cc2b444fca2388aa9bd9054284b06655fc0dbe79238cd2b6566522ec416faa8,,2026-08-12T21:18:24+05:00
fresh_suite_v1_kazakhtts_tacotron2_pwg:3b1b1bafddce9b50f827,raw/fresh_suite_v1_kazakhtts_tacotron2_pwg/slices/stage_c_normalized_v2/d2befcc68a8670944e23-b8625a8f3aee.wav,8f5d65a6808c20cd000c6c7e94a4bd93a038a9d337c408d7dbca259607e6193e,test,spoof,mixed,true,fresh_suite_v1_kazakhtts_tacotron2_pwg:fixed-profile:issai_kazakhtts2_male2_tacotron2_pwg:ISSAI_KazakhTTS2_M2,fresh_suite_v1_kazakhtts_tacotron2_pwg,FLEURS/KSC2 CC-BY-4.0; ISSAI Kazakh_TTS model CC-BY-4.0; ESPnet Apache-2.0; ParallelWaveGAN MIT,Offline text-only derivative of ksc2_v1 text ksc2_v1:transcript:b8625a8f3aee5e736ce40f17e428a6ddebb55b1e350c8fed6c10c4000e40f77d; Kazakh_TTS repository and published pretrained model artifacts CC-BY-4.0; ESPnet Apache-2.0; ParallelWaveGAN MIT; fixed published voice; no reference audio or voice cloning; language provenance is intended input text until full acoustic review; normalizer=stage_c_kazakhtts_text_v1,fresh_suite_v1_kazakhtts_tacotron2_pwg:synthetic-profile:issai_kazakhtts2_male2_tacotron2_pwg:ISSAI_KazakhTTS2_M2,ksc2_v1:transcript:b8625a8f3aee5e736ce40f17e428a6ddebb55b1e350c8fed6c10c4000e40f77d,b8625a8f3aee5e736ce40f17e428a6ddebb55b1e350c8fed6c10c4000e40f77d,5.131609977324263,tacotron2_parallelwavegan_fixed_voice_tts,ISSAI KazakhTTS2 Male2 Tacotron2 + ParallelWaveGAN,source-fc906048ff5914a3528d1ae4ed6f7ccd94d71383; acoustic-deb9cb49703b012d8f1406d15f4fa182b39ecb320bc4e2be5a557ac58766ea75; vocoder-fb415182fdf84dbe6a0bbca72e5ed9ed39009b622cf39e20ba630cb830594329,issai_kazakhtts2_male2_tacotron2_pwg:ISSAI_KazakhTTS2_M2,not_applicable:fixed_pretrained_tts_no_reference_audio,cuda,offline_text_only_tacotron2_parallelwavegan_tts,22050,wav,language_provenance=intended_input_text_only;text_normalizer=stage_c_kazakhtts_text_v1;synthesis_text_sha256=b8625a8f3aee5e736ce40f17e428a6ddebb55b1e350c8fed6c10c4000e40f77d,,2026-08-12T21:18:24+05:00
fresh_suite_v1_kazakhtts_tacotron2_pwg:f142decdb5423f42b38c,raw/fresh_suite_v1_kazakhtts_tacotron2_pwg/slices/stage_c_normalized_v2/28678bc18a881f5a5b1a-efa0216013ef.wav,b24e41ab53f31fc05647501e57dbab6a097120222f308a07f40e12440c717f1c,test,spoof,mixed,true,fresh_suite_v1_kazakhtts_tacotron2_pwg:fixed-profile:issai_kazakhtts2_male2_tacotron2_pwg:ISSAI_KazakhTTS2_M2,fresh_suite_v1_kazakhtts_tacotron2_pwg,FLEURS/KSC2 CC-BY-4.0; ISSAI Kazakh_TTS model CC-BY-4.0; ESPnet Apache-2.0; ParallelWaveGAN MIT,Offline text-only derivative of ksc2_v1 text ksc2_v1:transcript:efa0216013ef00ccbc19759904c49e2cba96fc1cbf1b93520e7610feaca84024; Kazakh_TTS repository and published pretrained model artifacts CC-BY-4.0; ESPnet Apache-2.0; ParallelWaveGAN MIT; fixed published voice; no reference audio or voice cloning; language provenance is intended input text until full acoustic review; normalizer=stage_c_kazakhtts_text_v1,fresh_suite_v1_kazakhtts_tacotron2_pwg:synthetic-profile:issai_kazakhtts2_male2_tacotron2_pwg:ISSAI_KazakhTTS2_M2,ksc2_v1:transcript:efa0216013ef00ccbc19759904c49e2cba96fc1cbf1b93520e7610feaca84024,efa0216013ef00ccbc19759904c49e2cba96fc1cbf1b93520e7610feaca84024,9.55501133786848,tacotron2_parallelwavegan_fixed_voice_tts,ISSAI KazakhTTS2 Male2 Tacotron2 + ParallelWaveGAN,source-fc906048ff5914a3528d1ae4ed6f7ccd94d71383; acoustic-deb9cb49703b012d8f1406d15f4fa182b39ecb320bc4e2be5a557ac58766ea75; vocoder-fb415182fdf84dbe6a0bbca72e5ed9ed39009b622cf39e20ba630cb830594329,issai_kazakhtts2_male2_tacotron2_pwg:ISSAI_KazakhTTS2_M2,not_applicable:fixed_pretrained_tts_no_reference_audio,cuda,offline_text_only_tacotron2_parallelwavegan_tts,22050,wav,language_provenance=intended_input_text_only;text_normalizer=stage_c_kazakhtts_text_v1;synthesis_text_sha256=efa0216013ef00ccbc19759904c49e2cba96fc1cbf1b93520e7610feaca84024,,2026-08-12T21:18:24+05:00
fresh_suite_v1_kazakhtts_tacotron2_pwg:8380ca2d19f7a6a03eaf,raw/fresh_suite_v1_kazakhtts_tacotron2_pwg/slices/stage_c_normalized_v2/93251dbb3467217e0eb6-174dfc4b18f6.wav,5f1b073b1e1d578745f4a4b429c90174890bc9a5b38010db9cb057c6d626debf,test,spoof,mixed,true,fresh_suite_v1_kazakhtts_tacotron2_pwg:fixed-profile:issai_kazakhtts2_male2_tacotron2_pwg:ISSAI_KazakhTTS2_M2,fresh_suite_v1_kazakhtts_tacotron2_pwg,FLEURS/KSC2 CC-BY-4.0; ISSAI Kazakh_TTS model CC-BY-4.0; ESPnet Apache-2.0; ParallelWaveGAN MIT,Offline text-only derivative of ksc2_v1 text ksc2_v1:transcript:174dfc4b18f62328db127d0070096815488d2371bf21a1c6189cf8410aa04ba6; Kazakh_TTS repository and published pretrained model artifacts CC-BY-4.0; ESPnet Apache-2.0; ParallelWaveGAN MIT; fixed published voice; no reference audio or voice cloning; language provenance is intended input text until full acoustic review; normalizer=stage_c_kazakhtts_text_v1,fresh_suite_v1_kazakhtts_tacotron2_pwg:synthetic-profile:issai_kazakhtts2_male2_tacotron2_pwg:ISSAI_KazakhTTS2_M2,ksc2_v1:transcript:174dfc4b18f62328db127d0070096815488d2371bf21a1c6189cf8410aa04ba6,174dfc4b18f62328db127d0070096815488d2371bf21a1c6189cf8410aa04ba6,7.90639455782313,tacotron2_parallelwavegan_fixed_voice_tts,ISSAI KazakhTTS2 Male2 Tacotron2 + ParallelWaveGAN,source-fc906048ff5914a3528d1ae4ed6f7ccd94d71383; acoustic-deb9cb49703b012d8f1406d15f4fa182b39ecb320bc4e2be5a557ac58766ea75; vocoder-fb415182fdf84dbe6a0bbca72e5ed9ed39009b622cf39e20ba630cb830594329,issai_kazakhtts2_male2_tacotron2_pwg:ISSAI_KazakhTTS2_M2,not_applicable:fixed_pretrained_tts_no_reference_audio,cuda,offline_text_only_tacotron2_parallelwavegan_tts,22050,wav,language_provenance=intended_input_text_only;text_normalizer=stage_c_kazakhtts_text_v1;synthesis_text_sha256=174dfc4b18f62328db127d0070096815488d2371bf21a1c6189cf8410aa04ba6,,2026-08-12T21:18:24+05:00
fresh_suite_v1_kazakhtts_tacotron2_pwg:4b29a453092f26188d9e,raw/fresh_suite_v1_kazakhtts_tacotron2_pwg/slices/stage_c_normalized_v2/deb8dd05b5e9c92ae734-ecfe941a98bd.wav,b44903c72fc078eabcc73de3463ffc146d1393c720d5a9a9df24157745e6f0c0,test,spoof,mixed,true,fresh_suite_v1_kazakhtts_tacotron2_pwg:fixed-profile:issai_kazakhtts2_male2_tacotron2_pwg:ISSAI_KazakhTTS2_M2,fresh_suite_v1_kazakhtts_tacotron2_pwg,FLEURS/KSC2 CC-BY-4.0; ISSAI Kazakh_TTS model CC-BY-4.0; ESPnet Apache-2.0; ParallelWaveGAN MIT,Offline text-only derivative of ksc2_v1 text ksc2_v1:transcript:ecfe941a98bd1b7c87ef5861aedcea917f83dfa6c9bebfd5a4a515f0c09fbc10; Kazakh_TTS repository and published pretrained model artifacts CC-BY-4.0; ESPnet Apache-2.0; ParallelWaveGAN MIT; fixed published voice; no reference audio or voice cloning; language provenance is intended input text until full acoustic review; normalizer=stage_c_kazakhtts_text_v1,fresh_suite_v1_kazakhtts_tacotron2_pwg:synthetic-profile:issai_kazakhtts2_male2_tacotron2_pwg:ISSAI_KazakhTTS2_M2,ksc2_v1:transcript:ecfe941a98bd1b7c87ef5861aedcea917f83dfa6c9bebfd5a4a515f0c09fbc10,ecfe941a98bd1b7c87ef5861aedcea917f83dfa6c9bebfd5a4a515f0c09fbc10,9.58984126984127,tacotron2_parallelwavegan_fixed_voice_tts,ISSAI KazakhTTS2 Male2 Tacotron2 + ParallelWaveGAN,source-fc906048ff5914a3528d1ae4ed6f7ccd94d71383; acoustic-deb9cb49703b012d8f1406d15f4fa182b39ecb320bc4e2be5a557ac58766ea75; vocoder-fb415182fdf84dbe6a0bbca72e5ed9ed39009b622cf39e20ba630cb830594329,issai_kazakhtts2_male2_tacotron2_pwg:ISSAI_KazakhTTS2_M2,not_applicable:fixed_pretrained_tts_no_reference_audio,cuda,offline_text_only_tacotron2_parallelwavegan_tts,22050,wav,language_provenance=intended_input_text_only;text_normalizer=stage_c_kazakhtts_text_v1;synthesis_text_sha256=ecfe941a98bd1b7c87ef5861aedcea917f83dfa6c9bebfd5a4a515f0c09fbc10,,2026-08-12T21:18:24+05:00
fresh_suite_v1_kazakhtts_tacotron2_pwg:3f88b00cb7121ee398ae,raw/fresh_suite_v1_kazakhtts_tacotron2_pwg/slices/stage_c_normalized_v2/c871b09c8bdf97228003-fd99ac9ae0db.wav,ebb875163733d7b4b6529aa2ae919b5a31751000aa523899ece49338b2810cf3,test,spoof,mixed,true,fresh_suite_v1_kazakhtts_tacotron2_pwg:fixed-profile:issai_kazakhtts2_male2_tacotron2_pwg:ISSAI_KazakhTTS2_M2,fresh_suite_v1_kazakhtts_tacotron2_pwg,FLEURS/KSC2 CC-BY-4.0; ISSAI Kazakh_TTS model CC-BY-4.0; ESPnet Apache-2.0; ParallelWaveGAN MIT,Offline text-only derivative of ksc2_v1 text ksc2_v1:transcript:fd99ac9ae0db7569276fce4a9517376fff83944180a6ab8021f97a8564c5b2ee; Kazakh_TTS repository and published pretrained model artifacts CC-BY-4.0; ESPnet Apache-2.0; ParallelWaveGAN MIT; fixed published voice; no reference audio or voice cloning; language provenance is intended input text until full acoustic review; normalizer=stage_c_kazakhtts_text_v1,fresh_suite_v1_kazakhtts_tacotron2_pwg:synthetic-profile:issai_kazakhtts2_male2_tacotron2_pwg:ISSAI_KazakhTTS2_M2,ksc2_v1:transcript:fd99ac9ae0db7569276fce4a9517376fff83944180a6ab8021f97a8564c5b2ee,fd99ac9ae0db7569276fce4a9517376fff83944180a6ab8021f97a8564c5b2ee,5.189659863945578,tacotron2_parallelwavegan_fixed_voice_tts,ISSAI KazakhTTS2 Male2 Tacotron2 + ParallelWaveGAN,source-fc906048ff5914a3528d1ae4ed6f7ccd94d71383; acoustic-deb9cb49703b012d8f1406d15f4fa182b39ecb320bc4e2be5a557ac58766ea75; vocoder-fb415182fdf84dbe6a0bbca72e5ed9ed39009b622cf39e20ba630cb830594329,issai_kazakhtts2_male2_tacotron2_pwg:ISSAI_KazakhTTS2_M2,not_applicable:fixed_pretrained_tts_no_reference_audio,cuda,offline_text_only_tacotron2_parallelwavegan_tts,22050,wav,language_provenance=intended_input_text_only;text_normalizer=stage_c_kazakhtts_text_v1;synthesis_text_sha256=fd99ac9ae0db7569276fce4a9517376fff83944180a6ab8021f97a8564c5b2ee,,2026-08-12T21:18:24+05:00
fresh_suite_v1_kazakhtts_tacotron2_pwg:18626faae957ffe503d0,raw/fresh_suite_v1_kazakhtts_tacotron2_pwg/slices/stage_c_normalized_v2/84bc12cb38a705ad2612-dc7efcdcec77.wav,d59266c181a11e324f3bb065d9c66625d770f5f656f79a75c9c6a894c4b677ab,test,spoof,mixed,true,fresh_suite_v1_kazakhtts_tacotron2_pwg:fixed-profile:issai_kazakhtts2_male2_tacotron2_pwg:ISSAI_KazakhTTS2_M2,fresh_suite_v1_kazakhtts_tacotron2_pwg,FLEURS/KSC2 CC-BY-4.0; ISSAI Kazakh_TTS model CC-BY-4.0; ESPnet Apache-2.0; ParallelWaveGAN MIT,Offline text-only derivative of ksc2_v1 text ksc2_v1:transcript:dc7efcdcec77a27e42dacfbf56e652c7100eaa567dfecab6478ad982ce0c1e1c; Kazakh_TTS repository and published pretrained model artifacts CC-BY-4.0; ESPnet Apache-2.0; ParallelWaveGAN MIT; fixed published voice; no reference audio or voice cloning; language provenance is intended input text until full acoustic review; normalizer=stage_c_kazakhtts_text_v1,fresh_suite_v1_kazakhtts_tacotron2_pwg:synthetic-profile:issai_kazakhtts2_male2_tacotron2_pwg:ISSAI_KazakhTTS2_M2,ksc2_v1:transcript:dc7efcdcec77a27e42dacfbf56e652c7100eaa567dfecab6478ad982ce0c1e1c,dc7efcdcec77a27e42dacfbf56e652c7100eaa567dfecab6478ad982ce0c1e1c,6.501587301587302,tacotron2_parallelwavegan_fixed_voice_tts,ISSAI KazakhTTS2 Male2 Tacotron2 + ParallelWaveGAN,source-fc906048ff5914a3528d1ae4ed6f7ccd94d71383; acoustic-deb9cb49703b012d8f1406d15f4fa182b39ecb320bc4e2be5a557ac58766ea75; vocoder-fb415182fdf84dbe6a0bbca72e5ed9ed39009b622cf39e20ba630cb830594329,issai_kazakhtts2_male2_tacotron2_pwg:ISSAI_KazakhTTS2_M2,not_applicable:fixed_pretrained_tts_no_reference_audio,cuda,offline_text_only_tacotron2_parallelwavegan_tts,22050,wav,language_provenance=intended_input_text_only;text_normalizer=stage_c_kazakhtts_text_v1;synthesis_text_sha256=dc7efcdcec77a27e42dacfbf56e652c7100eaa567dfecab6478ad982ce0c1e1c,,2026-08-12T21:18:24+05:00
fresh_suite_v1_kazakhtts_tacotron2_pwg:9298a16e3c77fa90dedc,raw/fresh_suite_v1_kazakhtts_tacotron2_pwg/slices/stage_c_normalized_v2/bdb0fc12de1238ad667f-95aa8617a100.wav,ac5d026064f7769c6126e6cc323e5df701fb213f1061649e590042729ecaad21,test,spoof,mixed,true,fresh_suite_v1_kazakhtts_tacotron2_pwg:fixed-profile:issai_kazakhtts2_male2_tacotron2_pwg:ISSAI_KazakhTTS2_M2,fresh_suite_v1_kazakhtts_tacotron2_pwg,FLEURS/KSC2 CC-BY-4.0; ISSAI Kazakh_TTS model CC-BY-4.0; ESPnet Apache-2.0; ParallelWaveGAN MIT,Offline text-only derivative of ksc2_v1 text ksc2_v1:transcript:95aa8617a100dc3e1855e75737cd788da4bafe01a5574011ebe9ef47e7a1c6a8; Kazakh_TTS repository and published pretrained model artifacts CC-BY-4.0; ESPnet Apache-2.0; ParallelWaveGAN MIT; fixed published voice; no reference audio or voice cloning; language provenance is intended input text until full acoustic review; normalizer=stage_c_kazakhtts_text_v1,fresh_suite_v1_kazakhtts_tacotron2_pwg:synthetic-profile:issai_kazakhtts2_male2_tacotron2_pwg:ISSAI_KazakhTTS2_M2,ksc2_v1:transcript:95aa8617a100dc3e1855e75737cd788da4bafe01a5574011ebe9ef47e7a1c6a8,95aa8617a100dc3e1855e75737cd788da4bafe01a5574011ebe9ef47e7a1c6a8,8.370793650793651,tacotron2_parallelwavegan_fixed_voice_tts,ISSAI KazakhTTS2 Male2 Tacotron2 + ParallelWaveGAN,source-fc906048ff5914a3528d1ae4ed6f7ccd94d71383; acoustic-deb9cb49703b012d8f1406d15f4fa182b39ecb320bc4e2be5a557ac58766ea75; vocoder-fb415182fdf84dbe6a0bbca72e5ed9ed39009b622cf39e20ba630cb830594329,issai_kazakhtts2_male2_tacotron2_pwg:ISSAI_KazakhTTS2_M2,not_applicable:fixed_pretrained_tts_no_reference_audio,cuda,offline_text_only_tacotron2_parallelwavegan_tts,22050,wav,language_provenance=intended_input_text_only;text_normalizer=stage_c_kazakhtts_text_v1;synthesis_text_sha256=95aa8617a100dc3e1855e75737cd788da4bafe01a5574011ebe9ef47e7a1c6a8,,2026-08-12T21:18:24+05:00
fresh_suite_v1_kazakhtts_tacotron2_pwg:44a046b57022ebcaa459,raw/fresh_suite_v1_kazakhtts_tacotron2_pwg/slices/stage_c_normalized_v2/272a1fbaa35713c8d4b0-4d1dfbeccd85.wav,30c52aeeaf30925d15753988d28700c25a2f82f92257766ecfde28a9089e7911,test,spoof,mixed,true,fresh_suite_v1_kazakhtts_tacotron2_pwg:fixed-profile:issai_kazakhtts2_male2_tacotron2_pwg:ISSAI_KazakhTTS2_M2,fresh_suite_v1_kazakhtts_tacotron2_pwg,FLEURS/KSC2 CC-BY-4.0; ISSAI Kazakh_TTS model CC-BY-4.0; ESPnet Apache-2.0; ParallelWaveGAN MIT,Offline text-only derivative of ksc2_v1 text ksc2_v1:transcript:4d1dfbeccd8512679397610ec696f19644a438fde7c309b9662c99e91e863e9d; Kazakh_TTS repository and published pretrained model artifacts CC-BY-4.0; ESPnet Apache-2.0; ParallelWaveGAN MIT; fixed published voice; no reference audio or voice cloning; language provenance is intended input text until full acoustic review; normalizer=stage_c_kazakhtts_text_v1,fresh_suite_v1_kazakhtts_tacotron2_pwg:synthetic-profile:issai_kazakhtts2_male2_tacotron2_pwg:ISSAI_KazakhTTS2_M2,ksc2_v1:transcript:4d1dfbeccd8512679397610ec696f19644a438fde7c309b9662c99e91e863e9d,4d1dfbeccd8512679397610ec696f19644a438fde7c309b9662c99e91e863e9d,5.572789115646258,tacotron2_parallelwavegan_fixed_voice_tts,ISSAI KazakhTTS2 Male2 Tacotron2 + ParallelWaveGAN,source-fc906048ff5914a3528d1ae4ed6f7ccd94d71383; acoustic-deb9cb49703b012d8f1406d15f4fa182b39ecb320bc4e2be5a557ac58766ea75; vocoder-fb415182fdf84dbe6a0bbca72e5ed9ed39009b622cf39e20ba630cb830594329,issai_kazakhtts2_male2_tacotron2_pwg:ISSAI_KazakhTTS2_M2,not_applicable:fixed_pretrained_tts_no_reference_audio,cuda,offline_text_only_tacotron2_parallelwavegan_tts,22050,wav,language_provenance=intended_input_text_only;text_normalizer=stage_c_kazakhtts_text_v1;synthesis_text_sha256=4d1dfbeccd8512679397610ec696f19644a438fde7c309b9662c99e91e863e9d,,2026-08-12T21:18:24+05:00
fresh_suite_v1_kazakhtts_tacotron2_pwg:1c4a121f39b22357cf65,raw/fresh_suite_v1_kazakhtts_tacotron2_pwg/slices/stage_c_normalized_v2/f16ffe2567fede41012d-d701d0d6ed89.wav,30c19b36c329722f241febddaf4d070c9fe14b56301092c59855f18f08228df5,test,spoof,mixed,true,fresh_suite_v1_kazakhtts_tacotron2_pwg:fixed-profile:issai_kazakhtts2_male2_tacotron2_pwg:ISSAI_KazakhTTS2_M2,fresh_suite_v1_kazakhtts_tacotron2_pwg,FLEURS/KSC2 CC-BY-4.0; ISSAI Kazakh_TTS model CC-BY-4.0; ESPnet Apache-2.0; ParallelWaveGAN MIT,Offline text-only derivative of ksc2_v1 text ksc2_v1:transcript:d701d0d6ed89bf4d9adc756a61ae7ccaed56a3d6c6425589b2638477b93525ca; Kazakh_TTS repository and published pretrained model artifacts CC-BY-4.0; ESPnet Apache-2.0; ParallelWaveGAN MIT; fixed published voice; no reference audio or voice cloning; language provenance is intended input text until full acoustic review; normalizer=stage_c_kazakhtts_text_v1,fresh_suite_v1_kazakhtts_tacotron2_pwg:synthetic-profile:issai_kazakhtts2_male2_tacotron2_pwg:ISSAI_KazakhTTS2_M2,ksc2_v1:transcript:d701d0d6ed89bf4d9adc756a61ae7ccaed56a3d6c6425589b2638477b93525ca,d701d0d6ed89bf4d9adc756a61ae7ccaed56a3d6c6425589b2638477b93525ca,8.417233560090702,tacotron2_parallelwavegan_fixed_voice_tts,ISSAI KazakhTTS2 Male2 Tacotron2 + ParallelWaveGAN,source-fc906048ff5914a3528d1ae4ed6f7ccd94d71383; acoustic-deb9cb49703b012d8f1406d15f4fa182b39ecb320bc4e2be5a557ac58766ea75; vocoder-fb415182fdf84dbe6a0bbca72e5ed9ed39009b622cf39e20ba630cb830594329,issai_kazakhtts2_male2_tacotron2_pwg:ISSAI_KazakhTTS2_M2,not_applicable:fixed_pretrained_tts_no_reference_audio,cuda,offline_text_only_tacotron2_parallelwavegan_tts,22050,wav,language_provenance=intended_input_text_only;text_normalizer=stage_c_kazakhtts_text_v1;synthesis_text_sha256=d701d0d6ed89bf4d9adc756a61ae7ccaed56a3d6c6425589b2638477b93525ca,,2026-08-12T21:18:24+05:00
fresh_suite_v1_kazakhtts_tacotron2_pwg:9ab028029dc5f2ff0b1c,raw/fresh_suite_v1_kazakhtts_tacotron2_pwg/slices/stage_c_normalized_v2/8792df69e8e103970890-0d92eb062819.wav,b5f5185bc6db23b13775e28f80888c345a86105232f57dc4cb1099b4c0b07e50,test,spoof,mixed,true,fresh_suite_v1_kazakhtts_tacotron2_pwg:fixed-profile:issai_kazakhtts2_male2_tacotron2_pwg:ISSAI_KazakhTTS2_M2,fresh_suite_v1_kazakhtts_tacotron2_pwg,FLEURS/KSC2 CC-BY-4.0; ISSAI Kazakh_TTS model CC-BY-4.0; ESPnet Apache-2.0; ParallelWaveGAN MIT,Offline text-only derivative of ksc2_v1 text ksc2_v1:transcript:0d92eb062819ef7d32610599f9a45f0ff228ffd2039f30f89ea2dc2e3460a2b9; Kazakh_TTS repository and published pretrained model artifacts CC-BY-4.0; ESPnet Apache-2.0; ParallelWaveGAN MIT; fixed published voice; no reference audio or voice cloning; language provenance is intended input text until full acoustic review; normalizer=stage_c_kazakhtts_text_v1,fresh_suite_v1_kazakhtts_tacotron2_pwg:synthetic-profile:issai_kazakhtts2_male2_tacotron2_pwg:ISSAI_KazakhTTS2_M2,ksc2_v1:transcript:0d92eb062819ef7d32610599f9a45f0ff228ffd2039f30f89ea2dc2e3460a2b9,0d92eb062819ef7d32610599f9a45f0ff228ffd2039f30f89ea2dc2e3460a2b9,3.599092970521542,tacotron2_parallelwavegan_fixed_voice_tts,ISSAI KazakhTTS2 Male2 Tacotron2 + ParallelWaveGAN,source-fc906048ff5914a3528d1ae4ed6f7ccd94d71383; acoustic-deb9cb49703b012d8f1406d15f4fa182b39ecb320bc4e2be5a557ac58766ea75; vocoder-fb415182fdf84dbe6a0bbca72e5ed9ed39009b622cf39e20ba630cb830594329,issai_kazakhtts2_male2_tacotron2_pwg:ISSAI_KazakhTTS2_M2,not_applicable:fixed_pretrained_tts_no_reference_audio,cuda,offline_text_only_tacotron2_parallelwavegan_tts,22050,wav,language_provenance=intended_input_text_only;text_normalizer=stage_c_kazakhtts_text_v1;synthesis_text_sha256=0d92eb062819ef7d32610599f9a45f0ff228ffd2039f30f89ea2dc2e3460a2b9,,2026-08-12T21:18:24+05:00
fresh_suite_v1_kazakhtts_tacotron2_pwg:bac7a372af61b6fee31c,raw/fresh_suite_v1_kazakhtts_tacotron2_pwg/slices/stage_c_normalized_v2/d482163509cef78d50d8-82e8da14409b.wav,66e7577e31af0e6852d795436374f09b4dc2090e36dc132a87467adc0ae0665f,test,spoof,mixed,true,fresh_suite_v1_kazakhtts_tacotron2_pwg:fixed-profile:issai_kazakhtts2_male2_tacotron2_pwg:ISSAI_KazakhTTS2_M2,fresh_suite_v1_kazakhtts_tacotron2_pwg,FLEURS/KSC2 CC-BY-4.0; ISSAI Kazakh_TTS model CC-BY-4.0; ESPnet Apache-2.0; ParallelWaveGAN MIT,Offline text-only derivative of ksc2_v1 text ksc2_v1:transcript:82e8da14409bed353625855a1fdf6b7bb7cd13cf252b82c21486e260236ae79f; Kazakh_TTS repository and published pretrained model artifacts CC-BY-4.0; ESPnet Apache-2.0; ParallelWaveGAN MIT; fixed published voice; no reference audio or voice cloning; language provenance is intended input text until full acoustic review; normalizer=stage_c_kazakhtts_text_v1,fresh_suite_v1_kazakhtts_tacotron2_pwg:synthetic-profile:issai_kazakhtts2_male2_tacotron2_pwg:ISSAI_KazakhTTS2_M2,ksc2_v1:transcript:82e8da14409bed353625855a1fdf6b7bb7cd13cf252b82c21486e260236ae79f,82e8da14409bed353625855a1fdf6b7bb7cd13cf252b82c21486e260236ae79f,12.120816326530612,tacotron2_parallelwavegan_fixed_voice_tts,ISSAI KazakhTTS2 Male2 Tacotron2 + ParallelWaveGAN,source-fc906048ff5914a3528d1ae4ed6f7ccd94d71383; acoustic-deb9cb49703b012d8f1406d15f4fa182b39ecb320bc4e2be5a557ac58766ea75; vocoder-fb415182fdf84dbe6a0bbca72e5ed9ed39009b622cf39e20ba630cb830594329,issai_kazakhtts2_male2_tacotron2_pwg:ISSAI_KazakhTTS2_M2,not_applicable:fixed_pretrained_tts_no_reference_audio,cuda,offline_text_only_tacotron2_parallelwavegan_tts,22050,wav,language_provenance=intended_input_text_only;text_normalizer=stage_c_kazakhtts_text_v1;synthesis_text_sha256=82e8da14409bed353625855a1fdf6b7bb7cd13cf252b82c21486e260236ae79f,,2026-08-12T21:18:24+05:00
fresh_suite_v1_kazakhtts_tacotron2_pwg:4f094ba04266fc393dc4,raw/fresh_suite_v1_kazakhtts_tacotron2_pwg/slices/stage_c_normalized_v2/ee32fdf658032108b9f4-ad218bbbc342.wav,f3ff3587c00bb6d7ff8a81a7d21842fd9627d01db4372931e165f14185c059f9,test,spoof,mixed,true,fresh_suite_v1_kazakhtts_tacotron2_pwg:fixed-profile:issai_kazakhtts2_male2_tacotron2_pwg:ISSAI_KazakhTTS2_M2,fresh_suite_v1_kazakhtts_tacotron2_pwg,FLEURS/KSC2 CC-BY-4.0; ISSAI Kazakh_TTS model CC-BY-4.0; ESPnet Apache-2.0; ParallelWaveGAN MIT,Offline text-only derivative of ksc2_v1 text ksc2_v1:transcript:ad218bbbc342b307dfadc89a59a7f9b33502185e8761afc8e3698bd9c42d26b4; Kazakh_TTS repository and published pretrained model artifacts CC-BY-4.0; ESPnet Apache-2.0; ParallelWaveGAN MIT; fixed published voice; no reference audio or voice cloning; language provenance is intended input text until full acoustic review; normalizer=stage_c_kazakhtts_text_v1,fresh_suite_v1_kazakhtts_tacotron2_pwg:synthetic-profile:issai_kazakhtts2_male2_tacotron2_pwg:ISSAI_KazakhTTS2_M2,ksc2_v1:transcript:ad218bbbc342b307dfadc89a59a7f9b33502185e8761afc8e3698bd9c42d26b4,ad218bbbc342b307dfadc89a59a7f9b33502185e8761afc8e3698bd9c42d26b4,3.982222222222222,tacotron2_parallelwavegan_fixed_voice_tts,ISSAI KazakhTTS2 Male2 Tacotron2 + ParallelWaveGAN,source-fc906048ff5914a3528d1ae4ed6f7ccd94d71383; acoustic-deb9cb49703b012d8f1406d15f4fa182b39ecb320bc4e2be5a557ac58766ea75; vocoder-fb415182fdf84dbe6a0bbca72e5ed9ed39009b622cf39e20ba630cb830594329,issai_kazakhtts2_male2_tacotron2_pwg:ISSAI_KazakhTTS2_M2,not_applicable:fixed_pretrained_tts_no_reference_audio,cuda,offline_text_only_tacotron2_parallelwavegan_tts,22050,wav,language_provenance=intended_input_text_only;text_normalizer=stage_c_kazakhtts_text_v1;synthesis_text_sha256=ad218bbbc342b307dfadc89a59a7f9b33502185e8761afc8e3698bd9c42d26b4,,2026-08-12T21:18:24+05:00
fresh_suite_v1_kazakhtts_tacotron2_pwg:5eea9b14794336357773,raw/fresh_suite_v1_kazakhtts_tacotron2_pwg/slices/stage_c_normalized_v2/9901c0b30fe59a210a86-f5aa710345f9.wav,b396c7001835c8beed3362c37347c6dcc35eb06ec0e23028d154508dfab9c534,test,spoof,mixed,true,fresh_suite_v1_kazakhtts_tacotron2_pwg:fixed-profile:issai_kazakhtts2_male2_tacotron2_pwg:ISSAI_KazakhTTS2_M2,fresh_suite_v1_kazakhtts_tacotron2_pwg,FLEURS/KSC2 CC-BY-4.0; ISSAI Kazakh_TTS model CC-BY-4.0; ESPnet Apache-2.0; ParallelWaveGAN MIT,Offline text-only derivative of ksc2_v1 text ksc2_v1:transcript:f5aa710345f944337c612a14fd0d63ea0d9bded9337b2fea4de78f9913c529a1; Kazakh_TTS repository and published pretrained model artifacts CC-BY-4.0; ESPnet Apache-2.0; ParallelWaveGAN MIT; fixed published voice; no reference audio or voice cloning; language provenance is intended input text until full acoustic review; normalizer=stage_c_kazakhtts_text_v1,fresh_suite_v1_kazakhtts_tacotron2_pwg:synthetic-profile:issai_kazakhtts2_male2_tacotron2_pwg:ISSAI_KazakhTTS2_M2,ksc2_v1:transcript:f5aa710345f944337c612a14fd0d63ea0d9bded9337b2fea4de78f9913c529a1,f5aa710345f944337c612a14fd0d63ea0d9bded9337b2fea4de78f9913c529a1,3.076643990929705,tacotron2_parallelwavegan_fixed_voice_tts,ISSAI KazakhTTS2 Male2 Tacotron2 + ParallelWaveGAN,source-fc906048ff5914a3528d1ae4ed6f7ccd94d71383; acoustic-deb9cb49703b012d8f1406d15f4fa182b39ecb320bc4e2be5a557ac58766ea75; vocoder-fb415182fdf84dbe6a0bbca72e5ed9ed39009b622cf39e20ba630cb830594329,issai_kazakhtts2_male2_tacotron2_pwg:ISSAI_KazakhTTS2_M2,not_applicable:fixed_pretrained_tts_no_reference_audio,cuda,offline_text_only_tacotron2_parallelwavegan_tts,22050,wav,language_provenance=intended_input_text_only;text_normalizer=stage_c_kazakhtts_text_v1;synthesis_text_sha256=f5aa710345f944337c612a14fd0d63ea0d9bded9337b2fea4de78f9913c529a1,,2026-08-12T21:18:24+05:00
fresh_suite_v1_kazakhtts_tacotron2_pwg:80eebc8b80fbe38e5070,raw/fresh_suite_v1_kazakhtts_tacotron2_pwg/slices/stage_c_normalized_v2/8ab67fadf14fdae05e97-7adde3764bbe.wav,0e85be3058ab5c581827add9dbee862595683362aa32598519d9fe50798d1351,test,spoof,mixed,true,fresh_suite_v1_kazakhtts_tacotron2_pwg:fixed-profile:issai_kazakhtts2_male2_tacotron2_pwg:ISSAI_KazakhTTS2_M2,fresh_suite_v1_kazakhtts_tacotron2_pwg,FLEURS/KSC2 CC-BY-4.0; ISSAI Kazakh_TTS model CC-BY-4.0; ESPnet Apache-2.0; ParallelWaveGAN MIT,Offline text-only derivative of ksc2_v1 text ksc2_v1:transcript:7adde3764bbe7a6389f2e5773683fc7a64c0cc7f01b9f8174f3f3b8c1d2642f0; Kazakh_TTS repository and published pretrained model artifacts CC-BY-4.0; ESPnet Apache-2.0; ParallelWaveGAN MIT; fixed published voice; no reference audio or voice cloning; language provenance is intended input text until full acoustic review; normalizer=stage_c_kazakhtts_text_v1,fresh_suite_v1_kazakhtts_tacotron2_pwg:synthetic-profile:issai_kazakhtts2_male2_tacotron2_pwg:ISSAI_KazakhTTS2_M2,ksc2_v1:transcript:7adde3764bbe7a6389f2e5773683fc7a64c0cc7f01b9f8174f3f3b8c1d2642f0,7adde3764bbe7a6389f2e5773683fc7a64c0cc7f01b9f8174f3f3b8c1d2642f0,3.215963718820862,tacotron2_parallelwavegan_fixed_voice_tts,ISSAI KazakhTTS2 Male2 Tacotron2 + ParallelWaveGAN,source-fc906048ff5914a3528d1ae4ed6f7ccd94d71383; acoustic-deb9cb49703b012d8f1406d15f4fa182b39ecb320bc4e2be5a557ac58766ea75; vocoder-fb415182fdf84dbe6a0bbca72e5ed9ed39009b622cf39e20ba630cb830594329,issai_kazakhtts2_male2_tacotron2_pwg:ISSAI_KazakhTTS2_M2,not_applicable:fixed_pretrained_tts_no_reference_audio,cuda,offline_text_only_tacotron2_parallelwavegan_tts,22050,wav,language_provenance=intended_input_text_only;text_normalizer=stage_c_kazakhtts_text_v1;synthesis_text_sha256=7adde3764bbe7a6389f2e5773683fc7a64c0cc7f01b9f8174f3f3b8c1d2642f0,,2026-08-12T21:18:24+05:00
fresh_suite_v1_kazakhtts_tacotron2_pwg:0fcff36cb125ce966c2b,raw/fresh_suite_v1_kazakhtts_tacotron2_pwg/slices/stage_c_normalized_v2/5fdaf351a1e93c12bf58-baea597399fa.wav,db6ca9b1f91cd98f40738790cbbe66248a0c9a2112e66c723fe8568c56968737,test,spoof,mixed,true,fresh_suite_v1_kazakhtts_tacotron2_pwg:fixed-profile:issai_kazakhtts2_male2_tacotron2_pwg:ISSAI_KazakhTTS2_M2,fresh_suite_v1_kazakhtts_tacotron2_pwg,FLEURS/KSC2 CC-BY-4.0; ISSAI Kazakh_TTS model CC-BY-4.0; ESPnet Apache-2.0; ParallelWaveGAN MIT,Offline text-only derivative of ksc2_v1 text ksc2_v1:transcript:baea597399fae12c315ed842624adac46c98b245f968e9ee76a9659cd9b81584; Kazakh_TTS repository and published pretrained model artifacts CC-BY-4.0; ESPnet Apache-2.0; ParallelWaveGAN MIT; fixed published voice; no reference audio or voice cloning; language provenance is intended input text until full acoustic review; normalizer=stage_c_kazakhtts_text_v1,fresh_suite_v1_kazakhtts_tacotron2_pwg:synthetic-profile:issai_kazakhtts2_male2_tacotron2_pwg:ISSAI_KazakhTTS2_M2,ksc2_v1:transcript:baea597399fae12c315ed842624adac46c98b245f968e9ee76a9659cd9b81584,baea597399fae12c315ed842624adac46c98b245f968e9ee76a9659cd9b81584,7.349115646258503,tacotron2_parallelwavegan_fixed_voice_tts,ISSAI KazakhTTS2 Male2 Tacotron2 + ParallelWaveGAN,source-fc906048ff5914a3528d1ae4ed6f7ccd94d71383; acoustic-deb9cb49703b012d8f1406d15f4fa182b39ecb320bc4e2be5a557ac58766ea75; vocoder-fb415182fdf84dbe6a0bbca72e5ed9ed39009b622cf39e20ba630cb830594329,issai_kazakhtts2_male2_tacotron2_pwg:ISSAI_KazakhTTS2_M2,not_applicable:fixed_pretrained_tts_no_reference_audio,cuda,offline_text_only_tacotron2_parallelwavegan_tts,22050,wav,language_provenance=intended_input_text_only;text_normalizer=stage_c_kazakhtts_text_v1;synthesis_text_sha256=baea597399fae12c315ed842624adac46c98b245f968e9ee76a9659cd9b81584,,2026-08-12T21:18:24+05:00
fresh_suite_v1_kazakhtts_tacotron2_pwg:cf92db539187bdcefeeb,raw/fresh_suite_v1_kazakhtts_tacotron2_pwg/slices/stage_c_normalized_v2/e18b0b1fd49d0fed6370-4e5d9adf96f3.wav,b8932dfa157add1232abcc53b3f6ecaacdb68b1973f47dc134d52f0dfa364264,test,spoof,mixed,true,fresh_suite_v1_kazakhtts_tacotron2_pwg:fixed-profile:issai_kazakhtts2_male2_tacotron2_pwg:ISSAI_KazakhTTS2_M2,fresh_suite_v1_kazakhtts_tacotron2_pwg,FLEURS/KSC2 CC-BY-4.0; ISSAI Kazakh_TTS model CC-BY-4.0; ESPnet Apache-2.0; ParallelWaveGAN MIT,Offline text-only derivative of ksc2_v1 text ksc2_v1:transcript:4e5d9adf96f392e47044d3f4c29dbf5aa7bc71037954bb58c1349c18d2b72564; Kazakh_TTS repository and published pretrained model artifacts CC-BY-4.0; ESPnet Apache-2.0; ParallelWaveGAN MIT; fixed published voice; no reference audio or voice cloning; language provenance is intended input text until full acoustic review; normalizer=stage_c_kazakhtts_text_v1,fresh_suite_v1_kazakhtts_tacotron2_pwg:synthetic-profile:issai_kazakhtts2_male2_tacotron2_pwg:ISSAI_KazakhTTS2_M2,ksc2_v1:transcript:4e5d9adf96f392e47044d3f4c29dbf5aa7bc71037954bb58c1349c18d2b72564,4e5d9adf96f392e47044d3f4c29dbf5aa7bc71037954bb58c1349c18d2b72564,4.597551020408163,tacotron2_parallelwavegan_fixed_voice_tts,ISSAI KazakhTTS2 Male2 Tacotron2 + ParallelWaveGAN,source-fc906048ff5914a3528d1ae4ed6f7ccd94d71383; acoustic-deb9cb49703b012d8f1406d15f4fa182b39ecb320bc4e2be5a557ac58766ea75; vocoder-fb415182fdf84dbe6a0bbca72e5ed9ed39009b622cf39e20ba630cb830594329,issai_kazakhtts2_male2_tacotron2_pwg:ISSAI_KazakhTTS2_M2,not_applicable:fixed_pretrained_tts_no_reference_audio,cuda,offline_text_only_tacotron2_parallelwavegan_tts,22050,wav,language_provenance=intended_input_text_only;text_normalizer=stage_c_kazakhtts_text_v1;synthesis_text_sha256=4e5d9adf96f392e47044d3f4c29dbf5aa7bc71037954bb58c1349c18d2b72564,,2026-08-12T21:18:24+05:00
fresh_suite_v1_kazakhtts_tacotron2_pwg:8798b4e16ef16690be56,raw/fresh_suite_v1_kazakhtts_tacotron2_pwg/slices/stage_c_normalized_v2/0b3f63139d30a3e5a4ab-9534ba2dd4da.wav,265f1526ec1b44196a449b81f719ca843f33bf0ceb862cdb58a7e6b109213238,test,spoof,mixed,true,fresh_suite_v1_kazakhtts_tacotron2_pwg:fixed-profile:issai_kazakhtts2_male2_tacotron2_pwg:ISSAI_KazakhTTS2_M2,fresh_suite_v1_kazakhtts_tacotron2_pwg,FLEURS/KSC2 CC-BY-4.0; ISSAI Kazakh_TTS model CC-BY-4.0; ESPnet Apache-2.0; ParallelWaveGAN MIT,Offline text-only derivative of ksc2_v1 text ksc2_v1:transcript:9534ba2dd4da9e9b6f3e8fbf511847e15094caebe5a08cf4952254bbce0664d1; Kazakh_TTS repository and published pretrained model artifacts CC-BY-4.0; ESPnet Apache-2.0; ParallelWaveGAN MIT; fixed published voice; no reference audio or voice cloning; language provenance is intended input text until full acoustic review; normalizer=stage_c_kazakhtts_text_v1,fresh_suite_v1_kazakhtts_tacotron2_pwg:synthetic-profile:issai_kazakhtts2_male2_tacotron2_pwg:ISSAI_KazakhTTS2_M2,ksc2_v1:transcript:9534ba2dd4da9e9b6f3e8fbf511847e15094caebe5a08cf4952254bbce0664d1,9534ba2dd4da9e9b6f3e8fbf511847e15094caebe5a08cf4952254bbce0664d1,6.582857142857143,tacotron2_parallelwavegan_fixed_voice_tts,ISSAI KazakhTTS2 Male2 Tacotron2 + ParallelWaveGAN,source-fc906048ff5914a3528d1ae4ed6f7ccd94d71383; acoustic-deb9cb49703b012d8f1406d15f4fa182b39ecb320bc4e2be5a557ac58766ea75; vocoder-fb415182fdf84dbe6a0bbca72e5ed9ed39009b622cf39e20ba630cb830594329,issai_kazakhtts2_male2_tacotron2_pwg:ISSAI_KazakhTTS2_M2,not_applicable:fixed_pretrained_tts_no_reference_audio,cuda,offline_text_only_tacotron2_parallelwavegan_tts,22050,wav,language_provenance=intended_input_text_only;text_normalizer=stage_c_kazakhtts_text_v1;synthesis_text_sha256=9534ba2dd4da9e9b6f3e8fbf511847e15094caebe5a08cf4952254bbce0664d1,,2026-08-12T21:18:24+05:00
fresh_suite_v1_kazakhtts_tacotron2_pwg:ebebfbf21fda4ea2f033,raw/fresh_suite_v1_kazakhtts_tacotron2_pwg/slices/stage_c_normalized_v2/c9835f1a85156f39a0f7-0ccba8dcca32.wav,60d44a75dcbb471d6a8295bc865ada4f072199f4eb0661a8b199a9cac7e17259,test,spoof,mixed,true,fresh_suite_v1_kazakhtts_tacotron2_pwg:fixed-profile:issai_kazakhtts2_male2_tacotron2_pwg:ISSAI_KazakhTTS2_M2,fresh_suite_v1_kazakhtts_tacotron2_pwg,FLEURS/KSC2 CC-BY-4.0; ISSAI Kazakh_TTS model CC-BY-4.0; ESPnet Apache-2.0; ParallelWaveGAN MIT,Offline text-only derivative of ksc2_v1 text ksc2_v1:transcript:0ccba8dcca322766163515d34814a42cba2aecbbd76d4b87cc48f74717fc1ca0; Kazakh_TTS repository and published pretrained model artifacts CC-BY-4.0; ESPnet Apache-2.0; ParallelWaveGAN MIT; fixed published voice; no reference audio or voice cloning; language provenance is intended input text until full acoustic review; normalizer=stage_c_kazakhtts_text_v1,fresh_suite_v1_kazakhtts_tacotron2_pwg:synthetic-profile:issai_kazakhtts2_male2_tacotron2_pwg:ISSAI_KazakhTTS2_M2,ksc2_v1:transcript:0ccba8dcca322766163515d34814a42cba2aecbbd76d4b87cc48f74717fc1ca0,0ccba8dcca322766163515d34814a42cba2aecbbd76d4b87cc48f74717fc1ca0,8.951292517006802,tacotron2_parallelwavegan_fixed_voice_tts,ISSAI KazakhTTS2 Male2 Tacotron2 + ParallelWaveGAN,source-fc906048ff5914a3528d1ae4ed6f7ccd94d71383; acoustic-deb9cb49703b012d8f1406d15f4fa182b39ecb320bc4e2be5a557ac58766ea75; vocoder-fb415182fdf84dbe6a0bbca72e5ed9ed39009b622cf39e20ba630cb830594329,issai_kazakhtts2_male2_tacotron2_pwg:ISSAI_KazakhTTS2_M2,not_applicable:fixed_pretrained_tts_no_reference_audio,cuda,offline_text_only_tacotron2_parallelwavegan_tts,22050,wav,language_provenance=intended_input_text_only;text_normalizer=stage_c_kazakhtts_text_v1;synthesis_text_sha256=0ccba8dcca322766163515d34814a42cba2aecbbd76d4b87cc48f74717fc1ca0,,2026-08-12T21:18:24+05:00
fresh_suite_v1_kazakhtts_tacotron2_pwg:c2262328df3d2888875f,raw/fresh_suite_v1_kazakhtts_tacotron2_pwg/slices/stage_c_normalized_v2/cba05d26bedac7534752-3be75e04940c.wav,bcc7af65ee023669b52b1636a3f37e60aae822f67c83a03dd09ee269cd22c94c,test,spoof,mixed,true,fresh_suite_v1_kazakhtts_tacotron2_pwg:fixed-profile:issai_kazakhtts2_male2_tacotron2_pwg:ISSAI_KazakhTTS2_M2,fresh_suite_v1_kazakhtts_tacotron2_pwg,FLEURS/KSC2 CC-BY-4.0; ISSAI Kazakh_TTS model CC-BY-4.0; ESPnet Apache-2.0; ParallelWaveGAN MIT,Offline text-only derivative of ksc2_v1 text ksc2_v1:transcript:3be75e04940ce78d7ae4f8fe3cf2a1d43b3006d4693b2147026da57082a79ebd; Kazakh_TTS repository and published pretrained model artifacts CC-BY-4.0; ESPnet Apache-2.0; ParallelWaveGAN MIT; fixed published voice; no reference audio or voice cloning; language provenance is intended input text until full acoustic review; normalizer=stage_c_kazakhtts_text_v1,fresh_suite_v1_kazakhtts_tacotron2_pwg:synthetic-profile:issai_kazakhtts2_male2_tacotron2_pwg:ISSAI_KazakhTTS2_M2,ksc2_v1:transcript:3be75e04940ce78d7ae4f8fe3cf2a1d43b3006d4693b2147026da57082a79ebd,3be75e04940ce78d7ae4f8fe3cf2a1d43b3006d4693b2147026da57082a79ebd,8.811972789115647,tacotron2_parallelwavegan_fixed_voice_tts,ISSAI KazakhTTS2 Male2 Tacotron2 + ParallelWaveGAN,source-fc906048ff5914a3528d1ae4ed6f7ccd94d71383; acoustic-deb9cb49703b012d8f1406d15f4fa182b39ecb320bc4e2be5a557ac58766ea75; vocoder-fb415182fdf84dbe6a0bbca72e5ed9ed39009b622cf39e20ba630cb830594329,issai_kazakhtts2_male2_tacotron2_pwg:ISSAI_KazakhTTS2_M2,not_applicable:fixed_pretrained_tts_no_reference_audio,cuda,offline_text_only_tacotron2_parallelwavegan_tts,22050,wav,language_provenance=intended_input_text_only;text_normalizer=stage_c_kazakhtts_text_v1;synthesis_text_sha256=3be75e04940ce78d7ae4f8fe3cf2a1d43b3006d4693b2147026da57082a79ebd,,2026-08-12T21:18:24+05:00
fresh_suite_v1_kazakhtts_tacotron2_pwg:b1871dcc1d365298cf0b,raw/fresh_suite_v1_kazakhtts_tacotron2_pwg/slices/stage_c_normalized_v2/54a9dacc65a93e7ca650-6f1b205ab1e1.wav,af3aba6da5ed54fec912029f5d8bb49398d9387d62d7dcdfa78dcaea9e8ae680,test,spoof,mixed,true,fresh_suite_v1_kazakhtts_tacotron2_pwg:fixed-profile:issai_kazakhtts2_male2_tacotron2_pwg:ISSAI_KazakhTTS2_M2,fresh_suite_v1_kazakhtts_tacotron2_pwg,FLEURS/KSC2 CC-BY-4.0; ISSAI Kazakh_TTS model CC-BY-4.0; ESPnet Apache-2.0; ParallelWaveGAN MIT,Offline text-only derivative of ksc2_v1 text ksc2_v1:transcript:6f1b205ab1e13f2517dee6664e8ab43b65602a8c63192e1252392185f03cb627; Kazakh_TTS repository and published pretrained model artifacts CC-BY-4.0; ESPnet Apache-2.0; ParallelWaveGAN MIT; fixed published voice; no reference audio or voice cloning; language provenance is intended input text until full acoustic review; normalizer=stage_c_kazakhtts_text_v1,fresh_suite_v1_kazakhtts_tacotron2_pwg:synthetic-profile:issai_kazakhtts2_male2_tacotron2_pwg:ISSAI_KazakhTTS2_M2,ksc2_v1:transcript:6f1b205ab1e13f2517dee6664e8ab43b65602a8c63192e1252392185f03cb627,6f1b205ab1e13f2517dee6664e8ab43b65602a8c63192e1252392185f03cb627,4.864580498866213,tacotron2_parallelwavegan_fixed_voice_tts,ISSAI KazakhTTS2 Male2 Tacotron2 + ParallelWaveGAN,source-fc906048ff5914a3528d1ae4ed6f7ccd94d71383; acoustic-deb9cb49703b012d8f1406d15f4fa182b39ecb320bc4e2be5a557ac58766ea75; vocoder-fb415182fdf84dbe6a0bbca72e5ed9ed39009b622cf39e20ba630cb830594329,issai_kazakhtts2_male2_tacotron2_pwg:ISSAI_KazakhTTS2_M2,not_applicable:fixed_pretrained_tts_no_reference_audio,cuda,offline_text_only_tacotron2_parallelwavegan_tts,22050,wav,language_provenance=intended_input_text_only;text_normalizer=stage_c_kazakhtts_text_v1;synthesis_text_sha256=6f1b205ab1e13f2517dee6664e8ab43b65602a8c63192e1252392185f03cb627,,2026-08-12T21:18:24+05:00
fresh_suite_v1_kazakhtts_tacotron2_pwg:fe24fd18ea149d47d2f7,raw/fresh_suite_v1_kazakhtts_tacotron2_pwg/slices/stage_c_normalized_v2/25efde4d2f8e0e213cd8-ec812683434b.wav,8209d801c07a178cbd2e876c545ba3c27592bc662d5f3f1b169d877820688c8d,test,spoof,mixed,true,fresh_suite_v1_kazakhtts_tacotron2_pwg:fixed-profile:issai_kazakhtts2_male2_tacotron2_pwg:ISSAI_KazakhTTS2_M2,fresh_suite_v1_kazakhtts_tacotron2_pwg,FLEURS/KSC2 CC-BY-4.0; ISSAI Kazakh_TTS model CC-BY-4.0; ESPnet Apache-2.0; ParallelWaveGAN MIT,Offline text-only derivative of ksc2_v1 text ksc2_v1:transcript:ec812683434b4b288462befb638a70fd0d53f9f5cb52cc6fffd17b820d8924b9; Kazakh_TTS repository and published pretrained model artifacts CC-BY-4.0; ESPnet Apache-2.0; ParallelWaveGAN MIT; fixed published voice; no reference audio or voice cloning; language provenance is intended input text until full acoustic review; normalizer=stage_c_kazakhtts_text_v1,fresh_suite_v1_kazakhtts_tacotron2_pwg:synthetic-profile:issai_kazakhtts2_male2_tacotron2_pwg:ISSAI_KazakhTTS2_M2,ksc2_v1:transcript:ec812683434b4b288462befb638a70fd0d53f9f5cb52cc6fffd17b820d8924b9,ec812683434b4b288462befb638a70fd0d53f9f5cb52cc6fffd17b820d8924b9,6.03718820861678,tacotron2_parallelwavegan_fixed_voice_tts,ISSAI KazakhTTS2 Male2 Tacotron2 + ParallelWaveGAN,source-fc906048ff5914a3528d1ae4ed6f7ccd94d71383; acoustic-deb9cb49703b012d8f1406d15f4fa182b39ecb320bc4e2be5a557ac58766ea75; vocoder-fb415182fdf84dbe6a0bbca72e5ed9ed39009b622cf39e20ba630cb830594329,issai_kazakhtts2_male2_tacotron2_pwg:ISSAI_KazakhTTS2_M2,not_applicable:fixed_pretrained_tts_no_reference_audio,cuda,offline_text_only_tacotron2_parallelwavegan_tts,22050,wav,language_provenance=intended_input_text_only;text_normalizer=stage_c_kazakhtts_text_v1;synthesis_text_sha256=ec812683434b4b288462befb638a70fd0d53f9f5cb52cc6fffd17b820d8924b9,,2026-08-12T21:18:24+05:00
fresh_suite_v1_kazakhtts_tacotron2_pwg:29a6acda22ab1d1ff783,raw/fresh_suite_v1_kazakhtts_tacotron2_pwg/slices/stage_c_normalized_v2/de879b7ef7435615711c-1b4974c06f59.wav,6a8e391a52b46601f40385784a4237b00334f3e9646c297ab27f476006c6ce24,test,spoof,mixed,true,fresh_suite_v1_kazakhtts_tacotron2_pwg:fixed-profile:issai_kazakhtts2_male2_tacotron2_pwg:ISSAI_KazakhTTS2_M2,fresh_suite_v1_kazakhtts_tacotron2_pwg,FLEURS/KSC2 CC-BY-4.0; ISSAI Kazakh_TTS model CC-BY-4.0; ESPnet Apache-2.0; ParallelWaveGAN MIT,Offline text-only derivative of ksc2_v1 text ksc2_v1:transcript:1b4974c06f5988b0985e892a82eb49f920e4c2ec5e722e052873b1b6756d3b4a; Kazakh_TTS repository and published pretrained model artifacts CC-BY-4.0; ESPnet Apache-2.0; ParallelWaveGAN MIT; fixed published voice; no reference audio or voice cloning; language provenance is intended input text until full acoustic review; normalizer=stage_c_kazakhtts_text_v1,fresh_suite_v1_kazakhtts_tacotron2_pwg:synthetic-profile:issai_kazakhtts2_male2_tacotron2_pwg:ISSAI_KazakhTTS2_M2,ksc2_v1:transcript:1b4974c06f5988b0985e892a82eb49f920e4c2ec5e722e052873b1b6756d3b4a,1b4974c06f5988b0985e892a82eb49f920e4c2ec5e722e052873b1b6756d3b4a,7.801904761904762,tacotron2_parallelwavegan_fixed_voice_tts,ISSAI KazakhTTS2 Male2 Tacotron2 + ParallelWaveGAN,source-fc906048ff5914a3528d1ae4ed6f7ccd94d71383; acoustic-deb9cb49703b012d8f1406d15f4fa182b39ecb320bc4e2be5a557ac58766ea75; vocoder-fb415182fdf84dbe6a0bbca72e5ed9ed39009b622cf39e20ba630cb830594329,issai_kazakhtts2_male2_tacotron2_pwg:ISSAI_KazakhTTS2_M2,not_applicable:fixed_pretrained_tts_no_reference_audio,cuda,offline_text_only_tacotron2_parallelwavegan_tts,22050,wav,language_provenance=intended_input_text_only;text_normalizer=stage_c_kazakhtts_text_v1;synthesis_text_sha256=1b4974c06f5988b0985e892a82eb49f920e4c2ec5e722e052873b1b6756d3b4a,,2026-08-12T21:18:24+05:00
