sample_id,relative_path,sha256,split,label,language,code_switch,parent_group_id,source_name,source_license,rights_basis,speaker_pseudo_id,text_id,text_hash,duration_s,generator_family,generator_name,generator_version,voice_id,clone_consent_id,device,capture_route,original_sr,codec,augmentation_chain,augmentation_seed,created_at
ksc_derived_kk_v4_espeakng:207c7070bd564316,raw/ksc_derived_kk_v4_espeakng/slices/espeakng-407/espeakng_kazakh_formant/5f61000fab968.wav,2b78233448f16b912a05fcceb7a709402ff1f92681bf8e8b73748a6c625ce142,test,spoof,kk,unknown,ksc_derived_kk_v4_espeakng:profile:espeakng_kazakh_formant:kk:w150:p35:a100,ksc_derived_kk_v4_espeakng,KSC text CC-BY-4.0; eSpeak NG GPL-3.0-or-later,Offline derivative for personal research from KSC transcript ksc_slr102:5f61000fab968; eSpeak NG GPL-3.0-or-later; bundled Ubuntu runtime packages retain their declared package licenses; no voice cloning,ksc_derived_kk_v4_espeakng:synthetic-voice:espeakng_kazakh_formant:kk:w150:p35:a100,ksc_slr102:5f61000fab968,4ec5455cd00d2283eae8170526b74aa663134e886c426c7a00641d873bdd33ef,9.85968253968254,formant_rule_based_tts,eSpeak NG Kazakh formant synthesizer,eSpeak NG 1.52.0 source-4870adfa25b1a32b4361592f1be8a40337c58d6c; Ubuntu 1.52.0+dfsg-5build1 runtime packages,espeakng_kazakh_formant:kk:w150:p35:a100,not_applicable:pretrained-tts-no-local-voice-cloning,local_cpu_espeakng_formant,offline_formant_tts,22050,wav,none,,2026-08-10T00:00:00Z
ksc_derived_kk_v4_espeakng:85e10b1444b3d9ea,raw/ksc_derived_kk_v4_espeakng/slices/espeakng-407/espeakng_kazakh_formant/5f61b3843045f.wav,bb7bdf0e91705c6797e4dee5d2911f780c25a93e67fc52cda24608a649dc9de9,test,spoof,kk,unknown,ksc_derived_kk_v4_espeakng:profile:espeakng_kazakh_formant:kk:w150:p50:a100,ksc_derived_kk_v4_espeakng,KSC text CC-BY-4.0; eSpeak NG GPL-3.0-or-later,Offline derivative for personal research from KSC transcript ksc_slr102:5f61b3843045f; eSpeak NG GPL-3.0-or-later; bundled Ubuntu runtime packages retain their declared package licenses; no voice cloning,ksc_derived_kk_v4_espeakng:synthetic-voice:espeakng_kazakh_formant:kk:w150:p50:a100,ksc_slr102:5f61b3843045f,2a795920a9b82dcaababa3a63fc469b11a96b3d5269bb06ae7b79c07792bf995,4.626031746031746,formant_rule_based_tts,eSpeak NG Kazakh formant synthesizer,eSpeak NG 1.52.0 source-4870adfa25b1a32b4361592f1be8a40337c58d6c; Ubuntu 1.52.0+dfsg-5build1 runtime packages,espeakng_kazakh_formant:kk:w150:p50:a100,not_applicable:pretrained-tts-no-local-voice-cloning,local_cpu_espeakng_formant,offline_formant_tts,22050,wav,none,,2026-08-10T00:00:00Z
ksc_derived_kk_v4_espeakng:5adad044219550f1,raw/ksc_derived_kk_v4_espeakng/slices/espeakng-407/espeakng_kazakh_formant/5f60de3baccfd.wav,11f6e7ce3075fa9fb6cd015cfdad7c5034a97d7a8118f3e4d99149bea9dc9d72,test,spoof,kk,unknown,ksc_derived_kk_v4_espeakng:profile:espeakng_kazakh_formant:kk:w150:p65:a100,ksc_derived_kk_v4_espeakng,KSC text CC-BY-4.0; eSpeak NG GPL-3.0-or-later,Offline derivative for personal research from KSC transcript ksc_slr102:5f60de3baccfd; eSpeak NG GPL-3.0-or-later; bundled Ubuntu runtime packages retain their declared package licenses; no voice cloning,ksc_derived_kk_v4_espeakng:synthetic-voice:espeakng_kazakh_formant:kk:w150:p65:a100,ksc_slr102:5f60de3baccfd,a6b5b20751b15383120ef6ad8fb02c5a3b5f2b701d5089ac33e28afc6617a3da,6.980272108843537,formant_rule_based_tts,eSpeak NG Kazakh formant synthesizer,eSpeak NG 1.52.0 source-4870adfa25b1a32b4361592f1be8a40337c58d6c; Ubuntu 1.52.0+dfsg-5build1 runtime packages,espeakng_kazakh_formant:kk:w150:p65:a100,not_applicable:pretrained-tts-no-local-voice-cloning,local_cpu_espeakng_formant,offline_formant_tts,22050,wav,none,,2026-08-10T00:00:00Z
ksc_derived_kk_v4_espeakng:5a64e3bd616a643f,raw/ksc_derived_kk_v4_espeakng/slices/espeakng-407/espeakng_kazakh_formant/5f5c3ca29a059.wav,ad34683c64484d7ccedeb40caf701ad91d1a0dc0b74574cb1706576a20123b04,test,spoof,kk,unknown,ksc_derived_kk_v4_espeakng:profile:espeakng_kazakh_formant:kk:w175:p35:a100,ksc_derived_kk_v4_espeakng,KSC text CC-BY-4.0; eSpeak NG GPL-3.0-or-later,Offline derivative for personal research from KSC transcript ksc_slr102:5f5c3ca29a059; eSpeak NG GPL-3.0-or-later; bundled Ubuntu runtime packages retain their declared package licenses; no voice cloning,ksc_derived_kk_v4_espeakng:synthetic-voice:espeakng_kazakh_formant:kk:w175:p35:a100,ksc_slr102:5f5c3ca29a059,d3e42242125709de450a0e362ca3a43a68950819a2e909425abc3c6c2c4adffb,7.158185941043084,formant_rule_based_tts,eSpeak NG Kazakh formant synthesizer,eSpeak NG 1.52.0 source-4870adfa25b1a32b4361592f1be8a40337c58d6c; Ubuntu 1.52.0+dfsg-5build1 runtime packages,espeakng_kazakh_formant:kk:w175:p35:a100,not_applicable:pretrained-tts-no-local-voice-cloning,local_cpu_espeakng_formant,offline_formant_tts,22050,wav,none,,2026-08-10T00:00:00Z
ksc_derived_kk_v4_espeakng:7042dd53d4688a8a,raw/ksc_derived_kk_v4_espeakng/slices/espeakng-407/espeakng_kazakh_formant/5f62c6cce0d01.wav,764b17ea3c4a7f3defac1ba4756008505d80d83f1dbea9aea688a7ab4e919379,test,spoof,kk,unknown,ksc_derived_kk_v4_espeakng:profile:espeakng_kazakh_formant:kk:w175:p50:a100,ksc_derived_kk_v4_espeakng,KSC text CC-BY-4.0; eSpeak NG GPL-3.0-or-later,Offline derivative for personal research from KSC transcript ksc_slr102:5f62c6cce0d01; eSpeak NG GPL-3.0-or-later; bundled Ubuntu runtime packages retain their declared package licenses; no voice cloning,ksc_derived_kk_v4_espeakng:synthetic-voice:espeakng_kazakh_formant:kk:w175:p50:a100,ksc_slr102:5f62c6cce0d01,8508623693ac317bf15345307c583e9f10f1e30e612d54e695aa32fbe68eabf8,3.624625850340136,formant_rule_based_tts,eSpeak NG Kazakh formant synthesizer,eSpeak NG 1.52.0 source-4870adfa25b1a32b4361592f1be8a40337c58d6c; Ubuntu 1.52.0+dfsg-5build1 runtime packages,espeakng_kazakh_formant:kk:w175:p50:a100,not_applicable:pretrained-tts-no-local-voice-cloning,local_cpu_espeakng_formant,offline_formant_tts,22050,wav,none,,2026-08-10T00:00:00Z
ksc_derived_kk_v4_espeakng:85a9fcf1dff1dc64,raw/ksc_derived_kk_v4_espeakng/slices/espeakng-407/espeakng_kazakh_formant/5f59b7cb9d275.wav,47c9f3a15e42f176a116f750baac910e76b2e337dea55f29813202e9af3154c9,test,spoof,kk,unknown,ksc_derived_kk_v4_espeakng:profile:espeakng_kazakh_formant:kk:w175:p65:a100,ksc_derived_kk_v4_espeakng,KSC text CC-BY-4.0; eSpeak NG GPL-3.0-or-later,Offline derivative for personal research from KSC transcript ksc_slr102:5f59b7cb9d275; eSpeak NG GPL-3.0-or-later; bundled Ubuntu runtime packages retain their declared package licenses; no voice cloning,ksc_derived_kk_v4_espeakng:synthetic-voice:espeakng_kazakh_formant:kk:w175:p65:a100,ksc_slr102:5f59b7cb9d275,d7c24714f45b42d7dec9a96c6e0a6656b8c04cbadfa1efb9f0780e59477564a2,5.1145124716553285,formant_rule_based_tts,eSpeak NG Kazakh formant synthesizer,eSpeak NG 1.52.0 source-4870adfa25b1a32b4361592f1be8a40337c58d6c; Ubuntu 1.52.0+dfsg-5build1 runtime packages,espeakng_kazakh_formant:kk:w175:p65:a100,not_applicable:pretrained-tts-no-local-voice-cloning,local_cpu_espeakng_formant,offline_formant_tts,22050,wav,none,,2026-08-10T00:00:00Z
ksc_derived_kk_v4_espeakng:1f642bb0bccc743e,raw/ksc_derived_kk_v4_espeakng/slices/espeakng-407/espeakng_kazakh_formant/5f5a52801317b.wav,27302a9eb7ba512dec2594fcda2aea17e04c6a56b7c82056ddb6172cb2f93eec,test,spoof,kk,unknown,ksc_derived_kk_v4_espeakng:profile:espeakng_kazakh_formant:kk:w200:p35:a100,ksc_derived_kk_v4_espeakng,KSC text CC-BY-4.0; eSpeak NG GPL-3.0-or-later,Offline derivative for personal research from KSC transcript ksc_slr102:5f5a52801317b; eSpeak NG GPL-3.0-or-later; bundled Ubuntu runtime packages retain their declared package licenses; no voice cloning,ksc_derived_kk_v4_espeakng:synthetic-voice:espeakng_kazakh_formant:kk:w200:p35:a100,ksc_slr102:5f5a52801317b,cf585476e9fb30e8a64d920186c703417e0dc81dd18970f7a21d5e140f9ee515,10.272562358276645,formant_rule_based_tts,eSpeak NG Kazakh formant synthesizer,eSpeak NG 1.52.0 source-4870adfa25b1a32b4361592f1be8a40337c58d6c; Ubuntu 1.52.0+dfsg-5build1 runtime packages,espeakng_kazakh_formant:kk:w200:p35:a100,not_applicable:pretrained-tts-no-local-voice-cloning,local_cpu_espeakng_formant,offline_formant_tts,22050,wav,none,,2026-08-10T00:00:00Z
ksc_derived_kk_v4_espeakng:563ffa138d1bd3f6,raw/ksc_derived_kk_v4_espeakng/slices/espeakng-407/espeakng_kazakh_formant/5f58df5048ea7.wav,5c0941e72e9d45a4e1f67328a40d90d22cc257fd4a4f5778b7f8732d44c50471,test,spoof,kk,unknown,ksc_derived_kk_v4_espeakng:profile:espeakng_kazakh_formant:kk:w200:p50:a100,ksc_derived_kk_v4_espeakng,KSC text CC-BY-4.0; eSpeak NG GPL-3.0-or-later,Offline derivative for personal research from KSC transcript ksc_slr102:5f58df5048ea7; eSpeak NG GPL-3.0-or-later; bundled Ubuntu runtime packages retain their declared package licenses; no voice cloning,ksc_derived_kk_v4_espeakng:synthetic-voice:espeakng_kazakh_formant:kk:w200:p50:a100,ksc_slr102:5f58df5048ea7,8e140f38bc56beb79cb5edfb1adbeea5123a010db01395ef067e61424ad872fd,8.237097505668935,formant_rule_based_tts,eSpeak NG Kazakh formant synthesizer,eSpeak NG 1.52.0 source-4870adfa25b1a32b4361592f1be8a40337c58d6c; Ubuntu 1.52.0+dfsg-5build1 runtime packages,espeakng_kazakh_formant:kk:w200:p50:a100,not_applicable:pretrained-tts-no-local-voice-cloning,local_cpu_espeakng_formant,offline_formant_tts,22050,wav,none,,2026-08-10T00:00:00Z
ksc_derived_kk_v4_espeakng:0560b0e99e614654,raw/ksc_derived_kk_v4_espeakng/slices/espeakng-407/espeakng_kazakh_formant/5f609b45267c6.wav,1fbc5458a5464db0ac58fe106d69d5625deff605064af8fa017fa4c610523fb5,test,spoof,kk,unknown,ksc_derived_kk_v4_espeakng:profile:espeakng_kazakh_formant:kk:w200:p65:a100,ksc_derived_kk_v4_espeakng,KSC text CC-BY-4.0; eSpeak NG GPL-3.0-or-later,Offline derivative for personal research from KSC transcript ksc_slr102:5f609b45267c6; eSpeak NG GPL-3.0-or-later; bundled Ubuntu runtime packages retain their declared package licenses; no voice cloning,ksc_derived_kk_v4_espeakng:synthetic-voice:espeakng_kazakh_formant:kk:w200:p65:a100,ksc_slr102:5f609b45267c6,2a9b9ced2a1f32a0ac60a2db9b2ccaad31713356d34daae292c65073a50fd499,2.483673469387755,formant_rule_based_tts,eSpeak NG Kazakh formant synthesizer,eSpeak NG 1.52.0 source-4870adfa25b1a32b4361592f1be8a40337c58d6c; Ubuntu 1.52.0+dfsg-5build1 runtime packages,espeakng_kazakh_formant:kk:w200:p65:a100,not_applicable:pretrained-tts-no-local-voice-cloning,local_cpu_espeakng_formant,offline_formant_tts,22050,wav,none,,2026-08-10T00:00:00Z
ksc_derived_kk_v4_espeakng:3321e49405d81579,raw/ksc_derived_kk_v4_espeakng/slices/espeakng-407/espeakng_kazakh_formant/5f5eeb70ec010.wav,f81d33d0c221b307c37543e2b95f5ff59c5466b3b54a6b04407975c6903bca34,test,spoof,kk,unknown,ksc_derived_kk_v4_espeakng:profile:espeakng_kazakh_formant:kk:w225:p35:a100,ksc_derived_kk_v4_espeakng,KSC text CC-BY-4.0; eSpeak NG GPL-3.0-or-later,Offline derivative for personal research from KSC transcript ksc_slr102:5f5eeb70ec010; eSpeak NG GPL-3.0-or-later; bundled Ubuntu runtime packages retain their declared package licenses; no voice cloning,ksc_derived_kk_v4_espeakng:synthetic-voice:espeakng_kazakh_formant:kk:w225:p35:a100,ksc_slr102:5f5eeb70ec010,6205300e717284de8dff5eff431fc1f9ad5e8d1f3237013e8a7d7a04e7f981fa,2.860544217687075,formant_rule_based_tts,eSpeak NG Kazakh formant synthesizer,eSpeak NG 1.52.0 source-4870adfa25b1a32b4361592f1be8a40337c58d6c; Ubuntu 1.52.0+dfsg-5build1 runtime packages,espeakng_kazakh_formant:kk:w225:p35:a100,not_applicable:pretrained-tts-no-local-voice-cloning,local_cpu_espeakng_formant,offline_formant_tts,22050,wav,none,,2026-08-10T00:00:00Z
ksc_derived_kk_v4_espeakng:df3ad080e9bbe51e,raw/ksc_derived_kk_v4_espeakng/slices/espeakng-407/espeakng_kazakh_formant/5f59c10a199ba.wav,2841d22bfd7c064f85e8440306e74fba96f3220b9d5edd5ea80529a604e86e13,test,spoof,kk,unknown,ksc_derived_kk_v4_espeakng:profile:espeakng_kazakh_formant:kk:w225:p50:a100,ksc_derived_kk_v4_espeakng,KSC text CC-BY-4.0; eSpeak NG GPL-3.0-or-later,Offline derivative for personal research from KSC transcript ksc_slr102:5f59c10a199ba; eSpeak NG GPL-3.0-or-later; bundled Ubuntu runtime packages retain their declared package licenses; no voice cloning,ksc_derived_kk_v4_espeakng:synthetic-voice:espeakng_kazakh_formant:kk:w225:p50:a100,ksc_slr102:5f59c10a199ba,0aa9d5b396a9774fe46f88c7e3164b1199f579c84dec9b66b5a34a30ac171de1,3.007392290249433,formant_rule_based_tts,eSpeak NG Kazakh formant synthesizer,eSpeak NG 1.52.0 source-4870adfa25b1a32b4361592f1be8a40337c58d6c; Ubuntu 1.52.0+dfsg-5build1 runtime packages,espeakng_kazakh_formant:kk:w225:p50:a100,not_applicable:pretrained-tts-no-local-voice-cloning,local_cpu_espeakng_formant,offline_formant_tts,22050,wav,none,,2026-08-10T00:00:00Z
ksc_derived_kk_v4_espeakng:450ffad262a4fbf8,raw/ksc_derived_kk_v4_espeakng/slices/espeakng-407/espeakng_kazakh_formant/5f5fb23b67a9d.wav,a89257d6727b9c6d7124f61d33600274a8001dca84f8e032ab7a530f16814d17,test,spoof,kk,unknown,ksc_derived_kk_v4_espeakng:profile:espeakng_kazakh_formant:kk:w225:p65:a100,ksc_derived_kk_v4_espeakng,KSC text CC-BY-4.0; eSpeak NG GPL-3.0-or-later,Offline derivative for personal research from KSC transcript ksc_slr102:5f5fb23b67a9d; eSpeak NG GPL-3.0-or-later; bundled Ubuntu runtime packages retain their declared package licenses; no voice cloning,ksc_derived_kk_v4_espeakng:synthetic-voice:espeakng_kazakh_formant:kk:w225:p65:a100,ksc_slr102:5f5fb23b67a9d,032f2fd7e093672ca7cce7f37bf0f36e3689f24a52f226e3986572b913f278a2,2.646893424036281,formant_rule_based_tts,eSpeak NG Kazakh formant synthesizer,eSpeak NG 1.52.0 source-4870adfa25b1a32b4361592f1be8a40337c58d6c; Ubuntu 1.52.0+dfsg-5build1 runtime packages,espeakng_kazakh_formant:kk:w225:p65:a100,not_applicable:pretrained-tts-no-local-voice-cloning,local_cpu_espeakng_formant,offline_formant_tts,22050,wav,none,,2026-08-10T00:00:00Z
ksc_derived_kk_v4_espeakng:3d2079bf9028903f,raw/ksc_derived_kk_v4_espeakng/slices/espeakng-407/espeakng_kazakh_formant/5f59bb0e62c2a.wav,09d9671f40da91f06b2a5b900e68d56485d065f78233334318b646afeb3b72d9,test,spoof,kk,unknown,ksc_derived_kk_v4_espeakng:profile:espeakng_kazakh_formant:kk:w150:p35:a100,ksc_derived_kk_v4_espeakng,KSC text CC-BY-4.0; eSpeak NG GPL-3.0-or-later,Offline derivative for personal research from KSC transcript ksc_slr102:5f59bb0e62c2a; eSpeak NG GPL-3.0-or-later; bundled Ubuntu runtime packages retain their declared package licenses; no voice cloning,ksc_derived_kk_v4_espeakng:synthetic-voice:espeakng_kazakh_formant:kk:w150:p35:a100,ksc_slr102:5f59bb0e62c2a,3b741e7e729d89814b8f7c98b62558c8d70f386052dd85f55f28d4a33b217b93,8.863038548752835,formant_rule_based_tts,eSpeak NG Kazakh formant synthesizer,eSpeak NG 1.52.0 source-4870adfa25b1a32b4361592f1be8a40337c58d6c; Ubuntu 1.52.0+dfsg-5build1 runtime packages,espeakng_kazakh_formant:kk:w150:p35:a100,not_applicable:pretrained-tts-no-local-voice-cloning,local_cpu_espeakng_formant,offline_formant_tts,22050,wav,none,,2026-08-10T00:00:00Z
ksc_derived_kk_v4_espeakng:259d0bf56cb89f25,raw/ksc_derived_kk_v4_espeakng/slices/espeakng-407/espeakng_kazakh_formant/5f61c4893907c.wav,7f447fac0f97a6d9c815fb8ba2ebf5c31fa742f4f47f620cdaa3537d75160863,test,spoof,kk,unknown,ksc_derived_kk_v4_espeakng:profile:espeakng_kazakh_formant:kk:w150:p50:a100,ksc_derived_kk_v4_espeakng,KSC text CC-BY-4.0; eSpeak NG GPL-3.0-or-later,Offline derivative for personal research from KSC transcript ksc_slr102:5f61c4893907c; eSpeak NG GPL-3.0-or-later; bundled Ubuntu runtime packages retain their declared package licenses; no voice cloning,ksc_derived_kk_v4_espeakng:synthetic-voice:espeakng_kazakh_formant:kk:w150:p50:a100,ksc_slr102:5f61c4893907c,940203da833a912a785375141e4e8d44631abc5530dea911571059cd944f370d,2.8635827664399094,formant_rule_based_tts,eSpeak NG Kazakh formant synthesizer,eSpeak NG 1.52.0 source-4870adfa25b1a32b4361592f1be8a40337c58d6c; Ubuntu 1.52.0+dfsg-5build1 runtime packages,espeakng_kazakh_formant:kk:w150:p50:a100,not_applicable:pretrained-tts-no-local-voice-cloning,local_cpu_espeakng_formant,offline_formant_tts,22050,wav,none,,2026-08-10T00:00:00Z
ksc_derived_kk_v4_espeakng:3789327339802376,raw/ksc_derived_kk_v4_espeakng/slices/espeakng-407/espeakng_kazakh_formant/5f5794295a9aa.wav,e66b41b7aea5bf110c668435bfc1d739ee28cd0b1d5495619f95ba3403f4159f,test,spoof,kk,unknown,ksc_derived_kk_v4_espeakng:profile:espeakng_kazakh_formant:kk:w150:p65:a100,ksc_derived_kk_v4_espeakng,KSC text CC-BY-4.0; eSpeak NG GPL-3.0-or-later,Offline derivative for personal research from KSC transcript ksc_slr102:5f5794295a9aa; eSpeak NG GPL-3.0-or-later; bundled Ubuntu runtime packages retain their declared package licenses; no voice cloning,ksc_derived_kk_v4_espeakng:synthetic-voice:espeakng_kazakh_formant:kk:w150:p65:a100,ksc_slr102:5f5794295a9aa,932ff2b62401c951efcfda5532c290745af79dd5c753ac393e531fb6c409f457,6.907981859410431,formant_rule_based_tts,eSpeak NG Kazakh formant synthesizer,eSpeak NG 1.52.0 source-4870adfa25b1a32b4361592f1be8a40337c58d6c; Ubuntu 1.52.0+dfsg-5build1 runtime packages,espeakng_kazakh_formant:kk:w150:p65:a100,not_applicable:pretrained-tts-no-local-voice-cloning,local_cpu_espeakng_formant,offline_formant_tts,22050,wav,none,,2026-08-10T00:00:00Z
ksc_derived_kk_v4_espeakng:29c050c85e9abb7f,raw/ksc_derived_kk_v4_espeakng/slices/espeakng-407/espeakng_kazakh_formant/5f58c8c168058.wav,ba26d971d26314129548a337b5044dacc17ce637c8341020b24169c43127e833,test,spoof,kk,unknown,ksc_derived_kk_v4_espeakng:profile:espeakng_kazakh_formant:kk:w175:p35:a100,ksc_derived_kk_v4_espeakng,KSC text CC-BY-4.0; eSpeak NG GPL-3.0-or-later,Offline derivative for personal research from KSC transcript ksc_slr102:5f58c8c168058; eSpeak NG GPL-3.0-or-later; bundled Ubuntu runtime packages retain their declared package licenses; no voice cloning,ksc_derived_kk_v4_espeakng:synthetic-voice:espeakng_kazakh_formant:kk:w175:p35:a100,ksc_slr102:5f58c8c168058,f4fff3d6823677ad52d9703ec9c9176f1c02ade6985b954a072e03623d9755f3,3.0741043083900226,formant_rule_based_tts,eSpeak NG Kazakh formant synthesizer,eSpeak NG 1.52.0 source-4870adfa25b1a32b4361592f1be8a40337c58d6c; Ubuntu 1.52.0+dfsg-5build1 runtime packages,espeakng_kazakh_formant:kk:w175:p35:a100,not_applicable:pretrained-tts-no-local-voice-cloning,local_cpu_espeakng_formant,offline_formant_tts,22050,wav,none,,2026-08-10T00:00:00Z
ksc_derived_kk_v4_espeakng:4d972100dd8193de,raw/ksc_derived_kk_v4_espeakng/slices/espeakng-407/espeakng_kazakh_formant/5f6058ac89e95.wav,1a5f8c9a29e898d5044cac9ada162edd939925b63bd71c67ae58676ac51bbb7e,test,spoof,kk,unknown,ksc_derived_kk_v4_espeakng:profile:espeakng_kazakh_formant:kk:w175:p50:a100,ksc_derived_kk_v4_espeakng,KSC text CC-BY-4.0; eSpeak NG GPL-3.0-or-later,Offline derivative for personal research from KSC transcript ksc_slr102:5f6058ac89e95; eSpeak NG GPL-3.0-or-later; bundled Ubuntu runtime packages retain their declared package licenses; no voice cloning,ksc_derived_kk_v4_espeakng:synthetic-voice:espeakng_kazakh_formant:kk:w175:p50:a100,ksc_slr102:5f6058ac89e95,c38d9cb1c043ddb06f0a1d79d51e78e81c662094d77709132de26d9a044d1af9,5.582585034013605,formant_rule_based_tts,eSpeak NG Kazakh formant synthesizer,eSpeak NG 1.52.0 source-4870adfa25b1a32b4361592f1be8a40337c58d6c; Ubuntu 1.52.0+dfsg-5build1 runtime packages,espeakng_kazakh_formant:kk:w175:p50:a100,not_applicable:pretrained-tts-no-local-voice-cloning,local_cpu_espeakng_formant,offline_formant_tts,22050,wav,none,,2026-08-10T00:00:00Z
ksc_derived_kk_v4_espeakng:a46fdd288996f61e,raw/ksc_derived_kk_v4_espeakng/slices/espeakng-407/espeakng_kazakh_formant/5f5794837bb0d.wav,f404133aa897407994f13f834c0a4041d0cb4158a1ea77a746e61bed0661acf5,test,spoof,kk,unknown,ksc_derived_kk_v4_espeakng:profile:espeakng_kazakh_formant:kk:w175:p65:a100,ksc_derived_kk_v4_espeakng,KSC text CC-BY-4.0; eSpeak NG GPL-3.0-or-later,Offline derivative for personal research from KSC transcript ksc_slr102:5f5794837bb0d; eSpeak NG GPL-3.0-or-later; bundled Ubuntu runtime packages retain their declared package licenses; no voice cloning,ksc_derived_kk_v4_espeakng:synthetic-voice:espeakng_kazakh_formant:kk:w175:p65:a100,ksc_slr102:5f5794837bb0d,08632c66747bd0981a2694774ec91d536baa9f0aaacf08b89e5a2a6547c56b05,7.490385487528345,formant_rule_based_tts,eSpeak NG Kazakh formant synthesizer,eSpeak NG 1.52.0 source-4870adfa25b1a32b4361592f1be8a40337c58d6c; Ubuntu 1.52.0+dfsg-5build1 runtime packages,espeakng_kazakh_formant:kk:w175:p65:a100,not_applicable:pretrained-tts-no-local-voice-cloning,local_cpu_espeakng_formant,offline_formant_tts,22050,wav,none,,2026-08-10T00:00:00Z
ksc_derived_kk_v4_espeakng:275f5f210ab223f4,raw/ksc_derived_kk_v4_espeakng/slices/espeakng-407/espeakng_kazakh_formant/5f579c7629215.wav,ba0f3ff30f7f660ce75f79271fda72a0f4cd7215d909aef9798f719ee730e2e3,test,spoof,kk,unknown,ksc_derived_kk_v4_espeakng:profile:espeakng_kazakh_formant:kk:w200:p35:a100,ksc_derived_kk_v4_espeakng,KSC text CC-BY-4.0; eSpeak NG GPL-3.0-or-later,Offline derivative for personal research from KSC transcript ksc_slr102:5f579c7629215; eSpeak NG GPL-3.0-or-later; bundled Ubuntu runtime packages retain their declared package licenses; no voice cloning,ksc_derived_kk_v4_espeakng:synthetic-voice:espeakng_kazakh_formant:kk:w200:p35:a100,ksc_slr102:5f579c7629215,69671137e18b877c3b4910be14437d3bf5f3c22b1331374f6c150b6650be9a49,4.975464852607709,formant_rule_based_tts,eSpeak NG Kazakh formant synthesizer,eSpeak NG 1.52.0 source-4870adfa25b1a32b4361592f1be8a40337c58d6c; Ubuntu 1.52.0+dfsg-5build1 runtime packages,espeakng_kazakh_formant:kk:w200:p35:a100,not_applicable:pretrained-tts-no-local-voice-cloning,local_cpu_espeakng_formant,offline_formant_tts,22050,wav,none,,2026-08-10T00:00:00Z
ksc_derived_kk_v4_espeakng:4e72a8602a571b63,raw/ksc_derived_kk_v4_espeakng/slices/espeakng-407/espeakng_kazakh_formant/5f62e415ad480.wav,9ffe6581013a1fcabd22a32ef0e6435118c7c75877095394de34c0d723dce8c5,test,spoof,kk,unknown,ksc_derived_kk_v4_espeakng:profile:espeakng_kazakh_formant:kk:w200:p50:a100,ksc_derived_kk_v4_espeakng,KSC text CC-BY-4.0; eSpeak NG GPL-3.0-or-later,Offline derivative for personal research from KSC transcript ksc_slr102:5f62e415ad480; eSpeak NG GPL-3.0-or-later; bundled Ubuntu runtime packages retain their declared package licenses; no voice cloning,ksc_derived_kk_v4_espeakng:synthetic-voice:espeakng_kazakh_formant:kk:w200:p50:a100,ksc_slr102:5f62e415ad480,d50a50ea48d1533f434364ff50869e4316f7f6d5437845202780032bbdada8e9,4.760090702947846,formant_rule_based_tts,eSpeak NG Kazakh formant synthesizer,eSpeak NG 1.52.0 source-4870adfa25b1a32b4361592f1be8a40337c58d6c; Ubuntu 1.52.0+dfsg-5build1 runtime packages,espeakng_kazakh_formant:kk:w200:p50:a100,not_applicable:pretrained-tts-no-local-voice-cloning,local_cpu_espeakng_formant,offline_formant_tts,22050,wav,none,,2026-08-10T00:00:00Z
ksc_derived_kk_v4_espeakng:47f23af149deb684,raw/ksc_derived_kk_v4_espeakng/slices/espeakng-407/espeakng_kazakh_formant/5f579858ab955.wav,b3114b4fcb0c754fa3f16d1dd70d6199dedd18ba304d6de4fd27e2d4bf2f6aea,test,spoof,kk,unknown,ksc_derived_kk_v4_espeakng:profile:espeakng_kazakh_formant:kk:w200:p65:a100,ksc_derived_kk_v4_espeakng,KSC text CC-BY-4.0; eSpeak NG GPL-3.0-or-later,Offline derivative for personal research from KSC transcript ksc_slr102:5f579858ab955; eSpeak NG GPL-3.0-or-later; bundled Ubuntu runtime packages retain their declared package licenses; no voice cloning,ksc_derived_kk_v4_espeakng:synthetic-voice:espeakng_kazakh_formant:kk:w200:p65:a100,ksc_slr102:5f579858ab955,f541732edcbecf017a323a0d0eb22fa8fce09907e79895502e3f041552c98cd3,5.740997732426304,formant_rule_based_tts,eSpeak NG Kazakh formant synthesizer,eSpeak NG 1.52.0 source-4870adfa25b1a32b4361592f1be8a40337c58d6c; Ubuntu 1.52.0+dfsg-5build1 runtime packages,espeakng_kazakh_formant:kk:w200:p65:a100,not_applicable:pretrained-tts-no-local-voice-cloning,local_cpu_espeakng_formant,offline_formant_tts,22050,wav,none,,2026-08-10T00:00:00Z
ksc_derived_kk_v4_espeakng:f3ccf113a4f7fba1,raw/ksc_derived_kk_v4_espeakng/slices/espeakng-407/espeakng_kazakh_formant/5f5c4db1cfaf4.wav,3ab8d8950339c41e4602f641de933ed5bb9db33328166e1cfad62e4520c307fa,test,spoof,kk,unknown,ksc_derived_kk_v4_espeakng:profile:espeakng_kazakh_formant:kk:w225:p35:a100,ksc_derived_kk_v4_espeakng,KSC text CC-BY-4.0; eSpeak NG GPL-3.0-or-later,Offline derivative for personal research from KSC transcript ksc_slr102:5f5c4db1cfaf4; eSpeak NG GPL-3.0-or-later; bundled Ubuntu runtime packages retain their declared package licenses; no voice cloning,ksc_derived_kk_v4_espeakng:synthetic-voice:espeakng_kazakh_formant:kk:w225:p35:a100,ksc_slr102:5f5c4db1cfaf4,88c36e299642a9efc04e55000d93acfbc4272bcbba39474f6ff389952317171e,7.683219954648526,formant_rule_based_tts,eSpeak NG Kazakh formant synthesizer,eSpeak NG 1.52.0 source-4870adfa25b1a32b4361592f1be8a40337c58d6c; Ubuntu 1.52.0+dfsg-5build1 runtime packages,espeakng_kazakh_formant:kk:w225:p35:a100,not_applicable:pretrained-tts-no-local-voice-cloning,local_cpu_espeakng_formant,offline_formant_tts,22050,wav,none,,2026-08-10T00:00:00Z
ksc_derived_kk_v4_espeakng:328edaf3b9bf0370,raw/ksc_derived_kk_v4_espeakng/slices/espeakng-407/espeakng_kazakh_formant/5f60e9b77fe10.wav,113acf07300c51660d9fa46f6838eda1c0274cbca2a004f885c4977fccc3759b,test,spoof,kk,unknown,ksc_derived_kk_v4_espeakng:profile:espeakng_kazakh_formant:kk:w225:p50:a100,ksc_derived_kk_v4_espeakng,KSC text CC-BY-4.0; eSpeak NG GPL-3.0-or-later,Offline derivative for personal research from KSC transcript ksc_slr102:5f60e9b77fe10; eSpeak NG GPL-3.0-or-later; bundled Ubuntu runtime packages retain their declared package licenses; no voice cloning,ksc_derived_kk_v4_espeakng:synthetic-voice:espeakng_kazakh_formant:kk:w225:p50:a100,ksc_slr102:5f60e9b77fe10,b6c31cf2f00519aac23b8f5c560b7172d8f7dc1e017947e6bba5748c2c658298,4.417687074829932,formant_rule_based_tts,eSpeak NG Kazakh formant synthesizer,eSpeak NG 1.52.0 source-4870adfa25b1a32b4361592f1be8a40337c58d6c; Ubuntu 1.52.0+dfsg-5build1 runtime packages,espeakng_kazakh_formant:kk:w225:p50:a100,not_applicable:pretrained-tts-no-local-voice-cloning,local_cpu_espeakng_formant,offline_formant_tts,22050,wav,none,,2026-08-10T00:00:00Z
ksc_derived_kk_v4_espeakng:d39efde0d43e1ba7,raw/ksc_derived_kk_v4_espeakng/slices/espeakng-407/espeakng_kazakh_formant/5f5886153d720.wav,1f185253db79c46202e498e88a8c87a52916857fedfe2412586744ae0510464e,test,spoof,kk,unknown,ksc_derived_kk_v4_espeakng:profile:espeakng_kazakh_formant:kk:w225:p65:a100,ksc_derived_kk_v4_espeakng,KSC text CC-BY-4.0; eSpeak NG GPL-3.0-or-later,Offline derivative for personal research from KSC transcript ksc_slr102:5f5886153d720; eSpeak NG GPL-3.0-or-later; bundled Ubuntu runtime packages retain their declared package licenses; no voice cloning,ksc_derived_kk_v4_espeakng:synthetic-voice:espeakng_kazakh_formant:kk:w225:p65:a100,ksc_slr102:5f5886153d720,d996b546dddb1a25b0826f9d0f11b75b3f110e71e0855f5c11416d74ffd5df94,5.4209070294784585,formant_rule_based_tts,eSpeak NG Kazakh formant synthesizer,eSpeak NG 1.52.0 source-4870adfa25b1a32b4361592f1be8a40337c58d6c; Ubuntu 1.52.0+dfsg-5build1 runtime packages,espeakng_kazakh_formant:kk:w225:p65:a100,not_applicable:pretrained-tts-no-local-voice-cloning,local_cpu_espeakng_formant,offline_formant_tts,22050,wav,none,,2026-08-10T00:00:00Z
ksc_derived_kk_v4_espeakng:dd444b97fe9c1138,raw/ksc_derived_kk_v4_espeakng/slices/espeakng-407/espeakng_kazakh_formant/5f5c511f5aefb.wav,b362ab491de485b201df27b09332933bd14f45af4b134d1b97190fb58f2254ec,test,spoof,kk,unknown,ksc_derived_kk_v4_espeakng:profile:espeakng_kazakh_formant:kk:w150:p35:a100,ksc_derived_kk_v4_espeakng,KSC text CC-BY-4.0; eSpeak NG GPL-3.0-or-later,Offline derivative for personal research from KSC transcript ksc_slr102:5f5c511f5aefb; eSpeak NG GPL-3.0-or-later; bundled Ubuntu runtime packages retain their declared package licenses; no voice cloning,ksc_derived_kk_v4_espeakng:synthetic-voice:espeakng_kazakh_formant:kk:w150:p35:a100,ksc_slr102:5f5c511f5aefb,9b2d29f1fb18fe58a0b898f238ea05133e1db25561208a6ad04863c34e4f7d74,9.366575963718821,formant_rule_based_tts,eSpeak NG Kazakh formant synthesizer,eSpeak NG 1.52.0 source-4870adfa25b1a32b4361592f1be8a40337c58d6c; Ubuntu 1.52.0+dfsg-5build1 runtime packages,espeakng_kazakh_formant:kk:w150:p35:a100,not_applicable:pretrained-tts-no-local-voice-cloning,local_cpu_espeakng_formant,offline_formant_tts,22050,wav,none,,2026-08-10T00:00:00Z
ksc_derived_kk_v4_espeakng:1b5087158ab43c40,raw/ksc_derived_kk_v4_espeakng/slices/espeakng-407/espeakng_kazakh_formant/5f58841781808.wav,65a47db6592c9111e1857b743339f5919bd2db45e84b669348046008f26373d9,test,spoof,kk,unknown,ksc_derived_kk_v4_espeakng:profile:espeakng_kazakh_formant:kk:w150:p50:a100,ksc_derived_kk_v4_espeakng,KSC text CC-BY-4.0; eSpeak NG GPL-3.0-or-later,Offline derivative for personal research from KSC transcript ksc_slr102:5f58841781808; eSpeak NG GPL-3.0-or-later; bundled Ubuntu runtime packages retain their declared package licenses; no voice cloning,ksc_derived_kk_v4_espeakng:synthetic-voice:espeakng_kazakh_formant:kk:w150:p50:a100,ksc_slr102:5f58841781808,2f4231d7aff0869931cbd8419c770dabd97a965004c928f7b193f474f100f6f4,6.900136054421769,formant_rule_based_tts,eSpeak NG Kazakh formant synthesizer,eSpeak NG 1.52.0 source-4870adfa25b1a32b4361592f1be8a40337c58d6c; Ubuntu 1.52.0+dfsg-5build1 runtime packages,espeakng_kazakh_formant:kk:w150:p50:a100,not_applicable:pretrained-tts-no-local-voice-cloning,local_cpu_espeakng_formant,offline_formant_tts,22050,wav,none,,2026-08-10T00:00:00Z
ksc_derived_kk_v4_espeakng:55934ebe45985275,raw/ksc_derived_kk_v4_espeakng/slices/espeakng-407/espeakng_kazakh_formant/5f58fd76bfaad.wav,c6bb7f68586452877488a0e304900ee1a8c725ffa6b375bc7a932f74f2ad4eab,test,spoof,kk,unknown,ksc_derived_kk_v4_espeakng:profile:espeakng_kazakh_formant:kk:w150:p65:a100,ksc_derived_kk_v4_espeakng,KSC text CC-BY-4.0; eSpeak NG GPL-3.0-or-later,Offline derivative for personal research from KSC transcript ksc_slr102:5f58fd76bfaad; eSpeak NG GPL-3.0-or-later; bundled Ubuntu runtime packages retain their declared package licenses; no voice cloning,ksc_derived_kk_v4_espeakng:synthetic-voice:espeakng_kazakh_formant:kk:w150:p65:a100,ksc_slr102:5f58fd76bfaad,8e50f49b5eb3a57c4bcdda5ed18a6fba1d4434b889d2df8f62081e7ae56ba2ea,5.6499319727891155,formant_rule_based_tts,eSpeak NG Kazakh formant synthesizer,eSpeak NG 1.52.0 source-4870adfa25b1a32b4361592f1be8a40337c58d6c; Ubuntu 1.52.0+dfsg-5build1 runtime packages,espeakng_kazakh_formant:kk:w150:p65:a100,not_applicable:pretrained-tts-no-local-voice-cloning,local_cpu_espeakng_formant,offline_formant_tts,22050,wav,none,,2026-08-10T00:00:00Z
ksc_derived_kk_v4_espeakng:f5bf048df97a3ca4,raw/ksc_derived_kk_v4_espeakng/slices/espeakng-407/espeakng_kazakh_formant/5f5c4c403ca88.wav,b9373b43e87bf199819cae6234f272edfc498217ec53470b48112b6551553b46,test,spoof,kk,unknown,ksc_derived_kk_v4_espeakng:profile:espeakng_kazakh_formant:kk:w175:p35:a100,ksc_derived_kk_v4_espeakng,KSC text CC-BY-4.0; eSpeak NG GPL-3.0-or-later,Offline derivative for personal research from KSC transcript ksc_slr102:5f5c4c403ca88; eSpeak NG GPL-3.0-or-later; bundled Ubuntu runtime packages retain their declared package licenses; no voice cloning,ksc_derived_kk_v4_espeakng:synthetic-voice:espeakng_kazakh_formant:kk:w175:p35:a100,ksc_slr102:5f5c4c403ca88,7a623afdc4e3d5c8755aa2801363e223ac092bb1cfb361a5d5534dcc210064c6,3.340045351473923,formant_rule_based_tts,eSpeak NG Kazakh formant synthesizer,eSpeak NG 1.52.0 source-4870adfa25b1a32b4361592f1be8a40337c58d6c; Ubuntu 1.52.0+dfsg-5build1 runtime packages,espeakng_kazakh_formant:kk:w175:p35:a100,not_applicable:pretrained-tts-no-local-voice-cloning,local_cpu_espeakng_formant,offline_formant_tts,22050,wav,none,,2026-08-10T00:00:00Z
ksc_derived_kk_v4_espeakng:01a28b8d49834c23,raw/ksc_derived_kk_v4_espeakng/slices/espeakng-407/espeakng_kazakh_formant/5f6055895033f.wav,0a520cd748a25a4d382ca92260d39eb6dd82f49eb828227214dfbaca273d4bc0,test,spoof,kk,unknown,ksc_derived_kk_v4_espeakng:profile:espeakng_kazakh_formant:kk:w175:p50:a100,ksc_derived_kk_v4_espeakng,KSC text CC-BY-4.0; eSpeak NG GPL-3.0-or-later,Offline derivative for personal research from KSC transcript ksc_slr102:5f6055895033f; eSpeak NG GPL-3.0-or-later; bundled Ubuntu runtime packages retain their declared package licenses; no voice cloning,ksc_derived_kk_v4_espeakng:synthetic-voice:espeakng_kazakh_formant:kk:w175:p50:a100,ksc_slr102:5f6055895033f,edf0213f463433db156952b317db951cdb04d9e64c4fb6a15c22b2241d9ae7b6,4.0626303854875285,formant_rule_based_tts,eSpeak NG Kazakh formant synthesizer,eSpeak NG 1.52.0 source-4870adfa25b1a32b4361592f1be8a40337c58d6c; Ubuntu 1.52.0+dfsg-5build1 runtime packages,espeakng_kazakh_formant:kk:w175:p50:a100,not_applicable:pretrained-tts-no-local-voice-cloning,local_cpu_espeakng_formant,offline_formant_tts,22050,wav,none,,2026-08-10T00:00:00Z
ksc_derived_kk_v4_espeakng:59e9d79b577ac670,raw/ksc_derived_kk_v4_espeakng/slices/espeakng-407/espeakng_kazakh_formant/5f6059ce2c71e.wav,444929900aabab4d08cfcaa5d8d2c1aee4f42adde116274f18a9eba2b997301f,test,spoof,kk,unknown,ksc_derived_kk_v4_espeakng:profile:espeakng_kazakh_formant:kk:w175:p65:a100,ksc_derived_kk_v4_espeakng,KSC text CC-BY-4.0; eSpeak NG GPL-3.0-or-later,Offline derivative for personal research from KSC transcript ksc_slr102:5f6059ce2c71e; eSpeak NG GPL-3.0-or-later; bundled Ubuntu runtime packages retain their declared package licenses; no voice cloning,ksc_derived_kk_v4_espeakng:synthetic-voice:espeakng_kazakh_formant:kk:w175:p65:a100,ksc_slr102:5f6059ce2c71e,5ff850c73560a1209165b1759d524d21983dd2404e94ddee87f8552b03ef8e1f,5.983537414965986,formant_rule_based_tts,eSpeak NG Kazakh formant synthesizer,eSpeak NG 1.52.0 source-4870adfa25b1a32b4361592f1be8a40337c58d6c; Ubuntu 1.52.0+dfsg-5build1 runtime packages,espeakng_kazakh_formant:kk:w175:p65:a100,not_applicable:pretrained-tts-no-local-voice-cloning,local_cpu_espeakng_formant,offline_formant_tts,22050,wav,none,,2026-08-10T00:00:00Z
ksc_derived_kk_v4_espeakng:c9c8d352e2824db7,raw/ksc_derived_kk_v4_espeakng/slices/espeakng-407/espeakng_kazakh_formant/5f60bb5201599.wav,61b2c2ebcf3f3c10faf499be662831631e82af7246336eb814dbb43b23cf98ce,test,spoof,kk,unknown,ksc_derived_kk_v4_espeakng:profile:espeakng_kazakh_formant:kk:w200:p35:a100,ksc_derived_kk_v4_espeakng,KSC text CC-BY-4.0; eSpeak NG GPL-3.0-or-later,Offline derivative for personal research from KSC transcript ksc_slr102:5f60bb5201599; eSpeak NG GPL-3.0-or-later; bundled Ubuntu runtime packages retain their declared package licenses; no voice cloning,ksc_derived_kk_v4_espeakng:synthetic-voice:espeakng_kazakh_formant:kk:w200:p35:a100,ksc_slr102:5f60bb5201599,b4521751f1af7775825099a41fb73dd5eca62085da296d2235c676b1ed1dd3bc,5.349160997732426,formant_rule_based_tts,eSpeak NG Kazakh formant synthesizer,eSpeak NG 1.52.0 source-4870adfa25b1a32b4361592f1be8a40337c58d6c; Ubuntu 1.52.0+dfsg-5build1 runtime packages,espeakng_kazakh_formant:kk:w200:p35:a100,not_applicable:pretrained-tts-no-local-voice-cloning,local_cpu_espeakng_formant,offline_formant_tts,22050,wav,none,,2026-08-10T00:00:00Z
ksc_derived_kk_v4_espeakng:b2421f9e1312dcd1,raw/ksc_derived_kk_v4_espeakng/slices/espeakng-407/espeakng_kazakh_formant/5f579ccebb3c6.wav,dea2f8bd93846fab4a1000865f8abf8706766661ef8ab2f8e4c61694e4296eed,test,spoof,kk,unknown,ksc_derived_kk_v4_espeakng:profile:espeakng_kazakh_formant:kk:w200:p50:a100,ksc_derived_kk_v4_espeakng,KSC text CC-BY-4.0; eSpeak NG GPL-3.0-or-later,Offline derivative for personal research from KSC transcript ksc_slr102:5f579ccebb3c6; eSpeak NG GPL-3.0-or-later; bundled Ubuntu runtime packages retain their declared package licenses; no voice cloning,ksc_derived_kk_v4_espeakng:synthetic-voice:espeakng_kazakh_formant:kk:w200:p50:a100,ksc_slr102:5f579ccebb3c6,719151a6f727eb606c07247b6afd4abbc76800a915edf7db76d959983e46bed5,3.9513832199546486,formant_rule_based_tts,eSpeak NG Kazakh formant synthesizer,eSpeak NG 1.52.0 source-4870adfa25b1a32b4361592f1be8a40337c58d6c; Ubuntu 1.52.0+dfsg-5build1 runtime packages,espeakng_kazakh_formant:kk:w200:p50:a100,not_applicable:pretrained-tts-no-local-voice-cloning,local_cpu_espeakng_formant,offline_formant_tts,22050,wav,none,,2026-08-10T00:00:00Z
ksc_derived_kk_v4_espeakng:01cad350ad6a2963,raw/ksc_derived_kk_v4_espeakng/slices/espeakng-407/espeakng_kazakh_formant/5f60661852b5c.wav,a9f4cadfd84372f15b5e96a9f3adf6ee4f268e9f7b76257f50dd5a75e9b6cb24,test,spoof,kk,unknown,ksc_derived_kk_v4_espeakng:profile:espeakng_kazakh_formant:kk:w200:p65:a100,ksc_derived_kk_v4_espeakng,KSC text CC-BY-4.0; eSpeak NG GPL-3.0-or-later,Offline derivative for personal research from KSC transcript ksc_slr102:5f60661852b5c; eSpeak NG GPL-3.0-or-later; bundled Ubuntu runtime packages retain their declared package licenses; no voice cloning,ksc_derived_kk_v4_espeakng:synthetic-voice:espeakng_kazakh_formant:kk:w200:p65:a100,ksc_slr102:5f60661852b5c,404feebe531ee8256880a2d31f2e6594cbe756b29583872da42228171b9d633e,4.63968253968254,formant_rule_based_tts,eSpeak NG Kazakh formant synthesizer,eSpeak NG 1.52.0 source-4870adfa25b1a32b4361592f1be8a40337c58d6c; Ubuntu 1.52.0+dfsg-5build1 runtime packages,espeakng_kazakh_formant:kk:w200:p65:a100,not_applicable:pretrained-tts-no-local-voice-cloning,local_cpu_espeakng_formant,offline_formant_tts,22050,wav,none,,2026-08-10T00:00:00Z
ksc_derived_kk_v4_espeakng:9ed823c97d1a31b3,raw/ksc_derived_kk_v4_espeakng/slices/espeakng-407/espeakng_kazakh_formant/5f58c6634e8f1.wav,cd086fdaf30e06c4d79f1c4f0b5e0b2cb772431acf87745664820564eb03c0cd,test,spoof,kk,unknown,ksc_derived_kk_v4_espeakng:profile:espeakng_kazakh_formant:kk:w225:p35:a100,ksc_derived_kk_v4_espeakng,KSC text CC-BY-4.0; eSpeak NG GPL-3.0-or-later,Offline derivative for personal research from KSC transcript ksc_slr102:5f58c6634e8f1; eSpeak NG GPL-3.0-or-later; bundled Ubuntu runtime packages retain their declared package licenses; no voice cloning,ksc_derived_kk_v4_espeakng:synthetic-voice:espeakng_kazakh_formant:kk:w225:p35:a100,ksc_slr102:5f58c6634e8f1,3cdf4f2d95c7291425e512d66b106897dcd92ce57d097ab34023fabd0bb4f473,5.998684807256236,formant_rule_based_tts,eSpeak NG Kazakh formant synthesizer,eSpeak NG 1.52.0 source-4870adfa25b1a32b4361592f1be8a40337c58d6c; Ubuntu 1.52.0+dfsg-5build1 runtime packages,espeakng_kazakh_formant:kk:w225:p35:a100,not_applicable:pretrained-tts-no-local-voice-cloning,local_cpu_espeakng_formant,offline_formant_tts,22050,wav,none,,2026-08-10T00:00:00Z
ksc_derived_kk_v4_espeakng:06861e8d0bb2cce6,raw/ksc_derived_kk_v4_espeakng/slices/espeakng-407/espeakng_kazakh_formant/5f5795e949bbb.wav,250bde61cc20c10cada70358d751df2c7d776613fa2e633f8f6d26a2e63fb11c,test,spoof,kk,unknown,ksc_derived_kk_v4_espeakng:profile:espeakng_kazakh_formant:kk:w225:p50:a100,ksc_derived_kk_v4_espeakng,KSC text CC-BY-4.0; eSpeak NG GPL-3.0-or-later,Offline derivative for personal research from KSC transcript ksc_slr102:5f5795e949bbb; eSpeak NG GPL-3.0-or-later; bundled Ubuntu runtime packages retain their declared package licenses; no voice cloning,ksc_derived_kk_v4_espeakng:synthetic-voice:espeakng_kazakh_formant:kk:w225:p50:a100,ksc_slr102:5f5795e949bbb,c8ec26d2f920a46f15cddf07a34c99c149ef8a1f6d76be7865741f0d208acf7e,5.249206349206349,formant_rule_based_tts,eSpeak NG Kazakh formant synthesizer,eSpeak NG 1.52.0 source-4870adfa25b1a32b4361592f1be8a40337c58d6c; Ubuntu 1.52.0+dfsg-5build1 runtime packages,espeakng_kazakh_formant:kk:w225:p50:a100,not_applicable:pretrained-tts-no-local-voice-cloning,local_cpu_espeakng_formant,offline_formant_tts,22050,wav,none,,2026-08-10T00:00:00Z
ksc_derived_kk_v4_espeakng:8932d5e308ce6481,raw/ksc_derived_kk_v4_espeakng/slices/espeakng-407/espeakng_kazakh_formant/5f59ef0940bb4.wav,78be1a8dc372cb27d4d8854abe672da0e5eaab0d3088fb68a8ccfefd3b521b37,test,spoof,kk,unknown,ksc_derived_kk_v4_espeakng:profile:espeakng_kazakh_formant:kk:w225:p65:a100,ksc_derived_kk_v4_espeakng,KSC text CC-BY-4.0; eSpeak NG GPL-3.0-or-later,Offline derivative for personal research from KSC transcript ksc_slr102:5f59ef0940bb4; eSpeak NG GPL-3.0-or-later; bundled Ubuntu runtime packages retain their declared package licenses; no voice cloning,ksc_derived_kk_v4_espeakng:synthetic-voice:espeakng_kazakh_formant:kk:w225:p65:a100,ksc_slr102:5f59ef0940bb4,2f203865de986439e0ebea427bc49644b14fa23864182e79850d5bc3ec7c4329,1.6979591836734693,formant_rule_based_tts,eSpeak NG Kazakh formant synthesizer,eSpeak NG 1.52.0 source-4870adfa25b1a32b4361592f1be8a40337c58d6c; Ubuntu 1.52.0+dfsg-5build1 runtime packages,espeakng_kazakh_formant:kk:w225:p65:a100,not_applicable:pretrained-tts-no-local-voice-cloning,local_cpu_espeakng_formant,offline_formant_tts,22050,wav,none,,2026-08-10T00:00:00Z
ksc_derived_kk_v4_espeakng:ad494323e9546c6b,raw/ksc_derived_kk_v4_espeakng/slices/espeakng-407/espeakng_kazakh_formant/5f5f4fde497f6.wav,167f1a09b10c92ae2e3d8adc9c9b2ad42c616f4018785149695dcbc651e4327f,test,spoof,kk,unknown,ksc_derived_kk_v4_espeakng:profile:espeakng_kazakh_formant:kk:w150:p35:a100,ksc_derived_kk_v4_espeakng,KSC text CC-BY-4.0; eSpeak NG GPL-3.0-or-later,Offline derivative for personal research from KSC transcript ksc_slr102:5f5f4fde497f6; eSpeak NG GPL-3.0-or-later; bundled Ubuntu runtime packages retain their declared package licenses; no voice cloning,ksc_derived_kk_v4_espeakng:synthetic-voice:espeakng_kazakh_formant:kk:w150:p35:a100,ksc_slr102:5f5f4fde497f6,1a31096940d664ca6931ddd5119cd42eae8c3a9e1911db5182f9ec2838519ea9,6.271700680272109,formant_rule_based_tts,eSpeak NG Kazakh formant synthesizer,eSpeak NG 1.52.0 source-4870adfa25b1a32b4361592f1be8a40337c58d6c; Ubuntu 1.52.0+dfsg-5build1 runtime packages,espeakng_kazakh_formant:kk:w150:p35:a100,not_applicable:pretrained-tts-no-local-voice-cloning,local_cpu_espeakng_formant,offline_formant_tts,22050,wav,none,,2026-08-10T00:00:00Z
ksc_derived_kk_v4_espeakng:d7c9e4b8bf7ea4fa,raw/ksc_derived_kk_v4_espeakng/slices/espeakng-407/espeakng_kazakh_formant/5f58c7a66378d.wav,663a12555203b09692dcffaff7d823e10b65193df0eb4dbeda60ce5c01036ee5,test,spoof,kk,unknown,ksc_derived_kk_v4_espeakng:profile:espeakng_kazakh_formant:kk:w150:p50:a100,ksc_derived_kk_v4_espeakng,KSC text CC-BY-4.0; eSpeak NG GPL-3.0-or-later,Offline derivative for personal research from KSC transcript ksc_slr102:5f58c7a66378d; eSpeak NG GPL-3.0-or-later; bundled Ubuntu runtime packages retain their declared package licenses; no voice cloning,ksc_derived_kk_v4_espeakng:synthetic-voice:espeakng_kazakh_formant:kk:w150:p50:a100,ksc_slr102:5f58c7a66378d,7ddc6d9627d9a6751f10bb628cf2bb9d3031b28712ef4fb010559c42646c92a6,13.749478458049886,formant_rule_based_tts,eSpeak NG Kazakh formant synthesizer,eSpeak NG 1.52.0 source-4870adfa25b1a32b4361592f1be8a40337c58d6c; Ubuntu 1.52.0+dfsg-5build1 runtime packages,espeakng_kazakh_formant:kk:w150:p50:a100,not_applicable:pretrained-tts-no-local-voice-cloning,local_cpu_espeakng_formant,offline_formant_tts,22050,wav,none,,2026-08-10T00:00:00Z
ksc_derived_kk_v4_espeakng:b8489eb824ab28c2,raw/ksc_derived_kk_v4_espeakng/slices/espeakng-407/espeakng_kazakh_formant/5f59b98dd1bc2.wav,aa1240bf63c7d375bf8b8ab32a09d61c6a6605e105cbf06de6c0a504e494d7cf,test,spoof,kk,unknown,ksc_derived_kk_v4_espeakng:profile:espeakng_kazakh_formant:kk:w150:p65:a100,ksc_derived_kk_v4_espeakng,KSC text CC-BY-4.0; eSpeak NG GPL-3.0-or-later,Offline derivative for personal research from KSC transcript ksc_slr102:5f59b98dd1bc2; eSpeak NG GPL-3.0-or-later; bundled Ubuntu runtime packages retain their declared package licenses; no voice cloning,ksc_derived_kk_v4_espeakng:synthetic-voice:espeakng_kazakh_formant:kk:w150:p65:a100,ksc_slr102:5f59b98dd1bc2,803570b7bea5f23371f7114d68bb516ab0f532a17b8ca700f2b280628ca6643e,6.3059410430839,formant_rule_based_tts,eSpeak NG Kazakh formant synthesizer,eSpeak NG 1.52.0 source-4870adfa25b1a32b4361592f1be8a40337c58d6c; Ubuntu 1.52.0+dfsg-5build1 runtime packages,espeakng_kazakh_formant:kk:w150:p65:a100,not_applicable:pretrained-tts-no-local-voice-cloning,local_cpu_espeakng_formant,offline_formant_tts,22050,wav,none,,2026-08-10T00:00:00Z
ksc_derived_kk_v4_espeakng:bc82d7520b8d0985,raw/ksc_derived_kk_v4_espeakng/slices/espeakng-407/espeakng_kazakh_formant/5f59ed5c9017a.wav,b8eca95bcb46849e53c081a5ef065e7b59736fec4c5c16ff84b831c203db8ed0,test,spoof,kk,unknown,ksc_derived_kk_v4_espeakng:profile:espeakng_kazakh_formant:kk:w175:p35:a100,ksc_derived_kk_v4_espeakng,KSC text CC-BY-4.0; eSpeak NG GPL-3.0-or-later,Offline derivative for personal research from KSC transcript ksc_slr102:5f59ed5c9017a; eSpeak NG GPL-3.0-or-later; bundled Ubuntu runtime packages retain their declared package licenses; no voice cloning,ksc_derived_kk_v4_espeakng:synthetic-voice:espeakng_kazakh_formant:kk:w175:p35:a100,ksc_slr102:5f59ed5c9017a,9006dedbe494ab4f04f347cbddcb82087eaa3661f9919adfbf1694639f5f5e00,6.503945578231293,formant_rule_based_tts,eSpeak NG Kazakh formant synthesizer,eSpeak NG 1.52.0 source-4870adfa25b1a32b4361592f1be8a40337c58d6c; Ubuntu 1.52.0+dfsg-5build1 runtime packages,espeakng_kazakh_formant:kk:w175:p35:a100,not_applicable:pretrained-tts-no-local-voice-cloning,local_cpu_espeakng_formant,offline_formant_tts,22050,wav,none,,2026-08-10T00:00:00Z
ksc_derived_kk_v4_espeakng:050d39b3af42a868,raw/ksc_derived_kk_v4_espeakng/slices/espeakng-407/espeakng_kazakh_formant/5f57a36d8337b.wav,8d5e69a7716d62c393f2dc0cab5aff4e1e54ffa025d14b32cda6eb407e22f302,test,spoof,kk,unknown,ksc_derived_kk_v4_espeakng:profile:espeakng_kazakh_formant:kk:w175:p50:a100,ksc_derived_kk_v4_espeakng,KSC text CC-BY-4.0; eSpeak NG GPL-3.0-or-later,Offline derivative for personal research from KSC transcript ksc_slr102:5f57a36d8337b; eSpeak NG GPL-3.0-or-later; bundled Ubuntu runtime packages retain their declared package licenses; no voice cloning,ksc_derived_kk_v4_espeakng:synthetic-voice:espeakng_kazakh_formant:kk:w175:p50:a100,ksc_slr102:5f57a36d8337b,098f9465c8c38c0f673d2d14c9f018f143e65aa23c9a2eec88a42b924bc4de62,6.817959183673469,formant_rule_based_tts,eSpeak NG Kazakh formant synthesizer,eSpeak NG 1.52.0 source-4870adfa25b1a32b4361592f1be8a40337c58d6c; Ubuntu 1.52.0+dfsg-5build1 runtime packages,espeakng_kazakh_formant:kk:w175:p50:a100,not_applicable:pretrained-tts-no-local-voice-cloning,local_cpu_espeakng_formant,offline_formant_tts,22050,wav,none,,2026-08-10T00:00:00Z
ksc_derived_kk_v4_espeakng:755205ce512804da,raw/ksc_derived_kk_v4_espeakng/slices/espeakng-407/espeakng_kazakh_formant/5f60be1c85a7d.wav,ac49b789a5908345292cbd052f850c855f01ad542310636272a49f479a96a5f7,test,spoof,kk,unknown,ksc_derived_kk_v4_espeakng:profile:espeakng_kazakh_formant:kk:w175:p65:a100,ksc_derived_kk_v4_espeakng,KSC text CC-BY-4.0; eSpeak NG GPL-3.0-or-later,Offline derivative for personal research from KSC transcript ksc_slr102:5f60be1c85a7d; eSpeak NG GPL-3.0-or-later; bundled Ubuntu runtime packages retain their declared package licenses; no voice cloning,ksc_derived_kk_v4_espeakng:synthetic-voice:espeakng_kazakh_formant:kk:w175:p65:a100,ksc_slr102:5f60be1c85a7d,3617537d1ca50bcc6e84d369a268b447d960e09c5820293020e40e695af67e04,3.221360544217687,formant_rule_based_tts,eSpeak NG Kazakh formant synthesizer,eSpeak NG 1.52.0 source-4870adfa25b1a32b4361592f1be8a40337c58d6c; Ubuntu 1.52.0+dfsg-5build1 runtime packages,espeakng_kazakh_formant:kk:w175:p65:a100,not_applicable:pretrained-tts-no-local-voice-cloning,local_cpu_espeakng_formant,offline_formant_tts,22050,wav,none,,2026-08-10T00:00:00Z
ksc_derived_kk_v4_espeakng:3a1cbae82829c918,raw/ksc_derived_kk_v4_espeakng/slices/espeakng-407/espeakng_kazakh_formant/5f60c8fca2dd0.wav,81a7c8b6d416aa9ab016a6ba3cd636df3a2bfc3145a02ccfc16acf78b902c4f2,test,spoof,kk,unknown,ksc_derived_kk_v4_espeakng:profile:espeakng_kazakh_formant:kk:w200:p35:a100,ksc_derived_kk_v4_espeakng,KSC text CC-BY-4.0; eSpeak NG GPL-3.0-or-later,Offline derivative for personal research from KSC transcript ksc_slr102:5f60c8fca2dd0; eSpeak NG GPL-3.0-or-later; bundled Ubuntu runtime packages retain their declared package licenses; no voice cloning,ksc_derived_kk_v4_espeakng:synthetic-voice:espeakng_kazakh_formant:kk:w200:p35:a100,ksc_slr102:5f60c8fca2dd0,aa7d4e003c0d7abe36c3be7d49d92e3c08e7551a25a351904cdf5db4008c045d,3.4839909297052154,formant_rule_based_tts,eSpeak NG Kazakh formant synthesizer,eSpeak NG 1.52.0 source-4870adfa25b1a32b4361592f1be8a40337c58d6c; Ubuntu 1.52.0+dfsg-5build1 runtime packages,espeakng_kazakh_formant:kk:w200:p35:a100,not_applicable:pretrained-tts-no-local-voice-cloning,local_cpu_espeakng_formant,offline_formant_tts,22050,wav,none,,2026-08-10T00:00:00Z
ksc_derived_kk_v4_espeakng:fb34d5070bd9943d,raw/ksc_derived_kk_v4_espeakng/slices/espeakng-407/espeakng_kazakh_formant/5f61dfa22c24a.wav,0e2de12fda4a6450501c6c4f72ad03063e0fc4e9e49b5769c28d0d7b86f4c43c,test,spoof,kk,unknown,ksc_derived_kk_v4_espeakng:profile:espeakng_kazakh_formant:kk:w200:p50:a100,ksc_derived_kk_v4_espeakng,KSC text CC-BY-4.0; eSpeak NG GPL-3.0-or-later,Offline derivative for personal research from KSC transcript ksc_slr102:5f61dfa22c24a; eSpeak NG GPL-3.0-or-later; bundled Ubuntu runtime packages retain their declared package licenses; no voice cloning,ksc_derived_kk_v4_espeakng:synthetic-voice:espeakng_kazakh_formant:kk:w200:p50:a100,ksc_slr102:5f61dfa22c24a,abd344f42f871a1c1b18609e19a2b97dd32e7021181fcba6259dd988d7224d8f,4.435328798185941,formant_rule_based_tts,eSpeak NG Kazakh formant synthesizer,eSpeak NG 1.52.0 source-4870adfa25b1a32b4361592f1be8a40337c58d6c; Ubuntu 1.52.0+dfsg-5build1 runtime packages,espeakng_kazakh_formant:kk:w200:p50:a100,not_applicable:pretrained-tts-no-local-voice-cloning,local_cpu_espeakng_formant,offline_formant_tts,22050,wav,none,,2026-08-10T00:00:00Z
ksc_derived_kk_v4_espeakng:213ac27b3f104591,raw/ksc_derived_kk_v4_espeakng/slices/espeakng-407/espeakng_kazakh_formant/5f5a55db9bf63.wav,a76fb3fdbb7ba427ea7af33ebab6deecfa0e39e4a6b347adf628f7d7d48d65f9,test,spoof,kk,unknown,ksc_derived_kk_v4_espeakng:profile:espeakng_kazakh_formant:kk:w200:p65:a100,ksc_derived_kk_v4_espeakng,KSC text CC-BY-4.0; eSpeak NG GPL-3.0-or-later,Offline derivative for personal research from KSC transcript ksc_slr102:5f5a55db9bf63; eSpeak NG GPL-3.0-or-later; bundled Ubuntu runtime packages retain their declared package licenses; no voice cloning,ksc_derived_kk_v4_espeakng:synthetic-voice:espeakng_kazakh_formant:kk:w200:p65:a100,ksc_slr102:5f5a55db9bf63,ba6bd9c055a6fff1a0f3a88547cb2c6722278a22e3050347f58457b77900308c,5.279546485260771,formant_rule_based_tts,eSpeak NG Kazakh formant synthesizer,eSpeak NG 1.52.0 source-4870adfa25b1a32b4361592f1be8a40337c58d6c; Ubuntu 1.52.0+dfsg-5build1 runtime packages,espeakng_kazakh_formant:kk:w200:p65:a100,not_applicable:pretrained-tts-no-local-voice-cloning,local_cpu_espeakng_formant,offline_formant_tts,22050,wav,none,,2026-08-10T00:00:00Z
ksc_derived_kk_v4_espeakng:a7631616a103e1d2,raw/ksc_derived_kk_v4_espeakng/slices/espeakng-407/espeakng_kazakh_formant/5f5a5bf11a551.wav,040b4a215b98b4992f08a000b09d133634d828d4f0c750c7c4ce439515b9b7a9,test,spoof,kk,unknown,ksc_derived_kk_v4_espeakng:profile:espeakng_kazakh_formant:kk:w225:p35:a100,ksc_derived_kk_v4_espeakng,KSC text CC-BY-4.0; eSpeak NG GPL-3.0-or-later,Offline derivative for personal research from KSC transcript ksc_slr102:5f5a5bf11a551; eSpeak NG GPL-3.0-or-later; bundled Ubuntu runtime packages retain their declared package licenses; no voice cloning,ksc_derived_kk_v4_espeakng:synthetic-voice:espeakng_kazakh_formant:kk:w225:p35:a100,ksc_slr102:5f5a5bf11a551,be8f6c5aff11e7053e005d98274eaf258c52c0303189b8838f4d1b22cbcccf2b,4.256507936507936,formant_rule_based_tts,eSpeak NG Kazakh formant synthesizer,eSpeak NG 1.52.0 source-4870adfa25b1a32b4361592f1be8a40337c58d6c; Ubuntu 1.52.0+dfsg-5build1 runtime packages,espeakng_kazakh_formant:kk:w225:p35:a100,not_applicable:pretrained-tts-no-local-voice-cloning,local_cpu_espeakng_formant,offline_formant_tts,22050,wav,none,,2026-08-10T00:00:00Z
ksc_derived_kk_v4_espeakng:6bf175dd74d5ada7,raw/ksc_derived_kk_v4_espeakng/slices/espeakng-407/espeakng_kazakh_formant/5f60c27bd1e23.wav,ead4267410f20c10425ad879cc0d93f3fc392ebe5583f3a2d812cb0cda4387c3,test,spoof,kk,unknown,ksc_derived_kk_v4_espeakng:profile:espeakng_kazakh_formant:kk:w225:p50:a100,ksc_derived_kk_v4_espeakng,KSC text CC-BY-4.0; eSpeak NG GPL-3.0-or-later,Offline derivative for personal research from KSC transcript ksc_slr102:5f60c27bd1e23; eSpeak NG GPL-3.0-or-later; bundled Ubuntu runtime packages retain their declared package licenses; no voice cloning,ksc_derived_kk_v4_espeakng:synthetic-voice:espeakng_kazakh_formant:kk:w225:p50:a100,ksc_slr102:5f60c27bd1e23,9d7c886fe628d7027338333c7077585272f90f2c8623644c0fe007b29d2f9eff,3.5303401360544218,formant_rule_based_tts,eSpeak NG Kazakh formant synthesizer,eSpeak NG 1.52.0 source-4870adfa25b1a32b4361592f1be8a40337c58d6c; Ubuntu 1.52.0+dfsg-5build1 runtime packages,espeakng_kazakh_formant:kk:w225:p50:a100,not_applicable:pretrained-tts-no-local-voice-cloning,local_cpu_espeakng_formant,offline_formant_tts,22050,wav,none,,2026-08-10T00:00:00Z
ksc_derived_kk_v4_espeakng:adef90894d3cc317,raw/ksc_derived_kk_v4_espeakng/slices/espeakng-407/espeakng_kazakh_formant/5f2b0918b3a78.wav,538bcacd1b3040d11882bae200536448c3a4d51bc942f3c69360088d19868234,test,spoof,kk,unknown,ksc_derived_kk_v4_espeakng:profile:espeakng_kazakh_formant:kk:w225:p65:a100,ksc_derived_kk_v4_espeakng,KSC text CC-BY-4.0; eSpeak NG GPL-3.0-or-later,Offline derivative for personal research from KSC transcript ksc_slr102:5f2b0918b3a78; eSpeak NG GPL-3.0-or-later; bundled Ubuntu runtime packages retain their declared package licenses; no voice cloning,ksc_derived_kk_v4_espeakng:synthetic-voice:espeakng_kazakh_formant:kk:w225:p65:a100,ksc_slr102:5f2b0918b3a78,4f79a700138e9b7997e270609fe3dfdacd88828ef4e3b032b6f9e9e967b38438,10.077006802721089,formant_rule_based_tts,eSpeak NG Kazakh formant synthesizer,eSpeak NG 1.52.0 source-4870adfa25b1a32b4361592f1be8a40337c58d6c; Ubuntu 1.52.0+dfsg-5build1 runtime packages,espeakng_kazakh_formant:kk:w225:p65:a100,not_applicable:pretrained-tts-no-local-voice-cloning,local_cpu_espeakng_formant,offline_formant_tts,22050,wav,none,,2026-08-10T00:00:00Z
ksc_derived_kk_v4_espeakng:1c05ad4660b388f6,raw/ksc_derived_kk_v4_espeakng/slices/espeakng-407/espeakng_kazakh_formant/5f6181391925d.wav,8e4c09a558523985054a3a3d1a0572562e6474d1cc9fad18c91b1dcccc2fc6db,test,spoof,kk,unknown,ksc_derived_kk_v4_espeakng:profile:espeakng_kazakh_formant:kk:w150:p35:a100,ksc_derived_kk_v4_espeakng,KSC text CC-BY-4.0; eSpeak NG GPL-3.0-or-later,Offline derivative for personal research from KSC transcript ksc_slr102:5f6181391925d; eSpeak NG GPL-3.0-or-later; bundled Ubuntu runtime packages retain their declared package licenses; no voice cloning,ksc_derived_kk_v4_espeakng:synthetic-voice:espeakng_kazakh_formant:kk:w150:p35:a100,ksc_slr102:5f6181391925d,329e5b539f8a5c6e7e10965a8fa44aebc6b9d350bc7674ccc8fbb810ae6a0715,10.160907029478459,formant_rule_based_tts,eSpeak NG Kazakh formant synthesizer,eSpeak NG 1.52.0 source-4870adfa25b1a32b4361592f1be8a40337c58d6c; Ubuntu 1.52.0+dfsg-5build1 runtime packages,espeakng_kazakh_formant:kk:w150:p35:a100,not_applicable:pretrained-tts-no-local-voice-cloning,local_cpu_espeakng_formant,offline_formant_tts,22050,wav,none,,2026-08-10T00:00:00Z
ksc_derived_kk_v4_espeakng:a9d2e660de407ca8,raw/ksc_derived_kk_v4_espeakng/slices/espeakng-407/espeakng_kazakh_formant/5f60e79fae39e.wav,e5fb4bbeed4bac6cb77771744fff8a96688fee8e92dd8e372851c5f68c6a81da,test,spoof,kk,unknown,ksc_derived_kk_v4_espeakng:profile:espeakng_kazakh_formant:kk:w150:p50:a100,ksc_derived_kk_v4_espeakng,KSC text CC-BY-4.0; eSpeak NG GPL-3.0-or-later,Offline derivative for personal research from KSC transcript ksc_slr102:5f60e79fae39e; eSpeak NG GPL-3.0-or-later; bundled Ubuntu runtime packages retain their declared package licenses; no voice cloning,ksc_derived_kk_v4_espeakng:synthetic-voice:espeakng_kazakh_formant:kk:w150:p50:a100,ksc_slr102:5f60e79fae39e,9c6cab494a909315bc8da54dc68e7c48cdafe530fa8dc53e5f574004d25cff42,4.1099319727891155,formant_rule_based_tts,eSpeak NG Kazakh formant synthesizer,eSpeak NG 1.52.0 source-4870adfa25b1a32b4361592f1be8a40337c58d6c; Ubuntu 1.52.0+dfsg-5build1 runtime packages,espeakng_kazakh_formant:kk:w150:p50:a100,not_applicable:pretrained-tts-no-local-voice-cloning,local_cpu_espeakng_formant,offline_formant_tts,22050,wav,none,,2026-08-10T00:00:00Z
ksc_derived_kk_v4_espeakng:fb222b83023b69ef,raw/ksc_derived_kk_v4_espeakng/slices/espeakng-407/espeakng_kazakh_formant/5f5efd2eb0784.wav,8922644d6fdb7a6b1a207e62d061b4ee352bbbaef71a48b2e492d120d1158fe6,test,spoof,kk,unknown,ksc_derived_kk_v4_espeakng:profile:espeakng_kazakh_formant:kk:w150:p65:a100,ksc_derived_kk_v4_espeakng,KSC text CC-BY-4.0; eSpeak NG GPL-3.0-or-later,Offline derivative for personal research from KSC transcript ksc_slr102:5f5efd2eb0784; eSpeak NG GPL-3.0-or-later; bundled Ubuntu runtime packages retain their declared package licenses; no voice cloning,ksc_derived_kk_v4_espeakng:synthetic-voice:espeakng_kazakh_formant:kk:w150:p65:a100,ksc_slr102:5f5efd2eb0784,42cb5d1e7fd36773ca9c7b139c9df618a51f57fb15dbcefb11a7175ad20c38bb,4.174467120181406,formant_rule_based_tts,eSpeak NG Kazakh formant synthesizer,eSpeak NG 1.52.0 source-4870adfa25b1a32b4361592f1be8a40337c58d6c; Ubuntu 1.52.0+dfsg-5build1 runtime packages,espeakng_kazakh_formant:kk:w150:p65:a100,not_applicable:pretrained-tts-no-local-voice-cloning,local_cpu_espeakng_formant,offline_formant_tts,22050,wav,none,,2026-08-10T00:00:00Z
ksc_derived_kk_v4_espeakng:1247ec05651b5860,raw/ksc_derived_kk_v4_espeakng/slices/espeakng-407/espeakng_kazakh_formant/5f60cb2916eb0.wav,b32eb0d64c94edbe15d580552a28a4e893e848459a5a19b28841bc745fb3aad8,test,spoof,kk,unknown,ksc_derived_kk_v4_espeakng:profile:espeakng_kazakh_formant:kk:w175:p35:a100,ksc_derived_kk_v4_espeakng,KSC text CC-BY-4.0; eSpeak NG GPL-3.0-or-later,Offline derivative for personal research from KSC transcript ksc_slr102:5f60cb2916eb0; eSpeak NG GPL-3.0-or-later; bundled Ubuntu runtime packages retain their declared package licenses; no voice cloning,ksc_derived_kk_v4_espeakng:synthetic-voice:espeakng_kazakh_formant:kk:w175:p35:a100,ksc_slr102:5f60cb2916eb0,12e0e0df86b6bd760d77772f77e02ef0470cd5189f291b3d204a95a77bd2c8fd,5.598956916099773,formant_rule_based_tts,eSpeak NG Kazakh formant synthesizer,eSpeak NG 1.52.0 source-4870adfa25b1a32b4361592f1be8a40337c58d6c; Ubuntu 1.52.0+dfsg-5build1 runtime packages,espeakng_kazakh_formant:kk:w175:p35:a100,not_applicable:pretrained-tts-no-local-voice-cloning,local_cpu_espeakng_formant,offline_formant_tts,22050,wav,none,,2026-08-10T00:00:00Z
ksc_derived_kk_v4_espeakng:173ed267eb7a81ad,raw/ksc_derived_kk_v4_espeakng/slices/espeakng-407/espeakng_kazakh_formant/5f61ec77e20a5.wav,034ae6f35548403ea879e26b4ab560578beffd2be967c89694ea6f02385500a7,test,spoof,kk,unknown,ksc_derived_kk_v4_espeakng:profile:espeakng_kazakh_formant:kk:w175:p50:a100,ksc_derived_kk_v4_espeakng,KSC text CC-BY-4.0; eSpeak NG GPL-3.0-or-later,Offline derivative for personal research from KSC transcript ksc_slr102:5f61ec77e20a5; eSpeak NG GPL-3.0-or-later; bundled Ubuntu runtime packages retain their declared package licenses; no voice cloning,ksc_derived_kk_v4_espeakng:synthetic-voice:espeakng_kazakh_formant:kk:w175:p50:a100,ksc_slr102:5f61ec77e20a5,23a51124ccbc746686de6c836d8161c3fc52b74c041efe7a4af44da5bfcf1397,5.073015873015873,formant_rule_based_tts,eSpeak NG Kazakh formant synthesizer,eSpeak NG 1.52.0 source-4870adfa25b1a32b4361592f1be8a40337c58d6c; Ubuntu 1.52.0+dfsg-5build1 runtime packages,espeakng_kazakh_formant:kk:w175:p50:a100,not_applicable:pretrained-tts-no-local-voice-cloning,local_cpu_espeakng_formant,offline_formant_tts,22050,wav,none,,2026-08-10T00:00:00Z
ksc_derived_kk_v4_espeakng:cd04844f0c8c2d7e,raw/ksc_derived_kk_v4_espeakng/slices/espeakng-407/espeakng_kazakh_formant/5f633fcbe1dc6.wav,962dfb243160a273b8b9ebdccb3c05df0e344d8b7920e3c535ab0237ec1c07c4,test,spoof,kk,unknown,ksc_derived_kk_v4_espeakng:profile:espeakng_kazakh_formant:kk:w175:p65:a100,ksc_derived_kk_v4_espeakng,KSC text CC-BY-4.0; eSpeak NG GPL-3.0-or-later,Offline derivative for personal research from KSC transcript ksc_slr102:5f633fcbe1dc6; eSpeak NG GPL-3.0-or-later; bundled Ubuntu runtime packages retain their declared package licenses; no voice cloning,ksc_derived_kk_v4_espeakng:synthetic-voice:espeakng_kazakh_formant:kk:w175:p65:a100,ksc_slr102:5f633fcbe1dc6,f03d7637b3157218e0feb8ea78ff230e6b7791918569e0aa7e3c9d026526d7d2,3.0336961451247166,formant_rule_based_tts,eSpeak NG Kazakh formant synthesizer,eSpeak NG 1.52.0 source-4870adfa25b1a32b4361592f1be8a40337c58d6c; Ubuntu 1.52.0+dfsg-5build1 runtime packages,espeakng_kazakh_formant:kk:w175:p65:a100,not_applicable:pretrained-tts-no-local-voice-cloning,local_cpu_espeakng_formant,offline_formant_tts,22050,wav,none,,2026-08-10T00:00:00Z
ksc_derived_kk_v4_espeakng:6c41d66ec65de8c6,raw/ksc_derived_kk_v4_espeakng/slices/espeakng-407/espeakng_kazakh_formant/5f59b8f359a0a.wav,b980c29885b3925c8f99bbe2f7875559bab005163d9a43f94228f10ff609e794,test,spoof,kk,unknown,ksc_derived_kk_v4_espeakng:profile:espeakng_kazakh_formant:kk:w200:p35:a100,ksc_derived_kk_v4_espeakng,KSC text CC-BY-4.0; eSpeak NG GPL-3.0-or-later,Offline derivative for personal research from KSC transcript ksc_slr102:5f59b8f359a0a; eSpeak NG GPL-3.0-or-later; bundled Ubuntu runtime packages retain their declared package licenses; no voice cloning,ksc_derived_kk_v4_espeakng:synthetic-voice:espeakng_kazakh_formant:kk:w200:p35:a100,ksc_slr102:5f59b8f359a0a,db6ad25c07d29d8ef56e93035afc58e3df4ed732b2ef94361e242ba30b0a263c,5.072834467120181,formant_rule_based_tts,eSpeak NG Kazakh formant synthesizer,eSpeak NG 1.52.0 source-4870adfa25b1a32b4361592f1be8a40337c58d6c; Ubuntu 1.52.0+dfsg-5build1 runtime packages,espeakng_kazakh_formant:kk:w200:p35:a100,not_applicable:pretrained-tts-no-local-voice-cloning,local_cpu_espeakng_formant,offline_formant_tts,22050,wav,none,,2026-08-10T00:00:00Z
ksc_derived_kk_v4_espeakng:9460b418d424ead1,raw/ksc_derived_kk_v4_espeakng/slices/espeakng-407/espeakng_kazakh_formant/5f2b0a9593150.wav,f924ca2d9c688537c0a4cd37225a65c4673d5eddd4f990326168b463c22a5bfc,test,spoof,kk,unknown,ksc_derived_kk_v4_espeakng:profile:espeakng_kazakh_formant:kk:w200:p50:a100,ksc_derived_kk_v4_espeakng,KSC text CC-BY-4.0; eSpeak NG GPL-3.0-or-later,Offline derivative for personal research from KSC transcript ksc_slr102:5f2b0a9593150; eSpeak NG GPL-3.0-or-later; bundled Ubuntu runtime packages retain their declared package licenses; no voice cloning,ksc_derived_kk_v4_espeakng:synthetic-voice:espeakng_kazakh_formant:kk:w200:p50:a100,ksc_slr102:5f2b0a9593150,9cf7ee81e9a6a633b7b2ead60fc0830333e9167dd6f50b6e5e73b3df1abb1645,2.360816326530612,formant_rule_based_tts,eSpeak NG Kazakh formant synthesizer,eSpeak NG 1.52.0 source-4870adfa25b1a32b4361592f1be8a40337c58d6c; Ubuntu 1.52.0+dfsg-5build1 runtime packages,espeakng_kazakh_formant:kk:w200:p50:a100,not_applicable:pretrained-tts-no-local-voice-cloning,local_cpu_espeakng_formant,offline_formant_tts,22050,wav,none,,2026-08-10T00:00:00Z
ksc_derived_kk_v4_espeakng:aaf0b91e0983e579,raw/ksc_derived_kk_v4_espeakng/slices/espeakng-407/espeakng_kazakh_formant/5f6057a89fc3b.wav,4ad902172d02c8f3bf6e82cb73e47ef962805837b18a07998db9e0eb13be5100,test,spoof,kk,unknown,ksc_derived_kk_v4_espeakng:profile:espeakng_kazakh_formant:kk:w200:p65:a100,ksc_derived_kk_v4_espeakng,KSC text CC-BY-4.0; eSpeak NG GPL-3.0-or-later,Offline derivative for personal research from KSC transcript ksc_slr102:5f6057a89fc3b; eSpeak NG GPL-3.0-or-later; bundled Ubuntu runtime packages retain their declared package licenses; no voice cloning,ksc_derived_kk_v4_espeakng:synthetic-voice:espeakng_kazakh_formant:kk:w200:p65:a100,ksc_slr102:5f6057a89fc3b,42067f6941b6d0fc619178c2c84803f3bf76425816ca9adc59e3e44fd230c9b2,4.182176870748299,formant_rule_based_tts,eSpeak NG Kazakh formant synthesizer,eSpeak NG 1.52.0 source-4870adfa25b1a32b4361592f1be8a40337c58d6c; Ubuntu 1.52.0+dfsg-5build1 runtime packages,espeakng_kazakh_formant:kk:w200:p65:a100,not_applicable:pretrained-tts-no-local-voice-cloning,local_cpu_espeakng_formant,offline_formant_tts,22050,wav,none,,2026-08-10T00:00:00Z
ksc_derived_kk_v4_espeakng:f243bc6d8cae9ad4,raw/ksc_derived_kk_v4_espeakng/slices/espeakng-407/espeakng_kazakh_formant/5f5fa48da66ff.wav,69c088ebde1938a80973353c2a56767bb22210f7bda9a6de8823385e36788495,test,spoof,kk,unknown,ksc_derived_kk_v4_espeakng:profile:espeakng_kazakh_formant:kk:w225:p35:a100,ksc_derived_kk_v4_espeakng,KSC text CC-BY-4.0; eSpeak NG GPL-3.0-or-later,Offline derivative for personal research from KSC transcript ksc_slr102:5f5fa48da66ff; eSpeak NG GPL-3.0-or-later; bundled Ubuntu runtime packages retain their declared package licenses; no voice cloning,ksc_derived_kk_v4_espeakng:synthetic-voice:espeakng_kazakh_formant:kk:w225:p35:a100,ksc_slr102:5f5fa48da66ff,92f75471916d9f3f5d87d87472bb7da2f8c0be25253d3c2a4b9aea0ced5ac3cf,4.009977324263039,formant_rule_based_tts,eSpeak NG Kazakh formant synthesizer,eSpeak NG 1.52.0 source-4870adfa25b1a32b4361592f1be8a40337c58d6c; Ubuntu 1.52.0+dfsg-5build1 runtime packages,espeakng_kazakh_formant:kk:w225:p35:a100,not_applicable:pretrained-tts-no-local-voice-cloning,local_cpu_espeakng_formant,offline_formant_tts,22050,wav,none,,2026-08-10T00:00:00Z
ksc_derived_kk_v4_espeakng:fdd911131c32b1d2,raw/ksc_derived_kk_v4_espeakng/slices/espeakng-407/espeakng_kazakh_formant/5f60e5e80f77b.wav,f8095dc9e8d1555f40e76664c48ea469e28280f5fc92130e7b5fc39c63febf84,test,spoof,kk,unknown,ksc_derived_kk_v4_espeakng:profile:espeakng_kazakh_formant:kk:w225:p50:a100,ksc_derived_kk_v4_espeakng,KSC text CC-BY-4.0; eSpeak NG GPL-3.0-or-later,Offline derivative for personal research from KSC transcript ksc_slr102:5f60e5e80f77b; eSpeak NG GPL-3.0-or-later; bundled Ubuntu runtime packages retain their declared package licenses; no voice cloning,ksc_derived_kk_v4_espeakng:synthetic-voice:espeakng_kazakh_formant:kk:w225:p50:a100,ksc_slr102:5f60e5e80f77b,4cfd8aad544bd71fad25ddf03ab837d0c6d8db07aa0687fef4348a2812f684bb,4.528934240362812,formant_rule_based_tts,eSpeak NG Kazakh formant synthesizer,eSpeak NG 1.52.0 source-4870adfa25b1a32b4361592f1be8a40337c58d6c; Ubuntu 1.52.0+dfsg-5build1 runtime packages,espeakng_kazakh_formant:kk:w225:p50:a100,not_applicable:pretrained-tts-no-local-voice-cloning,local_cpu_espeakng_formant,offline_formant_tts,22050,wav,none,,2026-08-10T00:00:00Z
ksc_derived_kk_v4_espeakng:bfa425a59e7db166,raw/ksc_derived_kk_v4_espeakng/slices/espeakng-407/espeakng_kazakh_formant/5f5c5107aec16.wav,ab0a9b21aa99ad492c49e14c9e27b1b233a2002ae7d7c1608fd9cc82a88d51d3,test,spoof,kk,unknown,ksc_derived_kk_v4_espeakng:profile:espeakng_kazakh_formant:kk:w225:p65:a100,ksc_derived_kk_v4_espeakng,KSC text CC-BY-4.0; eSpeak NG GPL-3.0-or-later,Offline derivative for personal research from KSC transcript ksc_slr102:5f5c5107aec16; eSpeak NG GPL-3.0-or-later; bundled Ubuntu runtime packages retain their declared package licenses; no voice cloning,ksc_derived_kk_v4_espeakng:synthetic-voice:espeakng_kazakh_formant:kk:w225:p65:a100,ksc_slr102:5f5c5107aec16,5d103916af5a72b9ba6352f45a18695c097fa41f00c058501af4ccaee64d3e98,3.0625396825396827,formant_rule_based_tts,eSpeak NG Kazakh formant synthesizer,eSpeak NG 1.52.0 source-4870adfa25b1a32b4361592f1be8a40337c58d6c; Ubuntu 1.52.0+dfsg-5build1 runtime packages,espeakng_kazakh_formant:kk:w225:p65:a100,not_applicable:pretrained-tts-no-local-voice-cloning,local_cpu_espeakng_formant,offline_formant_tts,22050,wav,none,,2026-08-10T00:00:00Z
ksc_derived_kk_v4_espeakng:a91256d40b31fd4b,raw/ksc_derived_kk_v4_espeakng/slices/espeakng-407/espeakng_kazakh_formant/5f60fe536b170.wav,0341a34440d062074814bc844bffdccb7d94bc84438f42e1a941f04823b33a7f,test,spoof,kk,unknown,ksc_derived_kk_v4_espeakng:profile:espeakng_kazakh_formant:kk:w150:p35:a100,ksc_derived_kk_v4_espeakng,KSC text CC-BY-4.0; eSpeak NG GPL-3.0-or-later,Offline derivative for personal research from KSC transcript ksc_slr102:5f60fe536b170; eSpeak NG GPL-3.0-or-later; bundled Ubuntu runtime packages retain their declared package licenses; no voice cloning,ksc_derived_kk_v4_espeakng:synthetic-voice:espeakng_kazakh_formant:kk:w150:p35:a100,ksc_slr102:5f60fe536b170,71b2dcd54e4f3e7e18c6b5249400404d141682b3fb10c0c5d5104e6b1611b80e,7.39687074829932,formant_rule_based_tts,eSpeak NG Kazakh formant synthesizer,eSpeak NG 1.52.0 source-4870adfa25b1a32b4361592f1be8a40337c58d6c; Ubuntu 1.52.0+dfsg-5build1 runtime packages,espeakng_kazakh_formant:kk:w150:p35:a100,not_applicable:pretrained-tts-no-local-voice-cloning,local_cpu_espeakng_formant,offline_formant_tts,22050,wav,none,,2026-08-10T00:00:00Z
ksc_derived_kk_v4_espeakng:371d7ca6a29a1749,raw/ksc_derived_kk_v4_espeakng/slices/espeakng-407/espeakng_kazakh_formant/5f60cad15bb51.wav,ae7a87d232fca1ff1fbcf0587189c75a2b95734431ca01f10ae7111d1142e635,test,spoof,kk,unknown,ksc_derived_kk_v4_espeakng:profile:espeakng_kazakh_formant:kk:w150:p50:a100,ksc_derived_kk_v4_espeakng,KSC text CC-BY-4.0; eSpeak NG GPL-3.0-or-later,Offline derivative for personal research from KSC transcript ksc_slr102:5f60cad15bb51; eSpeak NG GPL-3.0-or-later; bundled Ubuntu runtime packages retain their declared package licenses; no voice cloning,ksc_derived_kk_v4_espeakng:synthetic-voice:espeakng_kazakh_formant:kk:w150:p50:a100,ksc_slr102:5f60cad15bb51,bbd4fe4150fcbb77b010c2a065996ec1fd44a8c946e26435b3d047c0390e0052,10.57482993197279,formant_rule_based_tts,eSpeak NG Kazakh formant synthesizer,eSpeak NG 1.52.0 source-4870adfa25b1a32b4361592f1be8a40337c58d6c; Ubuntu 1.52.0+dfsg-5build1 runtime packages,espeakng_kazakh_formant:kk:w150:p50:a100,not_applicable:pretrained-tts-no-local-voice-cloning,local_cpu_espeakng_formant,offline_formant_tts,22050,wav,none,,2026-08-10T00:00:00Z
ksc_derived_kk_v4_espeakng:4bb34acb98018dcf,raw/ksc_derived_kk_v4_espeakng/slices/espeakng-407/espeakng_kazakh_formant/5f5689a72eafa.wav,c9ff564fc17de66cdf45a31e17abcd30661350faa30562dca6f1a1f24d9fd329,test,spoof,kk,unknown,ksc_derived_kk_v4_espeakng:profile:espeakng_kazakh_formant:kk:w150:p65:a100,ksc_derived_kk_v4_espeakng,KSC text CC-BY-4.0; eSpeak NG GPL-3.0-or-later,Offline derivative for personal research from KSC transcript ksc_slr102:5f5689a72eafa; eSpeak NG GPL-3.0-or-later; bundled Ubuntu runtime packages retain their declared package licenses; no voice cloning,ksc_derived_kk_v4_espeakng:synthetic-voice:espeakng_kazakh_formant:kk:w150:p65:a100,ksc_slr102:5f5689a72eafa,56cb5cd5908af8ec575a378cbb84976d4633f2a88112664dcd4ae45a7f9eed32,5.739637188208617,formant_rule_based_tts,eSpeak NG Kazakh formant synthesizer,eSpeak NG 1.52.0 source-4870adfa25b1a32b4361592f1be8a40337c58d6c; Ubuntu 1.52.0+dfsg-5build1 runtime packages,espeakng_kazakh_formant:kk:w150:p65:a100,not_applicable:pretrained-tts-no-local-voice-cloning,local_cpu_espeakng_formant,offline_formant_tts,22050,wav,none,,2026-08-10T00:00:00Z
ksc_derived_kk_v4_espeakng:3f7709de3b685940,raw/ksc_derived_kk_v4_espeakng/slices/espeakng-407/espeakng_kazakh_formant/5f58c8296a258.wav,08f045ce8920c556fc0016d9f2cfa7c77177b9d85636ddd56e442d76da733ba8,test,spoof,kk,unknown,ksc_derived_kk_v4_espeakng:profile:espeakng_kazakh_formant:kk:w175:p35:a100,ksc_derived_kk_v4_espeakng,KSC text CC-BY-4.0; eSpeak NG GPL-3.0-or-later,Offline derivative for personal research from KSC transcript ksc_slr102:5f58c8296a258; eSpeak NG GPL-3.0-or-later; bundled Ubuntu runtime packages retain their declared package licenses; no voice cloning,ksc_derived_kk_v4_espeakng:synthetic-voice:espeakng_kazakh_formant:kk:w175:p35:a100,ksc_slr102:5f58c8296a258,234f887e173555cb2c7a0e068131d551f18a34f3b203e594ff845b430cc78e8a,4.559138321995465,formant_rule_based_tts,eSpeak NG Kazakh formant synthesizer,eSpeak NG 1.52.0 source-4870adfa25b1a32b4361592f1be8a40337c58d6c; Ubuntu 1.52.0+dfsg-5build1 runtime packages,espeakng_kazakh_formant:kk:w175:p35:a100,not_applicable:pretrained-tts-no-local-voice-cloning,local_cpu_espeakng_formant,offline_formant_tts,22050,wav,none,,2026-08-10T00:00:00Z
ksc_derived_kk_v4_espeakng:5139186bda38c4c1,raw/ksc_derived_kk_v4_espeakng/slices/espeakng-407/espeakng_kazakh_formant/5f5773ae21628.wav,7da1610711c5481195ca4742e8a8a4474bd9bfaa6e0b36ef9ae91282bf399d0c,test,spoof,kk,unknown,ksc_derived_kk_v4_espeakng:profile:espeakng_kazakh_formant:kk:w175:p50:a100,ksc_derived_kk_v4_espeakng,KSC text CC-BY-4.0; eSpeak NG GPL-3.0-or-later,Offline derivative for personal research from KSC transcript ksc_slr102:5f5773ae21628; eSpeak NG GPL-3.0-or-later; bundled Ubuntu runtime packages retain their declared package licenses; no voice cloning,ksc_derived_kk_v4_espeakng:synthetic-voice:espeakng_kazakh_formant:kk:w175:p50:a100,ksc_slr102:5f5773ae21628,f7d29ea3d670e94bf298c6e8c7fb0d06f434a2df5c1b5d8ebd48a0050d3d643e,5.235736961451247,formant_rule_based_tts,eSpeak NG Kazakh formant synthesizer,eSpeak NG 1.52.0 source-4870adfa25b1a32b4361592f1be8a40337c58d6c; Ubuntu 1.52.0+dfsg-5build1 runtime packages,espeakng_kazakh_formant:kk:w175:p50:a100,not_applicable:pretrained-tts-no-local-voice-cloning,local_cpu_espeakng_formant,offline_formant_tts,22050,wav,none,,2026-08-10T00:00:00Z
ksc_derived_kk_v4_espeakng:294596b1fe0f6f04,raw/ksc_derived_kk_v4_espeakng/slices/espeakng-407/espeakng_kazakh_formant/5f5881a373f26.wav,4dfa91fe7c8911f5190ffaace2b83ade755dda49e454aced045246f44fef1825,test,spoof,kk,unknown,ksc_derived_kk_v4_espeakng:profile:espeakng_kazakh_formant:kk:w175:p65:a100,ksc_derived_kk_v4_espeakng,KSC text CC-BY-4.0; eSpeak NG GPL-3.0-or-later,Offline derivative for personal research from KSC transcript ksc_slr102:5f5881a373f26; eSpeak NG GPL-3.0-or-later; bundled Ubuntu runtime packages retain their declared package licenses; no voice cloning,ksc_derived_kk_v4_espeakng:synthetic-voice:espeakng_kazakh_formant:kk:w175:p65:a100,ksc_slr102:5f5881a373f26,1d37bf46a95bb23cf6db117ef379c242aebe1713d00e2bbd6b6e3d0f46c7855b,4.535600907029479,formant_rule_based_tts,eSpeak NG Kazakh formant synthesizer,eSpeak NG 1.52.0 source-4870adfa25b1a32b4361592f1be8a40337c58d6c; Ubuntu 1.52.0+dfsg-5build1 runtime packages,espeakng_kazakh_formant:kk:w175:p65:a100,not_applicable:pretrained-tts-no-local-voice-cloning,local_cpu_espeakng_formant,offline_formant_tts,22050,wav,none,,2026-08-10T00:00:00Z
ksc_derived_kk_v4_espeakng:9874466ec41b4075,raw/ksc_derived_kk_v4_espeakng/slices/espeakng-407/espeakng_kazakh_formant/5f57adf840c46.wav,890096643417f06db1c4b3720e15f37811fcd3ffc058fe254d7d82801a9bdd4e,test,spoof,kk,unknown,ksc_derived_kk_v4_espeakng:profile:espeakng_kazakh_formant:kk:w200:p35:a100,ksc_derived_kk_v4_espeakng,KSC text CC-BY-4.0; eSpeak NG GPL-3.0-or-later,Offline derivative for personal research from KSC transcript ksc_slr102:5f57adf840c46; eSpeak NG GPL-3.0-or-later; bundled Ubuntu runtime packages retain their declared package licenses; no voice cloning,ksc_derived_kk_v4_espeakng:synthetic-voice:espeakng_kazakh_formant:kk:w200:p35:a100,ksc_slr102:5f57adf840c46,3345bdba70456a338f0a74ef2cade3d36d7d81c0800a737732b18503e8e53376,5.9140589569161,formant_rule_based_tts,eSpeak NG Kazakh formant synthesizer,eSpeak NG 1.52.0 source-4870adfa25b1a32b4361592f1be8a40337c58d6c; Ubuntu 1.52.0+dfsg-5build1 runtime packages,espeakng_kazakh_formant:kk:w200:p35:a100,not_applicable:pretrained-tts-no-local-voice-cloning,local_cpu_espeakng_formant,offline_formant_tts,22050,wav,none,,2026-08-10T00:00:00Z
ksc_derived_kk_v4_espeakng:10bb61bd1be18e73,raw/ksc_derived_kk_v4_espeakng/slices/espeakng-407/espeakng_kazakh_formant/5fa25e66cb1bc.wav,81298e2278fbc51e56c5bf217333cbea36f2ee3af3d8b33c51735a0bd1f1f667,test,spoof,kk,unknown,ksc_derived_kk_v4_espeakng:profile:espeakng_kazakh_formant:kk:w200:p50:a100,ksc_derived_kk_v4_espeakng,KSC text CC-BY-4.0; eSpeak NG GPL-3.0-or-later,Offline derivative for personal research from KSC transcript ksc_slr102:5fa25e66cb1bc; eSpeak NG GPL-3.0-or-later; bundled Ubuntu runtime packages retain their declared package licenses; no voice cloning,ksc_derived_kk_v4_espeakng:synthetic-voice:espeakng_kazakh_formant:kk:w200:p50:a100,ksc_slr102:5fa25e66cb1bc,16b302d17d8cf4357865e71250a9baba417c2f6058fc410dcbe60dc3ff580497,4.003219954648526,formant_rule_based_tts,eSpeak NG Kazakh formant synthesizer,eSpeak NG 1.52.0 source-4870adfa25b1a32b4361592f1be8a40337c58d6c; Ubuntu 1.52.0+dfsg-5build1 runtime packages,espeakng_kazakh_formant:kk:w200:p50:a100,not_applicable:pretrained-tts-no-local-voice-cloning,local_cpu_espeakng_formant,offline_formant_tts,22050,wav,none,,2026-08-10T00:00:00Z
ksc_derived_kk_v4_espeakng:602ddd7c57f2a0ea,raw/ksc_derived_kk_v4_espeakng/slices/espeakng-407/espeakng_kazakh_formant/5f579d0822818.wav,5d4206f94d5906447e61f327b531d0aa35b0f8f5754a5ad35d837768448ed72d,test,spoof,kk,unknown,ksc_derived_kk_v4_espeakng:profile:espeakng_kazakh_formant:kk:w200:p65:a100,ksc_derived_kk_v4_espeakng,KSC text CC-BY-4.0; eSpeak NG GPL-3.0-or-later,Offline derivative for personal research from KSC transcript ksc_slr102:5f579d0822818; eSpeak NG GPL-3.0-or-later; bundled Ubuntu runtime packages retain their declared package licenses; no voice cloning,ksc_derived_kk_v4_espeakng:synthetic-voice:espeakng_kazakh_formant:kk:w200:p65:a100,ksc_slr102:5f579d0822818,1fd77c6be036bdb6bb6cba258652c28364e76e217e971798de0be5e2ba95df7a,4.426349206349206,formant_rule_based_tts,eSpeak NG Kazakh formant synthesizer,eSpeak NG 1.52.0 source-4870adfa25b1a32b4361592f1be8a40337c58d6c; Ubuntu 1.52.0+dfsg-5build1 runtime packages,espeakng_kazakh_formant:kk:w200:p65:a100,not_applicable:pretrained-tts-no-local-voice-cloning,local_cpu_espeakng_formant,offline_formant_tts,22050,wav,none,,2026-08-10T00:00:00Z
ksc_derived_kk_v4_espeakng:1db271eff4e6b64e,raw/ksc_derived_kk_v4_espeakng/slices/espeakng-407/espeakng_kazakh_formant/5f63357646bd5.wav,f5a1257a6900ed6aacbb4cef2b5f0294b4e4fbc061671b43961b4534a8dcc32b,test,spoof,kk,unknown,ksc_derived_kk_v4_espeakng:profile:espeakng_kazakh_formant:kk:w225:p35:a100,ksc_derived_kk_v4_espeakng,KSC text CC-BY-4.0; eSpeak NG GPL-3.0-or-later,Offline derivative for personal research from KSC transcript ksc_slr102:5f63357646bd5; eSpeak NG GPL-3.0-or-later; bundled Ubuntu runtime packages retain their declared package licenses; no voice cloning,ksc_derived_kk_v4_espeakng:synthetic-voice:espeakng_kazakh_formant:kk:w225:p35:a100,ksc_slr102:5f63357646bd5,8a8b29046ec8ba6d00097021058dfb3d7d4a9b687d933fc656a6c7f220a5ba91,4.26,formant_rule_based_tts,eSpeak NG Kazakh formant synthesizer,eSpeak NG 1.52.0 source-4870adfa25b1a32b4361592f1be8a40337c58d6c; Ubuntu 1.52.0+dfsg-5build1 runtime packages,espeakng_kazakh_formant:kk:w225:p35:a100,not_applicable:pretrained-tts-no-local-voice-cloning,local_cpu_espeakng_formant,offline_formant_tts,22050,wav,none,,2026-08-10T00:00:00Z
ksc_derived_kk_v4_espeakng:2a9a040bc02a2182,raw/ksc_derived_kk_v4_espeakng/slices/espeakng-407/espeakng_kazakh_formant/5f5795cd296e7.wav,4012f1c61ef03b24270d0f89dc8c8fdda1919dcbb66f6e2db354a5bf2febe037,test,spoof,kk,unknown,ksc_derived_kk_v4_espeakng:profile:espeakng_kazakh_formant:kk:w225:p50:a100,ksc_derived_kk_v4_espeakng,KSC text CC-BY-4.0; eSpeak NG GPL-3.0-or-later,Offline derivative for personal research from KSC transcript ksc_slr102:5f5795cd296e7; eSpeak NG GPL-3.0-or-later; bundled Ubuntu runtime packages retain their declared package licenses; no voice cloning,ksc_derived_kk_v4_espeakng:synthetic-voice:espeakng_kazakh_formant:kk:w225:p50:a100,ksc_slr102:5f5795cd296e7,6b828cc6d4b7ae4c4e4177bd3a516d1cdd0eca1765bc145e20681b4272b7d6e0,2.0529251700680273,formant_rule_based_tts,eSpeak NG Kazakh formant synthesizer,eSpeak NG 1.52.0 source-4870adfa25b1a32b4361592f1be8a40337c58d6c; Ubuntu 1.52.0+dfsg-5build1 runtime packages,espeakng_kazakh_formant:kk:w225:p50:a100,not_applicable:pretrained-tts-no-local-voice-cloning,local_cpu_espeakng_formant,offline_formant_tts,22050,wav,none,,2026-08-10T00:00:00Z
ksc_derived_kk_v4_espeakng:cf46edaea66b66e5,raw/ksc_derived_kk_v4_espeakng/slices/espeakng-407/espeakng_kazakh_formant/5f61ec6890026.wav,3658455254170dbe90c5ddb967c5588b827d0f32afe23e17a5ee52c4547a2242,test,spoof,kk,unknown,ksc_derived_kk_v4_espeakng:profile:espeakng_kazakh_formant:kk:w225:p65:a100,ksc_derived_kk_v4_espeakng,KSC text CC-BY-4.0; eSpeak NG GPL-3.0-or-later,Offline derivative for personal research from KSC transcript ksc_slr102:5f61ec6890026; eSpeak NG GPL-3.0-or-later; bundled Ubuntu runtime packages retain their declared package licenses; no voice cloning,ksc_derived_kk_v4_espeakng:synthetic-voice:espeakng_kazakh_formant:kk:w225:p65:a100,ksc_slr102:5f61ec6890026,bc26c5b9b9ba0b8e3bf91d404a717f79df78cbf480ac0ce672bd799139c54d45,1.8797278911564625,formant_rule_based_tts,eSpeak NG Kazakh formant synthesizer,eSpeak NG 1.52.0 source-4870adfa25b1a32b4361592f1be8a40337c58d6c; Ubuntu 1.52.0+dfsg-5build1 runtime packages,espeakng_kazakh_formant:kk:w225:p65:a100,not_applicable:pretrained-tts-no-local-voice-cloning,local_cpu_espeakng_formant,offline_formant_tts,22050,wav,none,,2026-08-10T00:00:00Z
ksc_derived_kk_v4_espeakng:1886a174c9be2e89,raw/ksc_derived_kk_v4_espeakng/slices/espeakng-407/espeakng_kazakh_formant/5f61e648293b8.wav,3aea2013187c3c8db4ecd20d58839fbe20e1be7c03523d46e5ea7c9c389a401b,test,spoof,kk,unknown,ksc_derived_kk_v4_espeakng:profile:espeakng_kazakh_formant:kk:w150:p35:a100,ksc_derived_kk_v4_espeakng,KSC text CC-BY-4.0; eSpeak NG GPL-3.0-or-later,Offline derivative for personal research from KSC transcript ksc_slr102:5f61e648293b8; eSpeak NG GPL-3.0-or-later; bundled Ubuntu runtime packages retain their declared package licenses; no voice cloning,ksc_derived_kk_v4_espeakng:synthetic-voice:espeakng_kazakh_formant:kk:w150:p35:a100,ksc_slr102:5f61e648293b8,0239d20485674442eab81fb780f9de44f67e5d36257cc6a41ad9f86691340937,3.0970068027210886,formant_rule_based_tts,eSpeak NG Kazakh formant synthesizer,eSpeak NG 1.52.0 source-4870adfa25b1a32b4361592f1be8a40337c58d6c; Ubuntu 1.52.0+dfsg-5build1 runtime packages,espeakng_kazakh_formant:kk:w150:p35:a100,not_applicable:pretrained-tts-no-local-voice-cloning,local_cpu_espeakng_formant,offline_formant_tts,22050,wav,none,,2026-08-10T00:00:00Z
ksc_derived_kk_v4_espeakng:f7ec1c1f4ac7483f,raw/ksc_derived_kk_v4_espeakng/slices/espeakng-407/espeakng_kazakh_formant/5f62c3a8d53aa.wav,1e1b7872c94b959bcbc50a11e37cea4f2797f860b103808fa440db39129efbb1,test,spoof,kk,unknown,ksc_derived_kk_v4_espeakng:profile:espeakng_kazakh_formant:kk:w150:p50:a100,ksc_derived_kk_v4_espeakng,KSC text CC-BY-4.0; eSpeak NG GPL-3.0-or-later,Offline derivative for personal research from KSC transcript ksc_slr102:5f62c3a8d53aa; eSpeak NG GPL-3.0-or-later; bundled Ubuntu runtime packages retain their declared package licenses; no voice cloning,ksc_derived_kk_v4_espeakng:synthetic-voice:espeakng_kazakh_formant:kk:w150:p50:a100,ksc_slr102:5f62c3a8d53aa,6391a34e9aabc891e0ab421c50568480f5fd60e6b212f7f7515af3df2bbaf584,4.036235827664399,formant_rule_based_tts,eSpeak NG Kazakh formant synthesizer,eSpeak NG 1.52.0 source-4870adfa25b1a32b4361592f1be8a40337c58d6c; Ubuntu 1.52.0+dfsg-5build1 runtime packages,espeakng_kazakh_formant:kk:w150:p50:a100,not_applicable:pretrained-tts-no-local-voice-cloning,local_cpu_espeakng_formant,offline_formant_tts,22050,wav,none,,2026-08-10T00:00:00Z
ksc_derived_kk_v4_espeakng:fddf0228ebda1676,raw/ksc_derived_kk_v4_espeakng/slices/espeakng-407/espeakng_kazakh_formant/5f61e57b783aa.wav,f23f0492ea3415347eaee17dcaacbaad125a477c17ca718e2cd15b2fdbf7eec9,test,spoof,kk,unknown,ksc_derived_kk_v4_espeakng:profile:espeakng_kazakh_formant:kk:w150:p65:a100,ksc_derived_kk_v4_espeakng,KSC text CC-BY-4.0; eSpeak NG GPL-3.0-or-later,Offline derivative for personal research from KSC transcript ksc_slr102:5f61e57b783aa; eSpeak NG GPL-3.0-or-later; bundled Ubuntu runtime packages retain their declared package licenses; no voice cloning,ksc_derived_kk_v4_espeakng:synthetic-voice:espeakng_kazakh_formant:kk:w150:p65:a100,ksc_slr102:5f61e57b783aa,fb6c562391269f37481bb3bf5094a6529c9414a552bdf4b3a3f09a172df51aa3,2.946938775510204,formant_rule_based_tts,eSpeak NG Kazakh formant synthesizer,eSpeak NG 1.52.0 source-4870adfa25b1a32b4361592f1be8a40337c58d6c; Ubuntu 1.52.0+dfsg-5build1 runtime packages,espeakng_kazakh_formant:kk:w150:p65:a100,not_applicable:pretrained-tts-no-local-voice-cloning,local_cpu_espeakng_formant,offline_formant_tts,22050,wav,none,,2026-08-10T00:00:00Z
ksc_derived_kk_v4_espeakng:c2c2b8fa19782eb3,raw/ksc_derived_kk_v4_espeakng/slices/espeakng-407/espeakng_kazakh_formant/5f60fd76c2de4.wav,4374eb5b664e16726e6771b732624f53190e8e9a3de299d75776a7e899bd0172,test,spoof,kk,unknown,ksc_derived_kk_v4_espeakng:profile:espeakng_kazakh_formant:kk:w175:p35:a100,ksc_derived_kk_v4_espeakng,KSC text CC-BY-4.0; eSpeak NG GPL-3.0-or-later,Offline derivative for personal research from KSC transcript ksc_slr102:5f60fd76c2de4; eSpeak NG GPL-3.0-or-later; bundled Ubuntu runtime packages retain their declared package licenses; no voice cloning,ksc_derived_kk_v4_espeakng:synthetic-voice:espeakng_kazakh_formant:kk:w175:p35:a100,ksc_slr102:5f60fd76c2de4,6484a92b4993bd1e7e0d8e43d6f86aca8db045939f293be930877ff6b8a9793a,6.220272108843537,formant_rule_based_tts,eSpeak NG Kazakh formant synthesizer,eSpeak NG 1.52.0 source-4870adfa25b1a32b4361592f1be8a40337c58d6c; Ubuntu 1.52.0+dfsg-5build1 runtime packages,espeakng_kazakh_formant:kk:w175:p35:a100,not_applicable:pretrained-tts-no-local-voice-cloning,local_cpu_espeakng_formant,offline_formant_tts,22050,wav,none,,2026-08-10T00:00:00Z
ksc_derived_kk_v4_espeakng:234ed79dc3a049d9,raw/ksc_derived_kk_v4_espeakng/slices/espeakng-407/espeakng_kazakh_formant/5f6189ae0a11d.wav,4d5ec2d9a07b5b295fbf87db894b9a4d2bf9f9c9bb488037a98550b849ecdb7d,test,spoof,kk,unknown,ksc_derived_kk_v4_espeakng:profile:espeakng_kazakh_formant:kk:w175:p50:a100,ksc_derived_kk_v4_espeakng,KSC text CC-BY-4.0; eSpeak NG GPL-3.0-or-later,Offline derivative for personal research from KSC transcript ksc_slr102:5f6189ae0a11d; eSpeak NG GPL-3.0-or-later; bundled Ubuntu runtime packages retain their declared package licenses; no voice cloning,ksc_derived_kk_v4_espeakng:synthetic-voice:espeakng_kazakh_formant:kk:w175:p50:a100,ksc_slr102:5f6189ae0a11d,3109d11b5ea14690c44209d4cebb4a4b7670c46a91849bb5e00058dd5bb06986,4.888072562358277,formant_rule_based_tts,eSpeak NG Kazakh formant synthesizer,eSpeak NG 1.52.0 source-4870adfa25b1a32b4361592f1be8a40337c58d6c; Ubuntu 1.52.0+dfsg-5build1 runtime packages,espeakng_kazakh_formant:kk:w175:p50:a100,not_applicable:pretrained-tts-no-local-voice-cloning,local_cpu_espeakng_formant,offline_formant_tts,22050,wav,none,,2026-08-10T00:00:00Z
ksc_derived_kk_v4_espeakng:32b882ce9f895980,raw/ksc_derived_kk_v4_espeakng/slices/espeakng-407/espeakng_kazakh_formant/5f2b07c02bba5.wav,31fdb534c7469dd061e1bef8d3408b26e1550de6bd09cd06a6f0753d2f1d3db4,test,spoof,kk,unknown,ksc_derived_kk_v4_espeakng:profile:espeakng_kazakh_formant:kk:w175:p65:a100,ksc_derived_kk_v4_espeakng,KSC text CC-BY-4.0; eSpeak NG GPL-3.0-or-later,Offline derivative for personal research from KSC transcript ksc_slr102:5f2b07c02bba5; eSpeak NG GPL-3.0-or-later; bundled Ubuntu runtime packages retain their declared package licenses; no voice cloning,ksc_derived_kk_v4_espeakng:synthetic-voice:espeakng_kazakh_formant:kk:w175:p65:a100,ksc_slr102:5f2b07c02bba5,d26b0c0a64e1e3462fa510506807925cbecc5b6f5b722f750b6b7ba66f006576,12.763990929705216,formant_rule_based_tts,eSpeak NG Kazakh formant synthesizer,eSpeak NG 1.52.0 source-4870adfa25b1a32b4361592f1be8a40337c58d6c; Ubuntu 1.52.0+dfsg-5build1 runtime packages,espeakng_kazakh_formant:kk:w175:p65:a100,not_applicable:pretrained-tts-no-local-voice-cloning,local_cpu_espeakng_formant,offline_formant_tts,22050,wav,none,,2026-08-10T00:00:00Z
ksc_derived_kk_v4_espeakng:56b33dd22bc58b79,raw/ksc_derived_kk_v4_espeakng/slices/espeakng-407/espeakng_kazakh_formant/5f61e56a28852.wav,fe9c68dd03c9d217a52516ca2e1e5aa359026dc2b3a9bb6867fe2d49bb107faf,test,spoof,kk,unknown,ksc_derived_kk_v4_espeakng:profile:espeakng_kazakh_formant:kk:w200:p35:a100,ksc_derived_kk_v4_espeakng,KSC text CC-BY-4.0; eSpeak NG GPL-3.0-or-later,Offline derivative for personal research from KSC transcript ksc_slr102:5f61e56a28852; eSpeak NG GPL-3.0-or-later; bundled Ubuntu runtime packages retain their declared package licenses; no voice cloning,ksc_derived_kk_v4_espeakng:synthetic-voice:espeakng_kazakh_formant:kk:w200:p35:a100,ksc_slr102:5f61e56a28852,3544406dd5161637397073183a39c17153adcf460810a4048e8849e18c790667,4.099501133786848,formant_rule_based_tts,eSpeak NG Kazakh formant synthesizer,eSpeak NG 1.52.0 source-4870adfa25b1a32b4361592f1be8a40337c58d6c; Ubuntu 1.52.0+dfsg-5build1 runtime packages,espeakng_kazakh_formant:kk:w200:p35:a100,not_applicable:pretrained-tts-no-local-voice-cloning,local_cpu_espeakng_formant,offline_formant_tts,22050,wav,none,,2026-08-10T00:00:00Z
ksc_derived_kk_v4_espeakng:7434c860fc455e11,raw/ksc_derived_kk_v4_espeakng/slices/espeakng-407/espeakng_kazakh_formant/5f60bf0205760.wav,5609d0573b761cf32224e38c2a02d83cc7496db8e15611fc665085f29557dbf8,test,spoof,kk,unknown,ksc_derived_kk_v4_espeakng:profile:espeakng_kazakh_formant:kk:w200:p50:a100,ksc_derived_kk_v4_espeakng,KSC text CC-BY-4.0; eSpeak NG GPL-3.0-or-later,Offline derivative for personal research from KSC transcript ksc_slr102:5f60bf0205760; eSpeak NG GPL-3.0-or-later; bundled Ubuntu runtime packages retain their declared package licenses; no voice cloning,ksc_derived_kk_v4_espeakng:synthetic-voice:espeakng_kazakh_formant:kk:w200:p50:a100,ksc_slr102:5f60bf0205760,785b3b30980f148cad2c825f64456033c14ada0d7934484a129b2a8edcea60ea,3.63124716553288,formant_rule_based_tts,eSpeak NG Kazakh formant synthesizer,eSpeak NG 1.52.0 source-4870adfa25b1a32b4361592f1be8a40337c58d6c; Ubuntu 1.52.0+dfsg-5build1 runtime packages,espeakng_kazakh_formant:kk:w200:p50:a100,not_applicable:pretrained-tts-no-local-voice-cloning,local_cpu_espeakng_formant,offline_formant_tts,22050,wav,none,,2026-08-10T00:00:00Z
ksc_derived_kk_v4_espeakng:e7a7430790111f10,raw/ksc_derived_kk_v4_espeakng/slices/espeakng-407/espeakng_kazakh_formant/5f6339acc2411.wav,c0dc9cb5c64940c678a6600b6ab391638bb8b2c4f6cd5dd2b63a15ad9df2ebcc,test,spoof,kk,unknown,ksc_derived_kk_v4_espeakng:profile:espeakng_kazakh_formant:kk:w200:p65:a100,ksc_derived_kk_v4_espeakng,KSC text CC-BY-4.0; eSpeak NG GPL-3.0-or-later,Offline derivative for personal research from KSC transcript ksc_slr102:5f6339acc2411; eSpeak NG GPL-3.0-or-later; bundled Ubuntu runtime packages retain their declared package licenses; no voice cloning,ksc_derived_kk_v4_espeakng:synthetic-voice:espeakng_kazakh_formant:kk:w200:p65:a100,ksc_slr102:5f6339acc2411,bb03da7c5777e13edf95dcdf3eeb6c09cbc8efdc1925fb4f68f73fea2dcd0919,4.383038548752834,formant_rule_based_tts,eSpeak NG Kazakh formant synthesizer,eSpeak NG 1.52.0 source-4870adfa25b1a32b4361592f1be8a40337c58d6c; Ubuntu 1.52.0+dfsg-5build1 runtime packages,espeakng_kazakh_formant:kk:w200:p65:a100,not_applicable:pretrained-tts-no-local-voice-cloning,local_cpu_espeakng_formant,offline_formant_tts,22050,wav,none,,2026-08-10T00:00:00Z
ksc_derived_kk_v4_espeakng:aea7bc9c250c6ba4,raw/ksc_derived_kk_v4_espeakng/slices/espeakng-407/espeakng_kazakh_formant/5f618a122cb28.wav,4aa8d07b6cfa801db54b14e9a6b64d3d5977ed46d785eaaa6c51d60d33606735,test,spoof,kk,unknown,ksc_derived_kk_v4_espeakng:profile:espeakng_kazakh_formant:kk:w225:p35:a100,ksc_derived_kk_v4_espeakng,KSC text CC-BY-4.0; eSpeak NG GPL-3.0-or-later,Offline derivative for personal research from KSC transcript ksc_slr102:5f618a122cb28; eSpeak NG GPL-3.0-or-later; bundled Ubuntu runtime packages retain their declared package licenses; no voice cloning,ksc_derived_kk_v4_espeakng:synthetic-voice:espeakng_kazakh_formant:kk:w225:p35:a100,ksc_slr102:5f618a122cb28,7bac25a29d8d1cbd140c51d46eb3d747c3a4ad7c541cce87c375327332c3991f,5.848299319727891,formant_rule_based_tts,eSpeak NG Kazakh formant synthesizer,eSpeak NG 1.52.0 source-4870adfa25b1a32b4361592f1be8a40337c58d6c; Ubuntu 1.52.0+dfsg-5build1 runtime packages,espeakng_kazakh_formant:kk:w225:p35:a100,not_applicable:pretrained-tts-no-local-voice-cloning,local_cpu_espeakng_formant,offline_formant_tts,22050,wav,none,,2026-08-10T00:00:00Z
ksc_derived_kk_v4_espeakng:fbc0ca1e8ed9de27,raw/ksc_derived_kk_v4_espeakng/slices/espeakng-407/espeakng_kazakh_formant/5f9fc4652eef6.wav,7df870d00e53f440eaed9c6e62d0f6f7bf35667caa5aadf59bc365f33bfc4099,test,spoof,kk,unknown,ksc_derived_kk_v4_espeakng:profile:espeakng_kazakh_formant:kk:w225:p50:a100,ksc_derived_kk_v4_espeakng,KSC text CC-BY-4.0; eSpeak NG GPL-3.0-or-later,Offline derivative for personal research from KSC transcript ksc_slr102:5f9fc4652eef6; eSpeak NG GPL-3.0-or-later; bundled Ubuntu runtime packages retain their declared package licenses; no voice cloning,ksc_derived_kk_v4_espeakng:synthetic-voice:espeakng_kazakh_formant:kk:w225:p50:a100,ksc_slr102:5f9fc4652eef6,2ebadcca7a5895c5e713f30f268f97bc6363cd16bfb6321462ad0b8c94255d77,3.4203628117913834,formant_rule_based_tts,eSpeak NG Kazakh formant synthesizer,eSpeak NG 1.52.0 source-4870adfa25b1a32b4361592f1be8a40337c58d6c; Ubuntu 1.52.0+dfsg-5build1 runtime packages,espeakng_kazakh_formant:kk:w225:p50:a100,not_applicable:pretrained-tts-no-local-voice-cloning,local_cpu_espeakng_formant,offline_formant_tts,22050,wav,none,,2026-08-10T00:00:00Z
ksc_derived_kk_v4_espeakng:da6f939dcf2ab9c4,raw/ksc_derived_kk_v4_espeakng/slices/espeakng-407/espeakng_kazakh_formant/5f58c67458b8d.wav,a2f7e1c4c94d7cbf505f80323a1d9bdea95833f1346401c43feed7f277e90f87,test,spoof,kk,unknown,ksc_derived_kk_v4_espeakng:profile:espeakng_kazakh_formant:kk:w225:p65:a100,ksc_derived_kk_v4_espeakng,KSC text CC-BY-4.0; eSpeak NG GPL-3.0-or-later,Offline derivative for personal research from KSC transcript ksc_slr102:5f58c67458b8d; eSpeak NG GPL-3.0-or-later; bundled Ubuntu runtime packages retain their declared package licenses; no voice cloning,ksc_derived_kk_v4_espeakng:synthetic-voice:espeakng_kazakh_formant:kk:w225:p65:a100,ksc_slr102:5f58c67458b8d,8caf3c51514439c61647dbe18a2f16a2971c99d11043522a786107c28257a0fc,3.1588208616780045,formant_rule_based_tts,eSpeak NG Kazakh formant synthesizer,eSpeak NG 1.52.0 source-4870adfa25b1a32b4361592f1be8a40337c58d6c; Ubuntu 1.52.0+dfsg-5build1 runtime packages,espeakng_kazakh_formant:kk:w225:p65:a100,not_applicable:pretrained-tts-no-local-voice-cloning,local_cpu_espeakng_formant,offline_formant_tts,22050,wav,none,,2026-08-10T00:00:00Z
ksc_derived_kk_v4_espeakng:0bfa4eb6c105da82,raw/ksc_derived_kk_v4_espeakng/slices/espeakng-407/espeakng_kazakh_formant/5f5fb7d9121f6.wav,6dec30c727b567b7512b54eca85b6ce75501a64ee441c7cbbca28e942453bd35,test,spoof,kk,unknown,ksc_derived_kk_v4_espeakng:profile:espeakng_kazakh_formant:kk:w150:p35:a100,ksc_derived_kk_v4_espeakng,KSC text CC-BY-4.0; eSpeak NG GPL-3.0-or-later,Offline derivative for personal research from KSC transcript ksc_slr102:5f5fb7d9121f6; eSpeak NG GPL-3.0-or-later; bundled Ubuntu runtime packages retain their declared package licenses; no voice cloning,ksc_derived_kk_v4_espeakng:synthetic-voice:espeakng_kazakh_formant:kk:w150:p35:a100,ksc_slr102:5f5fb7d9121f6,f7e6109c6b4b82864e75dd575b8233dbf2c76aad1735f66167b62ad19c2cb5bc,8.696643990929704,formant_rule_based_tts,eSpeak NG Kazakh formant synthesizer,eSpeak NG 1.52.0 source-4870adfa25b1a32b4361592f1be8a40337c58d6c; Ubuntu 1.52.0+dfsg-5build1 runtime packages,espeakng_kazakh_formant:kk:w150:p35:a100,not_applicable:pretrained-tts-no-local-voice-cloning,local_cpu_espeakng_formant,offline_formant_tts,22050,wav,none,,2026-08-10T00:00:00Z
ksc_derived_kk_v4_espeakng:4da208eb108ae794,raw/ksc_derived_kk_v4_espeakng/slices/espeakng-407/espeakng_kazakh_formant/5f6056f6b30aa.wav,3885d410e60ef02422e0513e5544beb9e223b40be2d9015b4f80260a37082d9d,test,spoof,kk,unknown,ksc_derived_kk_v4_espeakng:profile:espeakng_kazakh_formant:kk:w150:p50:a100,ksc_derived_kk_v4_espeakng,KSC text CC-BY-4.0; eSpeak NG GPL-3.0-or-later,Offline derivative for personal research from KSC transcript ksc_slr102:5f6056f6b30aa; eSpeak NG GPL-3.0-or-later; bundled Ubuntu runtime packages retain their declared package licenses; no voice cloning,ksc_derived_kk_v4_espeakng:synthetic-voice:espeakng_kazakh_formant:kk:w150:p50:a100,ksc_slr102:5f6056f6b30aa,e663ee6e2e523c4425dde903ada51fbdd3f60fa5615820e35047930e31e0f4be,13.412925170068027,formant_rule_based_tts,eSpeak NG Kazakh formant synthesizer,eSpeak NG 1.52.0 source-4870adfa25b1a32b4361592f1be8a40337c58d6c; Ubuntu 1.52.0+dfsg-5build1 runtime packages,espeakng_kazakh_formant:kk:w150:p50:a100,not_applicable:pretrained-tts-no-local-voice-cloning,local_cpu_espeakng_formant,offline_formant_tts,22050,wav,none,,2026-08-10T00:00:00Z
ksc_derived_kk_v4_espeakng:d7e8e13ba979e3bf,raw/ksc_derived_kk_v4_espeakng/slices/espeakng-407/espeakng_kazakh_formant/5f60bee72b267.wav,d6e83d95182119d7f985f2dc9e26de15b18120d74ad6386d61a329b0d0e6cca2,test,spoof,kk,unknown,ksc_derived_kk_v4_espeakng:profile:espeakng_kazakh_formant:kk:w150:p65:a100,ksc_derived_kk_v4_espeakng,KSC text CC-BY-4.0; eSpeak NG GPL-3.0-or-later,Offline derivative for personal research from KSC transcript ksc_slr102:5f60bee72b267; eSpeak NG GPL-3.0-or-later; bundled Ubuntu runtime packages retain their declared package licenses; no voice cloning,ksc_derived_kk_v4_espeakng:synthetic-voice:espeakng_kazakh_formant:kk:w150:p65:a100,ksc_slr102:5f60bee72b267,a5e62122d0badfef23bbfba9677a76bbc2e9fa28dafea468fb212ff179c2dfab,5.66952380952381,formant_rule_based_tts,eSpeak NG Kazakh formant synthesizer,eSpeak NG 1.52.0 source-4870adfa25b1a32b4361592f1be8a40337c58d6c; Ubuntu 1.52.0+dfsg-5build1 runtime packages,espeakng_kazakh_formant:kk:w150:p65:a100,not_applicable:pretrained-tts-no-local-voice-cloning,local_cpu_espeakng_formant,offline_formant_tts,22050,wav,none,,2026-08-10T00:00:00Z
ksc_derived_kk_v4_espeakng:7352b6fda4dab674,raw/ksc_derived_kk_v4_espeakng/slices/espeakng-407/espeakng_kazakh_formant/5f61877962f24.wav,f37674acb7ee9c321cb879d9b7ea0adc473ff16ccadd073036d38b927f4644ae,test,spoof,kk,unknown,ksc_derived_kk_v4_espeakng:profile:espeakng_kazakh_formant:kk:w175:p35:a100,ksc_derived_kk_v4_espeakng,KSC text CC-BY-4.0; eSpeak NG GPL-3.0-or-later,Offline derivative for personal research from KSC transcript ksc_slr102:5f61877962f24; eSpeak NG GPL-3.0-or-later; bundled Ubuntu runtime packages retain their declared package licenses; no voice cloning,ksc_derived_kk_v4_espeakng:synthetic-voice:espeakng_kazakh_formant:kk:w175:p35:a100,ksc_slr102:5f61877962f24,571d1794a4b5b1e1f2561cd86c78c78b72103fb2de285243c4463fc3eedd6e57,5.581541950113379,formant_rule_based_tts,eSpeak NG Kazakh formant synthesizer,eSpeak NG 1.52.0 source-4870adfa25b1a32b4361592f1be8a40337c58d6c; Ubuntu 1.52.0+dfsg-5build1 runtime packages,espeakng_kazakh_formant:kk:w175:p35:a100,not_applicable:pretrained-tts-no-local-voice-cloning,local_cpu_espeakng_formant,offline_formant_tts,22050,wav,none,,2026-08-10T00:00:00Z
ksc_derived_kk_v4_espeakng:47bab431af0a12b6,raw/ksc_derived_kk_v4_espeakng/slices/espeakng-407/espeakng_kazakh_formant/5f5a38ea73712.wav,587c92268c3f777246699db6acd606b89540f1844212b4e027493208f8b6c19f,test,spoof,kk,unknown,ksc_derived_kk_v4_espeakng:profile:espeakng_kazakh_formant:kk:w175:p50:a100,ksc_derived_kk_v4_espeakng,KSC text CC-BY-4.0; eSpeak NG GPL-3.0-or-later,Offline derivative for personal research from KSC transcript ksc_slr102:5f5a38ea73712; eSpeak NG GPL-3.0-or-later; bundled Ubuntu runtime packages retain their declared package licenses; no voice cloning,ksc_derived_kk_v4_espeakng:synthetic-voice:espeakng_kazakh_formant:kk:w175:p50:a100,ksc_slr102:5f5a38ea73712,1c3d720df2a5e133dc26d5dd5af5e4e9a9b7fb61f98be3fc2a7fb0b5ed7a1b17,5.2043990929705215,formant_rule_based_tts,eSpeak NG Kazakh formant synthesizer,eSpeak NG 1.52.0 source-4870adfa25b1a32b4361592f1be8a40337c58d6c; Ubuntu 1.52.0+dfsg-5build1 runtime packages,espeakng_kazakh_formant:kk:w175:p50:a100,not_applicable:pretrained-tts-no-local-voice-cloning,local_cpu_espeakng_formant,offline_formant_tts,22050,wav,none,,2026-08-10T00:00:00Z
ksc_derived_kk_v4_espeakng:8622b7d87a38f72d,raw/ksc_derived_kk_v4_espeakng/slices/espeakng-407/espeakng_kazakh_formant/5f6187c420655.wav,81241105178437d7b33b9c260cc15e36462ab25130257f5a3b0c6a680e274b3e,test,spoof,kk,unknown,ksc_derived_kk_v4_espeakng:profile:espeakng_kazakh_formant:kk:w175:p65:a100,ksc_derived_kk_v4_espeakng,KSC text CC-BY-4.0; eSpeak NG GPL-3.0-or-later,Offline derivative for personal research from KSC transcript ksc_slr102:5f6187c420655; eSpeak NG GPL-3.0-or-later; bundled Ubuntu runtime packages retain their declared package licenses; no voice cloning,ksc_derived_kk_v4_espeakng:synthetic-voice:espeakng_kazakh_formant:kk:w175:p65:a100,ksc_slr102:5f6187c420655,57d58042cc0e130e7cd35db95772b44ec0e0ddecf08c137f45254752d5f63247,9.575736961451247,formant_rule_based_tts,eSpeak NG Kazakh formant synthesizer,eSpeak NG 1.52.0 source-4870adfa25b1a32b4361592f1be8a40337c58d6c; Ubuntu 1.52.0+dfsg-5build1 runtime packages,espeakng_kazakh_formant:kk:w175:p65:a100,not_applicable:pretrained-tts-no-local-voice-cloning,local_cpu_espeakng_formant,offline_formant_tts,22050,wav,none,,2026-08-10T00:00:00Z
ksc_derived_kk_v4_espeakng:39f3970b9f38efb7,raw/ksc_derived_kk_v4_espeakng/slices/espeakng-407/espeakng_kazakh_formant/5f60e725cebd9.wav,26027ae658f1066f8d95d13cf80eebda3d60d4ffa9d5731f63f7a69c44f62c46,test,spoof,kk,unknown,ksc_derived_kk_v4_espeakng:profile:espeakng_kazakh_formant:kk:w200:p35:a100,ksc_derived_kk_v4_espeakng,KSC text CC-BY-4.0; eSpeak NG GPL-3.0-or-later,Offline derivative for personal research from KSC transcript ksc_slr102:5f60e725cebd9; eSpeak NG GPL-3.0-or-later; bundled Ubuntu runtime packages retain their declared package licenses; no voice cloning,ksc_derived_kk_v4_espeakng:synthetic-voice:espeakng_kazakh_formant:kk:w200:p35:a100,ksc_slr102:5f60e725cebd9,93fe642fbbd312b054a188f41be0eb7bce1c495a3c6eb03ca3eda13013cbe6d6,4.294829931972789,formant_rule_based_tts,eSpeak NG Kazakh formant synthesizer,eSpeak NG 1.52.0 source-4870adfa25b1a32b4361592f1be8a40337c58d6c; Ubuntu 1.52.0+dfsg-5build1 runtime packages,espeakng_kazakh_formant:kk:w200:p35:a100,not_applicable:pretrained-tts-no-local-voice-cloning,local_cpu_espeakng_formant,offline_formant_tts,22050,wav,none,,2026-08-10T00:00:00Z
ksc_derived_kk_v4_espeakng:6105039fa0ca5bf0,raw/ksc_derived_kk_v4_espeakng/slices/espeakng-407/espeakng_kazakh_formant/5f60bf96b390c.wav,f80a3aa58559807333d2700b658e8ab2055ec389cb74d6dd1bfbac2eeb22e268,test,spoof,kk,unknown,ksc_derived_kk_v4_espeakng:profile:espeakng_kazakh_formant:kk:w200:p50:a100,ksc_derived_kk_v4_espeakng,KSC text CC-BY-4.0; eSpeak NG GPL-3.0-or-later,Offline derivative for personal research from KSC transcript ksc_slr102:5f60bf96b390c; eSpeak NG GPL-3.0-or-later; bundled Ubuntu runtime packages retain their declared package licenses; no voice cloning,ksc_derived_kk_v4_espeakng:synthetic-voice:espeakng_kazakh_formant:kk:w200:p50:a100,ksc_slr102:5f60bf96b390c,2f46cc06bb7ac9e27aaa4638bec8cc9939c59e59beb4d5e1e78c869502950730,4.45859410430839,formant_rule_based_tts,eSpeak NG Kazakh formant synthesizer,eSpeak NG 1.52.0 source-4870adfa25b1a32b4361592f1be8a40337c58d6c; Ubuntu 1.52.0+dfsg-5build1 runtime packages,espeakng_kazakh_formant:kk:w200:p50:a100,not_applicable:pretrained-tts-no-local-voice-cloning,local_cpu_espeakng_formant,offline_formant_tts,22050,wav,none,,2026-08-10T00:00:00Z
ksc_derived_kk_v4_espeakng:b88107e444945d02,raw/ksc_derived_kk_v4_espeakng/slices/espeakng-407/espeakng_kazakh_formant/5f632eb46c697.wav,3f7520bdd51c17f13dab065bbb010477c597b8b625d6d1ab3264e3cfc764b3f6,test,spoof,kk,unknown,ksc_derived_kk_v4_espeakng:profile:espeakng_kazakh_formant:kk:w200:p65:a100,ksc_derived_kk_v4_espeakng,KSC text CC-BY-4.0; eSpeak NG GPL-3.0-or-later,Offline derivative for personal research from KSC transcript ksc_slr102:5f632eb46c697; eSpeak NG GPL-3.0-or-later; bundled Ubuntu runtime packages retain their declared package licenses; no voice cloning,ksc_derived_kk_v4_espeakng:synthetic-voice:espeakng_kazakh_formant:kk:w200:p65:a100,ksc_slr102:5f632eb46c697,0d7092e8ab79d1837643e444ba8ee5b6a60b0dd304e19ac530806052333b0e3c,11.679365079365079,formant_rule_based_tts,eSpeak NG Kazakh formant synthesizer,eSpeak NG 1.52.0 source-4870adfa25b1a32b4361592f1be8a40337c58d6c; Ubuntu 1.52.0+dfsg-5build1 runtime packages,espeakng_kazakh_formant:kk:w200:p65:a100,not_applicable:pretrained-tts-no-local-voice-cloning,local_cpu_espeakng_formant,offline_formant_tts,22050,wav,none,,2026-08-10T00:00:00Z
ksc_derived_kk_v4_espeakng:33ea99bc7d2c1d73,raw/ksc_derived_kk_v4_espeakng/slices/espeakng-407/espeakng_kazakh_formant/5f609dc7c3f06.wav,03ab8e4245f19caab8da51f0c4ec723c13a9d050b0ebbb9c7ed23f7ce8e8d563,test,spoof,kk,unknown,ksc_derived_kk_v4_espeakng:profile:espeakng_kazakh_formant:kk:w225:p35:a100,ksc_derived_kk_v4_espeakng,KSC text CC-BY-4.0; eSpeak NG GPL-3.0-or-later,Offline derivative for personal research from KSC transcript ksc_slr102:5f609dc7c3f06; eSpeak NG GPL-3.0-or-later; bundled Ubuntu runtime packages retain their declared package licenses; no voice cloning,ksc_derived_kk_v4_espeakng:synthetic-voice:espeakng_kazakh_formant:kk:w225:p35:a100,ksc_slr102:5f609dc7c3f06,81627c9f10f506f0ac5ce01581ca6823794dcac8781960b7892d3c7355a261c5,2.982312925170068,formant_rule_based_tts,eSpeak NG Kazakh formant synthesizer,eSpeak NG 1.52.0 source-4870adfa25b1a32b4361592f1be8a40337c58d6c; Ubuntu 1.52.0+dfsg-5build1 runtime packages,espeakng_kazakh_formant:kk:w225:p35:a100,not_applicable:pretrained-tts-no-local-voice-cloning,local_cpu_espeakng_formant,offline_formant_tts,22050,wav,none,,2026-08-10T00:00:00Z
ksc_derived_kk_v4_espeakng:5b8038b27a5dc1ac,raw/ksc_derived_kk_v4_espeakng/slices/espeakng-407/espeakng_kazakh_formant/5f60e77d70a1e.wav,27b6405d4524bbe445ebe0ab756e0248d0bf9c65ccc9ec41d8bb826577dcfcaa,test,spoof,kk,unknown,ksc_derived_kk_v4_espeakng:profile:espeakng_kazakh_formant:kk:w225:p50:a100,ksc_derived_kk_v4_espeakng,KSC text CC-BY-4.0; eSpeak NG GPL-3.0-or-later,Offline derivative for personal research from KSC transcript ksc_slr102:5f60e77d70a1e; eSpeak NG GPL-3.0-or-later; bundled Ubuntu runtime packages retain their declared package licenses; no voice cloning,ksc_derived_kk_v4_espeakng:synthetic-voice:espeakng_kazakh_formant:kk:w225:p50:a100,ksc_slr102:5f60e77d70a1e,c0cba554fae939b64a78fe0ad06f694eba1b4fa70d8fef5c2893d670c7b349c5,1.8491156462585034,formant_rule_based_tts,eSpeak NG Kazakh formant synthesizer,eSpeak NG 1.52.0 source-4870adfa25b1a32b4361592f1be8a40337c58d6c; Ubuntu 1.52.0+dfsg-5build1 runtime packages,espeakng_kazakh_formant:kk:w225:p50:a100,not_applicable:pretrained-tts-no-local-voice-cloning,local_cpu_espeakng_formant,offline_formant_tts,22050,wav,none,,2026-08-10T00:00:00Z
ksc_derived_kk_v4_espeakng:3af002f83c812c3b,raw/ksc_derived_kk_v4_espeakng/slices/espeakng-407/espeakng_kazakh_formant/5f5f4033bf33b.wav,1c7c432558f444b7f5b4727d9781ef20f2403af78de8f0abb1112177e9ea62ca,test,spoof,kk,unknown,ksc_derived_kk_v4_espeakng:profile:espeakng_kazakh_formant:kk:w225:p65:a100,ksc_derived_kk_v4_espeakng,KSC text CC-BY-4.0; eSpeak NG GPL-3.0-or-later,Offline derivative for personal research from KSC transcript ksc_slr102:5f5f4033bf33b; eSpeak NG GPL-3.0-or-later; bundled Ubuntu runtime packages retain their declared package licenses; no voice cloning,ksc_derived_kk_v4_espeakng:synthetic-voice:espeakng_kazakh_formant:kk:w225:p65:a100,ksc_slr102:5f5f4033bf33b,787897591715ffdaad3e79c0de18ee43baac5fbf7c98a9039cbc72fe022ff2f3,5.913922902494331,formant_rule_based_tts,eSpeak NG Kazakh formant synthesizer,eSpeak NG 1.52.0 source-4870adfa25b1a32b4361592f1be8a40337c58d6c; Ubuntu 1.52.0+dfsg-5build1 runtime packages,espeakng_kazakh_formant:kk:w225:p65:a100,not_applicable:pretrained-tts-no-local-voice-cloning,local_cpu_espeakng_formant,offline_formant_tts,22050,wav,none,,2026-08-10T00:00:00Z
ksc_derived_kk_v4_espeakng:2bd05afff8326505,raw/ksc_derived_kk_v4_espeakng/slices/espeakng-407/espeakng_kazakh_formant/5f59ed2df2f50.wav,219d6bd1f51f7cd391aefb08aa8fc1232f166f9d43c280deb17ba99884a52301,test,spoof,kk,unknown,ksc_derived_kk_v4_espeakng:profile:espeakng_kazakh_formant:kk:w150:p35:a100,ksc_derived_kk_v4_espeakng,KSC text CC-BY-4.0; eSpeak NG GPL-3.0-or-later,Offline derivative for personal research from KSC transcript ksc_slr102:5f59ed2df2f50; eSpeak NG GPL-3.0-or-later; bundled Ubuntu runtime packages retain their declared package licenses; no voice cloning,ksc_derived_kk_v4_espeakng:synthetic-voice:espeakng_kazakh_formant:kk:w150:p35:a100,ksc_slr102:5f59ed2df2f50,d0bc898d679fdb27c378d10b4148c35fb347a63d053b37593bfbc603148f9614,10.96702947845805,formant_rule_based_tts,eSpeak NG Kazakh formant synthesizer,eSpeak NG 1.52.0 source-4870adfa25b1a32b4361592f1be8a40337c58d6c; Ubuntu 1.52.0+dfsg-5build1 runtime packages,espeakng_kazakh_formant:kk:w150:p35:a100,not_applicable:pretrained-tts-no-local-voice-cloning,local_cpu_espeakng_formant,offline_formant_tts,22050,wav,none,,2026-08-10T00:00:00Z
ksc_derived_kk_v4_espeakng:8d60ce40107b4127,raw/ksc_derived_kk_v4_espeakng/slices/espeakng-407/espeakng_kazakh_formant/5f60dd6d2f53e.wav,0635443358d48508281a9738aec6d5cf3c3783e28730a691784e7eb268ce711f,test,spoof,kk,unknown,ksc_derived_kk_v4_espeakng:profile:espeakng_kazakh_formant:kk:w150:p50:a100,ksc_derived_kk_v4_espeakng,KSC text CC-BY-4.0; eSpeak NG GPL-3.0-or-later,Offline derivative for personal research from KSC transcript ksc_slr102:5f60dd6d2f53e; eSpeak NG GPL-3.0-or-later; bundled Ubuntu runtime packages retain their declared package licenses; no voice cloning,ksc_derived_kk_v4_espeakng:synthetic-voice:espeakng_kazakh_formant:kk:w150:p50:a100,ksc_slr102:5f60dd6d2f53e,357e9850dcdcb8710bdf226ef3d92b5f412fe4b5f64cdc5be9b784719755b729,7.647528344671202,formant_rule_based_tts,eSpeak NG Kazakh formant synthesizer,eSpeak NG 1.52.0 source-4870adfa25b1a32b4361592f1be8a40337c58d6c; Ubuntu 1.52.0+dfsg-5build1 runtime packages,espeakng_kazakh_formant:kk:w150:p50:a100,not_applicable:pretrained-tts-no-local-voice-cloning,local_cpu_espeakng_formant,offline_formant_tts,22050,wav,none,,2026-08-10T00:00:00Z
ksc_derived_kk_v4_espeakng:a1ea79b822b7a0ba,raw/ksc_derived_kk_v4_espeakng/slices/espeakng-407/espeakng_kazakh_formant/5f5c503a059c6.wav,fd369a2619f2f5f9ffd18f1ea3b1095bee81d046def81c961be7ec25b4a80225,test,spoof,kk,unknown,ksc_derived_kk_v4_espeakng:profile:espeakng_kazakh_formant:kk:w150:p65:a100,ksc_derived_kk_v4_espeakng,KSC text CC-BY-4.0; eSpeak NG GPL-3.0-or-later,Offline derivative for personal research from KSC transcript ksc_slr102:5f5c503a059c6; eSpeak NG GPL-3.0-or-later; bundled Ubuntu runtime packages retain their declared package licenses; no voice cloning,ksc_derived_kk_v4_espeakng:synthetic-voice:espeakng_kazakh_formant:kk:w150:p65:a100,ksc_slr102:5f5c503a059c6,89480d82700bad313920bafae405050bfc23efde9dd818b74f4de504eecb83aa,4.139727891156463,formant_rule_based_tts,eSpeak NG Kazakh formant synthesizer,eSpeak NG 1.52.0 source-4870adfa25b1a32b4361592f1be8a40337c58d6c; Ubuntu 1.52.0+dfsg-5build1 runtime packages,espeakng_kazakh_formant:kk:w150:p65:a100,not_applicable:pretrained-tts-no-local-voice-cloning,local_cpu_espeakng_formant,offline_formant_tts,22050,wav,none,,2026-08-10T00:00:00Z
ksc_derived_kk_v4_espeakng:e8afc3563cff9dca,raw/ksc_derived_kk_v4_espeakng/slices/espeakng-407/espeakng_kazakh_formant/5f60df1ed5157.wav,d6d453dbe5a51ac62ee97881b141be5ecdab3f743b5364309e8cb6e41e22cd4e,test,spoof,kk,unknown,ksc_derived_kk_v4_espeakng:profile:espeakng_kazakh_formant:kk:w175:p35:a100,ksc_derived_kk_v4_espeakng,KSC text CC-BY-4.0; eSpeak NG GPL-3.0-or-later,Offline derivative for personal research from KSC transcript ksc_slr102:5f60df1ed5157; eSpeak NG GPL-3.0-or-later; bundled Ubuntu runtime packages retain their declared package licenses; no voice cloning,ksc_derived_kk_v4_espeakng:synthetic-voice:espeakng_kazakh_formant:kk:w175:p35:a100,ksc_slr102:5f60df1ed5157,8308fdc09ed5416193a53936daab6d31a5c2e923df7b55bdacbf9254de9ffd54,4.5160544217687075,formant_rule_based_tts,eSpeak NG Kazakh formant synthesizer,eSpeak NG 1.52.0 source-4870adfa25b1a32b4361592f1be8a40337c58d6c; Ubuntu 1.52.0+dfsg-5build1 runtime packages,espeakng_kazakh_formant:kk:w175:p35:a100,not_applicable:pretrained-tts-no-local-voice-cloning,local_cpu_espeakng_formant,offline_formant_tts,22050,wav,none,,2026-08-10T00:00:00Z
ksc_derived_kk_v4_espeakng:6b464c4996b6849b,raw/ksc_derived_kk_v4_espeakng/slices/espeakng-407/espeakng_kazakh_formant/5f60e6dc3f0a6.wav,3fcdb4476acd5317f44ac0acf8b8b11eb7ece83d3fc5744bc4dd20c101bf15b2,test,spoof,kk,unknown,ksc_derived_kk_v4_espeakng:profile:espeakng_kazakh_formant:kk:w175:p50:a100,ksc_derived_kk_v4_espeakng,KSC text CC-BY-4.0; eSpeak NG GPL-3.0-or-later,Offline derivative for personal research from KSC transcript ksc_slr102:5f60e6dc3f0a6; eSpeak NG GPL-3.0-or-later; bundled Ubuntu runtime packages retain their declared package licenses; no voice cloning,ksc_derived_kk_v4_espeakng:synthetic-voice:espeakng_kazakh_formant:kk:w175:p50:a100,ksc_slr102:5f60e6dc3f0a6,5867f80cfde264f53bb0d00fdc361cf27a300a44a52e70edf0cc9647ed91379b,3.7160090702947848,formant_rule_based_tts,eSpeak NG Kazakh formant synthesizer,eSpeak NG 1.52.0 source-4870adfa25b1a32b4361592f1be8a40337c58d6c; Ubuntu 1.52.0+dfsg-5build1 runtime packages,espeakng_kazakh_formant:kk:w175:p50:a100,not_applicable:pretrained-tts-no-local-voice-cloning,local_cpu_espeakng_formant,offline_formant_tts,22050,wav,none,,2026-08-10T00:00:00Z
ksc_derived_kk_v4_espeakng:5c0c3652252d2caf,raw/ksc_derived_kk_v4_espeakng/slices/espeakng-407/espeakng_kazakh_formant/5f60afba90750.wav,75aa478b375746ee8f8c26fb207c598919d209e6ae94b77d53c5643437ad9df4,test,spoof,kk,unknown,ksc_derived_kk_v4_espeakng:profile:espeakng_kazakh_formant:kk:w175:p65:a100,ksc_derived_kk_v4_espeakng,KSC text CC-BY-4.0; eSpeak NG GPL-3.0-or-later,Offline derivative for personal research from KSC transcript ksc_slr102:5f60afba90750; eSpeak NG GPL-3.0-or-later; bundled Ubuntu runtime packages retain their declared package licenses; no voice cloning,ksc_derived_kk_v4_espeakng:synthetic-voice:espeakng_kazakh_formant:kk:w175:p65:a100,ksc_slr102:5f60afba90750,9683ad76a1c421c365ca7653b2858e19c158919a65be9f8c21c5449da565db69,8.29578231292517,formant_rule_based_tts,eSpeak NG Kazakh formant synthesizer,eSpeak NG 1.52.0 source-4870adfa25b1a32b4361592f1be8a40337c58d6c; Ubuntu 1.52.0+dfsg-5build1 runtime packages,espeakng_kazakh_formant:kk:w175:p65:a100,not_applicable:pretrained-tts-no-local-voice-cloning,local_cpu_espeakng_formant,offline_formant_tts,22050,wav,none,,2026-08-10T00:00:00Z
ksc_derived_kk_v4_espeakng:c1ef411443bbe233,raw/ksc_derived_kk_v4_espeakng/slices/espeakng-407/espeakng_kazakh_formant/5fa10ff6915d7.wav,83761b31720a756624feb8b77ca415c67127713db430bb16e1a16f185b777988,test,spoof,kk,unknown,ksc_derived_kk_v4_espeakng:profile:espeakng_kazakh_formant:kk:w200:p35:a100,ksc_derived_kk_v4_espeakng,KSC text CC-BY-4.0; eSpeak NG GPL-3.0-or-later,Offline derivative for personal research from KSC transcript ksc_slr102:5fa10ff6915d7; eSpeak NG GPL-3.0-or-later; bundled Ubuntu runtime packages retain their declared package licenses; no voice cloning,ksc_derived_kk_v4_espeakng:synthetic-voice:espeakng_kazakh_formant:kk:w200:p35:a100,ksc_slr102:5fa10ff6915d7,1b9999f623538a8f819dc7857cc8e54a736cc488a505866eedaa0c368872f23d,4.899138321995465,formant_rule_based_tts,eSpeak NG Kazakh formant synthesizer,eSpeak NG 1.52.0 source-4870adfa25b1a32b4361592f1be8a40337c58d6c; Ubuntu 1.52.0+dfsg-5build1 runtime packages,espeakng_kazakh_formant:kk:w200:p35:a100,not_applicable:pretrained-tts-no-local-voice-cloning,local_cpu_espeakng_formant,offline_formant_tts,22050,wav,none,,2026-08-10T00:00:00Z
ksc_derived_kk_v4_espeakng:05aaeb89c87e474b,raw/ksc_derived_kk_v4_espeakng/slices/espeakng-407/espeakng_kazakh_formant/5f62e36707fb3.wav,c6626e965508fdcf3fd4bee3c9bec4a6a9258c25e080f26e40a7326175fe63c9,test,spoof,kk,unknown,ksc_derived_kk_v4_espeakng:profile:espeakng_kazakh_formant:kk:w200:p50:a100,ksc_derived_kk_v4_espeakng,KSC text CC-BY-4.0; eSpeak NG GPL-3.0-or-later,Offline derivative for personal research from KSC transcript ksc_slr102:5f62e36707fb3; eSpeak NG GPL-3.0-or-later; bundled Ubuntu runtime packages retain their declared package licenses; no voice cloning,ksc_derived_kk_v4_espeakng:synthetic-voice:espeakng_kazakh_formant:kk:w200:p50:a100,ksc_slr102:5f62e36707fb3,c15c63b384cdf2cab8f624e6e9f33d272cf3c3b5f541336f3c42c7dd6cc0a28b,3.0942403628117914,formant_rule_based_tts,eSpeak NG Kazakh formant synthesizer,eSpeak NG 1.52.0 source-4870adfa25b1a32b4361592f1be8a40337c58d6c; Ubuntu 1.52.0+dfsg-5build1 runtime packages,espeakng_kazakh_formant:kk:w200:p50:a100,not_applicable:pretrained-tts-no-local-voice-cloning,local_cpu_espeakng_formant,offline_formant_tts,22050,wav,none,,2026-08-10T00:00:00Z
ksc_derived_kk_v4_espeakng:d7a96734e93c3b1d,raw/ksc_derived_kk_v4_espeakng/slices/espeakng-407/espeakng_kazakh_formant/5f60fdbdbf210.wav,8a0d2d81d83ce53fe09aa4784c625d1bf3f3a23e6452cb9d9e1abb1ac983d8a6,test,spoof,kk,unknown,ksc_derived_kk_v4_espeakng:profile:espeakng_kazakh_formant:kk:w200:p65:a100,ksc_derived_kk_v4_espeakng,KSC text CC-BY-4.0; eSpeak NG GPL-3.0-or-later,Offline derivative for personal research from KSC transcript ksc_slr102:5f60fdbdbf210; eSpeak NG GPL-3.0-or-later; bundled Ubuntu runtime packages retain their declared package licenses; no voice cloning,ksc_derived_kk_v4_espeakng:synthetic-voice:espeakng_kazakh_formant:kk:w200:p65:a100,ksc_slr102:5f60fdbdbf210,703b84b7df10fe3c6e74ccb0297a006a130acdbefec96fdabe341f8daeb2b7a2,4.507256235827664,formant_rule_based_tts,eSpeak NG Kazakh formant synthesizer,eSpeak NG 1.52.0 source-4870adfa25b1a32b4361592f1be8a40337c58d6c; Ubuntu 1.52.0+dfsg-5build1 runtime packages,espeakng_kazakh_formant:kk:w200:p65:a100,not_applicable:pretrained-tts-no-local-voice-cloning,local_cpu_espeakng_formant,offline_formant_tts,22050,wav,none,,2026-08-10T00:00:00Z
ksc_derived_kk_v4_espeakng:9db553986acb95da,raw/ksc_derived_kk_v4_espeakng/slices/espeakng-407/espeakng_kazakh_formant/5f5a0dd158747.wav,f8205b89609a0a232f5702a0b49d312f3a998ea560c219b0c9d460d072563775,test,spoof,kk,unknown,ksc_derived_kk_v4_espeakng:profile:espeakng_kazakh_formant:kk:w225:p35:a100,ksc_derived_kk_v4_espeakng,KSC text CC-BY-4.0; eSpeak NG GPL-3.0-or-later,Offline derivative for personal research from KSC transcript ksc_slr102:5f5a0dd158747; eSpeak NG GPL-3.0-or-later; bundled Ubuntu runtime packages retain their declared package licenses; no voice cloning,ksc_derived_kk_v4_espeakng:synthetic-voice:espeakng_kazakh_formant:kk:w225:p35:a100,ksc_slr102:5f5a0dd158747,7e207c856a5514bfd2576ea45dbb48f846d81996d4531cb611cb095296c8eab5,7.855646258503401,formant_rule_based_tts,eSpeak NG Kazakh formant synthesizer,eSpeak NG 1.52.0 source-4870adfa25b1a32b4361592f1be8a40337c58d6c; Ubuntu 1.52.0+dfsg-5build1 runtime packages,espeakng_kazakh_formant:kk:w225:p35:a100,not_applicable:pretrained-tts-no-local-voice-cloning,local_cpu_espeakng_formant,offline_formant_tts,22050,wav,none,,2026-08-10T00:00:00Z
ksc_derived_kk_v4_espeakng:69c9fe8d3aa3eebb,raw/ksc_derived_kk_v4_espeakng/slices/espeakng-407/espeakng_kazakh_formant/5f6097bae063e.wav,bf3447c07f5e76afd6c52ec2079e19474ca473f6dd12fdc200b9b815b6b50b8f,test,spoof,kk,unknown,ksc_derived_kk_v4_espeakng:profile:espeakng_kazakh_formant:kk:w225:p50:a100,ksc_derived_kk_v4_espeakng,KSC text CC-BY-4.0; eSpeak NG GPL-3.0-or-later,Offline derivative for personal research from KSC transcript ksc_slr102:5f6097bae063e; eSpeak NG GPL-3.0-or-later; bundled Ubuntu runtime packages retain their declared package licenses; no voice cloning,ksc_derived_kk_v4_espeakng:synthetic-voice:espeakng_kazakh_formant:kk:w225:p50:a100,ksc_slr102:5f6097bae063e,acbc379e346ba4f119c17be57c8d58f9d9eb1dbfc370c39423e5759039525a39,1.654875283446712,formant_rule_based_tts,eSpeak NG Kazakh formant synthesizer,eSpeak NG 1.52.0 source-4870adfa25b1a32b4361592f1be8a40337c58d6c; Ubuntu 1.52.0+dfsg-5build1 runtime packages,espeakng_kazakh_formant:kk:w225:p50:a100,not_applicable:pretrained-tts-no-local-voice-cloning,local_cpu_espeakng_formant,offline_formant_tts,22050,wav,none,,2026-08-10T00:00:00Z
ksc_derived_kk_v4_espeakng:83629762c8b91381,raw/ksc_derived_kk_v4_espeakng/slices/espeakng-407/espeakng_kazakh_formant/5f609839bb13d.wav,ea0c5488fa8fcd0a7d05ea78e0195a1a8e26aca353396746eca3c4bd1f6378e7,test,spoof,kk,unknown,ksc_derived_kk_v4_espeakng:profile:espeakng_kazakh_formant:kk:w225:p65:a100,ksc_derived_kk_v4_espeakng,KSC text CC-BY-4.0; eSpeak NG GPL-3.0-or-later,Offline derivative for personal research from KSC transcript ksc_slr102:5f609839bb13d; eSpeak NG GPL-3.0-or-later; bundled Ubuntu runtime packages retain their declared package licenses; no voice cloning,ksc_derived_kk_v4_espeakng:synthetic-voice:espeakng_kazakh_formant:kk:w225:p65:a100,ksc_slr102:5f609839bb13d,c031fffcd24433b23b97978e06729134c46baaf1df2cdf4c86046d6be4e954c7,4.367256235827664,formant_rule_based_tts,eSpeak NG Kazakh formant synthesizer,eSpeak NG 1.52.0 source-4870adfa25b1a32b4361592f1be8a40337c58d6c; Ubuntu 1.52.0+dfsg-5build1 runtime packages,espeakng_kazakh_formant:kk:w225:p65:a100,not_applicable:pretrained-tts-no-local-voice-cloning,local_cpu_espeakng_formant,offline_formant_tts,22050,wav,none,,2026-08-10T00:00:00Z
ksc_derived_kk_v4_espeakng:3b6e9b4722ae2c90,raw/ksc_derived_kk_v4_espeakng/slices/espeakng-407/espeakng_kazakh_formant/5f60e6d16ebc3.wav,d3edef6bf1515417ab5f6b16fff970b11b48c4ba754e2335527b701648615c54,test,spoof,kk,unknown,ksc_derived_kk_v4_espeakng:profile:espeakng_kazakh_formant:kk:w150:p35:a100,ksc_derived_kk_v4_espeakng,KSC text CC-BY-4.0; eSpeak NG GPL-3.0-or-later,Offline derivative for personal research from KSC transcript ksc_slr102:5f60e6d16ebc3; eSpeak NG GPL-3.0-or-later; bundled Ubuntu runtime packages retain their declared package licenses; no voice cloning,ksc_derived_kk_v4_espeakng:synthetic-voice:espeakng_kazakh_formant:kk:w150:p35:a100,ksc_slr102:5f60e6d16ebc3,f95464d871a00ff27ac7f3948326eed4646a4035eda5d1ddab9ffae97370af1e,4.630068027210885,formant_rule_based_tts,eSpeak NG Kazakh formant synthesizer,eSpeak NG 1.52.0 source-4870adfa25b1a32b4361592f1be8a40337c58d6c; Ubuntu 1.52.0+dfsg-5build1 runtime packages,espeakng_kazakh_formant:kk:w150:p35:a100,not_applicable:pretrained-tts-no-local-voice-cloning,local_cpu_espeakng_formant,offline_formant_tts,22050,wav,none,,2026-08-10T00:00:00Z
ksc_derived_kk_v4_espeakng:9a0de5e1b04e3f18,raw/ksc_derived_kk_v4_espeakng/slices/espeakng-407/espeakng_kazakh_formant/5f6097efd8e52.wav,96bfb8d6fcb18c4a4910fb6c56fbdf64cc4938b4aa8be3dff74b09c52f748f4f,test,spoof,kk,unknown,ksc_derived_kk_v4_espeakng:profile:espeakng_kazakh_formant:kk:w150:p50:a100,ksc_derived_kk_v4_espeakng,KSC text CC-BY-4.0; eSpeak NG GPL-3.0-or-later,Offline derivative for personal research from KSC transcript ksc_slr102:5f6097efd8e52; eSpeak NG GPL-3.0-or-later; bundled Ubuntu runtime packages retain their declared package licenses; no voice cloning,ksc_derived_kk_v4_espeakng:synthetic-voice:espeakng_kazakh_formant:kk:w150:p50:a100,ksc_slr102:5f6097efd8e52,f1b9e603880c1f32a1f54695564a40e2116dd1ebc7b9faf52eefbc8b0fca4a4d,5.67546485260771,formant_rule_based_tts,eSpeak NG Kazakh formant synthesizer,eSpeak NG 1.52.0 source-4870adfa25b1a32b4361592f1be8a40337c58d6c; Ubuntu 1.52.0+dfsg-5build1 runtime packages,espeakng_kazakh_formant:kk:w150:p50:a100,not_applicable:pretrained-tts-no-local-voice-cloning,local_cpu_espeakng_formant,offline_formant_tts,22050,wav,none,,2026-08-10T00:00:00Z
ksc_derived_kk_v4_espeakng:74fa911ccddd22db,raw/ksc_derived_kk_v4_espeakng/slices/espeakng-407/espeakng_kazakh_formant/5f56899af2b47.wav,7203be05db842936e4332d609d2dfdce6310e5b7b49a925c664459ae142ae33c,test,spoof,kk,unknown,ksc_derived_kk_v4_espeakng:profile:espeakng_kazakh_formant:kk:w150:p65:a100,ksc_derived_kk_v4_espeakng,KSC text CC-BY-4.0; eSpeak NG GPL-3.0-or-later,Offline derivative for personal research from KSC transcript ksc_slr102:5f56899af2b47; eSpeak NG GPL-3.0-or-later; bundled Ubuntu runtime packages retain their declared package licenses; no voice cloning,ksc_derived_kk_v4_espeakng:synthetic-voice:espeakng_kazakh_formant:kk:w150:p65:a100,ksc_slr102:5f56899af2b47,a99813f5ccf8484e072ba845f83c024db9667e9df11db6a88f129849af4b3240,7.04,formant_rule_based_tts,eSpeak NG Kazakh formant synthesizer,eSpeak NG 1.52.0 source-4870adfa25b1a32b4361592f1be8a40337c58d6c; Ubuntu 1.52.0+dfsg-5build1 runtime packages,espeakng_kazakh_formant:kk:w150:p65:a100,not_applicable:pretrained-tts-no-local-voice-cloning,local_cpu_espeakng_formant,offline_formant_tts,22050,wav,none,,2026-08-10T00:00:00Z
ksc_derived_kk_v4_espeakng:3a1a41078548a78d,raw/ksc_derived_kk_v4_espeakng/slices/espeakng-407/espeakng_kazakh_formant/5f618671f256b.wav,86671361f306481927c7e1264913d2ef113382e41df7643aeb6ae252664c803b,test,spoof,kk,unknown,ksc_derived_kk_v4_espeakng:profile:espeakng_kazakh_formant:kk:w175:p35:a100,ksc_derived_kk_v4_espeakng,KSC text CC-BY-4.0; eSpeak NG GPL-3.0-or-later,Offline derivative for personal research from KSC transcript ksc_slr102:5f618671f256b; eSpeak NG GPL-3.0-or-later; bundled Ubuntu runtime packages retain their declared package licenses; no voice cloning,ksc_derived_kk_v4_espeakng:synthetic-voice:espeakng_kazakh_formant:kk:w175:p35:a100,ksc_slr102:5f618671f256b,1e0ee71f362a06157fdd4118de30a809ea23d2378b0a0df3c09469dba1f11c3e,3.436734693877551,formant_rule_based_tts,eSpeak NG Kazakh formant synthesizer,eSpeak NG 1.52.0 source-4870adfa25b1a32b4361592f1be8a40337c58d6c; Ubuntu 1.52.0+dfsg-5build1 runtime packages,espeakng_kazakh_formant:kk:w175:p35:a100,not_applicable:pretrained-tts-no-local-voice-cloning,local_cpu_espeakng_formant,offline_formant_tts,22050,wav,none,,2026-08-10T00:00:00Z
ksc_derived_kk_v4_espeakng:f3114b18833cc294,raw/ksc_derived_kk_v4_espeakng/slices/espeakng-407/espeakng_kazakh_formant/5f618a6f8989e.wav,c62f4b79b63fbdca0423e208390c66f07cc61e2e6ec79dea4f4e9d4053336f9f,test,spoof,kk,unknown,ksc_derived_kk_v4_espeakng:profile:espeakng_kazakh_formant:kk:w175:p50:a100,ksc_derived_kk_v4_espeakng,KSC text CC-BY-4.0; eSpeak NG GPL-3.0-or-later,Offline derivative for personal research from KSC transcript ksc_slr102:5f618a6f8989e; eSpeak NG GPL-3.0-or-later; bundled Ubuntu runtime packages retain their declared package licenses; no voice cloning,ksc_derived_kk_v4_espeakng:synthetic-voice:espeakng_kazakh_formant:kk:w175:p50:a100,ksc_slr102:5f618a6f8989e,61afc38360d55ee2896b0e0cea4504449fa0a5d85ea0d440a7f293e781e258af,3.936734693877551,formant_rule_based_tts,eSpeak NG Kazakh formant synthesizer,eSpeak NG 1.52.0 source-4870adfa25b1a32b4361592f1be8a40337c58d6c; Ubuntu 1.52.0+dfsg-5build1 runtime packages,espeakng_kazakh_formant:kk:w175:p50:a100,not_applicable:pretrained-tts-no-local-voice-cloning,local_cpu_espeakng_formant,offline_formant_tts,22050,wav,none,,2026-08-10T00:00:00Z
ksc_derived_kk_v4_espeakng:b0d554e80cb7caec,raw/ksc_derived_kk_v4_espeakng/slices/espeakng-407/espeakng_kazakh_formant/5f5a0e4da09b1.wav,eb18a2981031069cc16be156f687f4fb6c88beb4400c7da2a1923bd556e37662,test,spoof,kk,unknown,ksc_derived_kk_v4_espeakng:profile:espeakng_kazakh_formant:kk:w175:p65:a100,ksc_derived_kk_v4_espeakng,KSC text CC-BY-4.0; eSpeak NG GPL-3.0-or-later,Offline derivative for personal research from KSC transcript ksc_slr102:5f5a0e4da09b1; eSpeak NG GPL-3.0-or-later; bundled Ubuntu runtime packages retain their declared package licenses; no voice cloning,ksc_derived_kk_v4_espeakng:synthetic-voice:espeakng_kazakh_formant:kk:w175:p65:a100,ksc_slr102:5f5a0e4da09b1,ea8ad0f4186c9fbeb3f2338401e295fb82341ed0b67bbfad1b83edf2f437390f,5.471383219954649,formant_rule_based_tts,eSpeak NG Kazakh formant synthesizer,eSpeak NG 1.52.0 source-4870adfa25b1a32b4361592f1be8a40337c58d6c; Ubuntu 1.52.0+dfsg-5build1 runtime packages,espeakng_kazakh_formant:kk:w175:p65:a100,not_applicable:pretrained-tts-no-local-voice-cloning,local_cpu_espeakng_formant,offline_formant_tts,22050,wav,none,,2026-08-10T00:00:00Z
ksc_derived_kk_v4_espeakng:430f7e0751fbe8bc,raw/ksc_derived_kk_v4_espeakng/slices/espeakng-407/espeakng_kazakh_formant/5f5e76f9cbc53.wav,076ee1f5fcf9e626b65e04a61ce5337adc514568ec1972ceec72dd919ed874e0,test,spoof,kk,unknown,ksc_derived_kk_v4_espeakng:profile:espeakng_kazakh_formant:kk:w200:p35:a100,ksc_derived_kk_v4_espeakng,KSC text CC-BY-4.0; eSpeak NG GPL-3.0-or-later,Offline derivative for personal research from KSC transcript ksc_slr102:5f5e76f9cbc53; eSpeak NG GPL-3.0-or-later; bundled Ubuntu runtime packages retain their declared package licenses; no voice cloning,ksc_derived_kk_v4_espeakng:synthetic-voice:espeakng_kazakh_formant:kk:w200:p35:a100,ksc_slr102:5f5e76f9cbc53,3c46cece65d21cde5eb1ae74d307f162bb22fae11db1a6256116afe16b0b5df6,5.670612244897959,formant_rule_based_tts,eSpeak NG Kazakh formant synthesizer,eSpeak NG 1.52.0 source-4870adfa25b1a32b4361592f1be8a40337c58d6c; Ubuntu 1.52.0+dfsg-5build1 runtime packages,espeakng_kazakh_formant:kk:w200:p35:a100,not_applicable:pretrained-tts-no-local-voice-cloning,local_cpu_espeakng_formant,offline_formant_tts,22050,wav,none,,2026-08-10T00:00:00Z
ksc_derived_kk_v4_espeakng:8e8d184afeecdc1b,raw/ksc_derived_kk_v4_espeakng/slices/espeakng-407/espeakng_kazakh_formant/5f6187a4476e9.wav,f5896eed37670a9fb2f933e8f72e4faa890d6c189da7cab5aee77a7229593949,test,spoof,kk,unknown,ksc_derived_kk_v4_espeakng:profile:espeakng_kazakh_formant:kk:w200:p50:a100,ksc_derived_kk_v4_espeakng,KSC text CC-BY-4.0; eSpeak NG GPL-3.0-or-later,Offline derivative for personal research from KSC transcript ksc_slr102:5f6187a4476e9; eSpeak NG GPL-3.0-or-later; bundled Ubuntu runtime packages retain their declared package licenses; no voice cloning,ksc_derived_kk_v4_espeakng:synthetic-voice:espeakng_kazakh_formant:kk:w200:p50:a100,ksc_slr102:5f6187a4476e9,047d504caed044a88152c46a574310a35bf830196977ce473de41dafe9325df3,5.728888888888889,formant_rule_based_tts,eSpeak NG Kazakh formant synthesizer,eSpeak NG 1.52.0 source-4870adfa25b1a32b4361592f1be8a40337c58d6c; Ubuntu 1.52.0+dfsg-5build1 runtime packages,espeakng_kazakh_formant:kk:w200:p50:a100,not_applicable:pretrained-tts-no-local-voice-cloning,local_cpu_espeakng_formant,offline_formant_tts,22050,wav,none,,2026-08-10T00:00:00Z
ksc_derived_kk_v4_espeakng:f542f7aa7d7c54fa,raw/ksc_derived_kk_v4_espeakng/slices/espeakng-407/espeakng_kazakh_formant/5f5f583dc63df.wav,27745f7b81fc1ca3a7fdb635578de3be1f781026ca94681e11437c02be56fd19,test,spoof,kk,unknown,ksc_derived_kk_v4_espeakng:profile:espeakng_kazakh_formant:kk:w200:p65:a100,ksc_derived_kk_v4_espeakng,KSC text CC-BY-4.0; eSpeak NG GPL-3.0-or-later,Offline derivative for personal research from KSC transcript ksc_slr102:5f5f583dc63df; eSpeak NG GPL-3.0-or-later; bundled Ubuntu runtime packages retain their declared package licenses; no voice cloning,ksc_derived_kk_v4_espeakng:synthetic-voice:espeakng_kazakh_formant:kk:w200:p65:a100,ksc_slr102:5f5f583dc63df,8419b82cabd762936c74f0814eb2e782ac8a416910c0a770d4399ac182dbbaed,2.958095238095238,formant_rule_based_tts,eSpeak NG Kazakh formant synthesizer,eSpeak NG 1.52.0 source-4870adfa25b1a32b4361592f1be8a40337c58d6c; Ubuntu 1.52.0+dfsg-5build1 runtime packages,espeakng_kazakh_formant:kk:w200:p65:a100,not_applicable:pretrained-tts-no-local-voice-cloning,local_cpu_espeakng_formant,offline_formant_tts,22050,wav,none,,2026-08-10T00:00:00Z
ksc_derived_kk_v4_espeakng:68fd35d65f993a8f,raw/ksc_derived_kk_v4_espeakng/slices/espeakng-407/espeakng_kazakh_formant/5f619a42dc421.wav,d80b3bf0da7a33ff4a55130116c7e3d91560bf78241182b7b95e9f55fa202ea0,test,spoof,kk,unknown,ksc_derived_kk_v4_espeakng:profile:espeakng_kazakh_formant:kk:w225:p35:a100,ksc_derived_kk_v4_espeakng,KSC text CC-BY-4.0; eSpeak NG GPL-3.0-or-later,Offline derivative for personal research from KSC transcript ksc_slr102:5f619a42dc421; eSpeak NG GPL-3.0-or-later; bundled Ubuntu runtime packages retain their declared package licenses; no voice cloning,ksc_derived_kk_v4_espeakng:synthetic-voice:espeakng_kazakh_formant:kk:w225:p35:a100,ksc_slr102:5f619a42dc421,c9c4f2ec6f21e19978a84e14d25ca5e995c7e7983505911d5cff24f013ff71eb,3.4724263038548755,formant_rule_based_tts,eSpeak NG Kazakh formant synthesizer,eSpeak NG 1.52.0 source-4870adfa25b1a32b4361592f1be8a40337c58d6c; Ubuntu 1.52.0+dfsg-5build1 runtime packages,espeakng_kazakh_formant:kk:w225:p35:a100,not_applicable:pretrained-tts-no-local-voice-cloning,local_cpu_espeakng_formant,offline_formant_tts,22050,wav,none,,2026-08-10T00:00:00Z
ksc_derived_kk_v4_espeakng:bb2828576faa3ea7,raw/ksc_derived_kk_v4_espeakng/slices/espeakng-407/espeakng_kazakh_formant/5f60de80e9201.wav,0f375d13f947dd8e0e7842c2ea7dc6ae4a4d38ab563eb0e4afd63615414a6bb8,test,spoof,kk,unknown,ksc_derived_kk_v4_espeakng:profile:espeakng_kazakh_formant:kk:w225:p50:a100,ksc_derived_kk_v4_espeakng,KSC text CC-BY-4.0; eSpeak NG GPL-3.0-or-later,Offline derivative for personal research from KSC transcript ksc_slr102:5f60de80e9201; eSpeak NG GPL-3.0-or-later; bundled Ubuntu runtime packages retain their declared package licenses; no voice cloning,ksc_derived_kk_v4_espeakng:synthetic-voice:espeakng_kazakh_formant:kk:w225:p50:a100,ksc_slr102:5f60de80e9201,80df5af84063546a5c08090835212a2ed5bab0b044a72b127cf42caff580f5aa,3.687981859410431,formant_rule_based_tts,eSpeak NG Kazakh formant synthesizer,eSpeak NG 1.52.0 source-4870adfa25b1a32b4361592f1be8a40337c58d6c; Ubuntu 1.52.0+dfsg-5build1 runtime packages,espeakng_kazakh_formant:kk:w225:p50:a100,not_applicable:pretrained-tts-no-local-voice-cloning,local_cpu_espeakng_formant,offline_formant_tts,22050,wav,none,,2026-08-10T00:00:00Z
ksc_derived_kk_v4_espeakng:17310bb389e01da4,raw/ksc_derived_kk_v4_espeakng/slices/espeakng-407/espeakng_kazakh_formant/5f606c4bdd72d.wav,55f63675b4fa6c4387d8b0fb458a70656e4378a3d2e4be2b647fca83f79873bc,test,spoof,kk,unknown,ksc_derived_kk_v4_espeakng:profile:espeakng_kazakh_formant:kk:w225:p65:a100,ksc_derived_kk_v4_espeakng,KSC text CC-BY-4.0; eSpeak NG GPL-3.0-or-later,Offline derivative for personal research from KSC transcript ksc_slr102:5f606c4bdd72d; eSpeak NG GPL-3.0-or-later; bundled Ubuntu runtime packages retain their declared package licenses; no voice cloning,ksc_derived_kk_v4_espeakng:synthetic-voice:espeakng_kazakh_formant:kk:w225:p65:a100,ksc_slr102:5f606c4bdd72d,2633d9ba42068def8e649db08548513efbd6ae9d1b76b8b75b08910efd3f2177,4.673741496598639,formant_rule_based_tts,eSpeak NG Kazakh formant synthesizer,eSpeak NG 1.52.0 source-4870adfa25b1a32b4361592f1be8a40337c58d6c; Ubuntu 1.52.0+dfsg-5build1 runtime packages,espeakng_kazakh_formant:kk:w225:p65:a100,not_applicable:pretrained-tts-no-local-voice-cloning,local_cpu_espeakng_formant,offline_formant_tts,22050,wav,none,,2026-08-10T00:00:00Z
ksc_derived_kk_v4_espeakng:2d6b5757f81a8e9e,raw/ksc_derived_kk_v4_espeakng/slices/espeakng-407/espeakng_kazakh_formant/5f618a8a63f9e.wav,a91e851dfe9987f446dba8141830b1a24ab150bcd8acd2a460dfb90933a7890e,test,spoof,kk,unknown,ksc_derived_kk_v4_espeakng:profile:espeakng_kazakh_formant:kk:w150:p35:a100,ksc_derived_kk_v4_espeakng,KSC text CC-BY-4.0; eSpeak NG GPL-3.0-or-later,Offline derivative for personal research from KSC transcript ksc_slr102:5f618a8a63f9e; eSpeak NG GPL-3.0-or-later; bundled Ubuntu runtime packages retain their declared package licenses; no voice cloning,ksc_derived_kk_v4_espeakng:synthetic-voice:espeakng_kazakh_formant:kk:w150:p35:a100,ksc_slr102:5f618a8a63f9e,558b6f3cd8bf86e2c62ca046015fea50052eeb104c31a5cb9308b80988368804,13.492108843537414,formant_rule_based_tts,eSpeak NG Kazakh formant synthesizer,eSpeak NG 1.52.0 source-4870adfa25b1a32b4361592f1be8a40337c58d6c; Ubuntu 1.52.0+dfsg-5build1 runtime packages,espeakng_kazakh_formant:kk:w150:p35:a100,not_applicable:pretrained-tts-no-local-voice-cloning,local_cpu_espeakng_formant,offline_formant_tts,22050,wav,none,,2026-08-10T00:00:00Z
ksc_derived_kk_v4_espeakng:1a7de50e1670d553,raw/ksc_derived_kk_v4_espeakng/slices/espeakng-407/espeakng_kazakh_formant/5f60e76b0326e.wav,b6e7eee6e9a272999202a8ba9fe9c25b4d1f9e5b36297bde441efa611ea9112a,test,spoof,kk,unknown,ksc_derived_kk_v4_espeakng:profile:espeakng_kazakh_formant:kk:w150:p50:a100,ksc_derived_kk_v4_espeakng,KSC text CC-BY-4.0; eSpeak NG GPL-3.0-or-later,Offline derivative for personal research from KSC transcript ksc_slr102:5f60e76b0326e; eSpeak NG GPL-3.0-or-later; bundled Ubuntu runtime packages retain their declared package licenses; no voice cloning,ksc_derived_kk_v4_espeakng:synthetic-voice:espeakng_kazakh_formant:kk:w150:p50:a100,ksc_slr102:5f60e76b0326e,2d55e296ac5e5e1cd6d60b963b4ae87e8ab2101244cf54eafea7790458f811f0,5.233968253968254,formant_rule_based_tts,eSpeak NG Kazakh formant synthesizer,eSpeak NG 1.52.0 source-4870adfa25b1a32b4361592f1be8a40337c58d6c; Ubuntu 1.52.0+dfsg-5build1 runtime packages,espeakng_kazakh_formant:kk:w150:p50:a100,not_applicable:pretrained-tts-no-local-voice-cloning,local_cpu_espeakng_formant,offline_formant_tts,22050,wav,none,,2026-08-10T00:00:00Z
ksc_derived_kk_v4_espeakng:f780bd912f62b6e9,raw/ksc_derived_kk_v4_espeakng/slices/espeakng-407/espeakng_kazakh_formant/5f60e2c9eecfe.wav,bf68edb2126f4e73a87bfe10a61b7843489b1ab94b7675d17fa73cdaaefdb2b9,test,spoof,kk,unknown,ksc_derived_kk_v4_espeakng:profile:espeakng_kazakh_formant:kk:w150:p65:a100,ksc_derived_kk_v4_espeakng,KSC text CC-BY-4.0; eSpeak NG GPL-3.0-or-later,Offline derivative for personal research from KSC transcript ksc_slr102:5f60e2c9eecfe; eSpeak NG GPL-3.0-or-later; bundled Ubuntu runtime packages retain their declared package licenses; no voice cloning,ksc_derived_kk_v4_espeakng:synthetic-voice:espeakng_kazakh_formant:kk:w150:p65:a100,ksc_slr102:5f60e2c9eecfe,39c1c551b6543a317db02b6c45127ada0df4178dcfe90c9f457a95975e5826bd,7.337732426303855,formant_rule_based_tts,eSpeak NG Kazakh formant synthesizer,eSpeak NG 1.52.0 source-4870adfa25b1a32b4361592f1be8a40337c58d6c; Ubuntu 1.52.0+dfsg-5build1 runtime packages,espeakng_kazakh_formant:kk:w150:p65:a100,not_applicable:pretrained-tts-no-local-voice-cloning,local_cpu_espeakng_formant,offline_formant_tts,22050,wav,none,,2026-08-10T00:00:00Z
ksc_derived_kk_v4_espeakng:2e6e3986273f2c21,raw/ksc_derived_kk_v4_espeakng/slices/espeakng-407/espeakng_kazakh_formant/5f60addeebad3.wav,30074cabb16c1432973ecbf191b7516cddcc9f89bab02e3c6f07464d3b10be69,test,spoof,kk,unknown,ksc_derived_kk_v4_espeakng:profile:espeakng_kazakh_formant:kk:w175:p35:a100,ksc_derived_kk_v4_espeakng,KSC text CC-BY-4.0; eSpeak NG GPL-3.0-or-later,Offline derivative for personal research from KSC transcript ksc_slr102:5f60addeebad3; eSpeak NG GPL-3.0-or-later; bundled Ubuntu runtime packages retain their declared package licenses; no voice cloning,ksc_derived_kk_v4_espeakng:synthetic-voice:espeakng_kazakh_formant:kk:w175:p35:a100,ksc_slr102:5f60addeebad3,49ba0546d81eb3147653152e55623fd81ff5a1699ab59d43036a9dc7f06e8631,5.411655328798186,formant_rule_based_tts,eSpeak NG Kazakh formant synthesizer,eSpeak NG 1.52.0 source-4870adfa25b1a32b4361592f1be8a40337c58d6c; Ubuntu 1.52.0+dfsg-5build1 runtime packages,espeakng_kazakh_formant:kk:w175:p35:a100,not_applicable:pretrained-tts-no-local-voice-cloning,local_cpu_espeakng_formant,offline_formant_tts,22050,wav,none,,2026-08-10T00:00:00Z
ksc_derived_kk_v4_espeakng:d20a8e3c24c1819a,raw/ksc_derived_kk_v4_espeakng/slices/espeakng-407/espeakng_kazakh_formant/5f60adb87719b.wav,ea3a942043ca8aa02496e517735f84fad521b3ac7630699aba6f497693c67616,test,spoof,kk,unknown,ksc_derived_kk_v4_espeakng:profile:espeakng_kazakh_formant:kk:w175:p50:a100,ksc_derived_kk_v4_espeakng,KSC text CC-BY-4.0; eSpeak NG GPL-3.0-or-later,Offline derivative for personal research from KSC transcript ksc_slr102:5f60adb87719b; eSpeak NG GPL-3.0-or-later; bundled Ubuntu runtime packages retain their declared package licenses; no voice cloning,ksc_derived_kk_v4_espeakng:synthetic-voice:espeakng_kazakh_formant:kk:w175:p50:a100,ksc_slr102:5f60adb87719b,ab7e399f2ca5e51dfc3c8bf0394a86c0b8dddcfeea9a61c9af19d8327e0d3963,2.2857596371882085,formant_rule_based_tts,eSpeak NG Kazakh formant synthesizer,eSpeak NG 1.52.0 source-4870adfa25b1a32b4361592f1be8a40337c58d6c; Ubuntu 1.52.0+dfsg-5build1 runtime packages,espeakng_kazakh_formant:kk:w175:p50:a100,not_applicable:pretrained-tts-no-local-voice-cloning,local_cpu_espeakng_formant,offline_formant_tts,22050,wav,none,,2026-08-10T00:00:00Z
ksc_derived_kk_v4_espeakng:d7b97d77516a7395,raw/ksc_derived_kk_v4_espeakng/slices/espeakng-407/espeakng_kazakh_formant/5f60990e43835.wav,d1c5c00892e5ccbfdea959401008f2ebdcd2fdb3f99537e91e1fd57939b508c9,test,spoof,kk,unknown,ksc_derived_kk_v4_espeakng:profile:espeakng_kazakh_formant:kk:w175:p65:a100,ksc_derived_kk_v4_espeakng,KSC text CC-BY-4.0; eSpeak NG GPL-3.0-or-later,Offline derivative for personal research from KSC transcript ksc_slr102:5f60990e43835; eSpeak NG GPL-3.0-or-later; bundled Ubuntu runtime packages retain their declared package licenses; no voice cloning,ksc_derived_kk_v4_espeakng:synthetic-voice:espeakng_kazakh_formant:kk:w175:p65:a100,ksc_slr102:5f60990e43835,14698924a8aa6812eaa57d61aff8f52ad91b06dd013f7c6a8c430ea465e853b5,9.368163265306123,formant_rule_based_tts,eSpeak NG Kazakh formant synthesizer,eSpeak NG 1.52.0 source-4870adfa25b1a32b4361592f1be8a40337c58d6c; Ubuntu 1.52.0+dfsg-5build1 runtime packages,espeakng_kazakh_formant:kk:w175:p65:a100,not_applicable:pretrained-tts-no-local-voice-cloning,local_cpu_espeakng_formant,offline_formant_tts,22050,wav,none,,2026-08-10T00:00:00Z
ksc_derived_kk_v4_espeakng:e35d606e3c207262,raw/ksc_derived_kk_v4_espeakng/slices/espeakng-407/espeakng_kazakh_formant/5f60e9fbbf613.wav,f5f403215ae8c01143ea92bebf807329ae8ddc7615651184f61d534042b9de13,test,spoof,kk,unknown,ksc_derived_kk_v4_espeakng:profile:espeakng_kazakh_formant:kk:w200:p35:a100,ksc_derived_kk_v4_espeakng,KSC text CC-BY-4.0; eSpeak NG GPL-3.0-or-later,Offline derivative for personal research from KSC transcript ksc_slr102:5f60e9fbbf613; eSpeak NG GPL-3.0-or-later; bundled Ubuntu runtime packages retain their declared package licenses; no voice cloning,ksc_derived_kk_v4_espeakng:synthetic-voice:espeakng_kazakh_formant:kk:w200:p35:a100,ksc_slr102:5f60e9fbbf613,ea300f7bd67e7db59642650e272adb387bc35db24c3b2cc5c783d5ff31bf29d2,4.863401360544218,formant_rule_based_tts,eSpeak NG Kazakh formant synthesizer,eSpeak NG 1.52.0 source-4870adfa25b1a32b4361592f1be8a40337c58d6c; Ubuntu 1.52.0+dfsg-5build1 runtime packages,espeakng_kazakh_formant:kk:w200:p35:a100,not_applicable:pretrained-tts-no-local-voice-cloning,local_cpu_espeakng_formant,offline_formant_tts,22050,wav,none,,2026-08-10T00:00:00Z
ksc_derived_kk_v4_espeakng:924b90f81208cfe8,raw/ksc_derived_kk_v4_espeakng/slices/espeakng-407/espeakng_kazakh_formant/5f60661fb2607.wav,ce18ba4ec4bfae6ef4c2699aedab14e5a1743f57197932334aa1855de527847a,test,spoof,kk,unknown,ksc_derived_kk_v4_espeakng:profile:espeakng_kazakh_formant:kk:w200:p50:a100,ksc_derived_kk_v4_espeakng,KSC text CC-BY-4.0; eSpeak NG GPL-3.0-or-later,Offline derivative for personal research from KSC transcript ksc_slr102:5f60661fb2607; eSpeak NG GPL-3.0-or-later; bundled Ubuntu runtime packages retain their declared package licenses; no voice cloning,ksc_derived_kk_v4_espeakng:synthetic-voice:espeakng_kazakh_formant:kk:w200:p50:a100,ksc_slr102:5f60661fb2607,c1bc40766c1c2767da5bead216f3dae96f06ba14fd46aaa8ea684950769f5b08,7.060544217687075,formant_rule_based_tts,eSpeak NG Kazakh formant synthesizer,eSpeak NG 1.52.0 source-4870adfa25b1a32b4361592f1be8a40337c58d6c; Ubuntu 1.52.0+dfsg-5build1 runtime packages,espeakng_kazakh_formant:kk:w200:p50:a100,not_applicable:pretrained-tts-no-local-voice-cloning,local_cpu_espeakng_formant,offline_formant_tts,22050,wav,none,,2026-08-10T00:00:00Z
ksc_derived_kk_v4_espeakng:28c090298e263c9e,raw/ksc_derived_kk_v4_espeakng/slices/espeakng-407/espeakng_kazakh_formant/5f60e65884ef9.wav,cf362878907ed9e10b232c033a009018d667fb1f42db690e3cf03e1c4fbc1e8d,test,spoof,kk,unknown,ksc_derived_kk_v4_espeakng:profile:espeakng_kazakh_formant:kk:w200:p65:a100,ksc_derived_kk_v4_espeakng,KSC text CC-BY-4.0; eSpeak NG GPL-3.0-or-later,Offline derivative for personal research from KSC transcript ksc_slr102:5f60e65884ef9; eSpeak NG GPL-3.0-or-later; bundled Ubuntu runtime packages retain their declared package licenses; no voice cloning,ksc_derived_kk_v4_espeakng:synthetic-voice:espeakng_kazakh_formant:kk:w200:p65:a100,ksc_slr102:5f60e65884ef9,9060ee39fe0bcd31dd98aeb0196472b2b0d80851526f6eaabc36f65e911e7da6,7.473560090702948,formant_rule_based_tts,eSpeak NG Kazakh formant synthesizer,eSpeak NG 1.52.0 source-4870adfa25b1a32b4361592f1be8a40337c58d6c; Ubuntu 1.52.0+dfsg-5build1 runtime packages,espeakng_kazakh_formant:kk:w200:p65:a100,not_applicable:pretrained-tts-no-local-voice-cloning,local_cpu_espeakng_formant,offline_formant_tts,22050,wav,none,,2026-08-10T00:00:00Z
ksc_derived_kk_v4_espeakng:e1c0944d41d4a9b0,raw/ksc_derived_kk_v4_espeakng/slices/espeakng-407/espeakng_kazakh_formant/5f5688e36f4d6.wav,ad2c721d00e4bf00bf68e2a881392c4f16cd90a0a67932b62fea18377431988b,test,spoof,kk,unknown,ksc_derived_kk_v4_espeakng:profile:espeakng_kazakh_formant:kk:w225:p35:a100,ksc_derived_kk_v4_espeakng,KSC text CC-BY-4.0; eSpeak NG GPL-3.0-or-later,Offline derivative for personal research from KSC transcript ksc_slr102:5f5688e36f4d6; eSpeak NG GPL-3.0-or-later; bundled Ubuntu runtime packages retain their declared package licenses; no voice cloning,ksc_derived_kk_v4_espeakng:synthetic-voice:espeakng_kazakh_formant:kk:w225:p35:a100,ksc_slr102:5f5688e36f4d6,e0fa3b05be8b7fedfaa3965f5514b5edc9827b19a2a19808f984e284376b7446,2.524126984126984,formant_rule_based_tts,eSpeak NG Kazakh formant synthesizer,eSpeak NG 1.52.0 source-4870adfa25b1a32b4361592f1be8a40337c58d6c; Ubuntu 1.52.0+dfsg-5build1 runtime packages,espeakng_kazakh_formant:kk:w225:p35:a100,not_applicable:pretrained-tts-no-local-voice-cloning,local_cpu_espeakng_formant,offline_formant_tts,22050,wav,none,,2026-08-10T00:00:00Z
ksc_derived_kk_v4_espeakng:3eaf61c8171314d3,raw/ksc_derived_kk_v4_espeakng/slices/espeakng-407/espeakng_kazakh_formant/5f5f472041020.wav,3269834fe34bcfaaabdf3c1fef217e355a65785bb7dfa89f73d0934942bc23ca,test,spoof,kk,unknown,ksc_derived_kk_v4_espeakng:profile:espeakng_kazakh_formant:kk:w225:p50:a100,ksc_derived_kk_v4_espeakng,KSC text CC-BY-4.0; eSpeak NG GPL-3.0-or-later,Offline derivative for personal research from KSC transcript ksc_slr102:5f5f472041020; eSpeak NG GPL-3.0-or-later; bundled Ubuntu runtime packages retain their declared package licenses; no voice cloning,ksc_derived_kk_v4_espeakng:synthetic-voice:espeakng_kazakh_formant:kk:w225:p50:a100,ksc_slr102:5f5f472041020,6f031330118579e3263b8ae57462f60122325e583c245b3a2fc11217360980a3,1.8417233560090702,formant_rule_based_tts,eSpeak NG Kazakh formant synthesizer,eSpeak NG 1.52.0 source-4870adfa25b1a32b4361592f1be8a40337c58d6c; Ubuntu 1.52.0+dfsg-5build1 runtime packages,espeakng_kazakh_formant:kk:w225:p50:a100,not_applicable:pretrained-tts-no-local-voice-cloning,local_cpu_espeakng_formant,offline_formant_tts,22050,wav,none,,2026-08-10T00:00:00Z
ksc_derived_kk_v4_espeakng:68ccb0de2e4580be,raw/ksc_derived_kk_v4_espeakng/slices/espeakng-407/espeakng_kazakh_formant/5f5a559abfd6b.wav,daab52270d7c4d3548c7f7e7c30cc84166c75b0b7c7b8672ef281a457c922a16,test,spoof,kk,unknown,ksc_derived_kk_v4_espeakng:profile:espeakng_kazakh_formant:kk:w225:p65:a100,ksc_derived_kk_v4_espeakng,KSC text CC-BY-4.0; eSpeak NG GPL-3.0-or-later,Offline derivative for personal research from KSC transcript ksc_slr102:5f5a559abfd6b; eSpeak NG GPL-3.0-or-later; bundled Ubuntu runtime packages retain their declared package licenses; no voice cloning,ksc_derived_kk_v4_espeakng:synthetic-voice:espeakng_kazakh_formant:kk:w225:p65:a100,ksc_slr102:5f5a559abfd6b,dfed14c1ac039ade448a4aca8343972317527ec55b73b7c84868bb5803090c79,8.499773242630386,formant_rule_based_tts,eSpeak NG Kazakh formant synthesizer,eSpeak NG 1.52.0 source-4870adfa25b1a32b4361592f1be8a40337c58d6c; Ubuntu 1.52.0+dfsg-5build1 runtime packages,espeakng_kazakh_formant:kk:w225:p65:a100,not_applicable:pretrained-tts-no-local-voice-cloning,local_cpu_espeakng_formant,offline_formant_tts,22050,wav,none,,2026-08-10T00:00:00Z
ksc_derived_kk_v4_espeakng:4dbb54674c4b3ad7,raw/ksc_derived_kk_v4_espeakng/slices/espeakng-407/espeakng_kazakh_formant/5f5ef73d48813.wav,36031653c9930619dff9351487aaa0b6941f81e3ac7bf8bf3f8068bac0af8487,test,spoof,kk,unknown,ksc_derived_kk_v4_espeakng:profile:espeakng_kazakh_formant:kk:w150:p35:a100,ksc_derived_kk_v4_espeakng,KSC text CC-BY-4.0; eSpeak NG GPL-3.0-or-later,Offline derivative for personal research from KSC transcript ksc_slr102:5f5ef73d48813; eSpeak NG GPL-3.0-or-later; bundled Ubuntu runtime packages retain their declared package licenses; no voice cloning,ksc_derived_kk_v4_espeakng:synthetic-voice:espeakng_kazakh_formant:kk:w150:p35:a100,ksc_slr102:5f5ef73d48813,113b61a79bdbc5a4b638decff88e25a8edc7f5e7efa61f07f1818e2885ab623f,8.038866213151927,formant_rule_based_tts,eSpeak NG Kazakh formant synthesizer,eSpeak NG 1.52.0 source-4870adfa25b1a32b4361592f1be8a40337c58d6c; Ubuntu 1.52.0+dfsg-5build1 runtime packages,espeakng_kazakh_formant:kk:w150:p35:a100,not_applicable:pretrained-tts-no-local-voice-cloning,local_cpu_espeakng_formant,offline_formant_tts,22050,wav,none,,2026-08-10T00:00:00Z
ksc_derived_kk_v4_espeakng:940291dceed722e6,raw/ksc_derived_kk_v4_espeakng/slices/espeakng-407/espeakng_kazakh_formant/5f61888323d8e.wav,9213f71e83d063ea2ceccedaf1016c7622726498767b1b364b9b52c0b10d9f46,test,spoof,kk,unknown,ksc_derived_kk_v4_espeakng:profile:espeakng_kazakh_formant:kk:w150:p50:a100,ksc_derived_kk_v4_espeakng,KSC text CC-BY-4.0; eSpeak NG GPL-3.0-or-later,Offline derivative for personal research from KSC transcript ksc_slr102:5f61888323d8e; eSpeak NG GPL-3.0-or-later; bundled Ubuntu runtime packages retain their declared package licenses; no voice cloning,ksc_derived_kk_v4_espeakng:synthetic-voice:espeakng_kazakh_formant:kk:w150:p50:a100,ksc_slr102:5f61888323d8e,0a9534fda185f66523749e952b0c77a670a22425f1b5e4ec477785ab889af94b,5.413015873015873,formant_rule_based_tts,eSpeak NG Kazakh formant synthesizer,eSpeak NG 1.52.0 source-4870adfa25b1a32b4361592f1be8a40337c58d6c; Ubuntu 1.52.0+dfsg-5build1 runtime packages,espeakng_kazakh_formant:kk:w150:p50:a100,not_applicable:pretrained-tts-no-local-voice-cloning,local_cpu_espeakng_formant,offline_formant_tts,22050,wav,none,,2026-08-10T00:00:00Z
ksc_derived_kk_v4_espeakng:25ac0be9ffd373ba,raw/ksc_derived_kk_v4_espeakng/slices/espeakng-407/espeakng_kazakh_formant/5f60b0100564a.wav,23b8dd7e2f99440d66fec4aee760c23f6a5133f7d86b7c809215a64fbb33f887,test,spoof,kk,unknown,ksc_derived_kk_v4_espeakng:profile:espeakng_kazakh_formant:kk:w150:p65:a100,ksc_derived_kk_v4_espeakng,KSC text CC-BY-4.0; eSpeak NG GPL-3.0-or-later,Offline derivative for personal research from KSC transcript ksc_slr102:5f60b0100564a; eSpeak NG GPL-3.0-or-later; bundled Ubuntu runtime packages retain their declared package licenses; no voice cloning,ksc_derived_kk_v4_espeakng:synthetic-voice:espeakng_kazakh_formant:kk:w150:p65:a100,ksc_slr102:5f60b0100564a,1a9bdc73fb3b49918eb5e92fe495fcdc829fc0d3e8e350d4645cd97b0b1b77a4,7.189115646258504,formant_rule_based_tts,eSpeak NG Kazakh formant synthesizer,eSpeak NG 1.52.0 source-4870adfa25b1a32b4361592f1be8a40337c58d6c; Ubuntu 1.52.0+dfsg-5build1 runtime packages,espeakng_kazakh_formant:kk:w150:p65:a100,not_applicable:pretrained-tts-no-local-voice-cloning,local_cpu_espeakng_formant,offline_formant_tts,22050,wav,none,,2026-08-10T00:00:00Z
ksc_derived_kk_v4_espeakng:9f4a024b4e81b342,raw/ksc_derived_kk_v4_espeakng/slices/espeakng-407/espeakng_kazakh_formant/5f60ecacd1901.wav,59d55407cc9b22b940649dbae98aa59519920d560e4413be3b441dc1c71bd937,test,spoof,kk,unknown,ksc_derived_kk_v4_espeakng:profile:espeakng_kazakh_formant:kk:w175:p35:a100,ksc_derived_kk_v4_espeakng,KSC text CC-BY-4.0; eSpeak NG GPL-3.0-or-later,Offline derivative for personal research from KSC transcript ksc_slr102:5f60ecacd1901; eSpeak NG GPL-3.0-or-later; bundled Ubuntu runtime packages retain their declared package licenses; no voice cloning,ksc_derived_kk_v4_espeakng:synthetic-voice:espeakng_kazakh_formant:kk:w175:p35:a100,ksc_slr102:5f60ecacd1901,3147d751cddd17d0f52ac4b9e9ac0631d2274a65869bb3a77f74ca3a3856750a,5.251746031746031,formant_rule_based_tts,eSpeak NG Kazakh formant synthesizer,eSpeak NG 1.52.0 source-4870adfa25b1a32b4361592f1be8a40337c58d6c; Ubuntu 1.52.0+dfsg-5build1 runtime packages,espeakng_kazakh_formant:kk:w175:p35:a100,not_applicable:pretrained-tts-no-local-voice-cloning,local_cpu_espeakng_formant,offline_formant_tts,22050,wav,none,,2026-08-10T00:00:00Z
ksc_derived_kk_v4_espeakng:51c3c434cce5e15a,raw/ksc_derived_kk_v4_espeakng/slices/espeakng-407/espeakng_kazakh_formant/5f5c4d97ad04b.wav,79ffef22008c071b92a97ca3975c31a458661f14d0e2005f25ee7eee6b31ce22,test,spoof,kk,unknown,ksc_derived_kk_v4_espeakng:profile:espeakng_kazakh_formant:kk:w175:p50:a100,ksc_derived_kk_v4_espeakng,KSC text CC-BY-4.0; eSpeak NG GPL-3.0-or-later,Offline derivative for personal research from KSC transcript ksc_slr102:5f5c4d97ad04b; eSpeak NG GPL-3.0-or-later; bundled Ubuntu runtime packages retain their declared package licenses; no voice cloning,ksc_derived_kk_v4_espeakng:synthetic-voice:espeakng_kazakh_formant:kk:w175:p50:a100,ksc_slr102:5f5c4d97ad04b,83b448e2d3afd1df5c7d439ffa984d859601c84de766b8ea3d43a5d8ec901c19,7.468616780045352,formant_rule_based_tts,eSpeak NG Kazakh formant synthesizer,eSpeak NG 1.52.0 source-4870adfa25b1a32b4361592f1be8a40337c58d6c; Ubuntu 1.52.0+dfsg-5build1 runtime packages,espeakng_kazakh_formant:kk:w175:p50:a100,not_applicable:pretrained-tts-no-local-voice-cloning,local_cpu_espeakng_formant,offline_formant_tts,22050,wav,none,,2026-08-10T00:00:00Z
ksc_derived_kk_v4_espeakng:0b5234433b19ed7f,raw/ksc_derived_kk_v4_espeakng/slices/espeakng-407/espeakng_kazakh_formant/5f58fb358ff1a.wav,59a4ceb6e251a4fbeaae5bf9cebc6eee81036051b60fbaf28ff9eba9d5da8f12,test,spoof,kk,unknown,ksc_derived_kk_v4_espeakng:profile:espeakng_kazakh_formant:kk:w175:p65:a100,ksc_derived_kk_v4_espeakng,KSC text CC-BY-4.0; eSpeak NG GPL-3.0-or-later,Offline derivative for personal research from KSC transcript ksc_slr102:5f58fb358ff1a; eSpeak NG GPL-3.0-or-later; bundled Ubuntu runtime packages retain their declared package licenses; no voice cloning,ksc_derived_kk_v4_espeakng:synthetic-voice:espeakng_kazakh_formant:kk:w175:p65:a100,ksc_slr102:5f58fb358ff1a,d13bf309297c84f2d1ca8d57203c722f70653f9a39d4bac7fba99f058ab89751,3.453560090702948,formant_rule_based_tts,eSpeak NG Kazakh formant synthesizer,eSpeak NG 1.52.0 source-4870adfa25b1a32b4361592f1be8a40337c58d6c; Ubuntu 1.52.0+dfsg-5build1 runtime packages,espeakng_kazakh_formant:kk:w175:p65:a100,not_applicable:pretrained-tts-no-local-voice-cloning,local_cpu_espeakng_formant,offline_formant_tts,22050,wav,none,,2026-08-10T00:00:00Z
ksc_derived_kk_v4_espeakng:78fe8918c7768475,raw/ksc_derived_kk_v4_espeakng/slices/espeakng-407/espeakng_kazakh_formant/5f60592009e23.wav,037565716cd82992e2d8b4018035bb40386e30261e1a71fcde4c2d12b8d22632,test,spoof,kk,unknown,ksc_derived_kk_v4_espeakng:profile:espeakng_kazakh_formant:kk:w200:p35:a100,ksc_derived_kk_v4_espeakng,KSC text CC-BY-4.0; eSpeak NG GPL-3.0-or-later,Offline derivative for personal research from KSC transcript ksc_slr102:5f60592009e23; eSpeak NG GPL-3.0-or-later; bundled Ubuntu runtime packages retain their declared package licenses; no voice cloning,ksc_derived_kk_v4_espeakng:synthetic-voice:espeakng_kazakh_formant:kk:w200:p35:a100,ksc_slr102:5f60592009e23,802ed56f3f42f42f7eb583a682eb8bb0ffe9ee82ac58f297c38e5e532cb54564,3.208027210884354,formant_rule_based_tts,eSpeak NG Kazakh formant synthesizer,eSpeak NG 1.52.0 source-4870adfa25b1a32b4361592f1be8a40337c58d6c; Ubuntu 1.52.0+dfsg-5build1 runtime packages,espeakng_kazakh_formant:kk:w200:p35:a100,not_applicable:pretrained-tts-no-local-voice-cloning,local_cpu_espeakng_formant,offline_formant_tts,22050,wav,none,,2026-08-10T00:00:00Z
ksc_derived_kk_v4_espeakng:72f0cf0dea130cd4,raw/ksc_derived_kk_v4_espeakng/slices/espeakng-407/espeakng_kazakh_formant/5f5a108acf30d.wav,ba00dc3778400ee7906897a91cb0eb4d8f8cff603d721fad11249801c3896346,test,spoof,kk,unknown,ksc_derived_kk_v4_espeakng:profile:espeakng_kazakh_formant:kk:w200:p50:a100,ksc_derived_kk_v4_espeakng,KSC text CC-BY-4.0; eSpeak NG GPL-3.0-or-later,Offline derivative for personal research from KSC transcript ksc_slr102:5f5a108acf30d; eSpeak NG GPL-3.0-or-later; bundled Ubuntu runtime packages retain their declared package licenses; no voice cloning,ksc_derived_kk_v4_espeakng:synthetic-voice:espeakng_kazakh_formant:kk:w200:p50:a100,ksc_slr102:5f5a108acf30d,b03b09f4df0b620ba724b173fce51a500851bec5161f1eee4eda2a161161b844,2.683673469387755,formant_rule_based_tts,eSpeak NG Kazakh formant synthesizer,eSpeak NG 1.52.0 source-4870adfa25b1a32b4361592f1be8a40337c58d6c; Ubuntu 1.52.0+dfsg-5build1 runtime packages,espeakng_kazakh_formant:kk:w200:p50:a100,not_applicable:pretrained-tts-no-local-voice-cloning,local_cpu_espeakng_formant,offline_formant_tts,22050,wav,none,,2026-08-10T00:00:00Z
ksc_derived_kk_v4_espeakng:2228df2e44f2a820,raw/ksc_derived_kk_v4_espeakng/slices/espeakng-407/espeakng_kazakh_formant/5f5685057d43c.wav,d8b5266011c385d8653ddbdd9d0984b176416b8781a0124ae6558a52169b24f0,test,spoof,kk,unknown,ksc_derived_kk_v4_espeakng:profile:espeakng_kazakh_formant:kk:w200:p65:a100,ksc_derived_kk_v4_espeakng,KSC text CC-BY-4.0; eSpeak NG GPL-3.0-or-later,Offline derivative for personal research from KSC transcript ksc_slr102:5f5685057d43c; eSpeak NG GPL-3.0-or-later; bundled Ubuntu runtime packages retain their declared package licenses; no voice cloning,ksc_derived_kk_v4_espeakng:synthetic-voice:espeakng_kazakh_formant:kk:w200:p65:a100,ksc_slr102:5f5685057d43c,b2d463537110da336cb5e419c2d1a7faf50b13e25553a81b10046d4c0c7b41b4,2.204081632653061,formant_rule_based_tts,eSpeak NG Kazakh formant synthesizer,eSpeak NG 1.52.0 source-4870adfa25b1a32b4361592f1be8a40337c58d6c; Ubuntu 1.52.0+dfsg-5build1 runtime packages,espeakng_kazakh_formant:kk:w200:p65:a100,not_applicable:pretrained-tts-no-local-voice-cloning,local_cpu_espeakng_formant,offline_formant_tts,22050,wav,none,,2026-08-10T00:00:00Z
ksc_derived_kk_v4_espeakng:f817d13056d66b43,raw/ksc_derived_kk_v4_espeakng/slices/espeakng-407/espeakng_kazakh_formant/5f61e018be5ef.wav,790c6cb06843a22f6463a87417cea4d1c65723decde31486955565785af6d210,test,spoof,kk,unknown,ksc_derived_kk_v4_espeakng:profile:espeakng_kazakh_formant:kk:w225:p35:a100,ksc_derived_kk_v4_espeakng,KSC text CC-BY-4.0; eSpeak NG GPL-3.0-or-later,Offline derivative for personal research from KSC transcript ksc_slr102:5f61e018be5ef; eSpeak NG GPL-3.0-or-later; bundled Ubuntu runtime packages retain their declared package licenses; no voice cloning,ksc_derived_kk_v4_espeakng:synthetic-voice:espeakng_kazakh_formant:kk:w225:p35:a100,ksc_slr102:5f61e018be5ef,5443fb04e45c17af45a2661e48dbd093cf9db994581043996e65f73b55a89434,5.126077097505669,formant_rule_based_tts,eSpeak NG Kazakh formant synthesizer,eSpeak NG 1.52.0 source-4870adfa25b1a32b4361592f1be8a40337c58d6c; Ubuntu 1.52.0+dfsg-5build1 runtime packages,espeakng_kazakh_formant:kk:w225:p35:a100,not_applicable:pretrained-tts-no-local-voice-cloning,local_cpu_espeakng_formant,offline_formant_tts,22050,wav,none,,2026-08-10T00:00:00Z
ksc_derived_kk_v4_espeakng:c40194c83b70b674,raw/ksc_derived_kk_v4_espeakng/slices/espeakng-407/espeakng_kazakh_formant/5f60e7b442475.wav,23943ee732e4de04a2a9a45bfc8d9cba2c084fc9303dd69cd320afe512ec1697,test,spoof,kk,unknown,ksc_derived_kk_v4_espeakng:profile:espeakng_kazakh_formant:kk:w225:p50:a100,ksc_derived_kk_v4_espeakng,KSC text CC-BY-4.0; eSpeak NG GPL-3.0-or-later,Offline derivative for personal research from KSC transcript ksc_slr102:5f60e7b442475; eSpeak NG GPL-3.0-or-later; bundled Ubuntu runtime packages retain their declared package licenses; no voice cloning,ksc_derived_kk_v4_espeakng:synthetic-voice:espeakng_kazakh_formant:kk:w225:p50:a100,ksc_slr102:5f60e7b442475,a4896bb636e3a555642549dd6d127cdde280dc28827d8b4c0501afcb2430c17d,3.0518367346938775,formant_rule_based_tts,eSpeak NG Kazakh formant synthesizer,eSpeak NG 1.52.0 source-4870adfa25b1a32b4361592f1be8a40337c58d6c; Ubuntu 1.52.0+dfsg-5build1 runtime packages,espeakng_kazakh_formant:kk:w225:p50:a100,not_applicable:pretrained-tts-no-local-voice-cloning,local_cpu_espeakng_formant,offline_formant_tts,22050,wav,none,,2026-08-10T00:00:00Z
ksc_derived_kk_v4_espeakng:3cb8c91c263a809f,raw/ksc_derived_kk_v4_espeakng/slices/espeakng-407/espeakng_kazakh_formant/5f59ed4ed3ae4.wav,1e464b8b7df6c0d57ba3b0719227af825953e0e65ec3bc216dc4ec0efd85ca10,test,spoof,kk,unknown,ksc_derived_kk_v4_espeakng:profile:espeakng_kazakh_formant:kk:w225:p65:a100,ksc_derived_kk_v4_espeakng,KSC text CC-BY-4.0; eSpeak NG GPL-3.0-or-later,Offline derivative for personal research from KSC transcript ksc_slr102:5f59ed4ed3ae4; eSpeak NG GPL-3.0-or-later; bundled Ubuntu runtime packages retain their declared package licenses; no voice cloning,ksc_derived_kk_v4_espeakng:synthetic-voice:espeakng_kazakh_formant:kk:w225:p65:a100,ksc_slr102:5f59ed4ed3ae4,f57d1d01b012ac020cabe2eaa965b46b81836a7db34cbd64d5ac7141ebb3cb3e,2.3834920634920636,formant_rule_based_tts,eSpeak NG Kazakh formant synthesizer,eSpeak NG 1.52.0 source-4870adfa25b1a32b4361592f1be8a40337c58d6c; Ubuntu 1.52.0+dfsg-5build1 runtime packages,espeakng_kazakh_formant:kk:w225:p65:a100,not_applicable:pretrained-tts-no-local-voice-cloning,local_cpu_espeakng_formant,offline_formant_tts,22050,wav,none,,2026-08-10T00:00:00Z
ksc_derived_kk_v4_espeakng:ad9d811551fa58e6,raw/ksc_derived_kk_v4_espeakng/slices/espeakng-407/espeakng_kazakh_formant/5f58e1bb2167c.wav,97dfb259bda6928d2e5996c5e9866a53f3363ce23df0a5b8d022ca8d92b4855a,test,spoof,kk,unknown,ksc_derived_kk_v4_espeakng:profile:espeakng_kazakh_formant:kk:w150:p35:a100,ksc_derived_kk_v4_espeakng,KSC text CC-BY-4.0; eSpeak NG GPL-3.0-or-later,Offline derivative for personal research from KSC transcript ksc_slr102:5f58e1bb2167c; eSpeak NG GPL-3.0-or-later; bundled Ubuntu runtime packages retain their declared package licenses; no voice cloning,ksc_derived_kk_v4_espeakng:synthetic-voice:espeakng_kazakh_formant:kk:w150:p35:a100,ksc_slr102:5f58e1bb2167c,66ab8a83829ff90cdb84464b021d6221ec739f133c6d8ec7556342367967c88e,4.8684353741496595,formant_rule_based_tts,eSpeak NG Kazakh formant synthesizer,eSpeak NG 1.52.0 source-4870adfa25b1a32b4361592f1be8a40337c58d6c; Ubuntu 1.52.0+dfsg-5build1 runtime packages,espeakng_kazakh_formant:kk:w150:p35:a100,not_applicable:pretrained-tts-no-local-voice-cloning,local_cpu_espeakng_formant,offline_formant_tts,22050,wav,none,,2026-08-10T00:00:00Z
ksc_derived_kk_v4_espeakng:f9b8afba54cb86b5,raw/ksc_derived_kk_v4_espeakng/slices/espeakng-407/espeakng_kazakh_formant/5f60ffd1b9327.wav,ea1bc334a690252bff2fe8da6ecddc56a87c995d567988fa63f8fd93c079812f,test,spoof,kk,unknown,ksc_derived_kk_v4_espeakng:profile:espeakng_kazakh_formant:kk:w150:p50:a100,ksc_derived_kk_v4_espeakng,KSC text CC-BY-4.0; eSpeak NG GPL-3.0-or-later,Offline derivative for personal research from KSC transcript ksc_slr102:5f60ffd1b9327; eSpeak NG GPL-3.0-or-later; bundled Ubuntu runtime packages retain their declared package licenses; no voice cloning,ksc_derived_kk_v4_espeakng:synthetic-voice:espeakng_kazakh_formant:kk:w150:p50:a100,ksc_slr102:5f60ffd1b9327,dbf06cc809684b0edc11ffb1f41452538ddc32c518924be63bfda1cb76b150cc,7.741814058956916,formant_rule_based_tts,eSpeak NG Kazakh formant synthesizer,eSpeak NG 1.52.0 source-4870adfa25b1a32b4361592f1be8a40337c58d6c; Ubuntu 1.52.0+dfsg-5build1 runtime packages,espeakng_kazakh_formant:kk:w150:p50:a100,not_applicable:pretrained-tts-no-local-voice-cloning,local_cpu_espeakng_formant,offline_formant_tts,22050,wav,none,,2026-08-10T00:00:00Z
ksc_derived_kk_v4_espeakng:bdb9571b44c3cec3,raw/ksc_derived_kk_v4_espeakng/slices/espeakng-407/espeakng_kazakh_formant/5f6188ecd0ea0.wav,d2357757c71637c868451c3065a27a83af379d4337a7f16e5a9513d146c1ba9b,test,spoof,kk,unknown,ksc_derived_kk_v4_espeakng:profile:espeakng_kazakh_formant:kk:w150:p65:a100,ksc_derived_kk_v4_espeakng,KSC text CC-BY-4.0; eSpeak NG GPL-3.0-or-later,Offline derivative for personal research from KSC transcript ksc_slr102:5f6188ecd0ea0; eSpeak NG GPL-3.0-or-later; bundled Ubuntu runtime packages retain their declared package licenses; no voice cloning,ksc_derived_kk_v4_espeakng:synthetic-voice:espeakng_kazakh_formant:kk:w150:p65:a100,ksc_slr102:5f6188ecd0ea0,07b6e91b6b598c13674a63971f66960f6fb84faa3de2e5dee20267a2b645cb03,3.472562358276644,formant_rule_based_tts,eSpeak NG Kazakh formant synthesizer,eSpeak NG 1.52.0 source-4870adfa25b1a32b4361592f1be8a40337c58d6c; Ubuntu 1.52.0+dfsg-5build1 runtime packages,espeakng_kazakh_formant:kk:w150:p65:a100,not_applicable:pretrained-tts-no-local-voice-cloning,local_cpu_espeakng_formant,offline_formant_tts,22050,wav,none,,2026-08-10T00:00:00Z
ksc_derived_kk_v4_espeakng:2a7a099e0e8172a6,raw/ksc_derived_kk_v4_espeakng/slices/espeakng-407/espeakng_kazakh_formant/5f58c8531888e.wav,5761d0c457697ade6bd40a2c5b613db8f6048072ac7ebca08c960b826ad34222,test,spoof,kk,unknown,ksc_derived_kk_v4_espeakng:profile:espeakng_kazakh_formant:kk:w175:p35:a100,ksc_derived_kk_v4_espeakng,KSC text CC-BY-4.0; eSpeak NG GPL-3.0-or-later,Offline derivative for personal research from KSC transcript ksc_slr102:5f58c8531888e; eSpeak NG GPL-3.0-or-later; bundled Ubuntu runtime packages retain their declared package licenses; no voice cloning,ksc_derived_kk_v4_espeakng:synthetic-voice:espeakng_kazakh_formant:kk:w175:p35:a100,ksc_slr102:5f58c8531888e,ced26d6010e685cbebe215738ff3fb0c21f53c0b4459fba9ffe5ab15f9b430a7,7.596961451247165,formant_rule_based_tts,eSpeak NG Kazakh formant synthesizer,eSpeak NG 1.52.0 source-4870adfa25b1a32b4361592f1be8a40337c58d6c; Ubuntu 1.52.0+dfsg-5build1 runtime packages,espeakng_kazakh_formant:kk:w175:p35:a100,not_applicable:pretrained-tts-no-local-voice-cloning,local_cpu_espeakng_formant,offline_formant_tts,22050,wav,none,,2026-08-10T00:00:00Z
ksc_derived_kk_v4_espeakng:f0ccf9711f7aa3d8,raw/ksc_derived_kk_v4_espeakng/slices/espeakng-407/espeakng_kazakh_formant/5f59ec31edf9c.wav,6c5655c0a1ad519d0bdc5dc9a1398c13f736eab9491671f375ef564500336064,test,spoof,kk,unknown,ksc_derived_kk_v4_espeakng:profile:espeakng_kazakh_formant:kk:w175:p50:a100,ksc_derived_kk_v4_espeakng,KSC text CC-BY-4.0; eSpeak NG GPL-3.0-or-later,Offline derivative for personal research from KSC transcript ksc_slr102:5f59ec31edf9c; eSpeak NG GPL-3.0-or-later; bundled Ubuntu runtime packages retain their declared package licenses; no voice cloning,ksc_derived_kk_v4_espeakng:synthetic-voice:espeakng_kazakh_formant:kk:w175:p50:a100,ksc_slr102:5f59ec31edf9c,dcb729ed4bf8d478f8733cff682451b3d301eea32295f47165153d2e21951990,2.6552834467120183,formant_rule_based_tts,eSpeak NG Kazakh formant synthesizer,eSpeak NG 1.52.0 source-4870adfa25b1a32b4361592f1be8a40337c58d6c; Ubuntu 1.52.0+dfsg-5build1 runtime packages,espeakng_kazakh_formant:kk:w175:p50:a100,not_applicable:pretrained-tts-no-local-voice-cloning,local_cpu_espeakng_formant,offline_formant_tts,22050,wav,none,,2026-08-10T00:00:00Z
ksc_derived_kk_v4_espeakng:cdc1bf120e22e289,raw/ksc_derived_kk_v4_espeakng/slices/espeakng-407/espeakng_kazakh_formant/5f6188b9eefc2.wav,2feac5b461835c1261d988e657a677711961c38e00f054addb55d9fdb6bddc31,test,spoof,kk,unknown,ksc_derived_kk_v4_espeakng:profile:espeakng_kazakh_formant:kk:w175:p65:a100,ksc_derived_kk_v4_espeakng,KSC text CC-BY-4.0; eSpeak NG GPL-3.0-or-later,Offline derivative for personal research from KSC transcript ksc_slr102:5f6188b9eefc2; eSpeak NG GPL-3.0-or-later; bundled Ubuntu runtime packages retain their declared package licenses; no voice cloning,ksc_derived_kk_v4_espeakng:synthetic-voice:espeakng_kazakh_formant:kk:w175:p65:a100,ksc_slr102:5f6188b9eefc2,67a53e0164b3414806be160327cd8fb8d486f1b79b9ceee16990b53f9097eb3e,8.980997732426303,formant_rule_based_tts,eSpeak NG Kazakh formant synthesizer,eSpeak NG 1.52.0 source-4870adfa25b1a32b4361592f1be8a40337c58d6c; Ubuntu 1.52.0+dfsg-5build1 runtime packages,espeakng_kazakh_formant:kk:w175:p65:a100,not_applicable:pretrained-tts-no-local-voice-cloning,local_cpu_espeakng_formant,offline_formant_tts,22050,wav,none,,2026-08-10T00:00:00Z
ksc_derived_kk_v4_espeakng:e38b190a46a87cea,raw/ksc_derived_kk_v4_espeakng/slices/espeakng-407/espeakng_kazakh_formant/5f5c54210eb17.wav,44dc2f5c2dda4fe404102d41438823ec96264cdab3c6af9d8e9c8e3e32b26df0,test,spoof,kk,unknown,ksc_derived_kk_v4_espeakng:profile:espeakng_kazakh_formant:kk:w200:p35:a100,ksc_derived_kk_v4_espeakng,KSC text CC-BY-4.0; eSpeak NG GPL-3.0-or-later,Offline derivative for personal research from KSC transcript ksc_slr102:5f5c54210eb17; eSpeak NG GPL-3.0-or-later; bundled Ubuntu runtime packages retain their declared package licenses; no voice cloning,ksc_derived_kk_v4_espeakng:synthetic-voice:espeakng_kazakh_formant:kk:w200:p35:a100,ksc_slr102:5f5c54210eb17,2725ad49f6cd7cd2460daba8eacbf68236a72f961006bf12da532bc5350856aa,3.4549659863945577,formant_rule_based_tts,eSpeak NG Kazakh formant synthesizer,eSpeak NG 1.52.0 source-4870adfa25b1a32b4361592f1be8a40337c58d6c; Ubuntu 1.52.0+dfsg-5build1 runtime packages,espeakng_kazakh_formant:kk:w200:p35:a100,not_applicable:pretrained-tts-no-local-voice-cloning,local_cpu_espeakng_formant,offline_formant_tts,22050,wav,none,,2026-08-10T00:00:00Z
ksc_derived_kk_v4_espeakng:3a7d011608292143,raw/ksc_derived_kk_v4_espeakng/slices/espeakng-407/espeakng_kazakh_formant/5f5f92e587a40.wav,23cfdb50be0c9044ec71dcc62e62d8ddd1d9269a250b4d119f6442dee56f2d41,test,spoof,kk,unknown,ksc_derived_kk_v4_espeakng:profile:espeakng_kazakh_formant:kk:w200:p50:a100,ksc_derived_kk_v4_espeakng,KSC text CC-BY-4.0; eSpeak NG GPL-3.0-or-later,Offline derivative for personal research from KSC transcript ksc_slr102:5f5f92e587a40; eSpeak NG GPL-3.0-or-later; bundled Ubuntu runtime packages retain their declared package licenses; no voice cloning,ksc_derived_kk_v4_espeakng:synthetic-voice:espeakng_kazakh_formant:kk:w200:p50:a100,ksc_slr102:5f5f92e587a40,2107e1025bd89adedef38b6ff2ae7e4b7fdf8abb5dc062794c6a76d05fa67c49,4.305714285714286,formant_rule_based_tts,eSpeak NG Kazakh formant synthesizer,eSpeak NG 1.52.0 source-4870adfa25b1a32b4361592f1be8a40337c58d6c; Ubuntu 1.52.0+dfsg-5build1 runtime packages,espeakng_kazakh_formant:kk:w200:p50:a100,not_applicable:pretrained-tts-no-local-voice-cloning,local_cpu_espeakng_formant,offline_formant_tts,22050,wav,none,,2026-08-10T00:00:00Z
ksc_derived_kk_v4_espeakng:d549c6dc6adbf79c,raw/ksc_derived_kk_v4_espeakng/slices/espeakng-407/espeakng_kazakh_formant/5f59edcb79702.wav,ba0fdb336aeeaf4a5585d9be1b7687b4e894f4a44e7e8fb37fb2de5f90e8af68,test,spoof,kk,unknown,ksc_derived_kk_v4_espeakng:profile:espeakng_kazakh_formant:kk:w200:p65:a100,ksc_derived_kk_v4_espeakng,KSC text CC-BY-4.0; eSpeak NG GPL-3.0-or-later,Offline derivative for personal research from KSC transcript ksc_slr102:5f59edcb79702; eSpeak NG GPL-3.0-or-later; bundled Ubuntu runtime packages retain their declared package licenses; no voice cloning,ksc_derived_kk_v4_espeakng:synthetic-voice:espeakng_kazakh_formant:kk:w200:p65:a100,ksc_slr102:5f59edcb79702,93199f15eeb5d60c3bc764fb303fa761c0601f46bbc016d72e9c53c974ac5153,2.296326530612245,formant_rule_based_tts,eSpeak NG Kazakh formant synthesizer,eSpeak NG 1.52.0 source-4870adfa25b1a32b4361592f1be8a40337c58d6c; Ubuntu 1.52.0+dfsg-5build1 runtime packages,espeakng_kazakh_formant:kk:w200:p65:a100,not_applicable:pretrained-tts-no-local-voice-cloning,local_cpu_espeakng_formant,offline_formant_tts,22050,wav,none,,2026-08-10T00:00:00Z
ksc_derived_kk_v4_espeakng:cc6dde3a4d48d90c,raw/ksc_derived_kk_v4_espeakng/slices/espeakng-407/espeakng_kazakh_formant/5f609d2f03d77.wav,2239eeb9bc7e71e6bbd7396e0aa5fe6b508d039adac992dbf56cf9183aaa9c29,test,spoof,kk,unknown,ksc_derived_kk_v4_espeakng:profile:espeakng_kazakh_formant:kk:w225:p35:a100,ksc_derived_kk_v4_espeakng,KSC text CC-BY-4.0; eSpeak NG GPL-3.0-or-later,Offline derivative for personal research from KSC transcript ksc_slr102:5f609d2f03d77; eSpeak NG GPL-3.0-or-later; bundled Ubuntu runtime packages retain their declared package licenses; no voice cloning,ksc_derived_kk_v4_espeakng:synthetic-voice:espeakng_kazakh_formant:kk:w225:p35:a100,ksc_slr102:5f609d2f03d77,36a8a20fbc901183d3058ee1056647d558c3b9d480411c53f25c852fa4e85150,2.997823129251701,formant_rule_based_tts,eSpeak NG Kazakh formant synthesizer,eSpeak NG 1.52.0 source-4870adfa25b1a32b4361592f1be8a40337c58d6c; Ubuntu 1.52.0+dfsg-5build1 runtime packages,espeakng_kazakh_formant:kk:w225:p35:a100,not_applicable:pretrained-tts-no-local-voice-cloning,local_cpu_espeakng_formant,offline_formant_tts,22050,wav,none,,2026-08-10T00:00:00Z
ksc_derived_kk_v4_espeakng:7d7da2d53b465f53,raw/ksc_derived_kk_v4_espeakng/slices/espeakng-407/espeakng_kazakh_formant/5f5a556529745.wav,480c6f5b89d67bcfb07344c231b15b6f8ef664260e19a596937ea1414002e4de,test,spoof,kk,unknown,ksc_derived_kk_v4_espeakng:profile:espeakng_kazakh_formant:kk:w225:p50:a100,ksc_derived_kk_v4_espeakng,KSC text CC-BY-4.0; eSpeak NG GPL-3.0-or-later,Offline derivative for personal research from KSC transcript ksc_slr102:5f5a556529745; eSpeak NG GPL-3.0-or-later; bundled Ubuntu runtime packages retain their declared package licenses; no voice cloning,ksc_derived_kk_v4_espeakng:synthetic-voice:espeakng_kazakh_formant:kk:w225:p50:a100,ksc_slr102:5f5a556529745,75c86676e3e6a96c9929c9a1dcade3727a939331012f510d55b2eabd3ffc5a0b,4.099092970521542,formant_rule_based_tts,eSpeak NG Kazakh formant synthesizer,eSpeak NG 1.52.0 source-4870adfa25b1a32b4361592f1be8a40337c58d6c; Ubuntu 1.52.0+dfsg-5build1 runtime packages,espeakng_kazakh_formant:kk:w225:p50:a100,not_applicable:pretrained-tts-no-local-voice-cloning,local_cpu_espeakng_formant,offline_formant_tts,22050,wav,none,,2026-08-10T00:00:00Z
ksc_derived_kk_v4_espeakng:eee720a72fc72696,raw/ksc_derived_kk_v4_espeakng/slices/espeakng-407/espeakng_kazakh_formant/5f5793f68712a.wav,21319a67ade9c81c7b626dd7dfb29c0a943710ac1aaafa3fe8374bde4964c474,test,spoof,kk,unknown,ksc_derived_kk_v4_espeakng:profile:espeakng_kazakh_formant:kk:w225:p65:a100,ksc_derived_kk_v4_espeakng,KSC text CC-BY-4.0; eSpeak NG GPL-3.0-or-later,Offline derivative for personal research from KSC transcript ksc_slr102:5f5793f68712a; eSpeak NG GPL-3.0-or-later; bundled Ubuntu runtime packages retain their declared package licenses; no voice cloning,ksc_derived_kk_v4_espeakng:synthetic-voice:espeakng_kazakh_formant:kk:w225:p65:a100,ksc_slr102:5f5793f68712a,9be0ab0effd26e3b9007fc9b7798754a46d2a88a1cd70e7fc3a3d63854f6cfbf,6.917233560090703,formant_rule_based_tts,eSpeak NG Kazakh formant synthesizer,eSpeak NG 1.52.0 source-4870adfa25b1a32b4361592f1be8a40337c58d6c; Ubuntu 1.52.0+dfsg-5build1 runtime packages,espeakng_kazakh_formant:kk:w225:p65:a100,not_applicable:pretrained-tts-no-local-voice-cloning,local_cpu_espeakng_formant,offline_formant_tts,22050,wav,none,,2026-08-10T00:00:00Z
ksc_derived_kk_v4_espeakng:1b853988dfa8ee46,raw/ksc_derived_kk_v4_espeakng/slices/espeakng-407/espeakng_kazakh_formant/5f633bcdb24cb.wav,ac8dab28f0b5e50687d63476610cebd19582ba8f5abbf2810a0499746052da3b,test,spoof,kk,unknown,ksc_derived_kk_v4_espeakng:profile:espeakng_kazakh_formant:kk:w150:p35:a100,ksc_derived_kk_v4_espeakng,KSC text CC-BY-4.0; eSpeak NG GPL-3.0-or-later,Offline derivative for personal research from KSC transcript ksc_slr102:5f633bcdb24cb; eSpeak NG GPL-3.0-or-later; bundled Ubuntu runtime packages retain their declared package licenses; no voice cloning,ksc_derived_kk_v4_espeakng:synthetic-voice:espeakng_kazakh_formant:kk:w150:p35:a100,ksc_slr102:5f633bcdb24cb,77e96e6e39a66145bcffba391f0a93da99711b29cfec900030cb82449c0c836e,8.203809523809523,formant_rule_based_tts,eSpeak NG Kazakh formant synthesizer,eSpeak NG 1.52.0 source-4870adfa25b1a32b4361592f1be8a40337c58d6c; Ubuntu 1.52.0+dfsg-5build1 runtime packages,espeakng_kazakh_formant:kk:w150:p35:a100,not_applicable:pretrained-tts-no-local-voice-cloning,local_cpu_espeakng_formant,offline_formant_tts,22050,wav,none,,2026-08-10T00:00:00Z
ksc_derived_kk_v4_espeakng:c5593c24af148017,raw/ksc_derived_kk_v4_espeakng/slices/espeakng-407/espeakng_kazakh_formant/5f60ec9929eb5.wav,4501ef2d73b3acfa552bb8cded7ee8ea04c6c4fc1798452d898c9e8fddae5b84,test,spoof,kk,unknown,ksc_derived_kk_v4_espeakng:profile:espeakng_kazakh_formant:kk:w150:p50:a100,ksc_derived_kk_v4_espeakng,KSC text CC-BY-4.0; eSpeak NG GPL-3.0-or-later,Offline derivative for personal research from KSC transcript ksc_slr102:5f60ec9929eb5; eSpeak NG GPL-3.0-or-later; bundled Ubuntu runtime packages retain their declared package licenses; no voice cloning,ksc_derived_kk_v4_espeakng:synthetic-voice:espeakng_kazakh_formant:kk:w150:p50:a100,ksc_slr102:5f60ec9929eb5,411d158fa6f7df8a157f6383aa99c7d3ed3631b1cb5af1a95522f8f0832db956,6.463809523809524,formant_rule_based_tts,eSpeak NG Kazakh formant synthesizer,eSpeak NG 1.52.0 source-4870adfa25b1a32b4361592f1be8a40337c58d6c; Ubuntu 1.52.0+dfsg-5build1 runtime packages,espeakng_kazakh_formant:kk:w150:p50:a100,not_applicable:pretrained-tts-no-local-voice-cloning,local_cpu_espeakng_formant,offline_formant_tts,22050,wav,none,,2026-08-10T00:00:00Z
ksc_derived_kk_v4_espeakng:a9453fc63c7a8cf3,raw/ksc_derived_kk_v4_espeakng/slices/espeakng-407/espeakng_kazakh_formant/5f2b0a06ceb18.wav,8dc7fc58f0297f0f1f15d608a1ab33a2204478e6cf9f21f7152f6af97958f7e1,test,spoof,kk,unknown,ksc_derived_kk_v4_espeakng:profile:espeakng_kazakh_formant:kk:w150:p65:a100,ksc_derived_kk_v4_espeakng,KSC text CC-BY-4.0; eSpeak NG GPL-3.0-or-later,Offline derivative for personal research from KSC transcript ksc_slr102:5f2b0a06ceb18; eSpeak NG GPL-3.0-or-later; bundled Ubuntu runtime packages retain their declared package licenses; no voice cloning,ksc_derived_kk_v4_espeakng:synthetic-voice:espeakng_kazakh_formant:kk:w150:p65:a100,ksc_slr102:5f2b0a06ceb18,818af91ef5670039daed6df73dc2419bfe1f8a47aed58f8149f8f70876177f52,4.353696145124717,formant_rule_based_tts,eSpeak NG Kazakh formant synthesizer,eSpeak NG 1.52.0 source-4870adfa25b1a32b4361592f1be8a40337c58d6c; Ubuntu 1.52.0+dfsg-5build1 runtime packages,espeakng_kazakh_formant:kk:w150:p65:a100,not_applicable:pretrained-tts-no-local-voice-cloning,local_cpu_espeakng_formant,offline_formant_tts,22050,wav,none,,2026-08-10T00:00:00Z
ksc_derived_kk_v4_espeakng:a8957f42348d4bb6,raw/ksc_derived_kk_v4_espeakng/slices/espeakng-407/espeakng_kazakh_formant/5f60988d4b344.wav,6f0bf3e45bea6a6c90f5120bc999384e6f10312df304fc2ae46e9b713e3c024e,test,spoof,kk,unknown,ksc_derived_kk_v4_espeakng:profile:espeakng_kazakh_formant:kk:w175:p35:a100,ksc_derived_kk_v4_espeakng,KSC text CC-BY-4.0; eSpeak NG GPL-3.0-or-later,Offline derivative for personal research from KSC transcript ksc_slr102:5f60988d4b344; eSpeak NG GPL-3.0-or-later; bundled Ubuntu runtime packages retain their declared package licenses; no voice cloning,ksc_derived_kk_v4_espeakng:synthetic-voice:espeakng_kazakh_formant:kk:w175:p35:a100,ksc_slr102:5f60988d4b344,e499954f8ce72a67e11ece4d8d98ee34ac4737bb6f17e940191734e1c242242e,5.084716553287982,formant_rule_based_tts,eSpeak NG Kazakh formant synthesizer,eSpeak NG 1.52.0 source-4870adfa25b1a32b4361592f1be8a40337c58d6c; Ubuntu 1.52.0+dfsg-5build1 runtime packages,espeakng_kazakh_formant:kk:w175:p35:a100,not_applicable:pretrained-tts-no-local-voice-cloning,local_cpu_espeakng_formant,offline_formant_tts,22050,wav,none,,2026-08-10T00:00:00Z
ksc_derived_kk_v4_espeakng:ba746e0089055dcd,raw/ksc_derived_kk_v4_espeakng/slices/espeakng-407/espeakng_kazakh_formant/5f62f73fb8e1e.wav,071f1d349499448a8d290f67a5bc6f3984ac1e193f0b21a791b229adf86330c7,test,spoof,kk,unknown,ksc_derived_kk_v4_espeakng:profile:espeakng_kazakh_formant:kk:w175:p50:a100,ksc_derived_kk_v4_espeakng,KSC text CC-BY-4.0; eSpeak NG GPL-3.0-or-later,Offline derivative for personal research from KSC transcript ksc_slr102:5f62f73fb8e1e; eSpeak NG GPL-3.0-or-later; bundled Ubuntu runtime packages retain their declared package licenses; no voice cloning,ksc_derived_kk_v4_espeakng:synthetic-voice:espeakng_kazakh_formant:kk:w175:p50:a100,ksc_slr102:5f62f73fb8e1e,0a738c5057c94889b886fb27f208e2256134457b960a2a4e7c0880f41e430289,3.768843537414966,formant_rule_based_tts,eSpeak NG Kazakh formant synthesizer,eSpeak NG 1.52.0 source-4870adfa25b1a32b4361592f1be8a40337c58d6c; Ubuntu 1.52.0+dfsg-5build1 runtime packages,espeakng_kazakh_formant:kk:w175:p50:a100,not_applicable:pretrained-tts-no-local-voice-cloning,local_cpu_espeakng_formant,offline_formant_tts,22050,wav,none,,2026-08-10T00:00:00Z
ksc_derived_kk_v4_espeakng:74fb5702894567c9,raw/ksc_derived_kk_v4_espeakng/slices/espeakng-407/espeakng_kazakh_formant/5f61005b9a6d0.wav,296f4dfca5828511b36738e4b840a76d71636ca666c2fc62bc2da63c4967f39d,test,spoof,kk,unknown,ksc_derived_kk_v4_espeakng:profile:espeakng_kazakh_formant:kk:w175:p65:a100,ksc_derived_kk_v4_espeakng,KSC text CC-BY-4.0; eSpeak NG GPL-3.0-or-later,Offline derivative for personal research from KSC transcript ksc_slr102:5f61005b9a6d0; eSpeak NG GPL-3.0-or-later; bundled Ubuntu runtime packages retain their declared package licenses; no voice cloning,ksc_derived_kk_v4_espeakng:synthetic-voice:espeakng_kazakh_formant:kk:w175:p65:a100,ksc_slr102:5f61005b9a6d0,c8775cef25d0d5e1a1705eb84515e81299349ca59e46be1b45589ceb75729cd8,9.231609977324263,formant_rule_based_tts,eSpeak NG Kazakh formant synthesizer,eSpeak NG 1.52.0 source-4870adfa25b1a32b4361592f1be8a40337c58d6c; Ubuntu 1.52.0+dfsg-5build1 runtime packages,espeakng_kazakh_formant:kk:w175:p65:a100,not_applicable:pretrained-tts-no-local-voice-cloning,local_cpu_espeakng_formant,offline_formant_tts,22050,wav,none,,2026-08-10T00:00:00Z
ksc_derived_kk_v4_espeakng:645dd546d6577df2,raw/ksc_derived_kk_v4_espeakng/slices/espeakng-407/espeakng_kazakh_formant/5f5790db55d3f.wav,659ab4419933b084b6ad9ea9aaba2c5a0380b8966c2d2775a21a2226d1bdd1f1,test,spoof,kk,unknown,ksc_derived_kk_v4_espeakng:profile:espeakng_kazakh_formant:kk:w200:p35:a100,ksc_derived_kk_v4_espeakng,KSC text CC-BY-4.0; eSpeak NG GPL-3.0-or-later,Offline derivative for personal research from KSC transcript ksc_slr102:5f5790db55d3f; eSpeak NG GPL-3.0-or-later; bundled Ubuntu runtime packages retain their declared package licenses; no voice cloning,ksc_derived_kk_v4_espeakng:synthetic-voice:espeakng_kazakh_formant:kk:w200:p35:a100,ksc_slr102:5f5790db55d3f,22cdd0545718ea060f7f5a1f582d0ff3e9a4dbad4a38d807e5f52599bcdcc42f,4.813197278911565,formant_rule_based_tts,eSpeak NG Kazakh formant synthesizer,eSpeak NG 1.52.0 source-4870adfa25b1a32b4361592f1be8a40337c58d6c; Ubuntu 1.52.0+dfsg-5build1 runtime packages,espeakng_kazakh_formant:kk:w200:p35:a100,not_applicable:pretrained-tts-no-local-voice-cloning,local_cpu_espeakng_formant,offline_formant_tts,22050,wav,none,,2026-08-10T00:00:00Z
ksc_derived_kk_v4_espeakng:3a98f189f8963498,raw/ksc_derived_kk_v4_espeakng/slices/espeakng-407/espeakng_kazakh_formant/5f5a3aee14fce.wav,11749a555fe2233263729c95c737275839c9c0845f54edbd4ede0d521f9b321f,test,spoof,kk,unknown,ksc_derived_kk_v4_espeakng:profile:espeakng_kazakh_formant:kk:w200:p50:a100,ksc_derived_kk_v4_espeakng,KSC text CC-BY-4.0; eSpeak NG GPL-3.0-or-later,Offline derivative for personal research from KSC transcript ksc_slr102:5f5a3aee14fce; eSpeak NG GPL-3.0-or-later; bundled Ubuntu runtime packages retain their declared package licenses; no voice cloning,ksc_derived_kk_v4_espeakng:synthetic-voice:espeakng_kazakh_formant:kk:w200:p50:a100,ksc_slr102:5f5a3aee14fce,545623321f62192c46b0ec79892c01b22551a23acabcccf7f9f2dec9bae8f8ee,3.799501133786848,formant_rule_based_tts,eSpeak NG Kazakh formant synthesizer,eSpeak NG 1.52.0 source-4870adfa25b1a32b4361592f1be8a40337c58d6c; Ubuntu 1.52.0+dfsg-5build1 runtime packages,espeakng_kazakh_formant:kk:w200:p50:a100,not_applicable:pretrained-tts-no-local-voice-cloning,local_cpu_espeakng_formant,offline_formant_tts,22050,wav,none,,2026-08-10T00:00:00Z
ksc_derived_kk_v4_espeakng:f065c3c27b0ccaae,raw/ksc_derived_kk_v4_espeakng/slices/espeakng-407/espeakng_kazakh_formant/5f6181e376248.wav,c309ffe09140771d44456e006fc3da4749a459b2884a8b48f63c029ba81c360b,test,spoof,kk,unknown,ksc_derived_kk_v4_espeakng:profile:espeakng_kazakh_formant:kk:w200:p65:a100,ksc_derived_kk_v4_espeakng,KSC text CC-BY-4.0; eSpeak NG GPL-3.0-or-later,Offline derivative for personal research from KSC transcript ksc_slr102:5f6181e376248; eSpeak NG GPL-3.0-or-later; bundled Ubuntu runtime packages retain their declared package licenses; no voice cloning,ksc_derived_kk_v4_espeakng:synthetic-voice:espeakng_kazakh_formant:kk:w200:p65:a100,ksc_slr102:5f6181e376248,baceb62ecafc716a98a42382770c045639c91136cf3a93569071f8f765d0bbd3,5.481678004535147,formant_rule_based_tts,eSpeak NG Kazakh formant synthesizer,eSpeak NG 1.52.0 source-4870adfa25b1a32b4361592f1be8a40337c58d6c; Ubuntu 1.52.0+dfsg-5build1 runtime packages,espeakng_kazakh_formant:kk:w200:p65:a100,not_applicable:pretrained-tts-no-local-voice-cloning,local_cpu_espeakng_formant,offline_formant_tts,22050,wav,none,,2026-08-10T00:00:00Z
ksc_derived_kk_v4_espeakng:555cb38d0d3dc881,raw/ksc_derived_kk_v4_espeakng/slices/espeakng-407/espeakng_kazakh_formant/5f5a37f56c117.wav,16b20dd7ce324c5b05c93e801bf754fa6c1f36a358e60c3a2423136900c435c9,test,spoof,kk,unknown,ksc_derived_kk_v4_espeakng:profile:espeakng_kazakh_formant:kk:w225:p35:a100,ksc_derived_kk_v4_espeakng,KSC text CC-BY-4.0; eSpeak NG GPL-3.0-or-later,Offline derivative for personal research from KSC transcript ksc_slr102:5f5a37f56c117; eSpeak NG GPL-3.0-or-later; bundled Ubuntu runtime packages retain their declared package licenses; no voice cloning,ksc_derived_kk_v4_espeakng:synthetic-voice:espeakng_kazakh_formant:kk:w225:p35:a100,ksc_slr102:5f5a37f56c117,8dfa7f8da4bca837e9035d07ebdb78277bd9a606e255238a872d5db37b17d930,4.618049886621315,formant_rule_based_tts,eSpeak NG Kazakh formant synthesizer,eSpeak NG 1.52.0 source-4870adfa25b1a32b4361592f1be8a40337c58d6c; Ubuntu 1.52.0+dfsg-5build1 runtime packages,espeakng_kazakh_formant:kk:w225:p35:a100,not_applicable:pretrained-tts-no-local-voice-cloning,local_cpu_espeakng_formant,offline_formant_tts,22050,wav,none,,2026-08-10T00:00:00Z
ksc_derived_kk_v4_espeakng:39396c199f284169,raw/ksc_derived_kk_v4_espeakng/slices/espeakng-407/espeakng_kazakh_formant/5f5ef16b5b99a.wav,d878f015c9effc9975a84f47399552bc45b2f01e9cdcfdb5f2ac16ca22aa9938,test,spoof,kk,unknown,ksc_derived_kk_v4_espeakng:profile:espeakng_kazakh_formant:kk:w225:p50:a100,ksc_derived_kk_v4_espeakng,KSC text CC-BY-4.0; eSpeak NG GPL-3.0-or-later,Offline derivative for personal research from KSC transcript ksc_slr102:5f5ef16b5b99a; eSpeak NG GPL-3.0-or-later; bundled Ubuntu runtime packages retain their declared package licenses; no voice cloning,ksc_derived_kk_v4_espeakng:synthetic-voice:espeakng_kazakh_formant:kk:w225:p50:a100,ksc_slr102:5f5ef16b5b99a,2a0f9bc45966bc862ee184d1e55831458872667ae3cc1da4e93157a472c8f85c,4.246258503401361,formant_rule_based_tts,eSpeak NG Kazakh formant synthesizer,eSpeak NG 1.52.0 source-4870adfa25b1a32b4361592f1be8a40337c58d6c; Ubuntu 1.52.0+dfsg-5build1 runtime packages,espeakng_kazakh_formant:kk:w225:p50:a100,not_applicable:pretrained-tts-no-local-voice-cloning,local_cpu_espeakng_formant,offline_formant_tts,22050,wav,none,,2026-08-10T00:00:00Z
ksc_derived_kk_v4_espeakng:9214fc231327a880,raw/ksc_derived_kk_v4_espeakng/slices/espeakng-407/espeakng_kazakh_formant/5f60c0d341330.wav,2d6beb3084b9687bacebf6789c23cd949d201cb007aaf696685a14fe9a1ae6a7,test,spoof,kk,unknown,ksc_derived_kk_v4_espeakng:profile:espeakng_kazakh_formant:kk:w225:p65:a100,ksc_derived_kk_v4_espeakng,KSC text CC-BY-4.0; eSpeak NG GPL-3.0-or-later,Offline derivative for personal research from KSC transcript ksc_slr102:5f60c0d341330; eSpeak NG GPL-3.0-or-later; bundled Ubuntu runtime packages retain their declared package licenses; no voice cloning,ksc_derived_kk_v4_espeakng:synthetic-voice:espeakng_kazakh_formant:kk:w225:p65:a100,ksc_slr102:5f60c0d341330,57a888215f9549175a5fc8f0b83b4d8530317185eb2de0de5f5bb6fc2e888d9c,1.793424036281179,formant_rule_based_tts,eSpeak NG Kazakh formant synthesizer,eSpeak NG 1.52.0 source-4870adfa25b1a32b4361592f1be8a40337c58d6c; Ubuntu 1.52.0+dfsg-5build1 runtime packages,espeakng_kazakh_formant:kk:w225:p65:a100,not_applicable:pretrained-tts-no-local-voice-cloning,local_cpu_espeakng_formant,offline_formant_tts,22050,wav,none,,2026-08-10T00:00:00Z
ksc_derived_kk_v4_espeakng:4afdc0e3865f34bc,raw/ksc_derived_kk_v4_espeakng/slices/espeakng-407/espeakng_kazakh_formant/5f60e6c88f501.wav,d63f5501a5bd179d3be6ed51a0f3b8e4d732c9201e27433987cf18ee3da3434c,test,spoof,kk,unknown,ksc_derived_kk_v4_espeakng:profile:espeakng_kazakh_formant:kk:w150:p35:a100,ksc_derived_kk_v4_espeakng,KSC text CC-BY-4.0; eSpeak NG GPL-3.0-or-later,Offline derivative for personal research from KSC transcript ksc_slr102:5f60e6c88f501; eSpeak NG GPL-3.0-or-later; bundled Ubuntu runtime packages retain their declared package licenses; no voice cloning,ksc_derived_kk_v4_espeakng:synthetic-voice:espeakng_kazakh_formant:kk:w150:p35:a100,ksc_slr102:5f60e6c88f501,c6ce187de73556f306e98d7b2a5553e4369063c9492009043b480f861e62da0e,9.464308390022676,formant_rule_based_tts,eSpeak NG Kazakh formant synthesizer,eSpeak NG 1.52.0 source-4870adfa25b1a32b4361592f1be8a40337c58d6c; Ubuntu 1.52.0+dfsg-5build1 runtime packages,espeakng_kazakh_formant:kk:w150:p35:a100,not_applicable:pretrained-tts-no-local-voice-cloning,local_cpu_espeakng_formant,offline_formant_tts,22050,wav,none,,2026-08-10T00:00:00Z
ksc_derived_kk_v4_espeakng:1f17a93ca0b77e0d,raw/ksc_derived_kk_v4_espeakng/slices/espeakng-407/espeakng_kazakh_formant/5fa2607b666d9.wav,055ffd2f2abed78dc8e0ed54b01721cfc548cc9ed7a0094fa58bae6117c7de6c,test,spoof,kk,unknown,ksc_derived_kk_v4_espeakng:profile:espeakng_kazakh_formant:kk:w150:p50:a100,ksc_derived_kk_v4_espeakng,KSC text CC-BY-4.0; eSpeak NG GPL-3.0-or-later,Offline derivative for personal research from KSC transcript ksc_slr102:5fa2607b666d9; eSpeak NG GPL-3.0-or-later; bundled Ubuntu runtime packages retain their declared package licenses; no voice cloning,ksc_derived_kk_v4_espeakng:synthetic-voice:espeakng_kazakh_formant:kk:w150:p50:a100,ksc_slr102:5fa2607b666d9,17fbfe7401ba0d1e15123c7e1caffcc4898fb0d7dc73fb0dbaef4ea4edfa88fb,7.802993197278911,formant_rule_based_tts,eSpeak NG Kazakh formant synthesizer,eSpeak NG 1.52.0 source-4870adfa25b1a32b4361592f1be8a40337c58d6c; Ubuntu 1.52.0+dfsg-5build1 runtime packages,espeakng_kazakh_formant:kk:w150:p50:a100,not_applicable:pretrained-tts-no-local-voice-cloning,local_cpu_espeakng_formant,offline_formant_tts,22050,wav,none,,2026-08-10T00:00:00Z
ksc_derived_kk_v4_espeakng:1abae213b9d9f72f,raw/ksc_derived_kk_v4_espeakng/slices/espeakng-407/espeakng_kazakh_formant/5f61971fbeb99.wav,f4b510aceaa4412f1a44c302f3049e8a1dae031b0a4b11f9aa4648b7d4f18908,test,spoof,kk,unknown,ksc_derived_kk_v4_espeakng:profile:espeakng_kazakh_formant:kk:w150:p65:a100,ksc_derived_kk_v4_espeakng,KSC text CC-BY-4.0; eSpeak NG GPL-3.0-or-later,Offline derivative for personal research from KSC transcript ksc_slr102:5f61971fbeb99; eSpeak NG GPL-3.0-or-later; bundled Ubuntu runtime packages retain their declared package licenses; no voice cloning,ksc_derived_kk_v4_espeakng:synthetic-voice:espeakng_kazakh_formant:kk:w150:p65:a100,ksc_slr102:5f61971fbeb99,dbf704f8fd37266b1d5ee8b3ab3112328d80b6660eafa54666243b8c03f1497e,4.269433106575963,formant_rule_based_tts,eSpeak NG Kazakh formant synthesizer,eSpeak NG 1.52.0 source-4870adfa25b1a32b4361592f1be8a40337c58d6c; Ubuntu 1.52.0+dfsg-5build1 runtime packages,espeakng_kazakh_formant:kk:w150:p65:a100,not_applicable:pretrained-tts-no-local-voice-cloning,local_cpu_espeakng_formant,offline_formant_tts,22050,wav,none,,2026-08-10T00:00:00Z
ksc_derived_kk_v4_espeakng:d5264e54e137ccc5,raw/ksc_derived_kk_v4_espeakng/slices/espeakng-407/espeakng_kazakh_formant/5f5a59621ead5.wav,abc8309d0bec7e80fbb99e91f1d1abbd7d716ba067ea6a89d4e23be2362c8f7f,test,spoof,kk,unknown,ksc_derived_kk_v4_espeakng:profile:espeakng_kazakh_formant:kk:w175:p35:a100,ksc_derived_kk_v4_espeakng,KSC text CC-BY-4.0; eSpeak NG GPL-3.0-or-later,Offline derivative for personal research from KSC transcript ksc_slr102:5f5a59621ead5; eSpeak NG GPL-3.0-or-later; bundled Ubuntu runtime packages retain their declared package licenses; no voice cloning,ksc_derived_kk_v4_espeakng:synthetic-voice:espeakng_kazakh_formant:kk:w175:p35:a100,ksc_slr102:5f5a59621ead5,ca41365f58299d5469a4848e31ea793363ab0ce5886b480edbbfe88b6f4ec0c0,2.916417233560091,formant_rule_based_tts,eSpeak NG Kazakh formant synthesizer,eSpeak NG 1.52.0 source-4870adfa25b1a32b4361592f1be8a40337c58d6c; Ubuntu 1.52.0+dfsg-5build1 runtime packages,espeakng_kazakh_formant:kk:w175:p35:a100,not_applicable:pretrained-tts-no-local-voice-cloning,local_cpu_espeakng_formant,offline_formant_tts,22050,wav,none,,2026-08-10T00:00:00Z
ksc_derived_kk_v4_espeakng:3a07a012a0f41fd2,raw/ksc_derived_kk_v4_espeakng/slices/espeakng-407/espeakng_kazakh_formant/5f5a554e6259c.wav,85f963a4b064338c1324e7e19a07e9b450006315a527d971e80bd0d8cec6fa30,test,spoof,kk,unknown,ksc_derived_kk_v4_espeakng:profile:espeakng_kazakh_formant:kk:w175:p50:a100,ksc_derived_kk_v4_espeakng,KSC text CC-BY-4.0; eSpeak NG GPL-3.0-or-later,Offline derivative for personal research from KSC transcript ksc_slr102:5f5a554e6259c; eSpeak NG GPL-3.0-or-later; bundled Ubuntu runtime packages retain their declared package licenses; no voice cloning,ksc_derived_kk_v4_espeakng:synthetic-voice:espeakng_kazakh_formant:kk:w175:p50:a100,ksc_slr102:5f5a554e6259c,35162079aa4e384cf23453d9c7862351cc6b4b6e8e71f92a9675473828eff299,3.5477551020408162,formant_rule_based_tts,eSpeak NG Kazakh formant synthesizer,eSpeak NG 1.52.0 source-4870adfa25b1a32b4361592f1be8a40337c58d6c; Ubuntu 1.52.0+dfsg-5build1 runtime packages,espeakng_kazakh_formant:kk:w175:p50:a100,not_applicable:pretrained-tts-no-local-voice-cloning,local_cpu_espeakng_formant,offline_formant_tts,22050,wav,none,,2026-08-10T00:00:00Z
ksc_derived_kk_v4_espeakng:15048e92404be70d,raw/ksc_derived_kk_v4_espeakng/slices/espeakng-407/espeakng_kazakh_formant/5f5a11289688b.wav,a501554b04db6d91565049e3ccd4a7c6991142c54894804a21577b34731184e9,test,spoof,kk,unknown,ksc_derived_kk_v4_espeakng:profile:espeakng_kazakh_formant:kk:w175:p65:a100,ksc_derived_kk_v4_espeakng,KSC text CC-BY-4.0; eSpeak NG GPL-3.0-or-later,Offline derivative for personal research from KSC transcript ksc_slr102:5f5a11289688b; eSpeak NG GPL-3.0-or-later; bundled Ubuntu runtime packages retain their declared package licenses; no voice cloning,ksc_derived_kk_v4_espeakng:synthetic-voice:espeakng_kazakh_formant:kk:w175:p65:a100,ksc_slr102:5f5a11289688b,ca1d03e192e2d09e2cd1a865ab3aacbbb498168fbdfd7466c9104e48a8878897,3.7767800453514737,formant_rule_based_tts,eSpeak NG Kazakh formant synthesizer,eSpeak NG 1.52.0 source-4870adfa25b1a32b4361592f1be8a40337c58d6c; Ubuntu 1.52.0+dfsg-5build1 runtime packages,espeakng_kazakh_formant:kk:w175:p65:a100,not_applicable:pretrained-tts-no-local-voice-cloning,local_cpu_espeakng_formant,offline_formant_tts,22050,wav,none,,2026-08-10T00:00:00Z
ksc_derived_kk_v4_espeakng:d19e6b431d53e9ff,raw/ksc_derived_kk_v4_espeakng/slices/espeakng-407/espeakng_kazakh_formant/5f5a5a3bb3297.wav,070e2718a242171e41f85c9c2fdbaa5eefa45140f0ceae2f8fff85cf102a7e71,test,spoof,kk,unknown,ksc_derived_kk_v4_espeakng:profile:espeakng_kazakh_formant:kk:w200:p35:a100,ksc_derived_kk_v4_espeakng,KSC text CC-BY-4.0; eSpeak NG GPL-3.0-or-later,Offline derivative for personal research from KSC transcript ksc_slr102:5f5a5a3bb3297; eSpeak NG GPL-3.0-or-later; bundled Ubuntu runtime packages retain their declared package licenses; no voice cloning,ksc_derived_kk_v4_espeakng:synthetic-voice:espeakng_kazakh_formant:kk:w200:p35:a100,ksc_slr102:5f5a5a3bb3297,95c030a1533a1a5bd484c998cfc887a194746defe581e8e9ebc051f11443faee,4.900861678004535,formant_rule_based_tts,eSpeak NG Kazakh formant synthesizer,eSpeak NG 1.52.0 source-4870adfa25b1a32b4361592f1be8a40337c58d6c; Ubuntu 1.52.0+dfsg-5build1 runtime packages,espeakng_kazakh_formant:kk:w200:p35:a100,not_applicable:pretrained-tts-no-local-voice-cloning,local_cpu_espeakng_formant,offline_formant_tts,22050,wav,none,,2026-08-10T00:00:00Z
ksc_derived_kk_v4_espeakng:7bb2d89ad140eceb,raw/ksc_derived_kk_v4_espeakng/slices/espeakng-407/espeakng_kazakh_formant/5f60bbc64d767.wav,a391578d8023484ef52de0ce94aeb41f5edc6d8cc4e35c6aab182d8c330f8315,test,spoof,kk,unknown,ksc_derived_kk_v4_espeakng:profile:espeakng_kazakh_formant:kk:w200:p50:a100,ksc_derived_kk_v4_espeakng,KSC text CC-BY-4.0; eSpeak NG GPL-3.0-or-later,Offline derivative for personal research from KSC transcript ksc_slr102:5f60bbc64d767; eSpeak NG GPL-3.0-or-later; bundled Ubuntu runtime packages retain their declared package licenses; no voice cloning,ksc_derived_kk_v4_espeakng:synthetic-voice:espeakng_kazakh_formant:kk:w200:p50:a100,ksc_slr102:5f60bbc64d767,be1bd4d307a2c2fb86e35ecbc0334cca8f6fa544af73cc549db3a7f8280186e7,2.6193650793650796,formant_rule_based_tts,eSpeak NG Kazakh formant synthesizer,eSpeak NG 1.52.0 source-4870adfa25b1a32b4361592f1be8a40337c58d6c; Ubuntu 1.52.0+dfsg-5build1 runtime packages,espeakng_kazakh_formant:kk:w200:p50:a100,not_applicable:pretrained-tts-no-local-voice-cloning,local_cpu_espeakng_formant,offline_formant_tts,22050,wav,none,,2026-08-10T00:00:00Z
ksc_derived_kk_v4_espeakng:61efce5e3a5eb3b5,raw/ksc_derived_kk_v4_espeakng/slices/espeakng-407/espeakng_kazakh_formant/5f618fa3adbfb.wav,4c3e386f31a212bc281eb326eed804145fe65ed49060637112445dd9e61e42a3,test,spoof,kk,unknown,ksc_derived_kk_v4_espeakng:profile:espeakng_kazakh_formant:kk:w200:p65:a100,ksc_derived_kk_v4_espeakng,KSC text CC-BY-4.0; eSpeak NG GPL-3.0-or-later,Offline derivative for personal research from KSC transcript ksc_slr102:5f618fa3adbfb; eSpeak NG GPL-3.0-or-later; bundled Ubuntu runtime packages retain their declared package licenses; no voice cloning,ksc_derived_kk_v4_espeakng:synthetic-voice:espeakng_kazakh_formant:kk:w200:p65:a100,ksc_slr102:5f618fa3adbfb,8323bbebe064da6e9b99175084051174db2b702f3a1b41744a26617c369c725d,2.9741043083900225,formant_rule_based_tts,eSpeak NG Kazakh formant synthesizer,eSpeak NG 1.52.0 source-4870adfa25b1a32b4361592f1be8a40337c58d6c; Ubuntu 1.52.0+dfsg-5build1 runtime packages,espeakng_kazakh_formant:kk:w200:p65:a100,not_applicable:pretrained-tts-no-local-voice-cloning,local_cpu_espeakng_formant,offline_formant_tts,22050,wav,none,,2026-08-10T00:00:00Z
ksc_derived_kk_v4_espeakng:0db84f75ef5861c7,raw/ksc_derived_kk_v4_espeakng/slices/espeakng-407/espeakng_kazakh_formant/5f5a5cce97686.wav,57133bd00410452589f835d91c1cc16277da28de803e52987de066cf3db051ff,test,spoof,kk,unknown,ksc_derived_kk_v4_espeakng:profile:espeakng_kazakh_formant:kk:w225:p35:a100,ksc_derived_kk_v4_espeakng,KSC text CC-BY-4.0; eSpeak NG GPL-3.0-or-later,Offline derivative for personal research from KSC transcript ksc_slr102:5f5a5cce97686; eSpeak NG GPL-3.0-or-later; bundled Ubuntu runtime packages retain their declared package licenses; no voice cloning,ksc_derived_kk_v4_espeakng:synthetic-voice:espeakng_kazakh_formant:kk:w225:p35:a100,ksc_slr102:5f5a5cce97686,d3c53ce05913d6ec72b83e46bfbe739d1c30c67909d44bd0cf8d1c671c59e0a3,3.0751473922902495,formant_rule_based_tts,eSpeak NG Kazakh formant synthesizer,eSpeak NG 1.52.0 source-4870adfa25b1a32b4361592f1be8a40337c58d6c; Ubuntu 1.52.0+dfsg-5build1 runtime packages,espeakng_kazakh_formant:kk:w225:p35:a100,not_applicable:pretrained-tts-no-local-voice-cloning,local_cpu_espeakng_formant,offline_formant_tts,22050,wav,none,,2026-08-10T00:00:00Z
ksc_derived_kk_v4_espeakng:a8293ae6ad3a124e,raw/ksc_derived_kk_v4_espeakng/slices/espeakng-407/espeakng_kazakh_formant/5f60fd91bd620.wav,2962160ee2329ba388a6247e3e87ca46384f9f9b8f74826cf8db2b5d807e841f,test,spoof,kk,unknown,ksc_derived_kk_v4_espeakng:profile:espeakng_kazakh_formant:kk:w225:p50:a100,ksc_derived_kk_v4_espeakng,KSC text CC-BY-4.0; eSpeak NG GPL-3.0-or-later,Offline derivative for personal research from KSC transcript ksc_slr102:5f60fd91bd620; eSpeak NG GPL-3.0-or-later; bundled Ubuntu runtime packages retain their declared package licenses; no voice cloning,ksc_derived_kk_v4_espeakng:synthetic-voice:espeakng_kazakh_formant:kk:w225:p50:a100,ksc_slr102:5f60fd91bd620,e332a544dd89d3b43484d9576cbf4892e0e796c27b3648a301e7a8ea1b522a10,3.4113378684807256,formant_rule_based_tts,eSpeak NG Kazakh formant synthesizer,eSpeak NG 1.52.0 source-4870adfa25b1a32b4361592f1be8a40337c58d6c; Ubuntu 1.52.0+dfsg-5build1 runtime packages,espeakng_kazakh_formant:kk:w225:p50:a100,not_applicable:pretrained-tts-no-local-voice-cloning,local_cpu_espeakng_formant,offline_formant_tts,22050,wav,none,,2026-08-10T00:00:00Z
ksc_derived_kk_v4_espeakng:4effdb63219bcbe1,raw/ksc_derived_kk_v4_espeakng/slices/espeakng-407/espeakng_kazakh_formant/5f6198de76a7c.wav,df1ccd7381bb7d82aa82a936f0b2c60838fdfc986191c4f3a3c500056303d63d,test,spoof,kk,unknown,ksc_derived_kk_v4_espeakng:profile:espeakng_kazakh_formant:kk:w225:p65:a100,ksc_derived_kk_v4_espeakng,KSC text CC-BY-4.0; eSpeak NG GPL-3.0-or-later,Offline derivative for personal research from KSC transcript ksc_slr102:5f6198de76a7c; eSpeak NG GPL-3.0-or-later; bundled Ubuntu runtime packages retain their declared package licenses; no voice cloning,ksc_derived_kk_v4_espeakng:synthetic-voice:espeakng_kazakh_formant:kk:w225:p65:a100,ksc_slr102:5f6198de76a7c,6df52dfd87da98eb6c0e54e8a2111ba31fd4542ae8f29875fc27f497a622f53c,3.772063492063492,formant_rule_based_tts,eSpeak NG Kazakh formant synthesizer,eSpeak NG 1.52.0 source-4870adfa25b1a32b4361592f1be8a40337c58d6c; Ubuntu 1.52.0+dfsg-5build1 runtime packages,espeakng_kazakh_formant:kk:w225:p65:a100,not_applicable:pretrained-tts-no-local-voice-cloning,local_cpu_espeakng_formant,offline_formant_tts,22050,wav,none,,2026-08-10T00:00:00Z
ksc_derived_kk_v4_espeakng:a9a731d57e29f726,raw/ksc_derived_kk_v4_espeakng/slices/espeakng-407/espeakng_kazakh_formant/5f49e86e8d7e9.wav,2258d54a1ddacae3e1c855dc2ceb52a6954b4cc915948e37553e3b2de4dc757e,test,spoof,kk,unknown,ksc_derived_kk_v4_espeakng:profile:espeakng_kazakh_formant:kk:w150:p35:a100,ksc_derived_kk_v4_espeakng,KSC text CC-BY-4.0; eSpeak NG GPL-3.0-or-later,Offline derivative for personal research from KSC transcript ksc_slr102:5f49e86e8d7e9; eSpeak NG GPL-3.0-or-later; bundled Ubuntu runtime packages retain their declared package licenses; no voice cloning,ksc_derived_kk_v4_espeakng:synthetic-voice:espeakng_kazakh_formant:kk:w150:p35:a100,ksc_slr102:5f49e86e8d7e9,6ea6d5114d7e1e6d03961d8224a77182bae0903dd7d29f3389d3a97c2af815e8,5.612018140589569,formant_rule_based_tts,eSpeak NG Kazakh formant synthesizer,eSpeak NG 1.52.0 source-4870adfa25b1a32b4361592f1be8a40337c58d6c; Ubuntu 1.52.0+dfsg-5build1 runtime packages,espeakng_kazakh_formant:kk:w150:p35:a100,not_applicable:pretrained-tts-no-local-voice-cloning,local_cpu_espeakng_formant,offline_formant_tts,22050,wav,none,,2026-08-10T00:00:00Z
ksc_derived_kk_v4_espeakng:447ac92f16db5aa5,raw/ksc_derived_kk_v4_espeakng/slices/espeakng-407/espeakng_kazakh_formant/5f60b38659e16.wav,9676406f81f12e6f41f43c842bfae86b62c8a9a5c6c0cd10e7eaee25aaac657e,test,spoof,kk,unknown,ksc_derived_kk_v4_espeakng:profile:espeakng_kazakh_formant:kk:w150:p50:a100,ksc_derived_kk_v4_espeakng,KSC text CC-BY-4.0; eSpeak NG GPL-3.0-or-later,Offline derivative for personal research from KSC transcript ksc_slr102:5f60b38659e16; eSpeak NG GPL-3.0-or-later; bundled Ubuntu runtime packages retain their declared package licenses; no voice cloning,ksc_derived_kk_v4_espeakng:synthetic-voice:espeakng_kazakh_formant:kk:w150:p50:a100,ksc_slr102:5f60b38659e16,7a6c04dca3061b29ed6f373ecc33c1f43991c4ac78ba90d11701d239308b7b04,4.669977324263039,formant_rule_based_tts,eSpeak NG Kazakh formant synthesizer,eSpeak NG 1.52.0 source-4870adfa25b1a32b4361592f1be8a40337c58d6c; Ubuntu 1.52.0+dfsg-5build1 runtime packages,espeakng_kazakh_formant:kk:w150:p50:a100,not_applicable:pretrained-tts-no-local-voice-cloning,local_cpu_espeakng_formant,offline_formant_tts,22050,wav,none,,2026-08-10T00:00:00Z
ksc_derived_kk_v4_espeakng:9d7b64cb80dd290d,raw/ksc_derived_kk_v4_espeakng/slices/espeakng-407/espeakng_kazakh_formant/5f60b2361eb75.wav,1d5871495491cc5f7c69144576f9d4e84e7105a592ab23fea6505af90ea2b322,test,spoof,kk,unknown,ksc_derived_kk_v4_espeakng:profile:espeakng_kazakh_formant:kk:w150:p65:a100,ksc_derived_kk_v4_espeakng,KSC text CC-BY-4.0; eSpeak NG GPL-3.0-or-later,Offline derivative for personal research from KSC transcript ksc_slr102:5f60b2361eb75; eSpeak NG GPL-3.0-or-later; bundled Ubuntu runtime packages retain their declared package licenses; no voice cloning,ksc_derived_kk_v4_espeakng:synthetic-voice:espeakng_kazakh_formant:kk:w150:p65:a100,ksc_slr102:5f60b2361eb75,57682fe437080bf62444c0e2cae925bc99359a2f28061212ec79b044d0d881c5,4.570340136054422,formant_rule_based_tts,eSpeak NG Kazakh formant synthesizer,eSpeak NG 1.52.0 source-4870adfa25b1a32b4361592f1be8a40337c58d6c; Ubuntu 1.52.0+dfsg-5build1 runtime packages,espeakng_kazakh_formant:kk:w150:p65:a100,not_applicable:pretrained-tts-no-local-voice-cloning,local_cpu_espeakng_formant,offline_formant_tts,22050,wav,none,,2026-08-10T00:00:00Z
ksc_derived_kk_v4_espeakng:4f05e45c1e3ed9f1,raw/ksc_derived_kk_v4_espeakng/slices/espeakng-407/espeakng_kazakh_formant/5f5c5914be61c.wav,aebbf1d0bfe27f18d9cf2517d4f0931ff8b8d1a9c5a9ee4de3b6589b8433d291,test,spoof,kk,unknown,ksc_derived_kk_v4_espeakng:profile:espeakng_kazakh_formant:kk:w175:p35:a100,ksc_derived_kk_v4_espeakng,KSC text CC-BY-4.0; eSpeak NG GPL-3.0-or-later,Offline derivative for personal research from KSC transcript ksc_slr102:5f5c5914be61c; eSpeak NG GPL-3.0-or-later; bundled Ubuntu runtime packages retain their declared package licenses; no voice cloning,ksc_derived_kk_v4_espeakng:synthetic-voice:espeakng_kazakh_formant:kk:w175:p35:a100,ksc_slr102:5f5c5914be61c,e3397df4a82b692ab6da00bdee7cf17b7ddacc10280fa5a46cea9d821cf2937b,3.331746031746032,formant_rule_based_tts,eSpeak NG Kazakh formant synthesizer,eSpeak NG 1.52.0 source-4870adfa25b1a32b4361592f1be8a40337c58d6c; Ubuntu 1.52.0+dfsg-5build1 runtime packages,espeakng_kazakh_formant:kk:w175:p35:a100,not_applicable:pretrained-tts-no-local-voice-cloning,local_cpu_espeakng_formant,offline_formant_tts,22050,wav,none,,2026-08-10T00:00:00Z
ksc_derived_kk_v4_espeakng:7a15079aabf7a299,raw/ksc_derived_kk_v4_espeakng/slices/espeakng-407/espeakng_kazakh_formant/5f609cf4dc8dd.wav,7243fa7ec2a335dc750b986a6f6036b7640b11d924a68a6310dac893150284a3,test,spoof,kk,unknown,ksc_derived_kk_v4_espeakng:profile:espeakng_kazakh_formant:kk:w175:p50:a100,ksc_derived_kk_v4_espeakng,KSC text CC-BY-4.0; eSpeak NG GPL-3.0-or-later,Offline derivative for personal research from KSC transcript ksc_slr102:5f609cf4dc8dd; eSpeak NG GPL-3.0-or-later; bundled Ubuntu runtime packages retain their declared package licenses; no voice cloning,ksc_derived_kk_v4_espeakng:synthetic-voice:espeakng_kazakh_formant:kk:w175:p50:a100,ksc_slr102:5f609cf4dc8dd,e055aa500e70eec61ba06bd49ea705111c4447962442a901bddb53cd6d2136e8,3.080272108843537,formant_rule_based_tts,eSpeak NG Kazakh formant synthesizer,eSpeak NG 1.52.0 source-4870adfa25b1a32b4361592f1be8a40337c58d6c; Ubuntu 1.52.0+dfsg-5build1 runtime packages,espeakng_kazakh_formant:kk:w175:p50:a100,not_applicable:pretrained-tts-no-local-voice-cloning,local_cpu_espeakng_formant,offline_formant_tts,22050,wav,none,,2026-08-10T00:00:00Z
ksc_derived_kk_v4_espeakng:16e5ece3e88d1b08,raw/ksc_derived_kk_v4_espeakng/slices/espeakng-407/espeakng_kazakh_formant/5f5881f14e1e0.wav,cd9ed409af7f0de3c663053b46dcf72ae68c322812d2ccb113e450ffd9e3cdcb,test,spoof,kk,unknown,ksc_derived_kk_v4_espeakng:profile:espeakng_kazakh_formant:kk:w175:p65:a100,ksc_derived_kk_v4_espeakng,KSC text CC-BY-4.0; eSpeak NG GPL-3.0-or-later,Offline derivative for personal research from KSC transcript ksc_slr102:5f5881f14e1e0; eSpeak NG GPL-3.0-or-later; bundled Ubuntu runtime packages retain their declared package licenses; no voice cloning,ksc_derived_kk_v4_espeakng:synthetic-voice:espeakng_kazakh_formant:kk:w175:p65:a100,ksc_slr102:5f5881f14e1e0,7266168708bf68c98da427528e177719f004f186668d0a024813d3f04f6d851e,7.088344671201814,formant_rule_based_tts,eSpeak NG Kazakh formant synthesizer,eSpeak NG 1.52.0 source-4870adfa25b1a32b4361592f1be8a40337c58d6c; Ubuntu 1.52.0+dfsg-5build1 runtime packages,espeakng_kazakh_formant:kk:w175:p65:a100,not_applicable:pretrained-tts-no-local-voice-cloning,local_cpu_espeakng_formant,offline_formant_tts,22050,wav,none,,2026-08-10T00:00:00Z
ksc_derived_kk_v4_espeakng:2792e370a0159eb7,raw/ksc_derived_kk_v4_espeakng/slices/espeakng-407/espeakng_kazakh_formant/5f60a1c388396.wav,39d52935a77ab71309586e93abbc430f04813a4a963efaf9904b50cb69d80ebf,test,spoof,kk,unknown,ksc_derived_kk_v4_espeakng:profile:espeakng_kazakh_formant:kk:w200:p35:a100,ksc_derived_kk_v4_espeakng,KSC text CC-BY-4.0; eSpeak NG GPL-3.0-or-later,Offline derivative for personal research from KSC transcript ksc_slr102:5f60a1c388396; eSpeak NG GPL-3.0-or-later; bundled Ubuntu runtime packages retain their declared package licenses; no voice cloning,ksc_derived_kk_v4_espeakng:synthetic-voice:espeakng_kazakh_formant:kk:w200:p35:a100,ksc_slr102:5f60a1c388396,276286d8853cae9dc9c2343e378431b015764735f8f1fb75f5ab2e710a9b3c13,3.140952380952381,formant_rule_based_tts,eSpeak NG Kazakh formant synthesizer,eSpeak NG 1.52.0 source-4870adfa25b1a32b4361592f1be8a40337c58d6c; Ubuntu 1.52.0+dfsg-5build1 runtime packages,espeakng_kazakh_formant:kk:w200:p35:a100,not_applicable:pretrained-tts-no-local-voice-cloning,local_cpu_espeakng_formant,offline_formant_tts,22050,wav,none,,2026-08-10T00:00:00Z
ksc_derived_kk_v4_espeakng:8c2e6ae187e3e4b0,raw/ksc_derived_kk_v4_espeakng/slices/espeakng-407/espeakng_kazakh_formant/5f5686ba76ea3.wav,7c782a5543cdd00c1aae4fd06d1255bcc3fdbf787ebda131a592ac04fa6ac9f1,test,spoof,kk,unknown,ksc_derived_kk_v4_espeakng:profile:espeakng_kazakh_formant:kk:w200:p50:a100,ksc_derived_kk_v4_espeakng,KSC text CC-BY-4.0; eSpeak NG GPL-3.0-or-later,Offline derivative for personal research from KSC transcript ksc_slr102:5f5686ba76ea3; eSpeak NG GPL-3.0-or-later; bundled Ubuntu runtime packages retain their declared package licenses; no voice cloning,ksc_derived_kk_v4_espeakng:synthetic-voice:espeakng_kazakh_formant:kk:w200:p50:a100,ksc_slr102:5f5686ba76ea3,870198d4ca77f9e7108b0cffb10d08555937f3e681a968017b3c4e3ada6ce961,3.026031746031746,formant_rule_based_tts,eSpeak NG Kazakh formant synthesizer,eSpeak NG 1.52.0 source-4870adfa25b1a32b4361592f1be8a40337c58d6c; Ubuntu 1.52.0+dfsg-5build1 runtime packages,espeakng_kazakh_formant:kk:w200:p50:a100,not_applicable:pretrained-tts-no-local-voice-cloning,local_cpu_espeakng_formant,offline_formant_tts,22050,wav,none,,2026-08-10T00:00:00Z
ksc_derived_kk_v4_espeakng:c6ac82b485dbebf4,raw/ksc_derived_kk_v4_espeakng/slices/espeakng-407/espeakng_kazakh_formant/5f61e516ab2f8.wav,a70338bae53023ada1e569d3b687d0950ae071d583771604f40ca10402d70b48,test,spoof,kk,unknown,ksc_derived_kk_v4_espeakng:profile:espeakng_kazakh_formant:kk:w200:p65:a100,ksc_derived_kk_v4_espeakng,KSC text CC-BY-4.0; eSpeak NG GPL-3.0-or-later,Offline derivative for personal research from KSC transcript ksc_slr102:5f61e516ab2f8; eSpeak NG GPL-3.0-or-later; bundled Ubuntu runtime packages retain their declared package licenses; no voice cloning,ksc_derived_kk_v4_espeakng:synthetic-voice:espeakng_kazakh_formant:kk:w200:p65:a100,ksc_slr102:5f61e516ab2f8,2181f31e0a2c236ba244f37aaaf5bbe84b6e33cdb0f1073f128e6c0d391b5c0b,3.3067573696145125,formant_rule_based_tts,eSpeak NG Kazakh formant synthesizer,eSpeak NG 1.52.0 source-4870adfa25b1a32b4361592f1be8a40337c58d6c; Ubuntu 1.52.0+dfsg-5build1 runtime packages,espeakng_kazakh_formant:kk:w200:p65:a100,not_applicable:pretrained-tts-no-local-voice-cloning,local_cpu_espeakng_formant,offline_formant_tts,22050,wav,none,,2026-08-10T00:00:00Z
ksc_derived_kk_v4_espeakng:43f1688fa165326c,raw/ksc_derived_kk_v4_espeakng/slices/espeakng-407/espeakng_kazakh_formant/5f6056d9ef885.wav,691d27f92908d03c94f26479a013e5aed1bfd1521a7c9489831d266307086cee,test,spoof,kk,unknown,ksc_derived_kk_v4_espeakng:profile:espeakng_kazakh_formant:kk:w225:p35:a100,ksc_derived_kk_v4_espeakng,KSC text CC-BY-4.0; eSpeak NG GPL-3.0-or-later,Offline derivative for personal research from KSC transcript ksc_slr102:5f6056d9ef885; eSpeak NG GPL-3.0-or-later; bundled Ubuntu runtime packages retain their declared package licenses; no voice cloning,ksc_derived_kk_v4_espeakng:synthetic-voice:espeakng_kazakh_formant:kk:w225:p35:a100,ksc_slr102:5f6056d9ef885,80d8fda71f64efa9c736f58b77e330d2b0b9b434dcb12c7fea371065f7857345,3.3927437641723355,formant_rule_based_tts,eSpeak NG Kazakh formant synthesizer,eSpeak NG 1.52.0 source-4870adfa25b1a32b4361592f1be8a40337c58d6c; Ubuntu 1.52.0+dfsg-5build1 runtime packages,espeakng_kazakh_formant:kk:w225:p35:a100,not_applicable:pretrained-tts-no-local-voice-cloning,local_cpu_espeakng_formant,offline_formant_tts,22050,wav,none,,2026-08-10T00:00:00Z
ksc_derived_kk_v4_espeakng:3ca7385c2ef7b7c5,raw/ksc_derived_kk_v4_espeakng/slices/espeakng-407/espeakng_kazakh_formant/5f60c2b1df0e0.wav,9d5766d907499fb697e873fea07e6c339d0cfb23f4e9c0bf179db76530a6ba4f,test,spoof,kk,unknown,ksc_derived_kk_v4_espeakng:profile:espeakng_kazakh_formant:kk:w225:p50:a100,ksc_derived_kk_v4_espeakng,KSC text CC-BY-4.0; eSpeak NG GPL-3.0-or-later,Offline derivative for personal research from KSC transcript ksc_slr102:5f60c2b1df0e0; eSpeak NG GPL-3.0-or-later; bundled Ubuntu runtime packages retain their declared package licenses; no voice cloning,ksc_derived_kk_v4_espeakng:synthetic-voice:espeakng_kazakh_formant:kk:w225:p50:a100,ksc_slr102:5f60c2b1df0e0,f0270889b38895091d867a0541e529f41001cd1f640cba0ed0d43461841abefb,2.1459410430839,formant_rule_based_tts,eSpeak NG Kazakh formant synthesizer,eSpeak NG 1.52.0 source-4870adfa25b1a32b4361592f1be8a40337c58d6c; Ubuntu 1.52.0+dfsg-5build1 runtime packages,espeakng_kazakh_formant:kk:w225:p50:a100,not_applicable:pretrained-tts-no-local-voice-cloning,local_cpu_espeakng_formant,offline_formant_tts,22050,wav,none,,2026-08-10T00:00:00Z
ksc_derived_kk_v4_espeakng:9e1f49a9189cff3d,raw/ksc_derived_kk_v4_espeakng/slices/espeakng-407/espeakng_kazakh_formant/5f5ef85202c49.wav,51a9cbf69614ea006131b19fb996ca87b7d76e5164b5cf4ff7cbda79c8d16fcf,test,spoof,kk,unknown,ksc_derived_kk_v4_espeakng:profile:espeakng_kazakh_formant:kk:w225:p65:a100,ksc_derived_kk_v4_espeakng,KSC text CC-BY-4.0; eSpeak NG GPL-3.0-or-later,Offline derivative for personal research from KSC transcript ksc_slr102:5f5ef85202c49; eSpeak NG GPL-3.0-or-later; bundled Ubuntu runtime packages retain their declared package licenses; no voice cloning,ksc_derived_kk_v4_espeakng:synthetic-voice:espeakng_kazakh_formant:kk:w225:p65:a100,ksc_slr102:5f5ef85202c49,84500fe73d9d19eaef441078f3614437c32783f467727e8efd52a32a80e41480,4.5377777777777775,formant_rule_based_tts,eSpeak NG Kazakh formant synthesizer,eSpeak NG 1.52.0 source-4870adfa25b1a32b4361592f1be8a40337c58d6c; Ubuntu 1.52.0+dfsg-5build1 runtime packages,espeakng_kazakh_formant:kk:w225:p65:a100,not_applicable:pretrained-tts-no-local-voice-cloning,local_cpu_espeakng_formant,offline_formant_tts,22050,wav,none,,2026-08-10T00:00:00Z
ksc_derived_kk_v4_espeakng:8a45e4f7d8907c3c,raw/ksc_derived_kk_v4_espeakng/slices/espeakng-407/espeakng_kazakh_formant/5f6054f464e00.wav,92aa80c779a0a5a12035e0cf0688adad57a02d346aad63059c0671b7ee3bce9d,test,spoof,kk,unknown,ksc_derived_kk_v4_espeakng:profile:espeakng_kazakh_formant:kk:w150:p35:a100,ksc_derived_kk_v4_espeakng,KSC text CC-BY-4.0; eSpeak NG GPL-3.0-or-later,Offline derivative for personal research from KSC transcript ksc_slr102:5f6054f464e00; eSpeak NG GPL-3.0-or-later; bundled Ubuntu runtime packages retain their declared package licenses; no voice cloning,ksc_derived_kk_v4_espeakng:synthetic-voice:espeakng_kazakh_formant:kk:w150:p35:a100,ksc_slr102:5f6054f464e00,1f3e46a927510d550d5a31bdae07e49e427d1942dcded49411918758b4fcca4b,2.746439909297052,formant_rule_based_tts,eSpeak NG Kazakh formant synthesizer,eSpeak NG 1.52.0 source-4870adfa25b1a32b4361592f1be8a40337c58d6c; Ubuntu 1.52.0+dfsg-5build1 runtime packages,espeakng_kazakh_formant:kk:w150:p35:a100,not_applicable:pretrained-tts-no-local-voice-cloning,local_cpu_espeakng_formant,offline_formant_tts,22050,wav,none,,2026-08-10T00:00:00Z
ksc_derived_kk_v4_espeakng:17b7f786f4dd50c4,raw/ksc_derived_kk_v4_espeakng/slices/espeakng-407/espeakng_kazakh_formant/5f61ed7721859.wav,2f7f78f83bd271ca60f97c362b63e14e3aadab2ddf61d8db41002a96544aa15e,test,spoof,kk,unknown,ksc_derived_kk_v4_espeakng:profile:espeakng_kazakh_formant:kk:w150:p50:a100,ksc_derived_kk_v4_espeakng,KSC text CC-BY-4.0; eSpeak NG GPL-3.0-or-later,Offline derivative for personal research from KSC transcript ksc_slr102:5f61ed7721859; eSpeak NG GPL-3.0-or-later; bundled Ubuntu runtime packages retain their declared package licenses; no voice cloning,ksc_derived_kk_v4_espeakng:synthetic-voice:espeakng_kazakh_formant:kk:w150:p50:a100,ksc_slr102:5f61ed7721859,29e9e567fc42058e1a184225f616ca7066c14c8df1e8598817ce2fa9e47b3d3f,8.491972789115646,formant_rule_based_tts,eSpeak NG Kazakh formant synthesizer,eSpeak NG 1.52.0 source-4870adfa25b1a32b4361592f1be8a40337c58d6c; Ubuntu 1.52.0+dfsg-5build1 runtime packages,espeakng_kazakh_formant:kk:w150:p50:a100,not_applicable:pretrained-tts-no-local-voice-cloning,local_cpu_espeakng_formant,offline_formant_tts,22050,wav,none,,2026-08-10T00:00:00Z
ksc_derived_kk_v4_espeakng:2f4db18e12994394,raw/ksc_derived_kk_v4_espeakng/slices/espeakng-407/espeakng_kazakh_formant/5f5a3ad9e7788.wav,a423fa5c3044464f365b045dbc1480330f0a533a16f12cb271833322a60cce14,test,spoof,kk,unknown,ksc_derived_kk_v4_espeakng:profile:espeakng_kazakh_formant:kk:w150:p65:a100,ksc_derived_kk_v4_espeakng,KSC text CC-BY-4.0; eSpeak NG GPL-3.0-or-later,Offline derivative for personal research from KSC transcript ksc_slr102:5f5a3ad9e7788; eSpeak NG GPL-3.0-or-later; bundled Ubuntu runtime packages retain their declared package licenses; no voice cloning,ksc_derived_kk_v4_espeakng:synthetic-voice:espeakng_kazakh_formant:kk:w150:p65:a100,ksc_slr102:5f5a3ad9e7788,0e2155b1737f9eaf36e80144b1abe558442cd814f93eb2ae998da49c657c900e,3.5523356009070293,formant_rule_based_tts,eSpeak NG Kazakh formant synthesizer,eSpeak NG 1.52.0 source-4870adfa25b1a32b4361592f1be8a40337c58d6c; Ubuntu 1.52.0+dfsg-5build1 runtime packages,espeakng_kazakh_formant:kk:w150:p65:a100,not_applicable:pretrained-tts-no-local-voice-cloning,local_cpu_espeakng_formant,offline_formant_tts,22050,wav,none,,2026-08-10T00:00:00Z
ksc_derived_kk_v4_espeakng:85aa28141fbe1388,raw/ksc_derived_kk_v4_espeakng/slices/espeakng-407/espeakng_kazakh_formant/5f568953f3caa.wav,4b55059a23d7ab075dd05aa3dc29745eda36ea09a349eb850a3d790bd56b05b0,test,spoof,kk,unknown,ksc_derived_kk_v4_espeakng:profile:espeakng_kazakh_formant:kk:w175:p35:a100,ksc_derived_kk_v4_espeakng,KSC text CC-BY-4.0; eSpeak NG GPL-3.0-or-later,Offline derivative for personal research from KSC transcript ksc_slr102:5f568953f3caa; eSpeak NG GPL-3.0-or-later; bundled Ubuntu runtime packages retain their declared package licenses; no voice cloning,ksc_derived_kk_v4_espeakng:synthetic-voice:espeakng_kazakh_formant:kk:w175:p35:a100,ksc_slr102:5f568953f3caa,830517d5efc4bd2a4ae9187c5da2f5c519513566327bd00a5003dc8eb7ac9251,9.789433106575963,formant_rule_based_tts,eSpeak NG Kazakh formant synthesizer,eSpeak NG 1.52.0 source-4870adfa25b1a32b4361592f1be8a40337c58d6c; Ubuntu 1.52.0+dfsg-5build1 runtime packages,espeakng_kazakh_formant:kk:w175:p35:a100,not_applicable:pretrained-tts-no-local-voice-cloning,local_cpu_espeakng_formant,offline_formant_tts,22050,wav,none,,2026-08-10T00:00:00Z
ksc_derived_kk_v4_espeakng:8ddffd714f85f4c7,raw/ksc_derived_kk_v4_espeakng/slices/espeakng-407/espeakng_kazakh_formant/5f609482c9051.wav,34e796ad14ec47a1f7fc0b15bf1cd474a4b61d7f6e0f6a47b22cb9fdddd308d2,test,spoof,kk,unknown,ksc_derived_kk_v4_espeakng:profile:espeakng_kazakh_formant:kk:w175:p50:a100,ksc_derived_kk_v4_espeakng,KSC text CC-BY-4.0; eSpeak NG GPL-3.0-or-later,Offline derivative for personal research from KSC transcript ksc_slr102:5f609482c9051; eSpeak NG GPL-3.0-or-later; bundled Ubuntu runtime packages retain their declared package licenses; no voice cloning,ksc_derived_kk_v4_espeakng:synthetic-voice:espeakng_kazakh_formant:kk:w175:p50:a100,ksc_slr102:5f609482c9051,c96faee5f60d557ccf166ac896d3c8d80a80daa2e00b75b00ff0c6b0232cc491,5.368934240362812,formant_rule_based_tts,eSpeak NG Kazakh formant synthesizer,eSpeak NG 1.52.0 source-4870adfa25b1a32b4361592f1be8a40337c58d6c; Ubuntu 1.52.0+dfsg-5build1 runtime packages,espeakng_kazakh_formant:kk:w175:p50:a100,not_applicable:pretrained-tts-no-local-voice-cloning,local_cpu_espeakng_formant,offline_formant_tts,22050,wav,none,,2026-08-10T00:00:00Z
ksc_derived_kk_v4_espeakng:77a4f1e0fc4833e6,raw/ksc_derived_kk_v4_espeakng/slices/espeakng-407/espeakng_kazakh_formant/5f5efb8d9b16c.wav,337d21d0ceec1b3be7e28b4e8fbd7bd9c96c9f1c658a20b61e36b0abf220fb30,test,spoof,kk,unknown,ksc_derived_kk_v4_espeakng:profile:espeakng_kazakh_formant:kk:w175:p65:a100,ksc_derived_kk_v4_espeakng,KSC text CC-BY-4.0; eSpeak NG GPL-3.0-or-later,Offline derivative for personal research from KSC transcript ksc_slr102:5f5efb8d9b16c; eSpeak NG GPL-3.0-or-later; bundled Ubuntu runtime packages retain their declared package licenses; no voice cloning,ksc_derived_kk_v4_espeakng:synthetic-voice:espeakng_kazakh_formant:kk:w175:p65:a100,ksc_slr102:5f5efb8d9b16c,560b2d7d66743e2881edec30c991ee1ff3300c1d39bebe7b158d356bb75178da,2.455736961451247,formant_rule_based_tts,eSpeak NG Kazakh formant synthesizer,eSpeak NG 1.52.0 source-4870adfa25b1a32b4361592f1be8a40337c58d6c; Ubuntu 1.52.0+dfsg-5build1 runtime packages,espeakng_kazakh_formant:kk:w175:p65:a100,not_applicable:pretrained-tts-no-local-voice-cloning,local_cpu_espeakng_formant,offline_formant_tts,22050,wav,none,,2026-08-10T00:00:00Z
ksc_derived_kk_v4_espeakng:f6e8102d60bb64c7,raw/ksc_derived_kk_v4_espeakng/slices/espeakng-407/espeakng_kazakh_formant/5f60ffc616ab8.wav,95f95b7db68d67734852ba75d1bf4a74574bbddfe834ce5d0ff3eea6b40964e3,test,spoof,kk,unknown,ksc_derived_kk_v4_espeakng:profile:espeakng_kazakh_formant:kk:w200:p35:a100,ksc_derived_kk_v4_espeakng,KSC text CC-BY-4.0; eSpeak NG GPL-3.0-or-later,Offline derivative for personal research from KSC transcript ksc_slr102:5f60ffc616ab8; eSpeak NG GPL-3.0-or-later; bundled Ubuntu runtime packages retain their declared package licenses; no voice cloning,ksc_derived_kk_v4_espeakng:synthetic-voice:espeakng_kazakh_formant:kk:w200:p35:a100,ksc_slr102:5f60ffc616ab8,6998aff39c4f7f00c43f44e2f00df01088c6ce24d9d437d937b88b43d06f5964,4.524353741496599,formant_rule_based_tts,eSpeak NG Kazakh formant synthesizer,eSpeak NG 1.52.0 source-4870adfa25b1a32b4361592f1be8a40337c58d6c; Ubuntu 1.52.0+dfsg-5build1 runtime packages,espeakng_kazakh_formant:kk:w200:p35:a100,not_applicable:pretrained-tts-no-local-voice-cloning,local_cpu_espeakng_formant,offline_formant_tts,22050,wav,none,,2026-08-10T00:00:00Z
ksc_derived_kk_v4_espeakng:7ca2478193c02ddf,raw/ksc_derived_kk_v4_espeakng/slices/espeakng-407/espeakng_kazakh_formant/5f61b8b08fd04.wav,5cdb951bc91070e0ba5bfd0af25b1fa493118e6b14c215048e9e27bada3ab1ed,test,spoof,kk,unknown,ksc_derived_kk_v4_espeakng:profile:espeakng_kazakh_formant:kk:w200:p50:a100,ksc_derived_kk_v4_espeakng,KSC text CC-BY-4.0; eSpeak NG GPL-3.0-or-later,Offline derivative for personal research from KSC transcript ksc_slr102:5f61b8b08fd04; eSpeak NG GPL-3.0-or-later; bundled Ubuntu runtime packages retain their declared package licenses; no voice cloning,ksc_derived_kk_v4_espeakng:synthetic-voice:espeakng_kazakh_formant:kk:w200:p50:a100,ksc_slr102:5f61b8b08fd04,d91210bdc16871fceb565a51e14b5e26f6fa7d1554f32158300926137fff59da,3.99015873015873,formant_rule_based_tts,eSpeak NG Kazakh formant synthesizer,eSpeak NG 1.52.0 source-4870adfa25b1a32b4361592f1be8a40337c58d6c; Ubuntu 1.52.0+dfsg-5build1 runtime packages,espeakng_kazakh_formant:kk:w200:p50:a100,not_applicable:pretrained-tts-no-local-voice-cloning,local_cpu_espeakng_formant,offline_formant_tts,22050,wav,none,,2026-08-10T00:00:00Z
ksc_derived_kk_v4_espeakng:f78e9aa2f4088d48,raw/ksc_derived_kk_v4_espeakng/slices/espeakng-407/espeakng_kazakh_formant/5f579a5897604.wav,35cdb2324a57cdc75ef17323a1c8befc7908308a8b5e55d6f89ea54270ea7aae,test,spoof,kk,unknown,ksc_derived_kk_v4_espeakng:profile:espeakng_kazakh_formant:kk:w200:p65:a100,ksc_derived_kk_v4_espeakng,KSC text CC-BY-4.0; eSpeak NG GPL-3.0-or-later,Offline derivative for personal research from KSC transcript ksc_slr102:5f579a5897604; eSpeak NG GPL-3.0-or-later; bundled Ubuntu runtime packages retain their declared package licenses; no voice cloning,ksc_derived_kk_v4_espeakng:synthetic-voice:espeakng_kazakh_formant:kk:w200:p65:a100,ksc_slr102:5f579a5897604,62a1bc8e7c33b1fdfcc7c5697d7f170a7e25ed4be506674b71476e7686cab296,2.742312925170068,formant_rule_based_tts,eSpeak NG Kazakh formant synthesizer,eSpeak NG 1.52.0 source-4870adfa25b1a32b4361592f1be8a40337c58d6c; Ubuntu 1.52.0+dfsg-5build1 runtime packages,espeakng_kazakh_formant:kk:w200:p65:a100,not_applicable:pretrained-tts-no-local-voice-cloning,local_cpu_espeakng_formant,offline_formant_tts,22050,wav,none,,2026-08-10T00:00:00Z
ksc_derived_kk_v4_espeakng:7820d6ddd5f35b42,raw/ksc_derived_kk_v4_espeakng/slices/espeakng-407/espeakng_kazakh_formant/5f60e37ad3cd1.wav,7ff3c75f18a6e1c5e4162003d0d181480ad16b54e5bdfec397b3d830a3da5854,test,spoof,kk,unknown,ksc_derived_kk_v4_espeakng:profile:espeakng_kazakh_formant:kk:w225:p35:a100,ksc_derived_kk_v4_espeakng,KSC text CC-BY-4.0; eSpeak NG GPL-3.0-or-later,Offline derivative for personal research from KSC transcript ksc_slr102:5f60e37ad3cd1; eSpeak NG GPL-3.0-or-later; bundled Ubuntu runtime packages retain their declared package licenses; no voice cloning,ksc_derived_kk_v4_espeakng:synthetic-voice:espeakng_kazakh_formant:kk:w225:p35:a100,ksc_slr102:5f60e37ad3cd1,d3443833e7d7c18a795f1796004f197ea2dc585ca1f0a5617d7806b923acde5e,4.9052154195011335,formant_rule_based_tts,eSpeak NG Kazakh formant synthesizer,eSpeak NG 1.52.0 source-4870adfa25b1a32b4361592f1be8a40337c58d6c; Ubuntu 1.52.0+dfsg-5build1 runtime packages,espeakng_kazakh_formant:kk:w225:p35:a100,not_applicable:pretrained-tts-no-local-voice-cloning,local_cpu_espeakng_formant,offline_formant_tts,22050,wav,none,,2026-08-10T00:00:00Z
ksc_derived_kk_v4_espeakng:cd7a9d548aef7e82,raw/ksc_derived_kk_v4_espeakng/slices/espeakng-407/espeakng_kazakh_formant/5fa263d5c3318.wav,648134dd26c5a04a7c8eb65a24eea460af409fb66492a471babb31ef2f5246a0,test,spoof,kk,unknown,ksc_derived_kk_v4_espeakng:profile:espeakng_kazakh_formant:kk:w225:p50:a100,ksc_derived_kk_v4_espeakng,KSC text CC-BY-4.0; eSpeak NG GPL-3.0-or-later,Offline derivative for personal research from KSC transcript ksc_slr102:5fa263d5c3318; eSpeak NG GPL-3.0-or-later; bundled Ubuntu runtime packages retain their declared package licenses; no voice cloning,ksc_derived_kk_v4_espeakng:synthetic-voice:espeakng_kazakh_formant:kk:w225:p50:a100,ksc_slr102:5fa263d5c3318,09af81c7392f5b9b08f808b51bbd8066bece1619efbfe19c23b3633230f099a3,2.349659863945578,formant_rule_based_tts,eSpeak NG Kazakh formant synthesizer,eSpeak NG 1.52.0 source-4870adfa25b1a32b4361592f1be8a40337c58d6c; Ubuntu 1.52.0+dfsg-5build1 runtime packages,espeakng_kazakh_formant:kk:w225:p50:a100,not_applicable:pretrained-tts-no-local-voice-cloning,local_cpu_espeakng_formant,offline_formant_tts,22050,wav,none,,2026-08-10T00:00:00Z
ksc_derived_kk_v4_espeakng:b4307c79a190ecb9,raw/ksc_derived_kk_v4_espeakng/slices/espeakng-407/espeakng_kazakh_formant/5f61e96831658.wav,2ab0a27a9b411c9d12549067f1f1bf7fb89b11e6e23effd849665483dfbf4d33,test,spoof,kk,unknown,ksc_derived_kk_v4_espeakng:profile:espeakng_kazakh_formant:kk:w225:p65:a100,ksc_derived_kk_v4_espeakng,KSC text CC-BY-4.0; eSpeak NG GPL-3.0-or-later,Offline derivative for personal research from KSC transcript ksc_slr102:5f61e96831658; eSpeak NG GPL-3.0-or-later; bundled Ubuntu runtime packages retain their declared package licenses; no voice cloning,ksc_derived_kk_v4_espeakng:synthetic-voice:espeakng_kazakh_formant:kk:w225:p65:a100,ksc_slr102:5f61e96831658,e2a8429589439b5fa6ad067055bbf540df87d210ae6754b15519609ec31575f3,5.115918367346938,formant_rule_based_tts,eSpeak NG Kazakh formant synthesizer,eSpeak NG 1.52.0 source-4870adfa25b1a32b4361592f1be8a40337c58d6c; Ubuntu 1.52.0+dfsg-5build1 runtime packages,espeakng_kazakh_formant:kk:w225:p65:a100,not_applicable:pretrained-tts-no-local-voice-cloning,local_cpu_espeakng_formant,offline_formant_tts,22050,wav,none,,2026-08-10T00:00:00Z
ksc_derived_kk_v4_espeakng:f1424a13fb4ad6cd,raw/ksc_derived_kk_v4_espeakng/slices/espeakng-407/espeakng_kazakh_formant/5f5ef4c24343a.wav,c06c752d2f2d462c39e32ebbb1bb7378a71b379f31165614142e659313ec9ff3,test,spoof,kk,unknown,ksc_derived_kk_v4_espeakng:profile:espeakng_kazakh_formant:kk:w150:p35:a100,ksc_derived_kk_v4_espeakng,KSC text CC-BY-4.0; eSpeak NG GPL-3.0-or-later,Offline derivative for personal research from KSC transcript ksc_slr102:5f5ef4c24343a; eSpeak NG GPL-3.0-or-later; bundled Ubuntu runtime packages retain their declared package licenses; no voice cloning,ksc_derived_kk_v4_espeakng:synthetic-voice:espeakng_kazakh_formant:kk:w150:p35:a100,ksc_slr102:5f5ef4c24343a,3d6f23a6ecfd35ccf01a4c5989e0f601dd13492bf160e046597f979d90510a4c,3.183628117913832,formant_rule_based_tts,eSpeak NG Kazakh formant synthesizer,eSpeak NG 1.52.0 source-4870adfa25b1a32b4361592f1be8a40337c58d6c; Ubuntu 1.52.0+dfsg-5build1 runtime packages,espeakng_kazakh_formant:kk:w150:p35:a100,not_applicable:pretrained-tts-no-local-voice-cloning,local_cpu_espeakng_formant,offline_formant_tts,22050,wav,none,,2026-08-10T00:00:00Z
ksc_derived_kk_v4_espeakng:183dd61d5763eb3f,raw/ksc_derived_kk_v4_espeakng/slices/espeakng-407/espeakng_kazakh_formant/5fa5018a756f5.wav,e101fda1061ac8738a056156a89c5a7eba0d19833ac64b3cb2f67bc361554eb1,test,spoof,kk,unknown,ksc_derived_kk_v4_espeakng:profile:espeakng_kazakh_formant:kk:w150:p50:a100,ksc_derived_kk_v4_espeakng,KSC text CC-BY-4.0; eSpeak NG GPL-3.0-or-later,Offline derivative for personal research from KSC transcript ksc_slr102:5fa5018a756f5; eSpeak NG GPL-3.0-or-later; bundled Ubuntu runtime packages retain their declared package licenses; no voice cloning,ksc_derived_kk_v4_espeakng:synthetic-voice:espeakng_kazakh_formant:kk:w150:p50:a100,ksc_slr102:5fa5018a756f5,9d6fc170e25f27b2c3b682f767be3c7de9379f88419448552b88442fd0cae746,6.5666213151927435,formant_rule_based_tts,eSpeak NG Kazakh formant synthesizer,eSpeak NG 1.52.0 source-4870adfa25b1a32b4361592f1be8a40337c58d6c; Ubuntu 1.52.0+dfsg-5build1 runtime packages,espeakng_kazakh_formant:kk:w150:p50:a100,not_applicable:pretrained-tts-no-local-voice-cloning,local_cpu_espeakng_formant,offline_formant_tts,22050,wav,none,,2026-08-10T00:00:00Z
ksc_derived_kk_v4_espeakng:bf575a88c95355aa,raw/ksc_derived_kk_v4_espeakng/slices/espeakng-407/espeakng_kazakh_formant/5f58855d6b880.wav,99a5ad3a3413564522d8d17aaf2be07982d3f6719e0837f60b47574987bc5064,test,spoof,kk,unknown,ksc_derived_kk_v4_espeakng:profile:espeakng_kazakh_formant:kk:w150:p65:a100,ksc_derived_kk_v4_espeakng,KSC text CC-BY-4.0; eSpeak NG GPL-3.0-or-later,Offline derivative for personal research from KSC transcript ksc_slr102:5f58855d6b880; eSpeak NG GPL-3.0-or-later; bundled Ubuntu runtime packages retain their declared package licenses; no voice cloning,ksc_derived_kk_v4_espeakng:synthetic-voice:espeakng_kazakh_formant:kk:w150:p65:a100,ksc_slr102:5f58855d6b880,d27bfa086a9cc51af226b3c06afdd39319693cdf1068145d07bdfb479233cf06,5.334784580498866,formant_rule_based_tts,eSpeak NG Kazakh formant synthesizer,eSpeak NG 1.52.0 source-4870adfa25b1a32b4361592f1be8a40337c58d6c; Ubuntu 1.52.0+dfsg-5build1 runtime packages,espeakng_kazakh_formant:kk:w150:p65:a100,not_applicable:pretrained-tts-no-local-voice-cloning,local_cpu_espeakng_formant,offline_formant_tts,22050,wav,none,,2026-08-10T00:00:00Z
ksc_derived_kk_v4_espeakng:1e497cdf07331369,raw/ksc_derived_kk_v4_espeakng/slices/espeakng-407/espeakng_kazakh_formant/5f61e2ef6703b.wav,26708d95a528fa66a662eeb03e18386c4105aadb64490a07ae78465d4b6d6de2,test,spoof,kk,unknown,ksc_derived_kk_v4_espeakng:profile:espeakng_kazakh_formant:kk:w175:p35:a100,ksc_derived_kk_v4_espeakng,KSC text CC-BY-4.0; eSpeak NG GPL-3.0-or-later,Offline derivative for personal research from KSC transcript ksc_slr102:5f61e2ef6703b; eSpeak NG GPL-3.0-or-later; bundled Ubuntu runtime packages retain their declared package licenses; no voice cloning,ksc_derived_kk_v4_espeakng:synthetic-voice:espeakng_kazakh_formant:kk:w175:p35:a100,ksc_slr102:5f61e2ef6703b,e0f1765c9d556dabdc4473670a9f96a33c0c21e9c6df6bd8e46c248e22c5d10b,3.230340136054422,formant_rule_based_tts,eSpeak NG Kazakh formant synthesizer,eSpeak NG 1.52.0 source-4870adfa25b1a32b4361592f1be8a40337c58d6c; Ubuntu 1.52.0+dfsg-5build1 runtime packages,espeakng_kazakh_formant:kk:w175:p35:a100,not_applicable:pretrained-tts-no-local-voice-cloning,local_cpu_espeakng_formant,offline_formant_tts,22050,wav,none,,2026-08-10T00:00:00Z
ksc_derived_kk_v4_espeakng:a5ff7aca074f66f1,raw/ksc_derived_kk_v4_espeakng/slices/espeakng-407/espeakng_kazakh_formant/5f60be9f66633.wav,9f23bc9cc089093a1c1a294e2430020cab9b387b9ce713e1d9c9eea135a42a4b,test,spoof,kk,unknown,ksc_derived_kk_v4_espeakng:profile:espeakng_kazakh_formant:kk:w175:p50:a100,ksc_derived_kk_v4_espeakng,KSC text CC-BY-4.0; eSpeak NG GPL-3.0-or-later,Offline derivative for personal research from KSC transcript ksc_slr102:5f60be9f66633; eSpeak NG GPL-3.0-or-later; bundled Ubuntu runtime packages retain their declared package licenses; no voice cloning,ksc_derived_kk_v4_espeakng:synthetic-voice:espeakng_kazakh_formant:kk:w175:p50:a100,ksc_slr102:5f60be9f66633,2e93a3d340b2c197cc69f790c9ddd8e4b9cc9f6e25901518d1b0e82240164fbd,4.572562358276644,formant_rule_based_tts,eSpeak NG Kazakh formant synthesizer,eSpeak NG 1.52.0 source-4870adfa25b1a32b4361592f1be8a40337c58d6c; Ubuntu 1.52.0+dfsg-5build1 runtime packages,espeakng_kazakh_formant:kk:w175:p50:a100,not_applicable:pretrained-tts-no-local-voice-cloning,local_cpu_espeakng_formant,offline_formant_tts,22050,wav,none,,2026-08-10T00:00:00Z
ksc_derived_kk_v4_espeakng:c12e89e6444ea915,raw/ksc_derived_kk_v4_espeakng/slices/espeakng-407/espeakng_kazakh_formant/5f5a0bbf66715.wav,e9f07099f29201cbc5c17870b9971a3a7a810bfca51df7eba7c116e852a40b46,test,spoof,kk,unknown,ksc_derived_kk_v4_espeakng:profile:espeakng_kazakh_formant:kk:w175:p65:a100,ksc_derived_kk_v4_espeakng,KSC text CC-BY-4.0; eSpeak NG GPL-3.0-or-later,Offline derivative for personal research from KSC transcript ksc_slr102:5f5a0bbf66715; eSpeak NG GPL-3.0-or-later; bundled Ubuntu runtime packages retain their declared package licenses; no voice cloning,ksc_derived_kk_v4_espeakng:synthetic-voice:espeakng_kazakh_formant:kk:w175:p65:a100,ksc_slr102:5f5a0bbf66715,8d300c12e80df577c39297f0bb2b365cfc572977867717e2a61a39e92ed5d75d,2.31859410430839,formant_rule_based_tts,eSpeak NG Kazakh formant synthesizer,eSpeak NG 1.52.0 source-4870adfa25b1a32b4361592f1be8a40337c58d6c; Ubuntu 1.52.0+dfsg-5build1 runtime packages,espeakng_kazakh_formant:kk:w175:p65:a100,not_applicable:pretrained-tts-no-local-voice-cloning,local_cpu_espeakng_formant,offline_formant_tts,22050,wav,none,,2026-08-10T00:00:00Z
ksc_derived_kk_v4_espeakng:54eef2e10c6b4cc8,raw/ksc_derived_kk_v4_espeakng/slices/espeakng-407/espeakng_kazakh_formant/5f60c5e195da2.wav,e7f23a472f3c37dae3b03c1a9e4d275aaeb2338bdf59f688d06c34fd1ee5bf99,test,spoof,kk,unknown,ksc_derived_kk_v4_espeakng:profile:espeakng_kazakh_formant:kk:w200:p35:a100,ksc_derived_kk_v4_espeakng,KSC text CC-BY-4.0; eSpeak NG GPL-3.0-or-later,Offline derivative for personal research from KSC transcript ksc_slr102:5f60c5e195da2; eSpeak NG GPL-3.0-or-later; bundled Ubuntu runtime packages retain their declared package licenses; no voice cloning,ksc_derived_kk_v4_espeakng:synthetic-voice:espeakng_kazakh_formant:kk:w200:p35:a100,ksc_slr102:5f60c5e195da2,89a7b1a246efc24438733594bbfdd085aff1d97a0472614efe130b72deb6c180,2.3931972789115648,formant_rule_based_tts,eSpeak NG Kazakh formant synthesizer,eSpeak NG 1.52.0 source-4870adfa25b1a32b4361592f1be8a40337c58d6c; Ubuntu 1.52.0+dfsg-5build1 runtime packages,espeakng_kazakh_formant:kk:w200:p35:a100,not_applicable:pretrained-tts-no-local-voice-cloning,local_cpu_espeakng_formant,offline_formant_tts,22050,wav,none,,2026-08-10T00:00:00Z
ksc_derived_kk_v4_espeakng:881aaa649db1e767,raw/ksc_derived_kk_v4_espeakng/slices/espeakng-407/espeakng_kazakh_formant/5f6065a581bb1.wav,96cb19beb322ac1e555ab8c753c78acc697b6ca4ebb8eeadeccd48fb0a4dbb9b,test,spoof,kk,unknown,ksc_derived_kk_v4_espeakng:profile:espeakng_kazakh_formant:kk:w200:p50:a100,ksc_derived_kk_v4_espeakng,KSC text CC-BY-4.0; eSpeak NG GPL-3.0-or-later,Offline derivative for personal research from KSC transcript ksc_slr102:5f6065a581bb1; eSpeak NG GPL-3.0-or-later; bundled Ubuntu runtime packages retain their declared package licenses; no voice cloning,ksc_derived_kk_v4_espeakng:synthetic-voice:espeakng_kazakh_formant:kk:w200:p50:a100,ksc_slr102:5f6065a581bb1,57131e18dd2249938c66e7630e58dd7e56d4cdbfdcd064770e7e5aa4de50262a,2.649297052154195,formant_rule_based_tts,eSpeak NG Kazakh formant synthesizer,eSpeak NG 1.52.0 source-4870adfa25b1a32b4361592f1be8a40337c58d6c; Ubuntu 1.52.0+dfsg-5build1 runtime packages,espeakng_kazakh_formant:kk:w200:p50:a100,not_applicable:pretrained-tts-no-local-voice-cloning,local_cpu_espeakng_formant,offline_formant_tts,22050,wav,none,,2026-08-10T00:00:00Z
ksc_derived_kk_v4_espeakng:582c7a1d8696a1f9,raw/ksc_derived_kk_v4_espeakng/slices/espeakng-407/espeakng_kazakh_formant/5f5eff19190cb.wav,294f02b696d5a6896f9145f10eac47966749bb89da052d16c2c0c621b5d4cbcb,test,spoof,kk,unknown,ksc_derived_kk_v4_espeakng:profile:espeakng_kazakh_formant:kk:w200:p65:a100,ksc_derived_kk_v4_espeakng,KSC text CC-BY-4.0; eSpeak NG GPL-3.0-or-later,Offline derivative for personal research from KSC transcript ksc_slr102:5f5eff19190cb; eSpeak NG GPL-3.0-or-later; bundled Ubuntu runtime packages retain their declared package licenses; no voice cloning,ksc_derived_kk_v4_espeakng:synthetic-voice:espeakng_kazakh_formant:kk:w200:p65:a100,ksc_slr102:5f5eff19190cb,2614573bcc061c705c35235434e469d6f435cb5190b6aaaa4b25ffd4fc452f11,2.2992290249433105,formant_rule_based_tts,eSpeak NG Kazakh formant synthesizer,eSpeak NG 1.52.0 source-4870adfa25b1a32b4361592f1be8a40337c58d6c; Ubuntu 1.52.0+dfsg-5build1 runtime packages,espeakng_kazakh_formant:kk:w200:p65:a100,not_applicable:pretrained-tts-no-local-voice-cloning,local_cpu_espeakng_formant,offline_formant_tts,22050,wav,none,,2026-08-10T00:00:00Z
ksc_derived_kk_v4_espeakng:ff90646318f73193,raw/ksc_derived_kk_v4_espeakng/slices/espeakng-407/espeakng_kazakh_formant/5f605516679c2.wav,d0bb4fb4a77609119f77e2cbb106db6ea8d7056b725bdeda03db7f08d5ff4d26,test,spoof,kk,unknown,ksc_derived_kk_v4_espeakng:profile:espeakng_kazakh_formant:kk:w225:p35:a100,ksc_derived_kk_v4_espeakng,KSC text CC-BY-4.0; eSpeak NG GPL-3.0-or-later,Offline derivative for personal research from KSC transcript ksc_slr102:5f605516679c2; eSpeak NG GPL-3.0-or-later; bundled Ubuntu runtime packages retain their declared package licenses; no voice cloning,ksc_derived_kk_v4_espeakng:synthetic-voice:espeakng_kazakh_formant:kk:w225:p35:a100,ksc_slr102:5f605516679c2,327f08f00a4e81efaf772cb969bdb495f65f52beee7c4d57977147f7383b3fee,5.277823129251701,formant_rule_based_tts,eSpeak NG Kazakh formant synthesizer,eSpeak NG 1.52.0 source-4870adfa25b1a32b4361592f1be8a40337c58d6c; Ubuntu 1.52.0+dfsg-5build1 runtime packages,espeakng_kazakh_formant:kk:w225:p35:a100,not_applicable:pretrained-tts-no-local-voice-cloning,local_cpu_espeakng_formant,offline_formant_tts,22050,wav,none,,2026-08-10T00:00:00Z
ksc_derived_kk_v4_espeakng:02329a3d68b4a7d2,raw/ksc_derived_kk_v4_espeakng/slices/espeakng-407/espeakng_kazakh_formant/5f61e1d7abdf9.wav,5a669301efd735b46ff4f559b34614551a31e8e676aa5192d783d3be17a1024f,test,spoof,kk,unknown,ksc_derived_kk_v4_espeakng:profile:espeakng_kazakh_formant:kk:w225:p50:a100,ksc_derived_kk_v4_espeakng,KSC text CC-BY-4.0; eSpeak NG GPL-3.0-or-later,Offline derivative for personal research from KSC transcript ksc_slr102:5f61e1d7abdf9; eSpeak NG GPL-3.0-or-later; bundled Ubuntu runtime packages retain their declared package licenses; no voice cloning,ksc_derived_kk_v4_espeakng:synthetic-voice:espeakng_kazakh_formant:kk:w225:p50:a100,ksc_slr102:5f61e1d7abdf9,3fb44b49f012d1a9ba8d41518babaf840e47a7d34b93580dbcc87e57d866d747,6.598503401360544,formant_rule_based_tts,eSpeak NG Kazakh formant synthesizer,eSpeak NG 1.52.0 source-4870adfa25b1a32b4361592f1be8a40337c58d6c; Ubuntu 1.52.0+dfsg-5build1 runtime packages,espeakng_kazakh_formant:kk:w225:p50:a100,not_applicable:pretrained-tts-no-local-voice-cloning,local_cpu_espeakng_formant,offline_formant_tts,22050,wav,none,,2026-08-10T00:00:00Z
ksc_derived_kk_v4_espeakng:affbfc3ce72baaf2,raw/ksc_derived_kk_v4_espeakng/slices/espeakng-407/espeakng_kazakh_formant/5f2b0a1203639.wav,959f45096aaabb5b0beeb96b4134b820f4970ca6d71d0f774c71d4a8a039a50b,test,spoof,kk,unknown,ksc_derived_kk_v4_espeakng:profile:espeakng_kazakh_formant:kk:w225:p65:a100,ksc_derived_kk_v4_espeakng,KSC text CC-BY-4.0; eSpeak NG GPL-3.0-or-later,Offline derivative for personal research from KSC transcript ksc_slr102:5f2b0a1203639; eSpeak NG GPL-3.0-or-later; bundled Ubuntu runtime packages retain their declared package licenses; no voice cloning,ksc_derived_kk_v4_espeakng:synthetic-voice:espeakng_kazakh_formant:kk:w225:p65:a100,ksc_slr102:5f2b0a1203639,1a9684dced8669fd9138dea0beec47ad95b565dbb7dd64f9ca515e1b734fa01f,4.34530612244898,formant_rule_based_tts,eSpeak NG Kazakh formant synthesizer,eSpeak NG 1.52.0 source-4870adfa25b1a32b4361592f1be8a40337c58d6c; Ubuntu 1.52.0+dfsg-5build1 runtime packages,espeakng_kazakh_formant:kk:w225:p65:a100,not_applicable:pretrained-tts-no-local-voice-cloning,local_cpu_espeakng_formant,offline_formant_tts,22050,wav,none,,2026-08-10T00:00:00Z
ksc_derived_kk_v4_espeakng:42af53d6dcc2c959,raw/ksc_derived_kk_v4_espeakng/slices/espeakng-407/espeakng_kazakh_formant/5f60e6324eaa3.wav,8a3c6f7d9c65dbccbf2594f19cacfe1af19eaa68e6502a79bce3f95b3a52e97d,test,spoof,kk,unknown,ksc_derived_kk_v4_espeakng:profile:espeakng_kazakh_formant:kk:w150:p35:a100,ksc_derived_kk_v4_espeakng,KSC text CC-BY-4.0; eSpeak NG GPL-3.0-or-later,Offline derivative for personal research from KSC transcript ksc_slr102:5f60e6324eaa3; eSpeak NG GPL-3.0-or-later; bundled Ubuntu runtime packages retain their declared package licenses; no voice cloning,ksc_derived_kk_v4_espeakng:synthetic-voice:espeakng_kazakh_formant:kk:w150:p35:a100,ksc_slr102:5f60e6324eaa3,6552b4f479af9b4eda697acf2ae24f41da8cba88be7bfb2e33d251e21d3641fc,4.816009070294784,formant_rule_based_tts,eSpeak NG Kazakh formant synthesizer,eSpeak NG 1.52.0 source-4870adfa25b1a32b4361592f1be8a40337c58d6c; Ubuntu 1.52.0+dfsg-5build1 runtime packages,espeakng_kazakh_formant:kk:w150:p35:a100,not_applicable:pretrained-tts-no-local-voice-cloning,local_cpu_espeakng_formant,offline_formant_tts,22050,wav,none,,2026-08-10T00:00:00Z
ksc_derived_kk_v4_espeakng:6873e0f4ca281abb,raw/ksc_derived_kk_v4_espeakng/slices/espeakng-407/espeakng_kazakh_formant/5f60c1964dcad.wav,a93a4914de7c1a9bc77994ce3af2855e628e4a770c6cdef5df76487e1781e203,test,spoof,kk,unknown,ksc_derived_kk_v4_espeakng:profile:espeakng_kazakh_formant:kk:w150:p50:a100,ksc_derived_kk_v4_espeakng,KSC text CC-BY-4.0; eSpeak NG GPL-3.0-or-later,Offline derivative for personal research from KSC transcript ksc_slr102:5f60c1964dcad; eSpeak NG GPL-3.0-or-later; bundled Ubuntu runtime packages retain their declared package licenses; no voice cloning,ksc_derived_kk_v4_espeakng:synthetic-voice:espeakng_kazakh_formant:kk:w150:p50:a100,ksc_slr102:5f60c1964dcad,52b52d2b454ac966dcb9958efdf7be465a97a0d092cdb338c2b73210fe34cd2b,3.3759183673469386,formant_rule_based_tts,eSpeak NG Kazakh formant synthesizer,eSpeak NG 1.52.0 source-4870adfa25b1a32b4361592f1be8a40337c58d6c; Ubuntu 1.52.0+dfsg-5build1 runtime packages,espeakng_kazakh_formant:kk:w150:p50:a100,not_applicable:pretrained-tts-no-local-voice-cloning,local_cpu_espeakng_formant,offline_formant_tts,22050,wav,none,,2026-08-10T00:00:00Z
ksc_derived_kk_v4_espeakng:0be74006c8206415,raw/ksc_derived_kk_v4_espeakng/slices/espeakng-407/espeakng_kazakh_formant/5f5687f84e31a.wav,a9cd35868ae54b56c2aac6e8e8e8501f4cf5c16c20e50d1e8515682e808be09c,test,spoof,kk,unknown,ksc_derived_kk_v4_espeakng:profile:espeakng_kazakh_formant:kk:w150:p65:a100,ksc_derived_kk_v4_espeakng,KSC text CC-BY-4.0; eSpeak NG GPL-3.0-or-later,Offline derivative for personal research from KSC transcript ksc_slr102:5f5687f84e31a; eSpeak NG GPL-3.0-or-later; bundled Ubuntu runtime packages retain their declared package licenses; no voice cloning,ksc_derived_kk_v4_espeakng:synthetic-voice:espeakng_kazakh_formant:kk:w150:p65:a100,ksc_slr102:5f5687f84e31a,5c27f79cdaeb32c6f66eaedc81ddd6cd66ab5db772e334745ed7814f969f4fce,5.905532879818594,formant_rule_based_tts,eSpeak NG Kazakh formant synthesizer,eSpeak NG 1.52.0 source-4870adfa25b1a32b4361592f1be8a40337c58d6c; Ubuntu 1.52.0+dfsg-5build1 runtime packages,espeakng_kazakh_formant:kk:w150:p65:a100,not_applicable:pretrained-tts-no-local-voice-cloning,local_cpu_espeakng_formant,offline_formant_tts,22050,wav,none,,2026-08-10T00:00:00Z
ksc_derived_kk_v4_espeakng:c13f2c1617beca72,raw/ksc_derived_kk_v4_espeakng/slices/espeakng-407/espeakng_kazakh_formant/5f5796201734b.wav,56faa299895d34a1205e3b547d99ffc7144299c1e90f3d1772d0a74c2676f59d,test,spoof,kk,unknown,ksc_derived_kk_v4_espeakng:profile:espeakng_kazakh_formant:kk:w175:p35:a100,ksc_derived_kk_v4_espeakng,KSC text CC-BY-4.0; eSpeak NG GPL-3.0-or-later,Offline derivative for personal research from KSC transcript ksc_slr102:5f5796201734b; eSpeak NG GPL-3.0-or-later; bundled Ubuntu runtime packages retain their declared package licenses; no voice cloning,ksc_derived_kk_v4_espeakng:synthetic-voice:espeakng_kazakh_formant:kk:w175:p35:a100,ksc_slr102:5f5796201734b,5cad7095600ac76da951f60a4e4111c4c8aa47345af3cbefdc608d610ceb5440,4.325986394557823,formant_rule_based_tts,eSpeak NG Kazakh formant synthesizer,eSpeak NG 1.52.0 source-4870adfa25b1a32b4361592f1be8a40337c58d6c; Ubuntu 1.52.0+dfsg-5build1 runtime packages,espeakng_kazakh_formant:kk:w175:p35:a100,not_applicable:pretrained-tts-no-local-voice-cloning,local_cpu_espeakng_formant,offline_formant_tts,22050,wav,none,,2026-08-10T00:00:00Z
ksc_derived_kk_v4_espeakng:e9108bd13968c5aa,raw/ksc_derived_kk_v4_espeakng/slices/espeakng-407/espeakng_kazakh_formant/5f61e27721316.wav,5bd2c540eb3c6913e1fdbd13fb502ea89eff420a00ac555e70f0fa8d001f14df,test,spoof,kk,unknown,ksc_derived_kk_v4_espeakng:profile:espeakng_kazakh_formant:kk:w175:p50:a100,ksc_derived_kk_v4_espeakng,KSC text CC-BY-4.0; eSpeak NG GPL-3.0-or-later,Offline derivative for personal research from KSC transcript ksc_slr102:5f61e27721316; eSpeak NG GPL-3.0-or-later; bundled Ubuntu runtime packages retain their declared package licenses; no voice cloning,ksc_derived_kk_v4_espeakng:synthetic-voice:espeakng_kazakh_formant:kk:w175:p50:a100,ksc_slr102:5f61e27721316,014f15352cac941f4c2689197900e0e348203dacbe558fa516768517abbdcb15,9.08562358276644,formant_rule_based_tts,eSpeak NG Kazakh formant synthesizer,eSpeak NG 1.52.0 source-4870adfa25b1a32b4361592f1be8a40337c58d6c; Ubuntu 1.52.0+dfsg-5build1 runtime packages,espeakng_kazakh_formant:kk:w175:p50:a100,not_applicable:pretrained-tts-no-local-voice-cloning,local_cpu_espeakng_formant,offline_formant_tts,22050,wav,none,,2026-08-10T00:00:00Z
ksc_derived_kk_v4_espeakng:c7f65fa5c41c8743,raw/ksc_derived_kk_v4_espeakng/slices/espeakng-407/espeakng_kazakh_formant/5f619842ed5d7.wav,a9f4213229b1ae73dab8d45e35fb3eadfe3d031f27c0489f1c315653d4944e72,test,spoof,kk,unknown,ksc_derived_kk_v4_espeakng:profile:espeakng_kazakh_formant:kk:w175:p65:a100,ksc_derived_kk_v4_espeakng,KSC text CC-BY-4.0; eSpeak NG GPL-3.0-or-later,Offline derivative for personal research from KSC transcript ksc_slr102:5f619842ed5d7; eSpeak NG GPL-3.0-or-later; bundled Ubuntu runtime packages retain their declared package licenses; no voice cloning,ksc_derived_kk_v4_espeakng:synthetic-voice:espeakng_kazakh_formant:kk:w175:p65:a100,ksc_slr102:5f619842ed5d7,13cae05bb48ee5567c04abc8e3ca0be912acf088dd1f6138c95c86feaafc5c4c,4.5784126984126985,formant_rule_based_tts,eSpeak NG Kazakh formant synthesizer,eSpeak NG 1.52.0 source-4870adfa25b1a32b4361592f1be8a40337c58d6c; Ubuntu 1.52.0+dfsg-5build1 runtime packages,espeakng_kazakh_formant:kk:w175:p65:a100,not_applicable:pretrained-tts-no-local-voice-cloning,local_cpu_espeakng_formant,offline_formant_tts,22050,wav,none,,2026-08-10T00:00:00Z
ksc_derived_kk_v4_espeakng:e06b58cfc9b6a71b,raw/ksc_derived_kk_v4_espeakng/slices/espeakng-407/espeakng_kazakh_formant/5f60c2141b55d.wav,83fa1b2802fd734866e587d3f17d715117681320b61d84e6f6903a5e0e33af64,test,spoof,kk,unknown,ksc_derived_kk_v4_espeakng:profile:espeakng_kazakh_formant:kk:w200:p35:a100,ksc_derived_kk_v4_espeakng,KSC text CC-BY-4.0; eSpeak NG GPL-3.0-or-later,Offline derivative for personal research from KSC transcript ksc_slr102:5f60c2141b55d; eSpeak NG GPL-3.0-or-later; bundled Ubuntu runtime packages retain their declared package licenses; no voice cloning,ksc_derived_kk_v4_espeakng:synthetic-voice:espeakng_kazakh_formant:kk:w200:p35:a100,ksc_slr102:5f60c2141b55d,d7de41c5325556bead7eb65ed5970e377259feb92a78541ee8ad7d5d2797977f,4.627256235827664,formant_rule_based_tts,eSpeak NG Kazakh formant synthesizer,eSpeak NG 1.52.0 source-4870adfa25b1a32b4361592f1be8a40337c58d6c; Ubuntu 1.52.0+dfsg-5build1 runtime packages,espeakng_kazakh_formant:kk:w200:p35:a100,not_applicable:pretrained-tts-no-local-voice-cloning,local_cpu_espeakng_formant,offline_formant_tts,22050,wav,none,,2026-08-10T00:00:00Z
ksc_derived_kk_v4_espeakng:6a491c7e921e2208,raw/ksc_derived_kk_v4_espeakng/slices/espeakng-407/espeakng_kazakh_formant/5f568688d9fc4.wav,2829fe201f1d7875f93a36a8640547f10a8b4bf353e4c248f493345919e0bf95,test,spoof,kk,unknown,ksc_derived_kk_v4_espeakng:profile:espeakng_kazakh_formant:kk:w200:p50:a100,ksc_derived_kk_v4_espeakng,KSC text CC-BY-4.0; eSpeak NG GPL-3.0-or-later,Offline derivative for personal research from KSC transcript ksc_slr102:5f568688d9fc4; eSpeak NG GPL-3.0-or-later; bundled Ubuntu runtime packages retain their declared package licenses; no voice cloning,ksc_derived_kk_v4_espeakng:synthetic-voice:espeakng_kazakh_formant:kk:w200:p50:a100,ksc_slr102:5f568688d9fc4,2d9a32802c97a21632688fee2b090804aed68f6792aee804ae1b4701eb32e7c1,3.145578231292517,formant_rule_based_tts,eSpeak NG Kazakh formant synthesizer,eSpeak NG 1.52.0 source-4870adfa25b1a32b4361592f1be8a40337c58d6c; Ubuntu 1.52.0+dfsg-5build1 runtime packages,espeakng_kazakh_formant:kk:w200:p50:a100,not_applicable:pretrained-tts-no-local-voice-cloning,local_cpu_espeakng_formant,offline_formant_tts,22050,wav,none,,2026-08-10T00:00:00Z
ksc_derived_kk_v4_espeakng:a76028daa4e1551a,raw/ksc_derived_kk_v4_espeakng/slices/espeakng-407/espeakng_kazakh_formant/5f5a55bea58ee.wav,3b9adb97f77cdd18a6fa319ae9e7bac6e24de79a34928558573f9a82f1d8358f,test,spoof,kk,unknown,ksc_derived_kk_v4_espeakng:profile:espeakng_kazakh_formant:kk:w200:p65:a100,ksc_derived_kk_v4_espeakng,KSC text CC-BY-4.0; eSpeak NG GPL-3.0-or-later,Offline derivative for personal research from KSC transcript ksc_slr102:5f5a55bea58ee; eSpeak NG GPL-3.0-or-later; bundled Ubuntu runtime packages retain their declared package licenses; no voice cloning,ksc_derived_kk_v4_espeakng:synthetic-voice:espeakng_kazakh_formant:kk:w200:p65:a100,ksc_slr102:5f5a55bea58ee,ee44a0e073f4b557c3d4563a11a97857b7e88487e6832d5dfa4daefefe7a3e94,2.749206349206349,formant_rule_based_tts,eSpeak NG Kazakh formant synthesizer,eSpeak NG 1.52.0 source-4870adfa25b1a32b4361592f1be8a40337c58d6c; Ubuntu 1.52.0+dfsg-5build1 runtime packages,espeakng_kazakh_formant:kk:w200:p65:a100,not_applicable:pretrained-tts-no-local-voice-cloning,local_cpu_espeakng_formant,offline_formant_tts,22050,wav,none,,2026-08-10T00:00:00Z
ksc_derived_kk_v4_espeakng:ff8a819cc73faef0,raw/ksc_derived_kk_v4_espeakng/slices/espeakng-407/espeakng_kazakh_formant/5f60de30e6641.wav,3386c5410aea08c7ee2858660f75e2403988df597af165ddbad7cba7aad3153c,test,spoof,kk,unknown,ksc_derived_kk_v4_espeakng:profile:espeakng_kazakh_formant:kk:w225:p35:a100,ksc_derived_kk_v4_espeakng,KSC text CC-BY-4.0; eSpeak NG GPL-3.0-or-later,Offline derivative for personal research from KSC transcript ksc_slr102:5f60de30e6641; eSpeak NG GPL-3.0-or-later; bundled Ubuntu runtime packages retain their declared package licenses; no voice cloning,ksc_derived_kk_v4_espeakng:synthetic-voice:espeakng_kazakh_formant:kk:w225:p35:a100,ksc_slr102:5f60de30e6641,e6bbca7eeb3298ab6058434221ec79ed19506779ed287028b80d6a1bdce85d2f,3.4296145124716553,formant_rule_based_tts,eSpeak NG Kazakh formant synthesizer,eSpeak NG 1.52.0 source-4870adfa25b1a32b4361592f1be8a40337c58d6c; Ubuntu 1.52.0+dfsg-5build1 runtime packages,espeakng_kazakh_formant:kk:w225:p35:a100,not_applicable:pretrained-tts-no-local-voice-cloning,local_cpu_espeakng_formant,offline_formant_tts,22050,wav,none,,2026-08-10T00:00:00Z
ksc_derived_kk_v4_espeakng:96e6923a9a3490c3,raw/ksc_derived_kk_v4_espeakng/slices/espeakng-407/espeakng_kazakh_formant/5f60bf9850818.wav,b41a2ae5c7cd185c3152cd475787d20f0b9402ce2401b3b0526af51e1ef59cf3,test,spoof,kk,unknown,ksc_derived_kk_v4_espeakng:profile:espeakng_kazakh_formant:kk:w225:p50:a100,ksc_derived_kk_v4_espeakng,KSC text CC-BY-4.0; eSpeak NG GPL-3.0-or-later,Offline derivative for personal research from KSC transcript ksc_slr102:5f60bf9850818; eSpeak NG GPL-3.0-or-later; bundled Ubuntu runtime packages retain their declared package licenses; no voice cloning,ksc_derived_kk_v4_espeakng:synthetic-voice:espeakng_kazakh_formant:kk:w225:p50:a100,ksc_slr102:5f60bf9850818,6b932fff4b962322e4f078be204124f8a2cf20009dc6a40b70d99e7e0cf045cd,2.835419501133787,formant_rule_based_tts,eSpeak NG Kazakh formant synthesizer,eSpeak NG 1.52.0 source-4870adfa25b1a32b4361592f1be8a40337c58d6c; Ubuntu 1.52.0+dfsg-5build1 runtime packages,espeakng_kazakh_formant:kk:w225:p50:a100,not_applicable:pretrained-tts-no-local-voice-cloning,local_cpu_espeakng_formant,offline_formant_tts,22050,wav,none,,2026-08-10T00:00:00Z
ksc_derived_kk_v4_espeakng:c4a1837813950050,raw/ksc_derived_kk_v4_espeakng/slices/espeakng-407/espeakng_kazakh_formant/5f5f3fc2e0527.wav,fff1b4372770acf81469e3ce62ff75b55394ea5ed3d515dba72202124fc7ea95,test,spoof,kk,unknown,ksc_derived_kk_v4_espeakng:profile:espeakng_kazakh_formant:kk:w225:p65:a100,ksc_derived_kk_v4_espeakng,KSC text CC-BY-4.0; eSpeak NG GPL-3.0-or-later,Offline derivative for personal research from KSC transcript ksc_slr102:5f5f3fc2e0527; eSpeak NG GPL-3.0-or-later; bundled Ubuntu runtime packages retain their declared package licenses; no voice cloning,ksc_derived_kk_v4_espeakng:synthetic-voice:espeakng_kazakh_formant:kk:w225:p65:a100,ksc_slr102:5f5f3fc2e0527,f40c0a2d502449234a00ef8c7796dd99946f95c0c7f129c026781bc04107b754,5.037868480725623,formant_rule_based_tts,eSpeak NG Kazakh formant synthesizer,eSpeak NG 1.52.0 source-4870adfa25b1a32b4361592f1be8a40337c58d6c; Ubuntu 1.52.0+dfsg-5build1 runtime packages,espeakng_kazakh_formant:kk:w225:p65:a100,not_applicable:pretrained-tts-no-local-voice-cloning,local_cpu_espeakng_formant,offline_formant_tts,22050,wav,none,,2026-08-10T00:00:00Z
ksc_derived_kk_v4_espeakng:3e82370e12b23a91,raw/ksc_derived_kk_v4_espeakng/slices/espeakng-407/espeakng_kazakh_formant/5f61e378226ab.wav,aae93e169cee4c93f3867372e7ed191d14b39c6a1651be3179d521c09af9072a,test,spoof,kk,unknown,ksc_derived_kk_v4_espeakng:profile:espeakng_kazakh_formant:kk:w150:p35:a100,ksc_derived_kk_v4_espeakng,KSC text CC-BY-4.0; eSpeak NG GPL-3.0-or-later,Offline derivative for personal research from KSC transcript ksc_slr102:5f61e378226ab; eSpeak NG GPL-3.0-or-later; bundled Ubuntu runtime packages retain their declared package licenses; no voice cloning,ksc_derived_kk_v4_espeakng:synthetic-voice:espeakng_kazakh_formant:kk:w150:p35:a100,ksc_slr102:5f61e378226ab,5b475533deb8d9e9c9174dff62545379bad7382e9e8803cc3ce1f6c9fd65a4de,7.40952380952381,formant_rule_based_tts,eSpeak NG Kazakh formant synthesizer,eSpeak NG 1.52.0 source-4870adfa25b1a32b4361592f1be8a40337c58d6c; Ubuntu 1.52.0+dfsg-5build1 runtime packages,espeakng_kazakh_formant:kk:w150:p35:a100,not_applicable:pretrained-tts-no-local-voice-cloning,local_cpu_espeakng_formant,offline_formant_tts,22050,wav,none,,2026-08-10T00:00:00Z
ksc_derived_kk_v4_espeakng:4487608075c23a8a,raw/ksc_derived_kk_v4_espeakng/slices/espeakng-407/espeakng_kazakh_formant/5f5a362bb4ace.wav,8c43c1c3ac690bdcc799b88e7d8b0e47923fe748629f83d3d844e0900d74b01f,test,spoof,kk,unknown,ksc_derived_kk_v4_espeakng:profile:espeakng_kazakh_formant:kk:w150:p50:a100,ksc_derived_kk_v4_espeakng,KSC text CC-BY-4.0; eSpeak NG GPL-3.0-or-later,Offline derivative for personal research from KSC transcript ksc_slr102:5f5a362bb4ace; eSpeak NG GPL-3.0-or-later; bundled Ubuntu runtime packages retain their declared package licenses; no voice cloning,ksc_derived_kk_v4_espeakng:synthetic-voice:espeakng_kazakh_formant:kk:w150:p50:a100,ksc_slr102:5f5a362bb4ace,bffb813a6f1dda8d6c13067ffef3306952a8b090ea1633e226e1c6bdc98afb3b,5.825532879818594,formant_rule_based_tts,eSpeak NG Kazakh formant synthesizer,eSpeak NG 1.52.0 source-4870adfa25b1a32b4361592f1be8a40337c58d6c; Ubuntu 1.52.0+dfsg-5build1 runtime packages,espeakng_kazakh_formant:kk:w150:p50:a100,not_applicable:pretrained-tts-no-local-voice-cloning,local_cpu_espeakng_formant,offline_formant_tts,22050,wav,none,,2026-08-10T00:00:00Z
ksc_derived_kk_v4_espeakng:504c82e14d8a8af5,raw/ksc_derived_kk_v4_espeakng/slices/espeakng-407/espeakng_kazakh_formant/5f58819a25418.wav,a07077f66916ba96ca494af2d0b1759347bbcb1a5367a196aad421cc185b54d4,test,spoof,kk,unknown,ksc_derived_kk_v4_espeakng:profile:espeakng_kazakh_formant:kk:w150:p65:a100,ksc_derived_kk_v4_espeakng,KSC text CC-BY-4.0; eSpeak NG GPL-3.0-or-later,Offline derivative for personal research from KSC transcript ksc_slr102:5f58819a25418; eSpeak NG GPL-3.0-or-later; bundled Ubuntu runtime packages retain their declared package licenses; no voice cloning,ksc_derived_kk_v4_espeakng:synthetic-voice:espeakng_kazakh_formant:kk:w150:p65:a100,ksc_slr102:5f58819a25418,8cdc46488392775d2b9a236f1cb7946b51284f94b1ccaa55b0391bdd7079e0d5,6.577732426303855,formant_rule_based_tts,eSpeak NG Kazakh formant synthesizer,eSpeak NG 1.52.0 source-4870adfa25b1a32b4361592f1be8a40337c58d6c; Ubuntu 1.52.0+dfsg-5build1 runtime packages,espeakng_kazakh_formant:kk:w150:p65:a100,not_applicable:pretrained-tts-no-local-voice-cloning,local_cpu_espeakng_formant,offline_formant_tts,22050,wav,none,,2026-08-10T00:00:00Z
ksc_derived_kk_v4_espeakng:dd87299d2471976c,raw/ksc_derived_kk_v4_espeakng/slices/espeakng-407/espeakng_kazakh_formant/5f605853df5ee.wav,8ec528c7bba98692dd99b277f3e0c3ba8555b7ca27e8f1f7756f94012703dbe2,test,spoof,kk,unknown,ksc_derived_kk_v4_espeakng:profile:espeakng_kazakh_formant:kk:w175:p35:a100,ksc_derived_kk_v4_espeakng,KSC text CC-BY-4.0; eSpeak NG GPL-3.0-or-later,Offline derivative for personal research from KSC transcript ksc_slr102:5f605853df5ee; eSpeak NG GPL-3.0-or-later; bundled Ubuntu runtime packages retain their declared package licenses; no voice cloning,ksc_derived_kk_v4_espeakng:synthetic-voice:espeakng_kazakh_formant:kk:w175:p35:a100,ksc_slr102:5f605853df5ee,189ba7662cd978770da7e5cb41874983d75d032853fd14602ddd9bba63e77c5d,5.8487528344671205,formant_rule_based_tts,eSpeak NG Kazakh formant synthesizer,eSpeak NG 1.52.0 source-4870adfa25b1a32b4361592f1be8a40337c58d6c; Ubuntu 1.52.0+dfsg-5build1 runtime packages,espeakng_kazakh_formant:kk:w175:p35:a100,not_applicable:pretrained-tts-no-local-voice-cloning,local_cpu_espeakng_formant,offline_formant_tts,22050,wav,none,,2026-08-10T00:00:00Z
ksc_derived_kk_v4_espeakng:f39cf029594d85c9,raw/ksc_derived_kk_v4_espeakng/slices/espeakng-407/espeakng_kazakh_formant/5f58c7cba7f3b.wav,0715bee5bca0a5b042479f4e6aab39bc82343f24535c204cee5dfacdb15dacc0,test,spoof,kk,unknown,ksc_derived_kk_v4_espeakng:profile:espeakng_kazakh_formant:kk:w175:p50:a100,ksc_derived_kk_v4_espeakng,KSC text CC-BY-4.0; eSpeak NG GPL-3.0-or-later,Offline derivative for personal research from KSC transcript ksc_slr102:5f58c7cba7f3b; eSpeak NG GPL-3.0-or-later; bundled Ubuntu runtime packages retain their declared package licenses; no voice cloning,ksc_derived_kk_v4_espeakng:synthetic-voice:espeakng_kazakh_formant:kk:w175:p50:a100,ksc_slr102:5f58c7cba7f3b,11124c383264be7065df9850d8978555274f6875fc44dd3a2a6a007eded8bfce,3.1407256235827665,formant_rule_based_tts,eSpeak NG Kazakh formant synthesizer,eSpeak NG 1.52.0 source-4870adfa25b1a32b4361592f1be8a40337c58d6c; Ubuntu 1.52.0+dfsg-5build1 runtime packages,espeakng_kazakh_formant:kk:w175:p50:a100,not_applicable:pretrained-tts-no-local-voice-cloning,local_cpu_espeakng_formant,offline_formant_tts,22050,wav,none,,2026-08-10T00:00:00Z
ksc_derived_kk_v4_espeakng:2da326d6fd8641d3,raw/ksc_derived_kk_v4_espeakng/slices/espeakng-407/espeakng_kazakh_formant/5f5efc6fbb75e.wav,7bd3e34c6ef99430fcde7e57a7295acffdbce8518b5499cce463235ff5abde17,test,spoof,kk,unknown,ksc_derived_kk_v4_espeakng:profile:espeakng_kazakh_formant:kk:w175:p65:a100,ksc_derived_kk_v4_espeakng,KSC text CC-BY-4.0; eSpeak NG GPL-3.0-or-later,Offline derivative for personal research from KSC transcript ksc_slr102:5f5efc6fbb75e; eSpeak NG GPL-3.0-or-later; bundled Ubuntu runtime packages retain their declared package licenses; no voice cloning,ksc_derived_kk_v4_espeakng:synthetic-voice:espeakng_kazakh_formant:kk:w175:p65:a100,ksc_slr102:5f5efc6fbb75e,bc4559186fe3763e31342f1d485af648b8516c4bec6ff7b766e51e6b06f5390b,7.284943310657597,formant_rule_based_tts,eSpeak NG Kazakh formant synthesizer,eSpeak NG 1.52.0 source-4870adfa25b1a32b4361592f1be8a40337c58d6c; Ubuntu 1.52.0+dfsg-5build1 runtime packages,espeakng_kazakh_formant:kk:w175:p65:a100,not_applicable:pretrained-tts-no-local-voice-cloning,local_cpu_espeakng_formant,offline_formant_tts,22050,wav,none,,2026-08-10T00:00:00Z
ksc_derived_kk_v4_espeakng:cd22e4bed8f8ec57,raw/ksc_derived_kk_v4_espeakng/slices/espeakng-407/espeakng_kazakh_formant/5f5a3867a567b.wav,15c7da73e2d2259a3e7ead345ba2f0b7a5261ff4184c3545ebff4bf565a1b046,test,spoof,kk,unknown,ksc_derived_kk_v4_espeakng:profile:espeakng_kazakh_formant:kk:w200:p35:a100,ksc_derived_kk_v4_espeakng,KSC text CC-BY-4.0; eSpeak NG GPL-3.0-or-later,Offline derivative for personal research from KSC transcript ksc_slr102:5f5a3867a567b; eSpeak NG GPL-3.0-or-later; bundled Ubuntu runtime packages retain their declared package licenses; no voice cloning,ksc_derived_kk_v4_espeakng:synthetic-voice:espeakng_kazakh_formant:kk:w200:p35:a100,ksc_slr102:5f5a3867a567b,de8f703a676a07e140e515414fd70aa6a0a70bd046b7c117aaa4503cb1801dd8,9.427709750566894,formant_rule_based_tts,eSpeak NG Kazakh formant synthesizer,eSpeak NG 1.52.0 source-4870adfa25b1a32b4361592f1be8a40337c58d6c; Ubuntu 1.52.0+dfsg-5build1 runtime packages,espeakng_kazakh_formant:kk:w200:p35:a100,not_applicable:pretrained-tts-no-local-voice-cloning,local_cpu_espeakng_formant,offline_formant_tts,22050,wav,none,,2026-08-10T00:00:00Z
ksc_derived_kk_v4_espeakng:fa3c50597317ea92,raw/ksc_derived_kk_v4_espeakng/slices/espeakng-407/espeakng_kazakh_formant/5f5af78fbefa3.wav,9f53aa0802a7181df7b65cd74b6ab46087703ebb8d82e1b0b1a08f3955aff2cb,test,spoof,kk,unknown,ksc_derived_kk_v4_espeakng:profile:espeakng_kazakh_formant:kk:w200:p50:a100,ksc_derived_kk_v4_espeakng,KSC text CC-BY-4.0; eSpeak NG GPL-3.0-or-later,Offline derivative for personal research from KSC transcript ksc_slr102:5f5af78fbefa3; eSpeak NG GPL-3.0-or-later; bundled Ubuntu runtime packages retain their declared package licenses; no voice cloning,ksc_derived_kk_v4_espeakng:synthetic-voice:espeakng_kazakh_formant:kk:w200:p50:a100,ksc_slr102:5f5af78fbefa3,6f013a279c28faa5e9a8274d2b847c27eab718133fe2fe011723e6f2adb4be07,8.11591836734694,formant_rule_based_tts,eSpeak NG Kazakh formant synthesizer,eSpeak NG 1.52.0 source-4870adfa25b1a32b4361592f1be8a40337c58d6c; Ubuntu 1.52.0+dfsg-5build1 runtime packages,espeakng_kazakh_formant:kk:w200:p50:a100,not_applicable:pretrained-tts-no-local-voice-cloning,local_cpu_espeakng_formant,offline_formant_tts,22050,wav,none,,2026-08-10T00:00:00Z
ksc_derived_kk_v4_espeakng:fd437e9494ebbf02,raw/ksc_derived_kk_v4_espeakng/slices/espeakng-407/espeakng_kazakh_formant/5f61e6ea7b888.wav,0d3095f4c54197efbc96c4eaa22abbd609547bc71c175fe0d63b7d353fd0d27f,test,spoof,kk,unknown,ksc_derived_kk_v4_espeakng:profile:espeakng_kazakh_formant:kk:w200:p65:a100,ksc_derived_kk_v4_espeakng,KSC text CC-BY-4.0; eSpeak NG GPL-3.0-or-later,Offline derivative for personal research from KSC transcript ksc_slr102:5f61e6ea7b888; eSpeak NG GPL-3.0-or-later; bundled Ubuntu runtime packages retain their declared package licenses; no voice cloning,ksc_derived_kk_v4_espeakng:synthetic-voice:espeakng_kazakh_formant:kk:w200:p65:a100,ksc_slr102:5f61e6ea7b888,08796f9ea75c5c4aa5932402a1e4939ffe2746a7e152c945bce97826388505b7,2.3590022675736964,formant_rule_based_tts,eSpeak NG Kazakh formant synthesizer,eSpeak NG 1.52.0 source-4870adfa25b1a32b4361592f1be8a40337c58d6c; Ubuntu 1.52.0+dfsg-5build1 runtime packages,espeakng_kazakh_formant:kk:w200:p65:a100,not_applicable:pretrained-tts-no-local-voice-cloning,local_cpu_espeakng_formant,offline_formant_tts,22050,wav,none,,2026-08-10T00:00:00Z
ksc_derived_kk_v4_espeakng:05677bb4a9e429f6,raw/ksc_derived_kk_v4_espeakng/slices/espeakng-407/espeakng_kazakh_formant/5f5c4d5932aa7.wav,79254c4310758482ef665e88ead46ba54b8b72a4493f35ddc88db7e78c1ab694,test,spoof,kk,unknown,ksc_derived_kk_v4_espeakng:profile:espeakng_kazakh_formant:kk:w225:p35:a100,ksc_derived_kk_v4_espeakng,KSC text CC-BY-4.0; eSpeak NG GPL-3.0-or-later,Offline derivative for personal research from KSC transcript ksc_slr102:5f5c4d5932aa7; eSpeak NG GPL-3.0-or-later; bundled Ubuntu runtime packages retain their declared package licenses; no voice cloning,ksc_derived_kk_v4_espeakng:synthetic-voice:espeakng_kazakh_formant:kk:w225:p35:a100,ksc_slr102:5f5c4d5932aa7,d096207c34b7e9179b3633e96651bce2b48592eb3d4feaf02edfea854c3a6120,3.8973696145124714,formant_rule_based_tts,eSpeak NG Kazakh formant synthesizer,eSpeak NG 1.52.0 source-4870adfa25b1a32b4361592f1be8a40337c58d6c; Ubuntu 1.52.0+dfsg-5build1 runtime packages,espeakng_kazakh_formant:kk:w225:p35:a100,not_applicable:pretrained-tts-no-local-voice-cloning,local_cpu_espeakng_formant,offline_formant_tts,22050,wav,none,,2026-08-10T00:00:00Z
ksc_derived_kk_v4_espeakng:234eb60e189aafb6,raw/ksc_derived_kk_v4_espeakng/slices/espeakng-407/espeakng_kazakh_formant/5f61dfe925326.wav,9339e52db415c9715f5b621af62f3d9749b5f3e91db11b36eb6da86228e8236c,test,spoof,kk,unknown,ksc_derived_kk_v4_espeakng:profile:espeakng_kazakh_formant:kk:w225:p50:a100,ksc_derived_kk_v4_espeakng,KSC text CC-BY-4.0; eSpeak NG GPL-3.0-or-later,Offline derivative for personal research from KSC transcript ksc_slr102:5f61dfe925326; eSpeak NG GPL-3.0-or-later; bundled Ubuntu runtime packages retain their declared package licenses; no voice cloning,ksc_derived_kk_v4_espeakng:synthetic-voice:espeakng_kazakh_formant:kk:w225:p50:a100,ksc_slr102:5f61dfe925326,93fc874098c50cbc7415d228cea63256818d8d7eb5805242078dff9a8159a923,4.003809523809524,formant_rule_based_tts,eSpeak NG Kazakh formant synthesizer,eSpeak NG 1.52.0 source-4870adfa25b1a32b4361592f1be8a40337c58d6c; Ubuntu 1.52.0+dfsg-5build1 runtime packages,espeakng_kazakh_formant:kk:w225:p50:a100,not_applicable:pretrained-tts-no-local-voice-cloning,local_cpu_espeakng_formant,offline_formant_tts,22050,wav,none,,2026-08-10T00:00:00Z
ksc_derived_kk_v4_espeakng:262c1ebceeba3575,raw/ksc_derived_kk_v4_espeakng/slices/espeakng-407/espeakng_kazakh_formant/5f60984899b78.wav,7238e07ee778567c23b25333781d3d02308e71b72996cec0311e92657eae4fcc,test,spoof,kk,unknown,ksc_derived_kk_v4_espeakng:profile:espeakng_kazakh_formant:kk:w225:p65:a100,ksc_derived_kk_v4_espeakng,KSC text CC-BY-4.0; eSpeak NG GPL-3.0-or-later,Offline derivative for personal research from KSC transcript ksc_slr102:5f60984899b78; eSpeak NG GPL-3.0-or-later; bundled Ubuntu runtime packages retain their declared package licenses; no voice cloning,ksc_derived_kk_v4_espeakng:synthetic-voice:espeakng_kazakh_formant:kk:w225:p65:a100,ksc_slr102:5f60984899b78,44cb90173c6dd474290a289007615722baad8a585c20c5019e1847fc0becd955,2.5203628117913834,formant_rule_based_tts,eSpeak NG Kazakh formant synthesizer,eSpeak NG 1.52.0 source-4870adfa25b1a32b4361592f1be8a40337c58d6c; Ubuntu 1.52.0+dfsg-5build1 runtime packages,espeakng_kazakh_formant:kk:w225:p65:a100,not_applicable:pretrained-tts-no-local-voice-cloning,local_cpu_espeakng_formant,offline_formant_tts,22050,wav,none,,2026-08-10T00:00:00Z
ksc_derived_kk_v4_espeakng:fd40ddce89695d49,raw/ksc_derived_kk_v4_espeakng/slices/espeakng-407/espeakng_kazakh_formant/5f60c46cb481e.wav,c32d344753869ca79b3ba7401bc6734e7dc2a042384e9ff3790cf2fd740c6913,test,spoof,kk,unknown,ksc_derived_kk_v4_espeakng:profile:espeakng_kazakh_formant:kk:w150:p35:a100,ksc_derived_kk_v4_espeakng,KSC text CC-BY-4.0; eSpeak NG GPL-3.0-or-later,Offline derivative for personal research from KSC transcript ksc_slr102:5f60c46cb481e; eSpeak NG GPL-3.0-or-later; bundled Ubuntu runtime packages retain their declared package licenses; no voice cloning,ksc_derived_kk_v4_espeakng:synthetic-voice:espeakng_kazakh_formant:kk:w150:p35:a100,ksc_slr102:5f60c46cb481e,6b931cb989b05baa3e283bda662549ec4e95881158b5a8a53a1a37bc58e4eaf4,6.132154195011338,formant_rule_based_tts,eSpeak NG Kazakh formant synthesizer,eSpeak NG 1.52.0 source-4870adfa25b1a32b4361592f1be8a40337c58d6c; Ubuntu 1.52.0+dfsg-5build1 runtime packages,espeakng_kazakh_formant:kk:w150:p35:a100,not_applicable:pretrained-tts-no-local-voice-cloning,local_cpu_espeakng_formant,offline_formant_tts,22050,wav,none,,2026-08-10T00:00:00Z
ksc_derived_kk_v4_espeakng:e987d60c39682a74,raw/ksc_derived_kk_v4_espeakng/slices/espeakng-407/espeakng_kazakh_formant/5f5791b33d6d4.wav,9934b3a653cfcc095d7f774f104f03ee9e44174586744da5247dcd869b2ac82f,test,spoof,kk,unknown,ksc_derived_kk_v4_espeakng:profile:espeakng_kazakh_formant:kk:w150:p50:a100,ksc_derived_kk_v4_espeakng,KSC text CC-BY-4.0; eSpeak NG GPL-3.0-or-later,Offline derivative for personal research from KSC transcript ksc_slr102:5f5791b33d6d4; eSpeak NG GPL-3.0-or-later; bundled Ubuntu runtime packages retain their declared package licenses; no voice cloning,ksc_derived_kk_v4_espeakng:synthetic-voice:espeakng_kazakh_formant:kk:w150:p50:a100,ksc_slr102:5f5791b33d6d4,c4792921d80e5896479a0c6f80913e0b4a195e34790e402a5b8cba10cd47329a,6.383356009070295,formant_rule_based_tts,eSpeak NG Kazakh formant synthesizer,eSpeak NG 1.52.0 source-4870adfa25b1a32b4361592f1be8a40337c58d6c; Ubuntu 1.52.0+dfsg-5build1 runtime packages,espeakng_kazakh_formant:kk:w150:p50:a100,not_applicable:pretrained-tts-no-local-voice-cloning,local_cpu_espeakng_formant,offline_formant_tts,22050,wav,none,,2026-08-10T00:00:00Z
ksc_derived_kk_v4_espeakng:3de33e351d812239,raw/ksc_derived_kk_v4_espeakng/slices/espeakng-407/espeakng_kazakh_formant/5f568823f05e3.wav,38ca235da535e1ba41983430a9efabcb7d20cf9e3b50f66f6d48135a4bc86588,test,spoof,kk,unknown,ksc_derived_kk_v4_espeakng:profile:espeakng_kazakh_formant:kk:w150:p65:a100,ksc_derived_kk_v4_espeakng,KSC text CC-BY-4.0; eSpeak NG GPL-3.0-or-later,Offline derivative for personal research from KSC transcript ksc_slr102:5f568823f05e3; eSpeak NG GPL-3.0-or-later; bundled Ubuntu runtime packages retain their declared package licenses; no voice cloning,ksc_derived_kk_v4_espeakng:synthetic-voice:espeakng_kazakh_formant:kk:w150:p65:a100,ksc_slr102:5f568823f05e3,69657a3595a94b42e76bd63229dd8541366981661e7f651baa90abdfddaa8d0a,3.1094331065759637,formant_rule_based_tts,eSpeak NG Kazakh formant synthesizer,eSpeak NG 1.52.0 source-4870adfa25b1a32b4361592f1be8a40337c58d6c; Ubuntu 1.52.0+dfsg-5build1 runtime packages,espeakng_kazakh_formant:kk:w150:p65:a100,not_applicable:pretrained-tts-no-local-voice-cloning,local_cpu_espeakng_formant,offline_formant_tts,22050,wav,none,,2026-08-10T00:00:00Z
ksc_derived_kk_v4_espeakng:4f715480d6cd6b12,raw/ksc_derived_kk_v4_espeakng/slices/espeakng-407/espeakng_kazakh_formant/5f5f3f57801de.wav,45adbe59a057c2ab4562ec59d643ca991d7e05dbf778a7e0c29e9e10261deecc,test,spoof,kk,unknown,ksc_derived_kk_v4_espeakng:profile:espeakng_kazakh_formant:kk:w175:p35:a100,ksc_derived_kk_v4_espeakng,KSC text CC-BY-4.0; eSpeak NG GPL-3.0-or-later,Offline derivative for personal research from KSC transcript ksc_slr102:5f5f3f57801de; eSpeak NG GPL-3.0-or-later; bundled Ubuntu runtime packages retain their declared package licenses; no voice cloning,ksc_derived_kk_v4_espeakng:synthetic-voice:espeakng_kazakh_formant:kk:w175:p35:a100,ksc_slr102:5f5f3f57801de,931cda025196c1f0ad93c13a5f34c2e549abb51b2efb350f9ca288049fdf5a2d,11.788208616780045,formant_rule_based_tts,eSpeak NG Kazakh formant synthesizer,eSpeak NG 1.52.0 source-4870adfa25b1a32b4361592f1be8a40337c58d6c; Ubuntu 1.52.0+dfsg-5build1 runtime packages,espeakng_kazakh_formant:kk:w175:p35:a100,not_applicable:pretrained-tts-no-local-voice-cloning,local_cpu_espeakng_formant,offline_formant_tts,22050,wav,none,,2026-08-10T00:00:00Z
ksc_derived_kk_v4_espeakng:573ca89cb6fc93d3,raw/ksc_derived_kk_v4_espeakng/slices/espeakng-407/espeakng_kazakh_formant/5f61dfbc790eb.wav,499a51b086271d7ad0e3177826e020a2d0515ad38cb8f3c65684b2c40f83ff57,test,spoof,kk,unknown,ksc_derived_kk_v4_espeakng:profile:espeakng_kazakh_formant:kk:w175:p50:a100,ksc_derived_kk_v4_espeakng,KSC text CC-BY-4.0; eSpeak NG GPL-3.0-or-later,Offline derivative for personal research from KSC transcript ksc_slr102:5f61dfbc790eb; eSpeak NG GPL-3.0-or-later; bundled Ubuntu runtime packages retain their declared package licenses; no voice cloning,ksc_derived_kk_v4_espeakng:synthetic-voice:espeakng_kazakh_formant:kk:w175:p50:a100,ksc_slr102:5f61dfbc790eb,cb28d1c770e55ac44ef2fa5fe34f5283d2010853e8123378edeca6fc718fcde0,8.736598639455782,formant_rule_based_tts,eSpeak NG Kazakh formant synthesizer,eSpeak NG 1.52.0 source-4870adfa25b1a32b4361592f1be8a40337c58d6c; Ubuntu 1.52.0+dfsg-5build1 runtime packages,espeakng_kazakh_formant:kk:w175:p50:a100,not_applicable:pretrained-tts-no-local-voice-cloning,local_cpu_espeakng_formant,offline_formant_tts,22050,wav,none,,2026-08-10T00:00:00Z
ksc_derived_kk_v4_espeakng:6d4b310e1b2bd72a,raw/ksc_derived_kk_v4_espeakng/slices/espeakng-407/espeakng_kazakh_formant/5f59b75db8fca.wav,a9de5698f3ecf50b1aef51e01c6726498a6460ac0cfc732c95a6364ce0974509,test,spoof,kk,unknown,ksc_derived_kk_v4_espeakng:profile:espeakng_kazakh_formant:kk:w175:p65:a100,ksc_derived_kk_v4_espeakng,KSC text CC-BY-4.0; eSpeak NG GPL-3.0-or-later,Offline derivative for personal research from KSC transcript ksc_slr102:5f59b75db8fca; eSpeak NG GPL-3.0-or-later; bundled Ubuntu runtime packages retain their declared package licenses; no voice cloning,ksc_derived_kk_v4_espeakng:synthetic-voice:espeakng_kazakh_formant:kk:w175:p65:a100,ksc_slr102:5f59b75db8fca,361571f1d0427050b40ae8b4a7c5caf04b765f93720981017d394d9b94b87f0b,4.374104308390023,formant_rule_based_tts,eSpeak NG Kazakh formant synthesizer,eSpeak NG 1.52.0 source-4870adfa25b1a32b4361592f1be8a40337c58d6c; Ubuntu 1.52.0+dfsg-5build1 runtime packages,espeakng_kazakh_formant:kk:w175:p65:a100,not_applicable:pretrained-tts-no-local-voice-cloning,local_cpu_espeakng_formant,offline_formant_tts,22050,wav,none,,2026-08-10T00:00:00Z
ksc_derived_kk_v4_espeakng:a79e16b54f7ec0c0,raw/ksc_derived_kk_v4_espeakng/slices/espeakng-407/espeakng_kazakh_formant/5f59b6e52b6c3.wav,ec24b140a82962361977e4d3150a3a972057b8aeaefb67120111891d06662c24,test,spoof,kk,unknown,ksc_derived_kk_v4_espeakng:profile:espeakng_kazakh_formant:kk:w200:p35:a100,ksc_derived_kk_v4_espeakng,KSC text CC-BY-4.0; eSpeak NG GPL-3.0-or-later,Offline derivative for personal research from KSC transcript ksc_slr102:5f59b6e52b6c3; eSpeak NG GPL-3.0-or-later; bundled Ubuntu runtime packages retain their declared package licenses; no voice cloning,ksc_derived_kk_v4_espeakng:synthetic-voice:espeakng_kazakh_formant:kk:w200:p35:a100,ksc_slr102:5f59b6e52b6c3,d115285a4f9a68a493b39d9cfde7bcb10c4e9f5485920cd076be50f41b191d45,2.6633560090702946,formant_rule_based_tts,eSpeak NG Kazakh formant synthesizer,eSpeak NG 1.52.0 source-4870adfa25b1a32b4361592f1be8a40337c58d6c; Ubuntu 1.52.0+dfsg-5build1 runtime packages,espeakng_kazakh_formant:kk:w200:p35:a100,not_applicable:pretrained-tts-no-local-voice-cloning,local_cpu_espeakng_formant,offline_formant_tts,22050,wav,none,,2026-08-10T00:00:00Z
ksc_derived_kk_v4_espeakng:9975e3db2243fb16,raw/ksc_derived_kk_v4_espeakng/slices/espeakng-407/espeakng_kazakh_formant/5f60e6959d715.wav,a04d7fdda8bd95435c0bfb318e8d126423d568df391ab1cc33a9d23a4349b0a7,test,spoof,kk,unknown,ksc_derived_kk_v4_espeakng:profile:espeakng_kazakh_formant:kk:w200:p50:a100,ksc_derived_kk_v4_espeakng,KSC text CC-BY-4.0; eSpeak NG GPL-3.0-or-later,Offline derivative for personal research from KSC transcript ksc_slr102:5f60e6959d715; eSpeak NG GPL-3.0-or-later; bundled Ubuntu runtime packages retain their declared package licenses; no voice cloning,ksc_derived_kk_v4_espeakng:synthetic-voice:espeakng_kazakh_formant:kk:w200:p50:a100,ksc_slr102:5f60e6959d715,378e1b55084df5b2b5e1e2666531c0ea057de08dbe617b2a65f170511d573bbc,1.7756916099773243,formant_rule_based_tts,eSpeak NG Kazakh formant synthesizer,eSpeak NG 1.52.0 source-4870adfa25b1a32b4361592f1be8a40337c58d6c; Ubuntu 1.52.0+dfsg-5build1 runtime packages,espeakng_kazakh_formant:kk:w200:p50:a100,not_applicable:pretrained-tts-no-local-voice-cloning,local_cpu_espeakng_formant,offline_formant_tts,22050,wav,none,,2026-08-10T00:00:00Z
ksc_derived_kk_v4_espeakng:baf5c18c5147b6b4,raw/ksc_derived_kk_v4_espeakng/slices/espeakng-407/espeakng_kazakh_formant/5f60c8c1203ca.wav,0c1537184df1802d44cbbd712e3f9d356d480605571cd90319906173e7a391dd,test,spoof,kk,unknown,ksc_derived_kk_v4_espeakng:profile:espeakng_kazakh_formant:kk:w200:p65:a100,ksc_derived_kk_v4_espeakng,KSC text CC-BY-4.0; eSpeak NG GPL-3.0-or-later,Offline derivative for personal research from KSC transcript ksc_slr102:5f60c8c1203ca; eSpeak NG GPL-3.0-or-later; bundled Ubuntu runtime packages retain their declared package licenses; no voice cloning,ksc_derived_kk_v4_espeakng:synthetic-voice:espeakng_kazakh_formant:kk:w200:p65:a100,ksc_slr102:5f60c8c1203ca,cf33c469485b3e6895b0094499944b955509a1f7657a7977266945d8b6bc4ca5,5.6164625850340135,formant_rule_based_tts,eSpeak NG Kazakh formant synthesizer,eSpeak NG 1.52.0 source-4870adfa25b1a32b4361592f1be8a40337c58d6c; Ubuntu 1.52.0+dfsg-5build1 runtime packages,espeakng_kazakh_formant:kk:w200:p65:a100,not_applicable:pretrained-tts-no-local-voice-cloning,local_cpu_espeakng_formant,offline_formant_tts,22050,wav,none,,2026-08-10T00:00:00Z
ksc_derived_kk_v4_espeakng:59f581dd709825dc,raw/ksc_derived_kk_v4_espeakng/slices/espeakng-407/espeakng_kazakh_formant/5f60a065b1778.wav,38fa15cf8535c54d205b8f757aa495e3e63687758d10f6f227c2302ffe988240,test,spoof,kk,unknown,ksc_derived_kk_v4_espeakng:profile:espeakng_kazakh_formant:kk:w225:p35:a100,ksc_derived_kk_v4_espeakng,KSC text CC-BY-4.0; eSpeak NG GPL-3.0-or-later,Offline derivative for personal research from KSC transcript ksc_slr102:5f60a065b1778; eSpeak NG GPL-3.0-or-later; bundled Ubuntu runtime packages retain their declared package licenses; no voice cloning,ksc_derived_kk_v4_espeakng:synthetic-voice:espeakng_kazakh_formant:kk:w225:p35:a100,ksc_slr102:5f60a065b1778,b481a76c16c6bed5be90351626e4490bb53782bd1648760e7cb96fc4fe53d224,2.3751473922902493,formant_rule_based_tts,eSpeak NG Kazakh formant synthesizer,eSpeak NG 1.52.0 source-4870adfa25b1a32b4361592f1be8a40337c58d6c; Ubuntu 1.52.0+dfsg-5build1 runtime packages,espeakng_kazakh_formant:kk:w225:p35:a100,not_applicable:pretrained-tts-no-local-voice-cloning,local_cpu_espeakng_formant,offline_formant_tts,22050,wav,none,,2026-08-10T00:00:00Z
ksc_derived_kk_v4_espeakng:d8e1952f4d9f14e8,raw/ksc_derived_kk_v4_espeakng/slices/espeakng-407/espeakng_kazakh_formant/5f60598dd361d.wav,7a10cf5e918db65e747bf28e16ec15ca052f800bcf74bc1b2afc8ddf1209dfc3,test,spoof,kk,unknown,ksc_derived_kk_v4_espeakng:profile:espeakng_kazakh_formant:kk:w225:p50:a100,ksc_derived_kk_v4_espeakng,KSC text CC-BY-4.0; eSpeak NG GPL-3.0-or-later,Offline derivative for personal research from KSC transcript ksc_slr102:5f60598dd361d; eSpeak NG GPL-3.0-or-later; bundled Ubuntu runtime packages retain their declared package licenses; no voice cloning,ksc_derived_kk_v4_espeakng:synthetic-voice:espeakng_kazakh_formant:kk:w225:p50:a100,ksc_slr102:5f60598dd361d,abbeb01c2a88adc9950085a29f8b6a62c0e9407fa96b3437526f2471a16ae666,1.6824036281179138,formant_rule_based_tts,eSpeak NG Kazakh formant synthesizer,eSpeak NG 1.52.0 source-4870adfa25b1a32b4361592f1be8a40337c58d6c; Ubuntu 1.52.0+dfsg-5build1 runtime packages,espeakng_kazakh_formant:kk:w225:p50:a100,not_applicable:pretrained-tts-no-local-voice-cloning,local_cpu_espeakng_formant,offline_formant_tts,22050,wav,none,,2026-08-10T00:00:00Z
ksc_derived_kk_v4_espeakng:29a897cb1e6a6737,raw/ksc_derived_kk_v4_espeakng/slices/espeakng-407/espeakng_kazakh_formant/5f60aeb8b4dcc.wav,df0376a635e3f305e0e616e8395e60c6a0a7de09d85ea210c804460a600484d8,test,spoof,kk,unknown,ksc_derived_kk_v4_espeakng:profile:espeakng_kazakh_formant:kk:w225:p65:a100,ksc_derived_kk_v4_espeakng,KSC text CC-BY-4.0; eSpeak NG GPL-3.0-or-later,Offline derivative for personal research from KSC transcript ksc_slr102:5f60aeb8b4dcc; eSpeak NG GPL-3.0-or-later; bundled Ubuntu runtime packages retain their declared package licenses; no voice cloning,ksc_derived_kk_v4_espeakng:synthetic-voice:espeakng_kazakh_formant:kk:w225:p65:a100,ksc_slr102:5f60aeb8b4dcc,af9c0f03beb8007557d77dc5b0ba4f4337848e752a6ec800d07d794cdece35df,3.98312925170068,formant_rule_based_tts,eSpeak NG Kazakh formant synthesizer,eSpeak NG 1.52.0 source-4870adfa25b1a32b4361592f1be8a40337c58d6c; Ubuntu 1.52.0+dfsg-5build1 runtime packages,espeakng_kazakh_formant:kk:w225:p65:a100,not_applicable:pretrained-tts-no-local-voice-cloning,local_cpu_espeakng_formant,offline_formant_tts,22050,wav,none,,2026-08-10T00:00:00Z
ksc_derived_kk_v4_espeakng:4a627e06788df4f7,raw/ksc_derived_kk_v4_espeakng/slices/espeakng-407/espeakng_kazakh_formant/5f5af63530caa.wav,8614b61fd3c429f9a02a6f8fd487342f489570e18a8d0dad1f3b48b58f11be01,test,spoof,kk,unknown,ksc_derived_kk_v4_espeakng:profile:espeakng_kazakh_formant:kk:w150:p35:a100,ksc_derived_kk_v4_espeakng,KSC text CC-BY-4.0; eSpeak NG GPL-3.0-or-later,Offline derivative for personal research from KSC transcript ksc_slr102:5f5af63530caa; eSpeak NG GPL-3.0-or-later; bundled Ubuntu runtime packages retain their declared package licenses; no voice cloning,ksc_derived_kk_v4_espeakng:synthetic-voice:espeakng_kazakh_formant:kk:w150:p35:a100,ksc_slr102:5f5af63530caa,738a20b41e026a116cee5996779e7fe8ea6736bbb51e90d3604ab1ba1870329d,4.021496598639456,formant_rule_based_tts,eSpeak NG Kazakh formant synthesizer,eSpeak NG 1.52.0 source-4870adfa25b1a32b4361592f1be8a40337c58d6c; Ubuntu 1.52.0+dfsg-5build1 runtime packages,espeakng_kazakh_formant:kk:w150:p35:a100,not_applicable:pretrained-tts-no-local-voice-cloning,local_cpu_espeakng_formant,offline_formant_tts,22050,wav,none,,2026-08-10T00:00:00Z
ksc_derived_kk_v4_espeakng:d8f125536bec5aa0,raw/ksc_derived_kk_v4_espeakng/slices/espeakng-407/espeakng_kazakh_formant/5f60aee7af1ca.wav,6a797e3dc5dabb3115af9272014e0d66074e93a83763f392cf544d2b17c8324f,test,spoof,kk,unknown,ksc_derived_kk_v4_espeakng:profile:espeakng_kazakh_formant:kk:w150:p50:a100,ksc_derived_kk_v4_espeakng,KSC text CC-BY-4.0; eSpeak NG GPL-3.0-or-later,Offline derivative for personal research from KSC transcript ksc_slr102:5f60aee7af1ca; eSpeak NG GPL-3.0-or-later; bundled Ubuntu runtime packages retain their declared package licenses; no voice cloning,ksc_derived_kk_v4_espeakng:synthetic-voice:espeakng_kazakh_formant:kk:w150:p50:a100,ksc_slr102:5f60aee7af1ca,56f68ef27182241669ba2bba0011c94918c278a77de1231f7785bd4aa19e28b7,9.110022675736962,formant_rule_based_tts,eSpeak NG Kazakh formant synthesizer,eSpeak NG 1.52.0 source-4870adfa25b1a32b4361592f1be8a40337c58d6c; Ubuntu 1.52.0+dfsg-5build1 runtime packages,espeakng_kazakh_formant:kk:w150:p50:a100,not_applicable:pretrained-tts-no-local-voice-cloning,local_cpu_espeakng_formant,offline_formant_tts,22050,wav,none,,2026-08-10T00:00:00Z
ksc_derived_kk_v4_espeakng:edba5b6bbe1c3312,raw/ksc_derived_kk_v4_espeakng/slices/espeakng-407/espeakng_kazakh_formant/5f60e27a4c33e.wav,fc641cd39fe046ad46695919d9cd627ded1b35a4f87c600018ac9f61cae07318,test,spoof,kk,unknown,ksc_derived_kk_v4_espeakng:profile:espeakng_kazakh_formant:kk:w150:p65:a100,ksc_derived_kk_v4_espeakng,KSC text CC-BY-4.0; eSpeak NG GPL-3.0-or-later,Offline derivative for personal research from KSC transcript ksc_slr102:5f60e27a4c33e; eSpeak NG GPL-3.0-or-later; bundled Ubuntu runtime packages retain their declared package licenses; no voice cloning,ksc_derived_kk_v4_espeakng:synthetic-voice:espeakng_kazakh_formant:kk:w150:p65:a100,ksc_slr102:5f60e27a4c33e,71d92d0499cbd70cbd131670160335ca4e48e36665b69832fb640c1529bab485,6.6899773242630385,formant_rule_based_tts,eSpeak NG Kazakh formant synthesizer,eSpeak NG 1.52.0 source-4870adfa25b1a32b4361592f1be8a40337c58d6c; Ubuntu 1.52.0+dfsg-5build1 runtime packages,espeakng_kazakh_formant:kk:w150:p65:a100,not_applicable:pretrained-tts-no-local-voice-cloning,local_cpu_espeakng_formant,offline_formant_tts,22050,wav,none,,2026-08-10T00:00:00Z
ksc_derived_kk_v4_espeakng:d77a405425d54464,raw/ksc_derived_kk_v4_espeakng/slices/espeakng-407/espeakng_kazakh_formant/5f5fa2e8d2cc0.wav,5d97e19063463340a7c3ac41c13d9e89fa66695035f17e6bba7c87f08fb4af2e,test,spoof,kk,unknown,ksc_derived_kk_v4_espeakng:profile:espeakng_kazakh_formant:kk:w175:p35:a100,ksc_derived_kk_v4_espeakng,KSC text CC-BY-4.0; eSpeak NG GPL-3.0-or-later,Offline derivative for personal research from KSC transcript ksc_slr102:5f5fa2e8d2cc0; eSpeak NG GPL-3.0-or-later; bundled Ubuntu runtime packages retain their declared package licenses; no voice cloning,ksc_derived_kk_v4_espeakng:synthetic-voice:espeakng_kazakh_formant:kk:w175:p35:a100,ksc_slr102:5f5fa2e8d2cc0,4785ae01ef5236bade912199412f66bf07a2e175a442527fed269f515758c595,7.171927437641723,formant_rule_based_tts,eSpeak NG Kazakh formant synthesizer,eSpeak NG 1.52.0 source-4870adfa25b1a32b4361592f1be8a40337c58d6c; Ubuntu 1.52.0+dfsg-5build1 runtime packages,espeakng_kazakh_formant:kk:w175:p35:a100,not_applicable:pretrained-tts-no-local-voice-cloning,local_cpu_espeakng_formant,offline_formant_tts,22050,wav,none,,2026-08-10T00:00:00Z
ksc_derived_kk_v4_espeakng:97c0105a4b2359f0,raw/ksc_derived_kk_v4_espeakng/slices/espeakng-407/espeakng_kazakh_formant/5f609b758041b.wav,0647ebba474fea06863a824a8899c32a19d833ee7f8d99c2e78ee68d99e161d8,test,spoof,kk,unknown,ksc_derived_kk_v4_espeakng:profile:espeakng_kazakh_formant:kk:w175:p50:a100,ksc_derived_kk_v4_espeakng,KSC text CC-BY-4.0; eSpeak NG GPL-3.0-or-later,Offline derivative for personal research from KSC transcript ksc_slr102:5f609b758041b; eSpeak NG GPL-3.0-or-later; bundled Ubuntu runtime packages retain their declared package licenses; no voice cloning,ksc_derived_kk_v4_espeakng:synthetic-voice:espeakng_kazakh_formant:kk:w175:p50:a100,ksc_slr102:5f609b758041b,dc6a9d87e7dadb6a4aac3d5dc675063b53e3b47cc1b822e0e0a0680f48ac694b,5.397233560090703,formant_rule_based_tts,eSpeak NG Kazakh formant synthesizer,eSpeak NG 1.52.0 source-4870adfa25b1a32b4361592f1be8a40337c58d6c; Ubuntu 1.52.0+dfsg-5build1 runtime packages,espeakng_kazakh_formant:kk:w175:p50:a100,not_applicable:pretrained-tts-no-local-voice-cloning,local_cpu_espeakng_formant,offline_formant_tts,22050,wav,none,,2026-08-10T00:00:00Z
ksc_derived_kk_v4_espeakng:3f305048c5ebbeb4,raw/ksc_derived_kk_v4_espeakng/slices/espeakng-407/espeakng_kazakh_formant/5f6198169a1d1.wav,d26e4c7c5144f78dcc7d7c90c0a550ef5ab327d81f66012b421e9e8ded80dccf,test,spoof,kk,unknown,ksc_derived_kk_v4_espeakng:profile:espeakng_kazakh_formant:kk:w175:p65:a100,ksc_derived_kk_v4_espeakng,KSC text CC-BY-4.0; eSpeak NG GPL-3.0-or-later,Offline derivative for personal research from KSC transcript ksc_slr102:5f6198169a1d1; eSpeak NG GPL-3.0-or-later; bundled Ubuntu runtime packages retain their declared package licenses; no voice cloning,ksc_derived_kk_v4_espeakng:synthetic-voice:espeakng_kazakh_formant:kk:w175:p65:a100,ksc_slr102:5f6198169a1d1,677f5fe167968d868d5fa284b632af65df0c21ac795cf4435f65ee141f3f2b8b,3.2712471655328796,formant_rule_based_tts,eSpeak NG Kazakh formant synthesizer,eSpeak NG 1.52.0 source-4870adfa25b1a32b4361592f1be8a40337c58d6c; Ubuntu 1.52.0+dfsg-5build1 runtime packages,espeakng_kazakh_formant:kk:w175:p65:a100,not_applicable:pretrained-tts-no-local-voice-cloning,local_cpu_espeakng_formant,offline_formant_tts,22050,wav,none,,2026-08-10T00:00:00Z
ksc_derived_kk_v4_espeakng:da8571a1f5fa6766,raw/ksc_derived_kk_v4_espeakng/slices/espeakng-407/espeakng_kazakh_formant/5fa253f20f45e.wav,382835636c549ab92909e8c4f0beec58c134d0132c2630248eb3beb205177e71,test,spoof,kk,unknown,ksc_derived_kk_v4_espeakng:profile:espeakng_kazakh_formant:kk:w200:p35:a100,ksc_derived_kk_v4_espeakng,KSC text CC-BY-4.0; eSpeak NG GPL-3.0-or-later,Offline derivative for personal research from KSC transcript ksc_slr102:5fa253f20f45e; eSpeak NG GPL-3.0-or-later; bundled Ubuntu runtime packages retain their declared package licenses; no voice cloning,ksc_derived_kk_v4_espeakng:synthetic-voice:espeakng_kazakh_formant:kk:w200:p35:a100,ksc_slr102:5fa253f20f45e,5526843ff696737b47585e1707512f3757269713037f808b2d291ff2edc6e972,3.7375510204081634,formant_rule_based_tts,eSpeak NG Kazakh formant synthesizer,eSpeak NG 1.52.0 source-4870adfa25b1a32b4361592f1be8a40337c58d6c; Ubuntu 1.52.0+dfsg-5build1 runtime packages,espeakng_kazakh_formant:kk:w200:p35:a100,not_applicable:pretrained-tts-no-local-voice-cloning,local_cpu_espeakng_formant,offline_formant_tts,22050,wav,none,,2026-08-10T00:00:00Z
ksc_derived_kk_v4_espeakng:77bf4ca9f84204c4,raw/ksc_derived_kk_v4_espeakng/slices/espeakng-407/espeakng_kazakh_formant/5f5c4f51d42bc.wav,37cf1ac3f86f1251715adeb289f7b29d7162781ae537ebc5f024b2cc90f477c0,test,spoof,kk,unknown,ksc_derived_kk_v4_espeakng:profile:espeakng_kazakh_formant:kk:w200:p50:a100,ksc_derived_kk_v4_espeakng,KSC text CC-BY-4.0; eSpeak NG GPL-3.0-or-later,Offline derivative for personal research from KSC transcript ksc_slr102:5f5c4f51d42bc; eSpeak NG GPL-3.0-or-later; bundled Ubuntu runtime packages retain their declared package licenses; no voice cloning,ksc_derived_kk_v4_espeakng:synthetic-voice:espeakng_kazakh_formant:kk:w200:p50:a100,ksc_slr102:5f5c4f51d42bc,d25a955ece865a3d2926a3aa0a016b1196ff1f6a144555447864f66977725497,2.680362811791383,formant_rule_based_tts,eSpeak NG Kazakh formant synthesizer,eSpeak NG 1.52.0 source-4870adfa25b1a32b4361592f1be8a40337c58d6c; Ubuntu 1.52.0+dfsg-5build1 runtime packages,espeakng_kazakh_formant:kk:w200:p50:a100,not_applicable:pretrained-tts-no-local-voice-cloning,local_cpu_espeakng_formant,offline_formant_tts,22050,wav,none,,2026-08-10T00:00:00Z
ksc_derived_kk_v4_espeakng:522e28f0ecf335d9,raw/ksc_derived_kk_v4_espeakng/slices/espeakng-407/espeakng_kazakh_formant/5f5c5031d1e56.wav,3907275aeab72292e427b4d1dd0adff74248cdb156ebd37300c9af4134f6a4d5,test,spoof,kk,unknown,ksc_derived_kk_v4_espeakng:profile:espeakng_kazakh_formant:kk:w200:p65:a100,ksc_derived_kk_v4_espeakng,KSC text CC-BY-4.0; eSpeak NG GPL-3.0-or-later,Offline derivative for personal research from KSC transcript ksc_slr102:5f5c5031d1e56; eSpeak NG GPL-3.0-or-later; bundled Ubuntu runtime packages retain their declared package licenses; no voice cloning,ksc_derived_kk_v4_espeakng:synthetic-voice:espeakng_kazakh_formant:kk:w200:p65:a100,ksc_slr102:5f5c5031d1e56,be9f047bd82da1c0a5fa755e38a24ea500eee02d9c79232f771fc8c43e8fa79c,4.433877551020408,formant_rule_based_tts,eSpeak NG Kazakh formant synthesizer,eSpeak NG 1.52.0 source-4870adfa25b1a32b4361592f1be8a40337c58d6c; Ubuntu 1.52.0+dfsg-5build1 runtime packages,espeakng_kazakh_formant:kk:w200:p65:a100,not_applicable:pretrained-tts-no-local-voice-cloning,local_cpu_espeakng_formant,offline_formant_tts,22050,wav,none,,2026-08-10T00:00:00Z
ksc_derived_kk_v4_espeakng:802e01bcf77f3d91,raw/ksc_derived_kk_v4_espeakng/slices/espeakng-407/espeakng_kazakh_formant/5f609c088fd8e.wav,cc7b768199c75b76355822801abeae3b81f37d41da390f7930340336b0b243be,test,spoof,kk,unknown,ksc_derived_kk_v4_espeakng:profile:espeakng_kazakh_formant:kk:w225:p35:a100,ksc_derived_kk_v4_espeakng,KSC text CC-BY-4.0; eSpeak NG GPL-3.0-or-later,Offline derivative for personal research from KSC transcript ksc_slr102:5f609c088fd8e; eSpeak NG GPL-3.0-or-later; bundled Ubuntu runtime packages retain their declared package licenses; no voice cloning,ksc_derived_kk_v4_espeakng:synthetic-voice:espeakng_kazakh_formant:kk:w225:p35:a100,ksc_slr102:5f609c088fd8e,e651ddd55be426fbcbecf7f6417e08b1094fc233256b8e9069cc1ea83fc6a21a,3.6187755102040815,formant_rule_based_tts,eSpeak NG Kazakh formant synthesizer,eSpeak NG 1.52.0 source-4870adfa25b1a32b4361592f1be8a40337c58d6c; Ubuntu 1.52.0+dfsg-5build1 runtime packages,espeakng_kazakh_formant:kk:w225:p35:a100,not_applicable:pretrained-tts-no-local-voice-cloning,local_cpu_espeakng_formant,offline_formant_tts,22050,wav,none,,2026-08-10T00:00:00Z
ksc_derived_kk_v4_espeakng:9f10d75d22ffc54f,raw/ksc_derived_kk_v4_espeakng/slices/espeakng-407/espeakng_kazakh_formant/5f59b98192650.wav,2da21a3223df526602c58cdf01aa67fa6068f93284de8211376c5749cbea6f0c,test,spoof,kk,unknown,ksc_derived_kk_v4_espeakng:profile:espeakng_kazakh_formant:kk:w225:p50:a100,ksc_derived_kk_v4_espeakng,KSC text CC-BY-4.0; eSpeak NG GPL-3.0-or-later,Offline derivative for personal research from KSC transcript ksc_slr102:5f59b98192650; eSpeak NG GPL-3.0-or-later; bundled Ubuntu runtime packages retain their declared package licenses; no voice cloning,ksc_derived_kk_v4_espeakng:synthetic-voice:espeakng_kazakh_formant:kk:w225:p50:a100,ksc_slr102:5f59b98192650,5be6a708cc8f274b75f66da73011329eec6fb3e78ca1bf07e0b4b9e832a06ea7,3.287482993197279,formant_rule_based_tts,eSpeak NG Kazakh formant synthesizer,eSpeak NG 1.52.0 source-4870adfa25b1a32b4361592f1be8a40337c58d6c; Ubuntu 1.52.0+dfsg-5build1 runtime packages,espeakng_kazakh_formant:kk:w225:p50:a100,not_applicable:pretrained-tts-no-local-voice-cloning,local_cpu_espeakng_formant,offline_formant_tts,22050,wav,none,,2026-08-10T00:00:00Z
ksc_derived_kk_v4_espeakng:972044dfe06bd99e,raw/ksc_derived_kk_v4_espeakng/slices/espeakng-407/espeakng_kazakh_formant/5f5c507fce783.wav,f5172f37c41ccde6933cf3c804c894168efdd1ecd6c94213ca8533cd80dc10dd,test,spoof,kk,unknown,ksc_derived_kk_v4_espeakng:profile:espeakng_kazakh_formant:kk:w225:p65:a100,ksc_derived_kk_v4_espeakng,KSC text CC-BY-4.0; eSpeak NG GPL-3.0-or-later,Offline derivative for personal research from KSC transcript ksc_slr102:5f5c507fce783; eSpeak NG GPL-3.0-or-later; bundled Ubuntu runtime packages retain their declared package licenses; no voice cloning,ksc_derived_kk_v4_espeakng:synthetic-voice:espeakng_kazakh_formant:kk:w225:p65:a100,ksc_slr102:5f5c507fce783,5e8cff2c446593aa3e5c3d108dc26cf131b3d9b715f5966ac072465cb898e30e,3.92281179138322,formant_rule_based_tts,eSpeak NG Kazakh formant synthesizer,eSpeak NG 1.52.0 source-4870adfa25b1a32b4361592f1be8a40337c58d6c; Ubuntu 1.52.0+dfsg-5build1 runtime packages,espeakng_kazakh_formant:kk:w225:p65:a100,not_applicable:pretrained-tts-no-local-voice-cloning,local_cpu_espeakng_formant,offline_formant_tts,22050,wav,none,,2026-08-10T00:00:00Z
ksc_derived_kk_v4_espeakng:efe63a384d9ec088,raw/ksc_derived_kk_v4_espeakng/slices/espeakng-407/espeakng_kazakh_formant/5f60a6f732347.wav,b74b92db8376ad6147775db9ebf195ad399b7defd8664552e1c670a147bb3501,test,spoof,kk,unknown,ksc_derived_kk_v4_espeakng:profile:espeakng_kazakh_formant:kk:w150:p35:a100,ksc_derived_kk_v4_espeakng,KSC text CC-BY-4.0; eSpeak NG GPL-3.0-or-later,Offline derivative for personal research from KSC transcript ksc_slr102:5f60a6f732347; eSpeak NG GPL-3.0-or-later; bundled Ubuntu runtime packages retain their declared package licenses; no voice cloning,ksc_derived_kk_v4_espeakng:synthetic-voice:espeakng_kazakh_formant:kk:w150:p35:a100,ksc_slr102:5f60a6f732347,a4c9a791c1fff8745968fda875083bc79c60e4cb081eaa9f99503a8158f04aa4,3.1974603174603176,formant_rule_based_tts,eSpeak NG Kazakh formant synthesizer,eSpeak NG 1.52.0 source-4870adfa25b1a32b4361592f1be8a40337c58d6c; Ubuntu 1.52.0+dfsg-5build1 runtime packages,espeakng_kazakh_formant:kk:w150:p35:a100,not_applicable:pretrained-tts-no-local-voice-cloning,local_cpu_espeakng_formant,offline_formant_tts,22050,wav,none,,2026-08-10T00:00:00Z
ksc_derived_kk_v4_espeakng:72d45a6e21fd9d78,raw/ksc_derived_kk_v4_espeakng/slices/espeakng-407/espeakng_kazakh_formant/5f5a73b1c16ce.wav,c80253e18ddb191f34867219417a4ee706c4fa5b2cd703aa6f1765905bb769e1,test,spoof,kk,unknown,ksc_derived_kk_v4_espeakng:profile:espeakng_kazakh_formant:kk:w150:p50:a100,ksc_derived_kk_v4_espeakng,KSC text CC-BY-4.0; eSpeak NG GPL-3.0-or-later,Offline derivative for personal research from KSC transcript ksc_slr102:5f5a73b1c16ce; eSpeak NG GPL-3.0-or-later; bundled Ubuntu runtime packages retain their declared package licenses; no voice cloning,ksc_derived_kk_v4_espeakng:synthetic-voice:espeakng_kazakh_formant:kk:w150:p50:a100,ksc_slr102:5f5a73b1c16ce,ff594f309f33aad8b549579bf57e24ea185998c54ba57460570c35fb36f568dc,8.470566893424037,formant_rule_based_tts,eSpeak NG Kazakh formant synthesizer,eSpeak NG 1.52.0 source-4870adfa25b1a32b4361592f1be8a40337c58d6c; Ubuntu 1.52.0+dfsg-5build1 runtime packages,espeakng_kazakh_formant:kk:w150:p50:a100,not_applicable:pretrained-tts-no-local-voice-cloning,local_cpu_espeakng_formant,offline_formant_tts,22050,wav,none,,2026-08-10T00:00:00Z
ksc_derived_kk_v4_espeakng:d2d0e106214d2d0b,raw/ksc_derived_kk_v4_espeakng/slices/espeakng-407/espeakng_kazakh_formant/5f61a1cb30fbf.wav,c9cddc282764618c8ac8070a53e1ea5137919396af60d995b2f08759d4868e18,test,spoof,kk,unknown,ksc_derived_kk_v4_espeakng:profile:espeakng_kazakh_formant:kk:w150:p65:a100,ksc_derived_kk_v4_espeakng,KSC text CC-BY-4.0; eSpeak NG GPL-3.0-or-later,Offline derivative for personal research from KSC transcript ksc_slr102:5f61a1cb30fbf; eSpeak NG GPL-3.0-or-later; bundled Ubuntu runtime packages retain their declared package licenses; no voice cloning,ksc_derived_kk_v4_espeakng:synthetic-voice:espeakng_kazakh_formant:kk:w150:p65:a100,ksc_slr102:5f61a1cb30fbf,4d0f8a36262c3a63774cc883e08e22741aa27cc729eb52282f7d43a800d1d59e,3.327437641723356,formant_rule_based_tts,eSpeak NG Kazakh formant synthesizer,eSpeak NG 1.52.0 source-4870adfa25b1a32b4361592f1be8a40337c58d6c; Ubuntu 1.52.0+dfsg-5build1 runtime packages,espeakng_kazakh_formant:kk:w150:p65:a100,not_applicable:pretrained-tts-no-local-voice-cloning,local_cpu_espeakng_formant,offline_formant_tts,22050,wav,none,,2026-08-10T00:00:00Z
ksc_derived_kk_v4_espeakng:0d30b90b5b3da095,raw/ksc_derived_kk_v4_espeakng/slices/espeakng-407/espeakng_kazakh_formant/5f5eef813f653.wav,42eb833fbe8eec157144907050d829a55f873be93075b6273f506fc3e0121406,test,spoof,kk,unknown,ksc_derived_kk_v4_espeakng:profile:espeakng_kazakh_formant:kk:w175:p35:a100,ksc_derived_kk_v4_espeakng,KSC text CC-BY-4.0; eSpeak NG GPL-3.0-or-later,Offline derivative for personal research from KSC transcript ksc_slr102:5f5eef813f653; eSpeak NG GPL-3.0-or-later; bundled Ubuntu runtime packages retain their declared package licenses; no voice cloning,ksc_derived_kk_v4_espeakng:synthetic-voice:espeakng_kazakh_formant:kk:w175:p35:a100,ksc_slr102:5f5eef813f653,629826e48c30833f3a57f4258d0d15568fb4d2c35db6c9934a659a4adfbf89dc,3.253015873015873,formant_rule_based_tts,eSpeak NG Kazakh formant synthesizer,eSpeak NG 1.52.0 source-4870adfa25b1a32b4361592f1be8a40337c58d6c; Ubuntu 1.52.0+dfsg-5build1 runtime packages,espeakng_kazakh_formant:kk:w175:p35:a100,not_applicable:pretrained-tts-no-local-voice-cloning,local_cpu_espeakng_formant,offline_formant_tts,22050,wav,none,,2026-08-10T00:00:00Z
ksc_derived_kk_v4_espeakng:d94aea982062af6f,raw/ksc_derived_kk_v4_espeakng/slices/espeakng-407/espeakng_kazakh_formant/5f5af54524454.wav,cb3015f8de8fff76d913362213ab56c246660aee13bfc3f81dba5d6be0df6971,test,spoof,kk,unknown,ksc_derived_kk_v4_espeakng:profile:espeakng_kazakh_formant:kk:w175:p50:a100,ksc_derived_kk_v4_espeakng,KSC text CC-BY-4.0; eSpeak NG GPL-3.0-or-later,Offline derivative for personal research from KSC transcript ksc_slr102:5f5af54524454; eSpeak NG GPL-3.0-or-later; bundled Ubuntu runtime packages retain their declared package licenses; no voice cloning,ksc_derived_kk_v4_espeakng:synthetic-voice:espeakng_kazakh_formant:kk:w175:p50:a100,ksc_slr102:5f5af54524454,0ec95e77ed59153bf77e20c11a7b57f29885972e28a349975de0cd655639ed0f,5.992562358276644,formant_rule_based_tts,eSpeak NG Kazakh formant synthesizer,eSpeak NG 1.52.0 source-4870adfa25b1a32b4361592f1be8a40337c58d6c; Ubuntu 1.52.0+dfsg-5build1 runtime packages,espeakng_kazakh_formant:kk:w175:p50:a100,not_applicable:pretrained-tts-no-local-voice-cloning,local_cpu_espeakng_formant,offline_formant_tts,22050,wav,none,,2026-08-10T00:00:00Z
ksc_derived_kk_v4_espeakng:265752a4dd1437fe,raw/ksc_derived_kk_v4_espeakng/slices/espeakng-407/espeakng_kazakh_formant/5f5792f5da51c.wav,24d2c2d07b4ad89a3681846702f215a789f64404bfd265d41a283a7251c28abe,test,spoof,kk,unknown,ksc_derived_kk_v4_espeakng:profile:espeakng_kazakh_formant:kk:w175:p65:a100,ksc_derived_kk_v4_espeakng,KSC text CC-BY-4.0; eSpeak NG GPL-3.0-or-later,Offline derivative for personal research from KSC transcript ksc_slr102:5f5792f5da51c; eSpeak NG GPL-3.0-or-later; bundled Ubuntu runtime packages retain their declared package licenses; no voice cloning,ksc_derived_kk_v4_espeakng:synthetic-voice:espeakng_kazakh_formant:kk:w175:p65:a100,ksc_slr102:5f5792f5da51c,c9a493c389d64586bf65672f39006158d02a6f793b7aa75d7c0d5c54b485f857,3.5014965986394557,formant_rule_based_tts,eSpeak NG Kazakh formant synthesizer,eSpeak NG 1.52.0 source-4870adfa25b1a32b4361592f1be8a40337c58d6c; Ubuntu 1.52.0+dfsg-5build1 runtime packages,espeakng_kazakh_formant:kk:w175:p65:a100,not_applicable:pretrained-tts-no-local-voice-cloning,local_cpu_espeakng_formant,offline_formant_tts,22050,wav,none,,2026-08-10T00:00:00Z
ksc_derived_kk_v4_espeakng:9a878b92f950eb3a,raw/ksc_derived_kk_v4_espeakng/slices/espeakng-407/espeakng_kazakh_formant/5f6328e36a1b5.wav,bbfdfa16b86dddcb249dc3efdec16b9c2cd66671d5a6ac024ed15786b64bb01a,test,spoof,kk,unknown,ksc_derived_kk_v4_espeakng:profile:espeakng_kazakh_formant:kk:w200:p35:a100,ksc_derived_kk_v4_espeakng,KSC text CC-BY-4.0; eSpeak NG GPL-3.0-or-later,Offline derivative for personal research from KSC transcript ksc_slr102:5f6328e36a1b5; eSpeak NG GPL-3.0-or-later; bundled Ubuntu runtime packages retain their declared package licenses; no voice cloning,ksc_derived_kk_v4_espeakng:synthetic-voice:espeakng_kazakh_formant:kk:w200:p35:a100,ksc_slr102:5f6328e36a1b5,99e26acf987fc1705840aeabfd18c9313f260a8d082957ccdefd2fee5a34937f,4.657687074829932,formant_rule_based_tts,eSpeak NG Kazakh formant synthesizer,eSpeak NG 1.52.0 source-4870adfa25b1a32b4361592f1be8a40337c58d6c; Ubuntu 1.52.0+dfsg-5build1 runtime packages,espeakng_kazakh_formant:kk:w200:p35:a100,not_applicable:pretrained-tts-no-local-voice-cloning,local_cpu_espeakng_formant,offline_formant_tts,22050,wav,none,,2026-08-10T00:00:00Z
ksc_derived_kk_v4_espeakng:70521e17678f65cc,raw/ksc_derived_kk_v4_espeakng/slices/espeakng-407/espeakng_kazakh_formant/5f5a38e01fe39.wav,9fa16d160b1e2a8cd36bb5238781470ee2070dc7328f529521ea07c2148a509b,test,spoof,kk,unknown,ksc_derived_kk_v4_espeakng:profile:espeakng_kazakh_formant:kk:w200:p50:a100,ksc_derived_kk_v4_espeakng,KSC text CC-BY-4.0; eSpeak NG GPL-3.0-or-later,Offline derivative for personal research from KSC transcript ksc_slr102:5f5a38e01fe39; eSpeak NG GPL-3.0-or-later; bundled Ubuntu runtime packages retain their declared package licenses; no voice cloning,ksc_derived_kk_v4_espeakng:synthetic-voice:espeakng_kazakh_formant:kk:w200:p50:a100,ksc_slr102:5f5a38e01fe39,ed0de67ba653e9334685b2af28be01786f15c18c272be4bb592f22ba2c80db37,5.69156462585034,formant_rule_based_tts,eSpeak NG Kazakh formant synthesizer,eSpeak NG 1.52.0 source-4870adfa25b1a32b4361592f1be8a40337c58d6c; Ubuntu 1.52.0+dfsg-5build1 runtime packages,espeakng_kazakh_formant:kk:w200:p50:a100,not_applicable:pretrained-tts-no-local-voice-cloning,local_cpu_espeakng_formant,offline_formant_tts,22050,wav,none,,2026-08-10T00:00:00Z
ksc_derived_kk_v4_espeakng:82e15fdd6fcb2171,raw/ksc_derived_kk_v4_espeakng/slices/espeakng-407/espeakng_kazakh_formant/5f58e091f0a31.wav,e7e87884196973b6bef7a3a102e9dfeee0353427a25c2754da243a494ff12fce,test,spoof,kk,unknown,ksc_derived_kk_v4_espeakng:profile:espeakng_kazakh_formant:kk:w200:p65:a100,ksc_derived_kk_v4_espeakng,KSC text CC-BY-4.0; eSpeak NG GPL-3.0-or-later,Offline derivative for personal research from KSC transcript ksc_slr102:5f58e091f0a31; eSpeak NG GPL-3.0-or-later; bundled Ubuntu runtime packages retain their declared package licenses; no voice cloning,ksc_derived_kk_v4_espeakng:synthetic-voice:espeakng_kazakh_formant:kk:w200:p65:a100,ksc_slr102:5f58e091f0a31,618880d86f8b05aecd4e0523651e83e49f989ab21dc0baa073aaea118e195478,6.184353741496599,formant_rule_based_tts,eSpeak NG Kazakh formant synthesizer,eSpeak NG 1.52.0 source-4870adfa25b1a32b4361592f1be8a40337c58d6c; Ubuntu 1.52.0+dfsg-5build1 runtime packages,espeakng_kazakh_formant:kk:w200:p65:a100,not_applicable:pretrained-tts-no-local-voice-cloning,local_cpu_espeakng_formant,offline_formant_tts,22050,wav,none,,2026-08-10T00:00:00Z
ksc_derived_kk_v4_espeakng:6aca21ee9a6c4252,raw/ksc_derived_kk_v4_espeakng/slices/espeakng-407/espeakng_kazakh_formant/5fa22c864b82d.wav,b7be970859b5a371e02de142a8b3eca45ac0b08fa4d50265606ff276c07d8ee3,test,spoof,kk,unknown,ksc_derived_kk_v4_espeakng:profile:espeakng_kazakh_formant:kk:w225:p35:a100,ksc_derived_kk_v4_espeakng,KSC text CC-BY-4.0; eSpeak NG GPL-3.0-or-later,Offline derivative for personal research from KSC transcript ksc_slr102:5fa22c864b82d; eSpeak NG GPL-3.0-or-later; bundled Ubuntu runtime packages retain their declared package licenses; no voice cloning,ksc_derived_kk_v4_espeakng:synthetic-voice:espeakng_kazakh_formant:kk:w225:p35:a100,ksc_slr102:5fa22c864b82d,c93482689c22273ab7f3f8d9e072b8fe331a2284a93098d48262be656b235afc,4.166077097505669,formant_rule_based_tts,eSpeak NG Kazakh formant synthesizer,eSpeak NG 1.52.0 source-4870adfa25b1a32b4361592f1be8a40337c58d6c; Ubuntu 1.52.0+dfsg-5build1 runtime packages,espeakng_kazakh_formant:kk:w225:p35:a100,not_applicable:pretrained-tts-no-local-voice-cloning,local_cpu_espeakng_formant,offline_formant_tts,22050,wav,none,,2026-08-10T00:00:00Z
ksc_derived_kk_v4_espeakng:08ff9eb864a6e75c,raw/ksc_derived_kk_v4_espeakng/slices/espeakng-407/espeakng_kazakh_formant/5f2b090060eae.wav,c2d577282f9b1faf6602f1a32486058b2fdf39fdd96b7420037a2200940a4171,test,spoof,kk,unknown,ksc_derived_kk_v4_espeakng:profile:espeakng_kazakh_formant:kk:w225:p50:a100,ksc_derived_kk_v4_espeakng,KSC text CC-BY-4.0; eSpeak NG GPL-3.0-or-later,Offline derivative for personal research from KSC transcript ksc_slr102:5f2b090060eae; eSpeak NG GPL-3.0-or-later; bundled Ubuntu runtime packages retain their declared package licenses; no voice cloning,ksc_derived_kk_v4_espeakng:synthetic-voice:espeakng_kazakh_formant:kk:w225:p50:a100,ksc_slr102:5f2b090060eae,a59867fe45509d0549f324c5f806ebc306d7441df851b5f898097de0a098c9f1,1.813968253968254,formant_rule_based_tts,eSpeak NG Kazakh formant synthesizer,eSpeak NG 1.52.0 source-4870adfa25b1a32b4361592f1be8a40337c58d6c; Ubuntu 1.52.0+dfsg-5build1 runtime packages,espeakng_kazakh_formant:kk:w225:p50:a100,not_applicable:pretrained-tts-no-local-voice-cloning,local_cpu_espeakng_formant,offline_formant_tts,22050,wav,none,,2026-08-10T00:00:00Z
ksc_derived_kk_v4_espeakng:4ed5c5edf5c1d86e,raw/ksc_derived_kk_v4_espeakng/slices/espeakng-407/espeakng_kazakh_formant/5f5685b3d6ecf.wav,c5ed9893ff58e8cd17ce427dd16fddf9ebf5c77318bbb2313bfa82704262922b,test,spoof,kk,unknown,ksc_derived_kk_v4_espeakng:profile:espeakng_kazakh_formant:kk:w225:p65:a100,ksc_derived_kk_v4_espeakng,KSC text CC-BY-4.0; eSpeak NG GPL-3.0-or-later,Offline derivative for personal research from KSC transcript ksc_slr102:5f5685b3d6ecf; eSpeak NG GPL-3.0-or-later; bundled Ubuntu runtime packages retain their declared package licenses; no voice cloning,ksc_derived_kk_v4_espeakng:synthetic-voice:espeakng_kazakh_formant:kk:w225:p65:a100,ksc_slr102:5f5685b3d6ecf,82a5366106f69a0a65d25cbf9f0ab69c98021626b73bd15663ad62f956421a48,4.039501133786848,formant_rule_based_tts,eSpeak NG Kazakh formant synthesizer,eSpeak NG 1.52.0 source-4870adfa25b1a32b4361592f1be8a40337c58d6c; Ubuntu 1.52.0+dfsg-5build1 runtime packages,espeakng_kazakh_formant:kk:w225:p65:a100,not_applicable:pretrained-tts-no-local-voice-cloning,local_cpu_espeakng_formant,offline_formant_tts,22050,wav,none,,2026-08-10T00:00:00Z
ksc_derived_kk_v4_espeakng:67358a38e02832ea,raw/ksc_derived_kk_v4_espeakng/slices/espeakng-407/espeakng_kazakh_formant/5f61e0f71c85c.wav,54554d12e03acfedf096c29367df0c332f4676028780d4e412b3bf74478d351d,test,spoof,kk,unknown,ksc_derived_kk_v4_espeakng:profile:espeakng_kazakh_formant:kk:w150:p35:a100,ksc_derived_kk_v4_espeakng,KSC text CC-BY-4.0; eSpeak NG GPL-3.0-or-later,Offline derivative for personal research from KSC transcript ksc_slr102:5f61e0f71c85c; eSpeak NG GPL-3.0-or-later; bundled Ubuntu runtime packages retain their declared package licenses; no voice cloning,ksc_derived_kk_v4_espeakng:synthetic-voice:espeakng_kazakh_formant:kk:w150:p35:a100,ksc_slr102:5f61e0f71c85c,0f1ed12eddcdb4cc044f07b06bc672d91f065e9d9818626f2695829d170be3e4,8.33374149659864,formant_rule_based_tts,eSpeak NG Kazakh formant synthesizer,eSpeak NG 1.52.0 source-4870adfa25b1a32b4361592f1be8a40337c58d6c; Ubuntu 1.52.0+dfsg-5build1 runtime packages,espeakng_kazakh_formant:kk:w150:p35:a100,not_applicable:pretrained-tts-no-local-voice-cloning,local_cpu_espeakng_formant,offline_formant_tts,22050,wav,none,,2026-08-10T00:00:00Z
ksc_derived_kk_v4_espeakng:c3acf27260fd200c,raw/ksc_derived_kk_v4_espeakng/slices/espeakng-407/espeakng_kazakh_formant/5f60afe576f3b.wav,09953e359b5e6854054c84c04173c39489d996a3a0a3f8714d83aac56bea7278,test,spoof,kk,unknown,ksc_derived_kk_v4_espeakng:profile:espeakng_kazakh_formant:kk:w150:p50:a100,ksc_derived_kk_v4_espeakng,KSC text CC-BY-4.0; eSpeak NG GPL-3.0-or-later,Offline derivative for personal research from KSC transcript ksc_slr102:5f60afe576f3b; eSpeak NG GPL-3.0-or-later; bundled Ubuntu runtime packages retain their declared package licenses; no voice cloning,ksc_derived_kk_v4_espeakng:synthetic-voice:espeakng_kazakh_formant:kk:w150:p50:a100,ksc_slr102:5f60afe576f3b,d99567e31a140c84807ea2bb3615bee1f316aa73097dfd5474b00e18a16a1906,5.3756462585034015,formant_rule_based_tts,eSpeak NG Kazakh formant synthesizer,eSpeak NG 1.52.0 source-4870adfa25b1a32b4361592f1be8a40337c58d6c; Ubuntu 1.52.0+dfsg-5build1 runtime packages,espeakng_kazakh_formant:kk:w150:p50:a100,not_applicable:pretrained-tts-no-local-voice-cloning,local_cpu_espeakng_formant,offline_formant_tts,22050,wav,none,,2026-08-10T00:00:00Z
ksc_derived_kk_v4_espeakng:6dd2e7ca5a0b0d5f,raw/ksc_derived_kk_v4_espeakng/slices/espeakng-407/espeakng_kazakh_formant/5f60c773626f0.wav,6c1b6b7b09b9b6c5f62b4f9e0afa987bca1fc14a5b039da196434b3e4618ab20,test,spoof,kk,unknown,ksc_derived_kk_v4_espeakng:profile:espeakng_kazakh_formant:kk:w150:p65:a100,ksc_derived_kk_v4_espeakng,KSC text CC-BY-4.0; eSpeak NG GPL-3.0-or-later,Offline derivative for personal research from KSC transcript ksc_slr102:5f60c773626f0; eSpeak NG GPL-3.0-or-later; bundled Ubuntu runtime packages retain their declared package licenses; no voice cloning,ksc_derived_kk_v4_espeakng:synthetic-voice:espeakng_kazakh_formant:kk:w150:p65:a100,ksc_slr102:5f60c773626f0,a1c4a5c28ba5372dc6e9fc2f9c2519d7521b36c84dc64cd927b4c7e6a9b340c7,5.846666666666667,formant_rule_based_tts,eSpeak NG Kazakh formant synthesizer,eSpeak NG 1.52.0 source-4870adfa25b1a32b4361592f1be8a40337c58d6c; Ubuntu 1.52.0+dfsg-5build1 runtime packages,espeakng_kazakh_formant:kk:w150:p65:a100,not_applicable:pretrained-tts-no-local-voice-cloning,local_cpu_espeakng_formant,offline_formant_tts,22050,wav,none,,2026-08-10T00:00:00Z
ksc_derived_kk_v4_espeakng:55c791cdec4750f0,raw/ksc_derived_kk_v4_espeakng/slices/espeakng-407/espeakng_kazakh_formant/5f60e89e3cb8a.wav,4f072b47b1238d13aa62d1e9a4ff34892ee92869d1a6737ac542939de16a5faa,test,spoof,kk,unknown,ksc_derived_kk_v4_espeakng:profile:espeakng_kazakh_formant:kk:w175:p35:a100,ksc_derived_kk_v4_espeakng,KSC text CC-BY-4.0; eSpeak NG GPL-3.0-or-later,Offline derivative for personal research from KSC transcript ksc_slr102:5f60e89e3cb8a; eSpeak NG GPL-3.0-or-later; bundled Ubuntu runtime packages retain their declared package licenses; no voice cloning,ksc_derived_kk_v4_espeakng:synthetic-voice:espeakng_kazakh_formant:kk:w175:p35:a100,ksc_slr102:5f60e89e3cb8a,f5fccb5e2a2b507faf68ba79d910689dba18dba6461241c13ec7dc834d9e21c0,4.19297052154195,formant_rule_based_tts,eSpeak NG Kazakh formant synthesizer,eSpeak NG 1.52.0 source-4870adfa25b1a32b4361592f1be8a40337c58d6c; Ubuntu 1.52.0+dfsg-5build1 runtime packages,espeakng_kazakh_formant:kk:w175:p35:a100,not_applicable:pretrained-tts-no-local-voice-cloning,local_cpu_espeakng_formant,offline_formant_tts,22050,wav,none,,2026-08-10T00:00:00Z
ksc_derived_kk_v4_espeakng:b19ccfa0c09839f2,raw/ksc_derived_kk_v4_espeakng/slices/espeakng-407/espeakng_kazakh_formant/5f60ea36311fd.wav,a2db0202c66cbf1152746c7d844e07673377e43bf2593a30c421a09c569b4e25,test,spoof,kk,unknown,ksc_derived_kk_v4_espeakng:profile:espeakng_kazakh_formant:kk:w175:p50:a100,ksc_derived_kk_v4_espeakng,KSC text CC-BY-4.0; eSpeak NG GPL-3.0-or-later,Offline derivative for personal research from KSC transcript ksc_slr102:5f60ea36311fd; eSpeak NG GPL-3.0-or-later; bundled Ubuntu runtime packages retain their declared package licenses; no voice cloning,ksc_derived_kk_v4_espeakng:synthetic-voice:espeakng_kazakh_formant:kk:w175:p50:a100,ksc_slr102:5f60ea36311fd,4f1fdecad76e551fe3fbd44c0ac8f79ec7f8d6ea3fb695762b0531113721215d,4.729297052154195,formant_rule_based_tts,eSpeak NG Kazakh formant synthesizer,eSpeak NG 1.52.0 source-4870adfa25b1a32b4361592f1be8a40337c58d6c; Ubuntu 1.52.0+dfsg-5build1 runtime packages,espeakng_kazakh_formant:kk:w175:p50:a100,not_applicable:pretrained-tts-no-local-voice-cloning,local_cpu_espeakng_formant,offline_formant_tts,22050,wav,none,,2026-08-10T00:00:00Z
ksc_derived_kk_v4_espeakng:3ff9821f26ff3ce5,raw/ksc_derived_kk_v4_espeakng/slices/espeakng-407/espeakng_kazakh_formant/5f58fa11ed0a0.wav,586381033dd0fb61d035829e4edbb16fcfefa4c6d1621f35e4d17aa29a236219,test,spoof,kk,unknown,ksc_derived_kk_v4_espeakng:profile:espeakng_kazakh_formant:kk:w175:p65:a100,ksc_derived_kk_v4_espeakng,KSC text CC-BY-4.0; eSpeak NG GPL-3.0-or-later,Offline derivative for personal research from KSC transcript ksc_slr102:5f58fa11ed0a0; eSpeak NG GPL-3.0-or-later; bundled Ubuntu runtime packages retain their declared package licenses; no voice cloning,ksc_derived_kk_v4_espeakng:synthetic-voice:espeakng_kazakh_formant:kk:w175:p65:a100,ksc_slr102:5f58fa11ed0a0,5c448d14cc40ad2014f6e6d6cd3d3648f30693f2923c949c9d37bbfe44a3d303,6.165804988662131,formant_rule_based_tts,eSpeak NG Kazakh formant synthesizer,eSpeak NG 1.52.0 source-4870adfa25b1a32b4361592f1be8a40337c58d6c; Ubuntu 1.52.0+dfsg-5build1 runtime packages,espeakng_kazakh_formant:kk:w175:p65:a100,not_applicable:pretrained-tts-no-local-voice-cloning,local_cpu_espeakng_formant,offline_formant_tts,22050,wav,none,,2026-08-10T00:00:00Z
ksc_derived_kk_v4_espeakng:213a0b94b33cea09,raw/ksc_derived_kk_v4_espeakng/slices/espeakng-407/espeakng_kazakh_formant/5f5efdb172651.wav,298aaa65fa80686272382e1cb317e94d69acd2e7c8b98a6f4bb3ca0f78e0c1cd,test,spoof,kk,unknown,ksc_derived_kk_v4_espeakng:profile:espeakng_kazakh_formant:kk:w200:p35:a100,ksc_derived_kk_v4_espeakng,KSC text CC-BY-4.0; eSpeak NG GPL-3.0-or-later,Offline derivative for personal research from KSC transcript ksc_slr102:5f5efdb172651; eSpeak NG GPL-3.0-or-later; bundled Ubuntu runtime packages retain their declared package licenses; no voice cloning,ksc_derived_kk_v4_espeakng:synthetic-voice:espeakng_kazakh_formant:kk:w200:p35:a100,ksc_slr102:5f5efdb172651,226882105879d78081ba730a760236117eb12c934b17d315e62cd912cebdb0e0,3.0441269841269842,formant_rule_based_tts,eSpeak NG Kazakh formant synthesizer,eSpeak NG 1.52.0 source-4870adfa25b1a32b4361592f1be8a40337c58d6c; Ubuntu 1.52.0+dfsg-5build1 runtime packages,espeakng_kazakh_formant:kk:w200:p35:a100,not_applicable:pretrained-tts-no-local-voice-cloning,local_cpu_espeakng_formant,offline_formant_tts,22050,wav,none,,2026-08-10T00:00:00Z
ksc_derived_kk_v4_espeakng:1eda78046ad329e9,raw/ksc_derived_kk_v4_espeakng/slices/espeakng-407/espeakng_kazakh_formant/5f2b08134ac74.wav,a024a02d8545cbb9abe09412c570e1be64074e25d5aff3fd415bf0d4ecc73066,test,spoof,kk,unknown,ksc_derived_kk_v4_espeakng:profile:espeakng_kazakh_formant:kk:w200:p50:a100,ksc_derived_kk_v4_espeakng,KSC text CC-BY-4.0; eSpeak NG GPL-3.0-or-later,Offline derivative for personal research from KSC transcript ksc_slr102:5f2b08134ac74; eSpeak NG GPL-3.0-or-later; bundled Ubuntu runtime packages retain their declared package licenses; no voice cloning,ksc_derived_kk_v4_espeakng:synthetic-voice:espeakng_kazakh_formant:kk:w200:p50:a100,ksc_slr102:5f2b08134ac74,38cc6f10357ade2880664fbe7e630284a815689fd0b296a6944ee11f98750e93,5.795510204081633,formant_rule_based_tts,eSpeak NG Kazakh formant synthesizer,eSpeak NG 1.52.0 source-4870adfa25b1a32b4361592f1be8a40337c58d6c; Ubuntu 1.52.0+dfsg-5build1 runtime packages,espeakng_kazakh_formant:kk:w200:p50:a100,not_applicable:pretrained-tts-no-local-voice-cloning,local_cpu_espeakng_formant,offline_formant_tts,22050,wav,none,,2026-08-10T00:00:00Z
ksc_derived_kk_v4_espeakng:f51397c625be23e1,raw/ksc_derived_kk_v4_espeakng/slices/espeakng-407/espeakng_kazakh_formant/5f56851d28303.wav,240ca77606ff76ddaefa0929f1b282c5546ae1fe7318bfdfd1032002dfceb813,test,spoof,kk,unknown,ksc_derived_kk_v4_espeakng:profile:espeakng_kazakh_formant:kk:w200:p65:a100,ksc_derived_kk_v4_espeakng,KSC text CC-BY-4.0; eSpeak NG GPL-3.0-or-later,Offline derivative for personal research from KSC transcript ksc_slr102:5f56851d28303; eSpeak NG GPL-3.0-or-later; bundled Ubuntu runtime packages retain their declared package licenses; no voice cloning,ksc_derived_kk_v4_espeakng:synthetic-voice:espeakng_kazakh_formant:kk:w200:p65:a100,ksc_slr102:5f56851d28303,0353548a144ab904ef9fc3b8c47ce1a3f642c605ce0b7abffbbd2fc84b1a4982,2.0900226757369613,formant_rule_based_tts,eSpeak NG Kazakh formant synthesizer,eSpeak NG 1.52.0 source-4870adfa25b1a32b4361592f1be8a40337c58d6c; Ubuntu 1.52.0+dfsg-5build1 runtime packages,espeakng_kazakh_formant:kk:w200:p65:a100,not_applicable:pretrained-tts-no-local-voice-cloning,local_cpu_espeakng_formant,offline_formant_tts,22050,wav,none,,2026-08-10T00:00:00Z
ksc_derived_kk_v4_espeakng:916a7fd2b41367ac,raw/ksc_derived_kk_v4_espeakng/slices/espeakng-407/espeakng_kazakh_formant/5f5c4c691b2a2.wav,fbe503473747b260417c1f1621a2fcd6bf2f956c6c19e67c6e60aa43823e9af3,test,spoof,kk,unknown,ksc_derived_kk_v4_espeakng:profile:espeakng_kazakh_formant:kk:w225:p35:a100,ksc_derived_kk_v4_espeakng,KSC text CC-BY-4.0; eSpeak NG GPL-3.0-or-later,Offline derivative for personal research from KSC transcript ksc_slr102:5f5c4c691b2a2; eSpeak NG GPL-3.0-or-later; bundled Ubuntu runtime packages retain their declared package licenses; no voice cloning,ksc_derived_kk_v4_espeakng:synthetic-voice:espeakng_kazakh_formant:kk:w225:p35:a100,ksc_slr102:5f5c4c691b2a2,0682aa808982125dcd5b7ae78ec3cbfe7dd46dcbadc225a149cba3d4b9071024,4.353469387755102,formant_rule_based_tts,eSpeak NG Kazakh formant synthesizer,eSpeak NG 1.52.0 source-4870adfa25b1a32b4361592f1be8a40337c58d6c; Ubuntu 1.52.0+dfsg-5build1 runtime packages,espeakng_kazakh_formant:kk:w225:p35:a100,not_applicable:pretrained-tts-no-local-voice-cloning,local_cpu_espeakng_formant,offline_formant_tts,22050,wav,none,,2026-08-10T00:00:00Z
ksc_derived_kk_v4_espeakng:a124642281d06d00,raw/ksc_derived_kk_v4_espeakng/slices/espeakng-407/espeakng_kazakh_formant/5f60dede6d283.wav,478ff68b86dc430574591fe70514f765bd05638c1e2da04cfaaa7926308ab683,test,spoof,kk,unknown,ksc_derived_kk_v4_espeakng:profile:espeakng_kazakh_formant:kk:w225:p50:a100,ksc_derived_kk_v4_espeakng,KSC text CC-BY-4.0; eSpeak NG GPL-3.0-or-later,Offline derivative for personal research from KSC transcript ksc_slr102:5f60dede6d283; eSpeak NG GPL-3.0-or-later; bundled Ubuntu runtime packages retain their declared package licenses; no voice cloning,ksc_derived_kk_v4_espeakng:synthetic-voice:espeakng_kazakh_formant:kk:w225:p50:a100,ksc_slr102:5f60dede6d283,55bbf01cda6d60c96b3ac862f56aada043e6a7a1ecd918b4c1967e6f5111c90f,3.0142403628117913,formant_rule_based_tts,eSpeak NG Kazakh formant synthesizer,eSpeak NG 1.52.0 source-4870adfa25b1a32b4361592f1be8a40337c58d6c; Ubuntu 1.52.0+dfsg-5build1 runtime packages,espeakng_kazakh_formant:kk:w225:p50:a100,not_applicable:pretrained-tts-no-local-voice-cloning,local_cpu_espeakng_formant,offline_formant_tts,22050,wav,none,,2026-08-10T00:00:00Z
ksc_derived_kk_v4_espeakng:11f5c76cba05f654,raw/ksc_derived_kk_v4_espeakng/slices/espeakng-407/espeakng_kazakh_formant/5f60fdf372a72.wav,a5281e975f25d070732458b1701c25a0be1ed87c5bcdf3c90f79e6e85c2708ba,test,spoof,kk,unknown,ksc_derived_kk_v4_espeakng:profile:espeakng_kazakh_formant:kk:w225:p65:a100,ksc_derived_kk_v4_espeakng,KSC text CC-BY-4.0; eSpeak NG GPL-3.0-or-later,Offline derivative for personal research from KSC transcript ksc_slr102:5f60fdf372a72; eSpeak NG GPL-3.0-or-later; bundled Ubuntu runtime packages retain their declared package licenses; no voice cloning,ksc_derived_kk_v4_espeakng:synthetic-voice:espeakng_kazakh_formant:kk:w225:p65:a100,ksc_slr102:5f60fdf372a72,368447c24cc92aab22321881dd9887b184d4c08d25178ade0b6e63db57d63529,2.3694784580498864,formant_rule_based_tts,eSpeak NG Kazakh formant synthesizer,eSpeak NG 1.52.0 source-4870adfa25b1a32b4361592f1be8a40337c58d6c; Ubuntu 1.52.0+dfsg-5build1 runtime packages,espeakng_kazakh_formant:kk:w225:p65:a100,not_applicable:pretrained-tts-no-local-voice-cloning,local_cpu_espeakng_formant,offline_formant_tts,22050,wav,none,,2026-08-10T00:00:00Z
ksc_derived_kk_v4_espeakng:d4a9e8ae17713931,raw/ksc_derived_kk_v4_espeakng/slices/espeakng-407/espeakng_kazakh_formant/5f2b09aaea816.wav,e3028bd7d042242e7fc718e96af684ded64f3bde275191cacafa69b4f6b9405f,test,spoof,kk,unknown,ksc_derived_kk_v4_espeakng:profile:espeakng_kazakh_formant:kk:w150:p35:a100,ksc_derived_kk_v4_espeakng,KSC text CC-BY-4.0; eSpeak NG GPL-3.0-or-later,Offline derivative for personal research from KSC transcript ksc_slr102:5f2b09aaea816; eSpeak NG GPL-3.0-or-later; bundled Ubuntu runtime packages retain their declared package licenses; no voice cloning,ksc_derived_kk_v4_espeakng:synthetic-voice:espeakng_kazakh_formant:kk:w150:p35:a100,ksc_slr102:5f2b09aaea816,a2573508a40266e3576eacd491303645da136ad83b5e3d8bb18d190a1fe4dbaa,10.18766439909297,formant_rule_based_tts,eSpeak NG Kazakh formant synthesizer,eSpeak NG 1.52.0 source-4870adfa25b1a32b4361592f1be8a40337c58d6c; Ubuntu 1.52.0+dfsg-5build1 runtime packages,espeakng_kazakh_formant:kk:w150:p35:a100,not_applicable:pretrained-tts-no-local-voice-cloning,local_cpu_espeakng_formant,offline_formant_tts,22050,wav,none,,2026-08-10T00:00:00Z
ksc_derived_kk_v4_espeakng:562577c93f56c674,raw/ksc_derived_kk_v4_espeakng/slices/espeakng-407/espeakng_kazakh_formant/5f56847143520.wav,4e01bd3419f646104aed43a65aa18f50c27f2d99197f728e8dc1ec00d33b0fec,test,spoof,kk,unknown,ksc_derived_kk_v4_espeakng:profile:espeakng_kazakh_formant:kk:w150:p50:a100,ksc_derived_kk_v4_espeakng,KSC text CC-BY-4.0; eSpeak NG GPL-3.0-or-later,Offline derivative for personal research from KSC transcript ksc_slr102:5f56847143520; eSpeak NG GPL-3.0-or-later; bundled Ubuntu runtime packages retain their declared package licenses; no voice cloning,ksc_derived_kk_v4_espeakng:synthetic-voice:espeakng_kazakh_formant:kk:w150:p50:a100,ksc_slr102:5f56847143520,08620eb86c17c2c6b50b79e6c46bed33b63d1e507ec92e72c82eebd9eca0e1e5,16.12984126984127,formant_rule_based_tts,eSpeak NG Kazakh formant synthesizer,eSpeak NG 1.52.0 source-4870adfa25b1a32b4361592f1be8a40337c58d6c; Ubuntu 1.52.0+dfsg-5build1 runtime packages,espeakng_kazakh_formant:kk:w150:p50:a100,not_applicable:pretrained-tts-no-local-voice-cloning,local_cpu_espeakng_formant,offline_formant_tts,22050,wav,none,,2026-08-10T00:00:00Z
ksc_derived_kk_v4_espeakng:0eabd5d28cef6e0e,raw/ksc_derived_kk_v4_espeakng/slices/espeakng-407/espeakng_kazakh_formant/5f434b2dea53a.wav,eb80da4d56286c6e0a68a772d2ef78cc0302ec5a54a589a1fdeed84603f0d857,test,spoof,kk,unknown,ksc_derived_kk_v4_espeakng:profile:espeakng_kazakh_formant:kk:w150:p65:a100,ksc_derived_kk_v4_espeakng,KSC text CC-BY-4.0; eSpeak NG GPL-3.0-or-later,Offline derivative for personal research from KSC transcript ksc_slr102:5f434b2dea53a; eSpeak NG GPL-3.0-or-later; bundled Ubuntu runtime packages retain their declared package licenses; no voice cloning,ksc_derived_kk_v4_espeakng:synthetic-voice:espeakng_kazakh_formant:kk:w150:p65:a100,ksc_slr102:5f434b2dea53a,6c606fc76b866ecc96fee208c9f4d148d90af32f16df48e0285edade35cd356a,6.409433106575964,formant_rule_based_tts,eSpeak NG Kazakh formant synthesizer,eSpeak NG 1.52.0 source-4870adfa25b1a32b4361592f1be8a40337c58d6c; Ubuntu 1.52.0+dfsg-5build1 runtime packages,espeakng_kazakh_formant:kk:w150:p65:a100,not_applicable:pretrained-tts-no-local-voice-cloning,local_cpu_espeakng_formant,offline_formant_tts,22050,wav,none,,2026-08-10T00:00:00Z
ksc_derived_kk_v4_espeakng:6225dd71998b0459,raw/ksc_derived_kk_v4_espeakng/slices/espeakng-407/espeakng_kazakh_formant/5f58dfbd07819.wav,2ce10a1146ed0f42dd91a6a8f798b1dde27d8f0c50418c2ab095945eebd9f019,test,spoof,kk,unknown,ksc_derived_kk_v4_espeakng:profile:espeakng_kazakh_formant:kk:w175:p35:a100,ksc_derived_kk_v4_espeakng,KSC text CC-BY-4.0; eSpeak NG GPL-3.0-or-later,Offline derivative for personal research from KSC transcript ksc_slr102:5f58dfbd07819; eSpeak NG GPL-3.0-or-later; bundled Ubuntu runtime packages retain their declared package licenses; no voice cloning,ksc_derived_kk_v4_espeakng:synthetic-voice:espeakng_kazakh_formant:kk:w175:p35:a100,ksc_slr102:5f58dfbd07819,bffa10d82cfcfa2940879a9373fb808384ce500f9e00a601a54774548ce3ce6a,3.65015873015873,formant_rule_based_tts,eSpeak NG Kazakh formant synthesizer,eSpeak NG 1.52.0 source-4870adfa25b1a32b4361592f1be8a40337c58d6c; Ubuntu 1.52.0+dfsg-5build1 runtime packages,espeakng_kazakh_formant:kk:w175:p35:a100,not_applicable:pretrained-tts-no-local-voice-cloning,local_cpu_espeakng_formant,offline_formant_tts,22050,wav,none,,2026-08-10T00:00:00Z
ksc_derived_kk_v4_espeakng:b91957e9674ff8fa,raw/ksc_derived_kk_v4_espeakng/slices/espeakng-407/espeakng_kazakh_formant/5f5faba589137.wav,5b3d5de5543a3ff185247454c25033f6823276cbfd0969d9e9efe68b8eba7f09,test,spoof,kk,unknown,ksc_derived_kk_v4_espeakng:profile:espeakng_kazakh_formant:kk:w175:p50:a100,ksc_derived_kk_v4_espeakng,KSC text CC-BY-4.0; eSpeak NG GPL-3.0-or-later,Offline derivative for personal research from KSC transcript ksc_slr102:5f5faba589137; eSpeak NG GPL-3.0-or-later; bundled Ubuntu runtime packages retain their declared package licenses; no voice cloning,ksc_derived_kk_v4_espeakng:synthetic-voice:espeakng_kazakh_formant:kk:w175:p50:a100,ksc_slr102:5f5faba589137,1320d4b1bee1ce403cdc011d4f359d96f8732c6996145fa5b39a1f4cf6701578,3.6832199546485263,formant_rule_based_tts,eSpeak NG Kazakh formant synthesizer,eSpeak NG 1.52.0 source-4870adfa25b1a32b4361592f1be8a40337c58d6c; Ubuntu 1.52.0+dfsg-5build1 runtime packages,espeakng_kazakh_formant:kk:w175:p50:a100,not_applicable:pretrained-tts-no-local-voice-cloning,local_cpu_espeakng_formant,offline_formant_tts,22050,wav,none,,2026-08-10T00:00:00Z
ksc_derived_kk_v4_espeakng:c47ac50835b8e712,raw/ksc_derived_kk_v4_espeakng/slices/espeakng-407/espeakng_kazakh_formant/5f60b00462b24.wav,251b461e5bcf503810af6138fa0007513acd1186663289b4d295aa182b461832,test,spoof,kk,unknown,ksc_derived_kk_v4_espeakng:profile:espeakng_kazakh_formant:kk:w175:p65:a100,ksc_derived_kk_v4_espeakng,KSC text CC-BY-4.0; eSpeak NG GPL-3.0-or-later,Offline derivative for personal research from KSC transcript ksc_slr102:5f60b00462b24; eSpeak NG GPL-3.0-or-later; bundled Ubuntu runtime packages retain their declared package licenses; no voice cloning,ksc_derived_kk_v4_espeakng:synthetic-voice:espeakng_kazakh_formant:kk:w175:p65:a100,ksc_slr102:5f60b00462b24,f417a4e0369dbdf40663e1284ed30e34f586f398677bc6d44cad38451317de7d,2.5755555555555554,formant_rule_based_tts,eSpeak NG Kazakh formant synthesizer,eSpeak NG 1.52.0 source-4870adfa25b1a32b4361592f1be8a40337c58d6c; Ubuntu 1.52.0+dfsg-5build1 runtime packages,espeakng_kazakh_formant:kk:w175:p65:a100,not_applicable:pretrained-tts-no-local-voice-cloning,local_cpu_espeakng_formant,offline_formant_tts,22050,wav,none,,2026-08-10T00:00:00Z
ksc_derived_kk_v4_espeakng:a5ba7642ce866162,raw/ksc_derived_kk_v4_espeakng/slices/espeakng-407/espeakng_kazakh_formant/5f609887760ff.wav,52ab43e6cef089a1e4dd1746235a2e6de58206322732947022439112a386e2d0,test,spoof,kk,unknown,ksc_derived_kk_v4_espeakng:profile:espeakng_kazakh_formant:kk:w200:p35:a100,ksc_derived_kk_v4_espeakng,KSC text CC-BY-4.0; eSpeak NG GPL-3.0-or-later,Offline derivative for personal research from KSC transcript ksc_slr102:5f609887760ff; eSpeak NG GPL-3.0-or-later; bundled Ubuntu runtime packages retain their declared package licenses; no voice cloning,ksc_derived_kk_v4_espeakng:synthetic-voice:espeakng_kazakh_formant:kk:w200:p35:a100,ksc_slr102:5f609887760ff,6a54a91082286f75834f8507a4e52afd3aec26030f54257c6e20b1c5b11219f2,3.3281632653061224,formant_rule_based_tts,eSpeak NG Kazakh formant synthesizer,eSpeak NG 1.52.0 source-4870adfa25b1a32b4361592f1be8a40337c58d6c; Ubuntu 1.52.0+dfsg-5build1 runtime packages,espeakng_kazakh_formant:kk:w200:p35:a100,not_applicable:pretrained-tts-no-local-voice-cloning,local_cpu_espeakng_formant,offline_formant_tts,22050,wav,none,,2026-08-10T00:00:00Z
ksc_derived_kk_v4_espeakng:dcd061db7239ade1,raw/ksc_derived_kk_v4_espeakng/slices/espeakng-407/espeakng_kazakh_formant/5f5c4eff17c65.wav,09bcd4830082ce095b7775865d65c9869e1f17f0f4d6bd0e7b5157d834f7c576,test,spoof,kk,unknown,ksc_derived_kk_v4_espeakng:profile:espeakng_kazakh_formant:kk:w200:p50:a100,ksc_derived_kk_v4_espeakng,KSC text CC-BY-4.0; eSpeak NG GPL-3.0-or-later,Offline derivative for personal research from KSC transcript ksc_slr102:5f5c4eff17c65; eSpeak NG GPL-3.0-or-later; bundled Ubuntu runtime packages retain their declared package licenses; no voice cloning,ksc_derived_kk_v4_espeakng:synthetic-voice:espeakng_kazakh_formant:kk:w200:p50:a100,ksc_slr102:5f5c4eff17c65,58965bf88a4637e1682f06f1bf363705a89d0820c8b0bf3e4097c16f87d89739,6.098956916099773,formant_rule_based_tts,eSpeak NG Kazakh formant synthesizer,eSpeak NG 1.52.0 source-4870adfa25b1a32b4361592f1be8a40337c58d6c; Ubuntu 1.52.0+dfsg-5build1 runtime packages,espeakng_kazakh_formant:kk:w200:p50:a100,not_applicable:pretrained-tts-no-local-voice-cloning,local_cpu_espeakng_formant,offline_formant_tts,22050,wav,none,,2026-08-10T00:00:00Z
ksc_derived_kk_v4_espeakng:a3d9c7f868ed7f76,raw/ksc_derived_kk_v4_espeakng/slices/espeakng-407/espeakng_kazakh_formant/5f5fb6df3e12c.wav,2cf0cc9ae414ab0827b960326a4464dc6a50d6fdd63ea7cbb1eeb45fa92c6ed6,test,spoof,kk,unknown,ksc_derived_kk_v4_espeakng:profile:espeakng_kazakh_formant:kk:w200:p65:a100,ksc_derived_kk_v4_espeakng,KSC text CC-BY-4.0; eSpeak NG GPL-3.0-or-later,Offline derivative for personal research from KSC transcript ksc_slr102:5f5fb6df3e12c; eSpeak NG GPL-3.0-or-later; bundled Ubuntu runtime packages retain their declared package licenses; no voice cloning,ksc_derived_kk_v4_espeakng:synthetic-voice:espeakng_kazakh_formant:kk:w200:p65:a100,ksc_slr102:5f5fb6df3e12c,796b9dbcf4fddbfe7ab87db67bec7e7f0b52b71cf4ea94e0b078f23da1eb019e,7.408390022675737,formant_rule_based_tts,eSpeak NG Kazakh formant synthesizer,eSpeak NG 1.52.0 source-4870adfa25b1a32b4361592f1be8a40337c58d6c; Ubuntu 1.52.0+dfsg-5build1 runtime packages,espeakng_kazakh_formant:kk:w200:p65:a100,not_applicable:pretrained-tts-no-local-voice-cloning,local_cpu_espeakng_formant,offline_formant_tts,22050,wav,none,,2026-08-10T00:00:00Z
ksc_derived_kk_v4_espeakng:d1d0ec79db764baa,raw/ksc_derived_kk_v4_espeakng/slices/espeakng-407/espeakng_kazakh_formant/5f5c57e9914ea.wav,91780692f5ac9c30592ea234f1dc4d0ea3e7a6af9a8eba7bb5a4a08c71aeb4fb,test,spoof,kk,unknown,ksc_derived_kk_v4_espeakng:profile:espeakng_kazakh_formant:kk:w225:p35:a100,ksc_derived_kk_v4_espeakng,KSC text CC-BY-4.0; eSpeak NG GPL-3.0-or-later,Offline derivative for personal research from KSC transcript ksc_slr102:5f5c57e9914ea; eSpeak NG GPL-3.0-or-later; bundled Ubuntu runtime packages retain their declared package licenses; no voice cloning,ksc_derived_kk_v4_espeakng:synthetic-voice:espeakng_kazakh_formant:kk:w225:p35:a100,ksc_slr102:5f5c57e9914ea,cb464a23c757e516b7bf1a735d5dd8291d83ac10ee399a2e5a01fe1b4a90ee2b,2.3548299319727892,formant_rule_based_tts,eSpeak NG Kazakh formant synthesizer,eSpeak NG 1.52.0 source-4870adfa25b1a32b4361592f1be8a40337c58d6c; Ubuntu 1.52.0+dfsg-5build1 runtime packages,espeakng_kazakh_formant:kk:w225:p35:a100,not_applicable:pretrained-tts-no-local-voice-cloning,local_cpu_espeakng_formant,offline_formant_tts,22050,wav,none,,2026-08-10T00:00:00Z
ksc_derived_kk_v4_espeakng:3bf3327fe8182ba8,raw/ksc_derived_kk_v4_espeakng/slices/espeakng-407/espeakng_kazakh_formant/5f60e55a564db.wav,d1c2c7636163d3cf62bd56cd6043ef4221deb5e1fb757b0376410f4ba8a6e52a,test,spoof,kk,unknown,ksc_derived_kk_v4_espeakng:profile:espeakng_kazakh_formant:kk:w225:p50:a100,ksc_derived_kk_v4_espeakng,KSC text CC-BY-4.0; eSpeak NG GPL-3.0-or-later,Offline derivative for personal research from KSC transcript ksc_slr102:5f60e55a564db; eSpeak NG GPL-3.0-or-later; bundled Ubuntu runtime packages retain their declared package licenses; no voice cloning,ksc_derived_kk_v4_espeakng:synthetic-voice:espeakng_kazakh_formant:kk:w225:p50:a100,ksc_slr102:5f60e55a564db,fd81222dcc3d8e0f6134e4cc174fabc27b34c7641c5617285313dc4e9d3cf08b,1.371156462585034,formant_rule_based_tts,eSpeak NG Kazakh formant synthesizer,eSpeak NG 1.52.0 source-4870adfa25b1a32b4361592f1be8a40337c58d6c; Ubuntu 1.52.0+dfsg-5build1 runtime packages,espeakng_kazakh_formant:kk:w225:p50:a100,not_applicable:pretrained-tts-no-local-voice-cloning,local_cpu_espeakng_formant,offline_formant_tts,22050,wav,none,,2026-08-10T00:00:00Z
ksc_derived_kk_v4_espeakng:5700db17384ffadb,raw/ksc_derived_kk_v4_espeakng/slices/espeakng-407/espeakng_kazakh_formant/5f61e304a6cb1.wav,5a08f83a15ca4774ca2df80fce2122fd01975d40acd99bfa6be08876758b4916,test,spoof,kk,unknown,ksc_derived_kk_v4_espeakng:profile:espeakng_kazakh_formant:kk:w225:p65:a100,ksc_derived_kk_v4_espeakng,KSC text CC-BY-4.0; eSpeak NG GPL-3.0-or-later,Offline derivative for personal research from KSC transcript ksc_slr102:5f61e304a6cb1; eSpeak NG GPL-3.0-or-later; bundled Ubuntu runtime packages retain their declared package licenses; no voice cloning,ksc_derived_kk_v4_espeakng:synthetic-voice:espeakng_kazakh_formant:kk:w225:p65:a100,ksc_slr102:5f61e304a6cb1,3424510379f1312725b1f2c3b754774a9e8ab85c398ea98b02feea5b09e932f6,7.659319727891156,formant_rule_based_tts,eSpeak NG Kazakh formant synthesizer,eSpeak NG 1.52.0 source-4870adfa25b1a32b4361592f1be8a40337c58d6c; Ubuntu 1.52.0+dfsg-5build1 runtime packages,espeakng_kazakh_formant:kk:w225:p65:a100,not_applicable:pretrained-tts-no-local-voice-cloning,local_cpu_espeakng_formant,offline_formant_tts,22050,wav,none,,2026-08-10T00:00:00Z
ksc_derived_kk_v4_espeakng:779182de73104435,raw/ksc_derived_kk_v4_espeakng/slices/espeakng-407/espeakng_kazakh_formant/5f6070843d8b0.wav,2f23db82c522cbf1c5404dbe62f08687740180ff271fd4e3a0d05e5eaaa8e3bd,test,spoof,kk,unknown,ksc_derived_kk_v4_espeakng:profile:espeakng_kazakh_formant:kk:w150:p35:a100,ksc_derived_kk_v4_espeakng,KSC text CC-BY-4.0; eSpeak NG GPL-3.0-or-later,Offline derivative for personal research from KSC transcript ksc_slr102:5f6070843d8b0; eSpeak NG GPL-3.0-or-later; bundled Ubuntu runtime packages retain their declared package licenses; no voice cloning,ksc_derived_kk_v4_espeakng:synthetic-voice:espeakng_kazakh_formant:kk:w150:p35:a100,ksc_slr102:5f6070843d8b0,c99d8060baf8fae7a97612726a8bc5a6d3fca55e60b89f89af22547a099a695e,8.428480725623583,formant_rule_based_tts,eSpeak NG Kazakh formant synthesizer,eSpeak NG 1.52.0 source-4870adfa25b1a32b4361592f1be8a40337c58d6c; Ubuntu 1.52.0+dfsg-5build1 runtime packages,espeakng_kazakh_formant:kk:w150:p35:a100,not_applicable:pretrained-tts-no-local-voice-cloning,local_cpu_espeakng_formant,offline_formant_tts,22050,wav,none,,2026-08-10T00:00:00Z
ksc_derived_kk_v4_espeakng:62952fc30a19cee5,raw/ksc_derived_kk_v4_espeakng/slices/espeakng-407/espeakng_kazakh_formant/5f6333251476b.wav,4685236582abbf2f01d9c7953c42ea25611b86d4430bbcf59c68eb73ac2340f8,test,spoof,kk,unknown,ksc_derived_kk_v4_espeakng:profile:espeakng_kazakh_formant:kk:w150:p50:a100,ksc_derived_kk_v4_espeakng,KSC text CC-BY-4.0; eSpeak NG GPL-3.0-or-later,Offline derivative for personal research from KSC transcript ksc_slr102:5f6333251476b; eSpeak NG GPL-3.0-or-later; bundled Ubuntu runtime packages retain their declared package licenses; no voice cloning,ksc_derived_kk_v4_espeakng:synthetic-voice:espeakng_kazakh_formant:kk:w150:p50:a100,ksc_slr102:5f6333251476b,f1548a344cbe80c6babb24f85e2e377db7c2f752b93a2d51232af33bba83e5d6,6.267573696145124,formant_rule_based_tts,eSpeak NG Kazakh formant synthesizer,eSpeak NG 1.52.0 source-4870adfa25b1a32b4361592f1be8a40337c58d6c; Ubuntu 1.52.0+dfsg-5build1 runtime packages,espeakng_kazakh_formant:kk:w150:p50:a100,not_applicable:pretrained-tts-no-local-voice-cloning,local_cpu_espeakng_formant,offline_formant_tts,22050,wav,none,,2026-08-10T00:00:00Z
ksc_derived_kk_v4_espeakng:d9e64356b1026dca,raw/ksc_derived_kk_v4_espeakng/slices/espeakng-407/espeakng_kazakh_formant/5f5a0f70b9999.wav,578eed0cfc5a03d4be2cece2fdf26b9fd91bd852fdaeba8e536551da62e95fc4,test,spoof,kk,unknown,ksc_derived_kk_v4_espeakng:profile:espeakng_kazakh_formant:kk:w150:p65:a100,ksc_derived_kk_v4_espeakng,KSC text CC-BY-4.0; eSpeak NG GPL-3.0-or-later,Offline derivative for personal research from KSC transcript ksc_slr102:5f5a0f70b9999; eSpeak NG GPL-3.0-or-later; bundled Ubuntu runtime packages retain their declared package licenses; no voice cloning,ksc_derived_kk_v4_espeakng:synthetic-voice:espeakng_kazakh_formant:kk:w150:p65:a100,ksc_slr102:5f5a0f70b9999,512c5f60e07b7942693b7d11373a94e181d566910d5f636b6684b72791752815,4.702358276643991,formant_rule_based_tts,eSpeak NG Kazakh formant synthesizer,eSpeak NG 1.52.0 source-4870adfa25b1a32b4361592f1be8a40337c58d6c; Ubuntu 1.52.0+dfsg-5build1 runtime packages,espeakng_kazakh_formant:kk:w150:p65:a100,not_applicable:pretrained-tts-no-local-voice-cloning,local_cpu_espeakng_formant,offline_formant_tts,22050,wav,none,,2026-08-10T00:00:00Z
ksc_derived_kk_v4_espeakng:269adc78e7f0aa59,raw/ksc_derived_kk_v4_espeakng/slices/espeakng-407/espeakng_kazakh_formant/5f59bd313e060.wav,13c867590d3c4bb09b3c7f2917185c036ae3403c3af7317db7ecc8a5c4659035,test,spoof,kk,unknown,ksc_derived_kk_v4_espeakng:profile:espeakng_kazakh_formant:kk:w175:p35:a100,ksc_derived_kk_v4_espeakng,KSC text CC-BY-4.0; eSpeak NG GPL-3.0-or-later,Offline derivative for personal research from KSC transcript ksc_slr102:5f59bd313e060; eSpeak NG GPL-3.0-or-later; bundled Ubuntu runtime packages retain their declared package licenses; no voice cloning,ksc_derived_kk_v4_espeakng:synthetic-voice:espeakng_kazakh_formant:kk:w175:p35:a100,ksc_slr102:5f59bd313e060,802bc3cb4c8e44937f0e4cf71c296ec131cf23e2214eac249bf50c9617a88239,6.267573696145124,formant_rule_based_tts,eSpeak NG Kazakh formant synthesizer,eSpeak NG 1.52.0 source-4870adfa25b1a32b4361592f1be8a40337c58d6c; Ubuntu 1.52.0+dfsg-5build1 runtime packages,espeakng_kazakh_formant:kk:w175:p35:a100,not_applicable:pretrained-tts-no-local-voice-cloning,local_cpu_espeakng_formant,offline_formant_tts,22050,wav,none,,2026-08-10T00:00:00Z
ksc_derived_kk_v4_espeakng:3eec43cbf3c17b3e,raw/ksc_derived_kk_v4_espeakng/slices/espeakng-407/espeakng_kazakh_formant/5f59ea3f8379b.wav,54589101ad4e62c5b9aafe0b7a2328b9806c9d31cef7d31fc92f61b2ab1f5ba0,test,spoof,kk,unknown,ksc_derived_kk_v4_espeakng:profile:espeakng_kazakh_formant:kk:w175:p50:a100,ksc_derived_kk_v4_espeakng,KSC text CC-BY-4.0; eSpeak NG GPL-3.0-or-later,Offline derivative for personal research from KSC transcript ksc_slr102:5f59ea3f8379b; eSpeak NG GPL-3.0-or-later; bundled Ubuntu runtime packages retain their declared package licenses; no voice cloning,ksc_derived_kk_v4_espeakng:synthetic-voice:espeakng_kazakh_formant:kk:w175:p50:a100,ksc_slr102:5f59ea3f8379b,ec7bbf6bbd2e45c6a92a9bff24775ef2afacb5dde7328990068280a3a2dc1344,8.5378231292517,formant_rule_based_tts,eSpeak NG Kazakh formant synthesizer,eSpeak NG 1.52.0 source-4870adfa25b1a32b4361592f1be8a40337c58d6c; Ubuntu 1.52.0+dfsg-5build1 runtime packages,espeakng_kazakh_formant:kk:w175:p50:a100,not_applicable:pretrained-tts-no-local-voice-cloning,local_cpu_espeakng_formant,offline_formant_tts,22050,wav,none,,2026-08-10T00:00:00Z
ksc_derived_kk_v4_espeakng:bca98d6171e5c88a,raw/ksc_derived_kk_v4_espeakng/slices/espeakng-407/espeakng_kazakh_formant/5f568569d323f.wav,6e7dfb6803b581e00a2e150c9690fe79b9c8a4efb31ab1d0a6ae20aa7dbb2da6,test,spoof,kk,unknown,ksc_derived_kk_v4_espeakng:profile:espeakng_kazakh_formant:kk:w175:p65:a100,ksc_derived_kk_v4_espeakng,KSC text CC-BY-4.0; eSpeak NG GPL-3.0-or-later,Offline derivative for personal research from KSC transcript ksc_slr102:5f568569d323f; eSpeak NG GPL-3.0-or-later; bundled Ubuntu runtime packages retain their declared package licenses; no voice cloning,ksc_derived_kk_v4_espeakng:synthetic-voice:espeakng_kazakh_formant:kk:w175:p65:a100,ksc_slr102:5f568569d323f,9273408e8f8554bc6259ce411f60bbe0266c7a6f1e8f1a1866ea5ecb44233bf7,10.307755102040817,formant_rule_based_tts,eSpeak NG Kazakh formant synthesizer,eSpeak NG 1.52.0 source-4870adfa25b1a32b4361592f1be8a40337c58d6c; Ubuntu 1.52.0+dfsg-5build1 runtime packages,espeakng_kazakh_formant:kk:w175:p65:a100,not_applicable:pretrained-tts-no-local-voice-cloning,local_cpu_espeakng_formant,offline_formant_tts,22050,wav,none,,2026-08-10T00:00:00Z
ksc_derived_kk_v4_espeakng:d552434a62677153,raw/ksc_derived_kk_v4_espeakng/slices/espeakng-407/espeakng_kazakh_formant/5f60dea40d80b.wav,ed1328034ae6e9b1b3ceb9a3ccc18bae7bd3dd0e2abb12a93a47119b2406f5eb,test,spoof,kk,unknown,ksc_derived_kk_v4_espeakng:profile:espeakng_kazakh_formant:kk:w200:p35:a100,ksc_derived_kk_v4_espeakng,KSC text CC-BY-4.0; eSpeak NG GPL-3.0-or-later,Offline derivative for personal research from KSC transcript ksc_slr102:5f60dea40d80b; eSpeak NG GPL-3.0-or-later; bundled Ubuntu runtime packages retain their declared package licenses; no voice cloning,ksc_derived_kk_v4_espeakng:synthetic-voice:espeakng_kazakh_formant:kk:w200:p35:a100,ksc_slr102:5f60dea40d80b,a43a72ba901c853d2d61f63f47ecf1c5c7b70d877d0af4772f2c8023dea7c625,4.106575963718821,formant_rule_based_tts,eSpeak NG Kazakh formant synthesizer,eSpeak NG 1.52.0 source-4870adfa25b1a32b4361592f1be8a40337c58d6c; Ubuntu 1.52.0+dfsg-5build1 runtime packages,espeakng_kazakh_formant:kk:w200:p35:a100,not_applicable:pretrained-tts-no-local-voice-cloning,local_cpu_espeakng_formant,offline_formant_tts,22050,wav,none,,2026-08-10T00:00:00Z
ksc_derived_kk_v4_espeakng:30010c2d2f7fec96,raw/ksc_derived_kk_v4_espeakng/slices/espeakng-407/espeakng_kazakh_formant/5fa23f497be73.wav,5325a4a60dc4651e63474a22163023b053f34fd93768863bd0acb1bc9d7c978f,test,spoof,kk,unknown,ksc_derived_kk_v4_espeakng:profile:espeakng_kazakh_formant:kk:w200:p50:a100,ksc_derived_kk_v4_espeakng,KSC text CC-BY-4.0; eSpeak NG GPL-3.0-or-later,Offline derivative for personal research from KSC transcript ksc_slr102:5fa23f497be73; eSpeak NG GPL-3.0-or-later; bundled Ubuntu runtime packages retain their declared package licenses; no voice cloning,ksc_derived_kk_v4_espeakng:synthetic-voice:espeakng_kazakh_formant:kk:w200:p50:a100,ksc_slr102:5fa23f497be73,96e78791160401eec157259728b067ad784ae3f4b687de86826971b9ce971f40,7.155102040816327,formant_rule_based_tts,eSpeak NG Kazakh formant synthesizer,eSpeak NG 1.52.0 source-4870adfa25b1a32b4361592f1be8a40337c58d6c; Ubuntu 1.52.0+dfsg-5build1 runtime packages,espeakng_kazakh_formant:kk:w200:p50:a100,not_applicable:pretrained-tts-no-local-voice-cloning,local_cpu_espeakng_formant,offline_formant_tts,22050,wav,none,,2026-08-10T00:00:00Z
ksc_derived_kk_v4_espeakng:160b5f4bdac43fa9,raw/ksc_derived_kk_v4_espeakng/slices/espeakng-407/espeakng_kazakh_formant/5f5f24a113b0a.wav,90dbcfdb49de85d145772908ea872370f9b503bfdc2f3b5b06aa03af027660e5,test,spoof,kk,unknown,ksc_derived_kk_v4_espeakng:profile:espeakng_kazakh_formant:kk:w200:p65:a100,ksc_derived_kk_v4_espeakng,KSC text CC-BY-4.0; eSpeak NG GPL-3.0-or-later,Offline derivative for personal research from KSC transcript ksc_slr102:5f5f24a113b0a; eSpeak NG GPL-3.0-or-later; bundled Ubuntu runtime packages retain their declared package licenses; no voice cloning,ksc_derived_kk_v4_espeakng:synthetic-voice:espeakng_kazakh_formant:kk:w200:p65:a100,ksc_slr102:5f5f24a113b0a,1f599386524eeb09a513353d29c2165814c75ab6a7b0d09bbe4827b5170eeeeb,6.869160997732426,formant_rule_based_tts,eSpeak NG Kazakh formant synthesizer,eSpeak NG 1.52.0 source-4870adfa25b1a32b4361592f1be8a40337c58d6c; Ubuntu 1.52.0+dfsg-5build1 runtime packages,espeakng_kazakh_formant:kk:w200:p65:a100,not_applicable:pretrained-tts-no-local-voice-cloning,local_cpu_espeakng_formant,offline_formant_tts,22050,wav,none,,2026-08-10T00:00:00Z
ksc_derived_kk_v4_espeakng:2630caf85b30c3c3,raw/ksc_derived_kk_v4_espeakng/slices/espeakng-407/espeakng_kazakh_formant/5f59bf1d3c308.wav,7efa6c1d5ee6f7b63b3d061aaafdccad3ac20473a2d07d8b6913f29ff349b2a4,test,spoof,kk,unknown,ksc_derived_kk_v4_espeakng:profile:espeakng_kazakh_formant:kk:w225:p35:a100,ksc_derived_kk_v4_espeakng,KSC text CC-BY-4.0; eSpeak NG GPL-3.0-or-later,Offline derivative for personal research from KSC transcript ksc_slr102:5f59bf1d3c308; eSpeak NG GPL-3.0-or-later; bundled Ubuntu runtime packages retain their declared package licenses; no voice cloning,ksc_derived_kk_v4_espeakng:synthetic-voice:espeakng_kazakh_formant:kk:w225:p35:a100,ksc_slr102:5f59bf1d3c308,065d5d3922bf0be51076012bfdca67f5c2df08161630960b6e15634de9a9794d,3.1645351473922902,formant_rule_based_tts,eSpeak NG Kazakh formant synthesizer,eSpeak NG 1.52.0 source-4870adfa25b1a32b4361592f1be8a40337c58d6c; Ubuntu 1.52.0+dfsg-5build1 runtime packages,espeakng_kazakh_formant:kk:w225:p35:a100,not_applicable:pretrained-tts-no-local-voice-cloning,local_cpu_espeakng_formant,offline_formant_tts,22050,wav,none,,2026-08-10T00:00:00Z
ksc_derived_kk_v4_espeakng:81f1916b38d61eda,raw/ksc_derived_kk_v4_espeakng/slices/espeakng-407/espeakng_kazakh_formant/5f59b975c243d.wav,522f5b14c6fa0fc0579e981e48e41117efc4b25e7fdc2888ee62b58eb92df2e5,test,spoof,kk,unknown,ksc_derived_kk_v4_espeakng:profile:espeakng_kazakh_formant:kk:w225:p50:a100,ksc_derived_kk_v4_espeakng,KSC text CC-BY-4.0; eSpeak NG GPL-3.0-or-later,Offline derivative for personal research from KSC transcript ksc_slr102:5f59b975c243d; eSpeak NG GPL-3.0-or-later; bundled Ubuntu runtime packages retain their declared package licenses; no voice cloning,ksc_derived_kk_v4_espeakng:synthetic-voice:espeakng_kazakh_formant:kk:w225:p50:a100,ksc_slr102:5f59b975c243d,435eb80afd8a46e2a1bed130c3328e0f933087392be7d3359027d607df2d11e2,7.748072562358277,formant_rule_based_tts,eSpeak NG Kazakh formant synthesizer,eSpeak NG 1.52.0 source-4870adfa25b1a32b4361592f1be8a40337c58d6c; Ubuntu 1.52.0+dfsg-5build1 runtime packages,espeakng_kazakh_formant:kk:w225:p50:a100,not_applicable:pretrained-tts-no-local-voice-cloning,local_cpu_espeakng_formant,offline_formant_tts,22050,wav,none,,2026-08-10T00:00:00Z
ksc_derived_kk_v4_espeakng:b2795c2942a2e86b,raw/ksc_derived_kk_v4_espeakng/slices/espeakng-407/espeakng_kazakh_formant/5f5f48d36429f.wav,c5ce85e13f031f9bde7936e8ed730b940b6ff22fb516ad08714a1dd7cfcb2345,test,spoof,kk,unknown,ksc_derived_kk_v4_espeakng:profile:espeakng_kazakh_formant:kk:w225:p65:a100,ksc_derived_kk_v4_espeakng,KSC text CC-BY-4.0; eSpeak NG GPL-3.0-or-later,Offline derivative for personal research from KSC transcript ksc_slr102:5f5f48d36429f; eSpeak NG GPL-3.0-or-later; bundled Ubuntu runtime packages retain their declared package licenses; no voice cloning,ksc_derived_kk_v4_espeakng:synthetic-voice:espeakng_kazakh_formant:kk:w225:p65:a100,ksc_slr102:5f5f48d36429f,ea1505137b4d73c75c2dad9aacadec318b8e2d46c5845d06a6309925266a6abb,4.665532879818594,formant_rule_based_tts,eSpeak NG Kazakh formant synthesizer,eSpeak NG 1.52.0 source-4870adfa25b1a32b4361592f1be8a40337c58d6c; Ubuntu 1.52.0+dfsg-5build1 runtime packages,espeakng_kazakh_formant:kk:w225:p65:a100,not_applicable:pretrained-tts-no-local-voice-cloning,local_cpu_espeakng_formant,offline_formant_tts,22050,wav,none,,2026-08-10T00:00:00Z
ksc_derived_kk_v4_espeakng:c67780006b40e9fa,raw/ksc_derived_kk_v4_espeakng/slices/espeakng-407/espeakng_kazakh_formant/5f60e5a8003a3.wav,fe634dffe3184ee8d435bcfb186c6abf63fd1919670056f004c4c2e2c419abaf,test,spoof,kk,unknown,ksc_derived_kk_v4_espeakng:profile:espeakng_kazakh_formant:kk:w150:p35:a100,ksc_derived_kk_v4_espeakng,KSC text CC-BY-4.0; eSpeak NG GPL-3.0-or-later,Offline derivative for personal research from KSC transcript ksc_slr102:5f60e5a8003a3; eSpeak NG GPL-3.0-or-later; bundled Ubuntu runtime packages retain their declared package licenses; no voice cloning,ksc_derived_kk_v4_espeakng:synthetic-voice:espeakng_kazakh_formant:kk:w150:p35:a100,ksc_slr102:5f60e5a8003a3,5d37fdb9f908cee09f1a0629c714abe45966c4bac8a55440e2d410dbc223eba7,6.612244897959184,formant_rule_based_tts,eSpeak NG Kazakh formant synthesizer,eSpeak NG 1.52.0 source-4870adfa25b1a32b4361592f1be8a40337c58d6c; Ubuntu 1.52.0+dfsg-5build1 runtime packages,espeakng_kazakh_formant:kk:w150:p35:a100,not_applicable:pretrained-tts-no-local-voice-cloning,local_cpu_espeakng_formant,offline_formant_tts,22050,wav,none,,2026-08-10T00:00:00Z
ksc_derived_kk_v4_espeakng:f059cf3826c6be2c,raw/ksc_derived_kk_v4_espeakng/slices/espeakng-407/espeakng_kazakh_formant/5fa3aeae2ee1b.wav,b7c8555fb3504e756ced676f5ac999ff43162567c0128e71fbc1abc5abd74446,test,spoof,kk,unknown,ksc_derived_kk_v4_espeakng:profile:espeakng_kazakh_formant:kk:w150:p50:a100,ksc_derived_kk_v4_espeakng,KSC text CC-BY-4.0; eSpeak NG GPL-3.0-or-later,Offline derivative for personal research from KSC transcript ksc_slr102:5fa3aeae2ee1b; eSpeak NG GPL-3.0-or-later; bundled Ubuntu runtime packages retain their declared package licenses; no voice cloning,ksc_derived_kk_v4_espeakng:synthetic-voice:espeakng_kazakh_formant:kk:w150:p50:a100,ksc_slr102:5fa3aeae2ee1b,a0c442dddc0977c2889a23c06ea3cfa33b8154f387ee8de6af9c447bdf4fbff5,5.630839002267574,formant_rule_based_tts,eSpeak NG Kazakh formant synthesizer,eSpeak NG 1.52.0 source-4870adfa25b1a32b4361592f1be8a40337c58d6c; Ubuntu 1.52.0+dfsg-5build1 runtime packages,espeakng_kazakh_formant:kk:w150:p50:a100,not_applicable:pretrained-tts-no-local-voice-cloning,local_cpu_espeakng_formant,offline_formant_tts,22050,wav,none,,2026-08-10T00:00:00Z
ksc_derived_kk_v4_espeakng:508cc5da4a2f773e,raw/ksc_derived_kk_v4_espeakng/slices/espeakng-407/espeakng_kazakh_formant/5f5a35407e228.wav,ae9e0e17018de036033b99bace0edcfa4b54014712facf5cd726204840f37c37,test,spoof,kk,unknown,ksc_derived_kk_v4_espeakng:profile:espeakng_kazakh_formant:kk:w150:p65:a100,ksc_derived_kk_v4_espeakng,KSC text CC-BY-4.0; eSpeak NG GPL-3.0-or-later,Offline derivative for personal research from KSC transcript ksc_slr102:5f5a35407e228; eSpeak NG GPL-3.0-or-later; bundled Ubuntu runtime packages retain their declared package licenses; no voice cloning,ksc_derived_kk_v4_espeakng:synthetic-voice:espeakng_kazakh_formant:kk:w150:p65:a100,ksc_slr102:5f5a35407e228,be1f54a2e14fc7cde8c4c10157e6a85f1b0b370e7527bac917e1ab3d8c5966cd,4.469206349206349,formant_rule_based_tts,eSpeak NG Kazakh formant synthesizer,eSpeak NG 1.52.0 source-4870adfa25b1a32b4361592f1be8a40337c58d6c; Ubuntu 1.52.0+dfsg-5build1 runtime packages,espeakng_kazakh_formant:kk:w150:p65:a100,not_applicable:pretrained-tts-no-local-voice-cloning,local_cpu_espeakng_formant,offline_formant_tts,22050,wav,none,,2026-08-10T00:00:00Z
ksc_derived_kk_v4_espeakng:8469e6f26df461a4,raw/ksc_derived_kk_v4_espeakng/slices/espeakng-407/espeakng_kazakh_formant/5f58d2cb54592.wav,55a5ec86870a0b3e6759ec7337a8144e136ab757f4d8d33cd7a3e80d5c6e6bd1,test,spoof,kk,unknown,ksc_derived_kk_v4_espeakng:profile:espeakng_kazakh_formant:kk:w175:p35:a100,ksc_derived_kk_v4_espeakng,KSC text CC-BY-4.0; eSpeak NG GPL-3.0-or-later,Offline derivative for personal research from KSC transcript ksc_slr102:5f58d2cb54592; eSpeak NG GPL-3.0-or-later; bundled Ubuntu runtime packages retain their declared package licenses; no voice cloning,ksc_derived_kk_v4_espeakng:synthetic-voice:espeakng_kazakh_formant:kk:w175:p35:a100,ksc_slr102:5f58d2cb54592,977a67d057cecc7e815d817924a7258b0f25123f263778c83436f8bd99c95637,5.343401360544218,formant_rule_based_tts,eSpeak NG Kazakh formant synthesizer,eSpeak NG 1.52.0 source-4870adfa25b1a32b4361592f1be8a40337c58d6c; Ubuntu 1.52.0+dfsg-5build1 runtime packages,espeakng_kazakh_formant:kk:w175:p35:a100,not_applicable:pretrained-tts-no-local-voice-cloning,local_cpu_espeakng_formant,offline_formant_tts,22050,wav,none,,2026-08-10T00:00:00Z
ksc_derived_kk_v4_espeakng:32130ccbf662f057,raw/ksc_derived_kk_v4_espeakng/slices/espeakng-407/espeakng_kazakh_formant/5f5f21e13f9df.wav,7d9a3b646ac87d4a05ddfe294a6103be46eeb1fea4b5ec6d168c8b1e9e8c0751,test,spoof,kk,unknown,ksc_derived_kk_v4_espeakng:profile:espeakng_kazakh_formant:kk:w175:p50:a100,ksc_derived_kk_v4_espeakng,KSC text CC-BY-4.0; eSpeak NG GPL-3.0-or-later,Offline derivative for personal research from KSC transcript ksc_slr102:5f5f21e13f9df; eSpeak NG GPL-3.0-or-later; bundled Ubuntu runtime packages retain their declared package licenses; no voice cloning,ksc_derived_kk_v4_espeakng:synthetic-voice:espeakng_kazakh_formant:kk:w175:p50:a100,ksc_slr102:5f5f21e13f9df,748dc9f380fbf0bcf013f12e82340d11417daa57e6b3296daabf3da5563ef46e,3.360997732426304,formant_rule_based_tts,eSpeak NG Kazakh formant synthesizer,eSpeak NG 1.52.0 source-4870adfa25b1a32b4361592f1be8a40337c58d6c; Ubuntu 1.52.0+dfsg-5build1 runtime packages,espeakng_kazakh_formant:kk:w175:p50:a100,not_applicable:pretrained-tts-no-local-voice-cloning,local_cpu_espeakng_formant,offline_formant_tts,22050,wav,none,,2026-08-10T00:00:00Z
ksc_derived_kk_v4_espeakng:163efb4db79bb8d8,raw/ksc_derived_kk_v4_espeakng/slices/espeakng-407/espeakng_kazakh_formant/5f5a554605666.wav,559ff076497d451dd6d88e6f0c0b9e0c112c3ea2194c6172f8f428529cfcd0ed,test,spoof,kk,unknown,ksc_derived_kk_v4_espeakng:profile:espeakng_kazakh_formant:kk:w175:p65:a100,ksc_derived_kk_v4_espeakng,KSC text CC-BY-4.0; eSpeak NG GPL-3.0-or-later,Offline derivative for personal research from KSC transcript ksc_slr102:5f5a554605666; eSpeak NG GPL-3.0-or-later; bundled Ubuntu runtime packages retain their declared package licenses; no voice cloning,ksc_derived_kk_v4_espeakng:synthetic-voice:espeakng_kazakh_formant:kk:w175:p65:a100,ksc_slr102:5f5a554605666,38994a9d10bb7b9eda5f0d76d7922a9e622f257bb261f4fbf9a8718c84961e70,3.9594104308390023,formant_rule_based_tts,eSpeak NG Kazakh formant synthesizer,eSpeak NG 1.52.0 source-4870adfa25b1a32b4361592f1be8a40337c58d6c; Ubuntu 1.52.0+dfsg-5build1 runtime packages,espeakng_kazakh_formant:kk:w175:p65:a100,not_applicable:pretrained-tts-no-local-voice-cloning,local_cpu_espeakng_formant,offline_formant_tts,22050,wav,none,,2026-08-10T00:00:00Z
ksc_derived_kk_v4_espeakng:fbd1072b53897a8f,raw/ksc_derived_kk_v4_espeakng/slices/espeakng-407/espeakng_kazakh_formant/5f5774d5f3238.wav,d789a5e277ea3e9255ca508f71f6e7bf3496741140e79142b9e2d1d8c52911de,test,spoof,kk,unknown,ksc_derived_kk_v4_espeakng:profile:espeakng_kazakh_formant:kk:w200:p35:a100,ksc_derived_kk_v4_espeakng,KSC text CC-BY-4.0; eSpeak NG GPL-3.0-or-later,Offline derivative for personal research from KSC transcript ksc_slr102:5f5774d5f3238; eSpeak NG GPL-3.0-or-later; bundled Ubuntu runtime packages retain their declared package licenses; no voice cloning,ksc_derived_kk_v4_espeakng:synthetic-voice:espeakng_kazakh_formant:kk:w200:p35:a100,ksc_slr102:5f5774d5f3238,b3fce2a712d39237ab5f12a375912bef3ba0121c57e7503f2dd833ac94169c5b,1.8778684807256236,formant_rule_based_tts,eSpeak NG Kazakh formant synthesizer,eSpeak NG 1.52.0 source-4870adfa25b1a32b4361592f1be8a40337c58d6c; Ubuntu 1.52.0+dfsg-5build1 runtime packages,espeakng_kazakh_formant:kk:w200:p35:a100,not_applicable:pretrained-tts-no-local-voice-cloning,local_cpu_espeakng_formant,offline_formant_tts,22050,wav,none,,2026-08-10T00:00:00Z
ksc_derived_kk_v4_espeakng:1196cae0e1885b1b,raw/ksc_derived_kk_v4_espeakng/slices/espeakng-407/espeakng_kazakh_formant/5f58fe27f35ce.wav,7df09b415ade16ead296d92ebb8a91a95f88958b54e2f274e7cf82fa70f1af0b,test,spoof,kk,unknown,ksc_derived_kk_v4_espeakng:profile:espeakng_kazakh_formant:kk:w200:p50:a100,ksc_derived_kk_v4_espeakng,KSC text CC-BY-4.0; eSpeak NG GPL-3.0-or-later,Offline derivative for personal research from KSC transcript ksc_slr102:5f58fe27f35ce; eSpeak NG GPL-3.0-or-later; bundled Ubuntu runtime packages retain their declared package licenses; no voice cloning,ksc_derived_kk_v4_espeakng:synthetic-voice:espeakng_kazakh_formant:kk:w200:p50:a100,ksc_slr102:5f58fe27f35ce,613fe8b2afe904a8d585ec3f832bc3655d26703081630e8c6cafafaf8b7cb543,5.281315192743764,formant_rule_based_tts,eSpeak NG Kazakh formant synthesizer,eSpeak NG 1.52.0 source-4870adfa25b1a32b4361592f1be8a40337c58d6c; Ubuntu 1.52.0+dfsg-5build1 runtime packages,espeakng_kazakh_formant:kk:w200:p50:a100,not_applicable:pretrained-tts-no-local-voice-cloning,local_cpu_espeakng_formant,offline_formant_tts,22050,wav,none,,2026-08-10T00:00:00Z
ksc_derived_kk_v4_espeakng:84d3b9669698c85c,raw/ksc_derived_kk_v4_espeakng/slices/espeakng-407/espeakng_kazakh_formant/5f57966a1755c.wav,56a6745d77bddec9a18ecad2d2cc593e9bada3cadd39a721029ac0892982d1d2,test,spoof,kk,unknown,ksc_derived_kk_v4_espeakng:profile:espeakng_kazakh_formant:kk:w200:p65:a100,ksc_derived_kk_v4_espeakng,KSC text CC-BY-4.0; eSpeak NG GPL-3.0-or-later,Offline derivative for personal research from KSC transcript ksc_slr102:5f57966a1755c; eSpeak NG GPL-3.0-or-later; bundled Ubuntu runtime packages retain their declared package licenses; no voice cloning,ksc_derived_kk_v4_espeakng:synthetic-voice:espeakng_kazakh_formant:kk:w200:p65:a100,ksc_slr102:5f57966a1755c,ea6ad878ca764c336a03fa2f75ac0f0f0a52b3873b016e14c5ba3344579096ce,1.4170521541950114,formant_rule_based_tts,eSpeak NG Kazakh formant synthesizer,eSpeak NG 1.52.0 source-4870adfa25b1a32b4361592f1be8a40337c58d6c; Ubuntu 1.52.0+dfsg-5build1 runtime packages,espeakng_kazakh_formant:kk:w200:p65:a100,not_applicable:pretrained-tts-no-local-voice-cloning,local_cpu_espeakng_formant,offline_formant_tts,22050,wav,none,,2026-08-10T00:00:00Z
ksc_derived_kk_v4_espeakng:4ee15cdcb07149a8,raw/ksc_derived_kk_v4_espeakng/slices/espeakng-407/espeakng_kazakh_formant/5f5af7bc88ca1.wav,f6ed277ad6540592502effb11fda2ffb01a157b60ed95af36ba144e50fd4efbd,test,spoof,kk,unknown,ksc_derived_kk_v4_espeakng:profile:espeakng_kazakh_formant:kk:w225:p35:a100,ksc_derived_kk_v4_espeakng,KSC text CC-BY-4.0; eSpeak NG GPL-3.0-or-later,Offline derivative for personal research from KSC transcript ksc_slr102:5f5af7bc88ca1; eSpeak NG GPL-3.0-or-later; bundled Ubuntu runtime packages retain their declared package licenses; no voice cloning,ksc_derived_kk_v4_espeakng:synthetic-voice:espeakng_kazakh_formant:kk:w225:p35:a100,ksc_slr102:5f5af7bc88ca1,cdb5750868e8169e7771ec23aaf687b5232262bb4a8b65c0073c911b8d921987,4.947845804988662,formant_rule_based_tts,eSpeak NG Kazakh formant synthesizer,eSpeak NG 1.52.0 source-4870adfa25b1a32b4361592f1be8a40337c58d6c; Ubuntu 1.52.0+dfsg-5build1 runtime packages,espeakng_kazakh_formant:kk:w225:p35:a100,not_applicable:pretrained-tts-no-local-voice-cloning,local_cpu_espeakng_formant,offline_formant_tts,22050,wav,none,,2026-08-10T00:00:00Z
ksc_derived_kk_v4_espeakng:8c02160ea711119f,raw/ksc_derived_kk_v4_espeakng/slices/espeakng-407/espeakng_kazakh_formant/5f5f1666871dd.wav,b20bc6ee654a4caa4963a6e74f7dd760458e55c744911b7bc3a52db8f543e609,test,spoof,kk,unknown,ksc_derived_kk_v4_espeakng:profile:espeakng_kazakh_formant:kk:w225:p50:a100,ksc_derived_kk_v4_espeakng,KSC text CC-BY-4.0; eSpeak NG GPL-3.0-or-later,Offline derivative for personal research from KSC transcript ksc_slr102:5f5f1666871dd; eSpeak NG GPL-3.0-or-later; bundled Ubuntu runtime packages retain their declared package licenses; no voice cloning,ksc_derived_kk_v4_espeakng:synthetic-voice:espeakng_kazakh_formant:kk:w225:p50:a100,ksc_slr102:5f5f1666871dd,49102b059d90ee7ceb933628e9d69ad0ef667b3ca9003e051c2be2e864ca86d3,2.9296145124716553,formant_rule_based_tts,eSpeak NG Kazakh formant synthesizer,eSpeak NG 1.52.0 source-4870adfa25b1a32b4361592f1be8a40337c58d6c; Ubuntu 1.52.0+dfsg-5build1 runtime packages,espeakng_kazakh_formant:kk:w225:p50:a100,not_applicable:pretrained-tts-no-local-voice-cloning,local_cpu_espeakng_formant,offline_formant_tts,22050,wav,none,,2026-08-10T00:00:00Z
ksc_derived_kk_v4_espeakng:ca6fbb4b9ed7b08e,raw/ksc_derived_kk_v4_espeakng/slices/espeakng-407/espeakng_kazakh_formant/5f60ade8cce74.wav,250b12909fc023673b6710c07b71af5bc89047b06bf10de8ea11a6552e194a56,test,spoof,kk,unknown,ksc_derived_kk_v4_espeakng:profile:espeakng_kazakh_formant:kk:w225:p65:a100,ksc_derived_kk_v4_espeakng,KSC text CC-BY-4.0; eSpeak NG GPL-3.0-or-later,Offline derivative for personal research from KSC transcript ksc_slr102:5f60ade8cce74; eSpeak NG GPL-3.0-or-later; bundled Ubuntu runtime packages retain their declared package licenses; no voice cloning,ksc_derived_kk_v4_espeakng:synthetic-voice:espeakng_kazakh_formant:kk:w225:p65:a100,ksc_slr102:5f60ade8cce74,cc4dc9775c39a7bcd5b7c00d6a6a5408daa203c3c5f58e7f6e9d0a36edb22d40,4.710113378684807,formant_rule_based_tts,eSpeak NG Kazakh formant synthesizer,eSpeak NG 1.52.0 source-4870adfa25b1a32b4361592f1be8a40337c58d6c; Ubuntu 1.52.0+dfsg-5build1 runtime packages,espeakng_kazakh_formant:kk:w225:p65:a100,not_applicable:pretrained-tts-no-local-voice-cloning,local_cpu_espeakng_formant,offline_formant_tts,22050,wav,none,,2026-08-10T00:00:00Z
ksc_derived_kk_v4_espeakng:3f215fa4cafd8428,raw/ksc_derived_kk_v4_espeakng/slices/espeakng-407/espeakng_kazakh_formant/5f60e6f336f42.wav,024e43a51d4aefbc7f471acab53a11b54522832d326a6ac2dc7a26243749d4ae,test,spoof,kk,unknown,ksc_derived_kk_v4_espeakng:profile:espeakng_kazakh_formant:kk:w150:p35:a100,ksc_derived_kk_v4_espeakng,KSC text CC-BY-4.0; eSpeak NG GPL-3.0-or-later,Offline derivative for personal research from KSC transcript ksc_slr102:5f60e6f336f42; eSpeak NG GPL-3.0-or-later; bundled Ubuntu runtime packages retain their declared package licenses; no voice cloning,ksc_derived_kk_v4_espeakng:synthetic-voice:espeakng_kazakh_formant:kk:w150:p35:a100,ksc_slr102:5f60e6f336f42,b69d170121b4d42c92a47ec28ed82251953d933613d8d60830353d86658a2dcb,6.207800453514739,formant_rule_based_tts,eSpeak NG Kazakh formant synthesizer,eSpeak NG 1.52.0 source-4870adfa25b1a32b4361592f1be8a40337c58d6c; Ubuntu 1.52.0+dfsg-5build1 runtime packages,espeakng_kazakh_formant:kk:w150:p35:a100,not_applicable:pretrained-tts-no-local-voice-cloning,local_cpu_espeakng_formant,offline_formant_tts,22050,wav,none,,2026-08-10T00:00:00Z
ksc_derived_kk_v4_espeakng:cc90d723d1b13db8,raw/ksc_derived_kk_v4_espeakng/slices/espeakng-407/espeakng_kazakh_formant/5f5a5e4c02de9.wav,557f2b1cdc0542e8fe421f737f66e1a9a09518e5085e5002d68b14a09f484ff2,test,spoof,kk,unknown,ksc_derived_kk_v4_espeakng:profile:espeakng_kazakh_formant:kk:w150:p50:a100,ksc_derived_kk_v4_espeakng,KSC text CC-BY-4.0; eSpeak NG GPL-3.0-or-later,Offline derivative for personal research from KSC transcript ksc_slr102:5f5a5e4c02de9; eSpeak NG GPL-3.0-or-later; bundled Ubuntu runtime packages retain their declared package licenses; no voice cloning,ksc_derived_kk_v4_espeakng:synthetic-voice:espeakng_kazakh_formant:kk:w150:p50:a100,ksc_slr102:5f5a5e4c02de9,ce8202a8088ceba6bb84d2366da9f8bfd0b7cd00562ede392026f59e14a2e233,3.9683446712018142,formant_rule_based_tts,eSpeak NG Kazakh formant synthesizer,eSpeak NG 1.52.0 source-4870adfa25b1a32b4361592f1be8a40337c58d6c; Ubuntu 1.52.0+dfsg-5build1 runtime packages,espeakng_kazakh_formant:kk:w150:p50:a100,not_applicable:pretrained-tts-no-local-voice-cloning,local_cpu_espeakng_formant,offline_formant_tts,22050,wav,none,,2026-08-10T00:00:00Z
ksc_derived_kk_v4_espeakng:4ad989adc2078df7,raw/ksc_derived_kk_v4_espeakng/slices/espeakng-407/espeakng_kazakh_formant/5f5c4c93314bb.wav,d6bde8f186a6dffe311117b489009fa13a832b779d6ee8688eb0387137f42f64,test,spoof,kk,unknown,ksc_derived_kk_v4_espeakng:profile:espeakng_kazakh_formant:kk:w150:p65:a100,ksc_derived_kk_v4_espeakng,KSC text CC-BY-4.0; eSpeak NG GPL-3.0-or-later,Offline derivative for personal research from KSC transcript ksc_slr102:5f5c4c93314bb; eSpeak NG GPL-3.0-or-later; bundled Ubuntu runtime packages retain their declared package licenses; no voice cloning,ksc_derived_kk_v4_espeakng:synthetic-voice:espeakng_kazakh_formant:kk:w150:p65:a100,ksc_slr102:5f5c4c93314bb,a6307265ecde66063181112f31f6ecd7d9988062cb68080d2cd143f33022bfec,4.7424943310657595,formant_rule_based_tts,eSpeak NG Kazakh formant synthesizer,eSpeak NG 1.52.0 source-4870adfa25b1a32b4361592f1be8a40337c58d6c; Ubuntu 1.52.0+dfsg-5build1 runtime packages,espeakng_kazakh_formant:kk:w150:p65:a100,not_applicable:pretrained-tts-no-local-voice-cloning,local_cpu_espeakng_formant,offline_formant_tts,22050,wav,none,,2026-08-10T00:00:00Z
ksc_derived_kk_v4_espeakng:7fe2a3a00681ad33,raw/ksc_derived_kk_v4_espeakng/slices/espeakng-407/espeakng_kazakh_formant/5f58ddcee1e58.wav,4db61ced231d981e24cd987bcdd1567bcecdd9c2e7cc468daee217691b411e71,test,spoof,kk,unknown,ksc_derived_kk_v4_espeakng:profile:espeakng_kazakh_formant:kk:w175:p35:a100,ksc_derived_kk_v4_espeakng,KSC text CC-BY-4.0; eSpeak NG GPL-3.0-or-later,Offline derivative for personal research from KSC transcript ksc_slr102:5f58ddcee1e58; eSpeak NG GPL-3.0-or-later; bundled Ubuntu runtime packages retain their declared package licenses; no voice cloning,ksc_derived_kk_v4_espeakng:synthetic-voice:espeakng_kazakh_formant:kk:w175:p35:a100,ksc_slr102:5f58ddcee1e58,2f686fa73e5e982f250a495440d2bbea5fbc73a3be51841614f9efe31f6c55b8,4.011655328798186,formant_rule_based_tts,eSpeak NG Kazakh formant synthesizer,eSpeak NG 1.52.0 source-4870adfa25b1a32b4361592f1be8a40337c58d6c; Ubuntu 1.52.0+dfsg-5build1 runtime packages,espeakng_kazakh_formant:kk:w175:p35:a100,not_applicable:pretrained-tts-no-local-voice-cloning,local_cpu_espeakng_formant,offline_formant_tts,22050,wav,none,,2026-08-10T00:00:00Z
ksc_derived_kk_v4_espeakng:634dfbf4ba16eb83,raw/ksc_derived_kk_v4_espeakng/slices/espeakng-407/espeakng_kazakh_formant/5f58fa9cee701.wav,4f43059e1f1d4e312dfbfbd0534ad3dc69bd95834901ea476006463e0271e041,test,spoof,kk,unknown,ksc_derived_kk_v4_espeakng:profile:espeakng_kazakh_formant:kk:w175:p50:a100,ksc_derived_kk_v4_espeakng,KSC text CC-BY-4.0; eSpeak NG GPL-3.0-or-later,Offline derivative for personal research from KSC transcript ksc_slr102:5f58fa9cee701; eSpeak NG GPL-3.0-or-later; bundled Ubuntu runtime packages retain their declared package licenses; no voice cloning,ksc_derived_kk_v4_espeakng:synthetic-voice:espeakng_kazakh_formant:kk:w175:p50:a100,ksc_slr102:5f58fa9cee701,d43c93b31982bf6a449fa48957c92f4ecedfb1929d7a293edcf6f726ee7c1eba,7.8468027210884355,formant_rule_based_tts,eSpeak NG Kazakh formant synthesizer,eSpeak NG 1.52.0 source-4870adfa25b1a32b4361592f1be8a40337c58d6c; Ubuntu 1.52.0+dfsg-5build1 runtime packages,espeakng_kazakh_formant:kk:w175:p50:a100,not_applicable:pretrained-tts-no-local-voice-cloning,local_cpu_espeakng_formant,offline_formant_tts,22050,wav,none,,2026-08-10T00:00:00Z
ksc_derived_kk_v4_espeakng:b4a54d8cebfc3668,raw/ksc_derived_kk_v4_espeakng/slices/espeakng-407/espeakng_kazakh_formant/5f9fc58aa618f.wav,a2ac68ab3fde2170146acc395d4db2dfa490dd11fbb87e2613331523e97567b8,test,spoof,kk,unknown,ksc_derived_kk_v4_espeakng:profile:espeakng_kazakh_formant:kk:w175:p65:a100,ksc_derived_kk_v4_espeakng,KSC text CC-BY-4.0; eSpeak NG GPL-3.0-or-later,Offline derivative for personal research from KSC transcript ksc_slr102:5f9fc58aa618f; eSpeak NG GPL-3.0-or-later; bundled Ubuntu runtime packages retain their declared package licenses; no voice cloning,ksc_derived_kk_v4_espeakng:synthetic-voice:espeakng_kazakh_formant:kk:w175:p65:a100,ksc_slr102:5f9fc58aa618f,f74b4acdc91cb96c18501f015f97b2f4b344323ca547659ce0d647839c8610a8,1.7492517006802721,formant_rule_based_tts,eSpeak NG Kazakh formant synthesizer,eSpeak NG 1.52.0 source-4870adfa25b1a32b4361592f1be8a40337c58d6c; Ubuntu 1.52.0+dfsg-5build1 runtime packages,espeakng_kazakh_formant:kk:w175:p65:a100,not_applicable:pretrained-tts-no-local-voice-cloning,local_cpu_espeakng_formant,offline_formant_tts,22050,wav,none,,2026-08-10T00:00:00Z
ksc_derived_kk_v4_espeakng:ab7458b7d852787d,raw/ksc_derived_kk_v4_espeakng/slices/espeakng-407/espeakng_kazakh_formant/5f5f5897769a1.wav,7124bd8bf8a8a0bfc466381322986348c5404f9b7087caa194e6cc0c412fe118,test,spoof,kk,unknown,ksc_derived_kk_v4_espeakng:profile:espeakng_kazakh_formant:kk:w200:p35:a100,ksc_derived_kk_v4_espeakng,KSC text CC-BY-4.0; eSpeak NG GPL-3.0-or-later,Offline derivative for personal research from KSC transcript ksc_slr102:5f5f5897769a1; eSpeak NG GPL-3.0-or-later; bundled Ubuntu runtime packages retain their declared package licenses; no voice cloning,ksc_derived_kk_v4_espeakng:synthetic-voice:espeakng_kazakh_formant:kk:w200:p35:a100,ksc_slr102:5f5f5897769a1,8164a7f81decbd79330978e5b25e44201a8651f9312fa7fcea5843daa2404563,3.182267573696145,formant_rule_based_tts,eSpeak NG Kazakh formant synthesizer,eSpeak NG 1.52.0 source-4870adfa25b1a32b4361592f1be8a40337c58d6c; Ubuntu 1.52.0+dfsg-5build1 runtime packages,espeakng_kazakh_formant:kk:w200:p35:a100,not_applicable:pretrained-tts-no-local-voice-cloning,local_cpu_espeakng_formant,offline_formant_tts,22050,wav,none,,2026-08-10T00:00:00Z
ksc_derived_kk_v4_espeakng:26f90ec66d968dc5,raw/ksc_derived_kk_v4_espeakng/slices/espeakng-407/espeakng_kazakh_formant/5f5f5357dfbf4.wav,f9fac66966810845eab57167f03e067177fa934a29318e18741180a2d1dc451d,test,spoof,kk,unknown,ksc_derived_kk_v4_espeakng:profile:espeakng_kazakh_formant:kk:w200:p50:a100,ksc_derived_kk_v4_espeakng,KSC text CC-BY-4.0; eSpeak NG GPL-3.0-or-later,Offline derivative for personal research from KSC transcript ksc_slr102:5f5f5357dfbf4; eSpeak NG GPL-3.0-or-later; bundled Ubuntu runtime packages retain their declared package licenses; no voice cloning,ksc_derived_kk_v4_espeakng:synthetic-voice:espeakng_kazakh_formant:kk:w200:p50:a100,ksc_slr102:5f5f5357dfbf4,953e5a1f46645d50cfe950258f5336eebd3d857dd6d8f88cb61a3e7d930edffc,3.7113378684807254,formant_rule_based_tts,eSpeak NG Kazakh formant synthesizer,eSpeak NG 1.52.0 source-4870adfa25b1a32b4361592f1be8a40337c58d6c; Ubuntu 1.52.0+dfsg-5build1 runtime packages,espeakng_kazakh_formant:kk:w200:p50:a100,not_applicable:pretrained-tts-no-local-voice-cloning,local_cpu_espeakng_formant,offline_formant_tts,22050,wav,none,,2026-08-10T00:00:00Z
ksc_derived_kk_v4_espeakng:51c94f29007c3ce1,raw/ksc_derived_kk_v4_espeakng/slices/espeakng-407/espeakng_kazakh_formant/5f60e6064fc2a.wav,9411a7ec09c69c076b9a240430e1b47f3ca33f9393e1806a614a1134146cb41f,test,spoof,kk,unknown,ksc_derived_kk_v4_espeakng:profile:espeakng_kazakh_formant:kk:w200:p65:a100,ksc_derived_kk_v4_espeakng,KSC text CC-BY-4.0; eSpeak NG GPL-3.0-or-later,Offline derivative for personal research from KSC transcript ksc_slr102:5f60e6064fc2a; eSpeak NG GPL-3.0-or-later; bundled Ubuntu runtime packages retain their declared package licenses; no voice cloning,ksc_derived_kk_v4_espeakng:synthetic-voice:espeakng_kazakh_formant:kk:w200:p65:a100,ksc_slr102:5f60e6064fc2a,eacd55dbf4062201bc75ab3192822e334eda50830a29b26c2e5a5d06ec87e08a,4.337687074829932,formant_rule_based_tts,eSpeak NG Kazakh formant synthesizer,eSpeak NG 1.52.0 source-4870adfa25b1a32b4361592f1be8a40337c58d6c; Ubuntu 1.52.0+dfsg-5build1 runtime packages,espeakng_kazakh_formant:kk:w200:p65:a100,not_applicable:pretrained-tts-no-local-voice-cloning,local_cpu_espeakng_formant,offline_formant_tts,22050,wav,none,,2026-08-10T00:00:00Z
ksc_derived_kk_v4_espeakng:d63d624fbbda2ac6,raw/ksc_derived_kk_v4_espeakng/slices/espeakng-407/espeakng_kazakh_formant/5f5af59dbfdf2.wav,21cd4e4a87b336376a2b62d02143184cb0d2a3371d6d7e789cd4bb09c4083544,test,spoof,kk,unknown,ksc_derived_kk_v4_espeakng:profile:espeakng_kazakh_formant:kk:w225:p35:a100,ksc_derived_kk_v4_espeakng,KSC text CC-BY-4.0; eSpeak NG GPL-3.0-or-later,Offline derivative for personal research from KSC transcript ksc_slr102:5f5af59dbfdf2; eSpeak NG GPL-3.0-or-later; bundled Ubuntu runtime packages retain their declared package licenses; no voice cloning,ksc_derived_kk_v4_espeakng:synthetic-voice:espeakng_kazakh_formant:kk:w225:p35:a100,ksc_slr102:5f5af59dbfdf2,5c73ca20677804c4b44e73ed2d799cc0d8da49f9a0606a09d829fd5daeebdaaa,2.180498866213152,formant_rule_based_tts,eSpeak NG Kazakh formant synthesizer,eSpeak NG 1.52.0 source-4870adfa25b1a32b4361592f1be8a40337c58d6c; Ubuntu 1.52.0+dfsg-5build1 runtime packages,espeakng_kazakh_formant:kk:w225:p35:a100,not_applicable:pretrained-tts-no-local-voice-cloning,local_cpu_espeakng_formant,offline_formant_tts,22050,wav,none,,2026-08-10T00:00:00Z
ksc_derived_kk_v4_espeakng:c545f10de9e42468,raw/ksc_derived_kk_v4_espeakng/slices/espeakng-407/espeakng_kazakh_formant/5f5688bb23501.wav,1501a63866eb17f55e7580f25c7c9345720c05a04475e09bc085fd4ba4f3aa19,test,spoof,kk,unknown,ksc_derived_kk_v4_espeakng:profile:espeakng_kazakh_formant:kk:w225:p50:a100,ksc_derived_kk_v4_espeakng,KSC text CC-BY-4.0; eSpeak NG GPL-3.0-or-later,Offline derivative for personal research from KSC transcript ksc_slr102:5f5688bb23501; eSpeak NG GPL-3.0-or-later; bundled Ubuntu runtime packages retain their declared package licenses; no voice cloning,ksc_derived_kk_v4_espeakng:synthetic-voice:espeakng_kazakh_formant:kk:w225:p50:a100,ksc_slr102:5f5688bb23501,9f46580cba11086f55c10aba87f33bdd74f2fcfb974f63b436a12e89ebf56a87,2.2923809523809524,formant_rule_based_tts,eSpeak NG Kazakh formant synthesizer,eSpeak NG 1.52.0 source-4870adfa25b1a32b4361592f1be8a40337c58d6c; Ubuntu 1.52.0+dfsg-5build1 runtime packages,espeakng_kazakh_formant:kk:w225:p50:a100,not_applicable:pretrained-tts-no-local-voice-cloning,local_cpu_espeakng_formant,offline_formant_tts,22050,wav,none,,2026-08-10T00:00:00Z
ksc_derived_kk_v4_espeakng:4c49633142a44a37,raw/ksc_derived_kk_v4_espeakng/slices/espeakng-407/espeakng_kazakh_formant/5f60def699085.wav,21d07b54371b5f90c38ca4a1a7922878d2089a2b3c493a00bf42ad631be0709c,test,spoof,kk,unknown,ksc_derived_kk_v4_espeakng:profile:espeakng_kazakh_formant:kk:w225:p65:a100,ksc_derived_kk_v4_espeakng,KSC text CC-BY-4.0; eSpeak NG GPL-3.0-or-later,Offline derivative for personal research from KSC transcript ksc_slr102:5f60def699085; eSpeak NG GPL-3.0-or-later; bundled Ubuntu runtime packages retain their declared package licenses; no voice cloning,ksc_derived_kk_v4_espeakng:synthetic-voice:espeakng_kazakh_formant:kk:w225:p65:a100,ksc_slr102:5f60def699085,16b2614a1fcd2eafff53f722319fdf514e77e008f95e7f9464df0475bb4219e8,7.010022675736962,formant_rule_based_tts,eSpeak NG Kazakh formant synthesizer,eSpeak NG 1.52.0 source-4870adfa25b1a32b4361592f1be8a40337c58d6c; Ubuntu 1.52.0+dfsg-5build1 runtime packages,espeakng_kazakh_formant:kk:w225:p65:a100,not_applicable:pretrained-tts-no-local-voice-cloning,local_cpu_espeakng_formant,offline_formant_tts,22050,wav,none,,2026-08-10T00:00:00Z
ksc_derived_kk_v4_espeakng:7aff1e48cd917006,raw/ksc_derived_kk_v4_espeakng/slices/espeakng-407/espeakng_kazakh_formant/5f61c12302374.wav,2ab3177ef27585d949293a3fdf3290a511c4a817ab114201f10c959a5716352b,test,spoof,kk,unknown,ksc_derived_kk_v4_espeakng:profile:espeakng_kazakh_formant:kk:w150:p35:a100,ksc_derived_kk_v4_espeakng,KSC text CC-BY-4.0; eSpeak NG GPL-3.0-or-later,Offline derivative for personal research from KSC transcript ksc_slr102:5f61c12302374; eSpeak NG GPL-3.0-or-later; bundled Ubuntu runtime packages retain their declared package licenses; no voice cloning,ksc_derived_kk_v4_espeakng:synthetic-voice:espeakng_kazakh_formant:kk:w150:p35:a100,ksc_slr102:5f61c12302374,c202a9e05db97e0d6b8af65ae018b606b148c669f5863a4826db7e0a34bf10d2,3.0313378684807257,formant_rule_based_tts,eSpeak NG Kazakh formant synthesizer,eSpeak NG 1.52.0 source-4870adfa25b1a32b4361592f1be8a40337c58d6c; Ubuntu 1.52.0+dfsg-5build1 runtime packages,espeakng_kazakh_formant:kk:w150:p35:a100,not_applicable:pretrained-tts-no-local-voice-cloning,local_cpu_espeakng_formant,offline_formant_tts,22050,wav,none,,2026-08-10T00:00:00Z
ksc_derived_kk_v4_espeakng:c1cff327ce0ca182,raw/ksc_derived_kk_v4_espeakng/slices/espeakng-407/espeakng_kazakh_formant/5f60dfa588c34.wav,c2cd223dfbce0387ffe51ef131badbe7073a567632e53db1f18128aeeee13ac7,test,spoof,kk,unknown,ksc_derived_kk_v4_espeakng:profile:espeakng_kazakh_formant:kk:w150:p50:a100,ksc_derived_kk_v4_espeakng,KSC text CC-BY-4.0; eSpeak NG GPL-3.0-or-later,Offline derivative for personal research from KSC transcript ksc_slr102:5f60dfa588c34; eSpeak NG GPL-3.0-or-later; bundled Ubuntu runtime packages retain their declared package licenses; no voice cloning,ksc_derived_kk_v4_espeakng:synthetic-voice:espeakng_kazakh_formant:kk:w150:p50:a100,ksc_slr102:5f60dfa588c34,2b4fa0a180d70681ee0a0183bdb23718ad9f5275f3ee043158c239352081800e,5.6039909297052155,formant_rule_based_tts,eSpeak NG Kazakh formant synthesizer,eSpeak NG 1.52.0 source-4870adfa25b1a32b4361592f1be8a40337c58d6c; Ubuntu 1.52.0+dfsg-5build1 runtime packages,espeakng_kazakh_formant:kk:w150:p50:a100,not_applicable:pretrained-tts-no-local-voice-cloning,local_cpu_espeakng_formant,offline_formant_tts,22050,wav,none,,2026-08-10T00:00:00Z
ksc_derived_kk_v4_espeakng:c6de3dec70596a8f,raw/ksc_derived_kk_v4_espeakng/slices/espeakng-407/espeakng_kazakh_formant/5f5a10ae713c1.wav,ead5960733782e0940c13537ac492cc25f4042b02d954841b7e8238478ae232d,test,spoof,kk,unknown,ksc_derived_kk_v4_espeakng:profile:espeakng_kazakh_formant:kk:w150:p65:a100,ksc_derived_kk_v4_espeakng,KSC text CC-BY-4.0; eSpeak NG GPL-3.0-or-later,Offline derivative for personal research from KSC transcript ksc_slr102:5f5a10ae713c1; eSpeak NG GPL-3.0-or-later; bundled Ubuntu runtime packages retain their declared package licenses; no voice cloning,ksc_derived_kk_v4_espeakng:synthetic-voice:espeakng_kazakh_formant:kk:w150:p65:a100,ksc_slr102:5f5a10ae713c1,906dc2e089ef602a8ddec066848c88aa15f5c11611a09ee5b661e094cc35e2b0,5.358140589569161,formant_rule_based_tts,eSpeak NG Kazakh formant synthesizer,eSpeak NG 1.52.0 source-4870adfa25b1a32b4361592f1be8a40337c58d6c; Ubuntu 1.52.0+dfsg-5build1 runtime packages,espeakng_kazakh_formant:kk:w150:p65:a100,not_applicable:pretrained-tts-no-local-voice-cloning,local_cpu_espeakng_formant,offline_formant_tts,22050,wav,none,,2026-08-10T00:00:00Z
ksc_derived_kk_v4_espeakng:0f6c01c61833c299,raw/ksc_derived_kk_v4_espeakng/slices/espeakng-407/espeakng_kazakh_formant/5f59b87025672.wav,b0fa0485eaad854a533066e48a183bbef86596c6549baa54b091c99a267b28ff,test,spoof,kk,unknown,ksc_derived_kk_v4_espeakng:profile:espeakng_kazakh_formant:kk:w175:p35:a100,ksc_derived_kk_v4_espeakng,KSC text CC-BY-4.0; eSpeak NG GPL-3.0-or-later,Offline derivative for personal research from KSC transcript ksc_slr102:5f59b87025672; eSpeak NG GPL-3.0-or-later; bundled Ubuntu runtime packages retain their declared package licenses; no voice cloning,ksc_derived_kk_v4_espeakng:synthetic-voice:espeakng_kazakh_formant:kk:w175:p35:a100,ksc_slr102:5f59b87025672,8028dc014cf646c9ae20db44140aa619d473abf29dadba05ae1c9898f149ef81,9.946167800453514,formant_rule_based_tts,eSpeak NG Kazakh formant synthesizer,eSpeak NG 1.52.0 source-4870adfa25b1a32b4361592f1be8a40337c58d6c; Ubuntu 1.52.0+dfsg-5build1 runtime packages,espeakng_kazakh_formant:kk:w175:p35:a100,not_applicable:pretrained-tts-no-local-voice-cloning,local_cpu_espeakng_formant,offline_formant_tts,22050,wav,none,,2026-08-10T00:00:00Z
ksc_derived_kk_v4_espeakng:881ed547a610c1d3,raw/ksc_derived_kk_v4_espeakng/slices/espeakng-407/espeakng_kazakh_formant/5f5fb92e4f11b.wav,a3b153dd1a6b4e732d2df758cc22feb566db0553937115bc8ddc1b3eefea3a48,test,spoof,kk,unknown,ksc_derived_kk_v4_espeakng:profile:espeakng_kazakh_formant:kk:w175:p50:a100,ksc_derived_kk_v4_espeakng,KSC text CC-BY-4.0; eSpeak NG GPL-3.0-or-later,Offline derivative for personal research from KSC transcript ksc_slr102:5f5fb92e4f11b; eSpeak NG GPL-3.0-or-later; bundled Ubuntu runtime packages retain their declared package licenses; no voice cloning,ksc_derived_kk_v4_espeakng:synthetic-voice:espeakng_kazakh_formant:kk:w175:p50:a100,ksc_slr102:5f5fb92e4f11b,bd70436bc447ecead8bc2d13bf1ae9a83c63150af537f513c9b6a92f14447c8b,10.661814058956915,formant_rule_based_tts,eSpeak NG Kazakh formant synthesizer,eSpeak NG 1.52.0 source-4870adfa25b1a32b4361592f1be8a40337c58d6c; Ubuntu 1.52.0+dfsg-5build1 runtime packages,espeakng_kazakh_formant:kk:w175:p50:a100,not_applicable:pretrained-tts-no-local-voice-cloning,local_cpu_espeakng_formant,offline_formant_tts,22050,wav,none,,2026-08-10T00:00:00Z
ksc_derived_kk_v4_espeakng:20f550ce4d68c79f,raw/ksc_derived_kk_v4_espeakng/slices/espeakng-407/espeakng_kazakh_formant/5f5c9bd2f0017.wav,e63c2af8b7de2d9c839c6da52d6838b5beb3aa9e2a504b6819252a2a083eb895,test,spoof,kk,unknown,ksc_derived_kk_v4_espeakng:profile:espeakng_kazakh_formant:kk:w175:p65:a100,ksc_derived_kk_v4_espeakng,KSC text CC-BY-4.0; eSpeak NG GPL-3.0-or-later,Offline derivative for personal research from KSC transcript ksc_slr102:5f5c9bd2f0017; eSpeak NG GPL-3.0-or-later; bundled Ubuntu runtime packages retain their declared package licenses; no voice cloning,ksc_derived_kk_v4_espeakng:synthetic-voice:espeakng_kazakh_formant:kk:w175:p65:a100,ksc_slr102:5f5c9bd2f0017,3cb7448663d89cfa97ed16e3b7968eb4e156a994d8fbf4106ad537bdc02c78b3,2.6937414965986393,formant_rule_based_tts,eSpeak NG Kazakh formant synthesizer,eSpeak NG 1.52.0 source-4870adfa25b1a32b4361592f1be8a40337c58d6c; Ubuntu 1.52.0+dfsg-5build1 runtime packages,espeakng_kazakh_formant:kk:w175:p65:a100,not_applicable:pretrained-tts-no-local-voice-cloning,local_cpu_espeakng_formant,offline_formant_tts,22050,wav,none,,2026-08-10T00:00:00Z
ksc_derived_kk_v4_espeakng:df2d5d6f81490ce0,raw/ksc_derived_kk_v4_espeakng/slices/espeakng-407/espeakng_kazakh_formant/5f56854247bd6.wav,493c1ed096aa91b19d7f0f871fe79a0d9e09ad9ce77b98f1f1a0f260d3126895,test,spoof,kk,unknown,ksc_derived_kk_v4_espeakng:profile:espeakng_kazakh_formant:kk:w200:p35:a100,ksc_derived_kk_v4_espeakng,KSC text CC-BY-4.0; eSpeak NG GPL-3.0-or-later,Offline derivative for personal research from KSC transcript ksc_slr102:5f56854247bd6; eSpeak NG GPL-3.0-or-later; bundled Ubuntu runtime packages retain their declared package licenses; no voice cloning,ksc_derived_kk_v4_espeakng:synthetic-voice:espeakng_kazakh_formant:kk:w200:p35:a100,ksc_slr102:5f56854247bd6,46ad5b77c8b4973a3d7e72be2ecff95799da3b66c27a0ffac5ee30959691c864,8.672562358276643,formant_rule_based_tts,eSpeak NG Kazakh formant synthesizer,eSpeak NG 1.52.0 source-4870adfa25b1a32b4361592f1be8a40337c58d6c; Ubuntu 1.52.0+dfsg-5build1 runtime packages,espeakng_kazakh_formant:kk:w200:p35:a100,not_applicable:pretrained-tts-no-local-voice-cloning,local_cpu_espeakng_formant,offline_formant_tts,22050,wav,none,,2026-08-10T00:00:00Z
ksc_derived_kk_v4_espeakng:354caaf049d3f76e,raw/ksc_derived_kk_v4_espeakng/slices/espeakng-407/espeakng_kazakh_formant/5f6066342a294.wav,21f5031a9cf4f7508b01e364fb6069e7a318dc19643fd17e2ccf83065c07ade6,test,spoof,kk,unknown,ksc_derived_kk_v4_espeakng:profile:espeakng_kazakh_formant:kk:w200:p50:a100,ksc_derived_kk_v4_espeakng,KSC text CC-BY-4.0; eSpeak NG GPL-3.0-or-later,Offline derivative for personal research from KSC transcript ksc_slr102:5f6066342a294; eSpeak NG GPL-3.0-or-later; bundled Ubuntu runtime packages retain their declared package licenses; no voice cloning,ksc_derived_kk_v4_espeakng:synthetic-voice:espeakng_kazakh_formant:kk:w200:p50:a100,ksc_slr102:5f6066342a294,1a4e9c0d6a72e3e5dc11d29038063e75a20a14002b76658ecc670fe83cda9e82,4.086530612244898,formant_rule_based_tts,eSpeak NG Kazakh formant synthesizer,eSpeak NG 1.52.0 source-4870adfa25b1a32b4361592f1be8a40337c58d6c; Ubuntu 1.52.0+dfsg-5build1 runtime packages,espeakng_kazakh_formant:kk:w200:p50:a100,not_applicable:pretrained-tts-no-local-voice-cloning,local_cpu_espeakng_formant,offline_formant_tts,22050,wav,none,,2026-08-10T00:00:00Z
ksc_derived_kk_v4_espeakng:cccde7db029b8d71,raw/ksc_derived_kk_v4_espeakng/slices/espeakng-407/espeakng_kazakh_formant/5f5f31d57c6fd.wav,76c05bd38d127266f19e33347169528ac296acf2be5ea93980599edd38d22b8e,test,spoof,kk,unknown,ksc_derived_kk_v4_espeakng:profile:espeakng_kazakh_formant:kk:w200:p65:a100,ksc_derived_kk_v4_espeakng,KSC text CC-BY-4.0; eSpeak NG GPL-3.0-or-later,Offline derivative for personal research from KSC transcript ksc_slr102:5f5f31d57c6fd; eSpeak NG GPL-3.0-or-later; bundled Ubuntu runtime packages retain their declared package licenses; no voice cloning,ksc_derived_kk_v4_espeakng:synthetic-voice:espeakng_kazakh_formant:kk:w200:p65:a100,ksc_slr102:5f5f31d57c6fd,115496540ecf5f43908a74ca8ea4881d6087bcb52aaa9e3eaa269c9efef00b40,2.142358276643991,formant_rule_based_tts,eSpeak NG Kazakh formant synthesizer,eSpeak NG 1.52.0 source-4870adfa25b1a32b4361592f1be8a40337c58d6c; Ubuntu 1.52.0+dfsg-5build1 runtime packages,espeakng_kazakh_formant:kk:w200:p65:a100,not_applicable:pretrained-tts-no-local-voice-cloning,local_cpu_espeakng_formant,offline_formant_tts,22050,wav,none,,2026-08-10T00:00:00Z
ksc_derived_kk_v4_espeakng:dbe5d8642ff8d498,raw/ksc_derived_kk_v4_espeakng/slices/espeakng-407/espeakng_kazakh_formant/5f60adc2c0452.wav,9951a3c0a36a9a0d64902f7e59e81a6c3ce0807069cb077a068dc57b909260b3,test,spoof,kk,unknown,ksc_derived_kk_v4_espeakng:profile:espeakng_kazakh_formant:kk:w225:p35:a100,ksc_derived_kk_v4_espeakng,KSC text CC-BY-4.0; eSpeak NG GPL-3.0-or-later,Offline derivative for personal research from KSC transcript ksc_slr102:5f60adc2c0452; eSpeak NG GPL-3.0-or-later; bundled Ubuntu runtime packages retain their declared package licenses; no voice cloning,ksc_derived_kk_v4_espeakng:synthetic-voice:espeakng_kazakh_formant:kk:w225:p35:a100,ksc_slr102:5f60adc2c0452,be74cc0b4724829087ec2f23f7b45a04b992f446b096aa3b244e1f790d6ab049,4.282267573696145,formant_rule_based_tts,eSpeak NG Kazakh formant synthesizer,eSpeak NG 1.52.0 source-4870adfa25b1a32b4361592f1be8a40337c58d6c; Ubuntu 1.52.0+dfsg-5build1 runtime packages,espeakng_kazakh_formant:kk:w225:p35:a100,not_applicable:pretrained-tts-no-local-voice-cloning,local_cpu_espeakng_formant,offline_formant_tts,22050,wav,none,,2026-08-10T00:00:00Z
ksc_derived_kk_v4_espeakng:b53b4b4501eb344e,raw/ksc_derived_kk_v4_espeakng/slices/espeakng-407/espeakng_kazakh_formant/5f62f3dde9ab4.wav,d78f70e3ecc6b8ed7785226ca74fc3a0bcbb47dce71ab1b90a5c301c0e0ae6e2,test,spoof,kk,unknown,ksc_derived_kk_v4_espeakng:profile:espeakng_kazakh_formant:kk:w225:p50:a100,ksc_derived_kk_v4_espeakng,KSC text CC-BY-4.0; eSpeak NG GPL-3.0-or-later,Offline derivative for personal research from KSC transcript ksc_slr102:5f62f3dde9ab4; eSpeak NG GPL-3.0-or-later; bundled Ubuntu runtime packages retain their declared package licenses; no voice cloning,ksc_derived_kk_v4_espeakng:synthetic-voice:espeakng_kazakh_formant:kk:w225:p50:a100,ksc_slr102:5f62f3dde9ab4,e300b7216806c482d7e4268c80078b2b332494a7d2b63e92ffc4d6822b4cd727,6.3448072562358275,formant_rule_based_tts,eSpeak NG Kazakh formant synthesizer,eSpeak NG 1.52.0 source-4870adfa25b1a32b4361592f1be8a40337c58d6c; Ubuntu 1.52.0+dfsg-5build1 runtime packages,espeakng_kazakh_formant:kk:w225:p50:a100,not_applicable:pretrained-tts-no-local-voice-cloning,local_cpu_espeakng_formant,offline_formant_tts,22050,wav,none,,2026-08-10T00:00:00Z
ksc_derived_kk_v4_espeakng:c9a8fcd785792f70,raw/ksc_derived_kk_v4_espeakng/slices/espeakng-407/espeakng_kazakh_formant/5f5ef87245e45.wav,d1398d547b9ed18153d1380dc51589cf89e445f4acea030b6b0f42fffe5ee36a,test,spoof,kk,unknown,ksc_derived_kk_v4_espeakng:profile:espeakng_kazakh_formant:kk:w225:p65:a100,ksc_derived_kk_v4_espeakng,KSC text CC-BY-4.0; eSpeak NG GPL-3.0-or-later,Offline derivative for personal research from KSC transcript ksc_slr102:5f5ef87245e45; eSpeak NG GPL-3.0-or-later; bundled Ubuntu runtime packages retain their declared package licenses; no voice cloning,ksc_derived_kk_v4_espeakng:synthetic-voice:espeakng_kazakh_formant:kk:w225:p65:a100,ksc_slr102:5f5ef87245e45,f6e33e238e47c34c6f0557ecdb06012473f22c20b25c72d7d1bb40558ceb1c3a,3.7666213151927437,formant_rule_based_tts,eSpeak NG Kazakh formant synthesizer,eSpeak NG 1.52.0 source-4870adfa25b1a32b4361592f1be8a40337c58d6c; Ubuntu 1.52.0+dfsg-5build1 runtime packages,espeakng_kazakh_formant:kk:w225:p65:a100,not_applicable:pretrained-tts-no-local-voice-cloning,local_cpu_espeakng_formant,offline_formant_tts,22050,wav,none,,2026-08-10T00:00:00Z
ksc_derived_kk_v4_espeakng:3adc1f8229b09a5d,raw/ksc_derived_kk_v4_espeakng/slices/espeakng-407/espeakng_kazakh_formant/5f5882482b76c.wav,19c3f1355be522076c6a74ec42a227d1e287051f5f2c8698bfd721f46c9eaab6,test,spoof,kk,unknown,ksc_derived_kk_v4_espeakng:profile:espeakng_kazakh_formant:kk:w150:p35:a100,ksc_derived_kk_v4_espeakng,KSC text CC-BY-4.0; eSpeak NG GPL-3.0-or-later,Offline derivative for personal research from KSC transcript ksc_slr102:5f5882482b76c; eSpeak NG GPL-3.0-or-later; bundled Ubuntu runtime packages retain their declared package licenses; no voice cloning,ksc_derived_kk_v4_espeakng:synthetic-voice:espeakng_kazakh_formant:kk:w150:p35:a100,ksc_slr102:5f5882482b76c,6f082757de44c9d45765dae3a0c529a9167acf2b7ecf7c277986fe05cd61f021,6.179818594104308,formant_rule_based_tts,eSpeak NG Kazakh formant synthesizer,eSpeak NG 1.52.0 source-4870adfa25b1a32b4361592f1be8a40337c58d6c; Ubuntu 1.52.0+dfsg-5build1 runtime packages,espeakng_kazakh_formant:kk:w150:p35:a100,not_applicable:pretrained-tts-no-local-voice-cloning,local_cpu_espeakng_formant,offline_formant_tts,22050,wav,none,,2026-08-10T00:00:00Z
ksc_derived_kk_v4_espeakng:b42a719a8140c017,raw/ksc_derived_kk_v4_espeakng/slices/espeakng-407/espeakng_kazakh_formant/5f5c4f8b4a95f.wav,f1b4dd6d5af63e1afe9b3e45048b2100d797ce8da3a872a2de777996664a22fd,test,spoof,kk,unknown,ksc_derived_kk_v4_espeakng:profile:espeakng_kazakh_formant:kk:w150:p50:a100,ksc_derived_kk_v4_espeakng,KSC text CC-BY-4.0; eSpeak NG GPL-3.0-or-later,Offline derivative for personal research from KSC transcript ksc_slr102:5f5c4f8b4a95f; eSpeak NG GPL-3.0-or-later; bundled Ubuntu runtime packages retain their declared package licenses; no voice cloning,ksc_derived_kk_v4_espeakng:synthetic-voice:espeakng_kazakh_formant:kk:w150:p50:a100,ksc_slr102:5f5c4f8b4a95f,a821d4c32fc69b98d1930aa98138f76e9e5a780ab6f5b7aa8f0ff225bec94cf9,4.30249433106576,formant_rule_based_tts,eSpeak NG Kazakh formant synthesizer,eSpeak NG 1.52.0 source-4870adfa25b1a32b4361592f1be8a40337c58d6c; Ubuntu 1.52.0+dfsg-5build1 runtime packages,espeakng_kazakh_formant:kk:w150:p50:a100,not_applicable:pretrained-tts-no-local-voice-cloning,local_cpu_espeakng_formant,offline_formant_tts,22050,wav,none,,2026-08-10T00:00:00Z
ksc_derived_kk_v4_espeakng:37c6562b8ea99372,raw/ksc_derived_kk_v4_espeakng/slices/espeakng-407/espeakng_kazakh_formant/5f60e6ee3e4df.wav,11c4937159bc942105d1f0ab38acc0a7f0312216e9f3bdda36c282b1565afa50,test,spoof,kk,unknown,ksc_derived_kk_v4_espeakng:profile:espeakng_kazakh_formant:kk:w150:p65:a100,ksc_derived_kk_v4_espeakng,KSC text CC-BY-4.0; eSpeak NG GPL-3.0-or-later,Offline derivative for personal research from KSC transcript ksc_slr102:5f60e6ee3e4df; eSpeak NG GPL-3.0-or-later; bundled Ubuntu runtime packages retain their declared package licenses; no voice cloning,ksc_derived_kk_v4_espeakng:synthetic-voice:espeakng_kazakh_formant:kk:w150:p65:a100,ksc_slr102:5f60e6ee3e4df,d6f66e992a8586476d2996cd3bbdbb732aca5f37ab08cd1221855b0902cda9d3,6.639138321995465,formant_rule_based_tts,eSpeak NG Kazakh formant synthesizer,eSpeak NG 1.52.0 source-4870adfa25b1a32b4361592f1be8a40337c58d6c; Ubuntu 1.52.0+dfsg-5build1 runtime packages,espeakng_kazakh_formant:kk:w150:p65:a100,not_applicable:pretrained-tts-no-local-voice-cloning,local_cpu_espeakng_formant,offline_formant_tts,22050,wav,none,,2026-08-10T00:00:00Z
ksc_derived_kk_v4_espeakng:42ebcb766e96ea4f,raw/ksc_derived_kk_v4_espeakng/slices/espeakng-407/espeakng_kazakh_formant/5f5fb63e90201.wav,c303fefadee985286c3eb34d1baa2bc7ac68aa3aa3df8140e37d59627e4ecbcb,test,spoof,kk,unknown,ksc_derived_kk_v4_espeakng:profile:espeakng_kazakh_formant:kk:w175:p35:a100,ksc_derived_kk_v4_espeakng,KSC text CC-BY-4.0; eSpeak NG GPL-3.0-or-later,Offline derivative for personal research from KSC transcript ksc_slr102:5f5fb63e90201; eSpeak NG GPL-3.0-or-later; bundled Ubuntu runtime packages retain their declared package licenses; no voice cloning,ksc_derived_kk_v4_espeakng:synthetic-voice:espeakng_kazakh_formant:kk:w175:p35:a100,ksc_slr102:5f5fb63e90201,80e8a3e666b809762940aed3eb76789a42134ea8361d4b4dccc6c4f7baac33b8,10.825714285714286,formant_rule_based_tts,eSpeak NG Kazakh formant synthesizer,eSpeak NG 1.52.0 source-4870adfa25b1a32b4361592f1be8a40337c58d6c; Ubuntu 1.52.0+dfsg-5build1 runtime packages,espeakng_kazakh_formant:kk:w175:p35:a100,not_applicable:pretrained-tts-no-local-voice-cloning,local_cpu_espeakng_formant,offline_formant_tts,22050,wav,none,,2026-08-10T00:00:00Z
ksc_derived_kk_v4_espeakng:6d657551ad42156c,raw/ksc_derived_kk_v4_espeakng/slices/espeakng-407/espeakng_kazakh_formant/5fa266ccef93a.wav,4fb1dc675afe45b4be5d9367242cf7782c37f11b09e0b3383e17bd736db9011d,test,spoof,kk,unknown,ksc_derived_kk_v4_espeakng:profile:espeakng_kazakh_formant:kk:w175:p50:a100,ksc_derived_kk_v4_espeakng,KSC text CC-BY-4.0; eSpeak NG GPL-3.0-or-later,Offline derivative for personal research from KSC transcript ksc_slr102:5fa266ccef93a; eSpeak NG GPL-3.0-or-later; bundled Ubuntu runtime packages retain their declared package licenses; no voice cloning,ksc_derived_kk_v4_espeakng:synthetic-voice:espeakng_kazakh_formant:kk:w175:p50:a100,ksc_slr102:5fa266ccef93a,8a6d4ac30c5b14714938e41b6340cc42caf900c726e0309b3bc60feacba0b697,4.084489795918367,formant_rule_based_tts,eSpeak NG Kazakh formant synthesizer,eSpeak NG 1.52.0 source-4870adfa25b1a32b4361592f1be8a40337c58d6c; Ubuntu 1.52.0+dfsg-5build1 runtime packages,espeakng_kazakh_formant:kk:w175:p50:a100,not_applicable:pretrained-tts-no-local-voice-cloning,local_cpu_espeakng_formant,offline_formant_tts,22050,wav,none,,2026-08-10T00:00:00Z
ksc_derived_kk_v4_espeakng:3f96a140ffaf9591,raw/ksc_derived_kk_v4_espeakng/slices/espeakng-407/espeakng_kazakh_formant/5f5a592f1b2d2.wav,692c8d4d9a078bc948d8bc35a7e7603fc180ac813c5773f664016d597a5a77de,test,spoof,kk,unknown,ksc_derived_kk_v4_espeakng:profile:espeakng_kazakh_formant:kk:w175:p65:a100,ksc_derived_kk_v4_espeakng,KSC text CC-BY-4.0; eSpeak NG GPL-3.0-or-later,Offline derivative for personal research from KSC transcript ksc_slr102:5f5a592f1b2d2; eSpeak NG GPL-3.0-or-later; bundled Ubuntu runtime packages retain their declared package licenses; no voice cloning,ksc_derived_kk_v4_espeakng:synthetic-voice:espeakng_kazakh_formant:kk:w175:p65:a100,ksc_slr102:5f5a592f1b2d2,f6892da860119de5f20138ef946bbc9c687bb29e417a57d9bb1b77810f5185f9,5.797596371882086,formant_rule_based_tts,eSpeak NG Kazakh formant synthesizer,eSpeak NG 1.52.0 source-4870adfa25b1a32b4361592f1be8a40337c58d6c; Ubuntu 1.52.0+dfsg-5build1 runtime packages,espeakng_kazakh_formant:kk:w175:p65:a100,not_applicable:pretrained-tts-no-local-voice-cloning,local_cpu_espeakng_formant,offline_formant_tts,22050,wav,none,,2026-08-10T00:00:00Z
ksc_derived_kk_v4_espeakng:69582b54ddd16a02,raw/ksc_derived_kk_v4_espeakng/slices/espeakng-407/espeakng_kazakh_formant/5f5f054d27306.wav,9e5e7b4f5c34f76d34a7ad3859334aedbc1afd8b31b604ba50e2b104b4d2e5e8,test,spoof,kk,unknown,ksc_derived_kk_v4_espeakng:profile:espeakng_kazakh_formant:kk:w200:p35:a100,ksc_derived_kk_v4_espeakng,KSC text CC-BY-4.0; eSpeak NG GPL-3.0-or-later,Offline derivative for personal research from KSC transcript ksc_slr102:5f5f054d27306; eSpeak NG GPL-3.0-or-later; bundled Ubuntu runtime packages retain their declared package licenses; no voice cloning,ksc_derived_kk_v4_espeakng:synthetic-voice:espeakng_kazakh_formant:kk:w200:p35:a100,ksc_slr102:5f5f054d27306,04177216d080417f0457c2f32443687ea4885e600ccb8626f01a8090a7d6453b,2.4482993197278913,formant_rule_based_tts,eSpeak NG Kazakh formant synthesizer,eSpeak NG 1.52.0 source-4870adfa25b1a32b4361592f1be8a40337c58d6c; Ubuntu 1.52.0+dfsg-5build1 runtime packages,espeakng_kazakh_formant:kk:w200:p35:a100,not_applicable:pretrained-tts-no-local-voice-cloning,local_cpu_espeakng_formant,offline_formant_tts,22050,wav,none,,2026-08-10T00:00:00Z
ksc_derived_kk_v4_espeakng:ddc339400a8b2a3b,raw/ksc_derived_kk_v4_espeakng/slices/espeakng-407/espeakng_kazakh_formant/5f56892d2b9d0.wav,ca8882e7a12a63a265b3b513c70f3f5e97433c526956e2232874822a8d06d43e,test,spoof,kk,unknown,ksc_derived_kk_v4_espeakng:profile:espeakng_kazakh_formant:kk:w200:p50:a100,ksc_derived_kk_v4_espeakng,KSC text CC-BY-4.0; eSpeak NG GPL-3.0-or-later,Offline derivative for personal research from KSC transcript ksc_slr102:5f56892d2b9d0; eSpeak NG GPL-3.0-or-later; bundled Ubuntu runtime packages retain their declared package licenses; no voice cloning,ksc_derived_kk_v4_espeakng:synthetic-voice:espeakng_kazakh_formant:kk:w200:p50:a100,ksc_slr102:5f56892d2b9d0,e63d2a53903a76e1e0adef4604eb2a22d690f9a1d275f8dfce981d70e8270fb6,3.045124716553288,formant_rule_based_tts,eSpeak NG Kazakh formant synthesizer,eSpeak NG 1.52.0 source-4870adfa25b1a32b4361592f1be8a40337c58d6c; Ubuntu 1.52.0+dfsg-5build1 runtime packages,espeakng_kazakh_formant:kk:w200:p50:a100,not_applicable:pretrained-tts-no-local-voice-cloning,local_cpu_espeakng_formant,offline_formant_tts,22050,wav,none,,2026-08-10T00:00:00Z
ksc_derived_kk_v4_espeakng:c05c84db0774b860,raw/ksc_derived_kk_v4_espeakng/slices/espeakng-407/espeakng_kazakh_formant/5f60c8adcfe71.wav,3333beaadb0fb26029ead3681e7d70808f14e60200d4744b274a2012857435aa,test,spoof,kk,unknown,ksc_derived_kk_v4_espeakng:profile:espeakng_kazakh_formant:kk:w200:p65:a100,ksc_derived_kk_v4_espeakng,KSC text CC-BY-4.0; eSpeak NG GPL-3.0-or-later,Offline derivative for personal research from KSC transcript ksc_slr102:5f60c8adcfe71; eSpeak NG GPL-3.0-or-later; bundled Ubuntu runtime packages retain their declared package licenses; no voice cloning,ksc_derived_kk_v4_espeakng:synthetic-voice:espeakng_kazakh_formant:kk:w200:p65:a100,ksc_slr102:5f60c8adcfe71,298d678341098243180dc18b1c4efb3776f4ea310a607c1a00fe63bce686ae87,3.911972789115646,formant_rule_based_tts,eSpeak NG Kazakh formant synthesizer,eSpeak NG 1.52.0 source-4870adfa25b1a32b4361592f1be8a40337c58d6c; Ubuntu 1.52.0+dfsg-5build1 runtime packages,espeakng_kazakh_formant:kk:w200:p65:a100,not_applicable:pretrained-tts-no-local-voice-cloning,local_cpu_espeakng_formant,offline_formant_tts,22050,wav,none,,2026-08-10T00:00:00Z
ksc_derived_kk_v4_espeakng:ed7241c11310d35b,raw/ksc_derived_kk_v4_espeakng/slices/espeakng-407/espeakng_kazakh_formant/5f57a618e629f.wav,322de0f1201627b3851d82720ec8ae747856352d309326ee4c31b1ff2d0566d4,test,spoof,kk,unknown,ksc_derived_kk_v4_espeakng:profile:espeakng_kazakh_formant:kk:w225:p35:a100,ksc_derived_kk_v4_espeakng,KSC text CC-BY-4.0; eSpeak NG GPL-3.0-or-later,Offline derivative for personal research from KSC transcript ksc_slr102:5f57a618e629f; eSpeak NG GPL-3.0-or-later; bundled Ubuntu runtime packages retain their declared package licenses; no voice cloning,ksc_derived_kk_v4_espeakng:synthetic-voice:espeakng_kazakh_formant:kk:w225:p35:a100,ksc_slr102:5f57a618e629f,f70a9e302f6dee0931e79f68b7c48d8406935082bcd875caf3e216e942118f7a,7.2300226757369614,formant_rule_based_tts,eSpeak NG Kazakh formant synthesizer,eSpeak NG 1.52.0 source-4870adfa25b1a32b4361592f1be8a40337c58d6c; Ubuntu 1.52.0+dfsg-5build1 runtime packages,espeakng_kazakh_formant:kk:w225:p35:a100,not_applicable:pretrained-tts-no-local-voice-cloning,local_cpu_espeakng_formant,offline_formant_tts,22050,wav,none,,2026-08-10T00:00:00Z
ksc_derived_kk_v4_espeakng:5cc2015733f9fbb7,raw/ksc_derived_kk_v4_espeakng/slices/espeakng-407/espeakng_kazakh_formant/5f57992452a53.wav,9961f8d3c3d76890b2ca9fa74d449fffe5c2d11960f644d09c86f56fedce09da,test,spoof,kk,unknown,ksc_derived_kk_v4_espeakng:profile:espeakng_kazakh_formant:kk:w225:p50:a100,ksc_derived_kk_v4_espeakng,KSC text CC-BY-4.0; eSpeak NG GPL-3.0-or-later,Offline derivative for personal research from KSC transcript ksc_slr102:5f57992452a53; eSpeak NG GPL-3.0-or-later; bundled Ubuntu runtime packages retain their declared package licenses; no voice cloning,ksc_derived_kk_v4_espeakng:synthetic-voice:espeakng_kazakh_formant:kk:w225:p50:a100,ksc_slr102:5f57992452a53,8a88c7f5ec40a185c41c025777fc757e2b0f85cf28f0d237b42a4aaf24702965,5.623174603174603,formant_rule_based_tts,eSpeak NG Kazakh formant synthesizer,eSpeak NG 1.52.0 source-4870adfa25b1a32b4361592f1be8a40337c58d6c; Ubuntu 1.52.0+dfsg-5build1 runtime packages,espeakng_kazakh_formant:kk:w225:p50:a100,not_applicable:pretrained-tts-no-local-voice-cloning,local_cpu_espeakng_formant,offline_formant_tts,22050,wav,none,,2026-08-10T00:00:00Z
ksc_derived_kk_v4_espeakng:f7156835e295c2f0,raw/ksc_derived_kk_v4_espeakng/slices/espeakng-407/espeakng_kazakh_formant/5f5c9e2a9b26c.wav,e1b58c0389b81d95e0d05b90dce417ca91613e42105076e72d82304f0af3d728,test,spoof,kk,unknown,ksc_derived_kk_v4_espeakng:profile:espeakng_kazakh_formant:kk:w225:p65:a100,ksc_derived_kk_v4_espeakng,KSC text CC-BY-4.0; eSpeak NG GPL-3.0-or-later,Offline derivative for personal research from KSC transcript ksc_slr102:5f5c9e2a9b26c; eSpeak NG GPL-3.0-or-later; bundled Ubuntu runtime packages retain their declared package licenses; no voice cloning,ksc_derived_kk_v4_espeakng:synthetic-voice:espeakng_kazakh_formant:kk:w225:p65:a100,ksc_slr102:5f5c9e2a9b26c,22b2ce0d253ea1e0f9ab1e7e49c82b16cade4cdd13e817cb447b4e6249b8b961,2.150294784580499,formant_rule_based_tts,eSpeak NG Kazakh formant synthesizer,eSpeak NG 1.52.0 source-4870adfa25b1a32b4361592f1be8a40337c58d6c; Ubuntu 1.52.0+dfsg-5build1 runtime packages,espeakng_kazakh_formant:kk:w225:p65:a100,not_applicable:pretrained-tts-no-local-voice-cloning,local_cpu_espeakng_formant,offline_formant_tts,22050,wav,none,,2026-08-10T00:00:00Z
ksc_derived_kk_v4_espeakng:9783922e23647c1b,raw/ksc_derived_kk_v4_espeakng/slices/espeakng-407/espeakng_kazakh_formant/5f5a6059cbd03.wav,2ffd13245d35bbd2947f6fa85cf7ac3cd594174d6593e74b7d8a6ea2ab0ae7be,test,spoof,kk,unknown,ksc_derived_kk_v4_espeakng:profile:espeakng_kazakh_formant:kk:w150:p35:a100,ksc_derived_kk_v4_espeakng,KSC text CC-BY-4.0; eSpeak NG GPL-3.0-or-later,Offline derivative for personal research from KSC transcript ksc_slr102:5f5a6059cbd03; eSpeak NG GPL-3.0-or-later; bundled Ubuntu runtime packages retain their declared package licenses; no voice cloning,ksc_derived_kk_v4_espeakng:synthetic-voice:espeakng_kazakh_formant:kk:w150:p35:a100,ksc_slr102:5f5a6059cbd03,284dd26505b815ec34de997797935591a7c2717e89f0a96064b1e16e9b046438,5.225759637188209,formant_rule_based_tts,eSpeak NG Kazakh formant synthesizer,eSpeak NG 1.52.0 source-4870adfa25b1a32b4361592f1be8a40337c58d6c; Ubuntu 1.52.0+dfsg-5build1 runtime packages,espeakng_kazakh_formant:kk:w150:p35:a100,not_applicable:pretrained-tts-no-local-voice-cloning,local_cpu_espeakng_formant,offline_formant_tts,22050,wav,none,,2026-08-10T00:00:00Z
ksc_derived_kk_v4_espeakng:53dcbd18b3060e41,raw/ksc_derived_kk_v4_espeakng/slices/espeakng-407/espeakng_kazakh_formant/5f5c4ee8022eb.wav,0e8e65d7cab34e45d81280247879e92dc88c0075aba5252cc66b655a1734afe4,test,spoof,kk,unknown,ksc_derived_kk_v4_espeakng:profile:espeakng_kazakh_formant:kk:w150:p50:a100,ksc_derived_kk_v4_espeakng,KSC text CC-BY-4.0; eSpeak NG GPL-3.0-or-later,Offline derivative for personal research from KSC transcript ksc_slr102:5f5c4ee8022eb; eSpeak NG GPL-3.0-or-later; bundled Ubuntu runtime packages retain their declared package licenses; no voice cloning,ksc_derived_kk_v4_espeakng:synthetic-voice:espeakng_kazakh_formant:kk:w150:p50:a100,ksc_slr102:5f5c4ee8022eb,43767571cb0ced1c6fbd8501dbbeb1cfff006a46b51b0c8695e7f2815214b989,2.9741950113378683,formant_rule_based_tts,eSpeak NG Kazakh formant synthesizer,eSpeak NG 1.52.0 source-4870adfa25b1a32b4361592f1be8a40337c58d6c; Ubuntu 1.52.0+dfsg-5build1 runtime packages,espeakng_kazakh_formant:kk:w150:p50:a100,not_applicable:pretrained-tts-no-local-voice-cloning,local_cpu_espeakng_formant,offline_formant_tts,22050,wav,none,,2026-08-10T00:00:00Z
ksc_derived_kk_v4_espeakng:b51bece3518d3816,raw/ksc_derived_kk_v4_espeakng/slices/espeakng-407/espeakng_kazakh_formant/5f60bf52dd4dd.wav,cf0dc3f3a7c2b3a64abe372f15dabe29db0db982b4c703fdd08dad5bd10a0461,test,spoof,kk,unknown,ksc_derived_kk_v4_espeakng:profile:espeakng_kazakh_formant:kk:w150:p65:a100,ksc_derived_kk_v4_espeakng,KSC text CC-BY-4.0; eSpeak NG GPL-3.0-or-later,Offline derivative for personal research from KSC transcript ksc_slr102:5f60bf52dd4dd; eSpeak NG GPL-3.0-or-later; bundled Ubuntu runtime packages retain their declared package licenses; no voice cloning,ksc_derived_kk_v4_espeakng:synthetic-voice:espeakng_kazakh_formant:kk:w150:p65:a100,ksc_slr102:5f60bf52dd4dd,0fc6e7bed0c91db04f0ef32078f4bc0f30f6e5027c74c6f1fb3207e89d816a4d,7.2706122448979595,formant_rule_based_tts,eSpeak NG Kazakh formant synthesizer,eSpeak NG 1.52.0 source-4870adfa25b1a32b4361592f1be8a40337c58d6c; Ubuntu 1.52.0+dfsg-5build1 runtime packages,espeakng_kazakh_formant:kk:w150:p65:a100,not_applicable:pretrained-tts-no-local-voice-cloning,local_cpu_espeakng_formant,offline_formant_tts,22050,wav,none,,2026-08-10T00:00:00Z
ksc_derived_kk_v4_espeakng:c175f75da50c0d54,raw/ksc_derived_kk_v4_espeakng/slices/espeakng-407/espeakng_kazakh_formant/5f57984c925ba.wav,0400800bd851fabc7af7ea413fb449dc5783c877166b268a72cab6e7c63a6d0f,test,spoof,kk,unknown,ksc_derived_kk_v4_espeakng:profile:espeakng_kazakh_formant:kk:w175:p35:a100,ksc_derived_kk_v4_espeakng,KSC text CC-BY-4.0; eSpeak NG GPL-3.0-or-later,Offline derivative for personal research from KSC transcript ksc_slr102:5f57984c925ba; eSpeak NG GPL-3.0-or-later; bundled Ubuntu runtime packages retain their declared package licenses; no voice cloning,ksc_derived_kk_v4_espeakng:synthetic-voice:espeakng_kazakh_formant:kk:w175:p35:a100,ksc_slr102:5f57984c925ba,6bc08dafce51dd0d4fea0a8348d942b648808c1e049a501446854b0315570641,6.932925170068027,formant_rule_based_tts,eSpeak NG Kazakh formant synthesizer,eSpeak NG 1.52.0 source-4870adfa25b1a32b4361592f1be8a40337c58d6c; Ubuntu 1.52.0+dfsg-5build1 runtime packages,espeakng_kazakh_formant:kk:w175:p35:a100,not_applicable:pretrained-tts-no-local-voice-cloning,local_cpu_espeakng_formant,offline_formant_tts,22050,wav,none,,2026-08-10T00:00:00Z
ksc_derived_kk_v4_espeakng:30d503aa96840206,raw/ksc_derived_kk_v4_espeakng/slices/espeakng-407/espeakng_kazakh_formant/5f5af81cecc14.wav,c745da6fbb6440979524913b97eaefbc0f2b2b0399e39489a17f5e285456d89b,test,spoof,kk,unknown,ksc_derived_kk_v4_espeakng:profile:espeakng_kazakh_formant:kk:w175:p50:a100,ksc_derived_kk_v4_espeakng,KSC text CC-BY-4.0; eSpeak NG GPL-3.0-or-later,Offline derivative for personal research from KSC transcript ksc_slr102:5f5af81cecc14; eSpeak NG GPL-3.0-or-later; bundled Ubuntu runtime packages retain their declared package licenses; no voice cloning,ksc_derived_kk_v4_espeakng:synthetic-voice:espeakng_kazakh_formant:kk:w175:p50:a100,ksc_slr102:5f5af81cecc14,114071515e0da6de68061573120971b21bb79675a1c2addbccbbfe6cf38c7921,3.1165532879818594,formant_rule_based_tts,eSpeak NG Kazakh formant synthesizer,eSpeak NG 1.52.0 source-4870adfa25b1a32b4361592f1be8a40337c58d6c; Ubuntu 1.52.0+dfsg-5build1 runtime packages,espeakng_kazakh_formant:kk:w175:p50:a100,not_applicable:pretrained-tts-no-local-voice-cloning,local_cpu_espeakng_formant,offline_formant_tts,22050,wav,none,,2026-08-10T00:00:00Z
ksc_derived_kk_v4_espeakng:d18ac035d7868b4a,raw/ksc_derived_kk_v4_espeakng/slices/espeakng-407/espeakng_kazakh_formant/5f5a0e7c38b3f.wav,2b02d18a3008f282209193adf7a7b1e3eb091d3c6f9224af7e0c7f73b0459f90,test,spoof,kk,unknown,ksc_derived_kk_v4_espeakng:profile:espeakng_kazakh_formant:kk:w175:p65:a100,ksc_derived_kk_v4_espeakng,KSC text CC-BY-4.0; eSpeak NG GPL-3.0-or-later,Offline derivative for personal research from KSC transcript ksc_slr102:5f5a0e7c38b3f; eSpeak NG GPL-3.0-or-later; bundled Ubuntu runtime packages retain their declared package licenses; no voice cloning,ksc_derived_kk_v4_espeakng:synthetic-voice:espeakng_kazakh_formant:kk:w175:p65:a100,ksc_slr102:5f5a0e7c38b3f,8b80780dd8e589e0f07544ec310fc654e423713a3e5dfd58ed881e9c7e17ef71,4.919138321995465,formant_rule_based_tts,eSpeak NG Kazakh formant synthesizer,eSpeak NG 1.52.0 source-4870adfa25b1a32b4361592f1be8a40337c58d6c; Ubuntu 1.52.0+dfsg-5build1 runtime packages,espeakng_kazakh_formant:kk:w175:p65:a100,not_applicable:pretrained-tts-no-local-voice-cloning,local_cpu_espeakng_formant,offline_formant_tts,22050,wav,none,,2026-08-10T00:00:00Z
ksc_derived_kk_v4_espeakng:3ff3fd040726240f,raw/ksc_derived_kk_v4_espeakng/slices/espeakng-407/espeakng_kazakh_formant/5f60e5adba91d.wav,54fa27c1b3869a599b33bb176fe461aad8cdb0f5a80525f4faba6ce3ee714f12,test,spoof,kk,unknown,ksc_derived_kk_v4_espeakng:profile:espeakng_kazakh_formant:kk:w200:p35:a100,ksc_derived_kk_v4_espeakng,KSC text CC-BY-4.0; eSpeak NG GPL-3.0-or-later,Offline derivative for personal research from KSC transcript ksc_slr102:5f60e5adba91d; eSpeak NG GPL-3.0-or-later; bundled Ubuntu runtime packages retain their declared package licenses; no voice cloning,ksc_derived_kk_v4_espeakng:synthetic-voice:espeakng_kazakh_formant:kk:w200:p35:a100,ksc_slr102:5f60e5adba91d,60a3aef096de86bccef723003e8e77d920862203171c5dbbbe2fab87fbeba718,8.975328798185942,formant_rule_based_tts,eSpeak NG Kazakh formant synthesizer,eSpeak NG 1.52.0 source-4870adfa25b1a32b4361592f1be8a40337c58d6c; Ubuntu 1.52.0+dfsg-5build1 runtime packages,espeakng_kazakh_formant:kk:w200:p35:a100,not_applicable:pretrained-tts-no-local-voice-cloning,local_cpu_espeakng_formant,offline_formant_tts,22050,wav,none,,2026-08-10T00:00:00Z
ksc_derived_kk_v4_espeakng:ddcf0379c11176a7,raw/ksc_derived_kk_v4_espeakng/slices/espeakng-407/espeakng_kazakh_formant/5f59bf8fbbca3.wav,f658387e62b6fff5eac64b3d7d874222acecbfb76548723d71a686f8bf7ced5b,test,spoof,kk,unknown,ksc_derived_kk_v4_espeakng:profile:espeakng_kazakh_formant:kk:w200:p50:a100,ksc_derived_kk_v4_espeakng,KSC text CC-BY-4.0; eSpeak NG GPL-3.0-or-later,Offline derivative for personal research from KSC transcript ksc_slr102:5f59bf8fbbca3; eSpeak NG GPL-3.0-or-later; bundled Ubuntu runtime packages retain their declared package licenses; no voice cloning,ksc_derived_kk_v4_espeakng:synthetic-voice:espeakng_kazakh_formant:kk:w200:p50:a100,ksc_slr102:5f59bf8fbbca3,c45796fe9537dee762081723a4a2cfb311f0a8ea23e84da74eece387beaf67cf,4.595827664399093,formant_rule_based_tts,eSpeak NG Kazakh formant synthesizer,eSpeak NG 1.52.0 source-4870adfa25b1a32b4361592f1be8a40337c58d6c; Ubuntu 1.52.0+dfsg-5build1 runtime packages,espeakng_kazakh_formant:kk:w200:p50:a100,not_applicable:pretrained-tts-no-local-voice-cloning,local_cpu_espeakng_formant,offline_formant_tts,22050,wav,none,,2026-08-10T00:00:00Z
ksc_derived_kk_v4_espeakng:e755bc3ccf429a82,raw/ksc_derived_kk_v4_espeakng/slices/espeakng-407/espeakng_kazakh_formant/5f5af869c7628.wav,8c3834591301aeaefc1684fc4f5323534caca9bd3c42521153f7112e24c80e2a,test,spoof,kk,unknown,ksc_derived_kk_v4_espeakng:profile:espeakng_kazakh_formant:kk:w200:p65:a100,ksc_derived_kk_v4_espeakng,KSC text CC-BY-4.0; eSpeak NG GPL-3.0-or-later,Offline derivative for personal research from KSC transcript ksc_slr102:5f5af869c7628; eSpeak NG GPL-3.0-or-later; bundled Ubuntu runtime packages retain their declared package licenses; no voice cloning,ksc_derived_kk_v4_espeakng:synthetic-voice:espeakng_kazakh_formant:kk:w200:p65:a100,ksc_slr102:5f5af869c7628,b53e96910d31fb4b42e59617db35c9533e6445663ef68298b49212e4389a4f1d,2.2086621315192745,formant_rule_based_tts,eSpeak NG Kazakh formant synthesizer,eSpeak NG 1.52.0 source-4870adfa25b1a32b4361592f1be8a40337c58d6c; Ubuntu 1.52.0+dfsg-5build1 runtime packages,espeakng_kazakh_formant:kk:w200:p65:a100,not_applicable:pretrained-tts-no-local-voice-cloning,local_cpu_espeakng_formant,offline_formant_tts,22050,wav,none,,2026-08-10T00:00:00Z
ksc_derived_kk_v4_espeakng:93fe4ad837f1bca8,raw/ksc_derived_kk_v4_espeakng/slices/espeakng-407/espeakng_kazakh_formant/5f6095498563a.wav,7d6830484282228ca09080498ee15f64d02f589add84d0caace28ef3c7b22f15,test,spoof,kk,unknown,ksc_derived_kk_v4_espeakng:profile:espeakng_kazakh_formant:kk:w225:p35:a100,ksc_derived_kk_v4_espeakng,KSC text CC-BY-4.0; eSpeak NG GPL-3.0-or-later,Offline derivative for personal research from KSC transcript ksc_slr102:5f6095498563a; eSpeak NG GPL-3.0-or-later; bundled Ubuntu runtime packages retain their declared package licenses; no voice cloning,ksc_derived_kk_v4_espeakng:synthetic-voice:espeakng_kazakh_formant:kk:w225:p35:a100,ksc_slr102:5f6095498563a,719bd766fa40194577001c4c5360ace36f425b8d0dbe21bc3376d09e6be2f574,2.0556009070294783,formant_rule_based_tts,eSpeak NG Kazakh formant synthesizer,eSpeak NG 1.52.0 source-4870adfa25b1a32b4361592f1be8a40337c58d6c; Ubuntu 1.52.0+dfsg-5build1 runtime packages,espeakng_kazakh_formant:kk:w225:p35:a100,not_applicable:pretrained-tts-no-local-voice-cloning,local_cpu_espeakng_formant,offline_formant_tts,22050,wav,none,,2026-08-10T00:00:00Z
ksc_derived_kk_v4_espeakng:334b0e09765eb584,raw/ksc_derived_kk_v4_espeakng/slices/espeakng-407/espeakng_kazakh_formant/5f60b3a41bcfa.wav,6d474b21180ae0d5b2fbdddd84a358de7487e985922601c461c05cbb22945daa,test,spoof,kk,unknown,ksc_derived_kk_v4_espeakng:profile:espeakng_kazakh_formant:kk:w225:p50:a100,ksc_derived_kk_v4_espeakng,KSC text CC-BY-4.0; eSpeak NG GPL-3.0-or-later,Offline derivative for personal research from KSC transcript ksc_slr102:5f60b3a41bcfa; eSpeak NG GPL-3.0-or-later; bundled Ubuntu runtime packages retain their declared package licenses; no voice cloning,ksc_derived_kk_v4_espeakng:synthetic-voice:espeakng_kazakh_formant:kk:w225:p50:a100,ksc_slr102:5f60b3a41bcfa,cf6869519c9c0b0d71466ae2f763588380c2b467df3a0889f0ea4721e6d58a99,8.722902494331066,formant_rule_based_tts,eSpeak NG Kazakh formant synthesizer,eSpeak NG 1.52.0 source-4870adfa25b1a32b4361592f1be8a40337c58d6c; Ubuntu 1.52.0+dfsg-5build1 runtime packages,espeakng_kazakh_formant:kk:w225:p50:a100,not_applicable:pretrained-tts-no-local-voice-cloning,local_cpu_espeakng_formant,offline_formant_tts,22050,wav,none,,2026-08-10T00:00:00Z
ksc_derived_kk_v4_espeakng:6e0f5651e45cc8b9,raw/ksc_derived_kk_v4_espeakng/slices/espeakng-407/espeakng_kazakh_formant/5f609b55dc835.wav,37eace4c3881df776468fa06d596e6e7030066490ea18fe9e9eab8be77ce4d04,test,spoof,kk,unknown,ksc_derived_kk_v4_espeakng:profile:espeakng_kazakh_formant:kk:w225:p65:a100,ksc_derived_kk_v4_espeakng,KSC text CC-BY-4.0; eSpeak NG GPL-3.0-or-later,Offline derivative for personal research from KSC transcript ksc_slr102:5f609b55dc835; eSpeak NG GPL-3.0-or-later; bundled Ubuntu runtime packages retain their declared package licenses; no voice cloning,ksc_derived_kk_v4_espeakng:synthetic-voice:espeakng_kazakh_formant:kk:w225:p65:a100,ksc_slr102:5f609b55dc835,578e72bbe9e4af7315e87708c3701f36614f7e4773fe7ff4de4f7f7e7d8a328b,2.0317460317460316,formant_rule_based_tts,eSpeak NG Kazakh formant synthesizer,eSpeak NG 1.52.0 source-4870adfa25b1a32b4361592f1be8a40337c58d6c; Ubuntu 1.52.0+dfsg-5build1 runtime packages,espeakng_kazakh_formant:kk:w225:p65:a100,not_applicable:pretrained-tts-no-local-voice-cloning,local_cpu_espeakng_formant,offline_formant_tts,22050,wav,none,,2026-08-10T00:00:00Z
ksc_derived_kk_v4_espeakng:11806ad1d7f8a71a,raw/ksc_derived_kk_v4_espeakng/slices/espeakng-407/espeakng_kazakh_formant/5f61e430854b7.wav,dc61019f91849dab2ded23cad83f4bb2a4ed9546243882d4258dc376b612f2ce,test,spoof,kk,unknown,ksc_derived_kk_v4_espeakng:profile:espeakng_kazakh_formant:kk:w150:p35:a100,ksc_derived_kk_v4_espeakng,KSC text CC-BY-4.0; eSpeak NG GPL-3.0-or-later,Offline derivative for personal research from KSC transcript ksc_slr102:5f61e430854b7; eSpeak NG GPL-3.0-or-later; bundled Ubuntu runtime packages retain their declared package licenses; no voice cloning,ksc_derived_kk_v4_espeakng:synthetic-voice:espeakng_kazakh_formant:kk:w150:p35:a100,ksc_slr102:5f61e430854b7,58595bcc9d33964fa82439205c198c85173c325110cf2cfbc2ec48346fa6a254,3.9597732426303853,formant_rule_based_tts,eSpeak NG Kazakh formant synthesizer,eSpeak NG 1.52.0 source-4870adfa25b1a32b4361592f1be8a40337c58d6c; Ubuntu 1.52.0+dfsg-5build1 runtime packages,espeakng_kazakh_formant:kk:w150:p35:a100,not_applicable:pretrained-tts-no-local-voice-cloning,local_cpu_espeakng_formant,offline_formant_tts,22050,wav,none,,2026-08-10T00:00:00Z
ksc_derived_kk_v4_espeakng:1d06df855e192a49,raw/ksc_derived_kk_v4_espeakng/slices/espeakng-407/espeakng_kazakh_formant/5f5f3ef5a83ec.wav,6d5d820ca72e4e28804e6a4dcd6f4c1c80d86fd4ace5acc6489a6c2a17e29127,test,spoof,kk,unknown,ksc_derived_kk_v4_espeakng:profile:espeakng_kazakh_formant:kk:w150:p50:a100,ksc_derived_kk_v4_espeakng,KSC text CC-BY-4.0; eSpeak NG GPL-3.0-or-later,Offline derivative for personal research from KSC transcript ksc_slr102:5f5f3ef5a83ec; eSpeak NG GPL-3.0-or-later; bundled Ubuntu runtime packages retain their declared package licenses; no voice cloning,ksc_derived_kk_v4_espeakng:synthetic-voice:espeakng_kazakh_formant:kk:w150:p50:a100,ksc_slr102:5f5f3ef5a83ec,d7b5d1486f529b52bcd88deb077b811accd146479f16294ee1e61638d7ee3e06,8.781904761904762,formant_rule_based_tts,eSpeak NG Kazakh formant synthesizer,eSpeak NG 1.52.0 source-4870adfa25b1a32b4361592f1be8a40337c58d6c; Ubuntu 1.52.0+dfsg-5build1 runtime packages,espeakng_kazakh_formant:kk:w150:p50:a100,not_applicable:pretrained-tts-no-local-voice-cloning,local_cpu_espeakng_formant,offline_formant_tts,22050,wav,none,,2026-08-10T00:00:00Z
ksc_derived_kk_v4_espeakng:b740f2d7ee7aee01,raw/ksc_derived_kk_v4_espeakng/slices/espeakng-407/espeakng_kazakh_formant/5f59bb3326c3e.wav,30ca06ce139ea9107e6344d2dda7a45ee3f750282c0b2e2e352dbc19eb5da5ad,test,spoof,kk,unknown,ksc_derived_kk_v4_espeakng:profile:espeakng_kazakh_formant:kk:w150:p65:a100,ksc_derived_kk_v4_espeakng,KSC text CC-BY-4.0; eSpeak NG GPL-3.0-or-later,Offline derivative for personal research from KSC transcript ksc_slr102:5f59bb3326c3e; eSpeak NG GPL-3.0-or-later; bundled Ubuntu runtime packages retain their declared package licenses; no voice cloning,ksc_derived_kk_v4_espeakng:synthetic-voice:espeakng_kazakh_formant:kk:w150:p65:a100,ksc_slr102:5f59bb3326c3e,640bd18bd39616555a88491e6bd622d2feb4ac55334052eda04f9ce2e29ac845,13.525623582766439,formant_rule_based_tts,eSpeak NG Kazakh formant synthesizer,eSpeak NG 1.52.0 source-4870adfa25b1a32b4361592f1be8a40337c58d6c; Ubuntu 1.52.0+dfsg-5build1 runtime packages,espeakng_kazakh_formant:kk:w150:p65:a100,not_applicable:pretrained-tts-no-local-voice-cloning,local_cpu_espeakng_formant,offline_formant_tts,22050,wav,none,,2026-08-10T00:00:00Z
ksc_derived_kk_v4_espeakng:6d0fb37e367a5a53,raw/ksc_derived_kk_v4_espeakng/slices/espeakng-407/espeakng_kazakh_formant/5f63386bf421c.wav,74861e2d32faeea66d968ea496344a11e702fc5f9ea6d08d0fc9f489db11e5c6,test,spoof,kk,unknown,ksc_derived_kk_v4_espeakng:profile:espeakng_kazakh_formant:kk:w175:p35:a100,ksc_derived_kk_v4_espeakng,KSC text CC-BY-4.0; eSpeak NG GPL-3.0-or-later,Offline derivative for personal research from KSC transcript ksc_slr102:5f63386bf421c; eSpeak NG GPL-3.0-or-later; bundled Ubuntu runtime packages retain their declared package licenses; no voice cloning,ksc_derived_kk_v4_espeakng:synthetic-voice:espeakng_kazakh_formant:kk:w175:p35:a100,ksc_slr102:5f63386bf421c,23329ac4b85ca547c58db3f07c7ca45819396f436b31399941438ca7e023f642,4.642312925170068,formant_rule_based_tts,eSpeak NG Kazakh formant synthesizer,eSpeak NG 1.52.0 source-4870adfa25b1a32b4361592f1be8a40337c58d6c; Ubuntu 1.52.0+dfsg-5build1 runtime packages,espeakng_kazakh_formant:kk:w175:p35:a100,not_applicable:pretrained-tts-no-local-voice-cloning,local_cpu_espeakng_formant,offline_formant_tts,22050,wav,none,,2026-08-10T00:00:00Z
ksc_derived_kk_v4_espeakng:369813206fa1e8eb,raw/ksc_derived_kk_v4_espeakng/slices/espeakng-407/espeakng_kazakh_formant/5f5e3c10d5b21.wav,11bdf070beb65a4b4c809e952eddc607d73dfea1ba15c7e145b31f3a2bb4c8a7,test,spoof,kk,unknown,ksc_derived_kk_v4_espeakng:profile:espeakng_kazakh_formant:kk:w175:p50:a100,ksc_derived_kk_v4_espeakng,KSC text CC-BY-4.0; eSpeak NG GPL-3.0-or-later,Offline derivative for personal research from KSC transcript ksc_slr102:5f5e3c10d5b21; eSpeak NG GPL-3.0-or-later; bundled Ubuntu runtime packages retain their declared package licenses; no voice cloning,ksc_derived_kk_v4_espeakng:synthetic-voice:espeakng_kazakh_formant:kk:w175:p50:a100,ksc_slr102:5f5e3c10d5b21,6e6d961ca917a77b573c3ff93f4b0e20f4c2c322c327e6b00a8ad205785db6f7,6.30766439909297,formant_rule_based_tts,eSpeak NG Kazakh formant synthesizer,eSpeak NG 1.52.0 source-4870adfa25b1a32b4361592f1be8a40337c58d6c; Ubuntu 1.52.0+dfsg-5build1 runtime packages,espeakng_kazakh_formant:kk:w175:p50:a100,not_applicable:pretrained-tts-no-local-voice-cloning,local_cpu_espeakng_formant,offline_formant_tts,22050,wav,none,,2026-08-10T00:00:00Z
ksc_derived_kk_v4_espeakng:3df335e20ef73916,raw/ksc_derived_kk_v4_espeakng/slices/espeakng-407/espeakng_kazakh_formant/5f60c1163b062.wav,efc1308e6bb70085b54a088264fe6cbfe338b7ee14b48b057968201f66a92822,test,spoof,kk,unknown,ksc_derived_kk_v4_espeakng:profile:espeakng_kazakh_formant:kk:w175:p65:a100,ksc_derived_kk_v4_espeakng,KSC text CC-BY-4.0; eSpeak NG GPL-3.0-or-later,Offline derivative for personal research from KSC transcript ksc_slr102:5f60c1163b062; eSpeak NG GPL-3.0-or-later; bundled Ubuntu runtime packages retain their declared package licenses; no voice cloning,ksc_derived_kk_v4_espeakng:synthetic-voice:espeakng_kazakh_formant:kk:w175:p65:a100,ksc_slr102:5f60c1163b062,1b152ff4daf1dd0bd8332f4bca50f66d748826c0a9bf746b1a1307b462930705,7.051292517006803,formant_rule_based_tts,eSpeak NG Kazakh formant synthesizer,eSpeak NG 1.52.0 source-4870adfa25b1a32b4361592f1be8a40337c58d6c; Ubuntu 1.52.0+dfsg-5build1 runtime packages,espeakng_kazakh_formant:kk:w175:p65:a100,not_applicable:pretrained-tts-no-local-voice-cloning,local_cpu_espeakng_formant,offline_formant_tts,22050,wav,none,,2026-08-10T00:00:00Z
ksc_derived_kk_v4_espeakng:a6800e063e842b6c,raw/ksc_derived_kk_v4_espeakng/slices/espeakng-407/espeakng_kazakh_formant/5f5f837daf623.wav,ad3e90752c67eb2bf2fbcf5b0f00157c382de5f28c3514ed26ef116a4bf169e9,test,spoof,kk,unknown,ksc_derived_kk_v4_espeakng:profile:espeakng_kazakh_formant:kk:w200:p35:a100,ksc_derived_kk_v4_espeakng,KSC text CC-BY-4.0; eSpeak NG GPL-3.0-or-later,Offline derivative for personal research from KSC transcript ksc_slr102:5f5f837daf623; eSpeak NG GPL-3.0-or-later; bundled Ubuntu runtime packages retain their declared package licenses; no voice cloning,ksc_derived_kk_v4_espeakng:synthetic-voice:espeakng_kazakh_formant:kk:w200:p35:a100,ksc_slr102:5f5f837daf623,53f3f8be7fc90841b0f90314b23762d2f6bba509ee1cd99ff0c4f20421e580da,1.6219501133786849,formant_rule_based_tts,eSpeak NG Kazakh formant synthesizer,eSpeak NG 1.52.0 source-4870adfa25b1a32b4361592f1be8a40337c58d6c; Ubuntu 1.52.0+dfsg-5build1 runtime packages,espeakng_kazakh_formant:kk:w200:p35:a100,not_applicable:pretrained-tts-no-local-voice-cloning,local_cpu_espeakng_formant,offline_formant_tts,22050,wav,none,,2026-08-10T00:00:00Z
ksc_derived_kk_v4_espeakng:fb48bd08db9b3e9a,raw/ksc_derived_kk_v4_espeakng/slices/espeakng-407/espeakng_kazakh_formant/5f5fbd4eb02fe.wav,51e64707196440e6f962663f779617653f466c6334de757d426861115b78198b,test,spoof,kk,unknown,ksc_derived_kk_v4_espeakng:profile:espeakng_kazakh_formant:kk:w200:p50:a100,ksc_derived_kk_v4_espeakng,KSC text CC-BY-4.0; eSpeak NG GPL-3.0-or-later,Offline derivative for personal research from KSC transcript ksc_slr102:5f5fbd4eb02fe; eSpeak NG GPL-3.0-or-later; bundled Ubuntu runtime packages retain their declared package licenses; no voice cloning,ksc_derived_kk_v4_espeakng:synthetic-voice:espeakng_kazakh_formant:kk:w200:p50:a100,ksc_slr102:5f5fbd4eb02fe,0f0437a6589faf7efa537f6bf27468d5558734ab028a589294b31fb8ebd552a5,5.893015873015873,formant_rule_based_tts,eSpeak NG Kazakh formant synthesizer,eSpeak NG 1.52.0 source-4870adfa25b1a32b4361592f1be8a40337c58d6c; Ubuntu 1.52.0+dfsg-5build1 runtime packages,espeakng_kazakh_formant:kk:w200:p50:a100,not_applicable:pretrained-tts-no-local-voice-cloning,local_cpu_espeakng_formant,offline_formant_tts,22050,wav,none,,2026-08-10T00:00:00Z
ksc_derived_kk_v4_espeakng:64892cad3da63954,raw/ksc_derived_kk_v4_espeakng/slices/espeakng-407/espeakng_kazakh_formant/5f5a398f0fcd4.wav,96caeaedc014c87689be7add819522298027137d4a2860d1b0ea98b50c072745,test,spoof,kk,unknown,ksc_derived_kk_v4_espeakng:profile:espeakng_kazakh_formant:kk:w200:p65:a100,ksc_derived_kk_v4_espeakng,KSC text CC-BY-4.0; eSpeak NG GPL-3.0-or-later,Offline derivative for personal research from KSC transcript ksc_slr102:5f5a398f0fcd4; eSpeak NG GPL-3.0-or-later; bundled Ubuntu runtime packages retain their declared package licenses; no voice cloning,ksc_derived_kk_v4_espeakng:synthetic-voice:espeakng_kazakh_formant:kk:w200:p65:a100,ksc_slr102:5f5a398f0fcd4,40fc0e1b658aa2630a404170d93980fb5853bbc20fdf41326c977ec24dd0f68c,2.939863945578231,formant_rule_based_tts,eSpeak NG Kazakh formant synthesizer,eSpeak NG 1.52.0 source-4870adfa25b1a32b4361592f1be8a40337c58d6c; Ubuntu 1.52.0+dfsg-5build1 runtime packages,espeakng_kazakh_formant:kk:w200:p65:a100,not_applicable:pretrained-tts-no-local-voice-cloning,local_cpu_espeakng_formant,offline_formant_tts,22050,wav,none,,2026-08-10T00:00:00Z
ksc_derived_kk_v4_espeakng:e232d7df54f53fed,raw/ksc_derived_kk_v4_espeakng/slices/espeakng-407/espeakng_kazakh_formant/5f5e49923880a.wav,c8ec50c95ade71e9b3cc106a2d15c8921108cacfd705bdf41f3ae4300f019f89,test,spoof,kk,unknown,ksc_derived_kk_v4_espeakng:profile:espeakng_kazakh_formant:kk:w225:p35:a100,ksc_derived_kk_v4_espeakng,KSC text CC-BY-4.0; eSpeak NG GPL-3.0-or-later,Offline derivative for personal research from KSC transcript ksc_slr102:5f5e49923880a; eSpeak NG GPL-3.0-or-later; bundled Ubuntu runtime packages retain their declared package licenses; no voice cloning,ksc_derived_kk_v4_espeakng:synthetic-voice:espeakng_kazakh_formant:kk:w225:p35:a100,ksc_slr102:5f5e49923880a,e91caa0048c4d984e431313049494bd57c4a864284308fe2d4340a042f4f31d0,5.913560090702948,formant_rule_based_tts,eSpeak NG Kazakh formant synthesizer,eSpeak NG 1.52.0 source-4870adfa25b1a32b4361592f1be8a40337c58d6c; Ubuntu 1.52.0+dfsg-5build1 runtime packages,espeakng_kazakh_formant:kk:w225:p35:a100,not_applicable:pretrained-tts-no-local-voice-cloning,local_cpu_espeakng_formant,offline_formant_tts,22050,wav,none,,2026-08-10T00:00:00Z
ksc_derived_kk_v4_espeakng:8b8b57a0e5e2c708,raw/ksc_derived_kk_v4_espeakng/slices/espeakng-407/espeakng_kazakh_formant/5f5c4cbc39154.wav,4f6a2cdd31f495547bfbbf4e5c4fac0e2c12de2223366d261a29f14b87e8ef6c,test,spoof,kk,unknown,ksc_derived_kk_v4_espeakng:profile:espeakng_kazakh_formant:kk:w225:p50:a100,ksc_derived_kk_v4_espeakng,KSC text CC-BY-4.0; eSpeak NG GPL-3.0-or-later,Offline derivative for personal research from KSC transcript ksc_slr102:5f5c4cbc39154; eSpeak NG GPL-3.0-or-later; bundled Ubuntu runtime packages retain their declared package licenses; no voice cloning,ksc_derived_kk_v4_espeakng:synthetic-voice:espeakng_kazakh_formant:kk:w225:p50:a100,ksc_slr102:5f5c4cbc39154,bd07cae78bf7fd46793d024a60aa3a8eabc95de37decd58711aeba16a8b65a39,3.221315192743764,formant_rule_based_tts,eSpeak NG Kazakh formant synthesizer,eSpeak NG 1.52.0 source-4870adfa25b1a32b4361592f1be8a40337c58d6c; Ubuntu 1.52.0+dfsg-5build1 runtime packages,espeakng_kazakh_formant:kk:w225:p50:a100,not_applicable:pretrained-tts-no-local-voice-cloning,local_cpu_espeakng_formant,offline_formant_tts,22050,wav,none,,2026-08-10T00:00:00Z
ksc_derived_kk_v4_espeakng:db70a82a723a916f,raw/ksc_derived_kk_v4_espeakng/slices/espeakng-407/espeakng_kazakh_formant/5f579d59df3f0.wav,d6fc193f45dbfd39f231a4d471190fb7b752c052ef3cd56689b6b1a225055967,test,spoof,kk,unknown,ksc_derived_kk_v4_espeakng:profile:espeakng_kazakh_formant:kk:w225:p65:a100,ksc_derived_kk_v4_espeakng,KSC text CC-BY-4.0; eSpeak NG GPL-3.0-or-later,Offline derivative for personal research from KSC transcript ksc_slr102:5f579d59df3f0; eSpeak NG GPL-3.0-or-later; bundled Ubuntu runtime packages retain their declared package licenses; no voice cloning,ksc_derived_kk_v4_espeakng:synthetic-voice:espeakng_kazakh_formant:kk:w225:p65:a100,ksc_slr102:5f579d59df3f0,caa8d86d417420f6d37ca3f8ec2a61031b60cf6decaea29181ea9851481fb53e,5.433061224489796,formant_rule_based_tts,eSpeak NG Kazakh formant synthesizer,eSpeak NG 1.52.0 source-4870adfa25b1a32b4361592f1be8a40337c58d6c; Ubuntu 1.52.0+dfsg-5build1 runtime packages,espeakng_kazakh_formant:kk:w225:p65:a100,not_applicable:pretrained-tts-no-local-voice-cloning,local_cpu_espeakng_formant,offline_formant_tts,22050,wav,none,,2026-08-10T00:00:00Z
ksc_derived_kk_v4_espeakng:c1f4c92d4413c644,raw/ksc_derived_kk_v4_espeakng/slices/espeakng-407/espeakng_kazakh_formant/5f60e48f30e8e.wav,97f2db89e6977e89804f6ab871c671ea28ab03a7ac8826036b0814551879eff3,test,spoof,kk,unknown,ksc_derived_kk_v4_espeakng:profile:espeakng_kazakh_formant:kk:w150:p35:a100,ksc_derived_kk_v4_espeakng,KSC text CC-BY-4.0; eSpeak NG GPL-3.0-or-later,Offline derivative for personal research from KSC transcript ksc_slr102:5f60e48f30e8e; eSpeak NG GPL-3.0-or-later; bundled Ubuntu runtime packages retain their declared package licenses; no voice cloning,ksc_derived_kk_v4_espeakng:synthetic-voice:espeakng_kazakh_formant:kk:w150:p35:a100,ksc_slr102:5f60e48f30e8e,3bb842de6d68a091c45236b93bbe8a839a1eeb524f4537a6de5fa1e1e8c7654d,7.07015873015873,formant_rule_based_tts,eSpeak NG Kazakh formant synthesizer,eSpeak NG 1.52.0 source-4870adfa25b1a32b4361592f1be8a40337c58d6c; Ubuntu 1.52.0+dfsg-5build1 runtime packages,espeakng_kazakh_formant:kk:w150:p35:a100,not_applicable:pretrained-tts-no-local-voice-cloning,local_cpu_espeakng_formant,offline_formant_tts,22050,wav,none,,2026-08-10T00:00:00Z
ksc_derived_kk_v4_espeakng:59ab8c80141eea94,raw/ksc_derived_kk_v4_espeakng/slices/espeakng-407/espeakng_kazakh_formant/5f5f452a64358.wav,bb081225b08859767cbef54f7476ffd69014d0df6416bb2f4fd9e5729cae4e33,test,spoof,kk,unknown,ksc_derived_kk_v4_espeakng:profile:espeakng_kazakh_formant:kk:w150:p50:a100,ksc_derived_kk_v4_espeakng,KSC text CC-BY-4.0; eSpeak NG GPL-3.0-or-later,Offline derivative for personal research from KSC transcript ksc_slr102:5f5f452a64358; eSpeak NG GPL-3.0-or-later; bundled Ubuntu runtime packages retain their declared package licenses; no voice cloning,ksc_derived_kk_v4_espeakng:synthetic-voice:espeakng_kazakh_formant:kk:w150:p50:a100,ksc_slr102:5f5f452a64358,ed310cf602b15a28b41b82a254511ff5fcc4a1b0cd6a3f1ad84965ca5cdd1b8d,5.6158276643990925,formant_rule_based_tts,eSpeak NG Kazakh formant synthesizer,eSpeak NG 1.52.0 source-4870adfa25b1a32b4361592f1be8a40337c58d6c; Ubuntu 1.52.0+dfsg-5build1 runtime packages,espeakng_kazakh_formant:kk:w150:p50:a100,not_applicable:pretrained-tts-no-local-voice-cloning,local_cpu_espeakng_formant,offline_formant_tts,22050,wav,none,,2026-08-10T00:00:00Z
ksc_derived_kk_v4_espeakng:b9f991510a7ce569,raw/ksc_derived_kk_v4_espeakng/slices/espeakng-407/espeakng_kazakh_formant/5fa26b0213990.wav,9870e78f02a8f7fdc487b058e9333b5dd0e6bab2d815e1f5a1b29a07d9dca63d,test,spoof,kk,unknown,ksc_derived_kk_v4_espeakng:profile:espeakng_kazakh_formant:kk:w150:p65:a100,ksc_derived_kk_v4_espeakng,KSC text CC-BY-4.0; eSpeak NG GPL-3.0-or-later,Offline derivative for personal research from KSC transcript ksc_slr102:5fa26b0213990; eSpeak NG GPL-3.0-or-later; bundled Ubuntu runtime packages retain their declared package licenses; no voice cloning,ksc_derived_kk_v4_espeakng:synthetic-voice:espeakng_kazakh_formant:kk:w150:p65:a100,ksc_slr102:5fa26b0213990,591367db9357e1b3634ab849c7d627ee67465e8ddb0de0cc0127658d6dec9f89,6.733469387755102,formant_rule_based_tts,eSpeak NG Kazakh formant synthesizer,eSpeak NG 1.52.0 source-4870adfa25b1a32b4361592f1be8a40337c58d6c; Ubuntu 1.52.0+dfsg-5build1 runtime packages,espeakng_kazakh_formant:kk:w150:p65:a100,not_applicable:pretrained-tts-no-local-voice-cloning,local_cpu_espeakng_formant,offline_formant_tts,22050,wav,none,,2026-08-10T00:00:00Z
ksc_derived_kk_v4_espeakng:0d359fbc0d71693a,raw/ksc_derived_kk_v4_espeakng/slices/espeakng-407/espeakng_kazakh_formant/5f5af5f31adeb.wav,8e22d7a52200907c83fc7864deeb12c9aa34b7ebdd81e6952beb39c0a82b0d5c,test,spoof,kk,unknown,ksc_derived_kk_v4_espeakng:profile:espeakng_kazakh_formant:kk:w175:p35:a100,ksc_derived_kk_v4_espeakng,KSC text CC-BY-4.0; eSpeak NG GPL-3.0-or-later,Offline derivative for personal research from KSC transcript ksc_slr102:5f5af5f31adeb; eSpeak NG GPL-3.0-or-later; bundled Ubuntu runtime packages retain their declared package licenses; no voice cloning,ksc_derived_kk_v4_espeakng:synthetic-voice:espeakng_kazakh_formant:kk:w175:p35:a100,ksc_slr102:5f5af5f31adeb,40d24bcde993ac4b5acf563191f21786ec5612bf220cf12763826a99d3652306,5.988843537414966,formant_rule_based_tts,eSpeak NG Kazakh formant synthesizer,eSpeak NG 1.52.0 source-4870adfa25b1a32b4361592f1be8a40337c58d6c; Ubuntu 1.52.0+dfsg-5build1 runtime packages,espeakng_kazakh_formant:kk:w175:p35:a100,not_applicable:pretrained-tts-no-local-voice-cloning,local_cpu_espeakng_formant,offline_formant_tts,22050,wav,none,,2026-08-10T00:00:00Z
ksc_derived_kk_v4_espeakng:610f1b793f1c603a,raw/ksc_derived_kk_v4_espeakng/slices/espeakng-407/espeakng_kazakh_formant/5f60deacd93fd.wav,7959067c6e1a4b2cb45fb24a67b14dbdb87b6e3bc4992861ee7b79426a9ef1ad,test,spoof,kk,unknown,ksc_derived_kk_v4_espeakng:profile:espeakng_kazakh_formant:kk:w175:p50:a100,ksc_derived_kk_v4_espeakng,KSC text CC-BY-4.0; eSpeak NG GPL-3.0-or-later,Offline derivative for personal research from KSC transcript ksc_slr102:5f60deacd93fd; eSpeak NG GPL-3.0-or-later; bundled Ubuntu runtime packages retain their declared package licenses; no voice cloning,ksc_derived_kk_v4_espeakng:synthetic-voice:espeakng_kazakh_formant:kk:w175:p50:a100,ksc_slr102:5f60deacd93fd,384553a61bd87ef4ce2ce4416ecf838ce311f351d92bb8309fce41c2f83eefc1,4.340725623582767,formant_rule_based_tts,eSpeak NG Kazakh formant synthesizer,eSpeak NG 1.52.0 source-4870adfa25b1a32b4361592f1be8a40337c58d6c; Ubuntu 1.52.0+dfsg-5build1 runtime packages,espeakng_kazakh_formant:kk:w175:p50:a100,not_applicable:pretrained-tts-no-local-voice-cloning,local_cpu_espeakng_formant,offline_formant_tts,22050,wav,none,,2026-08-10T00:00:00Z
ksc_derived_kk_v4_espeakng:83c4da841f136cd1,raw/ksc_derived_kk_v4_espeakng/slices/espeakng-407/espeakng_kazakh_formant/5f9f995bc9433.wav,00000254a7e40601a05c329e2505dde058af9f740ce25d8d138c298dfabe5113,test,spoof,kk,unknown,ksc_derived_kk_v4_espeakng:profile:espeakng_kazakh_formant:kk:w175:p65:a100,ksc_derived_kk_v4_espeakng,KSC text CC-BY-4.0; eSpeak NG GPL-3.0-or-later,Offline derivative for personal research from KSC transcript ksc_slr102:5f9f995bc9433; eSpeak NG GPL-3.0-or-later; bundled Ubuntu runtime packages retain their declared package licenses; no voice cloning,ksc_derived_kk_v4_espeakng:synthetic-voice:espeakng_kazakh_formant:kk:w175:p65:a100,ksc_slr102:5f9f995bc9433,4f028577e96eaa0a5dc35849dad8057be81fd56fa8aa038c5036419cc4fc2173,2.5844897959183672,formant_rule_based_tts,eSpeak NG Kazakh formant synthesizer,eSpeak NG 1.52.0 source-4870adfa25b1a32b4361592f1be8a40337c58d6c; Ubuntu 1.52.0+dfsg-5build1 runtime packages,espeakng_kazakh_formant:kk:w175:p65:a100,not_applicable:pretrained-tts-no-local-voice-cloning,local_cpu_espeakng_formant,offline_formant_tts,22050,wav,none,,2026-08-10T00:00:00Z
ksc_derived_kk_v4_espeakng:b5239d1fb9319067,raw/ksc_derived_kk_v4_espeakng/slices/espeakng-407/espeakng_kazakh_formant/5f60e82710456.wav,66ffd71c473bb310263e541c12439613d37c0c261a5b8108f268a09fdb371dea,test,spoof,kk,unknown,ksc_derived_kk_v4_espeakng:profile:espeakng_kazakh_formant:kk:w200:p35:a100,ksc_derived_kk_v4_espeakng,KSC text CC-BY-4.0; eSpeak NG GPL-3.0-or-later,Offline derivative for personal research from KSC transcript ksc_slr102:5f60e82710456; eSpeak NG GPL-3.0-or-later; bundled Ubuntu runtime packages retain their declared package licenses; no voice cloning,ksc_derived_kk_v4_espeakng:synthetic-voice:espeakng_kazakh_formant:kk:w200:p35:a100,ksc_slr102:5f60e82710456,5a98c1c26059d0f534c320a87ac0ca3d4c5dd3010e3d95b9b2b1d2cc23c4164c,5.0580498866213155,formant_rule_based_tts,eSpeak NG Kazakh formant synthesizer,eSpeak NG 1.52.0 source-4870adfa25b1a32b4361592f1be8a40337c58d6c; Ubuntu 1.52.0+dfsg-5build1 runtime packages,espeakng_kazakh_formant:kk:w200:p35:a100,not_applicable:pretrained-tts-no-local-voice-cloning,local_cpu_espeakng_formant,offline_formant_tts,22050,wav,none,,2026-08-10T00:00:00Z
ksc_derived_kk_v4_espeakng:39b1335f9e15ed3d,raw/ksc_derived_kk_v4_espeakng/slices/espeakng-407/espeakng_kazakh_formant/5f60bddd5c1e7.wav,cb5220fe437c1de0120e936f034a1efacc82403eac3e717a08f0f489e76e8cb6,test,spoof,kk,unknown,ksc_derived_kk_v4_espeakng:profile:espeakng_kazakh_formant:kk:w200:p50:a100,ksc_derived_kk_v4_espeakng,KSC text CC-BY-4.0; eSpeak NG GPL-3.0-or-later,Offline derivative for personal research from KSC transcript ksc_slr102:5f60bddd5c1e7; eSpeak NG GPL-3.0-or-later; bundled Ubuntu runtime packages retain their declared package licenses; no voice cloning,ksc_derived_kk_v4_espeakng:synthetic-voice:espeakng_kazakh_formant:kk:w200:p50:a100,ksc_slr102:5f60bddd5c1e7,5e20b1c103545ba95dfa12aaba9e8d63a80089e239176f7720ee8d199756d608,3.910839002267574,formant_rule_based_tts,eSpeak NG Kazakh formant synthesizer,eSpeak NG 1.52.0 source-4870adfa25b1a32b4361592f1be8a40337c58d6c; Ubuntu 1.52.0+dfsg-5build1 runtime packages,espeakng_kazakh_formant:kk:w200:p50:a100,not_applicable:pretrained-tts-no-local-voice-cloning,local_cpu_espeakng_formant,offline_formant_tts,22050,wav,none,,2026-08-10T00:00:00Z
ksc_derived_kk_v4_espeakng:7d6e13311d038854,raw/ksc_derived_kk_v4_espeakng/slices/espeakng-407/espeakng_kazakh_formant/5f59b839ea57b.wav,680736c5f29c85a4ea56730ccc2bbb3f00f653131734ec2e904d515c25e57335,test,spoof,kk,unknown,ksc_derived_kk_v4_espeakng:profile:espeakng_kazakh_formant:kk:w200:p65:a100,ksc_derived_kk_v4_espeakng,KSC text CC-BY-4.0; eSpeak NG GPL-3.0-or-later,Offline derivative for personal research from KSC transcript ksc_slr102:5f59b839ea57b; eSpeak NG GPL-3.0-or-later; bundled Ubuntu runtime packages retain their declared package licenses; no voice cloning,ksc_derived_kk_v4_espeakng:synthetic-voice:espeakng_kazakh_formant:kk:w200:p65:a100,ksc_slr102:5f59b839ea57b,af29eed32ac0eac51e8c21c972436d6fa1262d4848b6d9deb11649be914dca37,5.361496598639456,formant_rule_based_tts,eSpeak NG Kazakh formant synthesizer,eSpeak NG 1.52.0 source-4870adfa25b1a32b4361592f1be8a40337c58d6c; Ubuntu 1.52.0+dfsg-5build1 runtime packages,espeakng_kazakh_formant:kk:w200:p65:a100,not_applicable:pretrained-tts-no-local-voice-cloning,local_cpu_espeakng_formant,offline_formant_tts,22050,wav,none,,2026-08-10T00:00:00Z
ksc_derived_kk_v4_espeakng:ddbb2224a95b0886,raw/ksc_derived_kk_v4_espeakng/slices/espeakng-407/espeakng_kazakh_formant/5f60575496c23.wav,13a29298146b44cbfd1e7da2e8e6a7b8f17beac2b80060a1616b6e9f9c075db1,test,spoof,kk,unknown,ksc_derived_kk_v4_espeakng:profile:espeakng_kazakh_formant:kk:w225:p35:a100,ksc_derived_kk_v4_espeakng,KSC text CC-BY-4.0; eSpeak NG GPL-3.0-or-later,Offline derivative for personal research from KSC transcript ksc_slr102:5f60575496c23; eSpeak NG GPL-3.0-or-later; bundled Ubuntu runtime packages retain their declared package licenses; no voice cloning,ksc_derived_kk_v4_espeakng:synthetic-voice:espeakng_kazakh_formant:kk:w225:p35:a100,ksc_slr102:5f60575496c23,f73d3b093105ce1744a5256d52d6fee6a67f16c458cfff70c39fe159f9696834,5.288616780045351,formant_rule_based_tts,eSpeak NG Kazakh formant synthesizer,eSpeak NG 1.52.0 source-4870adfa25b1a32b4361592f1be8a40337c58d6c; Ubuntu 1.52.0+dfsg-5build1 runtime packages,espeakng_kazakh_formant:kk:w225:p35:a100,not_applicable:pretrained-tts-no-local-voice-cloning,local_cpu_espeakng_formant,offline_formant_tts,22050,wav,none,,2026-08-10T00:00:00Z
ksc_derived_kk_v4_espeakng:92d7cf76b7b48e3c,raw/ksc_derived_kk_v4_espeakng/slices/espeakng-407/espeakng_kazakh_formant/5f61e24fdd2b2.wav,79cdc2f5ed3722af4a6c90604822b0eef5a3310443e766bfc4893cc48d1dea33,test,spoof,kk,unknown,ksc_derived_kk_v4_espeakng:profile:espeakng_kazakh_formant:kk:w225:p50:a100,ksc_derived_kk_v4_espeakng,KSC text CC-BY-4.0; eSpeak NG GPL-3.0-or-later,Offline derivative for personal research from KSC transcript ksc_slr102:5f61e24fdd2b2; eSpeak NG GPL-3.0-or-later; bundled Ubuntu runtime packages retain their declared package licenses; no voice cloning,ksc_derived_kk_v4_espeakng:synthetic-voice:espeakng_kazakh_formant:kk:w225:p50:a100,ksc_slr102:5f61e24fdd2b2,2ab05bacd99da9d34e0390430b52cf1251f98921457a86217ebc078257724f55,3.1140589569160997,formant_rule_based_tts,eSpeak NG Kazakh formant synthesizer,eSpeak NG 1.52.0 source-4870adfa25b1a32b4361592f1be8a40337c58d6c; Ubuntu 1.52.0+dfsg-5build1 runtime packages,espeakng_kazakh_formant:kk:w225:p50:a100,not_applicable:pretrained-tts-no-local-voice-cloning,local_cpu_espeakng_formant,offline_formant_tts,22050,wav,none,,2026-08-10T00:00:00Z
ksc_derived_kk_v4_espeakng:6a467a76b7e93d5d,raw/ksc_derived_kk_v4_espeakng/slices/espeakng-407/espeakng_kazakh_formant/5f5c9fd2afd59.wav,94b2a9f5fd55f4ec841e2607974e3133b9f741c177778ba1dd3ae750cc38d05d,test,spoof,kk,unknown,ksc_derived_kk_v4_espeakng:profile:espeakng_kazakh_formant:kk:w225:p65:a100,ksc_derived_kk_v4_espeakng,KSC text CC-BY-4.0; eSpeak NG GPL-3.0-or-later,Offline derivative for personal research from KSC transcript ksc_slr102:5f5c9fd2afd59; eSpeak NG GPL-3.0-or-later; bundled Ubuntu runtime packages retain their declared package licenses; no voice cloning,ksc_derived_kk_v4_espeakng:synthetic-voice:espeakng_kazakh_formant:kk:w225:p65:a100,ksc_slr102:5f5c9fd2afd59,8ae2ef7c6668fb38a494ce8380b04c68b26cebc475f15d7e061762d21694269a,2.930884353741497,formant_rule_based_tts,eSpeak NG Kazakh formant synthesizer,eSpeak NG 1.52.0 source-4870adfa25b1a32b4361592f1be8a40337c58d6c; Ubuntu 1.52.0+dfsg-5build1 runtime packages,espeakng_kazakh_formant:kk:w225:p65:a100,not_applicable:pretrained-tts-no-local-voice-cloning,local_cpu_espeakng_formant,offline_formant_tts,22050,wav,none,,2026-08-10T00:00:00Z
ksc_derived_kk_v4_espeakng:679b4e15658a82f9,raw/ksc_derived_kk_v4_espeakng/slices/espeakng-407/espeakng_kazakh_formant/5fa4ed880b9be.wav,2f2f71b0ed10ddee565f1989c9e2d36d59ea86c4b6790390e093d28f893e3f0d,test,spoof,kk,unknown,ksc_derived_kk_v4_espeakng:profile:espeakng_kazakh_formant:kk:w150:p35:a100,ksc_derived_kk_v4_espeakng,KSC text CC-BY-4.0; eSpeak NG GPL-3.0-or-later,Offline derivative for personal research from KSC transcript ksc_slr102:5fa4ed880b9be; eSpeak NG GPL-3.0-or-later; bundled Ubuntu runtime packages retain their declared package licenses; no voice cloning,ksc_derived_kk_v4_espeakng:synthetic-voice:espeakng_kazakh_formant:kk:w150:p35:a100,ksc_slr102:5fa4ed880b9be,c30a85dac87393a6e295a5a36a9844ca465b8a50eaeb8572587782653f825504,9.537868480725624,formant_rule_based_tts,eSpeak NG Kazakh formant synthesizer,eSpeak NG 1.52.0 source-4870adfa25b1a32b4361592f1be8a40337c58d6c; Ubuntu 1.52.0+dfsg-5build1 runtime packages,espeakng_kazakh_formant:kk:w150:p35:a100,not_applicable:pretrained-tts-no-local-voice-cloning,local_cpu_espeakng_formant,offline_formant_tts,22050,wav,none,,2026-08-10T00:00:00Z
ksc_derived_kk_v4_espeakng:212da11fec06e0d9,raw/ksc_derived_kk_v4_espeakng/slices/espeakng-407/espeakng_kazakh_formant/5f6326ea3e241.wav,24cfd4e40618a6b091cfc1793f97d05d5b5fd9ffab28bf5f8d5a0521260cc602,test,spoof,kk,unknown,ksc_derived_kk_v4_espeakng:profile:espeakng_kazakh_formant:kk:w150:p50:a100,ksc_derived_kk_v4_espeakng,KSC text CC-BY-4.0; eSpeak NG GPL-3.0-or-later,Offline derivative for personal research from KSC transcript ksc_slr102:5f6326ea3e241; eSpeak NG GPL-3.0-or-later; bundled Ubuntu runtime packages retain their declared package licenses; no voice cloning,ksc_derived_kk_v4_espeakng:synthetic-voice:espeakng_kazakh_formant:kk:w150:p50:a100,ksc_slr102:5f6326ea3e241,034377c06c080dcf3ed8e594964a0be8c7470f4c8eea37f96d42220417d2c4b0,3.279591836734694,formant_rule_based_tts,eSpeak NG Kazakh formant synthesizer,eSpeak NG 1.52.0 source-4870adfa25b1a32b4361592f1be8a40337c58d6c; Ubuntu 1.52.0+dfsg-5build1 runtime packages,espeakng_kazakh_formant:kk:w150:p50:a100,not_applicable:pretrained-tts-no-local-voice-cloning,local_cpu_espeakng_formant,offline_formant_tts,22050,wav,none,,2026-08-10T00:00:00Z
ksc_derived_kk_v4_espeakng:97319caa0d273930,raw/ksc_derived_kk_v4_espeakng/slices/espeakng-407/espeakng_kazakh_formant/5f6188049c3d8.wav,f98b6a49a04d11040c82c63c1b54f7951da910f970b55bc02d961db9b4842630,test,spoof,kk,unknown,ksc_derived_kk_v4_espeakng:profile:espeakng_kazakh_formant:kk:w150:p65:a100,ksc_derived_kk_v4_espeakng,KSC text CC-BY-4.0; eSpeak NG GPL-3.0-or-later,Offline derivative for personal research from KSC transcript ksc_slr102:5f6188049c3d8; eSpeak NG GPL-3.0-or-later; bundled Ubuntu runtime packages retain their declared package licenses; no voice cloning,ksc_derived_kk_v4_espeakng:synthetic-voice:espeakng_kazakh_formant:kk:w150:p65:a100,ksc_slr102:5f6188049c3d8,0d8b03b7ca22fa835cfd68aac89da32d50ba7777118db7182e6c08447ba630a4,8.028526077097506,formant_rule_based_tts,eSpeak NG Kazakh formant synthesizer,eSpeak NG 1.52.0 source-4870adfa25b1a32b4361592f1be8a40337c58d6c; Ubuntu 1.52.0+dfsg-5build1 runtime packages,espeakng_kazakh_formant:kk:w150:p65:a100,not_applicable:pretrained-tts-no-local-voice-cloning,local_cpu_espeakng_formant,offline_formant_tts,22050,wav,none,,2026-08-10T00:00:00Z
ksc_derived_kk_v4_espeakng:36b438e5296f1513,raw/ksc_derived_kk_v4_espeakng/slices/espeakng-407/espeakng_kazakh_formant/5f5c4e5c35b34.wav,50839eaee10249f2b88c83c3a0388b3214e27e235630be3fce95c1dd00f1b036,test,spoof,kk,unknown,ksc_derived_kk_v4_espeakng:profile:espeakng_kazakh_formant:kk:w175:p35:a100,ksc_derived_kk_v4_espeakng,KSC text CC-BY-4.0; eSpeak NG GPL-3.0-or-later,Offline derivative for personal research from KSC transcript ksc_slr102:5f5c4e5c35b34; eSpeak NG GPL-3.0-or-later; bundled Ubuntu runtime packages retain their declared package licenses; no voice cloning,ksc_derived_kk_v4_espeakng:synthetic-voice:espeakng_kazakh_formant:kk:w175:p35:a100,ksc_slr102:5f5c4e5c35b34,7f37b23a97d55a3cb86aa0efdbfae209a69df095371ebf08f2d893fa73d9bd92,5.104489795918368,formant_rule_based_tts,eSpeak NG Kazakh formant synthesizer,eSpeak NG 1.52.0 source-4870adfa25b1a32b4361592f1be8a40337c58d6c; Ubuntu 1.52.0+dfsg-5build1 runtime packages,espeakng_kazakh_formant:kk:w175:p35:a100,not_applicable:pretrained-tts-no-local-voice-cloning,local_cpu_espeakng_formant,offline_formant_tts,22050,wav,none,,2026-08-10T00:00:00Z
ksc_derived_kk_v4_espeakng:1c23070166f31d03,raw/ksc_derived_kk_v4_espeakng/slices/espeakng-407/espeakng_kazakh_formant/5f5af840a1213.wav,7cde0bff44af5ba8cff768a8dca8807903c4d8bb4e2ff500bd9b6640c182cc2f,test,spoof,kk,unknown,ksc_derived_kk_v4_espeakng:profile:espeakng_kazakh_formant:kk:w175:p50:a100,ksc_derived_kk_v4_espeakng,KSC text CC-BY-4.0; eSpeak NG GPL-3.0-or-later,Offline derivative for personal research from KSC transcript ksc_slr102:5f5af840a1213; eSpeak NG GPL-3.0-or-later; bundled Ubuntu runtime packages retain their declared package licenses; no voice cloning,ksc_derived_kk_v4_espeakng:synthetic-voice:espeakng_kazakh_formant:kk:w175:p50:a100,ksc_slr102:5f5af840a1213,5121fb3d17adb1e6387617cb0f09aee45aed3859b87a0a969d50d5b7dbaf0135,3.176734693877551,formant_rule_based_tts,eSpeak NG Kazakh formant synthesizer,eSpeak NG 1.52.0 source-4870adfa25b1a32b4361592f1be8a40337c58d6c; Ubuntu 1.52.0+dfsg-5build1 runtime packages,espeakng_kazakh_formant:kk:w175:p50:a100,not_applicable:pretrained-tts-no-local-voice-cloning,local_cpu_espeakng_formant,offline_formant_tts,22050,wav,none,,2026-08-10T00:00:00Z
ksc_derived_kk_v4_espeakng:f42ee98a59f95126,raw/ksc_derived_kk_v4_espeakng/slices/espeakng-407/espeakng_kazakh_formant/5f59bf4227ab2.wav,0331d22e0c418dc31c6aa20e688e90b37265abc9ed89121d3eb5eeb7bfad9e09,test,spoof,kk,unknown,ksc_derived_kk_v4_espeakng:profile:espeakng_kazakh_formant:kk:w175:p65:a100,ksc_derived_kk_v4_espeakng,KSC text CC-BY-4.0; eSpeak NG GPL-3.0-or-later,Offline derivative for personal research from KSC transcript ksc_slr102:5f59bf4227ab2; eSpeak NG GPL-3.0-or-later; bundled Ubuntu runtime packages retain their declared package licenses; no voice cloning,ksc_derived_kk_v4_espeakng:synthetic-voice:espeakng_kazakh_formant:kk:w175:p65:a100,ksc_slr102:5f59bf4227ab2,9397f4dcedced0fe832d98e978c0d0211933177041d6962d362ed5b66db4f52d,8.868390022675737,formant_rule_based_tts,eSpeak NG Kazakh formant synthesizer,eSpeak NG 1.52.0 source-4870adfa25b1a32b4361592f1be8a40337c58d6c; Ubuntu 1.52.0+dfsg-5build1 runtime packages,espeakng_kazakh_formant:kk:w175:p65:a100,not_applicable:pretrained-tts-no-local-voice-cloning,local_cpu_espeakng_formant,offline_formant_tts,22050,wav,none,,2026-08-10T00:00:00Z
ksc_derived_kk_v4_espeakng:d2b637419735ef27,raw/ksc_derived_kk_v4_espeakng/slices/espeakng-407/espeakng_kazakh_formant/5f6100a519523.wav,9c6c26d0e6ea3788a44cb51ec131bc22716ecab4498bb79d8523bd92d4c2145f,test,spoof,kk,unknown,ksc_derived_kk_v4_espeakng:profile:espeakng_kazakh_formant:kk:w200:p35:a100,ksc_derived_kk_v4_espeakng,KSC text CC-BY-4.0; eSpeak NG GPL-3.0-or-later,Offline derivative for personal research from KSC transcript ksc_slr102:5f6100a519523; eSpeak NG GPL-3.0-or-later; bundled Ubuntu runtime packages retain their declared package licenses; no voice cloning,ksc_derived_kk_v4_espeakng:synthetic-voice:espeakng_kazakh_formant:kk:w200:p35:a100,ksc_slr102:5f6100a519523,ccef2f23c9a5ff577d07a2e7088fad743cd82427c668f500bca80ed1fe86ee58,5.012517006802721,formant_rule_based_tts,eSpeak NG Kazakh formant synthesizer,eSpeak NG 1.52.0 source-4870adfa25b1a32b4361592f1be8a40337c58d6c; Ubuntu 1.52.0+dfsg-5build1 runtime packages,espeakng_kazakh_formant:kk:w200:p35:a100,not_applicable:pretrained-tts-no-local-voice-cloning,local_cpu_espeakng_formant,offline_formant_tts,22050,wav,none,,2026-08-10T00:00:00Z
ksc_derived_kk_v4_espeakng:d3c5f138a40f4b43,raw/ksc_derived_kk_v4_espeakng/slices/espeakng-407/espeakng_kazakh_formant/5f568516089d6.wav,cc036c7bd04cb61e5c140d18d0eac4812bea6ba770b869abfee9a773c459c2f8,test,spoof,kk,unknown,ksc_derived_kk_v4_espeakng:profile:espeakng_kazakh_formant:kk:w200:p50:a100,ksc_derived_kk_v4_espeakng,KSC text CC-BY-4.0; eSpeak NG GPL-3.0-or-later,Offline derivative for personal research from KSC transcript ksc_slr102:5f568516089d6; eSpeak NG GPL-3.0-or-later; bundled Ubuntu runtime packages retain their declared package licenses; no voice cloning,ksc_derived_kk_v4_espeakng:synthetic-voice:espeakng_kazakh_formant:kk:w200:p50:a100,ksc_slr102:5f568516089d6,c2f6a47423d5402a44b906b14bccf56afd1241569c880b66f973d0fa120c6c1a,2.7146938775510203,formant_rule_based_tts,eSpeak NG Kazakh formant synthesizer,eSpeak NG 1.52.0 source-4870adfa25b1a32b4361592f1be8a40337c58d6c; Ubuntu 1.52.0+dfsg-5build1 runtime packages,espeakng_kazakh_formant:kk:w200:p50:a100,not_applicable:pretrained-tts-no-local-voice-cloning,local_cpu_espeakng_formant,offline_formant_tts,22050,wav,none,,2026-08-10T00:00:00Z
ksc_derived_kk_v4_espeakng:616de606f6d69c0d,raw/ksc_derived_kk_v4_espeakng/slices/espeakng-407/espeakng_kazakh_formant/5f5a5b821d4d4.wav,7f45dea94777975c0a5d1b66f5b68a7e542a284be37a1f6ff9ea930dd83d2ff8,test,spoof,kk,unknown,ksc_derived_kk_v4_espeakng:profile:espeakng_kazakh_formant:kk:w200:p65:a100,ksc_derived_kk_v4_espeakng,KSC text CC-BY-4.0; eSpeak NG GPL-3.0-or-later,Offline derivative for personal research from KSC transcript ksc_slr102:5f5a5b821d4d4; eSpeak NG GPL-3.0-or-later; bundled Ubuntu runtime packages retain their declared package licenses; no voice cloning,ksc_derived_kk_v4_espeakng:synthetic-voice:espeakng_kazakh_formant:kk:w200:p65:a100,ksc_slr102:5f5a5b821d4d4,3f7c0aed2cba14c7dcc96d0e49497eea12431121d60b34ae1473401e81ea67f6,5.42453514739229,formant_rule_based_tts,eSpeak NG Kazakh formant synthesizer,eSpeak NG 1.52.0 source-4870adfa25b1a32b4361592f1be8a40337c58d6c; Ubuntu 1.52.0+dfsg-5build1 runtime packages,espeakng_kazakh_formant:kk:w200:p65:a100,not_applicable:pretrained-tts-no-local-voice-cloning,local_cpu_espeakng_formant,offline_formant_tts,22050,wav,none,,2026-08-10T00:00:00Z
ksc_derived_kk_v4_espeakng:32c7caba01ea48a1,raw/ksc_derived_kk_v4_espeakng/slices/espeakng-407/espeakng_kazakh_formant/5f5797f5b66ce.wav,30641b8c2500a39346b2e52f062d448f4da4cb633997c4b987f73e8168ceeeea,test,spoof,kk,unknown,ksc_derived_kk_v4_espeakng:profile:espeakng_kazakh_formant:kk:w225:p35:a100,ksc_derived_kk_v4_espeakng,KSC text CC-BY-4.0; eSpeak NG GPL-3.0-or-later,Offline derivative for personal research from KSC transcript ksc_slr102:5f5797f5b66ce; eSpeak NG GPL-3.0-or-later; bundled Ubuntu runtime packages retain their declared package licenses; no voice cloning,ksc_derived_kk_v4_espeakng:synthetic-voice:espeakng_kazakh_formant:kk:w225:p35:a100,ksc_slr102:5f5797f5b66ce,6d2c7c8b88ff23958d697689d4c634ec0d95f0724787fde7609dbc3f67c54204,10.880226757369615,formant_rule_based_tts,eSpeak NG Kazakh formant synthesizer,eSpeak NG 1.52.0 source-4870adfa25b1a32b4361592f1be8a40337c58d6c; Ubuntu 1.52.0+dfsg-5build1 runtime packages,espeakng_kazakh_formant:kk:w225:p35:a100,not_applicable:pretrained-tts-no-local-voice-cloning,local_cpu_espeakng_formant,offline_formant_tts,22050,wav,none,,2026-08-10T00:00:00Z
ksc_derived_kk_v4_espeakng:a2ff2e4754539b8a,raw/ksc_derived_kk_v4_espeakng/slices/espeakng-407/espeakng_kazakh_formant/5f60fc9ea1ae9.wav,1f41ab0f25dd4dee5b1f3d8979d4a3ceb1eb027d0c992c86e9859aa8d9ad8c7e,test,spoof,kk,unknown,ksc_derived_kk_v4_espeakng:profile:espeakng_kazakh_formant:kk:w225:p50:a100,ksc_derived_kk_v4_espeakng,KSC text CC-BY-4.0; eSpeak NG GPL-3.0-or-later,Offline derivative for personal research from KSC transcript ksc_slr102:5f60fc9ea1ae9; eSpeak NG GPL-3.0-or-later; bundled Ubuntu runtime packages retain their declared package licenses; no voice cloning,ksc_derived_kk_v4_espeakng:synthetic-voice:espeakng_kazakh_formant:kk:w225:p50:a100,ksc_slr102:5f60fc9ea1ae9,f0074acf8a126dd3ba5cb866e7075a35d9fb6980e07ab53e11d960a265a1228f,2.139546485260771,formant_rule_based_tts,eSpeak NG Kazakh formant synthesizer,eSpeak NG 1.52.0 source-4870adfa25b1a32b4361592f1be8a40337c58d6c; Ubuntu 1.52.0+dfsg-5build1 runtime packages,espeakng_kazakh_formant:kk:w225:p50:a100,not_applicable:pretrained-tts-no-local-voice-cloning,local_cpu_espeakng_formant,offline_formant_tts,22050,wav,none,,2026-08-10T00:00:00Z
