sample_id,relative_path,sha256,split,label,language,code_switch,parent_group_id,source_name,source_license,rights_basis,speaker_pseudo_id,text_id,text_hash,duration_s,generator_family,generator_name,generator_version,voice_id,clone_consent_id,device,capture_route,original_sr,codec,augmentation_chain,augmentation_seed,created_at
ksc_derived_kk_v2_kazemotts:d14309bd1bb3b516,processed/03/03568252cdf9d12887f37524e28dd862868d5451900de28fee1615c3915883fb.wav,008b72d9a17167edfd43cee385037229dfcb0fee10bfeffd92aa63776c28097c,test,spoof,kk,unknown,ksc_derived_kk_v2_kazemotts:profile:kazemotts_gradtts_hifigan:M1:angry,ksc_derived_kk_v2_kazemotts,KSC text CC-BY-4.0; KazEmoTTS model CC-BY-4.0,Offline derivative for personal research from KSC transcript ksc_slr102:5f609772612b1; KazEmoTTS dataset and model CC-BY-4.0; upstream source archive used only for local inference; no voice cloning,ksc_derived_kk_v2_kazemotts:synthetic-voice:kazemotts_gradtts_hifigan:M1:angry,ksc_slr102:5f609772612b1,298d6de01db794ef96c5033a12f9f9dd71922a6552312701d19810646d3a9a49,7.743875,gradtts_hifigan_emotional_tts,ISSAI KazEmoTTS Grad-TTS + HiFi-GAN,KazEmoTTS source-revision-0db250b2ebd95c0de7f8fb7ccba9fd65d4815115; checkpoints-2024-03-11,kazemotts_gradtts_hifigan:M1:angry,not_applicable:pretrained-tts-no-local-voice-cloning,local_cuda_kazemotts_gradtts_hifigan,offline_neural_tts,22050,wav,none,tts_seed=1350806470,2026-08-10T00:00:00Z
ksc_derived_kk_v2_kazemotts:fe36ef2c96cf3fb2,processed/e7/e79d4d7ada0db186793786849fbb1cff45793ffc5450984f0ddae269b1971665.wav,b5e91ccf77320a89ad43498f2337d04651e92dd3d94c5f40bb189b54bd442729,test,spoof,kk,unknown,ksc_derived_kk_v2_kazemotts:profile:kazemotts_gradtts_hifigan:M1:surprise,ksc_derived_kk_v2_kazemotts,KSC text CC-BY-4.0; KazEmoTTS model CC-BY-4.0,Offline derivative for personal research from KSC transcript ksc_slr102:5f59b90159ca5; KazEmoTTS dataset and model CC-BY-4.0; upstream source archive used only for local inference; no voice cloning,ksc_derived_kk_v2_kazemotts:synthetic-voice:kazemotts_gradtts_hifigan:M1:surprise,ksc_slr102:5f59b90159ca5,ffd1092441a41c935be11932abb5d3f86f3c1c59c358ed7def09ea30b1f7bed4,4.87625,gradtts_hifigan_emotional_tts,ISSAI KazEmoTTS Grad-TTS + HiFi-GAN,KazEmoTTS source-revision-0db250b2ebd95c0de7f8fb7ccba9fd65d4815115; checkpoints-2024-03-11,kazemotts_gradtts_hifigan:M1:surprise,not_applicable:pretrained-tts-no-local-voice-cloning,local_cuda_kazemotts_gradtts_hifigan,offline_neural_tts,22050,wav,none,tts_seed=1971897115,2026-08-10T00:00:00Z
ksc_derived_kk_v2_kazemotts:1ada64eacabb3ef8,processed/ed/ed40a19a47d5ef73face14318cf671d65915e1dc8d088428eb40127810b462c3.wav,e3fd4df56879ac74dde8dd693a67c55c1f3f0f3a66b50a34e30b876328caee25,test,spoof,kk,unknown,ksc_derived_kk_v2_kazemotts:profile:kazemotts_gradtts_hifigan:M1:fear,ksc_derived_kk_v2_kazemotts,KSC text CC-BY-4.0; KazEmoTTS model CC-BY-4.0,Offline derivative for personal research from KSC transcript ksc_slr102:5f59ef2b0adae; KazEmoTTS dataset and model CC-BY-4.0; upstream source archive used only for local inference; no voice cloning,ksc_derived_kk_v2_kazemotts:synthetic-voice:kazemotts_gradtts_hifigan:M1:fear,ksc_slr102:5f59ef2b0adae,d7e776ee47484e3930cc80fba7b7b52e033a719bec08d69006f5af46192fdc06,10.5883125,gradtts_hifigan_emotional_tts,ISSAI KazEmoTTS Grad-TTS + HiFi-GAN,KazEmoTTS source-revision-0db250b2ebd95c0de7f8fb7ccba9fd65d4815115; checkpoints-2024-03-11,kazemotts_gradtts_hifigan:M1:fear,not_applicable:pretrained-tts-no-local-voice-cloning,local_cuda_kazemotts_gradtts_hifigan,offline_neural_tts,22050,wav,none,tts_seed=2030871625,2026-08-10T00:00:00Z
ksc_derived_kk_v2_kazemotts:0366b3d1e8a03ae5,processed/1e/1e83f74ec0003875eb187e3c3333920888fe44c4f02e9081850de020485163f0.wav,9475f0c5cd0faaeb197c5e53332a3b7ad93baac53d45478a64235563060c3dc8,test,spoof,kk,unknown,ksc_derived_kk_v2_kazemotts:profile:kazemotts_gradtts_hifigan:M1:happy,ksc_derived_kk_v2_kazemotts,KSC text CC-BY-4.0; KazEmoTTS model CC-BY-4.0,Offline derivative for personal research from KSC transcript ksc_slr102:5f5794ab0797e; KazEmoTTS dataset and model CC-BY-4.0; upstream source archive used only for local inference; no voice cloning,ksc_derived_kk_v2_kazemotts:synthetic-voice:kazemotts_gradtts_hifigan:M1:happy,ksc_slr102:5f5794ab0797e,3059c781f6197785118855e71202611b50f8803ea7cbaa97f2b93947080dbc20,12.573625,gradtts_hifigan_emotional_tts,ISSAI KazEmoTTS Grad-TTS + HiFi-GAN,KazEmoTTS source-revision-0db250b2ebd95c0de7f8fb7ccba9fd65d4815115; checkpoints-2024-03-11,kazemotts_gradtts_hifigan:M1:happy,not_applicable:pretrained-tts-no-local-voice-cloning,local_cuda_kazemotts_gradtts_hifigan,offline_neural_tts,22050,wav,none,tts_seed=1772395131,2026-08-10T00:00:00Z
ksc_derived_kk_v2_kazemotts:3f2b8fbd3745d060,processed/01/01299f932e19a5371306864547340e462fd34d0f68868f6e11ad54089d6a5544.wav,97a5de5404d828aaf73227762167c7a964804335fc355883d48d18f6a3734375,test,spoof,kk,unknown,ksc_derived_kk_v2_kazemotts:profile:kazemotts_gradtts_hifigan:M1:neutral,ksc_derived_kk_v2_kazemotts,KSC text CC-BY-4.0; KazEmoTTS model CC-BY-4.0,Offline derivative for personal research from KSC transcript ksc_slr102:5f60e54c9408d; KazEmoTTS dataset and model CC-BY-4.0; upstream source archive used only for local inference; no voice cloning,ksc_derived_kk_v2_kazemotts:synthetic-voice:kazemotts_gradtts_hifigan:M1:neutral,ksc_slr102:5f60e54c9408d,372f96731b0cd12c632cffbd3ab5023c5800bcff41d8db5e17e9a9f77fbf0317,4.1099375,gradtts_hifigan_emotional_tts,ISSAI KazEmoTTS Grad-TTS + HiFi-GAN,KazEmoTTS source-revision-0db250b2ebd95c0de7f8fb7ccba9fd65d4815115; checkpoints-2024-03-11,kazemotts_gradtts_hifigan:M1:neutral,not_applicable:pretrained-tts-no-local-voice-cloning,local_cuda_kazemotts_gradtts_hifigan,offline_neural_tts,22050,wav,none,tts_seed=1974824829,2026-08-10T00:00:00Z
ksc_derived_kk_v2_kazemotts:03f0f1fdd7c5c082,processed/3c/3c21cc8586e7c5451e2d39c4c816450b525a25b98846f9408b0ecb34a675370e.wav,28b4680bc9b7e544df2fca85fa060e0599c9d973bb6c0f7a2caf5d997df34d1f,test,spoof,kk,unknown,ksc_derived_kk_v2_kazemotts:profile:kazemotts_gradtts_hifigan:M1:sad,ksc_derived_kk_v2_kazemotts,KSC text CC-BY-4.0; KazEmoTTS model CC-BY-4.0,Offline derivative for personal research from KSC transcript ksc_slr102:5f60bdff3db12; KazEmoTTS dataset and model CC-BY-4.0; upstream source archive used only for local inference; no voice cloning,ksc_derived_kk_v2_kazemotts:synthetic-voice:kazemotts_gradtts_hifigan:M1:sad,ksc_slr102:5f60bdff3db12,033abffbd76db2db5bba0f84a68086a6c67972472533aebffc69b1b09e42d616,3.5294375,gradtts_hifigan_emotional_tts,ISSAI KazEmoTTS Grad-TTS + HiFi-GAN,KazEmoTTS source-revision-0db250b2ebd95c0de7f8fb7ccba9fd65d4815115; checkpoints-2024-03-11,kazemotts_gradtts_hifigan:M1:sad,not_applicable:pretrained-tts-no-local-voice-cloning,local_cuda_kazemotts_gradtts_hifigan,offline_neural_tts,22050,wav,none,tts_seed=1424675668,2026-08-10T00:00:00Z
ksc_derived_kk_v2_kazemotts:33149e9a838b5c51,processed/d0/d07a0d3b5707817ef5ebaee5e10da76f7d8845b36d4abaab7341d48791722016.wav,daeb89a71e153db16d2efb55d05ca0f94ff97164d1678f42caae370c5a702bbe,test,spoof,kk,unknown,ksc_derived_kk_v2_kazemotts:profile:kazemotts_gradtts_hifigan:F1:surprise,ksc_derived_kk_v2_kazemotts,KSC text CC-BY-4.0; KazEmoTTS model CC-BY-4.0,Offline derivative for personal research from KSC transcript ksc_slr102:5f5a580ad3305; KazEmoTTS dataset and model CC-BY-4.0; upstream source archive used only for local inference; no voice cloning,ksc_derived_kk_v2_kazemotts:synthetic-voice:kazemotts_gradtts_hifigan:F1:surprise,ksc_slr102:5f5a580ad3305,3eb3685849d6440cd1ef90519476a6025d988f3d7ac1c7f669d967dc8b4e7010,2.7980625,gradtts_hifigan_emotional_tts,ISSAI KazEmoTTS Grad-TTS + HiFi-GAN,KazEmoTTS source-revision-0db250b2ebd95c0de7f8fb7ccba9fd65d4815115; checkpoints-2024-03-11,kazemotts_gradtts_hifigan:F1:surprise,not_applicable:pretrained-tts-no-local-voice-cloning,local_cuda_kazemotts_gradtts_hifigan,offline_neural_tts,22050,wav,none,tts_seed=128061586,2026-08-10T00:00:00Z
ksc_derived_kk_v2_kazemotts:00c86f8d916f127f,processed/ad/ad521820b0a57a6f86740515dc21800cd9d9dad4e70d98f582b5a3acdcb4c981.wav,f86c8595868f9815951b44397f581c38026abf4a0d8ede5538d1d732546501dd,test,spoof,kk,unknown,ksc_derived_kk_v2_kazemotts:profile:kazemotts_gradtts_hifigan:F1:fear,ksc_derived_kk_v2_kazemotts,KSC text CC-BY-4.0; KazEmoTTS model CC-BY-4.0,Offline derivative for personal research from KSC transcript ksc_slr102:5f5f3c9837c70; KazEmoTTS dataset and model CC-BY-4.0; upstream source archive used only for local inference; no voice cloning,ksc_derived_kk_v2_kazemotts:synthetic-voice:kazemotts_gradtts_hifigan:F1:fear,ksc_slr102:5f5f3c9837c70,06a5b8a8cc447df6a23b2242dbb9760b1cf7c5bd95c8eb997b02852e46e83ce4,2.5890625,gradtts_hifigan_emotional_tts,ISSAI KazEmoTTS Grad-TTS + HiFi-GAN,KazEmoTTS source-revision-0db250b2ebd95c0de7f8fb7ccba9fd65d4815115; checkpoints-2024-03-11,kazemotts_gradtts_hifigan:F1:fear,not_applicable:pretrained-tts-no-local-voice-cloning,local_cuda_kazemotts_gradtts_hifigan,offline_neural_tts,22050,wav,none,tts_seed=606534727,2026-08-10T00:00:00Z
ksc_derived_kk_v2_kazemotts:76d1424ff1a5b9e1,processed/d2/d2d7c614622690280cb2fb250a5adcec4f42d98159ff5390d877799203bdeaaa.wav,a1c80cfa0f56393022a0d6b56ae04906a445366dfbe940e109fbf26502d00925,test,spoof,kk,unknown,ksc_derived_kk_v2_kazemotts:profile:kazemotts_gradtts_hifigan:F1:happy,ksc_derived_kk_v2_kazemotts,KSC text CC-BY-4.0; KazEmoTTS model CC-BY-4.0,Offline derivative for personal research from KSC transcript ksc_slr102:5f61c28e515c4; KazEmoTTS dataset and model CC-BY-4.0; upstream source archive used only for local inference; no voice cloning,ksc_derived_kk_v2_kazemotts:synthetic-voice:kazemotts_gradtts_hifigan:F1:happy,ksc_slr102:5f61c28e515c4,2d3a37705cee1f3dbeaea0df09ed5a898ea5163a7bcec041507298e2a7c8bc5d,4.655625,gradtts_hifigan_emotional_tts,ISSAI KazEmoTTS Grad-TTS + HiFi-GAN,KazEmoTTS source-revision-0db250b2ebd95c0de7f8fb7ccba9fd65d4815115; checkpoints-2024-03-11,kazemotts_gradtts_hifigan:F1:happy,not_applicable:pretrained-tts-no-local-voice-cloning,local_cuda_kazemotts_gradtts_hifigan,offline_neural_tts,22050,wav,none,tts_seed=918444169,2026-08-10T00:00:00Z
ksc_derived_kk_v2_kazemotts:5c6c1ddd821dc741,processed/d0/d06120555bbca47d8aefc29c84050c793766a1740dcc71d7678ab26b73c53f8e.wav,a66ecbf11bd5a93af6e18c384f3d62e48fd26074f4aaa8f8f37f1756aed20cf7,test,spoof,kk,unknown,ksc_derived_kk_v2_kazemotts:profile:kazemotts_gradtts_hifigan:F1:neutral,ksc_derived_kk_v2_kazemotts,KSC text CC-BY-4.0; KazEmoTTS model CC-BY-4.0,Offline derivative for personal research from KSC transcript ksc_slr102:5fa399df433f9; KazEmoTTS dataset and model CC-BY-4.0; upstream source archive used only for local inference; no voice cloning,ksc_derived_kk_v2_kazemotts:synthetic-voice:kazemotts_gradtts_hifigan:F1:neutral,ksc_slr102:5fa399df433f9,8df871decb5e262f933df7829c39eb153f9ecbc35adccf4a96ee367d84e3eec5,6.78025,gradtts_hifigan_emotional_tts,ISSAI KazEmoTTS Grad-TTS + HiFi-GAN,KazEmoTTS source-revision-0db250b2ebd95c0de7f8fb7ccba9fd65d4815115; checkpoints-2024-03-11,kazemotts_gradtts_hifigan:F1:neutral,not_applicable:pretrained-tts-no-local-voice-cloning,local_cuda_kazemotts_gradtts_hifigan,offline_neural_tts,22050,wav,none,tts_seed=1571510241,2026-08-10T00:00:00Z
ksc_derived_kk_v2_kazemotts:97fc8e28868ae5b9,processed/cc/ccb10c43c2593c08e838b6260597db5a46910a297d93744aee77610b51d7feef.wav,c2b4e06bea5fe5be3d771e2e52ef4bdf8b1f97d2dc313b22a26195b85816befc,test,spoof,kk,unknown,ksc_derived_kk_v2_kazemotts:profile:kazemotts_gradtts_hifigan:F1:sad,ksc_derived_kk_v2_kazemotts,KSC text CC-BY-4.0; KazEmoTTS model CC-BY-4.0,Offline derivative for personal research from KSC transcript ksc_slr102:5f5f487a99114; KazEmoTTS dataset and model CC-BY-4.0; upstream source archive used only for local inference; no voice cloning,ksc_derived_kk_v2_kazemotts:synthetic-voice:kazemotts_gradtts_hifigan:F1:sad,ksc_slr102:5f5f487a99114,f598ce8882dc5df58c00224a0a9313db719cfed864bdcdaa0d7c180cd9d2df19,2.5890625,gradtts_hifigan_emotional_tts,ISSAI KazEmoTTS Grad-TTS + HiFi-GAN,KazEmoTTS source-revision-0db250b2ebd95c0de7f8fb7ccba9fd65d4815115; checkpoints-2024-03-11,kazemotts_gradtts_hifigan:F1:sad,not_applicable:pretrained-tts-no-local-voice-cloning,local_cuda_kazemotts_gradtts_hifigan,offline_neural_tts,22050,wav,none,tts_seed=1204343186,2026-08-10T00:00:00Z
ksc_derived_kk_v2_kazemotts:d75372f716306800,processed/82/820a2a91a2b014f96611ceca1e5214eb1ab13b8b9c2d1dc846d6a88995d3b3a6.wav,ace056efbd4e2028f23348296cf7771fc6a74745101737614b63c40eee1869c9,test,spoof,kk,unknown,ksc_derived_kk_v2_kazemotts:profile:kazemotts_gradtts_hifigan:M2:angry,ksc_derived_kk_v2_kazemotts,KSC text CC-BY-4.0; KazEmoTTS model CC-BY-4.0,Offline derivative for personal research from KSC transcript ksc_slr102:5f60e93be4e88; KazEmoTTS dataset and model CC-BY-4.0; upstream source archive used only for local inference; no voice cloning,ksc_derived_kk_v2_kazemotts:synthetic-voice:kazemotts_gradtts_hifigan:M2:angry,ksc_slr102:5f60e93be4e88,29ba4ef6403d8e8bff2c8934f0f4778658f4872a9b5de55dd4f250d3fe900675,3.2391875,gradtts_hifigan_emotional_tts,ISSAI KazEmoTTS Grad-TTS + HiFi-GAN,KazEmoTTS source-revision-0db250b2ebd95c0de7f8fb7ccba9fd65d4815115; checkpoints-2024-03-11,kazemotts_gradtts_hifigan:M2:angry,not_applicable:pretrained-tts-no-local-voice-cloning,local_cuda_kazemotts_gradtts_hifigan,offline_neural_tts,22050,wav,none,tts_seed=712323159,2026-08-10T00:00:00Z
ksc_derived_kk_v2_kazemotts:652871a2b3afc05a,processed/36/3632e970bf0306a5fa61967e6424261362bda12bd6c1145b96faaf5f1d5ad629.wav,cd6a6dc48180add0340b4704e2f7acda02b79d49f4153b613b79ec81572ae381,test,spoof,kk,unknown,ksc_derived_kk_v2_kazemotts:profile:kazemotts_gradtts_hifigan:M2:surprise,ksc_derived_kk_v2_kazemotts,KSC text CC-BY-4.0; KazEmoTTS model CC-BY-4.0,Offline derivative for personal research from KSC transcript ksc_slr102:5f60bc29b9b47; KazEmoTTS dataset and model CC-BY-4.0; upstream source archive used only for local inference; no voice cloning,ksc_derived_kk_v2_kazemotts:synthetic-voice:kazemotts_gradtts_hifigan:M2:surprise,ksc_slr102:5f60bc29b9b47,2c83dccfebbde8bba16612e2b5971089bc482575caa08e28615b6340e1d5c6c1,3.9241875,gradtts_hifigan_emotional_tts,ISSAI KazEmoTTS Grad-TTS + HiFi-GAN,KazEmoTTS source-revision-0db250b2ebd95c0de7f8fb7ccba9fd65d4815115; checkpoints-2024-03-11,kazemotts_gradtts_hifigan:M2:surprise,not_applicable:pretrained-tts-no-local-voice-cloning,local_cuda_kazemotts_gradtts_hifigan,offline_neural_tts,22050,wav,none,tts_seed=122734487,2026-08-10T00:00:00Z
ksc_derived_kk_v2_kazemotts:19ef776eb631c0da,processed/83/83f410cc20afd669c1c145a6d9e5c276855c26d1bae72ded4e808f74024824e2.wav,bee415f95909ed1d8b4105d743625303f2d6e4c93e05fc1d61b4e5a0b4097f93,test,spoof,kk,unknown,ksc_derived_kk_v2_kazemotts:profile:kazemotts_gradtts_hifigan:M2:fear,ksc_derived_kk_v2_kazemotts,KSC text CC-BY-4.0; KazEmoTTS model CC-BY-4.0,Offline derivative for personal research from KSC transcript ksc_slr102:5f60c0ada0c47; KazEmoTTS dataset and model CC-BY-4.0; upstream source archive used only for local inference; no voice cloning,ksc_derived_kk_v2_kazemotts:synthetic-voice:kazemotts_gradtts_hifigan:M2:fear,ksc_slr102:5f60c0ada0c47,89980019efa44c173c6a9a7c597356b98967cbd3c2c70358e8bdd6d55426829c,4.6091875,gradtts_hifigan_emotional_tts,ISSAI KazEmoTTS Grad-TTS + HiFi-GAN,KazEmoTTS source-revision-0db250b2ebd95c0de7f8fb7ccba9fd65d4815115; checkpoints-2024-03-11,kazemotts_gradtts_hifigan:M2:fear,not_applicable:pretrained-tts-no-local-voice-cloning,local_cuda_kazemotts_gradtts_hifigan,offline_neural_tts,22050,wav,none,tts_seed=1058223571,2026-08-10T00:00:00Z
ksc_derived_kk_v2_kazemotts:dcff1bb7a29e80b0,processed/df/df77b504ee592004c12948de5dc77f3396527719021f9705de9e9fb4185004e7.wav,085b0b5869a872784c843a102dbef4061176854f4ebcabf12b8a47368cf25128,test,spoof,kk,unknown,ksc_derived_kk_v2_kazemotts:profile:kazemotts_gradtts_hifigan:M2:happy,ksc_derived_kk_v2_kazemotts,KSC text CC-BY-4.0; KazEmoTTS model CC-BY-4.0,Offline derivative for personal research from KSC transcript ksc_slr102:5f5a592026f00; KazEmoTTS dataset and model CC-BY-4.0; upstream source archive used only for local inference; no voice cloning,ksc_derived_kk_v2_kazemotts:synthetic-voice:kazemotts_gradtts_hifigan:M2:happy,ksc_slr102:5f5a592026f00,7af7819da2f563f0811fc5359368f074563810716147606d3ab6d421498cc2cc,4.2028125,gradtts_hifigan_emotional_tts,ISSAI KazEmoTTS Grad-TTS + HiFi-GAN,KazEmoTTS source-revision-0db250b2ebd95c0de7f8fb7ccba9fd65d4815115; checkpoints-2024-03-11,kazemotts_gradtts_hifigan:M2:happy,not_applicable:pretrained-tts-no-local-voice-cloning,local_cuda_kazemotts_gradtts_hifigan,offline_neural_tts,22050,wav,none,tts_seed=1842289485,2026-08-10T00:00:00Z
ksc_derived_kk_v2_kazemotts:b4f25843b8916b29,processed/a4/a4e39da85905bc75c834607818bff14903ec6b108295a406a978626797429e3b.wav,43c54783a6f01d6f110040ce50fd9a7702d053c463030c9c73baece018a7c138,test,spoof,kk,unknown,ksc_derived_kk_v2_kazemotts:profile:kazemotts_gradtts_hifigan:M2:neutral,ksc_derived_kk_v2_kazemotts,KSC text CC-BY-4.0; KazEmoTTS model CC-BY-4.0,Offline derivative for personal research from KSC transcript ksc_slr102:5f5a11000269a; KazEmoTTS dataset and model CC-BY-4.0; upstream source archive used only for local inference; no voice cloning,ksc_derived_kk_v2_kazemotts:synthetic-voice:kazemotts_gradtts_hifigan:M2:neutral,ksc_slr102:5f5a11000269a,2b45878d89fa85b65a1876828faabe3b9e0bf3dfde8344d4360c706237921e63,3.599125,gradtts_hifigan_emotional_tts,ISSAI KazEmoTTS Grad-TTS + HiFi-GAN,KazEmoTTS source-revision-0db250b2ebd95c0de7f8fb7ccba9fd65d4815115; checkpoints-2024-03-11,kazemotts_gradtts_hifigan:M2:neutral,not_applicable:pretrained-tts-no-local-voice-cloning,local_cuda_kazemotts_gradtts_hifigan,offline_neural_tts,22050,wav,none,tts_seed=1895997799,2026-08-10T00:00:00Z
ksc_derived_kk_v2_kazemotts:1a8ae062bd164042,processed/8e/8e088d17021e659e8f381b583bfe943e8570b49a3085822390494dedf21219c5.wav,4dce742f60475d879d9b9db7ce7d642381dd95e396a2282c823f2035413d96ae,test,spoof,kk,unknown,ksc_derived_kk_v2_kazemotts:profile:kazemotts_gradtts_hifigan:M2:sad,ksc_derived_kk_v2_kazemotts,KSC text CC-BY-4.0; KazEmoTTS model CC-BY-4.0,Offline derivative for personal research from KSC transcript ksc_slr102:5f9f879cc02b5; KazEmoTTS dataset and model CC-BY-4.0; upstream source archive used only for local inference; no voice cloning,ksc_derived_kk_v2_kazemotts:synthetic-voice:kazemotts_gradtts_hifigan:M2:sad,ksc_slr102:5f9f879cc02b5,4178022b71d7731e822d717c71cc512711abe547f4cada1ea5f8a4980d0a510f,2.8560625,gradtts_hifigan_emotional_tts,ISSAI KazEmoTTS Grad-TTS + HiFi-GAN,KazEmoTTS source-revision-0db250b2ebd95c0de7f8fb7ccba9fd65d4815115; checkpoints-2024-03-11,kazemotts_gradtts_hifigan:M2:sad,not_applicable:pretrained-tts-no-local-voice-cloning,local_cuda_kazemotts_gradtts_hifigan,offline_neural_tts,22050,wav,none,tts_seed=1579957698,2026-08-10T00:00:00Z
ksc_derived_kk_v2_kazemotts:7291d487c9aa2c28,processed/11/11561ee2dec0d1a6a0f14b66f4f6d199b948fc248a1b2875e177b3a0c36e238d.wav,994459517895de699260be3caf80556fd0511f77041db001ede8e16e254b6b6f,test,spoof,kk,unknown,ksc_derived_kk_v2_kazemotts:profile:kazemotts_gradtts_hifigan:M1:angry,ksc_derived_kk_v2_kazemotts,KSC text CC-BY-4.0; KazEmoTTS model CC-BY-4.0,Offline derivative for personal research from KSC transcript ksc_slr102:5f2b080471c05; KazEmoTTS dataset and model CC-BY-4.0; upstream source archive used only for local inference; no voice cloning,ksc_derived_kk_v2_kazemotts:synthetic-voice:kazemotts_gradtts_hifigan:M1:angry,ksc_slr102:5f2b080471c05,a458d3d81fa14d3c782ee145ec32bb24208aa27341aa5f77a49886701a5b6880,4.0286875,gradtts_hifigan_emotional_tts,ISSAI KazEmoTTS Grad-TTS + HiFi-GAN,KazEmoTTS source-revision-0db250b2ebd95c0de7f8fb7ccba9fd65d4815115; checkpoints-2024-03-11,kazemotts_gradtts_hifigan:M1:angry,not_applicable:pretrained-tts-no-local-voice-cloning,local_cuda_kazemotts_gradtts_hifigan,offline_neural_tts,22050,wav,none,tts_seed=1394165214,2026-08-10T00:00:00Z
ksc_derived_kk_v2_kazemotts:d76c2f091f5174fe,processed/a7/a72d28112646b743e348731fa7f5281a661ce7e1231cee59b8eb1ab3755b591a.wav,04b6004dc6f7296ee947dffd9e68b107909b4d349958e9c4c5b7d5f205cde9cf,test,spoof,kk,unknown,ksc_derived_kk_v2_kazemotts:profile:kazemotts_gradtts_hifigan:M1:surprise,ksc_derived_kk_v2_kazemotts,KSC text CC-BY-4.0; KazEmoTTS model CC-BY-4.0,Offline derivative for personal research from KSC transcript ksc_slr102:5f58808d76f54; KazEmoTTS dataset and model CC-BY-4.0; upstream source archive used only for local inference; no voice cloning,ksc_derived_kk_v2_kazemotts:synthetic-voice:kazemotts_gradtts_hifigan:M1:surprise,ksc_slr102:5f58808d76f54,01e18fdd209db22202776c75f097f2920f21e6213071724899a6d959b72fee2c,3.7500625,gradtts_hifigan_emotional_tts,ISSAI KazEmoTTS Grad-TTS + HiFi-GAN,KazEmoTTS source-revision-0db250b2ebd95c0de7f8fb7ccba9fd65d4815115; checkpoints-2024-03-11,kazemotts_gradtts_hifigan:M1:surprise,not_applicable:pretrained-tts-no-local-voice-cloning,local_cuda_kazemotts_gradtts_hifigan,offline_neural_tts,22050,wav,none,tts_seed=185267989,2026-08-10T00:00:00Z
ksc_derived_kk_v2_kazemotts:3a30963de6611989,processed/74/7474a161731ea91c276fa161d620b52ef82491d56f98daabaeba68971f9f100f.wav,e887dfe5385eee6a17968d94e2e624c097e98d98d9c810218de62e38b9775d4b,test,spoof,kk,unknown,ksc_derived_kk_v2_kazemotts:profile:kazemotts_gradtts_hifigan:M1:fear,ksc_derived_kk_v2_kazemotts,KSC text CC-BY-4.0; KazEmoTTS model CC-BY-4.0,Offline derivative for personal research from KSC transcript ksc_slr102:5f5f1f0f0343b; KazEmoTTS dataset and model CC-BY-4.0; upstream source archive used only for local inference; no voice cloning,ksc_derived_kk_v2_kazemotts:synthetic-voice:kazemotts_gradtts_hifigan:M1:fear,ksc_slr102:5f5f1f0f0343b,42ff432e65c865b8f3902cbb87594af65153af8ca0a844f2791371bd3d431529,4.5046875,gradtts_hifigan_emotional_tts,ISSAI KazEmoTTS Grad-TTS + HiFi-GAN,KazEmoTTS source-revision-0db250b2ebd95c0de7f8fb7ccba9fd65d4815115; checkpoints-2024-03-11,kazemotts_gradtts_hifigan:M1:fear,not_applicable:pretrained-tts-no-local-voice-cloning,local_cuda_kazemotts_gradtts_hifigan,offline_neural_tts,22050,wav,none,tts_seed=832980071,2026-08-10T00:00:00Z
ksc_derived_kk_v2_kazemotts:93f7889874111cf5,processed/82/8217930e06e5f64f8529417a70c9afc69f73ee6661f9a559fcb333ee01772d3f.wav,92b2820ee74be14fe9d3717a488c847e36bb6dd8af6c1189559a270ffb858c1b,test,spoof,kk,unknown,ksc_derived_kk_v2_kazemotts:profile:kazemotts_gradtts_hifigan:M1:happy,ksc_derived_kk_v2_kazemotts,KSC text CC-BY-4.0; KazEmoTTS model CC-BY-4.0,Offline derivative for personal research from KSC transcript ksc_slr102:5f579377a9cbc; KazEmoTTS dataset and model CC-BY-4.0; upstream source archive used only for local inference; no voice cloning,ksc_derived_kk_v2_kazemotts:synthetic-voice:kazemotts_gradtts_hifigan:M1:happy,ksc_slr102:5f579377a9cbc,64b71b0f4518d1ae8c7e9fbafc961989ecf8aeb5f2fcdcf511237357aa61bbf3,5.712125,gradtts_hifigan_emotional_tts,ISSAI KazEmoTTS Grad-TTS + HiFi-GAN,KazEmoTTS source-revision-0db250b2ebd95c0de7f8fb7ccba9fd65d4815115; checkpoints-2024-03-11,kazemotts_gradtts_hifigan:M1:happy,not_applicable:pretrained-tts-no-local-voice-cloning,local_cuda_kazemotts_gradtts_hifigan,offline_neural_tts,22050,wav,none,tts_seed=895422402,2026-08-10T00:00:00Z
ksc_derived_kk_v2_kazemotts:769f59a99e938dfe,processed/14/149ac003e3a8474bcb2ddda9f04fcf35bde5b05d6879531d85c776a9d5881663.wav,018ce8ab164fede1d0c71a66b252d63e695c89df0d94cec1b4c89118ca6b3846,test,spoof,kk,unknown,ksc_derived_kk_v2_kazemotts:profile:kazemotts_gradtts_hifigan:M1:neutral,ksc_derived_kk_v2_kazemotts,KSC text CC-BY-4.0; KazEmoTTS model CC-BY-4.0,Offline derivative for personal research from KSC transcript ksc_slr102:5f609507b1224; KazEmoTTS dataset and model CC-BY-4.0; upstream source archive used only for local inference; no voice cloning,ksc_derived_kk_v2_kazemotts:synthetic-voice:kazemotts_gradtts_hifigan:M1:neutral,ksc_slr102:5f609507b1224,6e1028f9dc9a75897a303b38dcbc8d39b8c2562b036339dc9084d211c235ae4c,5.805,gradtts_hifigan_emotional_tts,ISSAI KazEmoTTS Grad-TTS + HiFi-GAN,KazEmoTTS source-revision-0db250b2ebd95c0de7f8fb7ccba9fd65d4815115; checkpoints-2024-03-11,kazemotts_gradtts_hifigan:M1:neutral,not_applicable:pretrained-tts-no-local-voice-cloning,local_cuda_kazemotts_gradtts_hifigan,offline_neural_tts,22050,wav,none,tts_seed=514435480,2026-08-10T00:00:00Z
ksc_derived_kk_v2_kazemotts:96051d41255b16f6,processed/1a/1a4967db1561af9b99c485359ef39019bfe5f1ada81004c55da9d449191bfdcc.wav,c81f11cc938b66883d61d5c7293a465efe8a5ef2d93e5697d6d8ea05c2fadc53,test,spoof,kk,unknown,ksc_derived_kk_v2_kazemotts:profile:kazemotts_gradtts_hifigan:M1:sad,ksc_derived_kk_v2_kazemotts,KSC text CC-BY-4.0; KazEmoTTS model CC-BY-4.0,Offline derivative for personal research from KSC transcript ksc_slr102:5f5a53e053b5d; KazEmoTTS dataset and model CC-BY-4.0; upstream source archive used only for local inference; no voice cloning,ksc_derived_kk_v2_kazemotts:synthetic-voice:kazemotts_gradtts_hifigan:M1:sad,ksc_slr102:5f5a53e053b5d,c06cfd2aa4f38449274dc38c1e1832c184e1f415d4f8b95279d9be745290b8f4,5.526375,gradtts_hifigan_emotional_tts,ISSAI KazEmoTTS Grad-TTS + HiFi-GAN,KazEmoTTS source-revision-0db250b2ebd95c0de7f8fb7ccba9fd65d4815115; checkpoints-2024-03-11,kazemotts_gradtts_hifigan:M1:sad,not_applicable:pretrained-tts-no-local-voice-cloning,local_cuda_kazemotts_gradtts_hifigan,offline_neural_tts,22050,wav,none,tts_seed=417257843,2026-08-10T00:00:00Z
ksc_derived_kk_v2_kazemotts:e101ccc678fe067c,processed/d5/d53815b59cf61b9b27214e806e0388bbf979f37ecaf6c963b90dd2782a77a103.wav,c24cef58da4c5a24b3cb2450a48b8de1d2ef895755fdd48dfacd9998e2bb25b4,test,spoof,kk,unknown,ksc_derived_kk_v2_kazemotts:profile:kazemotts_gradtts_hifigan:F1:angry,ksc_derived_kk_v2_kazemotts,KSC text CC-BY-4.0; KazEmoTTS model CC-BY-4.0,Offline derivative for personal research from KSC transcript ksc_slr102:5f5af5155e0fb; KazEmoTTS dataset and model CC-BY-4.0; upstream source archive used only for local inference; no voice cloning,ksc_derived_kk_v2_kazemotts:synthetic-voice:kazemotts_gradtts_hifigan:F1:angry,ksc_slr102:5f5af5155e0fb,f2bc0d9931451abb6dee30d5ec35995846ae590f549db133da8eae7c3ebd5636,7.5233125,gradtts_hifigan_emotional_tts,ISSAI KazEmoTTS Grad-TTS + HiFi-GAN,KazEmoTTS source-revision-0db250b2ebd95c0de7f8fb7ccba9fd65d4815115; checkpoints-2024-03-11,kazemotts_gradtts_hifigan:F1:angry,not_applicable:pretrained-tts-no-local-voice-cloning,local_cuda_kazemotts_gradtts_hifigan,offline_neural_tts,22050,wav,none,tts_seed=1591320021,2026-08-10T00:00:00Z
ksc_derived_kk_v2_kazemotts:e9a8fe2ff0349f95,processed/18/18c26eab72cb0649e028f32a10ef2e8a967c0a805078c0ea9adc182facf96605.wav,7b560e64fd8ba139f2d7425dd0ed4cab1c838eb1e9936b2cd687d60d845510d3,test,spoof,kk,unknown,ksc_derived_kk_v2_kazemotts:profile:kazemotts_gradtts_hifigan:F1:surprise,ksc_derived_kk_v2_kazemotts,KSC text CC-BY-4.0; KazEmoTTS model CC-BY-4.0,Offline derivative for personal research from KSC transcript ksc_slr102:5f5774ea202aa; KazEmoTTS dataset and model CC-BY-4.0; upstream source archive used only for local inference; no voice cloning,ksc_derived_kk_v2_kazemotts:synthetic-voice:kazemotts_gradtts_hifigan:F1:surprise,ksc_slr102:5f5774ea202aa,ad22a4bc9ab4b7d83b873ee61abe08b33e8f4c617ae7c10b906dc7c62f1d6ca6,5.329,gradtts_hifigan_emotional_tts,ISSAI KazEmoTTS Grad-TTS + HiFi-GAN,KazEmoTTS source-revision-0db250b2ebd95c0de7f8fb7ccba9fd65d4815115; checkpoints-2024-03-11,kazemotts_gradtts_hifigan:F1:surprise,not_applicable:pretrained-tts-no-local-voice-cloning,local_cuda_kazemotts_gradtts_hifigan,offline_neural_tts,22050,wav,none,tts_seed=593867526,2026-08-10T00:00:00Z
ksc_derived_kk_v2_kazemotts:a811bef94efc79d4,processed/6a/6a3582fe719e6b2f5a603dee166b8ee597372246dba5ba10c990040227f8ad10.wav,c7932631c3d3896be9f0a6cbfa04d480b02613fe86937153a64675b88c6d0642,test,spoof,kk,unknown,ksc_derived_kk_v2_kazemotts:profile:kazemotts_gradtts_hifigan:F1:fear,ksc_derived_kk_v2_kazemotts,KSC text CC-BY-4.0; KazEmoTTS model CC-BY-4.0,Offline derivative for personal research from KSC transcript ksc_slr102:5f609533771a5; KazEmoTTS dataset and model CC-BY-4.0; upstream source archive used only for local inference; no voice cloning,ksc_derived_kk_v2_kazemotts:synthetic-voice:kazemotts_gradtts_hifigan:F1:fear,ksc_slr102:5f609533771a5,e882f791b00bb6c9137cff5aec24358eb5145889e8c445836892853c25e34348,9.0790625,gradtts_hifigan_emotional_tts,ISSAI KazEmoTTS Grad-TTS + HiFi-GAN,KazEmoTTS source-revision-0db250b2ebd95c0de7f8fb7ccba9fd65d4815115; checkpoints-2024-03-11,kazemotts_gradtts_hifigan:F1:fear,not_applicable:pretrained-tts-no-local-voice-cloning,local_cuda_kazemotts_gradtts_hifigan,offline_neural_tts,22050,wav,none,tts_seed=569488408,2026-08-10T00:00:00Z
ksc_derived_kk_v2_kazemotts:af3d556442de0da6,processed/52/527f29b7ad5b96d470e120f06f4374d5b81cf009c1f26061d59029a154cde8da.wav,f9268d86173e31e82417e94a1b4a86dc17bc85bed61d35ff4e482d92e985fc39,test,spoof,kk,unknown,ksc_derived_kk_v2_kazemotts:profile:kazemotts_gradtts_hifigan:F1:happy,ksc_derived_kk_v2_kazemotts,KSC text CC-BY-4.0; KazEmoTTS model CC-BY-4.0,Offline derivative for personal research from KSC transcript ksc_slr102:5f61e22b30145; KazEmoTTS dataset and model CC-BY-4.0; upstream source archive used only for local inference; no voice cloning,ksc_derived_kk_v2_kazemotts:synthetic-voice:kazemotts_gradtts_hifigan:F1:happy,ksc_slr102:5f61e22b30145,0c530128e6ccab912fb6c6b489b0745f91b80b17abc8b59ccc4b91b37a939a56,7.349125,gradtts_hifigan_emotional_tts,ISSAI KazEmoTTS Grad-TTS + HiFi-GAN,KazEmoTTS source-revision-0db250b2ebd95c0de7f8fb7ccba9fd65d4815115; checkpoints-2024-03-11,kazemotts_gradtts_hifigan:F1:happy,not_applicable:pretrained-tts-no-local-voice-cloning,local_cuda_kazemotts_gradtts_hifigan,offline_neural_tts,22050,wav,none,tts_seed=1958267923,2026-08-10T00:00:00Z
ksc_derived_kk_v2_kazemotts:54341faf326d9cf1,processed/b8/b87894f5c4269947481c7355c94d2f5cfd5d524e2c7af9eeda9d40ddf4231045.wav,c14f0374ba13134a7209d01d2e1836f748cf39f21018a9b728d87acdc592c792,test,spoof,kk,unknown,ksc_derived_kk_v2_kazemotts:profile:kazemotts_gradtts_hifigan:F1:neutral,ksc_derived_kk_v2_kazemotts,KSC text CC-BY-4.0; KazEmoTTS model CC-BY-4.0,Offline derivative for personal research from KSC transcript ksc_slr102:5f60566171938; KazEmoTTS dataset and model CC-BY-4.0; upstream source archive used only for local inference; no voice cloning,ksc_derived_kk_v2_kazemotts:synthetic-voice:kazemotts_gradtts_hifigan:F1:neutral,ksc_slr102:5f60566171938,2af1b843d213a88ca4819432003dc86a972cf4af6373a4893ecca08ed46323d3,7.929625,gradtts_hifigan_emotional_tts,ISSAI KazEmoTTS Grad-TTS + HiFi-GAN,KazEmoTTS source-revision-0db250b2ebd95c0de7f8fb7ccba9fd65d4815115; checkpoints-2024-03-11,kazemotts_gradtts_hifigan:F1:neutral,not_applicable:pretrained-tts-no-local-voice-cloning,local_cuda_kazemotts_gradtts_hifigan,offline_neural_tts,22050,wav,none,tts_seed=869180146,2026-08-10T00:00:00Z
ksc_derived_kk_v2_kazemotts:de2ce874f1d61177,processed/c3/c3d6afd37c937b349b3812ec1cd8a2d742b23be7ecd62bc2af3c3b4254f471ea.wav,dda1f010424e2cb76403e136e08d707a0f88ba6bc6f875f2d458f52c41b34d7d,test,spoof,kk,unknown,ksc_derived_kk_v2_kazemotts:profile:kazemotts_gradtts_hifigan:F1:sad,ksc_derived_kk_v2_kazemotts,KSC text CC-BY-4.0; KazEmoTTS model CC-BY-4.0,Offline derivative for personal research from KSC transcript ksc_slr102:5f5efcd7b8de0; KazEmoTTS dataset and model CC-BY-4.0; upstream source archive used only for local inference; no voice cloning,ksc_derived_kk_v2_kazemotts:synthetic-voice:kazemotts_gradtts_hifigan:F1:sad,ksc_slr102:5f5efcd7b8de0,c87d20e09fec67ad3864f8ac18db5327daef25ab8f1b93bc001524afca95aa64,4.9806875,gradtts_hifigan_emotional_tts,ISSAI KazEmoTTS Grad-TTS + HiFi-GAN,KazEmoTTS source-revision-0db250b2ebd95c0de7f8fb7ccba9fd65d4815115; checkpoints-2024-03-11,kazemotts_gradtts_hifigan:F1:sad,not_applicable:pretrained-tts-no-local-voice-cloning,local_cuda_kazemotts_gradtts_hifigan,offline_neural_tts,22050,wav,none,tts_seed=317568969,2026-08-10T00:00:00Z
ksc_derived_kk_v2_kazemotts:1a6ec12e805bcda5,processed/a1/a1090972312df7ab8103f56e9e68cfecd9401cc06512922c78fcdd3debf3939e.wav,43d753247acbe4da1797d6efb8d605ae92b9b9a2ae90fc2db6c030c25ce8e63d,test,spoof,kk,unknown,ksc_derived_kk_v2_kazemotts:profile:kazemotts_gradtts_hifigan:M2:angry,ksc_derived_kk_v2_kazemotts,KSC text CC-BY-4.0; KazEmoTTS model CC-BY-4.0,Offline derivative for personal research from KSC transcript ksc_slr102:5f58df68d3582; KazEmoTTS dataset and model CC-BY-4.0; upstream source archive used only for local inference; no voice cloning,ksc_derived_kk_v2_kazemotts:synthetic-voice:kazemotts_gradtts_hifigan:M2:angry,ksc_slr102:5f58df68d3582,fecfb2846d23deb938d8b39e145ef2fa99e3f406128064b276ec3b4be538d0aa,3.784875,gradtts_hifigan_emotional_tts,ISSAI KazEmoTTS Grad-TTS + HiFi-GAN,KazEmoTTS source-revision-0db250b2ebd95c0de7f8fb7ccba9fd65d4815115; checkpoints-2024-03-11,kazemotts_gradtts_hifigan:M2:angry,not_applicable:pretrained-tts-no-local-voice-cloning,local_cuda_kazemotts_gradtts_hifigan,offline_neural_tts,22050,wav,none,tts_seed=81571307,2026-08-10T00:00:00Z
ksc_derived_kk_v2_kazemotts:7630f136abdbc3d9,processed/8d/8deada75120685d6b18c072101dd550d0493f67c7ce544e6e79840c2af07647a.wav,06bdeb1cfacce7c5d7acf402facdf09129fc5690971bb8f3258f9dde2e5af63b,test,spoof,kk,unknown,ksc_derived_kk_v2_kazemotts:profile:kazemotts_gradtts_hifigan:M2:surprise,ksc_derived_kk_v2_kazemotts,KSC text CC-BY-4.0; KazEmoTTS model CC-BY-4.0,Offline derivative for personal research from KSC transcript ksc_slr102:5f5af66ab89b0; KazEmoTTS dataset and model CC-BY-4.0; upstream source archive used only for local inference; no voice cloning,ksc_derived_kk_v2_kazemotts:synthetic-voice:kazemotts_gradtts_hifigan:M2:surprise,ksc_slr102:5f5af66ab89b0,4c95927fa52d1872824f99677c3bef068f901d06dfd26deae703230b8aefd5d8,2.61225,gradtts_hifigan_emotional_tts,ISSAI KazEmoTTS Grad-TTS + HiFi-GAN,KazEmoTTS source-revision-0db250b2ebd95c0de7f8fb7ccba9fd65d4815115; checkpoints-2024-03-11,kazemotts_gradtts_hifigan:M2:surprise,not_applicable:pretrained-tts-no-local-voice-cloning,local_cuda_kazemotts_gradtts_hifigan,offline_neural_tts,22050,wav,none,tts_seed=1764945222,2026-08-10T00:00:00Z
ksc_derived_kk_v2_kazemotts:c79b695f1b478a20,processed/30/3007fafe252c175b7e38f38ee472fabbcf27127b19af2b5691f8a60b0b0c0a22.wav,a598393ddfdc225fdf9f718002160ec14fec0064d339dbec9343d9290a6acea1,test,spoof,kk,unknown,ksc_derived_kk_v2_kazemotts:profile:kazemotts_gradtts_hifigan:M2:fear,ksc_derived_kk_v2_kazemotts,KSC text CC-BY-4.0; KazEmoTTS model CC-BY-4.0,Offline derivative for personal research from KSC transcript ksc_slr102:5f61e45dd36ba; KazEmoTTS dataset and model CC-BY-4.0; upstream source archive used only for local inference; no voice cloning,ksc_derived_kk_v2_kazemotts:synthetic-voice:kazemotts_gradtts_hifigan:M2:fear,ksc_slr102:5f61e45dd36ba,d9e5c2f8255b88296081fb8ef7787cf6b2ab42065a6cfeeeeb7eaad724b8ead3,8.219875,gradtts_hifigan_emotional_tts,ISSAI KazEmoTTS Grad-TTS + HiFi-GAN,KazEmoTTS source-revision-0db250b2ebd95c0de7f8fb7ccba9fd65d4815115; checkpoints-2024-03-11,kazemotts_gradtts_hifigan:M2:fear,not_applicable:pretrained-tts-no-local-voice-cloning,local_cuda_kazemotts_gradtts_hifigan,offline_neural_tts,22050,wav,none,tts_seed=350332248,2026-08-10T00:00:00Z
ksc_derived_kk_v2_kazemotts:4db070b1f8d81aba,processed/5f/5f59996f9a7f2c3d106b5e7c5319c2cba068acdf3fc33299ca0a92416f6d2c7b.wav,0b62f55dab649a9a5482d32ef014eb29436dbff611283b12cb3ca88ae518953e,test,spoof,kk,unknown,ksc_derived_kk_v2_kazemotts:profile:kazemotts_gradtts_hifigan:M2:happy,ksc_derived_kk_v2_kazemotts,KSC text CC-BY-4.0; KazEmoTTS model CC-BY-4.0,Offline derivative for personal research from KSC transcript ksc_slr102:5f5fa0fa88462; KazEmoTTS dataset and model CC-BY-4.0; upstream source archive used only for local inference; no voice cloning,ksc_derived_kk_v2_kazemotts:synthetic-voice:kazemotts_gradtts_hifigan:M2:happy,ksc_slr102:5f5fa0fa88462,1aca7e9bda523be30809272cf8562e45e9f349f716c809bf4a51c18962d8bbe0,6.7454375,gradtts_hifigan_emotional_tts,ISSAI KazEmoTTS Grad-TTS + HiFi-GAN,KazEmoTTS source-revision-0db250b2ebd95c0de7f8fb7ccba9fd65d4815115; checkpoints-2024-03-11,kazemotts_gradtts_hifigan:M2:happy,not_applicable:pretrained-tts-no-local-voice-cloning,local_cuda_kazemotts_gradtts_hifigan,offline_neural_tts,22050,wav,none,tts_seed=1634769902,2026-08-10T00:00:00Z
ksc_derived_kk_v2_kazemotts:24014a4ce3752658,processed/04/04e54891543563783c87a7b2447b18019a8abb5f816a30668d33c944e0b066ad.wav,b72652b111b891f1154dda9662add9913c063e9f4d8535fb5bc03097ed21d20d,test,spoof,kk,unknown,ksc_derived_kk_v2_kazemotts:profile:kazemotts_gradtts_hifigan:M2:sad,ksc_derived_kk_v2_kazemotts,KSC text CC-BY-4.0; KazEmoTTS model CC-BY-4.0,Offline derivative for personal research from KSC transcript ksc_slr102:5f5a3b2820571; KazEmoTTS dataset and model CC-BY-4.0; upstream source archive used only for local inference; no voice cloning,ksc_derived_kk_v2_kazemotts:synthetic-voice:kazemotts_gradtts_hifigan:M2:sad,ksc_slr102:5f5a3b2820571,09e523f5e46a0cf32bbc6b0c2818c030fa90cc895da8bad156ae3b0b8313c6bb,5.1084375,gradtts_hifigan_emotional_tts,ISSAI KazEmoTTS Grad-TTS + HiFi-GAN,KazEmoTTS source-revision-0db250b2ebd95c0de7f8fb7ccba9fd65d4815115; checkpoints-2024-03-11,kazemotts_gradtts_hifigan:M2:sad,not_applicable:pretrained-tts-no-local-voice-cloning,local_cuda_kazemotts_gradtts_hifigan,offline_neural_tts,22050,wav,none,tts_seed=384902729,2026-08-10T00:00:00Z
ksc_derived_kk_v2_kazemotts:9f747b6068a69dd1,processed/0a/0a9360e7cc37559915402a44b5a8aedcfd2d5588f0dd313ad508a2fdba6a55f0.wav,536af1fc5324937315181f02b0862c1c47f00234da16313cf091805c88bdbced,test,spoof,kk,unknown,ksc_derived_kk_v2_kazemotts:profile:kazemotts_gradtts_hifigan:M1:angry,ksc_derived_kk_v2_kazemotts,KSC text CC-BY-4.0; KazEmoTTS model CC-BY-4.0,Offline derivative for personal research from KSC transcript ksc_slr102:5f60b44113384; KazEmoTTS dataset and model CC-BY-4.0; upstream source archive used only for local inference; no voice cloning,ksc_derived_kk_v2_kazemotts:synthetic-voice:kazemotts_gradtts_hifigan:M1:angry,ksc_slr102:5f60b44113384,52143540fc22a4e10b24a8119325a2bc1f06bd5f02c4b7cf7201743ab9ef8dad,3.227625,gradtts_hifigan_emotional_tts,ISSAI KazEmoTTS Grad-TTS + HiFi-GAN,KazEmoTTS source-revision-0db250b2ebd95c0de7f8fb7ccba9fd65d4815115; checkpoints-2024-03-11,kazemotts_gradtts_hifigan:M1:angry,not_applicable:pretrained-tts-no-local-voice-cloning,local_cuda_kazemotts_gradtts_hifigan,offline_neural_tts,22050,wav,none,tts_seed=527731674,2026-08-10T00:00:00Z
ksc_derived_kk_v2_kazemotts:d5adda1e51dcb626,processed/c2/c2d889e8702b06b5fb87561fe4d7a016ec0b440677ae993e75bf6066529cee53.wav,b6276ca3ede6c239a6a50886987c4c3e19a47d12cf8bf736acc5fd1ce1e98b73,test,spoof,kk,unknown,ksc_derived_kk_v2_kazemotts:profile:kazemotts_gradtts_hifigan:M1:surprise,ksc_derived_kk_v2_kazemotts,KSC text CC-BY-4.0; KazEmoTTS model CC-BY-4.0,Offline derivative for personal research from KSC transcript ksc_slr102:5f60bc1d51fdb; KazEmoTTS dataset and model CC-BY-4.0; upstream source archive used only for local inference; no voice cloning,ksc_derived_kk_v2_kazemotts:synthetic-voice:kazemotts_gradtts_hifigan:M1:surprise,ksc_slr102:5f60bc1d51fdb,e378813f130b383f8b5ef4d91594b226d07fea6be70736b74f9142aead92eec8,2.8909375,gradtts_hifigan_emotional_tts,ISSAI KazEmoTTS Grad-TTS + HiFi-GAN,KazEmoTTS source-revision-0db250b2ebd95c0de7f8fb7ccba9fd65d4815115; checkpoints-2024-03-11,kazemotts_gradtts_hifigan:M1:surprise,not_applicable:pretrained-tts-no-local-voice-cloning,local_cuda_kazemotts_gradtts_hifigan,offline_neural_tts,22050,wav,none,tts_seed=1468557633,2026-08-10T00:00:00Z
ksc_derived_kk_v2_kazemotts:e58f167a335e7756,processed/1b/1bc5f4f2be3c7e2bdf3a2a51f73abe562633f4dafe195ebaef00722c1949c366.wav,ea4c1781cfc4bfe5688100c6d21b9f83285dc337db50b78a0d8c5ab65aa03cfa,test,spoof,kk,unknown,ksc_derived_kk_v2_kazemotts:profile:kazemotts_gradtts_hifigan:M1:fear,ksc_derived_kk_v2_kazemotts,KSC text CC-BY-4.0; KazEmoTTS model CC-BY-4.0,Offline derivative for personal research from KSC transcript ksc_slr102:5f60b0ba023e6; KazEmoTTS dataset and model CC-BY-4.0; upstream source archive used only for local inference; no voice cloning,ksc_derived_kk_v2_kazemotts:synthetic-voice:kazemotts_gradtts_hifigan:M1:fear,ksc_slr102:5f60b0ba023e6,4f76eb8c2ff58426e4bd1a80a32b2e50c11d1dda94b3ae4ff4b5da2cb47edd96,9.299625,gradtts_hifigan_emotional_tts,ISSAI KazEmoTTS Grad-TTS + HiFi-GAN,KazEmoTTS source-revision-0db250b2ebd95c0de7f8fb7ccba9fd65d4815115; checkpoints-2024-03-11,kazemotts_gradtts_hifigan:M1:fear,not_applicable:pretrained-tts-no-local-voice-cloning,local_cuda_kazemotts_gradtts_hifigan,offline_neural_tts,22050,wav,none,tts_seed=1348295751,2026-08-10T00:00:00Z
ksc_derived_kk_v2_kazemotts:7fab44e51d0aabdb,processed/89/894efa0fc05d9cfcdc59fa6c032a9c0da059d13967bacea46df33644b70640d8.wav,503ba0162a656526851a5d009bcbd868a8991102bc29ee86632596fd4a092006,test,spoof,kk,unknown,ksc_derived_kk_v2_kazemotts:profile:kazemotts_gradtts_hifigan:M1:happy,ksc_derived_kk_v2_kazemotts,KSC text CC-BY-4.0; KazEmoTTS model CC-BY-4.0,Offline derivative for personal research from KSC transcript ksc_slr102:5f59e96ce206d; KazEmoTTS dataset and model CC-BY-4.0; upstream source archive used only for local inference; no voice cloning,ksc_derived_kk_v2_kazemotts:synthetic-voice:kazemotts_gradtts_hifigan:M1:happy,ksc_slr102:5f59e96ce206d,8ba5343237ca48b7e88e95bca96bac9d6396d42111f7f22d832882b97277b5eb,7.5,gradtts_hifigan_emotional_tts,ISSAI KazEmoTTS Grad-TTS + HiFi-GAN,KazEmoTTS source-revision-0db250b2ebd95c0de7f8fb7ccba9fd65d4815115; checkpoints-2024-03-11,kazemotts_gradtts_hifigan:M1:happy,not_applicable:pretrained-tts-no-local-voice-cloning,local_cuda_kazemotts_gradtts_hifigan,offline_neural_tts,22050,wav,none,tts_seed=223513987,2026-08-10T00:00:00Z
ksc_derived_kk_v2_kazemotts:492c423d630c3524,processed/6e/6eea3832f6dbfcbe4c03796994bf88fdebb5216c226a4244dd1bad2ac7c96e6c.wav,d66331bfa8ed7343d3e1f561dacf25091ee0ee491d70f4805ff2a86836d4de99,test,spoof,kk,unknown,ksc_derived_kk_v2_kazemotts:profile:kazemotts_gradtts_hifigan:M1:neutral,ksc_derived_kk_v2_kazemotts,KSC text CC-BY-4.0; KazEmoTTS model CC-BY-4.0,Offline derivative for personal research from KSC transcript ksc_slr102:5fa4ef970fd32; KazEmoTTS dataset and model CC-BY-4.0; upstream source archive used only for local inference; no voice cloning,ksc_derived_kk_v2_kazemotts:synthetic-voice:kazemotts_gradtts_hifigan:M1:neutral,ksc_slr102:5fa4ef970fd32,e46eb3fe427d4c9d971b174e6e890a0772b324a92d2e58d9ad1d4d5f6e993eb7,9.3344375,gradtts_hifigan_emotional_tts,ISSAI KazEmoTTS Grad-TTS + HiFi-GAN,KazEmoTTS source-revision-0db250b2ebd95c0de7f8fb7ccba9fd65d4815115; checkpoints-2024-03-11,kazemotts_gradtts_hifigan:M1:neutral,not_applicable:pretrained-tts-no-local-voice-cloning,local_cuda_kazemotts_gradtts_hifigan,offline_neural_tts,22050,wav,none,tts_seed=2059694658,2026-08-10T00:00:00Z
ksc_derived_kk_v2_kazemotts:4c5619932b2ad5de,processed/24/2427d4bc4ec1fe327460f1a05d87e2646437e59de26326db7d1ad08cf2b5cabf.wav,c703b41334d04c325080fd932b922b0647b08472db14a8326cb3461dc4fd4479,test,spoof,kk,unknown,ksc_derived_kk_v2_kazemotts:profile:kazemotts_gradtts_hifigan:M1:sad,ksc_derived_kk_v2_kazemotts,KSC text CC-BY-4.0; KazEmoTTS model CC-BY-4.0,Offline derivative for personal research from KSC transcript ksc_slr102:5f60b1b1a5b9d; KazEmoTTS dataset and model CC-BY-4.0; upstream source archive used only for local inference; no voice cloning,ksc_derived_kk_v2_kazemotts:synthetic-voice:kazemotts_gradtts_hifigan:M1:sad,ksc_slr102:5f60b1b1a5b9d,3fa5ecaec77adf9a10e0063e82ec0957b9c44d36fb80255cdd943567b2334892,4.1331875,gradtts_hifigan_emotional_tts,ISSAI KazEmoTTS Grad-TTS + HiFi-GAN,KazEmoTTS source-revision-0db250b2ebd95c0de7f8fb7ccba9fd65d4815115; checkpoints-2024-03-11,kazemotts_gradtts_hifigan:M1:sad,not_applicable:pretrained-tts-no-local-voice-cloning,local_cuda_kazemotts_gradtts_hifigan,offline_neural_tts,22050,wav,none,tts_seed=418069496,2026-08-10T00:00:00Z
ksc_derived_kk_v2_kazemotts:f7386fcf2681a29f,processed/41/41fe24b1cde0c9488b7065a0c83802f3d596a55334309d7cba64ccc442e7cf5b.wav,3745be99542f32fbad8acd67d03d9dfea80d373b700682658f2d222091ad8552,test,spoof,kk,unknown,ksc_derived_kk_v2_kazemotts:profile:kazemotts_gradtts_hifigan:F1:angry,ksc_derived_kk_v2_kazemotts,KSC text CC-BY-4.0; KazEmoTTS model CC-BY-4.0,Offline derivative for personal research from KSC transcript ksc_slr102:5f60afca4791b; KazEmoTTS dataset and model CC-BY-4.0; upstream source archive used only for local inference; no voice cloning,ksc_derived_kk_v2_kazemotts:synthetic-voice:kazemotts_gradtts_hifigan:F1:angry,ksc_slr102:5f60afca4791b,8737300fab6a20b5acce75e3a74443e7eec559ca8810b32e164bd3face20cb61,5.93275,gradtts_hifigan_emotional_tts,ISSAI KazEmoTTS Grad-TTS + HiFi-GAN,KazEmoTTS source-revision-0db250b2ebd95c0de7f8fb7ccba9fd65d4815115; checkpoints-2024-03-11,kazemotts_gradtts_hifigan:F1:angry,not_applicable:pretrained-tts-no-local-voice-cloning,local_cuda_kazemotts_gradtts_hifigan,offline_neural_tts,22050,wav,none,tts_seed=427125034,2026-08-10T00:00:00Z
ksc_derived_kk_v2_kazemotts:e18e0fd4df719f1f,processed/e5/e5bb4c8c7749f0441c65484b7fa48e5345b03c8e5d41cd1c13f22d71c7d168c2.wav,2c3fb3c8cdcd75800a5bc8be9938f61cd31205a72eda20e00eca118f31774337,test,spoof,kk,unknown,ksc_derived_kk_v2_kazemotts:profile:kazemotts_gradtts_hifigan:F1:surprise,ksc_derived_kk_v2_kazemotts,KSC text CC-BY-4.0; KazEmoTTS model CC-BY-4.0,Offline derivative for personal research from KSC transcript ksc_slr102:5f5af4f705da7; KazEmoTTS dataset and model CC-BY-4.0; upstream source archive used only for local inference; no voice cloning,ksc_derived_kk_v2_kazemotts:synthetic-voice:kazemotts_gradtts_hifigan:F1:surprise,ksc_slr102:5f5af4f705da7,2e38759acb13bf14b57f9b5deda52087bb75e59a8df1067a462169bd5ff19dff,6.2345625,gradtts_hifigan_emotional_tts,ISSAI KazEmoTTS Grad-TTS + HiFi-GAN,KazEmoTTS source-revision-0db250b2ebd95c0de7f8fb7ccba9fd65d4815115; checkpoints-2024-03-11,kazemotts_gradtts_hifigan:F1:surprise,not_applicable:pretrained-tts-no-local-voice-cloning,local_cuda_kazemotts_gradtts_hifigan,offline_neural_tts,22050,wav,none,tts_seed=1031994415,2026-08-10T00:00:00Z
ksc_derived_kk_v2_kazemotts:e81fc6fae899f63e,processed/69/69c2b141d8efa0bbd90a74146057cbb4816a335bd32c3240796998d6cc6fb247.wav,e1e3c86c3c07e3d15c195b864cfe2d71c0968f5f28787c9667a883f26d213a85,test,spoof,kk,unknown,ksc_derived_kk_v2_kazemotts:profile:kazemotts_gradtts_hifigan:F1:happy,ksc_derived_kk_v2_kazemotts,KSC text CC-BY-4.0; KazEmoTTS model CC-BY-4.0,Offline derivative for personal research from KSC transcript ksc_slr102:5f61ecc1d974a; KazEmoTTS dataset and model CC-BY-4.0; upstream source archive used only for local inference; no voice cloning,ksc_derived_kk_v2_kazemotts:synthetic-voice:kazemotts_gradtts_hifigan:F1:happy,ksc_slr102:5f61ecc1d974a,672a9827f0a8aa7a846cbce82eacce774c164656615fa20e4441f8cc046190ab,3.40175,gradtts_hifigan_emotional_tts,ISSAI KazEmoTTS Grad-TTS + HiFi-GAN,KazEmoTTS source-revision-0db250b2ebd95c0de7f8fb7ccba9fd65d4815115; checkpoints-2024-03-11,kazemotts_gradtts_hifigan:F1:happy,not_applicable:pretrained-tts-no-local-voice-cloning,local_cuda_kazemotts_gradtts_hifigan,offline_neural_tts,22050,wav,none,tts_seed=774896656,2026-08-10T00:00:00Z
ksc_derived_kk_v2_kazemotts:e751ee45074805d6,processed/b9/b9b268a9ca0bf4b57e079f49a80c3088a8518ddda1ac660468a4b1c1b037bd86.wav,9365e4fa3cbf8809a80043e1bcf5af260b51dd577c42ce08e9b503bb3ae6dccd,test,spoof,kk,unknown,ksc_derived_kk_v2_kazemotts:profile:kazemotts_gradtts_hifigan:F1:neutral,ksc_derived_kk_v2_kazemotts,KSC text CC-BY-4.0; KazEmoTTS model CC-BY-4.0,Offline derivative for personal research from KSC transcript ksc_slr102:5f5a3a7a16ebc; KazEmoTTS dataset and model CC-BY-4.0; upstream source archive used only for local inference; no voice cloning,ksc_derived_kk_v2_kazemotts:synthetic-voice:kazemotts_gradtts_hifigan:F1:neutral,ksc_slr102:5f5a3a7a16ebc,878db99762e5aa3908fc6a25b7b165f1f6d9efeb17d460d25d2d2f18632d1290,5.7005,gradtts_hifigan_emotional_tts,ISSAI KazEmoTTS Grad-TTS + HiFi-GAN,KazEmoTTS source-revision-0db250b2ebd95c0de7f8fb7ccba9fd65d4815115; checkpoints-2024-03-11,kazemotts_gradtts_hifigan:F1:neutral,not_applicable:pretrained-tts-no-local-voice-cloning,local_cuda_kazemotts_gradtts_hifigan,offline_neural_tts,22050,wav,none,tts_seed=317282610,2026-08-10T00:00:00Z
ksc_derived_kk_v2_kazemotts:97c4f3b4cea41624,processed/e8/e81d8b0c84da6841d0df75ba109471a0205ac0a80039634a40e56e421b68267e.wav,46c2d2d47594b8ed40cf7ad8af8dc022b96cfded4211ee86ae3c2a2b610e9148,test,spoof,kk,unknown,ksc_derived_kk_v2_kazemotts:profile:kazemotts_gradtts_hifigan:M2:angry,ksc_derived_kk_v2_kazemotts,KSC text CC-BY-4.0; KazEmoTTS model CC-BY-4.0,Offline derivative for personal research from KSC transcript ksc_slr102:5f59bcb86d00a; KazEmoTTS dataset and model CC-BY-4.0; upstream source archive used only for local inference; no voice cloning,ksc_derived_kk_v2_kazemotts:synthetic-voice:kazemotts_gradtts_hifigan:M2:angry,ksc_slr102:5f59bcb86d00a,419a17f0dcd97fe212ad4a13551544d8a514990adc99c0c63467bfd2b5312b13,4.4001875,gradtts_hifigan_emotional_tts,ISSAI KazEmoTTS Grad-TTS + HiFi-GAN,KazEmoTTS source-revision-0db250b2ebd95c0de7f8fb7ccba9fd65d4815115; checkpoints-2024-03-11,kazemotts_gradtts_hifigan:M2:angry,not_applicable:pretrained-tts-no-local-voice-cloning,local_cuda_kazemotts_gradtts_hifigan,offline_neural_tts,22050,wav,none,tts_seed=499157048,2026-08-10T00:00:00Z
ksc_derived_kk_v2_kazemotts:4718f37e99c89366,processed/f5/f57abe3dc66596cc3397254b76db1c7f1505ea5b994821dee5d96911e796c893.wav,65625be80567ec58a9ccd63e75786cda3c2192cd62db132615694a0c727d20cc,test,spoof,kk,unknown,ksc_derived_kk_v2_kazemotts:profile:kazemotts_gradtts_hifigan:M2:surprise,ksc_derived_kk_v2_kazemotts,KSC text CC-BY-4.0; KazEmoTTS model CC-BY-4.0,Offline derivative for personal research from KSC transcript ksc_slr102:5f57996a74600; KazEmoTTS dataset and model CC-BY-4.0; upstream source archive used only for local inference; no voice cloning,ksc_derived_kk_v2_kazemotts:synthetic-voice:kazemotts_gradtts_hifigan:M2:surprise,ksc_slr102:5f57996a74600,5edcec91b5afbde0167be62e2ec48ecafa675b4c3dfd6821ae9c77cc611cf197,2.74,gradtts_hifigan_emotional_tts,ISSAI KazEmoTTS Grad-TTS + HiFi-GAN,KazEmoTTS source-revision-0db250b2ebd95c0de7f8fb7ccba9fd65d4815115; checkpoints-2024-03-11,kazemotts_gradtts_hifigan:M2:surprise,not_applicable:pretrained-tts-no-local-voice-cloning,local_cuda_kazemotts_gradtts_hifigan,offline_neural_tts,22050,wav,none,tts_seed=601904487,2026-08-10T00:00:00Z
ksc_derived_kk_v2_kazemotts:cc9cd74a2a931ef6,processed/17/179870550fc9c32a6cca102b8b3ad4c55a25a4827d463fe9ef4191ddefc930a8.wav,bc9c013ddac4e541aa88d259e000adda52c5dab7646c712809d7e00a071bcb3e,test,spoof,kk,unknown,ksc_derived_kk_v2_kazemotts:profile:kazemotts_gradtts_hifigan:M2:happy,ksc_derived_kk_v2_kazemotts,KSC text CC-BY-4.0; KazEmoTTS model CC-BY-4.0,Offline derivative for personal research from KSC transcript ksc_slr102:5f579d7062dcd; KazEmoTTS dataset and model CC-BY-4.0; upstream source archive used only for local inference; no voice cloning,ksc_derived_kk_v2_kazemotts:synthetic-voice:kazemotts_gradtts_hifigan:M2:happy,ksc_slr102:5f579d7062dcd,391216a24ea9fe76d9b2b749113cdc1aeaab988bedc16d8a6b4a9df337004af7,8.37075,gradtts_hifigan_emotional_tts,ISSAI KazEmoTTS Grad-TTS + HiFi-GAN,KazEmoTTS source-revision-0db250b2ebd95c0de7f8fb7ccba9fd65d4815115; checkpoints-2024-03-11,kazemotts_gradtts_hifigan:M2:happy,not_applicable:pretrained-tts-no-local-voice-cloning,local_cuda_kazemotts_gradtts_hifigan,offline_neural_tts,22050,wav,none,tts_seed=98320139,2026-08-10T00:00:00Z
ksc_derived_kk_v2_kazemotts:150d21d54abf634b,processed/16/16dd64b05f7e8bb1353b83aba71e3f13bfdf70f1bdfb8a43fd779c8b09e3e9ac.wav,e31ab1ca6f4b1807fbe4cd6c1cdd57f90a6ea7d10bf017c3dcf2956d5b4611a2,test,spoof,kk,unknown,ksc_derived_kk_v2_kazemotts:profile:kazemotts_gradtts_hifigan:M2:neutral,ksc_derived_kk_v2_kazemotts,KSC text CC-BY-4.0; KazEmoTTS model CC-BY-4.0,Offline derivative for personal research from KSC transcript ksc_slr102:5f60c66e68d99; KazEmoTTS dataset and model CC-BY-4.0; upstream source archive used only for local inference; no voice cloning,ksc_derived_kk_v2_kazemotts:synthetic-voice:kazemotts_gradtts_hifigan:M2:neutral,ksc_slr102:5f60c66e68d99,97f056a9c8ee1b9271cbee42a9b5d5c9b1832394b2152f5eed5cac16b1180e5a,8.823625,gradtts_hifigan_emotional_tts,ISSAI KazEmoTTS Grad-TTS + HiFi-GAN,KazEmoTTS source-revision-0db250b2ebd95c0de7f8fb7ccba9fd65d4815115; checkpoints-2024-03-11,kazemotts_gradtts_hifigan:M2:neutral,not_applicable:pretrained-tts-no-local-voice-cloning,local_cuda_kazemotts_gradtts_hifigan,offline_neural_tts,22050,wav,none,tts_seed=598781593,2026-08-10T00:00:00Z
ksc_derived_kk_v2_kazemotts:8b7fc26a5047dc7e,processed/2d/2d8314cdea5e66c334755345b5c29c3c087e0cc355870efc7f1b7650925fa364.wav,82b10a1ab4cda28fd39b5bdc81d2ef005ae3dbc69cf931da41f1baa8831c6c3e,test,spoof,kk,unknown,ksc_derived_kk_v2_kazemotts:profile:kazemotts_gradtts_hifigan:M2:sad,ksc_derived_kk_v2_kazemotts,KSC text CC-BY-4.0; KazEmoTTS model CC-BY-4.0,Offline derivative for personal research from KSC transcript ksc_slr102:5f6300899bd54; KazEmoTTS dataset and model CC-BY-4.0; upstream source archive used only for local inference; no voice cloning,ksc_derived_kk_v2_kazemotts:synthetic-voice:kazemotts_gradtts_hifigan:M2:sad,ksc_slr102:5f6300899bd54,c31326543a8878a54cf735c80dadb1ddb50980184e3cfd4dd98cef6250684e20,3.7965,gradtts_hifigan_emotional_tts,ISSAI KazEmoTTS Grad-TTS + HiFi-GAN,KazEmoTTS source-revision-0db250b2ebd95c0de7f8fb7ccba9fd65d4815115; checkpoints-2024-03-11,kazemotts_gradtts_hifigan:M2:sad,not_applicable:pretrained-tts-no-local-voice-cloning,local_cuda_kazemotts_gradtts_hifigan,offline_neural_tts,22050,wav,none,tts_seed=718966805,2026-08-10T00:00:00Z
ksc_derived_kk_v2_kazemotts:28ada97d87a5b55d,processed/f1/f183ef843c449ac0b0d3f7b4ecd1db0f43a6ae9b2315563689497b582035972b.wav,0dcf007c1ce5e97096660d8429fa2c4688a0383bcb2044eb4c51a0f458a5a2e2,test,spoof,kk,unknown,ksc_derived_kk_v2_kazemotts:profile:kazemotts_gradtts_hifigan:M1:angry,ksc_derived_kk_v2_kazemotts,KSC text CC-BY-4.0; KazEmoTTS model CC-BY-4.0,Offline derivative for personal research from KSC transcript ksc_slr102:5f5683469b80e; KazEmoTTS dataset and model CC-BY-4.0; upstream source archive used only for local inference; no voice cloning,ksc_derived_kk_v2_kazemotts:synthetic-voice:kazemotts_gradtts_hifigan:M1:angry,ksc_slr102:5f5683469b80e,78822f3932db09ba2cf2e211520315d95b42150cdd3ec445b6738c4519659108,11.0295,gradtts_hifigan_emotional_tts,ISSAI KazEmoTTS Grad-TTS + HiFi-GAN,KazEmoTTS source-revision-0db250b2ebd95c0de7f8fb7ccba9fd65d4815115; checkpoints-2024-03-11,kazemotts_gradtts_hifigan:M1:angry,not_applicable:pretrained-tts-no-local-voice-cloning,local_cuda_kazemotts_gradtts_hifigan,offline_neural_tts,22050,wav,none,tts_seed=467569144,2026-08-10T00:00:00Z
ksc_derived_kk_v2_kazemotts:89cab7d2edefa47c,processed/25/25dcf1ef509fd0c1169ff0621cc85a3bf55efbaecc402447cf63f6a791b89dc6.wav,cb95c72b7662fe88c87408a928842d61853e10b4a9fd79e2ffb1114d84bb51a4,test,spoof,kk,unknown,ksc_derived_kk_v2_kazemotts:profile:kazemotts_gradtts_hifigan:M1:surprise,ksc_derived_kk_v2_kazemotts,KSC text CC-BY-4.0; KazEmoTTS model CC-BY-4.0,Offline derivative for personal research from KSC transcript ksc_slr102:5f60581d23f52; KazEmoTTS dataset and model CC-BY-4.0; upstream source archive used only for local inference; no voice cloning,ksc_derived_kk_v2_kazemotts:synthetic-voice:kazemotts_gradtts_hifigan:M1:surprise,ksc_slr102:5f60581d23f52,e6cd8b72bdfff71153dcad692d88b0680a5c82f5dcc5e15ebb1e1c5bf51bc302,4.9226875,gradtts_hifigan_emotional_tts,ISSAI KazEmoTTS Grad-TTS + HiFi-GAN,KazEmoTTS source-revision-0db250b2ebd95c0de7f8fb7ccba9fd65d4815115; checkpoints-2024-03-11,kazemotts_gradtts_hifigan:M1:surprise,not_applicable:pretrained-tts-no-local-voice-cloning,local_cuda_kazemotts_gradtts_hifigan,offline_neural_tts,22050,wav,none,tts_seed=146260912,2026-08-10T00:00:00Z
ksc_derived_kk_v2_kazemotts:1f74fec4ec577342,processed/bf/bf242d07c96e20a258a81d3778d3454ecff30bb9012a2b7e63f97a6c66b38378.wav,515c0e3fec72667c89fc6dd8cc54cd22666fa1e6ca6e6bc613361568bc339861,test,spoof,kk,unknown,ksc_derived_kk_v2_kazemotts:profile:kazemotts_gradtts_hifigan:M1:fear,ksc_derived_kk_v2_kazemotts,KSC text CC-BY-4.0; KazEmoTTS model CC-BY-4.0,Offline derivative for personal research from KSC transcript ksc_slr102:5f5688c488980; KazEmoTTS dataset and model CC-BY-4.0; upstream source archive used only for local inference; no voice cloning,ksc_derived_kk_v2_kazemotts:synthetic-voice:kazemotts_gradtts_hifigan:M1:fear,ksc_slr102:5f5688c488980,c6e5c729802d7bee08eb1bd36f3acdf684423ccd0c280149ff36da4708681c75,3.8313125,gradtts_hifigan_emotional_tts,ISSAI KazEmoTTS Grad-TTS + HiFi-GAN,KazEmoTTS source-revision-0db250b2ebd95c0de7f8fb7ccba9fd65d4815115; checkpoints-2024-03-11,kazemotts_gradtts_hifigan:M1:fear,not_applicable:pretrained-tts-no-local-voice-cloning,local_cuda_kazemotts_gradtts_hifigan,offline_neural_tts,22050,wav,none,tts_seed=8191920,2026-08-10T00:00:00Z
ksc_derived_kk_v2_kazemotts:82c957399acc9004,processed/cd/cd812b437bf61a8f2117452d301f3f773c6d0ab99bf148a9747709713220c4bd.wav,a4543e70b491bcbb7ce084fccf38f6d75149f3c833394722fdac7c4c32503bdd,test,spoof,kk,unknown,ksc_derived_kk_v2_kazemotts:profile:kazemotts_gradtts_hifigan:M1:happy,ksc_derived_kk_v2_kazemotts,KSC text CC-BY-4.0; KazEmoTTS model CC-BY-4.0,Offline derivative for personal research from KSC transcript ksc_slr102:5f5a5ab3bcdd4; KazEmoTTS dataset and model CC-BY-4.0; upstream source archive used only for local inference; no voice cloning,ksc_derived_kk_v2_kazemotts:synthetic-voice:kazemotts_gradtts_hifigan:M1:happy,ksc_slr102:5f5a5ab3bcdd4,30690f2e2c542d1105c0297e672ceaef8f982833212192956d89b32548d30ea2,3.5875,gradtts_hifigan_emotional_tts,ISSAI KazEmoTTS Grad-TTS + HiFi-GAN,KazEmoTTS source-revision-0db250b2ebd95c0de7f8fb7ccba9fd65d4815115; checkpoints-2024-03-11,kazemotts_gradtts_hifigan:M1:happy,not_applicable:pretrained-tts-no-local-voice-cloning,local_cuda_kazemotts_gradtts_hifigan,offline_neural_tts,22050,wav,none,tts_seed=1491682020,2026-08-10T00:00:00Z
ksc_derived_kk_v2_kazemotts:1a8c812f821d3055,processed/ae/ae31643ab8d06fe72a723f1d3cfd337aa4f8b4609901a85f88332231404b2bca.wav,6757ce2772045d56b21af71952f62ec81e8fd3bc25912098f35d708c4b026f18,test,spoof,kk,unknown,ksc_derived_kk_v2_kazemotts:profile:kazemotts_gradtts_hifigan:M1:neutral,ksc_derived_kk_v2_kazemotts,KSC text CC-BY-4.0; KazEmoTTS model CC-BY-4.0,Offline derivative for personal research from KSC transcript ksc_slr102:5f60a73b7225e; KazEmoTTS dataset and model CC-BY-4.0; upstream source archive used only for local inference; no voice cloning,ksc_derived_kk_v2_kazemotts:synthetic-voice:kazemotts_gradtts_hifigan:M1:neutral,ksc_slr102:5f60a73b7225e,596895c97e27d523a6339ed6edb05cbb14923f02088254c6e26f3cd12bff6b68,4.0055,gradtts_hifigan_emotional_tts,ISSAI KazEmoTTS Grad-TTS + HiFi-GAN,KazEmoTTS source-revision-0db250b2ebd95c0de7f8fb7ccba9fd65d4815115; checkpoints-2024-03-11,kazemotts_gradtts_hifigan:M1:neutral,not_applicable:pretrained-tts-no-local-voice-cloning,local_cuda_kazemotts_gradtts_hifigan,offline_neural_tts,22050,wav,none,tts_seed=1146443163,2026-08-10T00:00:00Z
ksc_derived_kk_v2_kazemotts:53ca0bcd26bca83f,processed/9a/9a7865bea56dbaa05aad1d1d98bb8be5932290a326a0b01d202e502b2ddd7f9b.wav,568e2b580e5608f60dfd7a91ffe9d8f990615161d0c63e08b768cc4a08213a34,test,spoof,kk,unknown,ksc_derived_kk_v2_kazemotts:profile:kazemotts_gradtts_hifigan:M1:sad,ksc_derived_kk_v2_kazemotts,KSC text CC-BY-4.0; KazEmoTTS model CC-BY-4.0,Offline derivative for personal research from KSC transcript ksc_slr102:5f5795dd5c074; KazEmoTTS dataset and model CC-BY-4.0; upstream source archive used only for local inference; no voice cloning,ksc_derived_kk_v2_kazemotts:synthetic-voice:kazemotts_gradtts_hifigan:M1:sad,ksc_slr102:5f5795dd5c074,b23eb09b79bfb4e3ee479b947f7d2edea09c48ef192f5f512fba1a4b49a24bf4,8.800375,gradtts_hifigan_emotional_tts,ISSAI KazEmoTTS Grad-TTS + HiFi-GAN,KazEmoTTS source-revision-0db250b2ebd95c0de7f8fb7ccba9fd65d4815115; checkpoints-2024-03-11,kazemotts_gradtts_hifigan:M1:sad,not_applicable:pretrained-tts-no-local-voice-cloning,local_cuda_kazemotts_gradtts_hifigan,offline_neural_tts,22050,wav,none,tts_seed=37150066,2026-08-10T00:00:00Z
ksc_derived_kk_v2_kazemotts:6337b651f2d44f65,processed/db/db7ef640188a7e38fcffcf6ee8bb1c600535cb71498f0fedad127c743213528c.wav,5cf542c5dd64ff39f6fa88e4c21aafea367a3a2f4a7cc9286a00deb47a550f0c,test,spoof,kk,unknown,ksc_derived_kk_v2_kazemotts:profile:kazemotts_gradtts_hifigan:F1:angry,ksc_derived_kk_v2_kazemotts,KSC text CC-BY-4.0; KazEmoTTS model CC-BY-4.0,Offline derivative for personal research from KSC transcript ksc_slr102:5f61e1308ebc1; KazEmoTTS dataset and model CC-BY-4.0; upstream source archive used only for local inference; no voice cloning,ksc_derived_kk_v2_kazemotts:synthetic-voice:kazemotts_gradtts_hifigan:F1:angry,ksc_slr102:5f61e1308ebc1,03628bb9fd8cc85334ee0d89eef6b69163a6d839cc2495b333f81951aa4e8d62,3.03025,gradtts_hifigan_emotional_tts,ISSAI KazEmoTTS Grad-TTS + HiFi-GAN,KazEmoTTS source-revision-0db250b2ebd95c0de7f8fb7ccba9fd65d4815115; checkpoints-2024-03-11,kazemotts_gradtts_hifigan:F1:angry,not_applicable:pretrained-tts-no-local-voice-cloning,local_cuda_kazemotts_gradtts_hifigan,offline_neural_tts,22050,wav,none,tts_seed=1259652296,2026-08-10T00:00:00Z
ksc_derived_kk_v2_kazemotts:17d6ba757fa4aa3f,processed/8c/8cfc6de1596baeb1eeee90226856c0a9d2589dcb0943e5610435357116bc4309.wav,87eb6d8a29c2b4ba742f682bf208fefb9d04e02f8206c618aaf33607df938a84,test,spoof,kk,unknown,ksc_derived_kk_v2_kazemotts:profile:kazemotts_gradtts_hifigan:F1:surprise,ksc_derived_kk_v2_kazemotts,KSC text CC-BY-4.0; KazEmoTTS model CC-BY-4.0,Offline derivative for personal research from KSC transcript ksc_slr102:5fa23a9b2d6ce; KazEmoTTS dataset and model CC-BY-4.0; upstream source archive used only for local inference; no voice cloning,ksc_derived_kk_v2_kazemotts:synthetic-voice:kazemotts_gradtts_hifigan:F1:surprise,ksc_slr102:5fa23a9b2d6ce,d62c657ceae0cc092c831359f391011174538db2a0e3ad9d64469ae9267f3216,7.662625,gradtts_hifigan_emotional_tts,ISSAI KazEmoTTS Grad-TTS + HiFi-GAN,KazEmoTTS source-revision-0db250b2ebd95c0de7f8fb7ccba9fd65d4815115; checkpoints-2024-03-11,kazemotts_gradtts_hifigan:F1:surprise,not_applicable:pretrained-tts-no-local-voice-cloning,local_cuda_kazemotts_gradtts_hifigan,offline_neural_tts,22050,wav,none,tts_seed=1487234662,2026-08-10T00:00:00Z
ksc_derived_kk_v2_kazemotts:87abf40284eb350c,processed/0a/0ad740510c63793611326e962a30eb94b9d40b29750ac0c0a1ff0efa0ccd7eba.wav,2062bdb944df33dd2f068837af529118655fc91ae64a6c088c3b0c871d007699,test,spoof,kk,unknown,ksc_derived_kk_v2_kazemotts:profile:kazemotts_gradtts_hifigan:F1:fear,ksc_derived_kk_v2_kazemotts,KSC text CC-BY-4.0; KazEmoTTS model CC-BY-4.0,Offline derivative for personal research from KSC transcript ksc_slr102:5f60e288eb4cc; KazEmoTTS dataset and model CC-BY-4.0; upstream source archive used only for local inference; no voice cloning,ksc_derived_kk_v2_kazemotts:synthetic-voice:kazemotts_gradtts_hifigan:F1:fear,ksc_slr102:5f60e288eb4cc,07d7a179d111b484e17ce863980502be10939f6f6d061e2f1841aa56a2cc878e,6.3623125,gradtts_hifigan_emotional_tts,ISSAI KazEmoTTS Grad-TTS + HiFi-GAN,KazEmoTTS source-revision-0db250b2ebd95c0de7f8fb7ccba9fd65d4815115; checkpoints-2024-03-11,kazemotts_gradtts_hifigan:F1:fear,not_applicable:pretrained-tts-no-local-voice-cloning,local_cuda_kazemotts_gradtts_hifigan,offline_neural_tts,22050,wav,none,tts_seed=2049642048,2026-08-10T00:00:00Z
ksc_derived_kk_v2_kazemotts:3cb2b51928d32a6d,processed/90/90d356d6de29832814c4e4ab7d5b6583215ece8723ced9733a1597d6e6caf477.wav,82b65da6e144c1ffe667a737cc3f955745761aaf439d6ee9943c6941ea2791bc,test,spoof,kk,unknown,ksc_derived_kk_v2_kazemotts:profile:kazemotts_gradtts_hifigan:F1:happy,ksc_derived_kk_v2_kazemotts,KSC text CC-BY-4.0; KazEmoTTS model CC-BY-4.0,Offline derivative for personal research from KSC transcript ksc_slr102:5f5792fea0b1b; KazEmoTTS dataset and model CC-BY-4.0; upstream source archive used only for local inference; no voice cloning,ksc_derived_kk_v2_kazemotts:synthetic-voice:kazemotts_gradtts_hifigan:F1:happy,ksc_slr102:5f5792fea0b1b,76732de5162d188d65efd110ad51d20f06b462f0acf4a37f761ec0e459ed658f,2.61225,gradtts_hifigan_emotional_tts,ISSAI KazEmoTTS Grad-TTS + HiFi-GAN,KazEmoTTS source-revision-0db250b2ebd95c0de7f8fb7ccba9fd65d4815115; checkpoints-2024-03-11,kazemotts_gradtts_hifigan:F1:happy,not_applicable:pretrained-tts-no-local-voice-cloning,local_cuda_kazemotts_gradtts_hifigan,offline_neural_tts,22050,wav,none,tts_seed=679559050,2026-08-10T00:00:00Z
ksc_derived_kk_v2_kazemotts:0b93c5bd4bb3b2c5,processed/c2/c213573057a28e202e0be5e37cb6677a1a5cff1ce7425c1bc6ee67398ce454df.wav,b099c8209fcbff7df05ddc632d3a511ee94cccd661c82804c94de49241e1e45f,test,spoof,kk,unknown,ksc_derived_kk_v2_kazemotts:profile:kazemotts_gradtts_hifigan:F1:neutral,ksc_derived_kk_v2_kazemotts,KSC text CC-BY-4.0; KazEmoTTS model CC-BY-4.0,Offline derivative for personal research from KSC transcript ksc_slr102:5f60fc822da6b; KazEmoTTS dataset and model CC-BY-4.0; upstream source archive used only for local inference; no voice cloning,ksc_derived_kk_v2_kazemotts:synthetic-voice:kazemotts_gradtts_hifigan:F1:neutral,ksc_slr102:5f60fc822da6b,467158171b902631e6080d3a2e93d00a399dd72fe9f8c4375225ad6d1a8e1d59,6.9195625,gradtts_hifigan_emotional_tts,ISSAI KazEmoTTS Grad-TTS + HiFi-GAN,KazEmoTTS source-revision-0db250b2ebd95c0de7f8fb7ccba9fd65d4815115; checkpoints-2024-03-11,kazemotts_gradtts_hifigan:F1:neutral,not_applicable:pretrained-tts-no-local-voice-cloning,local_cuda_kazemotts_gradtts_hifigan,offline_neural_tts,22050,wav,none,tts_seed=1830086797,2026-08-10T00:00:00Z
ksc_derived_kk_v2_kazemotts:224b0fe311f144d8,processed/33/337b8b9ee2e7ebd2196bbc72f536c0186fa626c8064348142bc38300a714b27a.wav,500ab45ec81f9a7c844d2724d474dd8dae188995911c7cb632df75eed1908348,test,spoof,kk,unknown,ksc_derived_kk_v2_kazemotts:profile:kazemotts_gradtts_hifigan:F1:sad,ksc_derived_kk_v2_kazemotts,KSC text CC-BY-4.0; KazEmoTTS model CC-BY-4.0,Offline derivative for personal research from KSC transcript ksc_slr102:5f579aa10c2d7; KazEmoTTS dataset and model CC-BY-4.0; upstream source archive used only for local inference; no voice cloning,ksc_derived_kk_v2_kazemotts:synthetic-voice:kazemotts_gradtts_hifigan:F1:sad,ksc_slr102:5f579aa10c2d7,7bb926a15248ff41299224b5827caa99c44fcaf47e27bfc34b70460f4c542bad,11.8770625,gradtts_hifigan_emotional_tts,ISSAI KazEmoTTS Grad-TTS + HiFi-GAN,KazEmoTTS source-revision-0db250b2ebd95c0de7f8fb7ccba9fd65d4815115; checkpoints-2024-03-11,kazemotts_gradtts_hifigan:F1:sad,not_applicable:pretrained-tts-no-local-voice-cloning,local_cuda_kazemotts_gradtts_hifigan,offline_neural_tts,22050,wav,none,tts_seed=1569999269,2026-08-10T00:00:00Z
ksc_derived_kk_v2_kazemotts:add5c3d7ea2f2f70,processed/f6/f6f1fa136844cededd5bbdb33e6691b774c92fa07dffc4fa9c29ea7a7fc4b3ec.wav,30ead66665b346c362d21ec6bc6917deadd03154386decc0dd314b7c6d4adb24,test,spoof,kk,unknown,ksc_derived_kk_v2_kazemotts:profile:kazemotts_gradtts_hifigan:M2:angry,ksc_derived_kk_v2_kazemotts,KSC text CC-BY-4.0; KazEmoTTS model CC-BY-4.0,Offline derivative for personal research from KSC transcript ksc_slr102:5f5a3a5638f7c; KazEmoTTS dataset and model CC-BY-4.0; upstream source archive used only for local inference; no voice cloning,ksc_derived_kk_v2_kazemotts:synthetic-voice:kazemotts_gradtts_hifigan:M2:angry,ksc_slr102:5f5a3a5638f7c,e724ccabff3c7e852e7b6fd2ea2904469a98afaed03be0606d2af2d217f02a64,2.647125,gradtts_hifigan_emotional_tts,ISSAI KazEmoTTS Grad-TTS + HiFi-GAN,KazEmoTTS source-revision-0db250b2ebd95c0de7f8fb7ccba9fd65d4815115; checkpoints-2024-03-11,kazemotts_gradtts_hifigan:M2:angry,not_applicable:pretrained-tts-no-local-voice-cloning,local_cuda_kazemotts_gradtts_hifigan,offline_neural_tts,22050,wav,none,tts_seed=869709671,2026-08-10T00:00:00Z
ksc_derived_kk_v2_kazemotts:ddee72eae52e955d,processed/29/2937dbb71c556b2be85abdb6e8855b46bfe212996ca847394367847d140de60a.wav,c7087f9ee54a6c477a1ec41ffd95b1fb3382e9e513cde516f1189ea3a83f2589,test,spoof,kk,unknown,ksc_derived_kk_v2_kazemotts:profile:kazemotts_gradtts_hifigan:M2:surprise,ksc_derived_kk_v2_kazemotts,KSC text CC-BY-4.0; KazEmoTTS model CC-BY-4.0,Offline derivative for personal research from KSC transcript ksc_slr102:5f2b076271d33; KazEmoTTS dataset and model CC-BY-4.0; upstream source archive used only for local inference; no voice cloning,ksc_derived_kk_v2_kazemotts:synthetic-voice:kazemotts_gradtts_hifigan:M2:surprise,ksc_slr102:5f2b076271d33,6dc47d78e02474f370f68d396d8861a93af260c5736b124198cb09d179943f92,3.204375,gradtts_hifigan_emotional_tts,ISSAI KazEmoTTS Grad-TTS + HiFi-GAN,KazEmoTTS source-revision-0db250b2ebd95c0de7f8fb7ccba9fd65d4815115; checkpoints-2024-03-11,kazemotts_gradtts_hifigan:M2:surprise,not_applicable:pretrained-tts-no-local-voice-cloning,local_cuda_kazemotts_gradtts_hifigan,offline_neural_tts,22050,wav,none,tts_seed=1200926983,2026-08-10T00:00:00Z
ksc_derived_kk_v2_kazemotts:91c1133f11759f85,processed/fb/fbc2812484a3b57df3affafe83394706a829e2791f20d9214ee625cbd43158d7.wav,683a2de5a534e8aef95b9138dd5906bc8cd741c290bd474a1db7cfc29d697e2a,test,spoof,kk,unknown,ksc_derived_kk_v2_kazemotts:profile:kazemotts_gradtts_hifigan:M2:fear,ksc_derived_kk_v2_kazemotts,KSC text CC-BY-4.0; KazEmoTTS model CC-BY-4.0,Offline derivative for personal research from KSC transcript ksc_slr102:5f60e884b2465; KazEmoTTS dataset and model CC-BY-4.0; upstream source archive used only for local inference; no voice cloning,ksc_derived_kk_v2_kazemotts:synthetic-voice:kazemotts_gradtts_hifigan:M2:fear,ksc_slr102:5f60e884b2465,ce6ba2a42f1aa8ffd608842b97db31054b69b05c39278fd4660de5710b88b3fa,6.6641875,gradtts_hifigan_emotional_tts,ISSAI KazEmoTTS Grad-TTS + HiFi-GAN,KazEmoTTS source-revision-0db250b2ebd95c0de7f8fb7ccba9fd65d4815115; checkpoints-2024-03-11,kazemotts_gradtts_hifigan:M2:fear,not_applicable:pretrained-tts-no-local-voice-cloning,local_cuda_kazemotts_gradtts_hifigan,offline_neural_tts,22050,wav,none,tts_seed=177641014,2026-08-10T00:00:00Z
ksc_derived_kk_v2_kazemotts:77fff4f8ee48fbe4,processed/ef/efbbc3e2b541060fd94f9ec023519b59c8937cbcf1d9f6e4dc1925cbeca958ea.wav,ab6fdb54bf0f58a619b20137b1da11b61221fe15c8d5d84286556cc8d6391fda,test,spoof,kk,unknown,ksc_derived_kk_v2_kazemotts:profile:kazemotts_gradtts_hifigan:M2:happy,ksc_derived_kk_v2_kazemotts,KSC text CC-BY-4.0; KazEmoTTS model CC-BY-4.0,Offline derivative for personal research from KSC transcript ksc_slr102:5f5a0d8632721; KazEmoTTS dataset and model CC-BY-4.0; upstream source archive used only for local inference; no voice cloning,ksc_derived_kk_v2_kazemotts:synthetic-voice:kazemotts_gradtts_hifigan:M2:happy,ksc_slr102:5f5a0d8632721,511697b9a000ac05a702b7ab9909f29f06a6ce140f889476d4dc8b20db802460,4.6324375,gradtts_hifigan_emotional_tts,ISSAI KazEmoTTS Grad-TTS + HiFi-GAN,KazEmoTTS source-revision-0db250b2ebd95c0de7f8fb7ccba9fd65d4815115; checkpoints-2024-03-11,kazemotts_gradtts_hifigan:M2:happy,not_applicable:pretrained-tts-no-local-voice-cloning,local_cuda_kazemotts_gradtts_hifigan,offline_neural_tts,22050,wav,none,tts_seed=1693414103,2026-08-10T00:00:00Z
ksc_derived_kk_v2_kazemotts:de3b3681bdc9115b,processed/71/71759043316fe45b3d724ca42745a28942247fc83bb545084b14118d9490d892.wav,c33f8db9bcc1efe40d3d0776cef8a89f1946c458a86aa704214fbfb5c5e51e85,test,spoof,kk,unknown,ksc_derived_kk_v2_kazemotts:profile:kazemotts_gradtts_hifigan:M2:neutral,ksc_derived_kk_v2_kazemotts,KSC text CC-BY-4.0; KazEmoTTS model CC-BY-4.0,Offline derivative for personal research from KSC transcript ksc_slr102:5f5a3a0703839; KazEmoTTS dataset and model CC-BY-4.0; upstream source archive used only for local inference; no voice cloning,ksc_derived_kk_v2_kazemotts:synthetic-voice:kazemotts_gradtts_hifigan:M2:neutral,ksc_slr102:5f5a3a0703839,c5f3e1ffee4c01af9370989417fb3a7f8d072ba69ffe6e9a4ea70a034d9b207e,3.5410625,gradtts_hifigan_emotional_tts,ISSAI KazEmoTTS Grad-TTS + HiFi-GAN,KazEmoTTS source-revision-0db250b2ebd95c0de7f8fb7ccba9fd65d4815115; checkpoints-2024-03-11,kazemotts_gradtts_hifigan:M2:neutral,not_applicable:pretrained-tts-no-local-voice-cloning,local_cuda_kazemotts_gradtts_hifigan,offline_neural_tts,22050,wav,none,tts_seed=577043846,2026-08-10T00:00:00Z
ksc_derived_kk_v2_kazemotts:a4fd0676855bc73d,processed/47/4760718910edef428550b704055727b27b161d670d9d62e803737423ed5bdcfb.wav,b10eeaa9700034b1a5df03873c852b0dca9e4bde1fd7146a27177944a2010d55,test,spoof,kk,unknown,ksc_derived_kk_v2_kazemotts:profile:kazemotts_gradtts_hifigan:M2:sad,ksc_derived_kk_v2_kazemotts,KSC text CC-BY-4.0; KazEmoTTS model CC-BY-4.0,Offline derivative for personal research from KSC transcript ksc_slr102:5f5f78d462034; KazEmoTTS dataset and model CC-BY-4.0; upstream source archive used only for local inference; no voice cloning,ksc_derived_kk_v2_kazemotts:synthetic-voice:kazemotts_gradtts_hifigan:M2:sad,ksc_slr102:5f5f78d462034,28aba7dfe1bcfeecad158ccc5b43763e208fb9a7b20a04c5c41c3d39860e0179,3.77325,gradtts_hifigan_emotional_tts,ISSAI KazEmoTTS Grad-TTS + HiFi-GAN,KazEmoTTS source-revision-0db250b2ebd95c0de7f8fb7ccba9fd65d4815115; checkpoints-2024-03-11,kazemotts_gradtts_hifigan:M2:sad,not_applicable:pretrained-tts-no-local-voice-cloning,local_cuda_kazemotts_gradtts_hifigan,offline_neural_tts,22050,wav,none,tts_seed=287134027,2026-08-10T00:00:00Z
ksc_derived_kk_v2_kazemotts:2301c8e22f8ae739,processed/9f/9fd3a4b32a63f4cd8669ab0224fffc68ddadb535163b50f02350e3418c8b7bb6.wav,0d616b03d74294c5652d14180b11d20c31c4f2c1a32ab799ac560b835dd44a6b,test,spoof,kk,unknown,ksc_derived_kk_v2_kazemotts:profile:kazemotts_gradtts_hifigan:M1:angry,ksc_derived_kk_v2_kazemotts,KSC text CC-BY-4.0; KazEmoTTS model CC-BY-4.0,Offline derivative for personal research from KSC transcript ksc_slr102:5f5fb360e5cdb; KazEmoTTS dataset and model CC-BY-4.0; upstream source archive used only for local inference; no voice cloning,ksc_derived_kk_v2_kazemotts:synthetic-voice:kazemotts_gradtts_hifigan:M1:angry,ksc_slr102:5f5fb360e5cdb,f040f6a04c8093c186d0ad46ac046b1acc6a52052c96453937f8985aef794ffe,3.5875,gradtts_hifigan_emotional_tts,ISSAI KazEmoTTS Grad-TTS + HiFi-GAN,KazEmoTTS source-revision-0db250b2ebd95c0de7f8fb7ccba9fd65d4815115; checkpoints-2024-03-11,kazemotts_gradtts_hifigan:M1:angry,not_applicable:pretrained-tts-no-local-voice-cloning,local_cuda_kazemotts_gradtts_hifigan,offline_neural_tts,22050,wav,none,tts_seed=1774810312,2026-08-10T00:00:00Z
ksc_derived_kk_v2_kazemotts:5f0ebe26f2250b54,processed/3e/3e8b202cbd513df17057328c0d8b93486bd138b1ad4f67ef3f6f71d70d563618.wav,35f9ea9e5a228e294603e43060a97cf5037e5115fde0a980431d4580310eba54,test,spoof,kk,unknown,ksc_derived_kk_v2_kazemotts:profile:kazemotts_gradtts_hifigan:M1:surprise,ksc_derived_kk_v2_kazemotts,KSC text CC-BY-4.0; KazEmoTTS model CC-BY-4.0,Offline derivative for personal research from KSC transcript ksc_slr102:5f6189886e573; KazEmoTTS dataset and model CC-BY-4.0; upstream source archive used only for local inference; no voice cloning,ksc_derived_kk_v2_kazemotts:synthetic-voice:kazemotts_gradtts_hifigan:M1:surprise,ksc_slr102:5f6189886e573,9777bf25e1b9f9da404cecef2da7b6eef66ca3326132dea84130498d5b669070,3.77325,gradtts_hifigan_emotional_tts,ISSAI KazEmoTTS Grad-TTS + HiFi-GAN,KazEmoTTS source-revision-0db250b2ebd95c0de7f8fb7ccba9fd65d4815115; checkpoints-2024-03-11,kazemotts_gradtts_hifigan:M1:surprise,not_applicable:pretrained-tts-no-local-voice-cloning,local_cuda_kazemotts_gradtts_hifigan,offline_neural_tts,22050,wav,none,tts_seed=2103397468,2026-08-10T00:00:00Z
ksc_derived_kk_v2_kazemotts:151c4cc4a04c831e,processed/8a/8a632718c7cd98e8ea5b3576445174d9fe9618b90af44651d9337bd2498aba14.wav,17d3e0e2612abf1dc279c5a93386718a4b2786f6d730d067b370b9cd3f9f986d,test,spoof,kk,unknown,ksc_derived_kk_v2_kazemotts:profile:kazemotts_gradtts_hifigan:M1:fear,ksc_derived_kk_v2_kazemotts,KSC text CC-BY-4.0; KazEmoTTS model CC-BY-4.0,Offline derivative for personal research from KSC transcript ksc_slr102:5f60e4406a369; KazEmoTTS dataset and model CC-BY-4.0; upstream source archive used only for local inference; no voice cloning,ksc_derived_kk_v2_kazemotts:synthetic-voice:kazemotts_gradtts_hifigan:M1:fear,ksc_slr102:5f60e4406a369,cda89fa4956c0b73fe56535c391028e36b7b5f0e2ed50404a78d50e38171d155,5.1665,gradtts_hifigan_emotional_tts,ISSAI KazEmoTTS Grad-TTS + HiFi-GAN,KazEmoTTS source-revision-0db250b2ebd95c0de7f8fb7ccba9fd65d4815115; checkpoints-2024-03-11,kazemotts_gradtts_hifigan:M1:fear,not_applicable:pretrained-tts-no-local-voice-cloning,local_cuda_kazemotts_gradtts_hifigan,offline_neural_tts,22050,wav,none,tts_seed=1231781268,2026-08-10T00:00:00Z
ksc_derived_kk_v2_kazemotts:403e6f6a8ff8933a,processed/40/406179664d9dd1b3652cc60e13b8f0ab365609c15abc166e6fefd6125085e4ce.wav,a1bc93ffcc5b4724f69e88c592b5057a17a796934c225e327caeb1d5008a8348,test,spoof,kk,unknown,ksc_derived_kk_v2_kazemotts:profile:kazemotts_gradtts_hifigan:M1:happy,ksc_derived_kk_v2_kazemotts,KSC text CC-BY-4.0; KazEmoTTS model CC-BY-4.0,Offline derivative for personal research from KSC transcript ksc_slr102:5f60b282077fc; KazEmoTTS dataset and model CC-BY-4.0; upstream source archive used only for local inference; no voice cloning,ksc_derived_kk_v2_kazemotts:synthetic-voice:kazemotts_gradtts_hifigan:M1:happy,ksc_slr102:5f60b282077fc,db5627fd6c39ad626aad9eb498a9a4aa432e796695311bb82ae62778147c34ae,2.9605,gradtts_hifigan_emotional_tts,ISSAI KazEmoTTS Grad-TTS + HiFi-GAN,KazEmoTTS source-revision-0db250b2ebd95c0de7f8fb7ccba9fd65d4815115; checkpoints-2024-03-11,kazemotts_gradtts_hifigan:M1:happy,not_applicable:pretrained-tts-no-local-voice-cloning,local_cuda_kazemotts_gradtts_hifigan,offline_neural_tts,22050,wav,none,tts_seed=545453319,2026-08-10T00:00:00Z
ksc_derived_kk_v2_kazemotts:ad47ec9e9165e2cf,processed/44/44dafd0e92ca69de44bb24e294aaadd7f8113bebc81df6677c1dc9fe16e9c333.wav,ed6af265ff95b2d65876cfffa92d2aa2156f4c2519bc7727ba3e56d22b76a0b2,test,spoof,kk,unknown,ksc_derived_kk_v2_kazemotts:profile:kazemotts_gradtts_hifigan:M1:neutral,ksc_derived_kk_v2_kazemotts,KSC text CC-BY-4.0; KazEmoTTS model CC-BY-4.0,Offline derivative for personal research from KSC transcript ksc_slr102:5f58dee251be7; KazEmoTTS dataset and model CC-BY-4.0; upstream source archive used only for local inference; no voice cloning,ksc_derived_kk_v2_kazemotts:synthetic-voice:kazemotts_gradtts_hifigan:M1:neutral,ksc_slr102:5f58dee251be7,e72e71743db8359287524a82dd22d9ed563c726fe04ae2b1678e5dd67eaccc39,6.5364375,gradtts_hifigan_emotional_tts,ISSAI KazEmoTTS Grad-TTS + HiFi-GAN,KazEmoTTS source-revision-0db250b2ebd95c0de7f8fb7ccba9fd65d4815115; checkpoints-2024-03-11,kazemotts_gradtts_hifigan:M1:neutral,not_applicable:pretrained-tts-no-local-voice-cloning,local_cuda_kazemotts_gradtts_hifigan,offline_neural_tts,22050,wav,none,tts_seed=1607933649,2026-08-10T00:00:00Z
ksc_derived_kk_v2_kazemotts:03ecc4eff02035d5,processed/6e/6e41969ffe0d3c993f9500fbd12a4c424013ef3bb31d4408fd2304c2518751f4.wav,c2aa919705fe594cc10a6078e35481e17fbe6f3adde7b44b7f96edb6323cd8d5,test,spoof,kk,unknown,ksc_derived_kk_v2_kazemotts:profile:kazemotts_gradtts_hifigan:M1:sad,ksc_derived_kk_v2_kazemotts,KSC text CC-BY-4.0; KazEmoTTS model CC-BY-4.0,Offline derivative for personal research from KSC transcript ksc_slr102:5f60c7170e363; KazEmoTTS dataset and model CC-BY-4.0; upstream source archive used only for local inference; no voice cloning,ksc_derived_kk_v2_kazemotts:synthetic-voice:kazemotts_gradtts_hifigan:M1:sad,ksc_slr102:5f60c7170e363,3d42518ee179d629e233ac8a9d2fb5ddfbf1bd1335636145025755d5182dd26b,8.2779375,gradtts_hifigan_emotional_tts,ISSAI KazEmoTTS Grad-TTS + HiFi-GAN,KazEmoTTS source-revision-0db250b2ebd95c0de7f8fb7ccba9fd65d4815115; checkpoints-2024-03-11,kazemotts_gradtts_hifigan:M1:sad,not_applicable:pretrained-tts-no-local-voice-cloning,local_cuda_kazemotts_gradtts_hifigan,offline_neural_tts,22050,wav,none,tts_seed=1022090536,2026-08-10T00:00:00Z
ksc_derived_kk_v2_kazemotts:add43861d6fea80f,processed/fd/fdec2a78950f29d98f14c279858e22c8c57c6b47d63a3db20e14ea53437b356e.wav,27be7faede0d2c555df464962b64688b1913c8725306f38851d3f6771c7011db,test,spoof,kk,unknown,ksc_derived_kk_v2_kazemotts:profile:kazemotts_gradtts_hifigan:F1:angry,ksc_derived_kk_v2_kazemotts,KSC text CC-BY-4.0; KazEmoTTS model CC-BY-4.0,Offline derivative for personal research from KSC transcript ksc_slr102:5f6055ef820c6; KazEmoTTS dataset and model CC-BY-4.0; upstream source archive used only for local inference; no voice cloning,ksc_derived_kk_v2_kazemotts:synthetic-voice:kazemotts_gradtts_hifigan:F1:angry,ksc_slr102:5f6055ef820c6,efdf33f36b8d787bcaa781d0e71c31e8aa9fad9d847c2b7e5177eff9ff216210,7.825125,gradtts_hifigan_emotional_tts,ISSAI KazEmoTTS Grad-TTS + HiFi-GAN,KazEmoTTS source-revision-0db250b2ebd95c0de7f8fb7ccba9fd65d4815115; checkpoints-2024-03-11,kazemotts_gradtts_hifigan:F1:angry,not_applicable:pretrained-tts-no-local-voice-cloning,local_cuda_kazemotts_gradtts_hifigan,offline_neural_tts,22050,wav,none,tts_seed=1765359244,2026-08-10T00:00:00Z
ksc_derived_kk_v2_kazemotts:b3f3f22a68b3758d,processed/fa/fa72aaaad05158c557824501801c0178e7fd749db45f58318ec66f3cf1b2bd87.wav,e8be46dd2a24038a1a7d7a506beae8d7d42f77346abac01378a379770a5dbe70,test,spoof,kk,unknown,ksc_derived_kk_v2_kazemotts:profile:kazemotts_gradtts_hifigan:F1:surprise,ksc_derived_kk_v2_kazemotts,KSC text CC-BY-4.0; KazEmoTTS model CC-BY-4.0,Offline derivative for personal research from KSC transcript ksc_slr102:5fa268cfbfff5; KazEmoTTS dataset and model CC-BY-4.0; upstream source archive used only for local inference; no voice cloning,ksc_derived_kk_v2_kazemotts:synthetic-voice:kazemotts_gradtts_hifigan:F1:surprise,ksc_slr102:5fa268cfbfff5,e2a684a8528dc06a3f39ce7249b580627e2b8d20b9c87deea6027e8e604b85a2,4.2725,gradtts_hifigan_emotional_tts,ISSAI KazEmoTTS Grad-TTS + HiFi-GAN,KazEmoTTS source-revision-0db250b2ebd95c0de7f8fb7ccba9fd65d4815115; checkpoints-2024-03-11,kazemotts_gradtts_hifigan:F1:surprise,not_applicable:pretrained-tts-no-local-voice-cloning,local_cuda_kazemotts_gradtts_hifigan,offline_neural_tts,22050,wav,none,tts_seed=2106750148,2026-08-10T00:00:00Z
ksc_derived_kk_v2_kazemotts:f5b2b6b82adbf4ae,processed/c8/c825361ecf1d972c46198c00c0c8d18c1d9ec1d0df0b76e68cdc72a83d5f1698.wav,140be0e35514c9ddceb3f8b3635807eb66420335b5e186e5eacf92c730e75c77,test,spoof,kk,unknown,ksc_derived_kk_v2_kazemotts:profile:kazemotts_gradtts_hifigan:F1:fear,ksc_derived_kk_v2_kazemotts,KSC text CC-BY-4.0; KazEmoTTS model CC-BY-4.0,Offline derivative for personal research from KSC transcript ksc_slr102:5f5687d0e1a3b; KazEmoTTS dataset and model CC-BY-4.0; upstream source archive used only for local inference; no voice cloning,ksc_derived_kk_v2_kazemotts:synthetic-voice:kazemotts_gradtts_hifigan:F1:fear,ksc_slr102:5f5687d0e1a3b,f7856500a08ec489dc8b6734fbd4c4222272239f0688c9fe27977e9b24b2d5d0,4.1448125,gradtts_hifigan_emotional_tts,ISSAI KazEmoTTS Grad-TTS + HiFi-GAN,KazEmoTTS source-revision-0db250b2ebd95c0de7f8fb7ccba9fd65d4815115; checkpoints-2024-03-11,kazemotts_gradtts_hifigan:F1:fear,not_applicable:pretrained-tts-no-local-voice-cloning,local_cuda_kazemotts_gradtts_hifigan,offline_neural_tts,22050,wav,none,tts_seed=1667951737,2026-08-10T00:00:00Z
ksc_derived_kk_v2_kazemotts:88c9d6540e586a50,processed/bc/bc63a4bdc796b11c3632c526ef5c2948abbb3998dfb56015687da7d08a2ec3f8.wav,10154dc1bbe3ab56f734eb256303eeacfe731abede38aba640a56f20aa4119a8,test,spoof,kk,unknown,ksc_derived_kk_v2_kazemotts:profile:kazemotts_gradtts_hifigan:F1:happy,ksc_derived_kk_v2_kazemotts,KSC text CC-BY-4.0; KazEmoTTS model CC-BY-4.0,Offline derivative for personal research from KSC transcript ksc_slr102:5f60fe07503ab; KazEmoTTS dataset and model CC-BY-4.0; upstream source archive used only for local inference; no voice cloning,ksc_derived_kk_v2_kazemotts:synthetic-voice:kazemotts_gradtts_hifigan:F1:happy,ksc_slr102:5f60fe07503ab,b7001698fd8524f8448891c283a6aa83d8d6cfb2be8d640763e13d790b5db903,5.8746875,gradtts_hifigan_emotional_tts,ISSAI KazEmoTTS Grad-TTS + HiFi-GAN,KazEmoTTS source-revision-0db250b2ebd95c0de7f8fb7ccba9fd65d4815115; checkpoints-2024-03-11,kazemotts_gradtts_hifigan:F1:happy,not_applicable:pretrained-tts-no-local-voice-cloning,local_cuda_kazemotts_gradtts_hifigan,offline_neural_tts,22050,wav,none,tts_seed=2001976536,2026-08-10T00:00:00Z
ksc_derived_kk_v2_kazemotts:7c022e59b3094b2d,processed/2f/2f4b35ef99644ae83abf39b1fa43b38edcdcb7b3f3804f404f07925d3e6cf738.wav,73efcff7d5abcf7c1d01d68a5ba6563f4d1c7f2c9f852737dc90ba01d5af39cd,test,spoof,kk,unknown,ksc_derived_kk_v2_kazemotts:profile:kazemotts_gradtts_hifigan:F1:neutral,ksc_derived_kk_v2_kazemotts,KSC text CC-BY-4.0; KazEmoTTS model CC-BY-4.0,Offline derivative for personal research from KSC transcript ksc_slr102:5f618abb25315; KazEmoTTS dataset and model CC-BY-4.0; upstream source archive used only for local inference; no voice cloning,ksc_derived_kk_v2_kazemotts:synthetic-voice:kazemotts_gradtts_hifigan:F1:neutral,ksc_slr102:5f618abb25315,9f46058501f5b301ed456a16eefc58e23975eff39baaa4d2ec37f0f162dadd4a,6.51325,gradtts_hifigan_emotional_tts,ISSAI KazEmoTTS Grad-TTS + HiFi-GAN,KazEmoTTS source-revision-0db250b2ebd95c0de7f8fb7ccba9fd65d4815115; checkpoints-2024-03-11,kazemotts_gradtts_hifigan:F1:neutral,not_applicable:pretrained-tts-no-local-voice-cloning,local_cuda_kazemotts_gradtts_hifigan,offline_neural_tts,22050,wav,none,tts_seed=2105786797,2026-08-10T00:00:00Z
ksc_derived_kk_v2_kazemotts:5051fd740691cd53,processed/bd/bdc0834d8ccead5d8aa595366ca0a8f98480e493711c709f0d2763216a64d95e.wav,7501983d106aca5cb47a29ec6ffd56a7298c68b18627677bfa2cf48dc84564f5,test,spoof,kk,unknown,ksc_derived_kk_v2_kazemotts:profile:kazemotts_gradtts_hifigan:F1:sad,ksc_derived_kk_v2_kazemotts,KSC text CC-BY-4.0; KazEmoTTS model CC-BY-4.0,Offline derivative for personal research from KSC transcript ksc_slr102:5f60af5d0cd8d; KazEmoTTS dataset and model CC-BY-4.0; upstream source archive used only for local inference; no voice cloning,ksc_derived_kk_v2_kazemotts:synthetic-voice:kazemotts_gradtts_hifigan:F1:sad,ksc_slr102:5f60af5d0cd8d,80143b49124680317ba8e3096520b7ed990f7c820d34dfcde4b1e81c3bf42eaa,4.5163125,gradtts_hifigan_emotional_tts,ISSAI KazEmoTTS Grad-TTS + HiFi-GAN,KazEmoTTS source-revision-0db250b2ebd95c0de7f8fb7ccba9fd65d4815115; checkpoints-2024-03-11,kazemotts_gradtts_hifigan:F1:sad,not_applicable:pretrained-tts-no-local-voice-cloning,local_cuda_kazemotts_gradtts_hifigan,offline_neural_tts,22050,wav,none,tts_seed=1161500638,2026-08-10T00:00:00Z
ksc_derived_kk_v2_kazemotts:262869eddc928e6c,processed/e3/e3d2a52a3de662e72108398e559fb9880609b5a47880a3a8bc549e4063cca3da.wav,9c47ed2c2c2a1918806cca65aeeb7b3126ca688f849b3dfcb68892f4984eac3d,test,spoof,kk,unknown,ksc_derived_kk_v2_kazemotts:profile:kazemotts_gradtts_hifigan:M2:angry,ksc_derived_kk_v2_kazemotts,KSC text CC-BY-4.0; KazEmoTTS model CC-BY-4.0,Offline derivative for personal research from KSC transcript ksc_slr102:5f61e4131a850; KazEmoTTS dataset and model CC-BY-4.0; upstream source archive used only for local inference; no voice cloning,ksc_derived_kk_v2_kazemotts:synthetic-voice:kazemotts_gradtts_hifigan:M2:angry,ksc_slr102:5f61e4131a850,336b7672fafa640e020abfca1f10ab8fce6ed5ba7d891844406b6576d89d5951,3.8196875,gradtts_hifigan_emotional_tts,ISSAI KazEmoTTS Grad-TTS + HiFi-GAN,KazEmoTTS source-revision-0db250b2ebd95c0de7f8fb7ccba9fd65d4815115; checkpoints-2024-03-11,kazemotts_gradtts_hifigan:M2:angry,not_applicable:pretrained-tts-no-local-voice-cloning,local_cuda_kazemotts_gradtts_hifigan,offline_neural_tts,22050,wav,none,tts_seed=900407732,2026-08-10T00:00:00Z
ksc_derived_kk_v2_kazemotts:ad248f338ec8dabe,processed/01/018d64a37e45b115035bdc9e83be82a2d29bf103f9ae33ebb817bde7ab489340.wav,b405b7324a0f3d37879463b6e2b870ec195c4f4bf1f1a8402ad90aa3594bba66,test,spoof,kk,unknown,ksc_derived_kk_v2_kazemotts:profile:kazemotts_gradtts_hifigan:M2:surprise,ksc_derived_kk_v2_kazemotts,KSC text CC-BY-4.0; KazEmoTTS model CC-BY-4.0,Offline derivative for personal research from KSC transcript ksc_slr102:5f60fec60b566; KazEmoTTS dataset and model CC-BY-4.0; upstream source archive used only for local inference; no voice cloning,ksc_derived_kk_v2_kazemotts:synthetic-voice:kazemotts_gradtts_hifigan:M2:surprise,ksc_slr102:5f60fec60b566,0699e45e7a14a79e2fec82dbaa5690985ad50c72bdaa33bcd568c58c23693245,7.2330625,gradtts_hifigan_emotional_tts,ISSAI KazEmoTTS Grad-TTS + HiFi-GAN,KazEmoTTS source-revision-0db250b2ebd95c0de7f8fb7ccba9fd65d4815115; checkpoints-2024-03-11,kazemotts_gradtts_hifigan:M2:surprise,not_applicable:pretrained-tts-no-local-voice-cloning,local_cuda_kazemotts_gradtts_hifigan,offline_neural_tts,22050,wav,none,tts_seed=2026828269,2026-08-10T00:00:00Z
ksc_derived_kk_v2_kazemotts:f9678126aacce75e,processed/74/741e838c3bba28c9a3624a5b95e5c6145277815063e83db25d63aae2d149875e.wav,deec2a160e99c081c0cb60b99a717d0e16968dcec851658be4a5991bf2ef57f7,test,spoof,kk,unknown,ksc_derived_kk_v2_kazemotts:profile:kazemotts_gradtts_hifigan:M2:fear,ksc_derived_kk_v2_kazemotts,KSC text CC-BY-4.0; KazEmoTTS model CC-BY-4.0,Offline derivative for personal research from KSC transcript ksc_slr102:5f58ff18b8000; KazEmoTTS dataset and model CC-BY-4.0; upstream source archive used only for local inference; no voice cloning,ksc_derived_kk_v2_kazemotts:synthetic-voice:kazemotts_gradtts_hifigan:M2:fear,ksc_slr102:5f58ff18b8000,e48a495a71bc03c3ed8003fe52c3b157e44dd510b8c4f50ec69b1ee66b8a2edb,4.2493125,gradtts_hifigan_emotional_tts,ISSAI KazEmoTTS Grad-TTS + HiFi-GAN,KazEmoTTS source-revision-0db250b2ebd95c0de7f8fb7ccba9fd65d4815115; checkpoints-2024-03-11,kazemotts_gradtts_hifigan:M2:fear,not_applicable:pretrained-tts-no-local-voice-cloning,local_cuda_kazemotts_gradtts_hifigan,offline_neural_tts,22050,wav,none,tts_seed=353736989,2026-08-10T00:00:00Z
ksc_derived_kk_v2_kazemotts:4db9e52203b455cf,processed/28/2827cdf2e2dfb3c0960e076b2362b1332541da7027a31c6c58d582f42b0d10c0.wav,999bb38382c2fe4bcb254019cc60063e350bc9f7609769313ad6b52dc1cd7073,test,spoof,kk,unknown,ksc_derived_kk_v2_kazemotts:profile:kazemotts_gradtts_hifigan:M2:happy,ksc_derived_kk_v2_kazemotts,KSC text CC-BY-4.0; KazEmoTTS model CC-BY-4.0,Offline derivative for personal research from KSC transcript ksc_slr102:5f568706bc38d; KazEmoTTS dataset and model CC-BY-4.0; upstream source archive used only for local inference; no voice cloning,ksc_derived_kk_v2_kazemotts:synthetic-voice:kazemotts_gradtts_hifigan:M2:happy,ksc_slr102:5f568706bc38d,5eaa8f31f756f6ee8acda31151a40be313be24b5a9a66bca23a4e83950d79801,5.236125,gradtts_hifigan_emotional_tts,ISSAI KazEmoTTS Grad-TTS + HiFi-GAN,KazEmoTTS source-revision-0db250b2ebd95c0de7f8fb7ccba9fd65d4815115; checkpoints-2024-03-11,kazemotts_gradtts_hifigan:M2:happy,not_applicable:pretrained-tts-no-local-voice-cloning,local_cuda_kazemotts_gradtts_hifigan,offline_neural_tts,22050,wav,none,tts_seed=1128202263,2026-08-10T00:00:00Z
ksc_derived_kk_v2_kazemotts:c7fb035351ddf166,processed/33/33f5a3adde9a01ec692e44fb4cb0f6189c16e424202dedb5e6f7d0e0a3aa4b13.wav,0f725e597d034e65a47f484050dfc502d4b88209c2807df2bffa89e6d6db0802,test,spoof,kk,unknown,ksc_derived_kk_v2_kazemotts:profile:kazemotts_gradtts_hifigan:M2:neutral,ksc_derived_kk_v2_kazemotts,KSC text CC-BY-4.0; KazEmoTTS model CC-BY-4.0,Offline derivative for personal research from KSC transcript ksc_slr102:5f59b7128009a; KazEmoTTS dataset and model CC-BY-4.0; upstream source archive used only for local inference; no voice cloning,ksc_derived_kk_v2_kazemotts:synthetic-voice:kazemotts_gradtts_hifigan:M2:neutral,ksc_slr102:5f59b7128009a,5b5d4ddb03373e7709056af6e03c5954d2deee7783bf170b6b027f9e950545a4,5.9675625,gradtts_hifigan_emotional_tts,ISSAI KazEmoTTS Grad-TTS + HiFi-GAN,KazEmoTTS source-revision-0db250b2ebd95c0de7f8fb7ccba9fd65d4815115; checkpoints-2024-03-11,kazemotts_gradtts_hifigan:M2:neutral,not_applicable:pretrained-tts-no-local-voice-cloning,local_cuda_kazemotts_gradtts_hifigan,offline_neural_tts,22050,wav,none,tts_seed=2017649613,2026-08-10T00:00:00Z
ksc_derived_kk_v2_kazemotts:93ad7c7e1c98adc9,processed/c7/c7aae16e1411b7d7bb8a06c05b6de8232c0036dc8696efd63246cbbbf4da8e83.wav,a03eedb2ec6322e45e6787b4f208ce8e5ab95f07b7089a371dbd7c52c1f2ea9c,test,spoof,kk,unknown,ksc_derived_kk_v2_kazemotts:profile:kazemotts_gradtts_hifigan:M2:sad,ksc_derived_kk_v2_kazemotts,KSC text CC-BY-4.0; KazEmoTTS model CC-BY-4.0,Offline derivative for personal research from KSC transcript ksc_slr102:5f5a0ebd7667c; KazEmoTTS dataset and model CC-BY-4.0; upstream source archive used only for local inference; no voice cloning,ksc_derived_kk_v2_kazemotts:synthetic-voice:kazemotts_gradtts_hifigan:M2:sad,ksc_slr102:5f5a0ebd7667c,e4e9345dab96b682e0ba56cb0e9866b5a231ec0bfc22188338e3a6ea3149fead,5.9095,gradtts_hifigan_emotional_tts,ISSAI KazEmoTTS Grad-TTS + HiFi-GAN,KazEmoTTS source-revision-0db250b2ebd95c0de7f8fb7ccba9fd65d4815115; checkpoints-2024-03-11,kazemotts_gradtts_hifigan:M2:sad,not_applicable:pretrained-tts-no-local-voice-cloning,local_cuda_kazemotts_gradtts_hifigan,offline_neural_tts,22050,wav,none,tts_seed=1200971074,2026-08-10T00:00:00Z
ksc_derived_kk_v2_kazemotts:a50382ec3e9261f9,processed/d3/d32d8a246a908ec670cbdece3e78c0fd2813317922b333a64935dcc14191c7ab.wav,7dea33e9fe139e8a912349463f7b9e22d1399e9453718a75da3656aba6846047,test,spoof,kk,unknown,ksc_derived_kk_v2_kazemotts:profile:kazemotts_gradtts_hifigan:M1:angry,ksc_derived_kk_v2_kazemotts,KSC text CC-BY-4.0; KazEmoTTS model CC-BY-4.0,Offline derivative for personal research from KSC transcript ksc_slr102:5f61eb2382871; KazEmoTTS dataset and model CC-BY-4.0; upstream source archive used only for local inference; no voice cloning,ksc_derived_kk_v2_kazemotts:synthetic-voice:kazemotts_gradtts_hifigan:M1:angry,ksc_slr102:5f61eb2382871,4b0d275c88566983118d66fbb419fca539ee18f0108cdf0c9dc5b5e53e7719a0,9.798875,gradtts_hifigan_emotional_tts,ISSAI KazEmoTTS Grad-TTS + HiFi-GAN,KazEmoTTS source-revision-0db250b2ebd95c0de7f8fb7ccba9fd65d4815115; checkpoints-2024-03-11,kazemotts_gradtts_hifigan:M1:angry,not_applicable:pretrained-tts-no-local-voice-cloning,local_cuda_kazemotts_gradtts_hifigan,offline_neural_tts,22050,wav,none,tts_seed=1952608280,2026-08-10T00:00:00Z
ksc_derived_kk_v2_kazemotts:01eb0712916a6274,processed/a3/a3db5c86367bbd61ba042158601d514ae1ffe0f712b832fb0f3c784ac3807908.wav,5e7180910e693d83cf2f7845e9c6f4dad913ab7ecfb8825d33652a86daf95b4b,test,spoof,kk,unknown,ksc_derived_kk_v2_kazemotts:profile:kazemotts_gradtts_hifigan:M1:fear,ksc_derived_kk_v2_kazemotts,KSC text CC-BY-4.0; KazEmoTTS model CC-BY-4.0,Offline derivative for personal research from KSC transcript ksc_slr102:5f5a0d0453bf1; KazEmoTTS dataset and model CC-BY-4.0; upstream source archive used only for local inference; no voice cloning,ksc_derived_kk_v2_kazemotts:synthetic-voice:kazemotts_gradtts_hifigan:M1:fear,ksc_slr102:5f5a0d0453bf1,00098d6e629af2e6ee8ba4f0ae044e7040700051ebf100ebb32804c5c1a81828,8.7539375,gradtts_hifigan_emotional_tts,ISSAI KazEmoTTS Grad-TTS + HiFi-GAN,KazEmoTTS source-revision-0db250b2ebd95c0de7f8fb7ccba9fd65d4815115; checkpoints-2024-03-11,kazemotts_gradtts_hifigan:M1:fear,not_applicable:pretrained-tts-no-local-voice-cloning,local_cuda_kazemotts_gradtts_hifigan,offline_neural_tts,22050,wav,none,tts_seed=1876101348,2026-08-10T00:00:00Z
ksc_derived_kk_v2_kazemotts:c594c7cea7a1bbbf,processed/9f/9ffd742cfc51b804cf715dfa0e7c52cdd7049c00f258f57d44ed526b49b59cbf.wav,cfd3b284d235b4d5e55c92777531a0cf9c0e9497093b4cbd1fa4f373b4aa2801,test,spoof,kk,unknown,ksc_derived_kk_v2_kazemotts:profile:kazemotts_gradtts_hifigan:M1:neutral,ksc_derived_kk_v2_kazemotts,KSC text CC-BY-4.0; KazEmoTTS model CC-BY-4.0,Offline derivative for personal research from KSC transcript ksc_slr102:5f60c4b6a2064; KazEmoTTS dataset and model CC-BY-4.0; upstream source archive used only for local inference; no voice cloning,ksc_derived_kk_v2_kazemotts:synthetic-voice:kazemotts_gradtts_hifigan:M1:neutral,ksc_slr102:5f60c4b6a2064,9ab3757be57931de7ce5b23103d1cc1923e6e99e87a58f5ad5edb089472686b5,4.644,gradtts_hifigan_emotional_tts,ISSAI KazEmoTTS Grad-TTS + HiFi-GAN,KazEmoTTS source-revision-0db250b2ebd95c0de7f8fb7ccba9fd65d4815115; checkpoints-2024-03-11,kazemotts_gradtts_hifigan:M1:neutral,not_applicable:pretrained-tts-no-local-voice-cloning,local_cuda_kazemotts_gradtts_hifigan,offline_neural_tts,22050,wav,none,tts_seed=1775222793,2026-08-10T00:00:00Z
ksc_derived_kk_v2_kazemotts:77d8e6b296d4a53d,processed/c7/c7157cec6b5d6cce02a6d95f72ec9f30159fd6cbf4db94ae2c3549e2ea8c1ff6.wav,d35faa73b3c1c68e23d8def003b26f24377ce4e956776003ca970a5c7b791e50,test,spoof,kk,unknown,ksc_derived_kk_v2_kazemotts:profile:kazemotts_gradtts_hifigan:M1:sad,ksc_derived_kk_v2_kazemotts,KSC text CC-BY-4.0; KazEmoTTS model CC-BY-4.0,Offline derivative for personal research from KSC transcript ksc_slr102:5f5880a99f91b; KazEmoTTS dataset and model CC-BY-4.0; upstream source archive used only for local inference; no voice cloning,ksc_derived_kk_v2_kazemotts:synthetic-voice:kazemotts_gradtts_hifigan:M1:sad,ksc_slr102:5f5880a99f91b,cf2768d7ef5dedb93a7b00f705ed37c26d60c14d398cf02e0e58a9e29e647ee9,5.747,gradtts_hifigan_emotional_tts,ISSAI KazEmoTTS Grad-TTS + HiFi-GAN,KazEmoTTS source-revision-0db250b2ebd95c0de7f8fb7ccba9fd65d4815115; checkpoints-2024-03-11,kazemotts_gradtts_hifigan:M1:sad,not_applicable:pretrained-tts-no-local-voice-cloning,local_cuda_kazemotts_gradtts_hifigan,offline_neural_tts,22050,wav,none,tts_seed=445242909,2026-08-10T00:00:00Z
ksc_derived_kk_v2_kazemotts:a4d53e8cc5d1440a,processed/be/be72b62e83779aa9bceb8583c5d09c5e0922e5247d41ce251bc6efa064ff9172.wav,47386091716f4a28fc6a0e5082d04d3401eb73875706544fe15470e177c0b6a1,test,spoof,kk,unknown,ksc_derived_kk_v2_kazemotts:profile:kazemotts_gradtts_hifigan:F1:angry,ksc_derived_kk_v2_kazemotts,KSC text CC-BY-4.0; KazEmoTTS model CC-BY-4.0,Offline derivative for personal research from KSC transcript ksc_slr102:5f58e1885a1e8; KazEmoTTS dataset and model CC-BY-4.0; upstream source archive used only for local inference; no voice cloning,ksc_derived_kk_v2_kazemotts:synthetic-voice:kazemotts_gradtts_hifigan:F1:angry,ksc_slr102:5f58e1885a1e8,fddb711d506cc126f875cae9bd7568e7867a5370cd91d057abdb9aa7360c58c7,2.647125,gradtts_hifigan_emotional_tts,ISSAI KazEmoTTS Grad-TTS + HiFi-GAN,KazEmoTTS source-revision-0db250b2ebd95c0de7f8fb7ccba9fd65d4815115; checkpoints-2024-03-11,kazemotts_gradtts_hifigan:F1:angry,not_applicable:pretrained-tts-no-local-voice-cloning,local_cuda_kazemotts_gradtts_hifigan,offline_neural_tts,22050,wav,none,tts_seed=407145934,2026-08-10T00:00:00Z
ksc_derived_kk_v2_kazemotts:932c4b98bd650a1b,processed/07/075519ac9371942e7d15915189a4e15e4c33a8e95beb75d8229576e5af052cbc.wav,a5c4d11c32d87c91157572d16c60eb2a9e582bb0beb525d6b53949959a97ece0,test,spoof,kk,unknown,ksc_derived_kk_v2_kazemotts:profile:kazemotts_gradtts_hifigan:F1:surprise,ksc_derived_kk_v2_kazemotts,KSC text CC-BY-4.0; KazEmoTTS model CC-BY-4.0,Offline derivative for personal research from KSC transcript ksc_slr102:5f6186c82bb98; KazEmoTTS dataset and model CC-BY-4.0; upstream source archive used only for local inference; no voice cloning,ksc_derived_kk_v2_kazemotts:synthetic-voice:kazemotts_gradtts_hifigan:F1:surprise,ksc_slr102:5f6186c82bb98,6534b03301fb4d23c4073166a25946653771a94ae9d3319ff644281aa8b4e72f,4.77175,gradtts_hifigan_emotional_tts,ISSAI KazEmoTTS Grad-TTS + HiFi-GAN,KazEmoTTS source-revision-0db250b2ebd95c0de7f8fb7ccba9fd65d4815115; checkpoints-2024-03-11,kazemotts_gradtts_hifigan:F1:surprise,not_applicable:pretrained-tts-no-local-voice-cloning,local_cuda_kazemotts_gradtts_hifigan,offline_neural_tts,22050,wav,none,tts_seed=417521134,2026-08-10T00:00:00Z
ksc_derived_kk_v2_kazemotts:21a010b5c1530cfb,processed/76/765a01a9d2501643a7175733896681a9435aa7445d7df0a9047e50580a87f84a.wav,75308c9a021d9f0492a4913d3657d5cad9fea4bb9d1cc93cb6208472b6f4eefe,test,spoof,kk,unknown,ksc_derived_kk_v2_kazemotts:profile:kazemotts_gradtts_hifigan:F1:fear,ksc_derived_kk_v2_kazemotts,KSC text CC-BY-4.0; KazEmoTTS model CC-BY-4.0,Offline derivative for personal research from KSC transcript ksc_slr102:5f62dc1fdf62c; KazEmoTTS dataset and model CC-BY-4.0; upstream source archive used only for local inference; no voice cloning,ksc_derived_kk_v2_kazemotts:synthetic-voice:kazemotts_gradtts_hifigan:F1:fear,ksc_slr102:5f62dc1fdf62c,4c999bc473a1ae2cf3830bd56ff698e45c2d57dd413af7b24af262b058ce69b4,6.5596875,gradtts_hifigan_emotional_tts,ISSAI KazEmoTTS Grad-TTS + HiFi-GAN,KazEmoTTS source-revision-0db250b2ebd95c0de7f8fb7ccba9fd65d4815115; checkpoints-2024-03-11,kazemotts_gradtts_hifigan:F1:fear,not_applicable:pretrained-tts-no-local-voice-cloning,local_cuda_kazemotts_gradtts_hifigan,offline_neural_tts,22050,wav,none,tts_seed=289369898,2026-08-10T00:00:00Z
ksc_derived_kk_v2_kazemotts:821404ace22eb4b1,processed/03/035b59e6ea0f774cd0737ea76d9e2fef7932cf378b81cf71fb8deac5bf7c0d40.wav,eef112dc2680314c3149e2c066e5b3b5a9dc394757046a94f30feb290b8f4432,test,spoof,kk,unknown,ksc_derived_kk_v2_kazemotts:profile:kazemotts_gradtts_hifigan:F1:happy,ksc_derived_kk_v2_kazemotts,KSC text CC-BY-4.0; KazEmoTTS model CC-BY-4.0,Offline derivative for personal research from KSC transcript ksc_slr102:5f618690ea6aa; KazEmoTTS dataset and model CC-BY-4.0; upstream source archive used only for local inference; no voice cloning,ksc_derived_kk_v2_kazemotts:synthetic-voice:kazemotts_gradtts_hifigan:F1:happy,ksc_slr102:5f618690ea6aa,988a3043ff2d7d3b73675ec8912c991e01aaa67736b309bffe7845468531f63e,3.285625,gradtts_hifigan_emotional_tts,ISSAI KazEmoTTS Grad-TTS + HiFi-GAN,KazEmoTTS source-revision-0db250b2ebd95c0de7f8fb7ccba9fd65d4815115; checkpoints-2024-03-11,kazemotts_gradtts_hifigan:F1:happy,not_applicable:pretrained-tts-no-local-voice-cloning,local_cuda_kazemotts_gradtts_hifigan,offline_neural_tts,22050,wav,none,tts_seed=1351979351,2026-08-10T00:00:00Z
ksc_derived_kk_v2_kazemotts:59e21507ae34b229,processed/6a/6a8ecbbd7c7562b72e7f35f76e41dd5c35cde038b2dad62db0557eeadd09d814.wav,f940f5280e7bf9f73ffb4d78ad1f80e35ece61fc7ef91792d814d0aaefcdf86b,test,spoof,kk,unknown,ksc_derived_kk_v2_kazemotts:profile:kazemotts_gradtts_hifigan:F1:neutral,ksc_derived_kk_v2_kazemotts,KSC text CC-BY-4.0; KazEmoTTS model CC-BY-4.0,Offline derivative for personal research from KSC transcript ksc_slr102:5f60b42807832; KazEmoTTS dataset and model CC-BY-4.0; upstream source archive used only for local inference; no voice cloning,ksc_derived_kk_v2_kazemotts:synthetic-voice:kazemotts_gradtts_hifigan:F1:neutral,ksc_slr102:5f60b42807832,73f7ee2cd82414fae29d0f784a1812026d235e93c3ccc577f213f7eeeaa434f5,3.61075,gradtts_hifigan_emotional_tts,ISSAI KazEmoTTS Grad-TTS + HiFi-GAN,KazEmoTTS source-revision-0db250b2ebd95c0de7f8fb7ccba9fd65d4815115; checkpoints-2024-03-11,kazemotts_gradtts_hifigan:F1:neutral,not_applicable:pretrained-tts-no-local-voice-cloning,local_cuda_kazemotts_gradtts_hifigan,offline_neural_tts,22050,wav,none,tts_seed=791732138,2026-08-10T00:00:00Z
ksc_derived_kk_v2_kazemotts:099b1ce56281ddaa,processed/af/af742eb011305d7e6785bfcd67bf20cac84a5942dda1661e018197b01049ce5a.wav,9db6565863b4227da26c7999be50ca389952e5e08a45879468aa06c9a3fa6a24,test,spoof,kk,unknown,ksc_derived_kk_v2_kazemotts:profile:kazemotts_gradtts_hifigan:F1:sad,ksc_derived_kk_v2_kazemotts,KSC text CC-BY-4.0; KazEmoTTS model CC-BY-4.0,Offline derivative for personal research from KSC transcript ksc_slr102:5f2b08905750e; KazEmoTTS dataset and model CC-BY-4.0; upstream source archive used only for local inference; no voice cloning,ksc_derived_kk_v2_kazemotts:synthetic-voice:kazemotts_gradtts_hifigan:F1:sad,ksc_slr102:5f2b08905750e,e416a05f4361e9350e99d3263cf016c208eb158931788472d824c0cfac3a88d1,9.694375,gradtts_hifigan_emotional_tts,ISSAI KazEmoTTS Grad-TTS + HiFi-GAN,KazEmoTTS source-revision-0db250b2ebd95c0de7f8fb7ccba9fd65d4815115; checkpoints-2024-03-11,kazemotts_gradtts_hifigan:F1:sad,not_applicable:pretrained-tts-no-local-voice-cloning,local_cuda_kazemotts_gradtts_hifigan,offline_neural_tts,22050,wav,none,tts_seed=1189996347,2026-08-10T00:00:00Z
ksc_derived_kk_v2_kazemotts:5bc2a04e7cad6cb0,processed/c3/c32d386d116c200aaf8031ec43e1100ce70069718492feb55fb8684d6d4e942e.wav,c84f85a27d3cc4b435101a29ab6e0fe3d152a120e3cc59f51f611f0f4e7c994e,test,spoof,kk,unknown,ksc_derived_kk_v2_kazemotts:profile:kazemotts_gradtts_hifigan:M2:angry,ksc_derived_kk_v2_kazemotts,KSC text CC-BY-4.0; KazEmoTTS model CC-BY-4.0,Offline derivative for personal research from KSC transcript ksc_slr102:5f6196057b8f3; KazEmoTTS dataset and model CC-BY-4.0; upstream source archive used only for local inference; no voice cloning,ksc_derived_kk_v2_kazemotts:synthetic-voice:kazemotts_gradtts_hifigan:M2:angry,ksc_slr102:5f6196057b8f3,960106186ac568fae0727bff1e2c5834d576d6a0f8436a2740f0ef9e393f5c56,13.06125,gradtts_hifigan_emotional_tts,ISSAI KazEmoTTS Grad-TTS + HiFi-GAN,KazEmoTTS source-revision-0db250b2ebd95c0de7f8fb7ccba9fd65d4815115; checkpoints-2024-03-11,kazemotts_gradtts_hifigan:M2:angry,not_applicable:pretrained-tts-no-local-voice-cloning,local_cuda_kazemotts_gradtts_hifigan,offline_neural_tts,22050,wav,none,tts_seed=2072313109,2026-08-10T00:00:00Z
ksc_derived_kk_v2_kazemotts:85f48a4db4022cb1,processed/40/4028b16824c6ffe58d16509970b2476391d3db07aa6d3e024239e4a821a2baa1.wav,a56bb1268395e1464eafe9219c9059c98c50c92bf03e5084475741d7c2b3ba44,test,spoof,kk,unknown,ksc_derived_kk_v2_kazemotts:profile:kazemotts_gradtts_hifigan:M2:surprise,ksc_derived_kk_v2_kazemotts,KSC text CC-BY-4.0; KazEmoTTS model CC-BY-4.0,Offline derivative for personal research from KSC transcript ksc_slr102:5f6188d2c9bc0; KazEmoTTS dataset and model CC-BY-4.0; upstream source archive used only for local inference; no voice cloning,ksc_derived_kk_v2_kazemotts:synthetic-voice:kazemotts_gradtts_hifigan:M2:surprise,ksc_slr102:5f6188d2c9bc0,b0e854456958216b8a596fae18d0b8e17f1f68c5bfa7c8752fbddea5fc85ba06,4.156375,gradtts_hifigan_emotional_tts,ISSAI KazEmoTTS Grad-TTS + HiFi-GAN,KazEmoTTS source-revision-0db250b2ebd95c0de7f8fb7ccba9fd65d4815115; checkpoints-2024-03-11,kazemotts_gradtts_hifigan:M2:surprise,not_applicable:pretrained-tts-no-local-voice-cloning,local_cuda_kazemotts_gradtts_hifigan,offline_neural_tts,22050,wav,none,tts_seed=1505498423,2026-08-10T00:00:00Z
ksc_derived_kk_v2_kazemotts:9d97ce55348cba00,processed/a6/a640f483be774b8416ec742bc8cb72cadc45802fa7b887bf5a75c85fcf7020a0.wav,6d5fbdc9342f285cee2976ede9ea89842d31fca0038522685d49360195cfeb52,test,spoof,kk,unknown,ksc_derived_kk_v2_kazemotts:profile:kazemotts_gradtts_hifigan:M2:fear,ksc_derived_kk_v2_kazemotts,KSC text CC-BY-4.0; KazEmoTTS model CC-BY-4.0,Offline derivative for personal research from KSC transcript ksc_slr102:5f579b6945791; KazEmoTTS dataset and model CC-BY-4.0; upstream source archive used only for local inference; no voice cloning,ksc_derived_kk_v2_kazemotts:synthetic-voice:kazemotts_gradtts_hifigan:M2:fear,ksc_slr102:5f579b6945791,dc2e1e55bc280bb8891cae4159cbbce188589324acb9b76d851e7e41d5add3b2,7.8019375,gradtts_hifigan_emotional_tts,ISSAI KazEmoTTS Grad-TTS + HiFi-GAN,KazEmoTTS source-revision-0db250b2ebd95c0de7f8fb7ccba9fd65d4815115; checkpoints-2024-03-11,kazemotts_gradtts_hifigan:M2:fear,not_applicable:pretrained-tts-no-local-voice-cloning,local_cuda_kazemotts_gradtts_hifigan,offline_neural_tts,22050,wav,none,tts_seed=669825279,2026-08-10T00:00:00Z
ksc_derived_kk_v2_kazemotts:44b8eba0b59c53a0,processed/0c/0c36ff930ab4c3438c8afcf8f81f03e364256a5282658447a4b5f1832bd31e92.wav,cedf5bec61afa358c26b519e1a91a03a3a785dc6ae2dde5dee69c57dd515081e,test,spoof,kk,unknown,ksc_derived_kk_v2_kazemotts:profile:kazemotts_gradtts_hifigan:M2:happy,ksc_derived_kk_v2_kazemotts,KSC text CC-BY-4.0; KazEmoTTS model CC-BY-4.0,Offline derivative for personal research from KSC transcript ksc_slr102:5f5e44899f14e; KazEmoTTS dataset and model CC-BY-4.0; upstream source archive used only for local inference; no voice cloning,ksc_derived_kk_v2_kazemotts:synthetic-voice:kazemotts_gradtts_hifigan:M2:happy,ksc_slr102:5f5e44899f14e,d41aee063da9fdfc553c14636cff9de0484d2c54c5b78ae1bae85d2fd68c6a38,6.768625,gradtts_hifigan_emotional_tts,ISSAI KazEmoTTS Grad-TTS + HiFi-GAN,KazEmoTTS source-revision-0db250b2ebd95c0de7f8fb7ccba9fd65d4815115; checkpoints-2024-03-11,kazemotts_gradtts_hifigan:M2:happy,not_applicable:pretrained-tts-no-local-voice-cloning,local_cuda_kazemotts_gradtts_hifigan,offline_neural_tts,22050,wav,none,tts_seed=936821251,2026-08-10T00:00:00Z
ksc_derived_kk_v2_kazemotts:b31f481786d1c802,processed/3e/3e4e949c0b09077d5f855bc1483e2aa29b0aaead44d14a9d2c6fd29b94e7b8e4.wav,3099467920b5686e96439514c1b238e23fc50f4bd52aeff59acf88e34fd6405a,test,spoof,kk,unknown,ksc_derived_kk_v2_kazemotts:profile:kazemotts_gradtts_hifigan:M2:neutral,ksc_derived_kk_v2_kazemotts,KSC text CC-BY-4.0; KazEmoTTS model CC-BY-4.0,Offline derivative for personal research from KSC transcript ksc_slr102:5f56874b47b6b; KazEmoTTS dataset and model CC-BY-4.0; upstream source archive used only for local inference; no voice cloning,ksc_derived_kk_v2_kazemotts:synthetic-voice:kazemotts_gradtts_hifigan:M2:neutral,ksc_slr102:5f56874b47b6b,03456f21b763978b8d4e72a7f7a27fb3754b16b14661e32f64e2b0f8b0a29551,4.93425,gradtts_hifigan_emotional_tts,ISSAI KazEmoTTS Grad-TTS + HiFi-GAN,KazEmoTTS source-revision-0db250b2ebd95c0de7f8fb7ccba9fd65d4815115; checkpoints-2024-03-11,kazemotts_gradtts_hifigan:M2:neutral,not_applicable:pretrained-tts-no-local-voice-cloning,local_cuda_kazemotts_gradtts_hifigan,offline_neural_tts,22050,wav,none,tts_seed=206001293,2026-08-10T00:00:00Z
ksc_derived_kk_v2_kazemotts:515625071e6306a0,processed/06/06c915eeb703b32571755f12432cd50486cbb67882e3c6b4b45602da9f5d879c.wav,18f88d8dcb3b08ef42cb8fe5b8593087f3dc4809f007b86c17eab21695f272d2,test,spoof,kk,unknown,ksc_derived_kk_v2_kazemotts:profile:kazemotts_gradtts_hifigan:M2:sad,ksc_derived_kk_v2_kazemotts,KSC text CC-BY-4.0; KazEmoTTS model CC-BY-4.0,Offline derivative for personal research from KSC transcript ksc_slr102:5f59ee6400c94; KazEmoTTS dataset and model CC-BY-4.0; upstream source archive used only for local inference; no voice cloning,ksc_derived_kk_v2_kazemotts:synthetic-voice:kazemotts_gradtts_hifigan:M2:sad,ksc_slr102:5f59ee6400c94,c22b0d5705463bf83db2ca10ea62ed74c4dfd29e614096c6056b90ebc79589ac,3.9241875,gradtts_hifigan_emotional_tts,ISSAI KazEmoTTS Grad-TTS + HiFi-GAN,KazEmoTTS source-revision-0db250b2ebd95c0de7f8fb7ccba9fd65d4815115; checkpoints-2024-03-11,kazemotts_gradtts_hifigan:M2:sad,not_applicable:pretrained-tts-no-local-voice-cloning,local_cuda_kazemotts_gradtts_hifigan,offline_neural_tts,22050,wav,none,tts_seed=1746950798,2026-08-10T00:00:00Z
ksc_derived_kk_v2_kazemotts:db922a1858bd2e4d,processed/05/05b5549e22479c4d1867c77ce95a6d614703852e74db0633886bfab35b2f7e61.wav,f1625dca82c07bb587d969a3f93156e6fcb441eab69881a9e6cc824a350bf278,test,spoof,kk,unknown,ksc_derived_kk_v2_kazemotts:profile:kazemotts_gradtts_hifigan:M1:angry,ksc_derived_kk_v2_kazemotts,KSC text CC-BY-4.0; KazEmoTTS model CC-BY-4.0,Offline derivative for personal research from KSC transcript ksc_slr102:5f5f83c80fac2; KazEmoTTS dataset and model CC-BY-4.0; upstream source archive used only for local inference; no voice cloning,ksc_derived_kk_v2_kazemotts:synthetic-voice:kazemotts_gradtts_hifigan:M1:angry,ksc_slr102:5f5f83c80fac2,8afe8e5d9e1c1e316d01604bbcc7450aff54a4d5d8614d32ba1d7c3142e6adc9,3.25075,gradtts_hifigan_emotional_tts,ISSAI KazEmoTTS Grad-TTS + HiFi-GAN,KazEmoTTS source-revision-0db250b2ebd95c0de7f8fb7ccba9fd65d4815115; checkpoints-2024-03-11,kazemotts_gradtts_hifigan:M1:angry,not_applicable:pretrained-tts-no-local-voice-cloning,local_cuda_kazemotts_gradtts_hifigan,offline_neural_tts,22050,wav,none,tts_seed=1467389173,2026-08-10T00:00:00Z
ksc_derived_kk_v2_kazemotts:1ffcf50adf211882,processed/65/650c83cd5dd6829b7cc728212ba4b1e748ebf4cdd590319193b66ce1cbe10fcf.wav,463d8ab8e0e09faaf052b4c2c6da1416a4eac80114a2e004a60a4c2134b4930b,test,spoof,kk,unknown,ksc_derived_kk_v2_kazemotts:profile:kazemotts_gradtts_hifigan:M1:surprise,ksc_derived_kk_v2_kazemotts,KSC text CC-BY-4.0; KazEmoTTS model CC-BY-4.0,Offline derivative for personal research from KSC transcript ksc_slr102:5f61872ddacd7; KazEmoTTS dataset and model CC-BY-4.0; upstream source archive used only for local inference; no voice cloning,ksc_derived_kk_v2_kazemotts:synthetic-voice:kazemotts_gradtts_hifigan:M1:surprise,ksc_slr102:5f61872ddacd7,ce40b30a8d4d0b30b1125f3139bb019a4f5bcd8fe9b4ade3409b6f73e6cd16ad,13.0264375,gradtts_hifigan_emotional_tts,ISSAI KazEmoTTS Grad-TTS + HiFi-GAN,KazEmoTTS source-revision-0db250b2ebd95c0de7f8fb7ccba9fd65d4815115; checkpoints-2024-03-11,kazemotts_gradtts_hifigan:M1:surprise,not_applicable:pretrained-tts-no-local-voice-cloning,local_cuda_kazemotts_gradtts_hifigan,offline_neural_tts,22050,wav,none,tts_seed=784183023,2026-08-10T00:00:00Z
ksc_derived_kk_v2_kazemotts:ef43648ede143ed7,processed/cd/cdaf5a2ba02739d975820f5eedf3129fe98e433b117833d1523c81939dd1b934.wav,aa7982e90d874e7b9e27d1764bdc3f4c7545d3cdae8855118ce95f7d54128115,test,spoof,kk,unknown,ksc_derived_kk_v2_kazemotts:profile:kazemotts_gradtts_hifigan:M1:fear,ksc_derived_kk_v2_kazemotts,KSC text CC-BY-4.0; KazEmoTTS model CC-BY-4.0,Offline derivative for personal research from KSC transcript ksc_slr102:5f61dff71f2e1; KazEmoTTS dataset and model CC-BY-4.0; upstream source archive used only for local inference; no voice cloning,ksc_derived_kk_v2_kazemotts:synthetic-voice:kazemotts_gradtts_hifigan:M1:fear,ksc_slr102:5f61dff71f2e1,f628daacf7c76fadecb9426a8361b1564730ea27a4520e55cf9785fab8f1fc57,9.47375,gradtts_hifigan_emotional_tts,ISSAI KazEmoTTS Grad-TTS + HiFi-GAN,KazEmoTTS source-revision-0db250b2ebd95c0de7f8fb7ccba9fd65d4815115; checkpoints-2024-03-11,kazemotts_gradtts_hifigan:M1:fear,not_applicable:pretrained-tts-no-local-voice-cloning,local_cuda_kazemotts_gradtts_hifigan,offline_neural_tts,22050,wav,none,tts_seed=189554505,2026-08-10T00:00:00Z
ksc_derived_kk_v2_kazemotts:7580c7d644c27c6e,processed/f2/f2282081e6fc9419e0e5c716408cd7f7592c30b28610ddcd84d2365c51089bd7.wav,c3deaabab1e4e12f05aea92822b8988192cff31f852c5803cfd9880a55c04182,test,spoof,kk,unknown,ksc_derived_kk_v2_kazemotts:profile:kazemotts_gradtts_hifigan:M1:happy,ksc_derived_kk_v2_kazemotts,KSC text CC-BY-4.0; KazEmoTTS model CC-BY-4.0,Offline derivative for personal research from KSC transcript ksc_slr102:5f60968e2b4f1; KazEmoTTS dataset and model CC-BY-4.0; upstream source archive used only for local inference; no voice cloning,ksc_derived_kk_v2_kazemotts:synthetic-voice:kazemotts_gradtts_hifigan:M1:happy,ksc_slr102:5f60968e2b4f1,e5bc6d7e43a17410d28e6bcd831993645e2c458d77b9bd79ef3eff995db170d8,8.89325,gradtts_hifigan_emotional_tts,ISSAI KazEmoTTS Grad-TTS + HiFi-GAN,KazEmoTTS source-revision-0db250b2ebd95c0de7f8fb7ccba9fd65d4815115; checkpoints-2024-03-11,kazemotts_gradtts_hifigan:M1:happy,not_applicable:pretrained-tts-no-local-voice-cloning,local_cuda_kazemotts_gradtts_hifigan,offline_neural_tts,22050,wav,none,tts_seed=1294152820,2026-08-10T00:00:00Z
ksc_derived_kk_v2_kazemotts:6ba900d5e606fc31,processed/e7/e74ffa6d2a436e4e66ba71ec2e1e63c58a4ff5ede7d670797a5638a1d36bae58.wav,91b65d2d1e26f1d0896f1a890f68ef0a7f1d547f580edf917fbde8e0905ee7ff,test,spoof,kk,unknown,ksc_derived_kk_v2_kazemotts:profile:kazemotts_gradtts_hifigan:M1:neutral,ksc_derived_kk_v2_kazemotts,KSC text CC-BY-4.0; KazEmoTTS model CC-BY-4.0,Offline derivative for personal research from KSC transcript ksc_slr102:5f6056ad47f87; KazEmoTTS dataset and model CC-BY-4.0; upstream source archive used only for local inference; no voice cloning,ksc_derived_kk_v2_kazemotts:synthetic-voice:kazemotts_gradtts_hifigan:M1:neutral,ksc_slr102:5f6056ad47f87,192c22d6b7ea1856d88f9918fd933cb1f672a35fd5b7251a2e9b95f6697882b1,4.3073125,gradtts_hifigan_emotional_tts,ISSAI KazEmoTTS Grad-TTS + HiFi-GAN,KazEmoTTS source-revision-0db250b2ebd95c0de7f8fb7ccba9fd65d4815115; checkpoints-2024-03-11,kazemotts_gradtts_hifigan:M1:neutral,not_applicable:pretrained-tts-no-local-voice-cloning,local_cuda_kazemotts_gradtts_hifigan,offline_neural_tts,22050,wav,none,tts_seed=381726188,2026-08-10T00:00:00Z
ksc_derived_kk_v2_kazemotts:fc4fc3f72c5583f9,processed/fe/fea8cb7c323134027a6af97894c3dff2a50135805805e2a8fed8dd81c724078c.wav,cbd3d16f276399541895968beffa7f96b80a9820d52018e8610717d44acdf12b,test,spoof,kk,unknown,ksc_derived_kk_v2_kazemotts:profile:kazemotts_gradtts_hifigan:M1:sad,ksc_derived_kk_v2_kazemotts,KSC text CC-BY-4.0; KazEmoTTS model CC-BY-4.0,Offline derivative for personal research from KSC transcript ksc_slr102:5fa4cc61116f5; KazEmoTTS dataset and model CC-BY-4.0; upstream source archive used only for local inference; no voice cloning,ksc_derived_kk_v2_kazemotts:synthetic-voice:kazemotts_gradtts_hifigan:M1:sad,ksc_slr102:5fa4cc61116f5,ee31f723956175ce311cc7159ab8504342d43dccbdc1fdbd2522597cf4556478,3.7616875,gradtts_hifigan_emotional_tts,ISSAI KazEmoTTS Grad-TTS + HiFi-GAN,KazEmoTTS source-revision-0db250b2ebd95c0de7f8fb7ccba9fd65d4815115; checkpoints-2024-03-11,kazemotts_gradtts_hifigan:M1:sad,not_applicable:pretrained-tts-no-local-voice-cloning,local_cuda_kazemotts_gradtts_hifigan,offline_neural_tts,22050,wav,none,tts_seed=1557497658,2026-08-10T00:00:00Z
ksc_derived_kk_v2_kazemotts:004b1a63768755fd,processed/16/16c7dbabcb328435202fc997f9819aaef406f678eb0751d2af7d9a1d42718874.wav,86fd6e0b8a3633ca1b57d5fc99d9f19be7ccf23f1f244975a1e4c99ce0a413f7,test,spoof,kk,unknown,ksc_derived_kk_v2_kazemotts:profile:kazemotts_gradtts_hifigan:F1:angry,ksc_derived_kk_v2_kazemotts,KSC text CC-BY-4.0; KazEmoTTS model CC-BY-4.0,Offline derivative for personal research from KSC transcript ksc_slr102:5f9fb8a330361; KazEmoTTS dataset and model CC-BY-4.0; upstream source archive used only for local inference; no voice cloning,ksc_derived_kk_v2_kazemotts:synthetic-voice:kazemotts_gradtts_hifigan:F1:angry,ksc_slr102:5f9fb8a330361,00e9b220174f70e7ba005c7ea79d2e5a2b76de8b694072bb7b918a2698d4e8a5,5.24775,gradtts_hifigan_emotional_tts,ISSAI KazEmoTTS Grad-TTS + HiFi-GAN,KazEmoTTS source-revision-0db250b2ebd95c0de7f8fb7ccba9fd65d4815115; checkpoints-2024-03-11,kazemotts_gradtts_hifigan:F1:angry,not_applicable:pretrained-tts-no-local-voice-cloning,local_cuda_kazemotts_gradtts_hifigan,offline_neural_tts,22050,wav,none,tts_seed=619565672,2026-08-10T00:00:00Z
ksc_derived_kk_v2_kazemotts:48847323fce4dc1f,processed/c7/c71de341548edd1965c2977e2fcb90fa10db7faab37e587d4053d43c1abb0c61.wav,07975e18e7c1dc64c3718af3b9dc084125bd0f2f0fd18c19b93c980c8ed6ead9,test,spoof,kk,unknown,ksc_derived_kk_v2_kazemotts:profile:kazemotts_gradtts_hifigan:F1:surprise,ksc_derived_kk_v2_kazemotts,KSC text CC-BY-4.0; KazEmoTTS model CC-BY-4.0,Offline derivative for personal research from KSC transcript ksc_slr102:5f6309be4188c; KazEmoTTS dataset and model CC-BY-4.0; upstream source archive used only for local inference; no voice cloning,ksc_derived_kk_v2_kazemotts:synthetic-voice:kazemotts_gradtts_hifigan:F1:surprise,ksc_slr102:5f6309be4188c,7e035ad41a8816e3cac9c74b35f996cb0391c1cc73f926ac2d81438e489075a1,5.0155625,gradtts_hifigan_emotional_tts,ISSAI KazEmoTTS Grad-TTS + HiFi-GAN,KazEmoTTS source-revision-0db250b2ebd95c0de7f8fb7ccba9fd65d4815115; checkpoints-2024-03-11,kazemotts_gradtts_hifigan:F1:surprise,not_applicable:pretrained-tts-no-local-voice-cloning,local_cuda_kazemotts_gradtts_hifigan,offline_neural_tts,22050,wav,none,tts_seed=1356848592,2026-08-10T00:00:00Z
ksc_derived_kk_v2_kazemotts:174a5a35d4b3114a,processed/d6/d614ac87e55bc5bd9b5aca284f4303c50331a7359f203db20b4c86754baffaa1.wav,ab5e77eaa65cbf3df60d7a2357c99e77020537e7c863598777aabbc5eb4e5afb,test,spoof,kk,unknown,ksc_derived_kk_v2_kazemotts:profile:kazemotts_gradtts_hifigan:F1:fear,ksc_derived_kk_v2_kazemotts,KSC text CC-BY-4.0; KazEmoTTS model CC-BY-4.0,Offline derivative for personal research from KSC transcript ksc_slr102:5f579382bb1f6; KazEmoTTS dataset and model CC-BY-4.0; upstream source archive used only for local inference; no voice cloning,ksc_derived_kk_v2_kazemotts:synthetic-voice:kazemotts_gradtts_hifigan:F1:fear,ksc_slr102:5f579382bb1f6,e2a9a24512eac088905a90fd19196fa4efd4b3ea6981d4036ea87f6c89981bf5,5.8746875,gradtts_hifigan_emotional_tts,ISSAI KazEmoTTS Grad-TTS + HiFi-GAN,KazEmoTTS source-revision-0db250b2ebd95c0de7f8fb7ccba9fd65d4815115; checkpoints-2024-03-11,kazemotts_gradtts_hifigan:F1:fear,not_applicable:pretrained-tts-no-local-voice-cloning,local_cuda_kazemotts_gradtts_hifigan,offline_neural_tts,22050,wav,none,tts_seed=1821508103,2026-08-10T00:00:00Z
ksc_derived_kk_v2_kazemotts:b7ed9198e46dc3d5,processed/c4/c4d450ea3de3277410c7406e453e5c2b25c8adb4bddc61063dfb9365f92c171c.wav,2a4dab65cca390dc490ae2ca02eb612dfd657ff46a802ee883f406a60f58afff,test,spoof,kk,unknown,ksc_derived_kk_v2_kazemotts:profile:kazemotts_gradtts_hifigan:F1:happy,ksc_derived_kk_v2_kazemotts,KSC text CC-BY-4.0; KazEmoTTS model CC-BY-4.0,Offline derivative for personal research from KSC transcript ksc_slr102:5f58e0417667b; KazEmoTTS dataset and model CC-BY-4.0; upstream source archive used only for local inference; no voice cloning,ksc_derived_kk_v2_kazemotts:synthetic-voice:kazemotts_gradtts_hifigan:F1:happy,ksc_slr102:5f58e0417667b,61c017524e792294b8b047eb0f848e5ff54837e376f656596c7147b52733f800,13.2005,gradtts_hifigan_emotional_tts,ISSAI KazEmoTTS Grad-TTS + HiFi-GAN,KazEmoTTS source-revision-0db250b2ebd95c0de7f8fb7ccba9fd65d4815115; checkpoints-2024-03-11,kazemotts_gradtts_hifigan:F1:happy,not_applicable:pretrained-tts-no-local-voice-cloning,local_cuda_kazemotts_gradtts_hifigan,offline_neural_tts,22050,wav,none,tts_seed=1452662476,2026-08-10T00:00:00Z
ksc_derived_kk_v2_kazemotts:1295d47362df7ede,processed/fa/fa6b4364659c903b1ed636b7e5878a0abad6f8c2ee9af960cf54f499b9099c0c.wav,e17900432c6f16c16fb2bdbc0d3cb5f432c3697faef4e3bc5fa02f9ebf1f104e,test,spoof,kk,unknown,ksc_derived_kk_v2_kazemotts:profile:kazemotts_gradtts_hifigan:F1:neutral,ksc_derived_kk_v2_kazemotts,KSC text CC-BY-4.0; KazEmoTTS model CC-BY-4.0,Offline derivative for personal research from KSC transcript ksc_slr102:5f60b144ec45b; KazEmoTTS dataset and model CC-BY-4.0; upstream source archive used only for local inference; no voice cloning,ksc_derived_kk_v2_kazemotts:synthetic-voice:kazemotts_gradtts_hifigan:F1:neutral,ksc_slr102:5f60b144ec45b,755285f7942b8fac727b360a5bc5a929361dd83a207d654d3af75f1efcf9d75b,5.8630625,gradtts_hifigan_emotional_tts,ISSAI KazEmoTTS Grad-TTS + HiFi-GAN,KazEmoTTS source-revision-0db250b2ebd95c0de7f8fb7ccba9fd65d4815115; checkpoints-2024-03-11,kazemotts_gradtts_hifigan:F1:neutral,not_applicable:pretrained-tts-no-local-voice-cloning,local_cuda_kazemotts_gradtts_hifigan,offline_neural_tts,22050,wav,none,tts_seed=1224637465,2026-08-10T00:00:00Z
ksc_derived_kk_v2_kazemotts:d9330c0ab8350cfc,processed/ed/edb2fc90d74fc9740be45e4c85221c8a69bfc2a2a964b477e2b3016de2ca0688.wav,fe88128e5e5deec50e9c5d5b1e6d7ab41cb65feef2a3270774901a2c673e1774,test,spoof,kk,unknown,ksc_derived_kk_v2_kazemotts:profile:kazemotts_gradtts_hifigan:F1:sad,ksc_derived_kk_v2_kazemotts,KSC text CC-BY-4.0; KazEmoTTS model CC-BY-4.0,Offline derivative for personal research from KSC transcript ksc_slr102:5f59ea9fb5881; KazEmoTTS dataset and model CC-BY-4.0; upstream source archive used only for local inference; no voice cloning,ksc_derived_kk_v2_kazemotts:synthetic-voice:kazemotts_gradtts_hifigan:F1:sad,ksc_slr102:5f59ea9fb5881,4286727e5e6d42945f6adf19caf23e67f2e2d5c9fa04516d78f549236e2dc6fb,10.6811875,gradtts_hifigan_emotional_tts,ISSAI KazEmoTTS Grad-TTS + HiFi-GAN,KazEmoTTS source-revision-0db250b2ebd95c0de7f8fb7ccba9fd65d4815115; checkpoints-2024-03-11,kazemotts_gradtts_hifigan:F1:sad,not_applicable:pretrained-tts-no-local-voice-cloning,local_cuda_kazemotts_gradtts_hifigan,offline_neural_tts,22050,wav,none,tts_seed=1862246993,2026-08-10T00:00:00Z
ksc_derived_kk_v2_kazemotts:5938c7640859ed56,processed/bc/bc497da4b8104466c96e260a0c44033feab56b3c9a8b707079dee19a8bf7be5b.wav,a19044c600ab95c4e4187a8201fa14fcfc6f60e3dbed4011e586a02f3de8c894,test,spoof,kk,unknown,ksc_derived_kk_v2_kazemotts:profile:kazemotts_gradtts_hifigan:M2:angry,ksc_derived_kk_v2_kazemotts,KSC text CC-BY-4.0; KazEmoTTS model CC-BY-4.0,Offline derivative for personal research from KSC transcript ksc_slr102:5f62c0dde8568; KazEmoTTS dataset and model CC-BY-4.0; upstream source archive used only for local inference; no voice cloning,ksc_derived_kk_v2_kazemotts:synthetic-voice:kazemotts_gradtts_hifigan:M2:angry,ksc_slr102:5f62c0dde8568,5d1ffb25f3fb329faed5540234cce5613f332ad72b41dc41e672c0914ed069bb,3.5410625,gradtts_hifigan_emotional_tts,ISSAI KazEmoTTS Grad-TTS + HiFi-GAN,KazEmoTTS source-revision-0db250b2ebd95c0de7f8fb7ccba9fd65d4815115; checkpoints-2024-03-11,kazemotts_gradtts_hifigan:M2:angry,not_applicable:pretrained-tts-no-local-voice-cloning,local_cuda_kazemotts_gradtts_hifigan,offline_neural_tts,22050,wav,none,tts_seed=987229304,2026-08-10T00:00:00Z
ksc_derived_kk_v2_kazemotts:c6351ceb0286e6ef,processed/c8/c8e3afa87b62ebf0fb7bfc10212c2372b6248483cdb9cbedfa7c8383fa6a8d2c.wav,69b999645fa7988a95bdceee160d0637031c71617e4a5076ed00b10d340ea048,test,spoof,kk,unknown,ksc_derived_kk_v2_kazemotts:profile:kazemotts_gradtts_hifigan:M2:surprise,ksc_derived_kk_v2_kazemotts,KSC text CC-BY-4.0; KazEmoTTS model CC-BY-4.0,Offline derivative for personal research from KSC transcript ksc_slr102:5f5af5bb0e24c; KazEmoTTS dataset and model CC-BY-4.0; upstream source archive used only for local inference; no voice cloning,ksc_derived_kk_v2_kazemotts:synthetic-voice:kazemotts_gradtts_hifigan:M2:surprise,ksc_slr102:5f5af5bb0e24c,d811e4a47008ecb82c47c38e8156802a9eb45c4a93a4708be9a6f54a55dd111d,4.6904375,gradtts_hifigan_emotional_tts,ISSAI KazEmoTTS Grad-TTS + HiFi-GAN,KazEmoTTS source-revision-0db250b2ebd95c0de7f8fb7ccba9fd65d4815115; checkpoints-2024-03-11,kazemotts_gradtts_hifigan:M2:surprise,not_applicable:pretrained-tts-no-local-voice-cloning,local_cuda_kazemotts_gradtts_hifigan,offline_neural_tts,22050,wav,none,tts_seed=1819145414,2026-08-10T00:00:00Z
ksc_derived_kk_v2_kazemotts:0074593437a3d4a8,processed/22/2258ed8442bcdef4bec6884ac007782624ab463e310be3c9cd0697028163261f.wav,cbb68233997214402a45b3a50d9d906f0045a874948a03a7b09e381dde83d079,test,spoof,kk,unknown,ksc_derived_kk_v2_kazemotts:profile:kazemotts_gradtts_hifigan:M2:fear,ksc_derived_kk_v2_kazemotts,KSC text CC-BY-4.0; KazEmoTTS model CC-BY-4.0,Offline derivative for personal research from KSC transcript ksc_slr102:5f61e35463210; KazEmoTTS dataset and model CC-BY-4.0; upstream source archive used only for local inference; no voice cloning,ksc_derived_kk_v2_kazemotts:synthetic-voice:kazemotts_gradtts_hifigan:M2:fear,ksc_slr102:5f61e35463210,e3926ae84423697d40b520c04690ed73a6fbb9b4cc405cab4bca65a12a40a19a,5.3870625,gradtts_hifigan_emotional_tts,ISSAI KazEmoTTS Grad-TTS + HiFi-GAN,KazEmoTTS source-revision-0db250b2ebd95c0de7f8fb7ccba9fd65d4815115; checkpoints-2024-03-11,kazemotts_gradtts_hifigan:M2:fear,not_applicable:pretrained-tts-no-local-voice-cloning,local_cuda_kazemotts_gradtts_hifigan,offline_neural_tts,22050,wav,none,tts_seed=759237471,2026-08-10T00:00:00Z
ksc_derived_kk_v2_kazemotts:c5b2a436705ace6f,processed/46/46330b0883819733e69860df561dba4b128fd608e3c1e9b1ac364f1eb3eac2bb.wav,64ed2f12d08d17e56e3bedc382fa42677e51e9923a1098ae2997eb686a28cfa6,test,spoof,kk,unknown,ksc_derived_kk_v2_kazemotts:profile:kazemotts_gradtts_hifigan:M2:happy,ksc_derived_kk_v2_kazemotts,KSC text CC-BY-4.0; KazEmoTTS model CC-BY-4.0,Offline derivative for personal research from KSC transcript ksc_slr102:5f5885160668f; KazEmoTTS dataset and model CC-BY-4.0; upstream source archive used only for local inference; no voice cloning,ksc_derived_kk_v2_kazemotts:synthetic-voice:kazemotts_gradtts_hifigan:M2:happy,ksc_slr102:5f5885160668f,2f25e147b446c0a2ea2b4b8bb82b77f199894573dbf47857cf9873f945e18860,3.808125,gradtts_hifigan_emotional_tts,ISSAI KazEmoTTS Grad-TTS + HiFi-GAN,KazEmoTTS source-revision-0db250b2ebd95c0de7f8fb7ccba9fd65d4815115; checkpoints-2024-03-11,kazemotts_gradtts_hifigan:M2:happy,not_applicable:pretrained-tts-no-local-voice-cloning,local_cuda_kazemotts_gradtts_hifigan,offline_neural_tts,22050,wav,none,tts_seed=341329708,2026-08-10T00:00:00Z
ksc_derived_kk_v2_kazemotts:5941424560da9d5d,processed/51/5192049710b93648b2e2ede7ae92a412cb47a3eccea1038c55f0863f5f30c507.wav,c7edd0a6c9c21d2d2bcca5bd1c9faca801511a455dd63abff10feda440d3fcd1,test,spoof,kk,unknown,ksc_derived_kk_v2_kazemotts:profile:kazemotts_gradtts_hifigan:M2:neutral,ksc_derived_kk_v2_kazemotts,KSC text CC-BY-4.0; KazEmoTTS model CC-BY-4.0,Offline derivative for personal research from KSC transcript ksc_slr102:5f61b3306ae54; KazEmoTTS dataset and model CC-BY-4.0; upstream source archive used only for local inference; no voice cloning,ksc_derived_kk_v2_kazemotts:synthetic-voice:kazemotts_gradtts_hifigan:M2:neutral,ksc_slr102:5f61b3306ae54,7764d1c46dc5f7b202d9d70149fb15689d0570f7f037756ce5789ccaece272dd,6.699,gradtts_hifigan_emotional_tts,ISSAI KazEmoTTS Grad-TTS + HiFi-GAN,KazEmoTTS source-revision-0db250b2ebd95c0de7f8fb7ccba9fd65d4815115; checkpoints-2024-03-11,kazemotts_gradtts_hifigan:M2:neutral,not_applicable:pretrained-tts-no-local-voice-cloning,local_cuda_kazemotts_gradtts_hifigan,offline_neural_tts,22050,wav,none,tts_seed=1273106241,2026-08-10T00:00:00Z
ksc_derived_kk_v2_kazemotts:710e7c84d57fe463,processed/ce/cebc656e34836105dd64f2d735fda9acc780bf60a4848e2f08bf7859fbc026f0.wav,bee9c57f441b0a04fa8a4b0b8c0089c63f54f1f2aa49ce835edee4ff288f6b1c,test,spoof,kk,unknown,ksc_derived_kk_v2_kazemotts:profile:kazemotts_gradtts_hifigan:M2:sad,ksc_derived_kk_v2_kazemotts,KSC text CC-BY-4.0; KazEmoTTS model CC-BY-4.0,Offline derivative for personal research from KSC transcript ksc_slr102:5f9f956bc111e; KazEmoTTS dataset and model CC-BY-4.0; upstream source archive used only for local inference; no voice cloning,ksc_derived_kk_v2_kazemotts:synthetic-voice:kazemotts_gradtts_hifigan:M2:sad,ksc_slr102:5f9f956bc111e,84ac7e4af367b5336210f03fae01c79475696796167165d8bcb04b9e2d804ec5,9.090625,gradtts_hifigan_emotional_tts,ISSAI KazEmoTTS Grad-TTS + HiFi-GAN,KazEmoTTS source-revision-0db250b2ebd95c0de7f8fb7ccba9fd65d4815115; checkpoints-2024-03-11,kazemotts_gradtts_hifigan:M2:sad,not_applicable:pretrained-tts-no-local-voice-cloning,local_cuda_kazemotts_gradtts_hifigan,offline_neural_tts,22050,wav,none,tts_seed=69850909,2026-08-10T00:00:00Z
ksc_derived_kk_v2_kazemotts:4d1e77c92df881a4,processed/d2/d2e61f09f90f44c80e8b79d7b9ffcfb43662af24f06364dbd35c9d9b768444a1.wav,f9792714688abae9dac8c8a1081141a3604afd3a0b9bd5a92fc9492764441298,test,spoof,kk,unknown,ksc_derived_kk_v2_kazemotts:profile:kazemotts_gradtts_hifigan:M1:angry,ksc_derived_kk_v2_kazemotts,KSC text CC-BY-4.0; KazEmoTTS model CC-BY-4.0,Offline derivative for personal research from KSC transcript ksc_slr102:5f60e7fd04ea9; KazEmoTTS dataset and model CC-BY-4.0; upstream source archive used only for local inference; no voice cloning,ksc_derived_kk_v2_kazemotts:synthetic-voice:kazemotts_gradtts_hifigan:M1:angry,ksc_slr102:5f60e7fd04ea9,90dc3801ecbee34df83244c06e0cafb0e8cb7e0e0e81ba82415419ed89e13781,4.8994375,gradtts_hifigan_emotional_tts,ISSAI KazEmoTTS Grad-TTS + HiFi-GAN,KazEmoTTS source-revision-0db250b2ebd95c0de7f8fb7ccba9fd65d4815115; checkpoints-2024-03-11,kazemotts_gradtts_hifigan:M1:angry,not_applicable:pretrained-tts-no-local-voice-cloning,local_cuda_kazemotts_gradtts_hifigan,offline_neural_tts,22050,wav,none,tts_seed=1756602650,2026-08-10T00:00:00Z
ksc_derived_kk_v2_kazemotts:2d12231e8ec0998b,processed/76/76ee7ab237570316230efa8e0099a270e97c073c9dea314a13459b324ddd5233.wav,0c91a8e09f3105be7fc37bf751fd0a8d9589b3ef4f9914c6c942d72c4fb893e2,test,spoof,kk,unknown,ksc_derived_kk_v2_kazemotts:profile:kazemotts_gradtts_hifigan:M1:surprise,ksc_derived_kk_v2_kazemotts,KSC text CC-BY-4.0; KazEmoTTS model CC-BY-4.0,Offline derivative for personal research from KSC transcript ksc_slr102:5f5c4ca6c5b86; KazEmoTTS dataset and model CC-BY-4.0; upstream source archive used only for local inference; no voice cloning,ksc_derived_kk_v2_kazemotts:synthetic-voice:kazemotts_gradtts_hifigan:M1:surprise,ksc_slr102:5f5c4ca6c5b86,6af230d67cb6ce1e190f21b5fa7250949b345087edb74d1f647880a67db723e1,3.1579375,gradtts_hifigan_emotional_tts,ISSAI KazEmoTTS Grad-TTS + HiFi-GAN,KazEmoTTS source-revision-0db250b2ebd95c0de7f8fb7ccba9fd65d4815115; checkpoints-2024-03-11,kazemotts_gradtts_hifigan:M1:surprise,not_applicable:pretrained-tts-no-local-voice-cloning,local_cuda_kazemotts_gradtts_hifigan,offline_neural_tts,22050,wav,none,tts_seed=724168909,2026-08-10T00:00:00Z
ksc_derived_kk_v2_kazemotts:a6d153ba19a20c2b,processed/d6/d658e2b22bbf1e4baef61e18c9f3922b67bd81774de5f5cfa53b99f22159b71d.wav,5fde7db44b4cfba66d3424b610872f8faa544aca2fc82432b35ddfdb14bef621,test,spoof,kk,unknown,ksc_derived_kk_v2_kazemotts:profile:kazemotts_gradtts_hifigan:M1:happy,ksc_derived_kk_v2_kazemotts,KSC text CC-BY-4.0; KazEmoTTS model CC-BY-4.0,Offline derivative for personal research from KSC transcript ksc_slr102:5f609e16e00c3; KazEmoTTS dataset and model CC-BY-4.0; upstream source archive used only for local inference; no voice cloning,ksc_derived_kk_v2_kazemotts:synthetic-voice:kazemotts_gradtts_hifigan:M1:happy,ksc_slr102:5f609e16e00c3,d09ac44cd97bd19ad1a3b3d6f1f381918f3b7aa3ba89e56d459be5d30278d6e4,7.186625,gradtts_hifigan_emotional_tts,ISSAI KazEmoTTS Grad-TTS + HiFi-GAN,KazEmoTTS source-revision-0db250b2ebd95c0de7f8fb7ccba9fd65d4815115; checkpoints-2024-03-11,kazemotts_gradtts_hifigan:M1:happy,not_applicable:pretrained-tts-no-local-voice-cloning,local_cuda_kazemotts_gradtts_hifigan,offline_neural_tts,22050,wav,none,tts_seed=1209393406,2026-08-10T00:00:00Z
ksc_derived_kk_v2_kazemotts:862dc8e1d3d896f5,processed/cd/cd67338ace5174f93d549df8a7cb566736791f9d08f2c34ea1e275d28043241d.wav,ba5fef42726a28707a9b528a223c6ffaedcc6df1aaa57ad0771ab61662595ff4,test,spoof,kk,unknown,ksc_derived_kk_v2_kazemotts:profile:kazemotts_gradtts_hifigan:M1:neutral,ksc_derived_kk_v2_kazemotts,KSC text CC-BY-4.0; KazEmoTTS model CC-BY-4.0,Offline derivative for personal research from KSC transcript ksc_slr102:5f59be0fe4ed6; KazEmoTTS dataset and model CC-BY-4.0; upstream source archive used only for local inference; no voice cloning,ksc_derived_kk_v2_kazemotts:synthetic-voice:kazemotts_gradtts_hifigan:M1:neutral,ksc_slr102:5f59be0fe4ed6,bb0e6c3141ec6358b9d3547d438e19e0f2e31aa3bf1ef516c673d3b716520e2a,8.3824375,gradtts_hifigan_emotional_tts,ISSAI KazEmoTTS Grad-TTS + HiFi-GAN,KazEmoTTS source-revision-0db250b2ebd95c0de7f8fb7ccba9fd65d4815115; checkpoints-2024-03-11,kazemotts_gradtts_hifigan:M1:neutral,not_applicable:pretrained-tts-no-local-voice-cloning,local_cuda_kazemotts_gradtts_hifigan,offline_neural_tts,22050,wav,none,tts_seed=1509662987,2026-08-10T00:00:00Z
ksc_derived_kk_v2_kazemotts:3b0c280d5f5cbb71,processed/7d/7d20c50eade3f0186bff68196ceaf3fcdf802e7d3698f25f8b431d210f49f6be.wav,bca50d048dcc3ef1509ac3355f76daa0b729cb76fffd65fd558c3a9c8b4c2d14,test,spoof,kk,unknown,ksc_derived_kk_v2_kazemotts:profile:kazemotts_gradtts_hifigan:M1:sad,ksc_derived_kk_v2_kazemotts,KSC text CC-BY-4.0; KazEmoTTS model CC-BY-4.0,Offline derivative for personal research from KSC transcript ksc_slr102:5f60c29a2520e; KazEmoTTS dataset and model CC-BY-4.0; upstream source archive used only for local inference; no voice cloning,ksc_derived_kk_v2_kazemotts:synthetic-voice:kazemotts_gradtts_hifigan:M1:sad,ksc_slr102:5f60c29a2520e,f4c1a54028d2270f83f6ba979cea49dfbe4350deb643e0ae1100ba8fcaa88caf,4.0055,gradtts_hifigan_emotional_tts,ISSAI KazEmoTTS Grad-TTS + HiFi-GAN,KazEmoTTS source-revision-0db250b2ebd95c0de7f8fb7ccba9fd65d4815115; checkpoints-2024-03-11,kazemotts_gradtts_hifigan:M1:sad,not_applicable:pretrained-tts-no-local-voice-cloning,local_cuda_kazemotts_gradtts_hifigan,offline_neural_tts,22050,wav,none,tts_seed=2008022780,2026-08-10T00:00:00Z
ksc_derived_kk_v2_kazemotts:c49cc944f19508d1,processed/08/08894e810d34106a37ff1f26d96a51e66917dbd46fa0a501097979b4b8dc4b02.wav,943c23140d7c4c93dd26ec52dcc98f9534dc9a5921acd3bbacc1b422a46ba9d8,test,spoof,kk,unknown,ksc_derived_kk_v2_kazemotts:profile:kazemotts_gradtts_hifigan:F1:angry,ksc_derived_kk_v2_kazemotts,KSC text CC-BY-4.0; KazEmoTTS model CC-BY-4.0,Offline derivative for personal research from KSC transcript ksc_slr102:5f62c81cdddda; KazEmoTTS dataset and model CC-BY-4.0; upstream source archive used only for local inference; no voice cloning,ksc_derived_kk_v2_kazemotts:synthetic-voice:kazemotts_gradtts_hifigan:F1:angry,ksc_slr102:5f62c81cdddda,e7d60b98b062efd37ab0df6922acf1747896b23239a0c48416ad4bdef0d05096,7.36075,gradtts_hifigan_emotional_tts,ISSAI KazEmoTTS Grad-TTS + HiFi-GAN,KazEmoTTS source-revision-0db250b2ebd95c0de7f8fb7ccba9fd65d4815115; checkpoints-2024-03-11,kazemotts_gradtts_hifigan:F1:angry,not_applicable:pretrained-tts-no-local-voice-cloning,local_cuda_kazemotts_gradtts_hifigan,offline_neural_tts,22050,wav,none,tts_seed=51750765,2026-08-10T00:00:00Z
ksc_derived_kk_v2_kazemotts:fbe990ab16ba58e1,processed/53/534f97211a069dfbfd19c707b5ec4f70eff5c348de28def7089c6c3ae4daab2c.wav,1765f8627a23fc8fd6839cbb4088d24a1b88d4e3ae3b54f3fed4b1d054917ff8,test,spoof,kk,unknown,ksc_derived_kk_v2_kazemotts:profile:kazemotts_gradtts_hifigan:F1:surprise,ksc_derived_kk_v2_kazemotts,KSC text CC-BY-4.0; KazEmoTTS model CC-BY-4.0,Offline derivative for personal research from KSC transcript ksc_slr102:5f60e36b7fe64; KazEmoTTS dataset and model CC-BY-4.0; upstream source archive used only for local inference; no voice cloning,ksc_derived_kk_v2_kazemotts:synthetic-voice:kazemotts_gradtts_hifigan:F1:surprise,ksc_slr102:5f60e36b7fe64,b1160d910d9923e448e9083a5a1d7408039ad3557868df5115eeba4e99cad760,4.644,gradtts_hifigan_emotional_tts,ISSAI KazEmoTTS Grad-TTS + HiFi-GAN,KazEmoTTS source-revision-0db250b2ebd95c0de7f8fb7ccba9fd65d4815115; checkpoints-2024-03-11,kazemotts_gradtts_hifigan:F1:surprise,not_applicable:pretrained-tts-no-local-voice-cloning,local_cuda_kazemotts_gradtts_hifigan,offline_neural_tts,22050,wav,none,tts_seed=1493268031,2026-08-10T00:00:00Z
ksc_derived_kk_v2_kazemotts:4fd018be0b26445b,processed/8a/8ac935c60f38ea0536f05f634e6419f248a0dbf065691fd4a8d6610e0b1c5f8e.wav,d1280ff6ba45d725d881fb65e8cf72d8fa8795e7f58409bf26ee0d1877624bdd,test,spoof,kk,unknown,ksc_derived_kk_v2_kazemotts:profile:kazemotts_gradtts_hifigan:F1:happy,ksc_derived_kk_v2_kazemotts,KSC text CC-BY-4.0; KazEmoTTS model CC-BY-4.0,Offline derivative for personal research from KSC transcript ksc_slr102:5f5685aa47361; KazEmoTTS dataset and model CC-BY-4.0; upstream source archive used only for local inference; no voice cloning,ksc_derived_kk_v2_kazemotts:synthetic-voice:kazemotts_gradtts_hifigan:F1:happy,ksc_slr102:5f5685aa47361,fe0b6435ee4cafe6133788fc23ae90a8c42ad6dbc00b35e172a8a9cbad87dda2,3.29725,gradtts_hifigan_emotional_tts,ISSAI KazEmoTTS Grad-TTS + HiFi-GAN,KazEmoTTS source-revision-0db250b2ebd95c0de7f8fb7ccba9fd65d4815115; checkpoints-2024-03-11,kazemotts_gradtts_hifigan:F1:happy,not_applicable:pretrained-tts-no-local-voice-cloning,local_cuda_kazemotts_gradtts_hifigan,offline_neural_tts,22050,wav,none,tts_seed=774489705,2026-08-10T00:00:00Z
ksc_derived_kk_v2_kazemotts:9f74065ea0e5cf0d,processed/e0/e0f80f656469ca4c4b1439d0445b0f49481db68ea0019d994e2128d9bdb4454e.wav,9ba5a4a8eb01039d278ddd7ba1e0a75e59e732861ad1daa7fe8f771eb4d24efb,test,spoof,kk,unknown,ksc_derived_kk_v2_kazemotts:profile:kazemotts_gradtts_hifigan:F1:sad,ksc_derived_kk_v2_kazemotts,KSC text CC-BY-4.0; KazEmoTTS model CC-BY-4.0,Offline derivative for personal research from KSC transcript ksc_slr102:5f2b08331a246; KazEmoTTS dataset and model CC-BY-4.0; upstream source archive used only for local inference; no voice cloning,ksc_derived_kk_v2_kazemotts:synthetic-voice:kazemotts_gradtts_hifigan:F1:sad,ksc_slr102:5f2b08331a246,a4095fec7ee15df526ff766b7c34c49762ba254536d8090cd5a89fbcf12b2ff9,4.075125,gradtts_hifigan_emotional_tts,ISSAI KazEmoTTS Grad-TTS + HiFi-GAN,KazEmoTTS source-revision-0db250b2ebd95c0de7f8fb7ccba9fd65d4815115; checkpoints-2024-03-11,kazemotts_gradtts_hifigan:F1:sad,not_applicable:pretrained-tts-no-local-voice-cloning,local_cuda_kazemotts_gradtts_hifigan,offline_neural_tts,22050,wav,none,tts_seed=1792797201,2026-08-10T00:00:00Z
ksc_derived_kk_v2_kazemotts:c6a21dd4a62f9523,processed/a0/a09f7f67e72cc979922121e92b3d0cb4b1d8af628b707e1b233cb05d124e2171.wav,a96bf83fde38c0bd595e7d515794a8bd1dd51eb8904787d83fc187845ca9188b,test,spoof,kk,unknown,ksc_derived_kk_v2_kazemotts:profile:kazemotts_gradtts_hifigan:M2:angry,ksc_derived_kk_v2_kazemotts,KSC text CC-BY-4.0; KazEmoTTS model CC-BY-4.0,Offline derivative for personal research from KSC transcript ksc_slr102:5f58e1db7677b; KazEmoTTS dataset and model CC-BY-4.0; upstream source archive used only for local inference; no voice cloning,ksc_derived_kk_v2_kazemotts:synthetic-voice:kazemotts_gradtts_hifigan:M2:angry,ksc_slr102:5f58e1db7677b,38cca8c1b32797904cb3dcd27e664c6912da87aecb1e4572eb39b388e15d2ed6,9.20675,gradtts_hifigan_emotional_tts,ISSAI KazEmoTTS Grad-TTS + HiFi-GAN,KazEmoTTS source-revision-0db250b2ebd95c0de7f8fb7ccba9fd65d4815115; checkpoints-2024-03-11,kazemotts_gradtts_hifigan:M2:angry,not_applicable:pretrained-tts-no-local-voice-cloning,local_cuda_kazemotts_gradtts_hifigan,offline_neural_tts,22050,wav,none,tts_seed=1911676691,2026-08-10T00:00:00Z
ksc_derived_kk_v2_kazemotts:63f95e32492838c8,processed/17/175909f7c25e9aaa7b0c972e0b844ed5b6aef318d21caafe166215689836d2d2.wav,545cea4fa51227f1092b0cf069e5e15532632778e51d66532cb1526b470197b8,test,spoof,kk,unknown,ksc_derived_kk_v2_kazemotts:profile:kazemotts_gradtts_hifigan:M2:surprise,ksc_derived_kk_v2_kazemotts,KSC text CC-BY-4.0; KazEmoTTS model CC-BY-4.0,Offline derivative for personal research from KSC transcript ksc_slr102:5f5a522dcb04a; KazEmoTTS dataset and model CC-BY-4.0; upstream source archive used only for local inference; no voice cloning,ksc_derived_kk_v2_kazemotts:synthetic-voice:kazemotts_gradtts_hifigan:M2:surprise,ksc_slr102:5f5a522dcb04a,5ddf2a7185e8eb6d676e1960faff711b66f87d1e710546da1cc31a8f7d544fa2,6.9544375,gradtts_hifigan_emotional_tts,ISSAI KazEmoTTS Grad-TTS + HiFi-GAN,KazEmoTTS source-revision-0db250b2ebd95c0de7f8fb7ccba9fd65d4815115; checkpoints-2024-03-11,kazemotts_gradtts_hifigan:M2:surprise,not_applicable:pretrained-tts-no-local-voice-cloning,local_cuda_kazemotts_gradtts_hifigan,offline_neural_tts,22050,wav,none,tts_seed=1536346540,2026-08-10T00:00:00Z
ksc_derived_kk_v2_kazemotts:6aa16f67b4668820,processed/5f/5f585159adfdd5fe43b9f435bd25063052dcb97a6398fe6b5c87899f1175f997.wav,5858ede1dbe6c9cd1fda16bfab9a4192e72dd5534cdd4b215e0996ca492fe2bd,test,spoof,kk,unknown,ksc_derived_kk_v2_kazemotts:profile:kazemotts_gradtts_hifigan:M2:happy,ksc_derived_kk_v2_kazemotts,KSC text CC-BY-4.0; KazEmoTTS model CC-BY-4.0,Offline derivative for personal research from KSC transcript ksc_slr102:5f605786256dd; KazEmoTTS dataset and model CC-BY-4.0; upstream source archive used only for local inference; no voice cloning,ksc_derived_kk_v2_kazemotts:synthetic-voice:kazemotts_gradtts_hifigan:M2:happy,ksc_slr102:5f605786256dd,cf0e42383f33bfec6aefa1ace75371a8f44d9f345dd1d242b5b83d93532ae39c,4.853,gradtts_hifigan_emotional_tts,ISSAI KazEmoTTS Grad-TTS + HiFi-GAN,KazEmoTTS source-revision-0db250b2ebd95c0de7f8fb7ccba9fd65d4815115; checkpoints-2024-03-11,kazemotts_gradtts_hifigan:M2:happy,not_applicable:pretrained-tts-no-local-voice-cloning,local_cuda_kazemotts_gradtts_hifigan,offline_neural_tts,22050,wav,none,tts_seed=644179076,2026-08-10T00:00:00Z
ksc_derived_kk_v2_kazemotts:3a0a0b9e8a7ae662,processed/fd/fdc39a6842ddeacf68af245a8dae888046abc9ce1b00858fadbbe01d6fbd1992.wav,d3356441ede3e2dc307aa36e160455f7b4c974fa2aa584726eaea7e0db8eee0b,test,spoof,kk,unknown,ksc_derived_kk_v2_kazemotts:profile:kazemotts_gradtts_hifigan:M2:neutral,ksc_derived_kk_v2_kazemotts,KSC text CC-BY-4.0; KazEmoTTS model CC-BY-4.0,Offline derivative for personal research from KSC transcript ksc_slr102:5f5a101c429c8; KazEmoTTS dataset and model CC-BY-4.0; upstream source archive used only for local inference; no voice cloning,ksc_derived_kk_v2_kazemotts:synthetic-voice:kazemotts_gradtts_hifigan:M2:neutral,ksc_slr102:5f5a101c429c8,391049383c2428a4166a41f99486c5a31eb4931ff20c60634b85b6be7c5f829c,7.0705,gradtts_hifigan_emotional_tts,ISSAI KazEmoTTS Grad-TTS + HiFi-GAN,KazEmoTTS source-revision-0db250b2ebd95c0de7f8fb7ccba9fd65d4815115; checkpoints-2024-03-11,kazemotts_gradtts_hifigan:M2:neutral,not_applicable:pretrained-tts-no-local-voice-cloning,local_cuda_kazemotts_gradtts_hifigan,offline_neural_tts,22050,wav,none,tts_seed=1070981981,2026-08-10T00:00:00Z
ksc_derived_kk_v2_kazemotts:bb9973aef98aeb6a,processed/43/43d00977a762061fe8fda3701ff0d3e9f37ca3086d9ca0365a64cb2a09a60a09.wav,344a7cadfb6163a1201eda708f957bfd29dd9092ff2c6f3b97c31d39590420d4,test,spoof,kk,unknown,ksc_derived_kk_v2_kazemotts:profile:kazemotts_gradtts_hifigan:M2:sad,ksc_derived_kk_v2_kazemotts,KSC text CC-BY-4.0; KazEmoTTS model CC-BY-4.0,Offline derivative for personal research from KSC transcript ksc_slr102:5f5faf8f70a56; KazEmoTTS dataset and model CC-BY-4.0; upstream source archive used only for local inference; no voice cloning,ksc_derived_kk_v2_kazemotts:synthetic-voice:kazemotts_gradtts_hifigan:M2:sad,ksc_slr102:5f5faf8f70a56,e1121c4ba6c386735fb67f2a321d3bb0e60724fc0b483483a82a0cd83360c868,8.2315,gradtts_hifigan_emotional_tts,ISSAI KazEmoTTS Grad-TTS + HiFi-GAN,KazEmoTTS source-revision-0db250b2ebd95c0de7f8fb7ccba9fd65d4815115; checkpoints-2024-03-11,kazemotts_gradtts_hifigan:M2:sad,not_applicable:pretrained-tts-no-local-voice-cloning,local_cuda_kazemotts_gradtts_hifigan,offline_neural_tts,22050,wav,none,tts_seed=1382882857,2026-08-10T00:00:00Z
ksc_derived_kk_v2_kazemotts:2b1653a9d2187426,processed/a9/a9a8bd5ff326440d9d9c83e3974bd26675534eef327f026f36c617fe09d4b54d.wav,352d212c21eb5e14dfc2fdfa90f855ca9b70379029f0d823dea8274633fb848b,test,spoof,kk,unknown,ksc_derived_kk_v2_kazemotts:profile:kazemotts_gradtts_hifigan:M1:surprise,ksc_derived_kk_v2_kazemotts,KSC text CC-BY-4.0; KazEmoTTS model CC-BY-4.0,Offline derivative for personal research from KSC transcript ksc_slr102:5f5a566d728cf; KazEmoTTS dataset and model CC-BY-4.0; upstream source archive used only for local inference; no voice cloning,ksc_derived_kk_v2_kazemotts:synthetic-voice:kazemotts_gradtts_hifigan:M1:surprise,ksc_slr102:5f5a566d728cf,954fe60beeb25c84d4aefd7c057edad128ad031760d7366d947a61fba374bdb9,3.4714375,gradtts_hifigan_emotional_tts,ISSAI KazEmoTTS Grad-TTS + HiFi-GAN,KazEmoTTS source-revision-0db250b2ebd95c0de7f8fb7ccba9fd65d4815115; checkpoints-2024-03-11,kazemotts_gradtts_hifigan:M1:surprise,not_applicable:pretrained-tts-no-local-voice-cloning,local_cuda_kazemotts_gradtts_hifigan,offline_neural_tts,22050,wav,none,tts_seed=513766696,2026-08-10T00:00:00Z
ksc_derived_kk_v2_kazemotts:c70802864f895089,processed/0f/0fb47f29f35ce9d6a48a930bb2bc1ede670ffcf6707ec3b153782599de123e45.wav,d51e3cf3d04d3f22f001cf3bdbe900c9830b394f9f8109366293c914e29cc74a,test,spoof,kk,unknown,ksc_derived_kk_v2_kazemotts:profile:kazemotts_gradtts_hifigan:M1:fear,ksc_derived_kk_v2_kazemotts,KSC text CC-BY-4.0; KazEmoTTS model CC-BY-4.0,Offline derivative for personal research from KSC transcript ksc_slr102:5f60e9f25fb61; KazEmoTTS dataset and model CC-BY-4.0; upstream source archive used only for local inference; no voice cloning,ksc_derived_kk_v2_kazemotts:synthetic-voice:kazemotts_gradtts_hifigan:M1:fear,ksc_slr102:5f60e9f25fb61,c57066692af9d5de024b888ec14fb2270f4533b15d3ccede5304857971699aab,3.204375,gradtts_hifigan_emotional_tts,ISSAI KazEmoTTS Grad-TTS + HiFi-GAN,KazEmoTTS source-revision-0db250b2ebd95c0de7f8fb7ccba9fd65d4815115; checkpoints-2024-03-11,kazemotts_gradtts_hifigan:M1:fear,not_applicable:pretrained-tts-no-local-voice-cloning,local_cuda_kazemotts_gradtts_hifigan,offline_neural_tts,22050,wav,none,tts_seed=1716012557,2026-08-10T00:00:00Z
ksc_derived_kk_v2_kazemotts:da9bd310c02c2b78,processed/4d/4da10e6a6eb9b65225a2567dd9da4e53ea262a1c19b7a078f39c1c6fafd8a74c.wav,e0b5968557cadf9eae4f370c602ee409c2523d44ddfc60e916fc7171c21e4fe3,test,spoof,kk,unknown,ksc_derived_kk_v2_kazemotts:profile:kazemotts_gradtts_hifigan:M1:happy,ksc_derived_kk_v2_kazemotts,KSC text CC-BY-4.0; KazEmoTTS model CC-BY-4.0,Offline derivative for personal research from KSC transcript ksc_slr102:5f5c4df83af5b; KazEmoTTS dataset and model CC-BY-4.0; upstream source archive used only for local inference; no voice cloning,ksc_derived_kk_v2_kazemotts:synthetic-voice:kazemotts_gradtts_hifigan:M1:happy,ksc_slr102:5f5c4df83af5b,ec90c6c110e4198595d0ae34702006d7a0087012b268661968190609c7c067a7,3.3436875,gradtts_hifigan_emotional_tts,ISSAI KazEmoTTS Grad-TTS + HiFi-GAN,KazEmoTTS source-revision-0db250b2ebd95c0de7f8fb7ccba9fd65d4815115; checkpoints-2024-03-11,kazemotts_gradtts_hifigan:M1:happy,not_applicable:pretrained-tts-no-local-voice-cloning,local_cuda_kazemotts_gradtts_hifigan,offline_neural_tts,22050,wav,none,tts_seed=136071721,2026-08-10T00:00:00Z
ksc_derived_kk_v2_kazemotts:e4e7208beb78ef07,processed/61/61ac9062427164f9d850fe2cb98120c4d5dd9650c99ac6e45be2a7e8f2aeae50.wav,65a4df5616875e7d6cebc19eb3c97b90da5e80197ec0eda89c06fabba8294d30,test,spoof,kk,unknown,ksc_derived_kk_v2_kazemotts:profile:kazemotts_gradtts_hifigan:M1:neutral,ksc_derived_kk_v2_kazemotts,KSC text CC-BY-4.0; KazEmoTTS model CC-BY-4.0,Offline derivative for personal research from KSC transcript ksc_slr102:5f5af6cce8ec1; KazEmoTTS dataset and model CC-BY-4.0; upstream source archive used only for local inference; no voice cloning,ksc_derived_kk_v2_kazemotts:synthetic-voice:kazemotts_gradtts_hifigan:M1:neutral,ksc_slr102:5f5af6cce8ec1,a2b7baab65af4bb29072aeb67b290dce566744b6befd936bf53b06c1b414e962,4.075125,gradtts_hifigan_emotional_tts,ISSAI KazEmoTTS Grad-TTS + HiFi-GAN,KazEmoTTS source-revision-0db250b2ebd95c0de7f8fb7ccba9fd65d4815115; checkpoints-2024-03-11,kazemotts_gradtts_hifigan:M1:neutral,not_applicable:pretrained-tts-no-local-voice-cloning,local_cuda_kazemotts_gradtts_hifigan,offline_neural_tts,22050,wav,none,tts_seed=1369496427,2026-08-10T00:00:00Z
ksc_derived_kk_v2_kazemotts:86010090342bc8c1,processed/bd/bdd61f4ef54b76e28be232a52cae8e194199266b1c99f8f89ff847c1fb40159a.wav,803f84fff3ebfa5bc321ebabfd5221d9fd4dd52495eac281b08a4e4a56a9e62f,test,spoof,kk,unknown,ksc_derived_kk_v2_kazemotts:profile:kazemotts_gradtts_hifigan:M1:sad,ksc_derived_kk_v2_kazemotts,KSC text CC-BY-4.0; KazEmoTTS model CC-BY-4.0,Offline derivative for personal research from KSC transcript ksc_slr102:5f5af6ff901aa; KazEmoTTS dataset and model CC-BY-4.0; upstream source archive used only for local inference; no voice cloning,ksc_derived_kk_v2_kazemotts:synthetic-voice:kazemotts_gradtts_hifigan:M1:sad,ksc_slr102:5f5af6ff901aa,1b41b18449780b0798f7599eca099e1c5b5c42074a19a8d5027fdb195856cb13,5.2709375,gradtts_hifigan_emotional_tts,ISSAI KazEmoTTS Grad-TTS + HiFi-GAN,KazEmoTTS source-revision-0db250b2ebd95c0de7f8fb7ccba9fd65d4815115; checkpoints-2024-03-11,kazemotts_gradtts_hifigan:M1:sad,not_applicable:pretrained-tts-no-local-voice-cloning,local_cuda_kazemotts_gradtts_hifigan,offline_neural_tts,22050,wav,none,tts_seed=297789466,2026-08-10T00:00:00Z
ksc_derived_kk_v2_kazemotts:69aa718b3ba34cf2,processed/45/45af00d79775a352a8410bcd8feb02399698ad2a5e7ae1ea3693a508a223eb42.wav,92c6ac4d462ff3d10eabe5cf92f841ff79ffea2da737d1b8c5470f54a936cea2,test,spoof,kk,unknown,ksc_derived_kk_v2_kazemotts:profile:kazemotts_gradtts_hifigan:F1:angry,ksc_derived_kk_v2_kazemotts,KSC text CC-BY-4.0; KazEmoTTS model CC-BY-4.0,Offline derivative for personal research from KSC transcript ksc_slr102:5f5a55871556a; KazEmoTTS dataset and model CC-BY-4.0; upstream source archive used only for local inference; no voice cloning,ksc_derived_kk_v2_kazemotts:synthetic-voice:kazemotts_gradtts_hifigan:F1:angry,ksc_slr102:5f5a55871556a,d068bd7839476cd1fb479fac54d1b31156c831b022b49c9f3edd8597c081efd6,5.9675625,gradtts_hifigan_emotional_tts,ISSAI KazEmoTTS Grad-TTS + HiFi-GAN,KazEmoTTS source-revision-0db250b2ebd95c0de7f8fb7ccba9fd65d4815115; checkpoints-2024-03-11,kazemotts_gradtts_hifigan:F1:angry,not_applicable:pretrained-tts-no-local-voice-cloning,local_cuda_kazemotts_gradtts_hifigan,offline_neural_tts,22050,wav,none,tts_seed=1538046102,2026-08-10T00:00:00Z
ksc_derived_kk_v2_kazemotts:bb608bf47adc7533,processed/da/da87fb7457b1fd0311fb2f4bb859255f4a9f3f0a7e79e7f823760ab56525bd56.wav,c596d3efc24b14dd060bcc4f3849fb4577c19dc20bb8408c667c52fa91c25bc9,test,spoof,kk,unknown,ksc_derived_kk_v2_kazemotts:profile:kazemotts_gradtts_hifigan:F1:surprise,ksc_derived_kk_v2_kazemotts,KSC text CC-BY-4.0; KazEmoTTS model CC-BY-4.0,Offline derivative for personal research from KSC transcript ksc_slr102:5f5a58d2532ff; KazEmoTTS dataset and model CC-BY-4.0; upstream source archive used only for local inference; no voice cloning,ksc_derived_kk_v2_kazemotts:synthetic-voice:kazemotts_gradtts_hifigan:F1:surprise,ksc_slr102:5f5a58d2532ff,9e53e8d51dccb63e36a200ca6459e4c03e7446f92cc7fac2022892b3c5466864,3.9590625,gradtts_hifigan_emotional_tts,ISSAI KazEmoTTS Grad-TTS + HiFi-GAN,KazEmoTTS source-revision-0db250b2ebd95c0de7f8fb7ccba9fd65d4815115; checkpoints-2024-03-11,kazemotts_gradtts_hifigan:F1:surprise,not_applicable:pretrained-tts-no-local-voice-cloning,local_cuda_kazemotts_gradtts_hifigan,offline_neural_tts,22050,wav,none,tts_seed=903744765,2026-08-10T00:00:00Z
ksc_derived_kk_v2_kazemotts:b19aba32897d7719,processed/f2/f26b43923f3e04b321fac51a72ad76fe99aafab3a82395232e03fee53e3fdff7.wav,1211e6f379b3270eac17f1a852d89526b77e158471ca7e9eb0aee0394530677e,test,spoof,kk,unknown,ksc_derived_kk_v2_kazemotts:profile:kazemotts_gradtts_hifigan:F1:fear,ksc_derived_kk_v2_kazemotts,KSC text CC-BY-4.0; KazEmoTTS model CC-BY-4.0,Offline derivative for personal research from KSC transcript ksc_slr102:5f58e20e29c6a; KazEmoTTS dataset and model CC-BY-4.0; upstream source archive used only for local inference; no voice cloning,ksc_derived_kk_v2_kazemotts:synthetic-voice:kazemotts_gradtts_hifigan:F1:fear,ksc_slr102:5f58e20e29c6a,6aaf379278b8de2fc3ab4f1bbdb802df3951c69450b00c750993d154d61fad51,9.47375,gradtts_hifigan_emotional_tts,ISSAI KazEmoTTS Grad-TTS + HiFi-GAN,KazEmoTTS source-revision-0db250b2ebd95c0de7f8fb7ccba9fd65d4815115; checkpoints-2024-03-11,kazemotts_gradtts_hifigan:F1:fear,not_applicable:pretrained-tts-no-local-voice-cloning,local_cuda_kazemotts_gradtts_hifigan,offline_neural_tts,22050,wav,none,tts_seed=107296489,2026-08-10T00:00:00Z
ksc_derived_kk_v2_kazemotts:0b8d9833af2dae57,processed/34/34f3d5c97da430bf50d7cc61f611aadca91c86edb08121f3589564025a045bc4.wav,7045a0e4d582da1bfccd3aaba35e7b95ab7a2c76924a82c03f872f8d8a355acc,test,spoof,kk,unknown,ksc_derived_kk_v2_kazemotts:profile:kazemotts_gradtts_hifigan:F1:happy,ksc_derived_kk_v2_kazemotts,KSC text CC-BY-4.0; KazEmoTTS model CC-BY-4.0,Offline derivative for personal research from KSC transcript ksc_slr102:5f59b76dcbc9d; KazEmoTTS dataset and model CC-BY-4.0; upstream source archive used only for local inference; no voice cloning,ksc_derived_kk_v2_kazemotts:synthetic-voice:kazemotts_gradtts_hifigan:F1:happy,ksc_slr102:5f59b76dcbc9d,a5fa9f6296a9c9b0d1f7c9f8753c2dd10d28727bd6088f2e79958c54c95a4b90,6.211375,gradtts_hifigan_emotional_tts,ISSAI KazEmoTTS Grad-TTS + HiFi-GAN,KazEmoTTS source-revision-0db250b2ebd95c0de7f8fb7ccba9fd65d4815115; checkpoints-2024-03-11,kazemotts_gradtts_hifigan:F1:happy,not_applicable:pretrained-tts-no-local-voice-cloning,local_cuda_kazemotts_gradtts_hifigan,offline_neural_tts,22050,wav,none,tts_seed=1100385192,2026-08-10T00:00:00Z
ksc_derived_kk_v2_kazemotts:496e4e5896cf00c4,processed/ca/ca7bb2e6df5c6ea80afd9cc151fb6a64cc01c790d1b0e07325e529ea186f67ba.wav,4d99847083569bdf550d7ae675ba74ea4bfd9c1831420f94512228f48240bf2b,test,spoof,kk,unknown,ksc_derived_kk_v2_kazemotts:profile:kazemotts_gradtts_hifigan:F1:neutral,ksc_derived_kk_v2_kazemotts,KSC text CC-BY-4.0; KazEmoTTS model CC-BY-4.0,Offline derivative for personal research from KSC transcript ksc_slr102:5fa12a53d55c8; KazEmoTTS dataset and model CC-BY-4.0; upstream source archive used only for local inference; no voice cloning,ksc_derived_kk_v2_kazemotts:synthetic-voice:kazemotts_gradtts_hifigan:F1:neutral,ksc_slr102:5fa12a53d55c8,f4253914c1145e8d4e45edebfb2a521bdd4a6307730efbf2c0514cdd9c71e648,6.768625,gradtts_hifigan_emotional_tts,ISSAI KazEmoTTS Grad-TTS + HiFi-GAN,KazEmoTTS source-revision-0db250b2ebd95c0de7f8fb7ccba9fd65d4815115; checkpoints-2024-03-11,kazemotts_gradtts_hifigan:F1:neutral,not_applicable:pretrained-tts-no-local-voice-cloning,local_cuda_kazemotts_gradtts_hifigan,offline_neural_tts,22050,wav,none,tts_seed=1227425726,2026-08-10T00:00:00Z
ksc_derived_kk_v2_kazemotts:00e6efed215f6928,processed/53/533b285c1ec030bc509b8b083a8e5c29d7b96fde9426a5684d72b24eef12218b.wav,1a20b375806f2b5f9ffa968d342551aea7129a0b6af05c895bc45dcdc038bb19,test,spoof,kk,unknown,ksc_derived_kk_v2_kazemotts:profile:kazemotts_gradtts_hifigan:F1:sad,ksc_derived_kk_v2_kazemotts,KSC text CC-BY-4.0; KazEmoTTS model CC-BY-4.0,Offline derivative for personal research from KSC transcript ksc_slr102:5f609b87affec; KazEmoTTS dataset and model CC-BY-4.0; upstream source archive used only for local inference; no voice cloning,ksc_derived_kk_v2_kazemotts:synthetic-voice:kazemotts_gradtts_hifigan:F1:sad,ksc_slr102:5f609b87affec,4f8ece3ea398ae4d4e7e1ff5c3ef57fba58be069963c3cdb4dcc96a1726ff175,3.5643125,gradtts_hifigan_emotional_tts,ISSAI KazEmoTTS Grad-TTS + HiFi-GAN,KazEmoTTS source-revision-0db250b2ebd95c0de7f8fb7ccba9fd65d4815115; checkpoints-2024-03-11,kazemotts_gradtts_hifigan:F1:sad,not_applicable:pretrained-tts-no-local-voice-cloning,local_cuda_kazemotts_gradtts_hifigan,offline_neural_tts,22050,wav,none,tts_seed=1333714060,2026-08-10T00:00:00Z
ksc_derived_kk_v2_kazemotts:6ad31d42a9f7383d,processed/cd/cda16b7ee7982e3809214270fa8d0c9c94e12736085c6deaa7cbe0410ffea5b7.wav,2999d51a645bf5db9cf2c331b125e3792a0327b3fa384358dbcba80d2bb7bf3a,test,spoof,kk,unknown,ksc_derived_kk_v2_kazemotts:profile:kazemotts_gradtts_hifigan:M2:angry,ksc_derived_kk_v2_kazemotts,KSC text CC-BY-4.0; KazEmoTTS model CC-BY-4.0,Offline derivative for personal research from KSC transcript ksc_slr102:5f5a0cebb05d8; KazEmoTTS dataset and model CC-BY-4.0; upstream source archive used only for local inference; no voice cloning,ksc_derived_kk_v2_kazemotts:synthetic-voice:kazemotts_gradtts_hifigan:M2:angry,ksc_slr102:5f5a0cebb05d8,bc68fce46a40fefba1e9a56a1c95611503f0a2fb3d383dcfb310058de4d15410,3.77325,gradtts_hifigan_emotional_tts,ISSAI KazEmoTTS Grad-TTS + HiFi-GAN,KazEmoTTS source-revision-0db250b2ebd95c0de7f8fb7ccba9fd65d4815115; checkpoints-2024-03-11,kazemotts_gradtts_hifigan:M2:angry,not_applicable:pretrained-tts-no-local-voice-cloning,local_cuda_kazemotts_gradtts_hifigan,offline_neural_tts,22050,wav,none,tts_seed=2083765541,2026-08-10T00:00:00Z
ksc_derived_kk_v2_kazemotts:084de75c7dcdc9ec,processed/cf/cf347a23f0811d0a1047c8ad45e09728b5ca583a578cbdcf3d913a2acbc3cdfd.wav,22acd525db54d72cb82b6c299f0d0566b468cacfbaa62428e25615d2080841da,test,spoof,kk,unknown,ksc_derived_kk_v2_kazemotts:profile:kazemotts_gradtts_hifigan:M2:surprise,ksc_derived_kk_v2_kazemotts,KSC text CC-BY-4.0; KazEmoTTS model CC-BY-4.0,Offline derivative for personal research from KSC transcript ksc_slr102:5f60568076d71; KazEmoTTS dataset and model CC-BY-4.0; upstream source archive used only for local inference; no voice cloning,ksc_derived_kk_v2_kazemotts:synthetic-voice:kazemotts_gradtts_hifigan:M2:surprise,ksc_slr102:5f60568076d71,7ff1263c5239ab5b4feaa81654a95f2018dde843e4671c62fb2d354621fb59d5,6.478375,gradtts_hifigan_emotional_tts,ISSAI KazEmoTTS Grad-TTS + HiFi-GAN,KazEmoTTS source-revision-0db250b2ebd95c0de7f8fb7ccba9fd65d4815115; checkpoints-2024-03-11,kazemotts_gradtts_hifigan:M2:surprise,not_applicable:pretrained-tts-no-local-voice-cloning,local_cuda_kazemotts_gradtts_hifigan,offline_neural_tts,22050,wav,none,tts_seed=1984850525,2026-08-10T00:00:00Z
ksc_derived_kk_v2_kazemotts:49eb93697cd0ba32,processed/f9/f9c8deeb4a04f49932a2a0100a7be41d2c690b93fff28505e47abe696ab604ec.wav,d099053a4a0feab33d65c05495e4947fe44d71137b7e56ed89c73465ab173954,test,spoof,kk,unknown,ksc_derived_kk_v2_kazemotts:profile:kazemotts_gradtts_hifigan:M2:fear,ksc_derived_kk_v2_kazemotts,KSC text CC-BY-4.0; KazEmoTTS model CC-BY-4.0,Offline derivative for personal research from KSC transcript ksc_slr102:5f9f8bdedd793; KazEmoTTS dataset and model CC-BY-4.0; upstream source archive used only for local inference; no voice cloning,ksc_derived_kk_v2_kazemotts:synthetic-voice:kazemotts_gradtts_hifigan:M2:fear,ksc_slr102:5f9f8bdedd793,dc11c595373ea42f9e2a63c8bda932e4bf1b80fbbea9ebdc3f305bbb01ad4f8c,4.6904375,gradtts_hifigan_emotional_tts,ISSAI KazEmoTTS Grad-TTS + HiFi-GAN,KazEmoTTS source-revision-0db250b2ebd95c0de7f8fb7ccba9fd65d4815115; checkpoints-2024-03-11,kazemotts_gradtts_hifigan:M2:fear,not_applicable:pretrained-tts-no-local-voice-cloning,local_cuda_kazemotts_gradtts_hifigan,offline_neural_tts,22050,wav,none,tts_seed=1075837528,2026-08-10T00:00:00Z
ksc_derived_kk_v2_kazemotts:357e7efb683c15f0,processed/84/84a31d1f3a30d8de3d77d5b752a2c7b3608fcb12af0af6217b39c78452573b4d.wav,fb2c61399011c9c3c5382940123c7ca310b8b38e6b8eefdf74bf91955a283e15,test,spoof,kk,unknown,ksc_derived_kk_v2_kazemotts:profile:kazemotts_gradtts_hifigan:M2:happy,ksc_derived_kk_v2_kazemotts,KSC text CC-BY-4.0; KazEmoTTS model CC-BY-4.0,Offline derivative for personal research from KSC transcript ksc_slr102:5f619167b407e; KazEmoTTS dataset and model CC-BY-4.0; upstream source archive used only for local inference; no voice cloning,ksc_derived_kk_v2_kazemotts:synthetic-voice:kazemotts_gradtts_hifigan:M2:happy,ksc_slr102:5f619167b407e,4b4bc4fa9a510f0dd014ed380fbd9f42ece2299d52da20601556e18bafa04ec8,4.6091875,gradtts_hifigan_emotional_tts,ISSAI KazEmoTTS Grad-TTS + HiFi-GAN,KazEmoTTS source-revision-0db250b2ebd95c0de7f8fb7ccba9fd65d4815115; checkpoints-2024-03-11,kazemotts_gradtts_hifigan:M2:happy,not_applicable:pretrained-tts-no-local-voice-cloning,local_cuda_kazemotts_gradtts_hifigan,offline_neural_tts,22050,wav,none,tts_seed=1501980804,2026-08-10T00:00:00Z
ksc_derived_kk_v2_kazemotts:276238d9dcbd7d1b,processed/5e/5e00e64de42098e706a4bd0264c492fb7a2bf96b89987973d4de3d0ffa0ec7a3.wav,0dfac2aba65c62853786e09a169356f03cc6bb152389a5dbf974adad2a809cbe,test,spoof,kk,unknown,ksc_derived_kk_v2_kazemotts:profile:kazemotts_gradtts_hifigan:M2:neutral,ksc_derived_kk_v2_kazemotts,KSC text CC-BY-4.0; KazEmoTTS model CC-BY-4.0,Offline derivative for personal research from KSC transcript ksc_slr102:5f6193c2e012c; KazEmoTTS dataset and model CC-BY-4.0; upstream source archive used only for local inference; no voice cloning,ksc_derived_kk_v2_kazemotts:synthetic-voice:kazemotts_gradtts_hifigan:M2:neutral,ksc_slr102:5f6193c2e012c,4fc005885445b55de80834cee6bff2ed578ff7dbee215c1d0514a848744ada4a,4.5975625,gradtts_hifigan_emotional_tts,ISSAI KazEmoTTS Grad-TTS + HiFi-GAN,KazEmoTTS source-revision-0db250b2ebd95c0de7f8fb7ccba9fd65d4815115; checkpoints-2024-03-11,kazemotts_gradtts_hifigan:M2:neutral,not_applicable:pretrained-tts-no-local-voice-cloning,local_cuda_kazemotts_gradtts_hifigan,offline_neural_tts,22050,wav,none,tts_seed=478913174,2026-08-10T00:00:00Z
ksc_derived_kk_v2_kazemotts:14abee8741d6de5a,processed/01/01b854879a193111beb7151b407bba3bfaf47df6eb53835d5456613320c9a8d5.wav,a5460ed339bc4242e516fe611f26d80cb926576f9631a7dcbf9039cb69b2b635,test,spoof,kk,unknown,ksc_derived_kk_v2_kazemotts:profile:kazemotts_gradtts_hifigan:M2:sad,ksc_derived_kk_v2_kazemotts,KSC text CC-BY-4.0; KazEmoTTS model CC-BY-4.0,Offline derivative for personal research from KSC transcript ksc_slr102:5f60fcad314f8; KazEmoTTS dataset and model CC-BY-4.0; upstream source archive used only for local inference; no voice cloning,ksc_derived_kk_v2_kazemotts:synthetic-voice:kazemotts_gradtts_hifigan:M2:sad,ksc_slr102:5f60fcad314f8,b267c0b27ab741026d4350946c2e8a0bd3ee2884df0d30d7128fd4fca240d55f,7.6858125,gradtts_hifigan_emotional_tts,ISSAI KazEmoTTS Grad-TTS + HiFi-GAN,KazEmoTTS source-revision-0db250b2ebd95c0de7f8fb7ccba9fd65d4815115; checkpoints-2024-03-11,kazemotts_gradtts_hifigan:M2:sad,not_applicable:pretrained-tts-no-local-voice-cloning,local_cuda_kazemotts_gradtts_hifigan,offline_neural_tts,22050,wav,none,tts_seed=2122328510,2026-08-10T00:00:00Z
ksc_derived_kk_v2_kazemotts:bd907c7b99770860,processed/a2/a267ce7cd7a5b6b06627de8ec5e70a8f27236eb6e4dd474ccb161ae943c0f400.wav,be1e7a001c6f4395e295c8787f6665f270550536cd87c33f74999c19fc5a28a2,test,spoof,kk,unknown,ksc_derived_kk_v2_kazemotts:profile:kazemotts_gradtts_hifigan:M1:angry,ksc_derived_kk_v2_kazemotts,KSC text CC-BY-4.0; KazEmoTTS model CC-BY-4.0,Offline derivative for personal research from KSC transcript ksc_slr102:5f5eed3d1e392; KazEmoTTS dataset and model CC-BY-4.0; upstream source archive used only for local inference; no voice cloning,ksc_derived_kk_v2_kazemotts:synthetic-voice:kazemotts_gradtts_hifigan:M1:angry,ksc_slr102:5f5eed3d1e392,9589da5d9e9e162dc44f658a4a5da965681ed88d1e3a71cb2024ca5915c822f8,5.6773125,gradtts_hifigan_emotional_tts,ISSAI KazEmoTTS Grad-TTS + HiFi-GAN,KazEmoTTS source-revision-0db250b2ebd95c0de7f8fb7ccba9fd65d4815115; checkpoints-2024-03-11,kazemotts_gradtts_hifigan:M1:angry,not_applicable:pretrained-tts-no-local-voice-cloning,local_cuda_kazemotts_gradtts_hifigan,offline_neural_tts,22050,wav,none,tts_seed=1422910954,2026-08-10T00:00:00Z
ksc_derived_kk_v2_kazemotts:7c309d0fcda1d0a8,processed/38/38c5661820688a0e736ee06d52d9bb334c3b8842c9770b87eba32766067691ba.wav,fb078f8c2ae7f5ba22e27744145e63e556a85ab2baef5df4688cd630d6774beb,test,spoof,kk,unknown,ksc_derived_kk_v2_kazemotts:profile:kazemotts_gradtts_hifigan:M1:surprise,ksc_derived_kk_v2_kazemotts,KSC text CC-BY-4.0; KazEmoTTS model CC-BY-4.0,Offline derivative for personal research from KSC transcript ksc_slr102:5f57960db4f7d; KazEmoTTS dataset and model CC-BY-4.0; upstream source archive used only for local inference; no voice cloning,ksc_derived_kk_v2_kazemotts:synthetic-voice:kazemotts_gradtts_hifigan:M1:surprise,ksc_slr102:5f57960db4f7d,db3f6591b9a581e287230956a6c70ca6bf0fc6565c8c8967f842bec35970bb68,11.15725,gradtts_hifigan_emotional_tts,ISSAI KazEmoTTS Grad-TTS + HiFi-GAN,KazEmoTTS source-revision-0db250b2ebd95c0de7f8fb7ccba9fd65d4815115; checkpoints-2024-03-11,kazemotts_gradtts_hifigan:M1:surprise,not_applicable:pretrained-tts-no-local-voice-cloning,local_cuda_kazemotts_gradtts_hifigan,offline_neural_tts,22050,wav,none,tts_seed=1683697011,2026-08-10T00:00:00Z
ksc_derived_kk_v2_kazemotts:c9e0583e53a47eec,processed/3c/3ce02fafdba096f17cf19b228cffb31173ef7220ea3e52399ad8670c2c6507b3.wav,473b27b9343a63f56077056ac4fec6c7163f08f94f3e4a2bc329f1c37da397f4,test,spoof,kk,unknown,ksc_derived_kk_v2_kazemotts:profile:kazemotts_gradtts_hifigan:M1:fear,ksc_derived_kk_v2_kazemotts,KSC text CC-BY-4.0; KazEmoTTS model CC-BY-4.0,Offline derivative for personal research from KSC transcript ksc_slr102:5f60bd42964e9; KazEmoTTS dataset and model CC-BY-4.0; upstream source archive used only for local inference; no voice cloning,ksc_derived_kk_v2_kazemotts:synthetic-voice:kazemotts_gradtts_hifigan:M1:fear,ksc_slr102:5f60bd42964e9,b2eccd98f0d8a515eb4587bba27e43c5fd6495654be5f29c2b3753f9e93bc2da,10.9018125,gradtts_hifigan_emotional_tts,ISSAI KazEmoTTS Grad-TTS + HiFi-GAN,KazEmoTTS source-revision-0db250b2ebd95c0de7f8fb7ccba9fd65d4815115; checkpoints-2024-03-11,kazemotts_gradtts_hifigan:M1:fear,not_applicable:pretrained-tts-no-local-voice-cloning,local_cuda_kazemotts_gradtts_hifigan,offline_neural_tts,22050,wav,none,tts_seed=1191062518,2026-08-10T00:00:00Z
ksc_derived_kk_v2_kazemotts:9ad3d76d3ce33f03,processed/b2/b221392e072e7a14fe8ee429b143db295e97738667c2edc0bb9d5d41707be2fd.wav,a0cd2b309713a20832d013a7557c26334a8abcda860e32b285875510cf7ea939,test,spoof,kk,unknown,ksc_derived_kk_v2_kazemotts:profile:kazemotts_gradtts_hifigan:M1:happy,ksc_derived_kk_v2_kazemotts,KSC text CC-BY-4.0; KazEmoTTS model CC-BY-4.0,Offline derivative for personal research from KSC transcript ksc_slr102:5f5797fe5664d; KazEmoTTS dataset and model CC-BY-4.0; upstream source archive used only for local inference; no voice cloning,ksc_derived_kk_v2_kazemotts:synthetic-voice:kazemotts_gradtts_hifigan:M1:happy,ksc_slr102:5f5797fe5664d,3cbf201f194b28a49f203ddd30a1bd883775fd61091adcb6128a9bd8bb634a31,3.8196875,gradtts_hifigan_emotional_tts,ISSAI KazEmoTTS Grad-TTS + HiFi-GAN,KazEmoTTS source-revision-0db250b2ebd95c0de7f8fb7ccba9fd65d4815115; checkpoints-2024-03-11,kazemotts_gradtts_hifigan:M1:happy,not_applicable:pretrained-tts-no-local-voice-cloning,local_cuda_kazemotts_gradtts_hifigan,offline_neural_tts,22050,wav,none,tts_seed=22404923,2026-08-10T00:00:00Z
ksc_derived_kk_v2_kazemotts:0546f5d286f6e685,processed/bb/bb3ac102b09d8f9bf0e6077b1ef55893f6681369135dce24b9a5a5996e2b5078.wav,41825d7553a3cb0a9d86ad144a91ec013274b8a6fd2fb5e8e993bea66719db7d,test,spoof,kk,unknown,ksc_derived_kk_v2_kazemotts:profile:kazemotts_gradtts_hifigan:M1:neutral,ksc_derived_kk_v2_kazemotts,KSC text CC-BY-4.0; KazEmoTTS model CC-BY-4.0,Offline derivative for personal research from KSC transcript ksc_slr102:5f5fbd85edad0; KazEmoTTS dataset and model CC-BY-4.0; upstream source archive used only for local inference; no voice cloning,ksc_derived_kk_v2_kazemotts:synthetic-voice:kazemotts_gradtts_hifigan:M1:neutral,ksc_slr102:5f5fbd85edad0,b48a3bffa3e32c72e6487d60858d83ee1184a94d5197e323f0e11873dc7e9714,5.665625,gradtts_hifigan_emotional_tts,ISSAI KazEmoTTS Grad-TTS + HiFi-GAN,KazEmoTTS source-revision-0db250b2ebd95c0de7f8fb7ccba9fd65d4815115; checkpoints-2024-03-11,kazemotts_gradtts_hifigan:M1:neutral,not_applicable:pretrained-tts-no-local-voice-cloning,local_cuda_kazemotts_gradtts_hifigan,offline_neural_tts,22050,wav,none,tts_seed=1106549743,2026-08-10T00:00:00Z
ksc_derived_kk_v2_kazemotts:2a17a095cd733075,processed/26/268c998e0392a7ebab8ae91e5213a1e3a75a1f0dd5fa334f06cfa2f2404528d0.wav,c6fb8b417faf16fe44d3bfdde4929064cc2d004f4cde739f83bb9c1ec9669d87,test,spoof,kk,unknown,ksc_derived_kk_v2_kazemotts:profile:kazemotts_gradtts_hifigan:M1:sad,ksc_derived_kk_v2_kazemotts,KSC text CC-BY-4.0; KazEmoTTS model CC-BY-4.0,Offline derivative for personal research from KSC transcript ksc_slr102:5f609fb9c4325; KazEmoTTS dataset and model CC-BY-4.0; upstream source archive used only for local inference; no voice cloning,ksc_derived_kk_v2_kazemotts:synthetic-voice:kazemotts_gradtts_hifigan:M1:sad,ksc_slr102:5f609fb9c4325,18608a741ab5508c51e27f5e15f298a18656cf9a3175550dfa503d9bcecced50,7.36075,gradtts_hifigan_emotional_tts,ISSAI KazEmoTTS Grad-TTS + HiFi-GAN,KazEmoTTS source-revision-0db250b2ebd95c0de7f8fb7ccba9fd65d4815115; checkpoints-2024-03-11,kazemotts_gradtts_hifigan:M1:sad,not_applicable:pretrained-tts-no-local-voice-cloning,local_cuda_kazemotts_gradtts_hifigan,offline_neural_tts,22050,wav,none,tts_seed=2030070366,2026-08-10T00:00:00Z
ksc_derived_kk_v2_kazemotts:32a77b6efc8f7452,processed/85/85cf29b08204a772cde93a90f97be96d2173fb9d5ba1e6a1c411306afdbbfe95.wav,f60be5a6ed13c40fa963933205fad3eecbf7a93a3ca5cf791d002ae5ccbec781,test,spoof,kk,unknown,ksc_derived_kk_v2_kazemotts:profile:kazemotts_gradtts_hifigan:F1:angry,ksc_derived_kk_v2_kazemotts,KSC text CC-BY-4.0; KazEmoTTS model CC-BY-4.0,Offline derivative for personal research from KSC transcript ksc_slr102:5f568361d5c02; KazEmoTTS dataset and model CC-BY-4.0; upstream source archive used only for local inference; no voice cloning,ksc_derived_kk_v2_kazemotts:synthetic-voice:kazemotts_gradtts_hifigan:F1:angry,ksc_slr102:5f568361d5c02,c505d53f98d25ce95acd5c69855345d8e35b17dd6517b542cf6c2a172807e509,8.0805,gradtts_hifigan_emotional_tts,ISSAI KazEmoTTS Grad-TTS + HiFi-GAN,KazEmoTTS source-revision-0db250b2ebd95c0de7f8fb7ccba9fd65d4815115; checkpoints-2024-03-11,kazemotts_gradtts_hifigan:F1:angry,not_applicable:pretrained-tts-no-local-voice-cloning,local_cuda_kazemotts_gradtts_hifigan,offline_neural_tts,22050,wav,none,tts_seed=1365673343,2026-08-10T00:00:00Z
ksc_derived_kk_v2_kazemotts:a53fb67acc7a35c6,processed/5a/5a743971971fb4d1d52182bb32657223f7c3556e289ebf586436cfd71f250c4d.wav,c76e4b36b59e34ec237ceb022d429ada596e77b2ff2e0947fe879f2c8080c710,test,spoof,kk,unknown,ksc_derived_kk_v2_kazemotts:profile:kazemotts_gradtts_hifigan:F1:surprise,ksc_derived_kk_v2_kazemotts,KSC text CC-BY-4.0; KazEmoTTS model CC-BY-4.0,Offline derivative for personal research from KSC transcript ksc_slr102:5f5c9c59957b0; KazEmoTTS dataset and model CC-BY-4.0; upstream source archive used only for local inference; no voice cloning,ksc_derived_kk_v2_kazemotts:synthetic-voice:kazemotts_gradtts_hifigan:F1:surprise,ksc_slr102:5f5c9c59957b0,d41f376be6f2826f95af06a99d5a1ea490c48f9fcd4f0d282a415f07b3ab8511,4.0635,gradtts_hifigan_emotional_tts,ISSAI KazEmoTTS Grad-TTS + HiFi-GAN,KazEmoTTS source-revision-0db250b2ebd95c0de7f8fb7ccba9fd65d4815115; checkpoints-2024-03-11,kazemotts_gradtts_hifigan:F1:surprise,not_applicable:pretrained-tts-no-local-voice-cloning,local_cuda_kazemotts_gradtts_hifigan,offline_neural_tts,22050,wav,none,tts_seed=44966374,2026-08-10T00:00:00Z
ksc_derived_kk_v2_kazemotts:50966df156750752,processed/14/1405f900a3a4f2030e4f3aeb034ca78567852084113353cfa2976f9168210349.wav,24dd54a4324e72d0beb38990a66d0c323a33a6e23a099814880eab32338c3b5f,test,spoof,kk,unknown,ksc_derived_kk_v2_kazemotts:profile:kazemotts_gradtts_hifigan:F1:happy,ksc_derived_kk_v2_kazemotts,KSC text CC-BY-4.0; KazEmoTTS model CC-BY-4.0,Offline derivative for personal research from KSC transcript ksc_slr102:5f60c6787a377; KazEmoTTS dataset and model CC-BY-4.0; upstream source archive used only for local inference; no voice cloning,ksc_derived_kk_v2_kazemotts:synthetic-voice:kazemotts_gradtts_hifigan:F1:happy,ksc_slr102:5f60c6787a377,3eecec199b7cc08d9e8db8d0c0d2676b22744c7bd73aac2408ec69e5a2bf6713,4.2144375,gradtts_hifigan_emotional_tts,ISSAI KazEmoTTS Grad-TTS + HiFi-GAN,KazEmoTTS source-revision-0db250b2ebd95c0de7f8fb7ccba9fd65d4815115; checkpoints-2024-03-11,kazemotts_gradtts_hifigan:F1:happy,not_applicable:pretrained-tts-no-local-voice-cloning,local_cuda_kazemotts_gradtts_hifigan,offline_neural_tts,22050,wav,none,tts_seed=1257802735,2026-08-10T00:00:00Z
ksc_derived_kk_v2_kazemotts:c455d64b93b21426,processed/47/47ba1cace8a53577f8ee91db2a04cbf800b11f7936dd035d4293149cf6f70086.wav,71267ab78c820d9a7c306b7236cba2e8589c718aa6ec9075f8c49cdc91ee434c,test,spoof,kk,unknown,ksc_derived_kk_v2_kazemotts:profile:kazemotts_gradtts_hifigan:F1:neutral,ksc_derived_kk_v2_kazemotts,KSC text CC-BY-4.0; KazEmoTTS model CC-BY-4.0,Offline derivative for personal research from KSC transcript ksc_slr102:5f58fde4f3424; KazEmoTTS dataset and model CC-BY-4.0; upstream source archive used only for local inference; no voice cloning,ksc_derived_kk_v2_kazemotts:synthetic-voice:kazemotts_gradtts_hifigan:F1:neutral,ksc_slr102:5f58fde4f3424,f842327257821c0604a7dc0731e51e4f4a625c093ba61c0a662fc990757da7de,4.5163125,gradtts_hifigan_emotional_tts,ISSAI KazEmoTTS Grad-TTS + HiFi-GAN,KazEmoTTS source-revision-0db250b2ebd95c0de7f8fb7ccba9fd65d4815115; checkpoints-2024-03-11,kazemotts_gradtts_hifigan:F1:neutral,not_applicable:pretrained-tts-no-local-voice-cloning,local_cuda_kazemotts_gradtts_hifigan,offline_neural_tts,22050,wav,none,tts_seed=200837651,2026-08-10T00:00:00Z
ksc_derived_kk_v2_kazemotts:5df0b7cba78d3a40,processed/64/6474085b877f0459bd7455f2b24570a653f25f67cc0404fbd4c97b00a57204d5.wav,cfc60cd064d360c37b49a1460297c30dc53ecf1e1ed3fb7aa4b39318bd77dd05,test,spoof,kk,unknown,ksc_derived_kk_v2_kazemotts:profile:kazemotts_gradtts_hifigan:F1:sad,ksc_derived_kk_v2_kazemotts,KSC text CC-BY-4.0; KazEmoTTS model CC-BY-4.0,Offline derivative for personal research from KSC transcript ksc_slr102:5f59b67253f5f; KazEmoTTS dataset and model CC-BY-4.0; upstream source archive used only for local inference; no voice cloning,ksc_derived_kk_v2_kazemotts:synthetic-voice:kazemotts_gradtts_hifigan:F1:sad,ksc_slr102:5f59b67253f5f,7e94caa38f4584a38512d645b285dba53e406d26e313530df5940559703c8c65,7.15175,gradtts_hifigan_emotional_tts,ISSAI KazEmoTTS Grad-TTS + HiFi-GAN,KazEmoTTS source-revision-0db250b2ebd95c0de7f8fb7ccba9fd65d4815115; checkpoints-2024-03-11,kazemotts_gradtts_hifigan:F1:sad,not_applicable:pretrained-tts-no-local-voice-cloning,local_cuda_kazemotts_gradtts_hifigan,offline_neural_tts,22050,wav,none,tts_seed=372537150,2026-08-10T00:00:00Z
ksc_derived_kk_v2_kazemotts:999ba921ebaa727d,processed/d5/d5ac51a79dd8fac9c9f779d44ac67f3e9432b59ec7484b72fbb7fa55654c7c20.wav,a9bfe98ef03b68f3a46b8adfda9d4fda875cbca93a45863a6313369a20254ec5,test,spoof,kk,unknown,ksc_derived_kk_v2_kazemotts:profile:kazemotts_gradtts_hifigan:M2:angry,ksc_derived_kk_v2_kazemotts,KSC text CC-BY-4.0; KazEmoTTS model CC-BY-4.0,Offline derivative for personal research from KSC transcript ksc_slr102:5f5683203d4fe; KazEmoTTS dataset and model CC-BY-4.0; upstream source archive used only for local inference; no voice cloning,ksc_derived_kk_v2_kazemotts:synthetic-voice:kazemotts_gradtts_hifigan:M2:angry,ksc_slr102:5f5683203d4fe,0cdc159879a3f748bdf70eff490bb4c3da7a920054249d259da49a659e5b7695,3.8196875,gradtts_hifigan_emotional_tts,ISSAI KazEmoTTS Grad-TTS + HiFi-GAN,KazEmoTTS source-revision-0db250b2ebd95c0de7f8fb7ccba9fd65d4815115; checkpoints-2024-03-11,kazemotts_gradtts_hifigan:M2:angry,not_applicable:pretrained-tts-no-local-voice-cloning,local_cuda_kazemotts_gradtts_hifigan,offline_neural_tts,22050,wav,none,tts_seed=694265035,2026-08-10T00:00:00Z
ksc_derived_kk_v2_kazemotts:de671816ee08280b,processed/01/01e9a9434bc9b752c19f41362ee9dcde19f3570940a514dfafdf8e64115a0a4e.wav,8584a7ac360f5b1e6e4adb4081c5fffe162400796dc92eaea600a96fe48a2aee,test,spoof,kk,unknown,ksc_derived_kk_v2_kazemotts:profile:kazemotts_gradtts_hifigan:M2:surprise,ksc_derived_kk_v2_kazemotts,KSC text CC-BY-4.0; KazEmoTTS model CC-BY-4.0,Offline derivative for personal research from KSC transcript ksc_slr102:5f61886d15ce6; KazEmoTTS dataset and model CC-BY-4.0; upstream source archive used only for local inference; no voice cloning,ksc_derived_kk_v2_kazemotts:synthetic-voice:kazemotts_gradtts_hifigan:M2:surprise,ksc_slr102:5f61886d15ce6,544af6a7f45374aa7f7a937956ca96f2fa218491e2b54badf4b26cbf29155993,4.9806875,gradtts_hifigan_emotional_tts,ISSAI KazEmoTTS Grad-TTS + HiFi-GAN,KazEmoTTS source-revision-0db250b2ebd95c0de7f8fb7ccba9fd65d4815115; checkpoints-2024-03-11,kazemotts_gradtts_hifigan:M2:surprise,not_applicable:pretrained-tts-no-local-voice-cloning,local_cuda_kazemotts_gradtts_hifigan,offline_neural_tts,22050,wav,none,tts_seed=1010552821,2026-08-10T00:00:00Z
ksc_derived_kk_v2_kazemotts:7120d7986f7a4975,processed/6d/6dae5957d4846463b268d524be40fd39e685cb61e1a4e2dbf1a5cad1582fbf4a.wav,6b78fb14d685c00c526ab8e51e26da702f58990418d75f3f9ca5cef4a71330c1,test,spoof,kk,unknown,ksc_derived_kk_v2_kazemotts:profile:kazemotts_gradtts_hifigan:M2:fear,ksc_derived_kk_v2_kazemotts,KSC text CC-BY-4.0; KazEmoTTS model CC-BY-4.0,Offline derivative for personal research from KSC transcript ksc_slr102:5f6055934bc3a; KazEmoTTS dataset and model CC-BY-4.0; upstream source archive used only for local inference; no voice cloning,ksc_derived_kk_v2_kazemotts:synthetic-voice:kazemotts_gradtts_hifigan:M2:fear,ksc_slr102:5f6055934bc3a,8321e1ccc39edb5772ae6d78396235775bcef0c9b856cf051029e86d7b8d2630,5.445125,gradtts_hifigan_emotional_tts,ISSAI KazEmoTTS Grad-TTS + HiFi-GAN,KazEmoTTS source-revision-0db250b2ebd95c0de7f8fb7ccba9fd65d4815115; checkpoints-2024-03-11,kazemotts_gradtts_hifigan:M2:fear,not_applicable:pretrained-tts-no-local-voice-cloning,local_cuda_kazemotts_gradtts_hifigan,offline_neural_tts,22050,wav,none,tts_seed=154284353,2026-08-10T00:00:00Z
ksc_derived_kk_v2_kazemotts:8da626041a193287,processed/13/1326a839cc310fe48cd4bc84858d2f2c64e1f724f03f9669485639fba68b3f74.wav,d51cdc185bb24a1b686e268dc4f8c1d2785481f955b00f8b8d1025da71f13e89,test,spoof,kk,unknown,ksc_derived_kk_v2_kazemotts:profile:kazemotts_gradtts_hifigan:M2:happy,ksc_derived_kk_v2_kazemotts,KSC text CC-BY-4.0; KazEmoTTS model CC-BY-4.0,Offline derivative for personal research from KSC transcript ksc_slr102:5f59b962a709d; KazEmoTTS dataset and model CC-BY-4.0; upstream source archive used only for local inference; no voice cloning,ksc_derived_kk_v2_kazemotts:synthetic-voice:kazemotts_gradtts_hifigan:M2:happy,ksc_slr102:5f59b962a709d,b8f2693035fb76397c2cd71c47ea35965378150be19583c25ccbd40ba1624c5c,4.29575,gradtts_hifigan_emotional_tts,ISSAI KazEmoTTS Grad-TTS + HiFi-GAN,KazEmoTTS source-revision-0db250b2ebd95c0de7f8fb7ccba9fd65d4815115; checkpoints-2024-03-11,kazemotts_gradtts_hifigan:M2:happy,not_applicable:pretrained-tts-no-local-voice-cloning,local_cuda_kazemotts_gradtts_hifigan,offline_neural_tts,22050,wav,none,tts_seed=963278810,2026-08-10T00:00:00Z
ksc_derived_kk_v2_kazemotts:76ab0d530bf0c546,processed/0c/0c8cf30ba1af88daba15189499284770cf5cea6b58f3ababd53b2e22cd33bd0c.wav,c20fee62bbb00be313c78a63746c698734e0aac50498c63e87179972a9e1a42b,test,spoof,kk,unknown,ksc_derived_kk_v2_kazemotts:profile:kazemotts_gradtts_hifigan:M2:neutral,ksc_derived_kk_v2_kazemotts,KSC text CC-BY-4.0; KazEmoTTS model CC-BY-4.0,Offline derivative for personal research from KSC transcript ksc_slr102:5f5af5e115f7c; KazEmoTTS dataset and model CC-BY-4.0; upstream source archive used only for local inference; no voice cloning,ksc_derived_kk_v2_kazemotts:synthetic-voice:kazemotts_gradtts_hifigan:M2:neutral,ksc_slr102:5f5af5e115f7c,4f974f6666c51724a5605045d4a7e3f7eef6764f493f7342fe53e356b214f152,6.7570625,gradtts_hifigan_emotional_tts,ISSAI KazEmoTTS Grad-TTS + HiFi-GAN,KazEmoTTS source-revision-0db250b2ebd95c0de7f8fb7ccba9fd65d4815115; checkpoints-2024-03-11,kazemotts_gradtts_hifigan:M2:neutral,not_applicable:pretrained-tts-no-local-voice-cloning,local_cuda_kazemotts_gradtts_hifigan,offline_neural_tts,22050,wav,none,tts_seed=702151521,2026-08-10T00:00:00Z
ksc_derived_kk_v2_kazemotts:d43a3abae0e4a534,processed/d1/d16c171b39451e8bb90b7aa1d42d51940b8fd04c168d71f95461feee435ac152.wav,5c44e91e4f20022c3a1d3d22743cc42c9d05f045433d1edf2f46107865280f08,test,spoof,kk,unknown,ksc_derived_kk_v2_kazemotts:profile:kazemotts_gradtts_hifigan:M2:sad,ksc_derived_kk_v2_kazemotts,KSC text CC-BY-4.0; KazEmoTTS model CC-BY-4.0,Offline derivative for personal research from KSC transcript ksc_slr102:5f61e68fae8a3; KazEmoTTS dataset and model CC-BY-4.0; upstream source archive used only for local inference; no voice cloning,ksc_derived_kk_v2_kazemotts:synthetic-voice:kazemotts_gradtts_hifigan:M2:sad,ksc_slr102:5f61e68fae8a3,d184881cdebd8f41aee96040ae237850b89951719b5f98cc651f158d00fbb72f,6.9195625,gradtts_hifigan_emotional_tts,ISSAI KazEmoTTS Grad-TTS + HiFi-GAN,KazEmoTTS source-revision-0db250b2ebd95c0de7f8fb7ccba9fd65d4815115; checkpoints-2024-03-11,kazemotts_gradtts_hifigan:M2:sad,not_applicable:pretrained-tts-no-local-voice-cloning,local_cuda_kazemotts_gradtts_hifigan,offline_neural_tts,22050,wav,none,tts_seed=687663784,2026-08-10T00:00:00Z
ksc_derived_kk_v2_kazemotts:009aa1742213cadf,processed/cd/cdb35c68b02f686128836899ed2f2f2c6355210c74c86538d0044a8078556a4b.wav,5c8f816e1bd241d930fcf07a2de95f96c26fad03dfa7df0962bfb6b6eaa87181,test,spoof,kk,unknown,ksc_derived_kk_v2_kazemotts:profile:kazemotts_gradtts_hifigan:M1:angry,ksc_derived_kk_v2_kazemotts,KSC text CC-BY-4.0; KazEmoTTS model CC-BY-4.0,Offline derivative for personal research from KSC transcript ksc_slr102:5f2b07d74b489; KazEmoTTS dataset and model CC-BY-4.0; upstream source archive used only for local inference; no voice cloning,ksc_derived_kk_v2_kazemotts:synthetic-voice:kazemotts_gradtts_hifigan:M1:angry,ksc_slr102:5f2b07d74b489,e24b9c6d685c8d6828c13923e168b9591bbf16885b3582f182a9e2a157728f43,11.308125,gradtts_hifigan_emotional_tts,ISSAI KazEmoTTS Grad-TTS + HiFi-GAN,KazEmoTTS source-revision-0db250b2ebd95c0de7f8fb7ccba9fd65d4815115; checkpoints-2024-03-11,kazemotts_gradtts_hifigan:M1:angry,not_applicable:pretrained-tts-no-local-voice-cloning,local_cuda_kazemotts_gradtts_hifigan,offline_neural_tts,22050,wav,none,tts_seed=1729783858,2026-08-10T00:00:00Z
ksc_derived_kk_v2_kazemotts:7241b10cae101fc9,processed/71/7153a27377fc994b4d449d0a568537a62e3b344de1d374392a5c964a84c6e198.wav,fb938ecf2d40a8d9759519ade0f4a283dd5d90422435353a2b94a0ddcd25f3c8,test,spoof,kk,unknown,ksc_derived_kk_v2_kazemotts:profile:kazemotts_gradtts_hifigan:M1:surprise,ksc_derived_kk_v2_kazemotts,KSC text CC-BY-4.0; KazEmoTTS model CC-BY-4.0,Offline derivative for personal research from KSC transcript ksc_slr102:5f618a30e39c4; KazEmoTTS dataset and model CC-BY-4.0; upstream source archive used only for local inference; no voice cloning,ksc_derived_kk_v2_kazemotts:synthetic-voice:kazemotts_gradtts_hifigan:M1:surprise,ksc_slr102:5f618a30e39c4,8e348ba2e3113c88dfac9bb6505493523cd74c512c2fca2a4918ac41e198f81c,3.50625,gradtts_hifigan_emotional_tts,ISSAI KazEmoTTS Grad-TTS + HiFi-GAN,KazEmoTTS source-revision-0db250b2ebd95c0de7f8fb7ccba9fd65d4815115; checkpoints-2024-03-11,kazemotts_gradtts_hifigan:M1:surprise,not_applicable:pretrained-tts-no-local-voice-cloning,local_cuda_kazemotts_gradtts_hifigan,offline_neural_tts,22050,wav,none,tts_seed=359359310,2026-08-10T00:00:00Z
ksc_derived_kk_v2_kazemotts:67a4a0261efbe487,processed/4b/4b30c63645de8df4224dfd218262facf936dd544f27cee3a38b757a9f90dc04c.wav,5b53a4df45870221ed56a39a3626587b65df0545956e72b79f2fbe9367cc6738,test,spoof,kk,unknown,ksc_derived_kk_v2_kazemotts:profile:kazemotts_gradtts_hifigan:M1:fear,ksc_derived_kk_v2_kazemotts,KSC text CC-BY-4.0; KazEmoTTS model CC-BY-4.0,Offline derivative for personal research from KSC transcript ksc_slr102:5f5f25af9a636; KazEmoTTS dataset and model CC-BY-4.0; upstream source archive used only for local inference; no voice cloning,ksc_derived_kk_v2_kazemotts:synthetic-voice:kazemotts_gradtts_hifigan:M1:fear,ksc_slr102:5f5f25af9a636,f16457bea7586d75f455139a0ffdc487fcd1aa890f535cc9680d45d0b4b433e9,6.6176875,gradtts_hifigan_emotional_tts,ISSAI KazEmoTTS Grad-TTS + HiFi-GAN,KazEmoTTS source-revision-0db250b2ebd95c0de7f8fb7ccba9fd65d4815115; checkpoints-2024-03-11,kazemotts_gradtts_hifigan:M1:fear,not_applicable:pretrained-tts-no-local-voice-cloning,local_cuda_kazemotts_gradtts_hifigan,offline_neural_tts,22050,wav,none,tts_seed=422031719,2026-08-10T00:00:00Z
ksc_derived_kk_v2_kazemotts:77fe98d9dd9a5190,processed/ef/ef00d8e0b0ed2d21b196255cc5e427680bae8aad6bf225f486a5dda93ca668a4.wav,6e0e59dea9320a20af65356fb052b40c9e1d9e319ccb0eda34700e7aa0eab6be,test,spoof,kk,unknown,ksc_derived_kk_v2_kazemotts:profile:kazemotts_gradtts_hifigan:M1:happy,ksc_derived_kk_v2_kazemotts,KSC text CC-BY-4.0; KazEmoTTS model CC-BY-4.0,Offline derivative for personal research from KSC transcript ksc_slr102:5f61e6479e443; KazEmoTTS dataset and model CC-BY-4.0; upstream source archive used only for local inference; no voice cloning,ksc_derived_kk_v2_kazemotts:synthetic-voice:kazemotts_gradtts_hifigan:M1:happy,ksc_slr102:5f61e6479e443,f36e669a33e9121d98e335cacf43cb9fb8d8b4cbbf7f671233a77eb49e2d805c,3.8196875,gradtts_hifigan_emotional_tts,ISSAI KazEmoTTS Grad-TTS + HiFi-GAN,KazEmoTTS source-revision-0db250b2ebd95c0de7f8fb7ccba9fd65d4815115; checkpoints-2024-03-11,kazemotts_gradtts_hifigan:M1:happy,not_applicable:pretrained-tts-no-local-voice-cloning,local_cuda_kazemotts_gradtts_hifigan,offline_neural_tts,22050,wav,none,tts_seed=376214909,2026-08-10T00:00:00Z
ksc_derived_kk_v2_kazemotts:cc8f3ac7b06fb9b1,processed/f9/f9fd5a706e858d501c6a0d318da83e68d0b24a0f16908b9a5a078222c1325ff7.wav,f468866ab1d93a287d40a590683008d23bc9e4e64e802902e046e2a6ddeef544,test,spoof,kk,unknown,ksc_derived_kk_v2_kazemotts:profile:kazemotts_gradtts_hifigan:M1:sad,ksc_derived_kk_v2_kazemotts,KSC text CC-BY-4.0; KazEmoTTS model CC-BY-4.0,Offline derivative for personal research from KSC transcript ksc_slr102:5f60e75fc7d02; KazEmoTTS dataset and model CC-BY-4.0; upstream source archive used only for local inference; no voice cloning,ksc_derived_kk_v2_kazemotts:synthetic-voice:kazemotts_gradtts_hifigan:M1:sad,ksc_slr102:5f60e75fc7d02,01a59a7e21275d013a4fbfbfbcf6d1a8839011222a1de504df09dcf96ea78ba8,3.599125,gradtts_hifigan_emotional_tts,ISSAI KazEmoTTS Grad-TTS + HiFi-GAN,KazEmoTTS source-revision-0db250b2ebd95c0de7f8fb7ccba9fd65d4815115; checkpoints-2024-03-11,kazemotts_gradtts_hifigan:M1:sad,not_applicable:pretrained-tts-no-local-voice-cloning,local_cuda_kazemotts_gradtts_hifigan,offline_neural_tts,22050,wav,none,tts_seed=880228188,2026-08-10T00:00:00Z
ksc_derived_kk_v2_kazemotts:bc938a4afe45c74f,processed/63/63017cf4a86d883315896a13c004858604b6ff060ddbf28087b32615198a3fbd.wav,f0a4b47f7fc4eed6b44d71c729e23e5b80ca683f5cc0c841e0f59ecff56b6618,test,spoof,kk,unknown,ksc_derived_kk_v2_kazemotts:profile:kazemotts_gradtts_hifigan:F1:surprise,ksc_derived_kk_v2_kazemotts,KSC text CC-BY-4.0; KazEmoTTS model CC-BY-4.0,Offline derivative for personal research from KSC transcript ksc_slr102:5f61ea1625607; KazEmoTTS dataset and model CC-BY-4.0; upstream source archive used only for local inference; no voice cloning,ksc_derived_kk_v2_kazemotts:synthetic-voice:kazemotts_gradtts_hifigan:F1:surprise,ksc_slr102:5f61ea1625607,1d040b8ea0f8d9cb0de96cc06d921fcac02ad86fb01e2a30cc668109f7b8d43a,3.71525,gradtts_hifigan_emotional_tts,ISSAI KazEmoTTS Grad-TTS + HiFi-GAN,KazEmoTTS source-revision-0db250b2ebd95c0de7f8fb7ccba9fd65d4815115; checkpoints-2024-03-11,kazemotts_gradtts_hifigan:F1:surprise,not_applicable:pretrained-tts-no-local-voice-cloning,local_cuda_kazemotts_gradtts_hifigan,offline_neural_tts,22050,wav,none,tts_seed=1327018425,2026-08-10T00:00:00Z
ksc_derived_kk_v2_kazemotts:411d97217d41fe9e,processed/42/4217d9e34a5501357e90eb03d1eb0477de6891f3773440e807cd911d6d4c1641.wav,74faaa260643f8ae6af0dbaf78417157f4dd82d13def294d7166e75d8ea055e6,test,spoof,kk,unknown,ksc_derived_kk_v2_kazemotts:profile:kazemotts_gradtts_hifigan:F1:fear,ksc_derived_kk_v2_kazemotts,KSC text CC-BY-4.0; KazEmoTTS model CC-BY-4.0,Offline derivative for personal research from KSC transcript ksc_slr102:5f5c366b57ebb; KazEmoTTS dataset and model CC-BY-4.0; upstream source archive used only for local inference; no voice cloning,ksc_derived_kk_v2_kazemotts:synthetic-voice:kazemotts_gradtts_hifigan:F1:fear,ksc_slr102:5f5c366b57ebb,c02533e298b06d30f676d7864c48790ca78daed15c7de606b2e5ebdd34be6bc3,3.29725,gradtts_hifigan_emotional_tts,ISSAI KazEmoTTS Grad-TTS + HiFi-GAN,KazEmoTTS source-revision-0db250b2ebd95c0de7f8fb7ccba9fd65d4815115; checkpoints-2024-03-11,kazemotts_gradtts_hifigan:F1:fear,not_applicable:pretrained-tts-no-local-voice-cloning,local_cuda_kazemotts_gradtts_hifigan,offline_neural_tts,22050,wav,none,tts_seed=841557015,2026-08-10T00:00:00Z
ksc_derived_kk_v2_kazemotts:af831606e74e54a5,processed/99/99f73d767a2035e6e5a33e46d1b1a543fbbed514cb2fd10a91a71006ab4427c1.wav,516f39557d1e822b681dfba6bf09b497034356445bcbc1ea64f1f8a646c4f90e,test,spoof,kk,unknown,ksc_derived_kk_v2_kazemotts:profile:kazemotts_gradtts_hifigan:F1:happy,ksc_derived_kk_v2_kazemotts,KSC text CC-BY-4.0; KazEmoTTS model CC-BY-4.0,Offline derivative for personal research from KSC transcript ksc_slr102:5f58c71d71317; KazEmoTTS dataset and model CC-BY-4.0; upstream source archive used only for local inference; no voice cloning,ksc_derived_kk_v2_kazemotts:synthetic-voice:kazemotts_gradtts_hifigan:F1:happy,ksc_slr102:5f58c71d71317,e98b74fddd2b5efa2abf1f576248c0a4ff17ba9bd8e5f4c8d56dbb03586594bc,5.955875,gradtts_hifigan_emotional_tts,ISSAI KazEmoTTS Grad-TTS + HiFi-GAN,KazEmoTTS source-revision-0db250b2ebd95c0de7f8fb7ccba9fd65d4815115; checkpoints-2024-03-11,kazemotts_gradtts_hifigan:F1:happy,not_applicable:pretrained-tts-no-local-voice-cloning,local_cuda_kazemotts_gradtts_hifigan,offline_neural_tts,22050,wav,none,tts_seed=1943192343,2026-08-10T00:00:00Z
ksc_derived_kk_v2_kazemotts:c4b01f6b84f28574,processed/c4/c44b6eae8f3632f310d4e9e1435b2bf9da8a3ee19921533e27540bdbf26b9b7e.wav,712a8d7ca0f783c0e456a88d562ba0d2d601ca799c82dfd471943d04c241f179,test,spoof,kk,unknown,ksc_derived_kk_v2_kazemotts:profile:kazemotts_gradtts_hifigan:F1:sad,ksc_derived_kk_v2_kazemotts,KSC text CC-BY-4.0; KazEmoTTS model CC-BY-4.0,Offline derivative for personal research from KSC transcript ksc_slr102:5f5773ebca6fb; KazEmoTTS dataset and model CC-BY-4.0; upstream source archive used only for local inference; no voice cloning,ksc_derived_kk_v2_kazemotts:synthetic-voice:kazemotts_gradtts_hifigan:F1:sad,ksc_slr102:5f5773ebca6fb,8bd9fef8230c9954ae195cd76b8b00d8938a048c1a6d613884efccd56a93eeb3,5.5844375,gradtts_hifigan_emotional_tts,ISSAI KazEmoTTS Grad-TTS + HiFi-GAN,KazEmoTTS source-revision-0db250b2ebd95c0de7f8fb7ccba9fd65d4815115; checkpoints-2024-03-11,kazemotts_gradtts_hifigan:F1:sad,not_applicable:pretrained-tts-no-local-voice-cloning,local_cuda_kazemotts_gradtts_hifigan,offline_neural_tts,22050,wav,none,tts_seed=682415958,2026-08-10T00:00:00Z
ksc_derived_kk_v2_kazemotts:d84837f52ca2eeba,processed/a4/a46702d43acddaf03c9087a5b05191bb93aa6d7380326d8bfb87220a07b87412.wav,387c77b533dec6d0c529e8e8b7cf96d9a5eeb596c2a4d29984c40a48e44c41a0,test,spoof,kk,unknown,ksc_derived_kk_v2_kazemotts:profile:kazemotts_gradtts_hifigan:M2:angry,ksc_derived_kk_v2_kazemotts,KSC text CC-BY-4.0; KazEmoTTS model CC-BY-4.0,Offline derivative for personal research from KSC transcript ksc_slr102:5f60bfebc11c2; KazEmoTTS dataset and model CC-BY-4.0; upstream source archive used only for local inference; no voice cloning,ksc_derived_kk_v2_kazemotts:synthetic-voice:kazemotts_gradtts_hifigan:M2:angry,ksc_slr102:5f60bfebc11c2,07d37c750ad021d7512ace73ff8901648bc9e7ce915db3f38b1a5f675f66f82a,12.202125,gradtts_hifigan_emotional_tts,ISSAI KazEmoTTS Grad-TTS + HiFi-GAN,KazEmoTTS source-revision-0db250b2ebd95c0de7f8fb7ccba9fd65d4815115; checkpoints-2024-03-11,kazemotts_gradtts_hifigan:M2:angry,not_applicable:pretrained-tts-no-local-voice-cloning,local_cuda_kazemotts_gradtts_hifigan,offline_neural_tts,22050,wav,none,tts_seed=826109769,2026-08-10T00:00:00Z
ksc_derived_kk_v2_kazemotts:751a1f00c0882647,processed/e0/e073cc26552678cf2f0b0b6e9271a0bb97d5120995f53e66ac7eb8422d635761.wav,2df0d069ddefa7ca140edfde63c2d01e07306b751f6542e945c9b4a7199309a0,test,spoof,kk,unknown,ksc_derived_kk_v2_kazemotts:profile:kazemotts_gradtts_hifigan:M2:surprise,ksc_derived_kk_v2_kazemotts,KSC text CC-BY-4.0; KazEmoTTS model CC-BY-4.0,Offline derivative for personal research from KSC transcript ksc_slr102:5f59bc60d6d68; KazEmoTTS dataset and model CC-BY-4.0; upstream source archive used only for local inference; no voice cloning,ksc_derived_kk_v2_kazemotts:synthetic-voice:kazemotts_gradtts_hifigan:M2:surprise,ksc_slr102:5f59bc60d6d68,56a810b5754e98015fe42753572803baedb390d46aa20c4aa465616b0c74d9f0,4.35375,gradtts_hifigan_emotional_tts,ISSAI KazEmoTTS Grad-TTS + HiFi-GAN,KazEmoTTS source-revision-0db250b2ebd95c0de7f8fb7ccba9fd65d4815115; checkpoints-2024-03-11,kazemotts_gradtts_hifigan:M2:surprise,not_applicable:pretrained-tts-no-local-voice-cloning,local_cuda_kazemotts_gradtts_hifigan,offline_neural_tts,22050,wav,none,tts_seed=236233448,2026-08-10T00:00:00Z
ksc_derived_kk_v2_kazemotts:a865e6333d0e33fd,processed/93/93268cbc0926efc9eed60a84bdb9e88897a2bc26771bae0d9119c20418e38ca8.wav,3660742acf92f4ef42f1c6aa97f3de95be8e8b8debeb03af1b112bd20e54dc7c,test,spoof,kk,unknown,ksc_derived_kk_v2_kazemotts:profile:kazemotts_gradtts_hifigan:M2:fear,ksc_derived_kk_v2_kazemotts,KSC text CC-BY-4.0; KazEmoTTS model CC-BY-4.0,Offline derivative for personal research from KSC transcript ksc_slr102:5f59bc8681093; KazEmoTTS dataset and model CC-BY-4.0; upstream source archive used only for local inference; no voice cloning,ksc_derived_kk_v2_kazemotts:synthetic-voice:kazemotts_gradtts_hifigan:M2:fear,ksc_slr102:5f59bc8681093,19451533defbe34f80f71e24b8bf0c5e4c8bedccb6b9bb431f300452c0b6bd48,5.4799375,gradtts_hifigan_emotional_tts,ISSAI KazEmoTTS Grad-TTS + HiFi-GAN,KazEmoTTS source-revision-0db250b2ebd95c0de7f8fb7ccba9fd65d4815115; checkpoints-2024-03-11,kazemotts_gradtts_hifigan:M2:fear,not_applicable:pretrained-tts-no-local-voice-cloning,local_cuda_kazemotts_gradtts_hifigan,offline_neural_tts,22050,wav,none,tts_seed=327757813,2026-08-10T00:00:00Z
ksc_derived_kk_v2_kazemotts:c9cf6d660463a44e,processed/c4/c499ab9ab811664968d83f08a8b67102e71807e8cb21272220a5bd8532c783d2.wav,dc7f2654a71e7252eadcbec2f5db3bb4b45c2b8c3ebb09f0486ba162276f2bb0,test,spoof,kk,unknown,ksc_derived_kk_v2_kazemotts:profile:kazemotts_gradtts_hifigan:M2:neutral,ksc_derived_kk_v2_kazemotts,KSC text CC-BY-4.0; KazEmoTTS model CC-BY-4.0,Offline derivative for personal research from KSC transcript ksc_slr102:5f60986a6ee79; KazEmoTTS dataset and model CC-BY-4.0; upstream source archive used only for local inference; no voice cloning,ksc_derived_kk_v2_kazemotts:synthetic-voice:kazemotts_gradtts_hifigan:M2:neutral,ksc_slr102:5f60986a6ee79,b2fc05ffb01ac33bcfdc26b079d7b7333aa57eecb3b6accca9690995bd6c4f41,11.1920625,gradtts_hifigan_emotional_tts,ISSAI KazEmoTTS Grad-TTS + HiFi-GAN,KazEmoTTS source-revision-0db250b2ebd95c0de7f8fb7ccba9fd65d4815115; checkpoints-2024-03-11,kazemotts_gradtts_hifigan:M2:neutral,not_applicable:pretrained-tts-no-local-voice-cloning,local_cuda_kazemotts_gradtts_hifigan,offline_neural_tts,22050,wav,none,tts_seed=532059190,2026-08-10T00:00:00Z
ksc_derived_kk_v2_kazemotts:22366e3057e3ac7d,processed/ac/ac3ff0c9b9ed92bc285dd55730f5f2f7d2976d1def60f08676f505fc1d227927.wav,a00a98d639a4b6e34a3684ed31492ca77124619c0acada2c74b9277cbc75323c,test,spoof,kk,unknown,ksc_derived_kk_v2_kazemotts:profile:kazemotts_gradtts_hifigan:M1:angry,ksc_derived_kk_v2_kazemotts,KSC text CC-BY-4.0; KazEmoTTS model CC-BY-4.0,Offline derivative for personal research from KSC transcript ksc_slr102:5f60af40572b4; KazEmoTTS dataset and model CC-BY-4.0; upstream source archive used only for local inference; no voice cloning,ksc_derived_kk_v2_kazemotts:synthetic-voice:kazemotts_gradtts_hifigan:M1:angry,ksc_slr102:5f60af40572b4,98ad71b9c3d979981353220f3e784c877bad535d222c3355ebaf0b12cab6777d,3.4365625,gradtts_hifigan_emotional_tts,ISSAI KazEmoTTS Grad-TTS + HiFi-GAN,KazEmoTTS source-revision-0db250b2ebd95c0de7f8fb7ccba9fd65d4815115; checkpoints-2024-03-11,kazemotts_gradtts_hifigan:M1:angry,not_applicable:pretrained-tts-no-local-voice-cloning,local_cuda_kazemotts_gradtts_hifigan,offline_neural_tts,22050,wav,none,tts_seed=1061667503,2026-08-10T00:00:00Z
ksc_derived_kk_v2_kazemotts:4040c31e5c883cf1,processed/18/180a9ae5fcbc4ec56ae410bb717378c422fffb39e53a955a07b1747bf2b1751a.wav,873ebc7a9d8b9642888ce87c8274cb482c0cf8731b5f19f7d43ec3d787cfc3a1,test,spoof,kk,unknown,ksc_derived_kk_v2_kazemotts:profile:kazemotts_gradtts_hifigan:M1:fear,ksc_derived_kk_v2_kazemotts,KSC text CC-BY-4.0; KazEmoTTS model CC-BY-4.0,Offline derivative for personal research from KSC transcript ksc_slr102:5f6197501ee3b; KazEmoTTS dataset and model CC-BY-4.0; upstream source archive used only for local inference; no voice cloning,ksc_derived_kk_v2_kazemotts:synthetic-voice:kazemotts_gradtts_hifigan:M1:fear,ksc_slr102:5f6197501ee3b,266f29d508b71786b74370a4cb86104a0f0d614f47ec0160501e6a7a3fc5e441,6.2578125,gradtts_hifigan_emotional_tts,ISSAI KazEmoTTS Grad-TTS + HiFi-GAN,KazEmoTTS source-revision-0db250b2ebd95c0de7f8fb7ccba9fd65d4815115; checkpoints-2024-03-11,kazemotts_gradtts_hifigan:M1:fear,not_applicable:pretrained-tts-no-local-voice-cloning,local_cuda_kazemotts_gradtts_hifigan,offline_neural_tts,22050,wav,none,tts_seed=529537059,2026-08-10T00:00:00Z
ksc_derived_kk_v2_kazemotts:23571006c296ad69,processed/2a/2aafb696cdc54d9b02dec43f013d21c4fe360d49028c6d05cad8aecc0a510104.wav,e0d7cc20b37b424bb8bbe15e730efd084794871c64e5753986f1170908b7c059,test,spoof,kk,unknown,ksc_derived_kk_v2_kazemotts:profile:kazemotts_gradtts_hifigan:M1:happy,ksc_derived_kk_v2_kazemotts,KSC text CC-BY-4.0; KazEmoTTS model CC-BY-4.0,Offline derivative for personal research from KSC transcript ksc_slr102:5f58facd57d3c; KazEmoTTS dataset and model CC-BY-4.0; upstream source archive used only for local inference; no voice cloning,ksc_derived_kk_v2_kazemotts:synthetic-voice:kazemotts_gradtts_hifigan:M1:happy,ksc_slr102:5f58facd57d3c,d72903376cdc9f218e8bc29ab9d1c254a90b445fc8cda8090e19ff3487c43b3c,3.98225,gradtts_hifigan_emotional_tts,ISSAI KazEmoTTS Grad-TTS + HiFi-GAN,KazEmoTTS source-revision-0db250b2ebd95c0de7f8fb7ccba9fd65d4815115; checkpoints-2024-03-11,kazemotts_gradtts_hifigan:M1:happy,not_applicable:pretrained-tts-no-local-voice-cloning,local_cuda_kazemotts_gradtts_hifigan,offline_neural_tts,22050,wav,none,tts_seed=763373388,2026-08-10T00:00:00Z
ksc_derived_kk_v2_kazemotts:245c36924540ed42,processed/ed/ed91fbb38cb6f40bf41338c08d4f91a460fb9461160287b1eae0abc8e763e98e.wav,01b201c0357c4dc92b4c453eb55321d12c1d30b5f9ba20da1c8cb7a7f5ae45f4,test,spoof,kk,unknown,ksc_derived_kk_v2_kazemotts:profile:kazemotts_gradtts_hifigan:M1:neutral,ksc_derived_kk_v2_kazemotts,KSC text CC-BY-4.0; KazEmoTTS model CC-BY-4.0,Offline derivative for personal research from KSC transcript ksc_slr102:5f5facdfc739d; KazEmoTTS dataset and model CC-BY-4.0; upstream source archive used only for local inference; no voice cloning,ksc_derived_kk_v2_kazemotts:synthetic-voice:kazemotts_gradtts_hifigan:M1:neutral,ksc_slr102:5f5facdfc739d,bd3b288909f59fdd7aeeab84c6c2f154075cda7d512a3d7183fcb3cb1c7d6ad8,3.19275,gradtts_hifigan_emotional_tts,ISSAI KazEmoTTS Grad-TTS + HiFi-GAN,KazEmoTTS source-revision-0db250b2ebd95c0de7f8fb7ccba9fd65d4815115; checkpoints-2024-03-11,kazemotts_gradtts_hifigan:M1:neutral,not_applicable:pretrained-tts-no-local-voice-cloning,local_cuda_kazemotts_gradtts_hifigan,offline_neural_tts,22050,wav,none,tts_seed=191618488,2026-08-10T00:00:00Z
ksc_derived_kk_v2_kazemotts:50f624aa19f2143a,processed/20/20f0dc4614a6c3ef7fd18138b94ca397a5d48c5a1694cc075bf31aad4318e088.wav,e0a1ef3c93a1d6414d7331286302587edd9750fcfccebe9336b0a85e4850b30f,test,spoof,kk,unknown,ksc_derived_kk_v2_kazemotts:profile:kazemotts_gradtts_hifigan:F1:angry,ksc_derived_kk_v2_kazemotts,KSC text CC-BY-4.0; KazEmoTTS model CC-BY-4.0,Offline derivative for personal research from KSC transcript ksc_slr102:5f5af80f664a3; KazEmoTTS dataset and model CC-BY-4.0; upstream source archive used only for local inference; no voice cloning,ksc_derived_kk_v2_kazemotts:synthetic-voice:kazemotts_gradtts_hifigan:F1:angry,ksc_slr102:5f5af80f664a3,d4db66fff2dd94ccc3e5a36d9e409f460fed894db29bc37212f1534759b054d0,6.3506875,gradtts_hifigan_emotional_tts,ISSAI KazEmoTTS Grad-TTS + HiFi-GAN,KazEmoTTS source-revision-0db250b2ebd95c0de7f8fb7ccba9fd65d4815115; checkpoints-2024-03-11,kazemotts_gradtts_hifigan:F1:angry,not_applicable:pretrained-tts-no-local-voice-cloning,local_cuda_kazemotts_gradtts_hifigan,offline_neural_tts,22050,wav,none,tts_seed=1974116666,2026-08-10T00:00:00Z
ksc_derived_kk_v2_kazemotts:8cd23a1800ab1f1a,processed/39/393291abdc2b1f95ec4f5afb89fc3ff59dc3bc43b769e236fffe805520fe8f32.wav,3afbbc2c82d348418c7ea51dfcf2dcd4f139844973041d7d956bcf3bf77384da,test,spoof,kk,unknown,ksc_derived_kk_v2_kazemotts:profile:kazemotts_gradtts_hifigan:F1:surprise,ksc_derived_kk_v2_kazemotts,KSC text CC-BY-4.0; KazEmoTTS model CC-BY-4.0,Offline derivative for personal research from KSC transcript ksc_slr102:5f60bf0e9c229; KazEmoTTS dataset and model CC-BY-4.0; upstream source archive used only for local inference; no voice cloning,ksc_derived_kk_v2_kazemotts:synthetic-voice:kazemotts_gradtts_hifigan:F1:surprise,ksc_slr102:5f60bf0e9c229,3e82a17454d5a29585d72e8cf13276e757693639396d88de79cc99347092358e,6.6525625,gradtts_hifigan_emotional_tts,ISSAI KazEmoTTS Grad-TTS + HiFi-GAN,KazEmoTTS source-revision-0db250b2ebd95c0de7f8fb7ccba9fd65d4815115; checkpoints-2024-03-11,kazemotts_gradtts_hifigan:F1:surprise,not_applicable:pretrained-tts-no-local-voice-cloning,local_cuda_kazemotts_gradtts_hifigan,offline_neural_tts,22050,wav,none,tts_seed=383608306,2026-08-10T00:00:00Z
ksc_derived_kk_v2_kazemotts:257a5d55525685aa,processed/ea/eaa735f14fb7c3a36e3e99b1d81623feaf2144549211f81fa40d696adf5ac1a7.wav,42646c86162a90bc6b5806b5e1f916140bfbd95eba1c0363e535a70f2c6b8274,test,spoof,kk,unknown,ksc_derived_kk_v2_kazemotts:profile:kazemotts_gradtts_hifigan:F1:fear,ksc_derived_kk_v2_kazemotts,KSC text CC-BY-4.0; KazEmoTTS model CC-BY-4.0,Offline derivative for personal research from KSC transcript ksc_slr102:5f5799d81e617; KazEmoTTS dataset and model CC-BY-4.0; upstream source archive used only for local inference; no voice cloning,ksc_derived_kk_v2_kazemotts:synthetic-voice:kazemotts_gradtts_hifigan:F1:fear,ksc_slr102:5f5799d81e617,554011501e1d75f0b86d91272ff4bcb32c41c42d666d4942db586943fd1b341b,11.8654375,gradtts_hifigan_emotional_tts,ISSAI KazEmoTTS Grad-TTS + HiFi-GAN,KazEmoTTS source-revision-0db250b2ebd95c0de7f8fb7ccba9fd65d4815115; checkpoints-2024-03-11,kazemotts_gradtts_hifigan:F1:fear,not_applicable:pretrained-tts-no-local-voice-cloning,local_cuda_kazemotts_gradtts_hifigan,offline_neural_tts,22050,wav,none,tts_seed=666052164,2026-08-10T00:00:00Z
ksc_derived_kk_v2_kazemotts:e3fb8a844ca1d2a9,processed/ca/ca3f85511f797f29f4dc123cbf083a1cd441937952b9d8c12a2c645c5a33125b.wav,b436d8b19d950fa34aa4ea6e0ae7d0ddd0c76daa8fd3ecf750f45a416e838813,test,spoof,kk,unknown,ksc_derived_kk_v2_kazemotts:profile:kazemotts_gradtts_hifigan:F1:happy,ksc_derived_kk_v2_kazemotts,KSC text CC-BY-4.0; KazEmoTTS model CC-BY-4.0,Offline derivative for personal research from KSC transcript ksc_slr102:5f60aa1051c28; KazEmoTTS dataset and model CC-BY-4.0; upstream source archive used only for local inference; no voice cloning,ksc_derived_kk_v2_kazemotts:synthetic-voice:kazemotts_gradtts_hifigan:F1:happy,ksc_slr102:5f60aa1051c28,15e53f25a54169edbd023aa5441c6b299bc275c021390bd6caadb6d9d7561b06,5.14325,gradtts_hifigan_emotional_tts,ISSAI KazEmoTTS Grad-TTS + HiFi-GAN,KazEmoTTS source-revision-0db250b2ebd95c0de7f8fb7ccba9fd65d4815115; checkpoints-2024-03-11,kazemotts_gradtts_hifigan:F1:happy,not_applicable:pretrained-tts-no-local-voice-cloning,local_cuda_kazemotts_gradtts_hifigan,offline_neural_tts,22050,wav,none,tts_seed=2040132745,2026-08-10T00:00:00Z
ksc_derived_kk_v2_kazemotts:39b44bce2aeda0dd,processed/48/484b07798ac6ae3ff307dc46a8e8e34f6390678ede838938a18dd4a91099ecd9.wav,82bea455031fd2c2afd5af5afd2f61439fdce9b3371489556f498af803440f89,test,spoof,kk,unknown,ksc_derived_kk_v2_kazemotts:profile:kazemotts_gradtts_hifigan:F1:neutral,ksc_derived_kk_v2_kazemotts,KSC text CC-BY-4.0; KazEmoTTS model CC-BY-4.0,Offline derivative for personal research from KSC transcript ksc_slr102:5f61c31c6fcec; KazEmoTTS dataset and model CC-BY-4.0; upstream source archive used only for local inference; no voice cloning,ksc_derived_kk_v2_kazemotts:synthetic-voice:kazemotts_gradtts_hifigan:F1:neutral,ksc_slr102:5f61c31c6fcec,a8f1410b62546fb615c48273c1594a0bb5c59e8eadd5671161e4859853de928e,7.0240625,gradtts_hifigan_emotional_tts,ISSAI KazEmoTTS Grad-TTS + HiFi-GAN,KazEmoTTS source-revision-0db250b2ebd95c0de7f8fb7ccba9fd65d4815115; checkpoints-2024-03-11,kazemotts_gradtts_hifigan:F1:neutral,not_applicable:pretrained-tts-no-local-voice-cloning,local_cuda_kazemotts_gradtts_hifigan,offline_neural_tts,22050,wav,none,tts_seed=1679400469,2026-08-10T00:00:00Z
ksc_derived_kk_v2_kazemotts:0a3145d883b710c5,processed/48/480e8104ec693e4025540261d122816a35cabe0cfda7d13b57293f92fbe7d58b.wav,ae83501708394f36b9dc73e8534aedf248134d273355781ab9f9bd0cbe1c0f54,test,spoof,kk,unknown,ksc_derived_kk_v2_kazemotts:profile:kazemotts_gradtts_hifigan:F1:sad,ksc_derived_kk_v2_kazemotts,KSC text CC-BY-4.0; KazEmoTTS model CC-BY-4.0,Offline derivative for personal research from KSC transcript ksc_slr102:5f609c100a602; KazEmoTTS dataset and model CC-BY-4.0; upstream source archive used only for local inference; no voice cloning,ksc_derived_kk_v2_kazemotts:synthetic-voice:kazemotts_gradtts_hifigan:F1:sad,ksc_slr102:5f609c100a602,fc0dad9878d5bc1d33d9df249af6f061f93784603b066c0b161cc95fa23d9077,5.7701875,gradtts_hifigan_emotional_tts,ISSAI KazEmoTTS Grad-TTS + HiFi-GAN,KazEmoTTS source-revision-0db250b2ebd95c0de7f8fb7ccba9fd65d4815115; checkpoints-2024-03-11,kazemotts_gradtts_hifigan:F1:sad,not_applicable:pretrained-tts-no-local-voice-cloning,local_cuda_kazemotts_gradtts_hifigan,offline_neural_tts,22050,wav,none,tts_seed=725536203,2026-08-10T00:00:00Z
ksc_derived_kk_v2_kazemotts:714ecc395f63223d,processed/a5/a563d3a8cc690db1b920130c43cd61ecf2ef86af11e77899077cfa9a9cb0bf50.wav,b3fe46e0dbf2709639e2b7d41a4372513aa2b8001a3a13a02e60779d3605a19d,test,spoof,kk,unknown,ksc_derived_kk_v2_kazemotts:profile:kazemotts_gradtts_hifigan:M2:angry,ksc_derived_kk_v2_kazemotts,KSC text CC-BY-4.0; KazEmoTTS model CC-BY-4.0,Offline derivative for personal research from KSC transcript ksc_slr102:5f60e2aec6d5b; KazEmoTTS dataset and model CC-BY-4.0; upstream source archive used only for local inference; no voice cloning,ksc_derived_kk_v2_kazemotts:synthetic-voice:kazemotts_gradtts_hifigan:M2:angry,ksc_slr102:5f60e2aec6d5b,486335ac3d7e59ba4ef90d6b168abf0e7ed6a5f16019c7216a433811b67f7f1a,7.0356875,gradtts_hifigan_emotional_tts,ISSAI KazEmoTTS Grad-TTS + HiFi-GAN,KazEmoTTS source-revision-0db250b2ebd95c0de7f8fb7ccba9fd65d4815115; checkpoints-2024-03-11,kazemotts_gradtts_hifigan:M2:angry,not_applicable:pretrained-tts-no-local-voice-cloning,local_cuda_kazemotts_gradtts_hifigan,offline_neural_tts,22050,wav,none,tts_seed=2100347743,2026-08-10T00:00:00Z
ksc_derived_kk_v2_kazemotts:1aa85966ef8e6a18,processed/b7/b78cfe8e931041567d460ed7d146dfc39c86f9bcc865a67e6a7fe550414a6f0c.wav,b0b8b8030a217d41bdecd79d5d427c71ea377184e7c63186ff044b9015e9448e,test,spoof,kk,unknown,ksc_derived_kk_v2_kazemotts:profile:kazemotts_gradtts_hifigan:M2:surprise,ksc_derived_kk_v2_kazemotts,KSC text CC-BY-4.0; KazEmoTTS model CC-BY-4.0,Offline derivative for personal research from KSC transcript ksc_slr102:5f618d0fdb3cb; KazEmoTTS dataset and model CC-BY-4.0; upstream source archive used only for local inference; no voice cloning,ksc_derived_kk_v2_kazemotts:synthetic-voice:kazemotts_gradtts_hifigan:M2:surprise,ksc_slr102:5f618d0fdb3cb,c9a9b9cf58d380e9ceedf5c8c3ac817f559035b4f47ccced792f8f20c9de57ae,9.89175,gradtts_hifigan_emotional_tts,ISSAI KazEmoTTS Grad-TTS + HiFi-GAN,KazEmoTTS source-revision-0db250b2ebd95c0de7f8fb7ccba9fd65d4815115; checkpoints-2024-03-11,kazemotts_gradtts_hifigan:M2:surprise,not_applicable:pretrained-tts-no-local-voice-cloning,local_cuda_kazemotts_gradtts_hifigan,offline_neural_tts,22050,wav,none,tts_seed=476609915,2026-08-10T00:00:00Z
ksc_derived_kk_v2_kazemotts:509090701cf541c3,processed/26/265707a1c154f7cd90f892fa2282073de13c2ebf6e34fcb18101ca9d4716291a.wav,fb0ac4543fecce1ea9096e5f252944da327c2a65a9f185924b45563a372fa7b2,test,spoof,kk,unknown,ksc_derived_kk_v2_kazemotts:profile:kazemotts_gradtts_hifigan:M2:fear,ksc_derived_kk_v2_kazemotts,KSC text CC-BY-4.0; KazEmoTTS model CC-BY-4.0,Offline derivative for personal research from KSC transcript ksc_slr102:5f5a0f3f114eb; KazEmoTTS dataset and model CC-BY-4.0; upstream source archive used only for local inference; no voice cloning,ksc_derived_kk_v2_kazemotts:synthetic-voice:kazemotts_gradtts_hifigan:M2:fear,ksc_slr102:5f5a0f3f114eb,55c4af6c2c6da9c371a2a697f7981e0a30de8bf13b612d2b59fc76be7d500a49,4.4118125,gradtts_hifigan_emotional_tts,ISSAI KazEmoTTS Grad-TTS + HiFi-GAN,KazEmoTTS source-revision-0db250b2ebd95c0de7f8fb7ccba9fd65d4815115; checkpoints-2024-03-11,kazemotts_gradtts_hifigan:M2:fear,not_applicable:pretrained-tts-no-local-voice-cloning,local_cuda_kazemotts_gradtts_hifigan,offline_neural_tts,22050,wav,none,tts_seed=1925415603,2026-08-10T00:00:00Z
ksc_derived_kk_v2_kazemotts:0f4bd88f752c4dbd,processed/a8/a85922f873d19a6f4009aeba35a40209987476d3f9860f4645e5a8684689adc7.wav,74d7777008d82344dd22f4eebf376d68e909b8d73b1f5498adc5b8150b0d9049,test,spoof,kk,unknown,ksc_derived_kk_v2_kazemotts:profile:kazemotts_gradtts_hifigan:M2:happy,ksc_derived_kk_v2_kazemotts,KSC text CC-BY-4.0; KazEmoTTS model CC-BY-4.0,Offline derivative for personal research from KSC transcript ksc_slr102:5f5688646bbc6; KazEmoTTS dataset and model CC-BY-4.0; upstream source archive used only for local inference; no voice cloning,ksc_derived_kk_v2_kazemotts:synthetic-voice:kazemotts_gradtts_hifigan:M2:happy,ksc_slr102:5f5688646bbc6,baa97e2c5dfd484f9fd3163050fb13f7a2061ce7dc4ace497df860fe2326d9ba,13.0960625,gradtts_hifigan_emotional_tts,ISSAI KazEmoTTS Grad-TTS + HiFi-GAN,KazEmoTTS source-revision-0db250b2ebd95c0de7f8fb7ccba9fd65d4815115; checkpoints-2024-03-11,kazemotts_gradtts_hifigan:M2:happy,not_applicable:pretrained-tts-no-local-voice-cloning,local_cuda_kazemotts_gradtts_hifigan,offline_neural_tts,22050,wav,none,tts_seed=491960211,2026-08-10T00:00:00Z
ksc_derived_kk_v2_kazemotts:1f349c9e6c573bc2,processed/60/60a2c0503bd345690f728b1f3da7932b15133dcb4bd816e09734ac5054c5d753.wav,4c79437f0010786141e0c3b91c0610f8fce9370883511a40c7e8c37ff1b76caa,test,spoof,kk,unknown,ksc_derived_kk_v2_kazemotts:profile:kazemotts_gradtts_hifigan:M2:neutral,ksc_derived_kk_v2_kazemotts,KSC text CC-BY-4.0; KazEmoTTS model CC-BY-4.0,Offline derivative for personal research from KSC transcript ksc_slr102:5f62e1f92b69c; KazEmoTTS dataset and model CC-BY-4.0; upstream source archive used only for local inference; no voice cloning,ksc_derived_kk_v2_kazemotts:synthetic-voice:kazemotts_gradtts_hifigan:M2:neutral,ksc_slr102:5f62e1f92b69c,64af0d16145a4babcd3cc69976652e0b213f1962f5bd055f827f880432d16591,4.3305625,gradtts_hifigan_emotional_tts,ISSAI KazEmoTTS Grad-TTS + HiFi-GAN,KazEmoTTS source-revision-0db250b2ebd95c0de7f8fb7ccba9fd65d4815115; checkpoints-2024-03-11,kazemotts_gradtts_hifigan:M2:neutral,not_applicable:pretrained-tts-no-local-voice-cloning,local_cuda_kazemotts_gradtts_hifigan,offline_neural_tts,22050,wav,none,tts_seed=2020624228,2026-08-10T00:00:00Z
ksc_derived_kk_v2_kazemotts:d4b7f5fcc1794b0c,processed/62/62625aa3c3b37568422ae9067c3ae8045a400e73f01473d5d72734dc72f320df.wav,974f4998a68d57aa3972bc2614a179097660db8be4d61fb43c8fcd26675b9815,test,spoof,kk,unknown,ksc_derived_kk_v2_kazemotts:profile:kazemotts_gradtts_hifigan:M1:angry,ksc_derived_kk_v2_kazemotts,KSC text CC-BY-4.0; KazEmoTTS model CC-BY-4.0,Offline derivative for personal research from KSC transcript ksc_slr102:5f5a39c8312ec; KazEmoTTS dataset and model CC-BY-4.0; upstream source archive used only for local inference; no voice cloning,ksc_derived_kk_v2_kazemotts:synthetic-voice:kazemotts_gradtts_hifigan:M1:angry,ksc_slr102:5f5a39c8312ec,07eae2aa1ce20a6bac63850d4528225bb7f2a7ca16c25b6a386f03c211d8b461,5.027125,gradtts_hifigan_emotional_tts,ISSAI KazEmoTTS Grad-TTS + HiFi-GAN,KazEmoTTS source-revision-0db250b2ebd95c0de7f8fb7ccba9fd65d4815115; checkpoints-2024-03-11,kazemotts_gradtts_hifigan:M1:angry,not_applicable:pretrained-tts-no-local-voice-cloning,local_cuda_kazemotts_gradtts_hifigan,offline_neural_tts,22050,wav,none,tts_seed=1540834366,2026-08-10T00:00:00Z
ksc_derived_kk_v2_kazemotts:122b0cf65d2dc6f9,processed/fd/fd18be05f1afaebf51df51568885340020fd8ec742b025923cad0c9688cc0c28.wav,80d5ec0f1fc4260e65c0a00faf274fdcd08d937b84d55eac084bfb91b99b8311,test,spoof,kk,unknown,ksc_derived_kk_v2_kazemotts:profile:kazemotts_gradtts_hifigan:M1:surprise,ksc_derived_kk_v2_kazemotts,KSC text CC-BY-4.0; KazEmoTTS model CC-BY-4.0,Offline derivative for personal research from KSC transcript ksc_slr102:5f60b0665c9cc; KazEmoTTS dataset and model CC-BY-4.0; upstream source archive used only for local inference; no voice cloning,ksc_derived_kk_v2_kazemotts:synthetic-voice:kazemotts_gradtts_hifigan:M1:surprise,ksc_slr102:5f60b0665c9cc,0023cde339fbc1b999dcf69d3503e9abfbd5ef16ac52ebafd489117852d0674b,6.4551875,gradtts_hifigan_emotional_tts,ISSAI KazEmoTTS Grad-TTS + HiFi-GAN,KazEmoTTS source-revision-0db250b2ebd95c0de7f8fb7ccba9fd65d4815115; checkpoints-2024-03-11,kazemotts_gradtts_hifigan:M1:surprise,not_applicable:pretrained-tts-no-local-voice-cloning,local_cuda_kazemotts_gradtts_hifigan,offline_neural_tts,22050,wav,none,tts_seed=1369123817,2026-08-10T00:00:00Z
ksc_derived_kk_v2_kazemotts:0a3862ce0045beb9,processed/00/00ae7a0e6513e020cced134bc0e23dbc2882c477d99da12c82399c585d9e3a63.wav,a2ca674085b5fb321ff7dadc4670f028e60aced63757d5f58e81bbfa66f1f7b6,test,spoof,kk,unknown,ksc_derived_kk_v2_kazemotts:profile:kazemotts_gradtts_hifigan:M1:fear,ksc_derived_kk_v2_kazemotts,KSC text CC-BY-4.0; KazEmoTTS model CC-BY-4.0,Offline derivative for personal research from KSC transcript ksc_slr102:5f5798c0b238d; KazEmoTTS dataset and model CC-BY-4.0; upstream source archive used only for local inference; no voice cloning,ksc_derived_kk_v2_kazemotts:synthetic-voice:kazemotts_gradtts_hifigan:M1:fear,ksc_slr102:5f5798c0b238d,26c6c38aa77c93e5fbc240619374c8bf0122feeb6ccc202d9dddbe6c37841ffd,4.0635,gradtts_hifigan_emotional_tts,ISSAI KazEmoTTS Grad-TTS + HiFi-GAN,KazEmoTTS source-revision-0db250b2ebd95c0de7f8fb7ccba9fd65d4815115; checkpoints-2024-03-11,kazemotts_gradtts_hifigan:M1:fear,not_applicable:pretrained-tts-no-local-voice-cloning,local_cuda_kazemotts_gradtts_hifigan,offline_neural_tts,22050,wav,none,tts_seed=924074245,2026-08-10T00:00:00Z
ksc_derived_kk_v2_kazemotts:c51c5d774fd36668,processed/dc/dcf4a2334705a0ed1053b3aa8f941fb851cff700a27ddd3f0f466e43664e3332.wav,43d2908d38dedf2a72d8fd0354c97b29b01829bbc95274d97a82fc60a0ccd12b,test,spoof,kk,unknown,ksc_derived_kk_v2_kazemotts:profile:kazemotts_gradtts_hifigan:M1:happy,ksc_derived_kk_v2_kazemotts,KSC text CC-BY-4.0; KazEmoTTS model CC-BY-4.0,Offline derivative for personal research from KSC transcript ksc_slr102:5f5e69c90371e; KazEmoTTS dataset and model CC-BY-4.0; upstream source archive used only for local inference; no voice cloning,ksc_derived_kk_v2_kazemotts:synthetic-voice:kazemotts_gradtts_hifigan:M1:happy,ksc_slr102:5f5e69c90371e,749945f2630981a7433b55702a4c0e812a1243af51bc63386399a25d42df6fc5,8.428875,gradtts_hifigan_emotional_tts,ISSAI KazEmoTTS Grad-TTS + HiFi-GAN,KazEmoTTS source-revision-0db250b2ebd95c0de7f8fb7ccba9fd65d4815115; checkpoints-2024-03-11,kazemotts_gradtts_hifigan:M1:happy,not_applicable:pretrained-tts-no-local-voice-cloning,local_cuda_kazemotts_gradtts_hifigan,offline_neural_tts,22050,wav,none,tts_seed=120586926,2026-08-10T00:00:00Z
ksc_derived_kk_v2_kazemotts:dc4dbe00584b816c,processed/23/237ac5c3e7418a0014f0ee31d803642a5f8b316a39bc4401dddaf55e8db896b3.wav,76eb2e510179b8f214c322e8f041d207ecfa72d54bcbe97ecf9a0c291c78fb11,test,spoof,kk,unknown,ksc_derived_kk_v2_kazemotts:profile:kazemotts_gradtts_hifigan:M1:neutral,ksc_derived_kk_v2_kazemotts,KSC text CC-BY-4.0; KazEmoTTS model CC-BY-4.0,Offline derivative for personal research from KSC transcript ksc_slr102:5f60bf41c6057; KazEmoTTS dataset and model CC-BY-4.0; upstream source archive used only for local inference; no voice cloning,ksc_derived_kk_v2_kazemotts:synthetic-voice:kazemotts_gradtts_hifigan:M1:neutral,ksc_slr102:5f60bf41c6057,30e7964276f48f2270c95b231f36797ebfa1592047a7206bd3662a95a6633af6,3.575875,gradtts_hifigan_emotional_tts,ISSAI KazEmoTTS Grad-TTS + HiFi-GAN,KazEmoTTS source-revision-0db250b2ebd95c0de7f8fb7ccba9fd65d4815115; checkpoints-2024-03-11,kazemotts_gradtts_hifigan:M1:neutral,not_applicable:pretrained-tts-no-local-voice-cloning,local_cuda_kazemotts_gradtts_hifigan,offline_neural_tts,22050,wav,none,tts_seed=111655166,2026-08-10T00:00:00Z
ksc_derived_kk_v2_kazemotts:06ec7562105426e2,processed/a6/a65eb325375d30b98f3eb4f911450e10e98ccf13fca638606842020e74e61612.wav,022fb1ff4aca02be540bf8fb144a035064ac3636cb0d6bcf377e33f0e9991335,test,spoof,kk,unknown,ksc_derived_kk_v2_kazemotts:profile:kazemotts_gradtts_hifigan:F1:angry,ksc_derived_kk_v2_kazemotts,KSC text CC-BY-4.0; KazEmoTTS model CC-BY-4.0,Offline derivative for personal research from KSC transcript ksc_slr102:5f59c0e3d9d99; KazEmoTTS dataset and model CC-BY-4.0; upstream source archive used only for local inference; no voice cloning,ksc_derived_kk_v2_kazemotts:synthetic-voice:kazemotts_gradtts_hifigan:F1:angry,ksc_slr102:5f59c0e3d9d99,79918cb1a29e51eb4873a3dfd219f379b7d8fa10df90ba83430a253c1466b8b1,5.2245,gradtts_hifigan_emotional_tts,ISSAI KazEmoTTS Grad-TTS + HiFi-GAN,KazEmoTTS source-revision-0db250b2ebd95c0de7f8fb7ccba9fd65d4815115; checkpoints-2024-03-11,kazemotts_gradtts_hifigan:F1:angry,not_applicable:pretrained-tts-no-local-voice-cloning,local_cuda_kazemotts_gradtts_hifigan,offline_neural_tts,22050,wav,none,tts_seed=399770349,2026-08-10T00:00:00Z
ksc_derived_kk_v2_kazemotts:b75906b304716b81,processed/9d/9db5d0f3d95bbdb54f267c34fc5902c76662139c2a5b4b2dad6d9fb4bac5bf16.wav,3a965aa662cc4c10990d3ba1a81d2280d3d642f3b988d774828c1b7b50bc019e,test,spoof,kk,unknown,ksc_derived_kk_v2_kazemotts:profile:kazemotts_gradtts_hifigan:F1:surprise,ksc_derived_kk_v2_kazemotts,KSC text CC-BY-4.0; KazEmoTTS model CC-BY-4.0,Offline derivative for personal research from KSC transcript ksc_slr102:5f5af760a5695; KazEmoTTS dataset and model CC-BY-4.0; upstream source archive used only for local inference; no voice cloning,ksc_derived_kk_v2_kazemotts:synthetic-voice:kazemotts_gradtts_hifigan:F1:surprise,ksc_slr102:5f5af760a5695,488c9cf66e42ca210f66f521792a239ce15749359b79fb326d3b6c7456821fc3,3.3553125,gradtts_hifigan_emotional_tts,ISSAI KazEmoTTS Grad-TTS + HiFi-GAN,KazEmoTTS source-revision-0db250b2ebd95c0de7f8fb7ccba9fd65d4815115; checkpoints-2024-03-11,kazemotts_gradtts_hifigan:F1:surprise,not_applicable:pretrained-tts-no-local-voice-cloning,local_cuda_kazemotts_gradtts_hifigan,offline_neural_tts,22050,wav,none,tts_seed=997505170,2026-08-10T00:00:00Z
ksc_derived_kk_v2_kazemotts:3e6f58dacbc44b4a,processed/db/db40c9f726ee05d93d1dfaee840541a6539e3ac06d8ddc890c85156ec08c5d07.wav,c7c6e5eaee69da9592de211ad68eb0716554694674bcce95f15bfea3e9bed872,test,spoof,kk,unknown,ksc_derived_kk_v2_kazemotts:profile:kazemotts_gradtts_hifigan:F1:fear,ksc_derived_kk_v2_kazemotts,KSC text CC-BY-4.0; KazEmoTTS model CC-BY-4.0,Offline derivative for personal research from KSC transcript ksc_slr102:5f5fb3ed42b4b; KazEmoTTS dataset and model CC-BY-4.0; upstream source archive used only for local inference; no voice cloning,ksc_derived_kk_v2_kazemotts:synthetic-voice:kazemotts_gradtts_hifigan:F1:fear,ksc_slr102:5f5fb3ed42b4b,82a2e65ce53cb84cbcdef8412e37e4cb1ebba509d92c286d75809dce3cf035b8,4.2144375,gradtts_hifigan_emotional_tts,ISSAI KazEmoTTS Grad-TTS + HiFi-GAN,KazEmoTTS source-revision-0db250b2ebd95c0de7f8fb7ccba9fd65d4815115; checkpoints-2024-03-11,kazemotts_gradtts_hifigan:F1:fear,not_applicable:pretrained-tts-no-local-voice-cloning,local_cuda_kazemotts_gradtts_hifigan,offline_neural_tts,22050,wav,none,tts_seed=625051400,2026-08-10T00:00:00Z
ksc_derived_kk_v2_kazemotts:2d6687a9aa0fc79b,processed/0f/0f51490d1f933f4e055056bf06b230c5f066ba9d9f6a91429ec228701f38232d.wav,0736a1f7b1003e0138df46b20287e84cc46ac9667ab3c76b503c56c9a4e2080b,test,spoof,kk,unknown,ksc_derived_kk_v2_kazemotts:profile:kazemotts_gradtts_hifigan:F1:neutral,ksc_derived_kk_v2_kazemotts,KSC text CC-BY-4.0; KazEmoTTS model CC-BY-4.0,Offline derivative for personal research from KSC transcript ksc_slr102:5f606b8e8c2f9; KazEmoTTS dataset and model CC-BY-4.0; upstream source archive used only for local inference; no voice cloning,ksc_derived_kk_v2_kazemotts:synthetic-voice:kazemotts_gradtts_hifigan:F1:neutral,ksc_slr102:5f606b8e8c2f9,5a6ea40ac4823da72a143d037a520e3d5910f94236598a1dac263cd293ccfa00,4.9575,gradtts_hifigan_emotional_tts,ISSAI KazEmoTTS Grad-TTS + HiFi-GAN,KazEmoTTS source-revision-0db250b2ebd95c0de7f8fb7ccba9fd65d4815115; checkpoints-2024-03-11,kazemotts_gradtts_hifigan:F1:neutral,not_applicable:pretrained-tts-no-local-voice-cloning,local_cuda_kazemotts_gradtts_hifigan,offline_neural_tts,22050,wav,none,tts_seed=552058546,2026-08-10T00:00:00Z
ksc_derived_kk_v2_kazemotts:a74f3c5ac80054f9,processed/5b/5b2edb772d5fa200ab691cc66dd5a73c53776fced204b411dab88a251c9e86e2.wav,1545ffe774b7c3782f9845b9237f0ef3cc7fb2fb67166caea5325f04c15d9243,test,spoof,kk,unknown,ksc_derived_kk_v2_kazemotts:profile:kazemotts_gradtts_hifigan:M2:angry,ksc_derived_kk_v2_kazemotts,KSC text CC-BY-4.0; KazEmoTTS model CC-BY-4.0,Offline derivative for personal research from KSC transcript ksc_slr102:5f60aaaf1a701; KazEmoTTS dataset and model CC-BY-4.0; upstream source archive used only for local inference; no voice cloning,ksc_derived_kk_v2_kazemotts:synthetic-voice:kazemotts_gradtts_hifigan:M2:angry,ksc_slr102:5f60aaaf1a701,434f8df587bbf3a924a838d21411120bfc4c2b8c0bd88b38336f2ddeab8f6d4e,4.08675,gradtts_hifigan_emotional_tts,ISSAI KazEmoTTS Grad-TTS + HiFi-GAN,KazEmoTTS source-revision-0db250b2ebd95c0de7f8fb7ccba9fd65d4815115; checkpoints-2024-03-11,kazemotts_gradtts_hifigan:M2:angry,not_applicable:pretrained-tts-no-local-voice-cloning,local_cuda_kazemotts_gradtts_hifigan,offline_neural_tts,22050,wav,none,tts_seed=1350566094,2026-08-10T00:00:00Z
ksc_derived_kk_v2_kazemotts:90e5138fc0fc95b9,processed/4e/4e1b95c8bf9ca8c9d5ce201abeaf086ae6d02b99effbe18cb6b1bf9906bba4e0.wav,f755fec46f17642eead87b4faeaa33771000a0e9fea57233b7befa70968c186e,test,spoof,kk,unknown,ksc_derived_kk_v2_kazemotts:profile:kazemotts_gradtts_hifigan:M2:surprise,ksc_derived_kk_v2_kazemotts,KSC text CC-BY-4.0; KazEmoTTS model CC-BY-4.0,Offline derivative for personal research from KSC transcript ksc_slr102:5fa260181a803; KazEmoTTS dataset and model CC-BY-4.0; upstream source archive used only for local inference; no voice cloning,ksc_derived_kk_v2_kazemotts:synthetic-voice:kazemotts_gradtts_hifigan:M2:surprise,ksc_slr102:5fa260181a803,aa137b6af1b3de8870a868979e928caa6afc16f1429f7e95080f267da1dd481e,2.61225,gradtts_hifigan_emotional_tts,ISSAI KazEmoTTS Grad-TTS + HiFi-GAN,KazEmoTTS source-revision-0db250b2ebd95c0de7f8fb7ccba9fd65d4815115; checkpoints-2024-03-11,kazemotts_gradtts_hifigan:M2:surprise,not_applicable:pretrained-tts-no-local-voice-cloning,local_cuda_kazemotts_gradtts_hifigan,offline_neural_tts,22050,wav,none,tts_seed=370785241,2026-08-10T00:00:00Z
ksc_derived_kk_v2_kazemotts:42511ad8a1555ecc,processed/07/07e6b1e6dc9cd5ff7284321f5ada11d1e2525046a89d2406b785be903fea9f01.wav,f7cd9ec4b626d84cbcf75a4d1dbd24037c26b4c6474e43f2289da2dc92b6712a,test,spoof,kk,unknown,ksc_derived_kk_v2_kazemotts:profile:kazemotts_gradtts_hifigan:M2:fear,ksc_derived_kk_v2_kazemotts,KSC text CC-BY-4.0; KazEmoTTS model CC-BY-4.0,Offline derivative for personal research from KSC transcript ksc_slr102:5f618a65684a8; KazEmoTTS dataset and model CC-BY-4.0; upstream source archive used only for local inference; no voice cloning,ksc_derived_kk_v2_kazemotts:synthetic-voice:kazemotts_gradtts_hifigan:M2:fear,ksc_slr102:5f618a65684a8,5440151df75a005d9c2c7339fd00015508d82361bf14d025ec0104649cc01b34,2.71675,gradtts_hifigan_emotional_tts,ISSAI KazEmoTTS Grad-TTS + HiFi-GAN,KazEmoTTS source-revision-0db250b2ebd95c0de7f8fb7ccba9fd65d4815115; checkpoints-2024-03-11,kazemotts_gradtts_hifigan:M2:fear,not_applicable:pretrained-tts-no-local-voice-cloning,local_cuda_kazemotts_gradtts_hifigan,offline_neural_tts,22050,wav,none,tts_seed=1299140826,2026-08-10T00:00:00Z
ksc_derived_kk_v2_kazemotts:dc8701ac5116a773,processed/67/67537728d79d54c0ee35c7976e3e950a9a5161e47174de8314efd3884986f961.wav,3371c87ed235cc5eada9b03c68fa0d02ef39b9b2a860fab7d35f1bf30623f641,test,spoof,kk,unknown,ksc_derived_kk_v2_kazemotts:profile:kazemotts_gradtts_hifigan:M2:happy,ksc_derived_kk_v2_kazemotts,KSC text CC-BY-4.0; KazEmoTTS model CC-BY-4.0,Offline derivative for personal research from KSC transcript ksc_slr102:5f59ef00b27d5; KazEmoTTS dataset and model CC-BY-4.0; upstream source archive used only for local inference; no voice cloning,ksc_derived_kk_v2_kazemotts:synthetic-voice:kazemotts_gradtts_hifigan:M2:happy,ksc_slr102:5f59ef00b27d5,01bdc7753167a539c1e3f46d35b91ebe441cc838fc8f64fa51fb01a12f8ff7a7,6.3623125,gradtts_hifigan_emotional_tts,ISSAI KazEmoTTS Grad-TTS + HiFi-GAN,KazEmoTTS source-revision-0db250b2ebd95c0de7f8fb7ccba9fd65d4815115; checkpoints-2024-03-11,kazemotts_gradtts_hifigan:M2:happy,not_applicable:pretrained-tts-no-local-voice-cloning,local_cuda_kazemotts_gradtts_hifigan,offline_neural_tts,22050,wav,none,tts_seed=37950769,2026-08-10T00:00:00Z
ksc_derived_kk_v2_kazemotts:1cac0d8c876a3d2b,processed/0a/0ad4929602d157e8f0dd62659dc8a561d969817dbdbbbd143d13030ba8734c0d.wav,ea8540419e6dafefa98cccaa58d0eaabd5d716402a48e181ae05e6a33568a117,test,spoof,kk,unknown,ksc_derived_kk_v2_kazemotts:profile:kazemotts_gradtts_hifigan:M2:neutral,ksc_derived_kk_v2_kazemotts,KSC text CC-BY-4.0; KazEmoTTS model CC-BY-4.0,Offline derivative for personal research from KSC transcript ksc_slr102:5f61df6487e7e; KazEmoTTS dataset and model CC-BY-4.0; upstream source archive used only for local inference; no voice cloning,ksc_derived_kk_v2_kazemotts:synthetic-voice:kazemotts_gradtts_hifigan:M2:neutral,ksc_slr102:5f61df6487e7e,13a5b8500aca376107a46108613179ed640d258f9a871b6361f109fb2e4cab83,6.6409375,gradtts_hifigan_emotional_tts,ISSAI KazEmoTTS Grad-TTS + HiFi-GAN,KazEmoTTS source-revision-0db250b2ebd95c0de7f8fb7ccba9fd65d4815115; checkpoints-2024-03-11,kazemotts_gradtts_hifigan:M2:neutral,not_applicable:pretrained-tts-no-local-voice-cloning,local_cuda_kazemotts_gradtts_hifigan,offline_neural_tts,22050,wav,none,tts_seed=92956845,2026-08-10T00:00:00Z
ksc_derived_kk_v2_kazemotts:dc185e819b1cef9f,processed/75/7556391b638caf1175fecd36e5e758cb3572da5d8c76c21492a049dc08262a64.wav,5fb7900aa3891e19304725ec8678be293a88b9f5a0eb4c8d2cc645262aa58c7b,test,spoof,kk,unknown,ksc_derived_kk_v2_kazemotts:profile:kazemotts_gradtts_hifigan:M1:angry,ksc_derived_kk_v2_kazemotts,KSC text CC-BY-4.0; KazEmoTTS model CC-BY-4.0,Offline derivative for personal research from KSC transcript ksc_slr102:5f5689b5ad372; KazEmoTTS dataset and model CC-BY-4.0; upstream source archive used only for local inference; no voice cloning,ksc_derived_kk_v2_kazemotts:synthetic-voice:kazemotts_gradtts_hifigan:M1:angry,ksc_slr102:5f5689b5ad372,e771b087763e9bf6c7388c74e4c510c3021799103b0bed5bf977090e5502fc28,8.9165,gradtts_hifigan_emotional_tts,ISSAI KazEmoTTS Grad-TTS + HiFi-GAN,KazEmoTTS source-revision-0db250b2ebd95c0de7f8fb7ccba9fd65d4815115; checkpoints-2024-03-11,kazemotts_gradtts_hifigan:M1:angry,not_applicable:pretrained-tts-no-local-voice-cloning,local_cuda_kazemotts_gradtts_hifigan,offline_neural_tts,22050,wav,none,tts_seed=1688396472,2026-08-10T00:00:00Z
ksc_derived_kk_v2_kazemotts:3436d9c381981107,processed/9f/9f0af9e741a85009701efc21ed831c0fb887c04de505a7574e169cd7d6bfef99.wav,9364779348900adebc5585c24e74be2c2004e0af60bb0887a85ed4146c898432,test,spoof,kk,unknown,ksc_derived_kk_v2_kazemotts:profile:kazemotts_gradtts_hifigan:M1:surprise,ksc_derived_kk_v2_kazemotts,KSC text CC-BY-4.0; KazEmoTTS model CC-BY-4.0,Offline derivative for personal research from KSC transcript ksc_slr102:5fa4fa44ee099; KazEmoTTS dataset and model CC-BY-4.0; upstream source archive used only for local inference; no voice cloning,ksc_derived_kk_v2_kazemotts:synthetic-voice:kazemotts_gradtts_hifigan:M1:surprise,ksc_slr102:5fa4fa44ee099,7dcc845d248383068e7453fe51aae4dbed49ca6a2928cdf3324e1285bcea0d56,3.285625,gradtts_hifigan_emotional_tts,ISSAI KazEmoTTS Grad-TTS + HiFi-GAN,KazEmoTTS source-revision-0db250b2ebd95c0de7f8fb7ccba9fd65d4815115; checkpoints-2024-03-11,kazemotts_gradtts_hifigan:M1:surprise,not_applicable:pretrained-tts-no-local-voice-cloning,local_cuda_kazemotts_gradtts_hifigan,offline_neural_tts,22050,wav,none,tts_seed=2032190905,2026-08-10T00:00:00Z
ksc_derived_kk_v2_kazemotts:32ad71bb213102b3,processed/26/26874653fc65cb36d887df1337ac652c6d7853c52599e693f4f83b1b8f1bbe5e.wav,42e1767ddedfbffda61d6a032607331d3c9dd52cbe4a2434c8c4d542eb120c2c,test,spoof,kk,unknown,ksc_derived_kk_v2_kazemotts:profile:kazemotts_gradtts_hifigan:M1:fear,ksc_derived_kk_v2_kazemotts,KSC text CC-BY-4.0; KazEmoTTS model CC-BY-4.0,Offline derivative for personal research from KSC transcript ksc_slr102:5f631337c05e5; KazEmoTTS dataset and model CC-BY-4.0; upstream source archive used only for local inference; no voice cloning,ksc_derived_kk_v2_kazemotts:synthetic-voice:kazemotts_gradtts_hifigan:M1:fear,ksc_slr102:5f631337c05e5,893251f8998d6dd8c6671416217f415e5206e9cdf284e3136a5903b1f0f0a130,2.9489375,gradtts_hifigan_emotional_tts,ISSAI KazEmoTTS Grad-TTS + HiFi-GAN,KazEmoTTS source-revision-0db250b2ebd95c0de7f8fb7ccba9fd65d4815115; checkpoints-2024-03-11,kazemotts_gradtts_hifigan:M1:fear,not_applicable:pretrained-tts-no-local-voice-cloning,local_cuda_kazemotts_gradtts_hifigan,offline_neural_tts,22050,wav,none,tts_seed=767433903,2026-08-10T00:00:00Z
ksc_derived_kk_v2_kazemotts:7a54d503242e498b,processed/7c/7cae267b2479ef54ecc2be555fd77d4ae13feb5176733b3722f657f66ad13628.wav,7ba0141e730b76707491e440b21047731f754fc8626bcd73e90111646f5a5ed0,test,spoof,kk,unknown,ksc_derived_kk_v2_kazemotts:profile:kazemotts_gradtts_hifigan:M1:happy,ksc_derived_kk_v2_kazemotts,KSC text CC-BY-4.0; KazEmoTTS model CC-BY-4.0,Offline derivative for personal research from KSC transcript ksc_slr102:5f60b040065fb; KazEmoTTS dataset and model CC-BY-4.0; upstream source archive used only for local inference; no voice cloning,ksc_derived_kk_v2_kazemotts:synthetic-voice:kazemotts_gradtts_hifigan:M1:happy,ksc_slr102:5f60b040065fb,c0dc0b51d5a4766c878c7a227c31843442afc5f45c698f920b319359c97f2aed,3.3785625,gradtts_hifigan_emotional_tts,ISSAI KazEmoTTS Grad-TTS + HiFi-GAN,KazEmoTTS source-revision-0db250b2ebd95c0de7f8fb7ccba9fd65d4815115; checkpoints-2024-03-11,kazemotts_gradtts_hifigan:M1:happy,not_applicable:pretrained-tts-no-local-voice-cloning,local_cuda_kazemotts_gradtts_hifigan,offline_neural_tts,22050,wav,none,tts_seed=1078935402,2026-08-10T00:00:00Z
ksc_derived_kk_v2_kazemotts:720fddd58bc936c3,processed/2a/2ae070ccea1277893bde40a88b29b6321f8863e0e31062ae86d6fc4856c6f79c.wav,03f6ced8f46a8c228f6eb64c1a1e8ee5861e8c4b70f6c3aecb7b3cb8474e7107,test,spoof,kk,unknown,ksc_derived_kk_v2_kazemotts:profile:kazemotts_gradtts_hifigan:M1:neutral,ksc_derived_kk_v2_kazemotts,KSC text CC-BY-4.0; KazEmoTTS model CC-BY-4.0,Offline derivative for personal research from KSC transcript ksc_slr102:5f5af8881e1e9; KazEmoTTS dataset and model CC-BY-4.0; upstream source archive used only for local inference; no voice cloning,ksc_derived_kk_v2_kazemotts:synthetic-voice:kazemotts_gradtts_hifigan:M1:neutral,ksc_slr102:5f5af8881e1e9,28d2ff870d0becf29043b1fe7f0dec29fb29d550fffbb45560f6247cdd7c6175,9.299625,gradtts_hifigan_emotional_tts,ISSAI KazEmoTTS Grad-TTS + HiFi-GAN,KazEmoTTS source-revision-0db250b2ebd95c0de7f8fb7ccba9fd65d4815115; checkpoints-2024-03-11,kazemotts_gradtts_hifigan:M1:neutral,not_applicable:pretrained-tts-no-local-voice-cloning,local_cuda_kazemotts_gradtts_hifigan,offline_neural_tts,22050,wav,none,tts_seed=501762283,2026-08-10T00:00:00Z
ksc_derived_kk_v2_kazemotts:a08315388d2de4cb,processed/b0/b0b04c818497c16ebcbc1574010397131c8ea3790fc1cd68d217aa3e1ce72540.wav,89a5af082553565b288d3647b5257efa09bbf25c63df5516dec71e1d70d2a680,test,spoof,kk,unknown,ksc_derived_kk_v2_kazemotts:profile:kazemotts_gradtts_hifigan:M1:sad,ksc_derived_kk_v2_kazemotts,KSC text CC-BY-4.0; KazEmoTTS model CC-BY-4.0,Offline derivative for personal research from KSC transcript ksc_slr102:5f59b7e982cc1; KazEmoTTS dataset and model CC-BY-4.0; upstream source archive used only for local inference; no voice cloning,ksc_derived_kk_v2_kazemotts:synthetic-voice:kazemotts_gradtts_hifigan:M1:sad,ksc_slr102:5f59b7e982cc1,6226d9f7c5c7acff4dbced9e359519ac98ac077d1081eaa3c1334cb02d1310ea,5.062,gradtts_hifigan_emotional_tts,ISSAI KazEmoTTS Grad-TTS + HiFi-GAN,KazEmoTTS source-revision-0db250b2ebd95c0de7f8fb7ccba9fd65d4815115; checkpoints-2024-03-11,kazemotts_gradtts_hifigan:M1:sad,not_applicable:pretrained-tts-no-local-voice-cloning,local_cuda_kazemotts_gradtts_hifigan,offline_neural_tts,22050,wav,none,tts_seed=1854671965,2026-08-10T00:00:00Z
ksc_derived_kk_v2_kazemotts:82dd4b5f58524773,processed/8a/8a8d955e13a9a49398b2ab3b15d021bea96666ace1ae556c3aac378bb0c14ab7.wav,e9a1f37910df4a5710f689f332813add080755495dc0a3f823d6005cde5441ac,test,spoof,kk,unknown,ksc_derived_kk_v2_kazemotts:profile:kazemotts_gradtts_hifigan:F1:angry,ksc_derived_kk_v2_kazemotts,KSC text CC-BY-4.0; KazEmoTTS model CC-BY-4.0,Offline derivative for personal research from KSC transcript ksc_slr102:5f634210df1c9; KazEmoTTS dataset and model CC-BY-4.0; upstream source archive used only for local inference; no voice cloning,ksc_derived_kk_v2_kazemotts:synthetic-voice:kazemotts_gradtts_hifigan:F1:angry,ksc_slr102:5f634210df1c9,554190aacbe368c6be962352eb93d5c6cee3761b1c90c316ab03e940100dd8ea,6.281,gradtts_hifigan_emotional_tts,ISSAI KazEmoTTS Grad-TTS + HiFi-GAN,KazEmoTTS source-revision-0db250b2ebd95c0de7f8fb7ccba9fd65d4815115; checkpoints-2024-03-11,kazemotts_gradtts_hifigan:F1:angry,not_applicable:pretrained-tts-no-local-voice-cloning,local_cuda_kazemotts_gradtts_hifigan,offline_neural_tts,22050,wav,none,tts_seed=1104521218,2026-08-10T00:00:00Z
ksc_derived_kk_v2_kazemotts:6db5143a31a42a72,processed/71/716b0d574bb90604149d438ff35cc136c1388ac20ef9f160db152866187815f5.wav,59a68dd6f5d19fc9565d98c0fa86d507ebf924538da38065fa20b324e9a83556,test,spoof,kk,unknown,ksc_derived_kk_v2_kazemotts:profile:kazemotts_gradtts_hifigan:F1:surprise,ksc_derived_kk_v2_kazemotts,KSC text CC-BY-4.0; KazEmoTTS model CC-BY-4.0,Offline derivative for personal research from KSC transcript ksc_slr102:5f58dfb4ad728; KazEmoTTS dataset and model CC-BY-4.0; upstream source archive used only for local inference; no voice cloning,ksc_derived_kk_v2_kazemotts:synthetic-voice:kazemotts_gradtts_hifigan:F1:surprise,ksc_slr102:5f58dfb4ad728,5fc7af1d1ebf3344b12c9d26b265a450cce766cb5c9b014622cc2d836c052eef,6.19975,gradtts_hifigan_emotional_tts,ISSAI KazEmoTTS Grad-TTS + HiFi-GAN,KazEmoTTS source-revision-0db250b2ebd95c0de7f8fb7ccba9fd65d4815115; checkpoints-2024-03-11,kazemotts_gradtts_hifigan:F1:surprise,not_applicable:pretrained-tts-no-local-voice-cloning,local_cuda_kazemotts_gradtts_hifigan,offline_neural_tts,22050,wav,none,tts_seed=1838239688,2026-08-10T00:00:00Z
ksc_derived_kk_v2_kazemotts:c8b60ff04566bd0b,processed/7d/7d717f227fb2b328ee54a120dc478beff5c8b09f76742c26253e04a003c11f9c.wav,867e5793d9f625799eeb2d660e30f19158a50d848ea0d9febc2ca84394bad042,test,spoof,kk,unknown,ksc_derived_kk_v2_kazemotts:profile:kazemotts_gradtts_hifigan:F1:fear,ksc_derived_kk_v2_kazemotts,KSC text CC-BY-4.0; KazEmoTTS model CC-BY-4.0,Offline derivative for personal research from KSC transcript ksc_slr102:5f605996ac6af; KazEmoTTS dataset and model CC-BY-4.0; upstream source archive used only for local inference; no voice cloning,ksc_derived_kk_v2_kazemotts:synthetic-voice:kazemotts_gradtts_hifigan:F1:fear,ksc_slr102:5f605996ac6af,61cb3eb452591a2a2e028b9643a14fd1b87b157e7b2b71692d2cfcfa379abe76,4.284125,gradtts_hifigan_emotional_tts,ISSAI KazEmoTTS Grad-TTS + HiFi-GAN,KazEmoTTS source-revision-0db250b2ebd95c0de7f8fb7ccba9fd65d4815115; checkpoints-2024-03-11,kazemotts_gradtts_hifigan:F1:fear,not_applicable:pretrained-tts-no-local-voice-cloning,local_cuda_kazemotts_gradtts_hifigan,offline_neural_tts,22050,wav,none,tts_seed=95893315,2026-08-10T00:00:00Z
ksc_derived_kk_v2_kazemotts:2ab50ed21425bd9a,processed/61/61ab4988abc44e43c6bcbed2b0b12469e2a6386e37ffd0938fcbcf80ad502a8c.wav,86a47e7a855c7ad36994d8bd766383392bdb4120ff26a196d6cf90f4ccb48282,test,spoof,kk,unknown,ksc_derived_kk_v2_kazemotts:profile:kazemotts_gradtts_hifigan:F1:happy,ksc_derived_kk_v2_kazemotts,KSC text CC-BY-4.0; KazEmoTTS model CC-BY-4.0,Offline derivative for personal research from KSC transcript ksc_slr102:5f58c80905db0; KazEmoTTS dataset and model CC-BY-4.0; upstream source archive used only for local inference; no voice cloning,ksc_derived_kk_v2_kazemotts:synthetic-voice:kazemotts_gradtts_hifigan:F1:happy,ksc_slr102:5f58c80905db0,c92c4b1fdd4dbab9db6b7553224265a9a1637ae560f0d7803010734864e4b293,6.40875,gradtts_hifigan_emotional_tts,ISSAI KazEmoTTS Grad-TTS + HiFi-GAN,KazEmoTTS source-revision-0db250b2ebd95c0de7f8fb7ccba9fd65d4815115; checkpoints-2024-03-11,kazemotts_gradtts_hifigan:F1:happy,not_applicable:pretrained-tts-no-local-voice-cloning,local_cuda_kazemotts_gradtts_hifigan,offline_neural_tts,22050,wav,none,tts_seed=764294233,2026-08-10T00:00:00Z
ksc_derived_kk_v2_kazemotts:3051b4bf2f0899d4,processed/b8/b8fde1f1df416bb5ab0b1d6bab53af7ee6c4733bb55c49f3c8f315e98fce597e.wav,8a206b1624497d7cfdb88973bd10785075c91ad5588bae171d142ed1b644cef1,test,spoof,kk,unknown,ksc_derived_kk_v2_kazemotts:profile:kazemotts_gradtts_hifigan:F1:sad,ksc_derived_kk_v2_kazemotts,KSC text CC-BY-4.0; KazEmoTTS model CC-BY-4.0,Offline derivative for personal research from KSC transcript ksc_slr102:5f60bed11f233; KazEmoTTS dataset and model CC-BY-4.0; upstream source archive used only for local inference; no voice cloning,ksc_derived_kk_v2_kazemotts:synthetic-voice:kazemotts_gradtts_hifigan:F1:sad,ksc_slr102:5f60bed11f233,14acc70bf6117a273e99dfcd5501c4e12f4d6d2a56c73db131422faaff8b5a3e,3.483,gradtts_hifigan_emotional_tts,ISSAI KazEmoTTS Grad-TTS + HiFi-GAN,KazEmoTTS source-revision-0db250b2ebd95c0de7f8fb7ccba9fd65d4815115; checkpoints-2024-03-11,kazemotts_gradtts_hifigan:F1:sad,not_applicable:pretrained-tts-no-local-voice-cloning,local_cuda_kazemotts_gradtts_hifigan,offline_neural_tts,22050,wav,none,tts_seed=846094419,2026-08-10T00:00:00Z
ksc_derived_kk_v2_kazemotts:71ad2f70ecce4e83,processed/4f/4fe222f9b756567583a30666b39bbd1fd62891ecc008d621d852edc9cae6776e.wav,3457d8fcd0f5170ed395c348582459713d3017564609fb53f2b79244c5c89bf8,test,spoof,kk,unknown,ksc_derived_kk_v2_kazemotts:profile:kazemotts_gradtts_hifigan:M2:angry,ksc_derived_kk_v2_kazemotts,KSC text CC-BY-4.0; KazEmoTTS model CC-BY-4.0,Offline derivative for personal research from KSC transcript ksc_slr102:5f60e9c11c57e; KazEmoTTS dataset and model CC-BY-4.0; upstream source archive used only for local inference; no voice cloning,ksc_derived_kk_v2_kazemotts:synthetic-voice:kazemotts_gradtts_hifigan:M2:angry,ksc_slr102:5f60e9c11c57e,018770dc2ccfc4ea60d3a39545ffe5a1fb3962133276fb8d5cd8f127d64cde93,4.66725,gradtts_hifigan_emotional_tts,ISSAI KazEmoTTS Grad-TTS + HiFi-GAN,KazEmoTTS source-revision-0db250b2ebd95c0de7f8fb7ccba9fd65d4815115; checkpoints-2024-03-11,kazemotts_gradtts_hifigan:M2:angry,not_applicable:pretrained-tts-no-local-voice-cloning,local_cuda_kazemotts_gradtts_hifigan,offline_neural_tts,22050,wav,none,tts_seed=33830360,2026-08-10T00:00:00Z
ksc_derived_kk_v2_kazemotts:1823a50e2bdfa6da,processed/d9/d993eb2d3e34525c879776476fb494afda68b18d114e775387147e56981f7b0d.wav,a4d4a497e4233c1f62d5ba8ee9efcce18d2f492770e61ca6819cd2e02aee0a59,test,spoof,kk,unknown,ksc_derived_kk_v2_kazemotts:profile:kazemotts_gradtts_hifigan:M2:surprise,ksc_derived_kk_v2_kazemotts,KSC text CC-BY-4.0; KazEmoTTS model CC-BY-4.0,Offline derivative for personal research from KSC transcript ksc_slr102:5f609db46f1b5; KazEmoTTS dataset and model CC-BY-4.0; upstream source archive used only for local inference; no voice cloning,ksc_derived_kk_v2_kazemotts:synthetic-voice:kazemotts_gradtts_hifigan:M2:surprise,ksc_slr102:5f609db46f1b5,93e64812641913e108551f3e16313ec2935a5e569e1d1adac74b5f23f02ca709,4.7253125,gradtts_hifigan_emotional_tts,ISSAI KazEmoTTS Grad-TTS + HiFi-GAN,KazEmoTTS source-revision-0db250b2ebd95c0de7f8fb7ccba9fd65d4815115; checkpoints-2024-03-11,kazemotts_gradtts_hifigan:M2:surprise,not_applicable:pretrained-tts-no-local-voice-cloning,local_cuda_kazemotts_gradtts_hifigan,offline_neural_tts,22050,wav,none,tts_seed=658101357,2026-08-10T00:00:00Z
ksc_derived_kk_v2_kazemotts:dba7e7d2ac3cfbec,processed/ab/abc25b59a89b367233439e183b3f9696e06bb3d0b07a986cef9aa0a2d7c64f4d.wav,a5dd0ae0b473c121d00bf72a5e34d079563ce237f23b42401967f80351ec4443,test,spoof,kk,unknown,ksc_derived_kk_v2_kazemotts:profile:kazemotts_gradtts_hifigan:M2:fear,ksc_derived_kk_v2_kazemotts,KSC text CC-BY-4.0; KazEmoTTS model CC-BY-4.0,Offline derivative for personal research from KSC transcript ksc_slr102:5f5f3c51984e0; KazEmoTTS dataset and model CC-BY-4.0; upstream source archive used only for local inference; no voice cloning,ksc_derived_kk_v2_kazemotts:synthetic-voice:kazemotts_gradtts_hifigan:M2:fear,ksc_slr102:5f5f3c51984e0,14577b9ab00139706501855b6f7660add5c9371e278c7e7e814e089d63ff78bd,4.2493125,gradtts_hifigan_emotional_tts,ISSAI KazEmoTTS Grad-TTS + HiFi-GAN,KazEmoTTS source-revision-0db250b2ebd95c0de7f8fb7ccba9fd65d4815115; checkpoints-2024-03-11,kazemotts_gradtts_hifigan:M2:fear,not_applicable:pretrained-tts-no-local-voice-cloning,local_cuda_kazemotts_gradtts_hifigan,offline_neural_tts,22050,wav,none,tts_seed=1320678394,2026-08-10T00:00:00Z
ksc_derived_kk_v2_kazemotts:243621ee65c1f8d2,processed/33/33be055795aaa889e340dc81eead7af2f1eb7793b9338c34719df06545423c03.wav,91d697e42c6d655462d2d395ceeb17c46827eb311e87737efc4ea46b7ad58381,test,spoof,kk,unknown,ksc_derived_kk_v2_kazemotts:profile:kazemotts_gradtts_hifigan:M2:happy,ksc_derived_kk_v2_kazemotts,KSC text CC-BY-4.0; KazEmoTTS model CC-BY-4.0,Offline derivative for personal research from KSC transcript ksc_slr102:5f6058e18fa91; KazEmoTTS dataset and model CC-BY-4.0; upstream source archive used only for local inference; no voice cloning,ksc_derived_kk_v2_kazemotts:synthetic-voice:kazemotts_gradtts_hifigan:M2:happy,ksc_slr102:5f6058e18fa91,cec22a22cda569ea617abf71d23fa0a73043e56c790906639bc4b92374e2e31c,3.29725,gradtts_hifigan_emotional_tts,ISSAI KazEmoTTS Grad-TTS + HiFi-GAN,KazEmoTTS source-revision-0db250b2ebd95c0de7f8fb7ccba9fd65d4815115; checkpoints-2024-03-11,kazemotts_gradtts_hifigan:M2:happy,not_applicable:pretrained-tts-no-local-voice-cloning,local_cuda_kazemotts_gradtts_hifigan,offline_neural_tts,22050,wav,none,tts_seed=2056225270,2026-08-10T00:00:00Z
ksc_derived_kk_v2_kazemotts:54bc8f8f9eddfcea,processed/ea/ea28755b07c5f72b4e499e33f4becd9807e43be4c7276f68319a826e1c046497.wav,961a9efd5de9ba56f8a5723b0f5f1df86601f585c82843b09752f48f118cc124,test,spoof,kk,unknown,ksc_derived_kk_v2_kazemotts:profile:kazemotts_gradtts_hifigan:M2:neutral,ksc_derived_kk_v2_kazemotts,KSC text CC-BY-4.0; KazEmoTTS model CC-BY-4.0,Offline derivative for personal research from KSC transcript ksc_slr102:5f58c8335dedb; KazEmoTTS dataset and model CC-BY-4.0; upstream source archive used only for local inference; no voice cloning,ksc_derived_kk_v2_kazemotts:synthetic-voice:kazemotts_gradtts_hifigan:M2:neutral,ksc_slr102:5f58c8335dedb,47a486ae5a2f7d8653e39536b361c7721329f2b110062fa2fa410ea3c413fc02,6.0836875,gradtts_hifigan_emotional_tts,ISSAI KazEmoTTS Grad-TTS + HiFi-GAN,KazEmoTTS source-revision-0db250b2ebd95c0de7f8fb7ccba9fd65d4815115; checkpoints-2024-03-11,kazemotts_gradtts_hifigan:M2:neutral,not_applicable:pretrained-tts-no-local-voice-cloning,local_cuda_kazemotts_gradtts_hifigan,offline_neural_tts,22050,wav,none,tts_seed=403369476,2026-08-10T00:00:00Z
ksc_derived_kk_v2_kazemotts:ad0872f661f1b3dc,processed/94/941c72c9df5ef7e61fd20d7a9c289ba26c2687820e1aa0cdf3e177edc8fa5b19.wav,ba7080b0ed594a314416f7132434c9e4cc2c21a073e5d2ae48db43ce37bf0dbe,test,spoof,kk,unknown,ksc_derived_kk_v2_kazemotts:profile:kazemotts_gradtts_hifigan:M1:angry,ksc_derived_kk_v2_kazemotts,KSC text CC-BY-4.0; KazEmoTTS model CC-BY-4.0,Offline derivative for personal research from KSC transcript ksc_slr102:5f60ada84dc77; KazEmoTTS dataset and model CC-BY-4.0; upstream source archive used only for local inference; no voice cloning,ksc_derived_kk_v2_kazemotts:synthetic-voice:kazemotts_gradtts_hifigan:M1:angry,ksc_slr102:5f60ada84dc77,d1e011d599b0fb24c5b3c180403c03dfedee8a01eae69b6041f819a2e2f549ad,4.156375,gradtts_hifigan_emotional_tts,ISSAI KazEmoTTS Grad-TTS + HiFi-GAN,KazEmoTTS source-revision-0db250b2ebd95c0de7f8fb7ccba9fd65d4815115; checkpoints-2024-03-11,kazemotts_gradtts_hifigan:M1:angry,not_applicable:pretrained-tts-no-local-voice-cloning,local_cuda_kazemotts_gradtts_hifigan,offline_neural_tts,22050,wav,none,tts_seed=1557256,2026-08-10T00:00:00Z
ksc_derived_kk_v2_kazemotts:6e89bcaa58536e7c,processed/34/3446cd6e44cbdbb6eece88f01598c2dfcf6505a0082b3f499b41bab622e68e2e.wav,5c7b74ce370a0c993743df68a74de467bfeafdd19c4e0e8f0396d4544441088e,test,spoof,kk,unknown,ksc_derived_kk_v2_kazemotts:profile:kazemotts_gradtts_hifigan:M1:surprise,ksc_derived_kk_v2_kazemotts,KSC text CC-BY-4.0; KazEmoTTS model CC-BY-4.0,Offline derivative for personal research from KSC transcript ksc_slr102:5fa126a356260; KazEmoTTS dataset and model CC-BY-4.0; upstream source archive used only for local inference; no voice cloning,ksc_derived_kk_v2_kazemotts:synthetic-voice:kazemotts_gradtts_hifigan:M1:surprise,ksc_slr102:5fa126a356260,0947024bf614400eb12dbb299d43cd9727a0657a30dd685bbee1ed1e080588c5,4.9110625,gradtts_hifigan_emotional_tts,ISSAI KazEmoTTS Grad-TTS + HiFi-GAN,KazEmoTTS source-revision-0db250b2ebd95c0de7f8fb7ccba9fd65d4815115; checkpoints-2024-03-11,kazemotts_gradtts_hifigan:M1:surprise,not_applicable:pretrained-tts-no-local-voice-cloning,local_cuda_kazemotts_gradtts_hifigan,offline_neural_tts,22050,wav,none,tts_seed=2082095120,2026-08-10T00:00:00Z
ksc_derived_kk_v2_kazemotts:23c181eefea47ce4,processed/0b/0b76b288dde9c6a74bcc97c09084a47360cf73f2a85e98674e6dd7c95eee3d22.wav,fb426cae12055e662353cb6579aadbae04e6ef5baa4378543ff759a4e0829278,test,spoof,kk,unknown,ksc_derived_kk_v2_kazemotts:profile:kazemotts_gradtts_hifigan:M1:fear,ksc_derived_kk_v2_kazemotts,KSC text CC-BY-4.0; KazEmoTTS model CC-BY-4.0,Offline derivative for personal research from KSC transcript ksc_slr102:5f5ef1586fb34; KazEmoTTS dataset and model CC-BY-4.0; upstream source archive used only for local inference; no voice cloning,ksc_derived_kk_v2_kazemotts:synthetic-voice:kazemotts_gradtts_hifigan:M1:fear,ksc_slr102:5f5ef1586fb34,317881704956116802c8be41aa2038920dd970a697ac933ef69c57a8e9c1be4d,4.87625,gradtts_hifigan_emotional_tts,ISSAI KazEmoTTS Grad-TTS + HiFi-GAN,KazEmoTTS source-revision-0db250b2ebd95c0de7f8fb7ccba9fd65d4815115; checkpoints-2024-03-11,kazemotts_gradtts_hifigan:M1:fear,not_applicable:pretrained-tts-no-local-voice-cloning,local_cuda_kazemotts_gradtts_hifigan,offline_neural_tts,22050,wav,none,tts_seed=310177320,2026-08-10T00:00:00Z
ksc_derived_kk_v2_kazemotts:7dab24e27ca70558,processed/6d/6dcd0711d4dee08b0c4bc26f778af6229d1977825fd4035d810864051ef96ae3.wav,3609da5f662ec1eaedf4aea7e47a336c9c68cd0376cffb1a7bfadd8ab4cb890e,test,spoof,kk,unknown,ksc_derived_kk_v2_kazemotts:profile:kazemotts_gradtts_hifigan:M1:happy,ksc_derived_kk_v2_kazemotts,KSC text CC-BY-4.0; KazEmoTTS model CC-BY-4.0,Offline derivative for personal research from KSC transcript ksc_slr102:5f56841f47b2f; KazEmoTTS dataset and model CC-BY-4.0; upstream source archive used only for local inference; no voice cloning,ksc_derived_kk_v2_kazemotts:synthetic-voice:kazemotts_gradtts_hifigan:M1:happy,ksc_slr102:5f56841f47b2f,34e2c0c132aa773e6f9015e40562a806dcc672a10b6d8157205f5b763b0c21c3,2.6355,gradtts_hifigan_emotional_tts,ISSAI KazEmoTTS Grad-TTS + HiFi-GAN,KazEmoTTS source-revision-0db250b2ebd95c0de7f8fb7ccba9fd65d4815115; checkpoints-2024-03-11,kazemotts_gradtts_hifigan:M1:happy,not_applicable:pretrained-tts-no-local-voice-cloning,local_cuda_kazemotts_gradtts_hifigan,offline_neural_tts,22050,wav,none,tts_seed=380391317,2026-08-10T00:00:00Z
ksc_derived_kk_v2_kazemotts:209a648bc74004f8,processed/da/daea5ad29b88de7123f3ac856922630a8dca6f62c166c7910e54bdbfb18b00bf.wav,4eaee7ac4a43ee499826928f29cc8fd7f4c3929a1a2cf4e353e9c535a0b4b8a0,test,spoof,kk,unknown,ksc_derived_kk_v2_kazemotts:profile:kazemotts_gradtts_hifigan:M1:sad,ksc_derived_kk_v2_kazemotts,KSC text CC-BY-4.0; KazEmoTTS model CC-BY-4.0,Offline derivative for personal research from KSC transcript ksc_slr102:5f5775654d030; KazEmoTTS dataset and model CC-BY-4.0; upstream source archive used only for local inference; no voice cloning,ksc_derived_kk_v2_kazemotts:synthetic-voice:kazemotts_gradtts_hifigan:M1:sad,ksc_slr102:5f5775654d030,463c91d9f538a9e3400617a10bf389987932db33d44d624ca4e1e44e1827a6e1,6.3855,gradtts_hifigan_emotional_tts,ISSAI KazEmoTTS Grad-TTS + HiFi-GAN,KazEmoTTS source-revision-0db250b2ebd95c0de7f8fb7ccba9fd65d4815115; checkpoints-2024-03-11,kazemotts_gradtts_hifigan:M1:sad,not_applicable:pretrained-tts-no-local-voice-cloning,local_cuda_kazemotts_gradtts_hifigan,offline_neural_tts,22050,wav,none,tts_seed=357294619,2026-08-10T00:00:00Z
ksc_derived_kk_v2_kazemotts:3396a6dc3b5a3ecc,processed/43/4329ceb0dea9ef26cab33e2f0a1a9e0cb7a836348c210cf5b39e5717a4e2a8be.wav,7bd403c62ba24460586b1ccfc42633ecc119354bbc951392b9887611c2389792,test,spoof,kk,unknown,ksc_derived_kk_v2_kazemotts:profile:kazemotts_gradtts_hifigan:F1:angry,ksc_derived_kk_v2_kazemotts,KSC text CC-BY-4.0; KazEmoTTS model CC-BY-4.0,Offline derivative for personal research from KSC transcript ksc_slr102:5f62c92b646be; KazEmoTTS dataset and model CC-BY-4.0; upstream source archive used only for local inference; no voice cloning,ksc_derived_kk_v2_kazemotts:synthetic-voice:kazemotts_gradtts_hifigan:F1:angry,ksc_slr102:5f62c92b646be,e55094537c62cff6f9dd3ecece270f4834b5aa66d0d287390c415a1ee96e44c5,4.0055,gradtts_hifigan_emotional_tts,ISSAI KazEmoTTS Grad-TTS + HiFi-GAN,KazEmoTTS source-revision-0db250b2ebd95c0de7f8fb7ccba9fd65d4815115; checkpoints-2024-03-11,kazemotts_gradtts_hifigan:F1:angry,not_applicable:pretrained-tts-no-local-voice-cloning,local_cuda_kazemotts_gradtts_hifigan,offline_neural_tts,22050,wav,none,tts_seed=1103512765,2026-08-10T00:00:00Z
ksc_derived_kk_v2_kazemotts:f6215983597718d6,processed/80/80ddb6f61ce4f3ec3757e011901d165a227914c74d0235da0fa31093970e0eec.wav,68c419bc5cbb8d7172deedcb4336411ff4801496d79162e0983297e1ddc57a90,test,spoof,kk,unknown,ksc_derived_kk_v2_kazemotts:profile:kazemotts_gradtts_hifigan:F1:surprise,ksc_derived_kk_v2_kazemotts,KSC text CC-BY-4.0; KazEmoTTS model CC-BY-4.0,Offline derivative for personal research from KSC transcript ksc_slr102:5f60a1eb996cf; KazEmoTTS dataset and model CC-BY-4.0; upstream source archive used only for local inference; no voice cloning,ksc_derived_kk_v2_kazemotts:synthetic-voice:kazemotts_gradtts_hifigan:F1:surprise,ksc_slr102:5f60a1eb996cf,6c7e3a5a1c1fd0d890d520a39761a45f3e5c783911bd2fa577ccf09384b1a577,5.45675,gradtts_hifigan_emotional_tts,ISSAI KazEmoTTS Grad-TTS + HiFi-GAN,KazEmoTTS source-revision-0db250b2ebd95c0de7f8fb7ccba9fd65d4815115; checkpoints-2024-03-11,kazemotts_gradtts_hifigan:F1:surprise,not_applicable:pretrained-tts-no-local-voice-cloning,local_cuda_kazemotts_gradtts_hifigan,offline_neural_tts,22050,wav,none,tts_seed=1012420131,2026-08-10T00:00:00Z
ksc_derived_kk_v2_kazemotts:d92f1d61abc40bb1,processed/bb/bb3d75dfeadf2050f83d007ba6a11222d7af674cdb84ce393ddc65f5ada0cbfa.wav,b9d459e54294b20362a4ab071c81d9c0c38fc966ebaea07354bf097c99ce7920,test,spoof,kk,unknown,ksc_derived_kk_v2_kazemotts:profile:kazemotts_gradtts_hifigan:F1:fear,ksc_derived_kk_v2_kazemotts,KSC text CC-BY-4.0; KazEmoTTS model CC-BY-4.0,Offline derivative for personal research from KSC transcript ksc_slr102:5f61e30f793bd; KazEmoTTS dataset and model CC-BY-4.0; upstream source archive used only for local inference; no voice cloning,ksc_derived_kk_v2_kazemotts:synthetic-voice:kazemotts_gradtts_hifigan:F1:fear,ksc_slr102:5f61e30f793bd,af589e5cc2eeef3f2b8f72bfb00cc7ceb4ad12c8da984f8f0d0a982e8debd645,7.0705,gradtts_hifigan_emotional_tts,ISSAI KazEmoTTS Grad-TTS + HiFi-GAN,KazEmoTTS source-revision-0db250b2ebd95c0de7f8fb7ccba9fd65d4815115; checkpoints-2024-03-11,kazemotts_gradtts_hifigan:F1:fear,not_applicable:pretrained-tts-no-local-voice-cloning,local_cuda_kazemotts_gradtts_hifigan,offline_neural_tts,22050,wav,none,tts_seed=2031595031,2026-08-10T00:00:00Z
ksc_derived_kk_v2_kazemotts:a8719742c77aaba2,processed/3b/3b25ebee834952fafcc1c552056794f8bb3c4813f26b4642c1d43080d583eae0.wav,2db11c9a7f9e991e583264db95b74aff1ea0e53dcffe246c9a1c933a39e59d1d,test,spoof,kk,unknown,ksc_derived_kk_v2_kazemotts:profile:kazemotts_gradtts_hifigan:F1:happy,ksc_derived_kk_v2_kazemotts,KSC text CC-BY-4.0; KazEmoTTS model CC-BY-4.0,Offline derivative for personal research from KSC transcript ksc_slr102:5f58861bbe57c; KazEmoTTS dataset and model CC-BY-4.0; upstream source archive used only for local inference; no voice cloning,ksc_derived_kk_v2_kazemotts:synthetic-voice:kazemotts_gradtts_hifigan:F1:happy,ksc_slr102:5f58861bbe57c,85919cb18c089331453c7248d352fc42a737497cbdab238adfe9240c808087d2,2.8445,gradtts_hifigan_emotional_tts,ISSAI KazEmoTTS Grad-TTS + HiFi-GAN,KazEmoTTS source-revision-0db250b2ebd95c0de7f8fb7ccba9fd65d4815115; checkpoints-2024-03-11,kazemotts_gradtts_hifigan:F1:happy,not_applicable:pretrained-tts-no-local-voice-cloning,local_cuda_kazemotts_gradtts_hifigan,offline_neural_tts,22050,wav,none,tts_seed=1204765982,2026-08-10T00:00:00Z
ksc_derived_kk_v2_kazemotts:961b587bc86b293b,processed/ad/ad81f93bf346cd88bd1e65782634a1f300ba2aefcc9b12c00e1face144189f8d.wav,6da4d732cfa8f90ef852da7be8d9d1562403be26b5204fcce554a5c6cfcbdc6d,test,spoof,kk,unknown,ksc_derived_kk_v2_kazemotts:profile:kazemotts_gradtts_hifigan:F1:neutral,ksc_derived_kk_v2_kazemotts,KSC text CC-BY-4.0; KazEmoTTS model CC-BY-4.0,Offline derivative for personal research from KSC transcript ksc_slr102:5f5f595217c65; KazEmoTTS dataset and model CC-BY-4.0; upstream source archive used only for local inference; no voice cloning,ksc_derived_kk_v2_kazemotts:synthetic-voice:kazemotts_gradtts_hifigan:F1:neutral,ksc_slr102:5f5f595217c65,dbb5b90f9bb117ed6cb60e7220bde4c88b56460d81af56e329319aa553e0bb51,2.6586875,gradtts_hifigan_emotional_tts,ISSAI KazEmoTTS Grad-TTS + HiFi-GAN,KazEmoTTS source-revision-0db250b2ebd95c0de7f8fb7ccba9fd65d4815115; checkpoints-2024-03-11,kazemotts_gradtts_hifigan:F1:neutral,not_applicable:pretrained-tts-no-local-voice-cloning,local_cuda_kazemotts_gradtts_hifigan,offline_neural_tts,22050,wav,none,tts_seed=343203237,2026-08-10T00:00:00Z
ksc_derived_kk_v2_kazemotts:ba544f2179fcfd39,processed/b6/b6bbc82d211fde1a6f56ca6c4cf765a33cd4c30e3af2db697786ff905f5862d3.wav,04c65f60e87b06c4ecefd27c4aba084c38e98c8c9b808e1ea50e0f898e513563,test,spoof,kk,unknown,ksc_derived_kk_v2_kazemotts:profile:kazemotts_gradtts_hifigan:F1:sad,ksc_derived_kk_v2_kazemotts,KSC text CC-BY-4.0; KazEmoTTS model CC-BY-4.0,Offline derivative for personal research from KSC transcript ksc_slr102:5f59ebb2a8544; KazEmoTTS dataset and model CC-BY-4.0; upstream source archive used only for local inference; no voice cloning,ksc_derived_kk_v2_kazemotts:synthetic-voice:kazemotts_gradtts_hifigan:F1:sad,ksc_slr102:5f59ebb2a8544,adde6fe6a5e0169bd4b18a7ef5d96a24a240fd03870ab3cb2d961b574241fe5b,4.0519375,gradtts_hifigan_emotional_tts,ISSAI KazEmoTTS Grad-TTS + HiFi-GAN,KazEmoTTS source-revision-0db250b2ebd95c0de7f8fb7ccba9fd65d4815115; checkpoints-2024-03-11,kazemotts_gradtts_hifigan:F1:sad,not_applicable:pretrained-tts-no-local-voice-cloning,local_cuda_kazemotts_gradtts_hifigan,offline_neural_tts,22050,wav,none,tts_seed=379257029,2026-08-10T00:00:00Z
ksc_derived_kk_v2_kazemotts:2f26721ee159093f,processed/70/700309d703ced96e59cb3fa09a8a88eaedc9fb675824af2510f23b68da582cdf.wav,4324caee8d3217ba3b68c1cdff78d7f04ed12cb225e47256448b1f2595c28991,test,spoof,kk,unknown,ksc_derived_kk_v2_kazemotts:profile:kazemotts_gradtts_hifigan:M2:angry,ksc_derived_kk_v2_kazemotts,KSC text CC-BY-4.0; KazEmoTTS model CC-BY-4.0,Offline derivative for personal research from KSC transcript ksc_slr102:5f568483edef4; KazEmoTTS dataset and model CC-BY-4.0; upstream source archive used only for local inference; no voice cloning,ksc_derived_kk_v2_kazemotts:synthetic-voice:kazemotts_gradtts_hifigan:M2:angry,ksc_slr102:5f568483edef4,2fc9ba3d5ce8707115cfcc1c2c96da6e38418bb66245e7cf5d905e550e23de26,3.5875,gradtts_hifigan_emotional_tts,ISSAI KazEmoTTS Grad-TTS + HiFi-GAN,KazEmoTTS source-revision-0db250b2ebd95c0de7f8fb7ccba9fd65d4815115; checkpoints-2024-03-11,kazemotts_gradtts_hifigan:M2:angry,not_applicable:pretrained-tts-no-local-voice-cloning,local_cuda_kazemotts_gradtts_hifigan,offline_neural_tts,22050,wav,none,tts_seed=788003620,2026-08-10T00:00:00Z
ksc_derived_kk_v2_kazemotts:9a06f4a1700797c2,processed/38/38a76cccdcb046e6abdf2c93c8feb9168fa7cdb1b83e75c947a207e44e8b8c2c.wav,ad61f7cde76cb6e4ca293fcd474f538a11f87cc2405a69b81623e552f10a9460,test,spoof,kk,unknown,ksc_derived_kk_v2_kazemotts:profile:kazemotts_gradtts_hifigan:M2:surprise,ksc_derived_kk_v2_kazemotts,KSC text CC-BY-4.0; KazEmoTTS model CC-BY-4.0,Offline derivative for personal research from KSC transcript ksc_slr102:5f579cbc9cc55; KazEmoTTS dataset and model CC-BY-4.0; upstream source archive used only for local inference; no voice cloning,ksc_derived_kk_v2_kazemotts:synthetic-voice:kazemotts_gradtts_hifigan:M2:surprise,ksc_slr102:5f579cbc9cc55,3dda0c2a569f3df4bf939085a3e5a63aa33f4fb670b6ef8af4d5fda0ed714bd5,2.6355,gradtts_hifigan_emotional_tts,ISSAI KazEmoTTS Grad-TTS + HiFi-GAN,KazEmoTTS source-revision-0db250b2ebd95c0de7f8fb7ccba9fd65d4815115; checkpoints-2024-03-11,kazemotts_gradtts_hifigan:M2:surprise,not_applicable:pretrained-tts-no-local-voice-cloning,local_cuda_kazemotts_gradtts_hifigan,offline_neural_tts,22050,wav,none,tts_seed=67894461,2026-08-10T00:00:00Z
ksc_derived_kk_v2_kazemotts:b729919bc3bf1310,processed/a3/a3b59740f02d8d4bf126b6a7776dc26cea5a0ed6aedcba1bbded399da05f7ab8.wav,87c25ed0374b0d9a793f46d095e4426b63303c3914a4fd735ad0a5ed60c46e27,test,spoof,kk,unknown,ksc_derived_kk_v2_kazemotts:profile:kazemotts_gradtts_hifigan:M2:fear,ksc_derived_kk_v2_kazemotts,KSC text CC-BY-4.0; KazEmoTTS model CC-BY-4.0,Offline derivative for personal research from KSC transcript ksc_slr102:5f59bd8a7ad90; KazEmoTTS dataset and model CC-BY-4.0; upstream source archive used only for local inference; no voice cloning,ksc_derived_kk_v2_kazemotts:synthetic-voice:kazemotts_gradtts_hifigan:M2:fear,ksc_slr102:5f59bd8a7ad90,d22e7ae2c6ca5c2140bee3d9e94350e6aa935a54564e54818b3ac05876a0f083,7.1981875,gradtts_hifigan_emotional_tts,ISSAI KazEmoTTS Grad-TTS + HiFi-GAN,KazEmoTTS source-revision-0db250b2ebd95c0de7f8fb7ccba9fd65d4815115; checkpoints-2024-03-11,kazemotts_gradtts_hifigan:M2:fear,not_applicable:pretrained-tts-no-local-voice-cloning,local_cuda_kazemotts_gradtts_hifigan,offline_neural_tts,22050,wav,none,tts_seed=1491956305,2026-08-10T00:00:00Z
ksc_derived_kk_v2_kazemotts:74753c2838db89ff,processed/ed/ede28dad73c297998740b91c9fd67303d873781c9fffb03f19db183f197568c8.wav,8f282f1d112a46a6a07fb06f8350a9bf2de45ef0c82d415dfdc8eea80ba16baa,test,spoof,kk,unknown,ksc_derived_kk_v2_kazemotts:profile:kazemotts_gradtts_hifigan:M2:sad,ksc_derived_kk_v2_kazemotts,KSC text CC-BY-4.0; KazEmoTTS model CC-BY-4.0,Offline derivative for personal research from KSC transcript ksc_slr102:5f60bd5a112b3; KazEmoTTS dataset and model CC-BY-4.0; upstream source archive used only for local inference; no voice cloning,ksc_derived_kk_v2_kazemotts:synthetic-voice:kazemotts_gradtts_hifigan:M2:sad,ksc_slr102:5f60bd5a112b3,1d6697745047c53698dc85c993c7bab7aeeacc808292709a1ad67b0b5b8d5642,3.8776875,gradtts_hifigan_emotional_tts,ISSAI KazEmoTTS Grad-TTS + HiFi-GAN,KazEmoTTS source-revision-0db250b2ebd95c0de7f8fb7ccba9fd65d4815115; checkpoints-2024-03-11,kazemotts_gradtts_hifigan:M2:sad,not_applicable:pretrained-tts-no-local-voice-cloning,local_cuda_kazemotts_gradtts_hifigan,offline_neural_tts,22050,wav,none,tts_seed=1363335070,2026-08-10T00:00:00Z
ksc_derived_kk_v2_kazemotts:f51fc0f4ef45e502,processed/47/47fd45ce03289b0cc54c1771b5d2aa7fecf5e31420f486f42f3eb7715510ed92.wav,d7d09c4f9dcf0622764d758752616ac2ede07492ac9f1b783b12317046795015,test,spoof,kk,unknown,ksc_derived_kk_v2_kazemotts:profile:kazemotts_gradtts_hifigan:M1:angry,ksc_derived_kk_v2_kazemotts,KSC text CC-BY-4.0; KazEmoTTS model CC-BY-4.0,Offline derivative for personal research from KSC transcript ksc_slr102:5f5a3804031dd; KazEmoTTS dataset and model CC-BY-4.0; upstream source archive used only for local inference; no voice cloning,ksc_derived_kk_v2_kazemotts:synthetic-voice:kazemotts_gradtts_hifigan:M1:angry,ksc_slr102:5f5a3804031dd,6e14a795a43fdb5731bc9deca63666407654ce57701331faa004c079c9e1146f,6.3506875,gradtts_hifigan_emotional_tts,ISSAI KazEmoTTS Grad-TTS + HiFi-GAN,KazEmoTTS source-revision-0db250b2ebd95c0de7f8fb7ccba9fd65d4815115; checkpoints-2024-03-11,kazemotts_gradtts_hifigan:M1:angry,not_applicable:pretrained-tts-no-local-voice-cloning,local_cuda_kazemotts_gradtts_hifigan,offline_neural_tts,22050,wav,none,tts_seed=297033065,2026-08-10T00:00:00Z
ksc_derived_kk_v2_kazemotts:6261ee39d03a1f87,processed/32/32e8e7b59c92f7cc9c29eaf5e5c3b5529a354b1ce2bcdbe4c6f133e04a0a233e.wav,66f3b070eb80da01e0c2db84e12e8b37f061cfa9f9fbd21682158dbd179b5caa,test,spoof,kk,unknown,ksc_derived_kk_v2_kazemotts:profile:kazemotts_gradtts_hifigan:M1:surprise,ksc_derived_kk_v2_kazemotts,KSC text CC-BY-4.0; KazEmoTTS model CC-BY-4.0,Offline derivative for personal research from KSC transcript ksc_slr102:5f60c03a8ea07; KazEmoTTS dataset and model CC-BY-4.0; upstream source archive used only for local inference; no voice cloning,ksc_derived_kk_v2_kazemotts:synthetic-voice:kazemotts_gradtts_hifigan:M1:surprise,ksc_slr102:5f60c03a8ea07,8a79e2c68da6335432e8b42c422d9521584d37746721452194a51d5a427fe5d3,4.075125,gradtts_hifigan_emotional_tts,ISSAI KazEmoTTS Grad-TTS + HiFi-GAN,KazEmoTTS source-revision-0db250b2ebd95c0de7f8fb7ccba9fd65d4815115; checkpoints-2024-03-11,kazemotts_gradtts_hifigan:M1:surprise,not_applicable:pretrained-tts-no-local-voice-cloning,local_cuda_kazemotts_gradtts_hifigan,offline_neural_tts,22050,wav,none,tts_seed=424261178,2026-08-10T00:00:00Z
ksc_derived_kk_v2_kazemotts:940a760dac1ec101,processed/76/76853722c3fac6aa2f140cc6a6118378df35e82ee704168ccd04a14270a26faa.wav,dd3f1fa884621abb6452fa5c3324c10e201422940dc22592b2ef5f004dd71e62,test,spoof,kk,unknown,ksc_derived_kk_v2_kazemotts:profile:kazemotts_gradtts_hifigan:M1:happy,ksc_derived_kk_v2_kazemotts,KSC text CC-BY-4.0; KazEmoTTS model CC-BY-4.0,Offline derivative for personal research from KSC transcript ksc_slr102:5f60e3b17cf4a; KazEmoTTS dataset and model CC-BY-4.0; upstream source archive used only for local inference; no voice cloning,ksc_derived_kk_v2_kazemotts:synthetic-voice:kazemotts_gradtts_hifigan:M1:happy,ksc_slr102:5f60e3b17cf4a,8e6534f7fe901d350aa4862f72c8cee7cd059a6d2c476fb320d98d520cf56d47,5.2013125,gradtts_hifigan_emotional_tts,ISSAI KazEmoTTS Grad-TTS + HiFi-GAN,KazEmoTTS source-revision-0db250b2ebd95c0de7f8fb7ccba9fd65d4815115; checkpoints-2024-03-11,kazemotts_gradtts_hifigan:M1:happy,not_applicable:pretrained-tts-no-local-voice-cloning,local_cuda_kazemotts_gradtts_hifigan,offline_neural_tts,22050,wav,none,tts_seed=622734769,2026-08-10T00:00:00Z
ksc_derived_kk_v2_kazemotts:3e7d815fff200186,processed/a0/a0cab01e6a3f90cc85d81f2f0ed8400194468cffce2edb1fd100027e72cf4534.wav,33f4cd7ac92f846e139c3952f008bac9122aa95d4e3edc9e1f1c6c8f0b06e153,test,spoof,kk,unknown,ksc_derived_kk_v2_kazemotts:profile:kazemotts_gradtts_hifigan:M1:neutral,ksc_derived_kk_v2_kazemotts,KSC text CC-BY-4.0; KazEmoTTS model CC-BY-4.0,Offline derivative for personal research from KSC transcript ksc_slr102:5f60e6290cf18; KazEmoTTS dataset and model CC-BY-4.0; upstream source archive used only for local inference; no voice cloning,ksc_derived_kk_v2_kazemotts:synthetic-voice:kazemotts_gradtts_hifigan:M1:neutral,ksc_slr102:5f60e6290cf18,5e3b8176938cc82b7ac6d84e421e6ed566de248837109bda2b5c4ddd31f26271,8.4869375,gradtts_hifigan_emotional_tts,ISSAI KazEmoTTS Grad-TTS + HiFi-GAN,KazEmoTTS source-revision-0db250b2ebd95c0de7f8fb7ccba9fd65d4815115; checkpoints-2024-03-11,kazemotts_gradtts_hifigan:M1:neutral,not_applicable:pretrained-tts-no-local-voice-cloning,local_cuda_kazemotts_gradtts_hifigan,offline_neural_tts,22050,wav,none,tts_seed=1769942006,2026-08-10T00:00:00Z
ksc_derived_kk_v2_kazemotts:c601667606875125,processed/c7/c7013160c880de6a9051653cea2120f3c94f1a9e60d89c608285546341a1fa32.wav,2c3ebf09362ef910bf942694b0a83945150330309078e1f35871dff65e66edb7,test,spoof,kk,unknown,ksc_derived_kk_v2_kazemotts:profile:kazemotts_gradtts_hifigan:M1:sad,ksc_derived_kk_v2_kazemotts,KSC text CC-BY-4.0; KazEmoTTS model CC-BY-4.0,Offline derivative for personal research from KSC transcript ksc_slr102:5f61e14926583; KazEmoTTS dataset and model CC-BY-4.0; upstream source archive used only for local inference; no voice cloning,ksc_derived_kk_v2_kazemotts:synthetic-voice:kazemotts_gradtts_hifigan:M1:sad,ksc_slr102:5f61e14926583,7e3726921ef3c8049dfab6aa746fdaf8876ddfe6e79ee4f3ecbb2973f8a07740,3.483,gradtts_hifigan_emotional_tts,ISSAI KazEmoTTS Grad-TTS + HiFi-GAN,KazEmoTTS source-revision-0db250b2ebd95c0de7f8fb7ccba9fd65d4815115; checkpoints-2024-03-11,kazemotts_gradtts_hifigan:M1:sad,not_applicable:pretrained-tts-no-local-voice-cloning,local_cuda_kazemotts_gradtts_hifigan,offline_neural_tts,22050,wav,none,tts_seed=1146506531,2026-08-10T00:00:00Z
ksc_derived_kk_v2_kazemotts:6bcd5f5c543dbfc0,processed/15/15b866021ec8d810ddb00c3a1291f6f10ec7e1674363dcdfe9d39bd22d7d59bd.wav,d4744ad1a8ba2357a7ce10e570133d7d8c69d9fe4e650563d48c41edfd668f49,test,spoof,kk,unknown,ksc_derived_kk_v2_kazemotts:profile:kazemotts_gradtts_hifigan:F1:angry,ksc_derived_kk_v2_kazemotts,KSC text CC-BY-4.0; KazEmoTTS model CC-BY-4.0,Offline derivative for personal research from KSC transcript ksc_slr102:5f5883c6350b9; KazEmoTTS dataset and model CC-BY-4.0; upstream source archive used only for local inference; no voice cloning,ksc_derived_kk_v2_kazemotts:synthetic-voice:kazemotts_gradtts_hifigan:F1:angry,ksc_slr102:5f5883c6350b9,90b2d4b8561569e1c9dbaaba540dc587ea898cd3c09a8e299a4c35ba9a6ae0d4,3.227625,gradtts_hifigan_emotional_tts,ISSAI KazEmoTTS Grad-TTS + HiFi-GAN,KazEmoTTS source-revision-0db250b2ebd95c0de7f8fb7ccba9fd65d4815115; checkpoints-2024-03-11,kazemotts_gradtts_hifigan:F1:angry,not_applicable:pretrained-tts-no-local-voice-cloning,local_cuda_kazemotts_gradtts_hifigan,offline_neural_tts,22050,wav,none,tts_seed=1901172876,2026-08-10T00:00:00Z
ksc_derived_kk_v2_kazemotts:d5b365a037b7a86b,processed/65/65dc5e75e6d4454be6ca8c1839063e0abae5ecf59a5d2bea931a0e9f58430946.wav,b317df588fbba1bc9713309ecb8756dc3f6f84cffbab62040bf7f16119eee5b7,test,spoof,kk,unknown,ksc_derived_kk_v2_kazemotts:profile:kazemotts_gradtts_hifigan:F1:surprise,ksc_derived_kk_v2_kazemotts,KSC text CC-BY-4.0; KazEmoTTS model CC-BY-4.0,Offline derivative for personal research from KSC transcript ksc_slr102:5f6054d6bc9f7; KazEmoTTS dataset and model CC-BY-4.0; upstream source archive used only for local inference; no voice cloning,ksc_derived_kk_v2_kazemotts:synthetic-voice:kazemotts_gradtts_hifigan:F1:surprise,ksc_slr102:5f6054d6bc9f7,b2cddd9df09748c83f3d44b4562585e90321a1e4f4d2990171b3c4ab801f02b0,3.575875,gradtts_hifigan_emotional_tts,ISSAI KazEmoTTS Grad-TTS + HiFi-GAN,KazEmoTTS source-revision-0db250b2ebd95c0de7f8fb7ccba9fd65d4815115; checkpoints-2024-03-11,kazemotts_gradtts_hifigan:F1:surprise,not_applicable:pretrained-tts-no-local-voice-cloning,local_cuda_kazemotts_gradtts_hifigan,offline_neural_tts,22050,wav,none,tts_seed=1589833920,2026-08-10T00:00:00Z
ksc_derived_kk_v2_kazemotts:289d6235aa47c740,processed/51/51334bb82972e4f15351d3c47df4cc4303a34b7816ca537187a43556e46e815f.wav,554c1ae3b43a0ba8ea7d2ea8b6cf6c89dfd8193d8a055a47a8dc393394364816,test,spoof,kk,unknown,ksc_derived_kk_v2_kazemotts:profile:kazemotts_gradtts_hifigan:F1:fear,ksc_derived_kk_v2_kazemotts,KSC text CC-BY-4.0; KazEmoTTS model CC-BY-4.0,Offline derivative for personal research from KSC transcript ksc_slr102:5f60e8f1c8a7b; KazEmoTTS dataset and model CC-BY-4.0; upstream source archive used only for local inference; no voice cloning,ksc_derived_kk_v2_kazemotts:synthetic-voice:kazemotts_gradtts_hifigan:F1:fear,ksc_slr102:5f60e8f1c8a7b,272e15a31c5abb4465100db0405a3a7063b74c800958bd8d0949aa871d5b6564,4.260875,gradtts_hifigan_emotional_tts,ISSAI KazEmoTTS Grad-TTS + HiFi-GAN,KazEmoTTS source-revision-0db250b2ebd95c0de7f8fb7ccba9fd65d4815115; checkpoints-2024-03-11,kazemotts_gradtts_hifigan:F1:fear,not_applicable:pretrained-tts-no-local-voice-cloning,local_cuda_kazemotts_gradtts_hifigan,offline_neural_tts,22050,wav,none,tts_seed=280321229,2026-08-10T00:00:00Z
ksc_derived_kk_v2_kazemotts:bbedbc78dd84bb5c,processed/70/7004ed1aee03ca36e0c10de773373c6190b6c294c7f3fa739b8056593ecf3972.wav,0321c407b6e57347927a328e6ad124bd2a4edb0552c52e5f49e66f3760fac0e9,test,spoof,kk,unknown,ksc_derived_kk_v2_kazemotts:profile:kazemotts_gradtts_hifigan:F1:happy,ksc_derived_kk_v2_kazemotts,KSC text CC-BY-4.0; KazEmoTTS model CC-BY-4.0,Offline derivative for personal research from KSC transcript ksc_slr102:5fa3b55b09664; KazEmoTTS dataset and model CC-BY-4.0; upstream source archive used only for local inference; no voice cloning,ksc_derived_kk_v2_kazemotts:synthetic-voice:kazemotts_gradtts_hifigan:F1:happy,ksc_slr102:5fa3b55b09664,1acdfa6ea9a263a6423290ed82de35f42a21210d7e5ab05b2cb8afceecd12cd0,2.8560625,gradtts_hifigan_emotional_tts,ISSAI KazEmoTTS Grad-TTS + HiFi-GAN,KazEmoTTS source-revision-0db250b2ebd95c0de7f8fb7ccba9fd65d4815115; checkpoints-2024-03-11,kazemotts_gradtts_hifigan:F1:happy,not_applicable:pretrained-tts-no-local-voice-cloning,local_cuda_kazemotts_gradtts_hifigan,offline_neural_tts,22050,wav,none,tts_seed=1241276050,2026-08-10T00:00:00Z
ksc_derived_kk_v2_kazemotts:7ce8405d766d7caf,processed/11/11b03d5ff131c2ed3077fe3a8a9c955ec43ff05616a7fea05f155e0cb1e66588.wav,830e246da7a0aa4a5f135d32f59b85224b404308279e7548e03a12741b330b30,test,spoof,kk,unknown,ksc_derived_kk_v2_kazemotts:profile:kazemotts_gradtts_hifigan:F1:neutral,ksc_derived_kk_v2_kazemotts,KSC text CC-BY-4.0; KazEmoTTS model CC-BY-4.0,Offline derivative for personal research from KSC transcript ksc_slr102:5f61e7936fc4e; KazEmoTTS dataset and model CC-BY-4.0; upstream source archive used only for local inference; no voice cloning,ksc_derived_kk_v2_kazemotts:synthetic-voice:kazemotts_gradtts_hifigan:F1:neutral,ksc_slr102:5f61e7936fc4e,44e4892e2eb8259c7f57f316f73bea31a23725c9ca2fc8f443e32c5e6b7b1058,4.9575,gradtts_hifigan_emotional_tts,ISSAI KazEmoTTS Grad-TTS + HiFi-GAN,KazEmoTTS source-revision-0db250b2ebd95c0de7f8fb7ccba9fd65d4815115; checkpoints-2024-03-11,kazemotts_gradtts_hifigan:F1:neutral,not_applicable:pretrained-tts-no-local-voice-cloning,local_cuda_kazemotts_gradtts_hifigan,offline_neural_tts,22050,wav,none,tts_seed=323636620,2026-08-10T00:00:00Z
ksc_derived_kk_v2_kazemotts:588609f67128baaf,processed/77/77d1faf1d74b38e5186844ed0e96c595e4f409e46464cbbc12296747894d9b1a.wav,9d83f4d5cef8d6704c8a5008caf92e1f6a31af2d15ddfacfbd47778928193cfd,test,spoof,kk,unknown,ksc_derived_kk_v2_kazemotts:profile:kazemotts_gradtts_hifigan:F1:sad,ksc_derived_kk_v2_kazemotts,KSC text CC-BY-4.0; KazEmoTTS model CC-BY-4.0,Offline derivative for personal research from KSC transcript ksc_slr102:5f61c21ea7ebf; KazEmoTTS dataset and model CC-BY-4.0; upstream source archive used only for local inference; no voice cloning,ksc_derived_kk_v2_kazemotts:synthetic-voice:kazemotts_gradtts_hifigan:F1:sad,ksc_slr102:5f61c21ea7ebf,13ef78e6eb211478697c6dc30028f06b2654f1a35e20d9c1fe45157c113fcdac,2.6819375,gradtts_hifigan_emotional_tts,ISSAI KazEmoTTS Grad-TTS + HiFi-GAN,KazEmoTTS source-revision-0db250b2ebd95c0de7f8fb7ccba9fd65d4815115; checkpoints-2024-03-11,kazemotts_gradtts_hifigan:F1:sad,not_applicable:pretrained-tts-no-local-voice-cloning,local_cuda_kazemotts_gradtts_hifigan,offline_neural_tts,22050,wav,none,tts_seed=1612703725,2026-08-10T00:00:00Z
ksc_derived_kk_v2_kazemotts:7d3114ac42e2c2ed,processed/63/63d2cc43645d91f6ae9b1eed2a1cd7d92405a458e3383af1179b9a7ddcb24fef.wav,4bfd75993e0cda72867aa805d49ac7addc1b8d4eae4ee3211af1c978669e8659,test,spoof,kk,unknown,ksc_derived_kk_v2_kazemotts:profile:kazemotts_gradtts_hifigan:M2:angry,ksc_derived_kk_v2_kazemotts,KSC text CC-BY-4.0; KazEmoTTS model CC-BY-4.0,Offline derivative for personal research from KSC transcript ksc_slr102:5f5f53a43076b; KazEmoTTS dataset and model CC-BY-4.0; upstream source archive used only for local inference; no voice cloning,ksc_derived_kk_v2_kazemotts:synthetic-voice:kazemotts_gradtts_hifigan:M2:angry,ksc_slr102:5f5f53a43076b,dd57da13781370556714c9a4a146683f5fdc0ec4d125c3173de43cebb8cd07a5,2.809625,gradtts_hifigan_emotional_tts,ISSAI KazEmoTTS Grad-TTS + HiFi-GAN,KazEmoTTS source-revision-0db250b2ebd95c0de7f8fb7ccba9fd65d4815115; checkpoints-2024-03-11,kazemotts_gradtts_hifigan:M2:angry,not_applicable:pretrained-tts-no-local-voice-cloning,local_cuda_kazemotts_gradtts_hifigan,offline_neural_tts,22050,wav,none,tts_seed=1130285540,2026-08-10T00:00:00Z
ksc_derived_kk_v2_kazemotts:ad574469ecbd704a,processed/93/930d0c2d81c5813f24bf1a96f8300c47c16f3a961056f8f1dbe9904b020db5d2.wav,e0ae6deb9e21f0d5a7a1c0b20eb70bb14be03cdd781680ec36fa09fbfdc7f470,test,spoof,kk,unknown,ksc_derived_kk_v2_kazemotts:profile:kazemotts_gradtts_hifigan:M2:fear,ksc_derived_kk_v2_kazemotts,KSC text CC-BY-4.0; KazEmoTTS model CC-BY-4.0,Offline derivative for personal research from KSC transcript ksc_slr102:5f5f3129d662d; KazEmoTTS dataset and model CC-BY-4.0; upstream source archive used only for local inference; no voice cloning,ksc_derived_kk_v2_kazemotts:synthetic-voice:kazemotts_gradtts_hifigan:M2:fear,ksc_slr102:5f5f3129d662d,dbafd8fbba5043385e073ff1df3bc10acee3cff3bd6ad2973318fd65c699e853,4.8878125,gradtts_hifigan_emotional_tts,ISSAI KazEmoTTS Grad-TTS + HiFi-GAN,KazEmoTTS source-revision-0db250b2ebd95c0de7f8fb7ccba9fd65d4815115; checkpoints-2024-03-11,kazemotts_gradtts_hifigan:M2:fear,not_applicable:pretrained-tts-no-local-voice-cloning,local_cuda_kazemotts_gradtts_hifigan,offline_neural_tts,22050,wav,none,tts_seed=1541564089,2026-08-10T00:00:00Z
ksc_derived_kk_v2_kazemotts:76cfd5a1caaca70a,processed/f1/f13d084827688c6c607dfe593457cc273875cb061b3a7b78bcb62b24c6a21562.wav,ec3e39a1143fbc88649ea83527d65604fcdd55e380d56c00117f8c053afe3a28,test,spoof,kk,unknown,ksc_derived_kk_v2_kazemotts:profile:kazemotts_gradtts_hifigan:M2:happy,ksc_derived_kk_v2_kazemotts,KSC text CC-BY-4.0; KazEmoTTS model CC-BY-4.0,Offline derivative for personal research from KSC transcript ksc_slr102:5f5f2e6ec2a46; KazEmoTTS dataset and model CC-BY-4.0; upstream source archive used only for local inference; no voice cloning,ksc_derived_kk_v2_kazemotts:synthetic-voice:kazemotts_gradtts_hifigan:M2:happy,ksc_slr102:5f5f2e6ec2a46,8583ca4d2b02149d7472c266a4cdf8b6f43860baa7b60cd956454b7f4e2ff8c7,4.969125,gradtts_hifigan_emotional_tts,ISSAI KazEmoTTS Grad-TTS + HiFi-GAN,KazEmoTTS source-revision-0db250b2ebd95c0de7f8fb7ccba9fd65d4815115; checkpoints-2024-03-11,kazemotts_gradtts_hifigan:M2:happy,not_applicable:pretrained-tts-no-local-voice-cloning,local_cuda_kazemotts_gradtts_hifigan,offline_neural_tts,22050,wav,none,tts_seed=236773410,2026-08-10T00:00:00Z
ksc_derived_kk_v2_kazemotts:04203f284dfb9546,processed/c2/c26d4c2553744c0c4da739413e5674ab272907675811b8fb52052270045a68f0.wav,6d85e09a35e1d6923fc1064af5d0a999de8f85ad584537ef1a48cbe12b771b79,test,spoof,kk,unknown,ksc_derived_kk_v2_kazemotts:profile:kazemotts_gradtts_hifigan:M2:neutral,ksc_derived_kk_v2_kazemotts,KSC text CC-BY-4.0; KazEmoTTS model CC-BY-4.0,Offline derivative for personal research from KSC transcript ksc_slr102:5f579c248f3bf; KazEmoTTS dataset and model CC-BY-4.0; upstream source archive used only for local inference; no voice cloning,ksc_derived_kk_v2_kazemotts:synthetic-voice:kazemotts_gradtts_hifigan:M2:neutral,ksc_slr102:5f579c248f3bf,f14b7d609092a5aa0d2526f919dd297b16288f86d307d51078fd5720b784154b,4.5975625,gradtts_hifigan_emotional_tts,ISSAI KazEmoTTS Grad-TTS + HiFi-GAN,KazEmoTTS source-revision-0db250b2ebd95c0de7f8fb7ccba9fd65d4815115; checkpoints-2024-03-11,kazemotts_gradtts_hifigan:M2:neutral,not_applicable:pretrained-tts-no-local-voice-cloning,local_cuda_kazemotts_gradtts_hifigan,offline_neural_tts,22050,wav,none,tts_seed=1878196169,2026-08-10T00:00:00Z
ksc_derived_kk_v2_kazemotts:6ccd05b49b653e5d,processed/b2/b28b708b3f0d66599d462f0a385a4fbc339220084e51708ccb41a7118a52aaef.wav,54908146161344e5f283ec1742212485d7835303ca2333d53344e3a0ab2f7b41,test,spoof,kk,unknown,ksc_derived_kk_v2_kazemotts:profile:kazemotts_gradtts_hifigan:M1:angry,ksc_derived_kk_v2_kazemotts,KSC text CC-BY-4.0; KazEmoTTS model CC-BY-4.0,Offline derivative for personal research from KSC transcript ksc_slr102:5f2b08794a535; KazEmoTTS dataset and model CC-BY-4.0; upstream source archive used only for local inference; no voice cloning,ksc_derived_kk_v2_kazemotts:synthetic-voice:kazemotts_gradtts_hifigan:M1:angry,ksc_slr102:5f2b08794a535,e41ffb1503c8c1dd355732510878cc9a48b005ea9453e96952b1e67c78bd2c9d,4.2725,gradtts_hifigan_emotional_tts,ISSAI KazEmoTTS Grad-TTS + HiFi-GAN,KazEmoTTS source-revision-0db250b2ebd95c0de7f8fb7ccba9fd65d4815115; checkpoints-2024-03-11,kazemotts_gradtts_hifigan:M1:angry,not_applicable:pretrained-tts-no-local-voice-cloning,local_cuda_kazemotts_gradtts_hifigan,offline_neural_tts,22050,wav,none,tts_seed=148935527,2026-08-10T00:00:00Z
ksc_derived_kk_v2_kazemotts:b2b9e2b79d636d74,processed/b5/b5d86d9e8fd4dc82f1806449f925d0f6ea136feef7e11a5a15824dd67374c83c.wav,8887d1c9bb303d036bedd7596f8f121450b9c280294d3c26e6f9a448e7005125,test,spoof,kk,unknown,ksc_derived_kk_v2_kazemotts:profile:kazemotts_gradtts_hifigan:M1:fear,ksc_derived_kk_v2_kazemotts,KSC text CC-BY-4.0; KazEmoTTS model CC-BY-4.0,Offline derivative for personal research from KSC transcript ksc_slr102:5f60a857b9418; KazEmoTTS dataset and model CC-BY-4.0; upstream source archive used only for local inference; no voice cloning,ksc_derived_kk_v2_kazemotts:synthetic-voice:kazemotts_gradtts_hifigan:M1:fear,ksc_slr102:5f60a857b9418,12015fe06e2f59ce306983393ab674f3efb53c7feafd3650f2b736e43cce9ddc,7.09375,gradtts_hifigan_emotional_tts,ISSAI KazEmoTTS Grad-TTS + HiFi-GAN,KazEmoTTS source-revision-0db250b2ebd95c0de7f8fb7ccba9fd65d4815115; checkpoints-2024-03-11,kazemotts_gradtts_hifigan:M1:fear,not_applicable:pretrained-tts-no-local-voice-cloning,local_cuda_kazemotts_gradtts_hifigan,offline_neural_tts,22050,wav,none,tts_seed=680683461,2026-08-10T00:00:00Z
ksc_derived_kk_v2_kazemotts:0537f1b6a60ca4c1,processed/a0/a0716be217da326be8651a11a0013884585b07945a41b047bb276adab7e1dc60.wav,de4bf07131b47ea2b6cff14b81e6b19cfa468b140f17ff8bee09019b14352fc7,test,spoof,kk,unknown,ksc_derived_kk_v2_kazemotts:profile:kazemotts_gradtts_hifigan:M1:happy,ksc_derived_kk_v2_kazemotts,KSC text CC-BY-4.0; KazEmoTTS model CC-BY-4.0,Offline derivative for personal research from KSC transcript ksc_slr102:5f5af61af3bd7; KazEmoTTS dataset and model CC-BY-4.0; upstream source archive used only for local inference; no voice cloning,ksc_derived_kk_v2_kazemotts:synthetic-voice:kazemotts_gradtts_hifigan:M1:happy,ksc_slr102:5f5af61af3bd7,d8d8a831dd90315d98b56e7df92fa133da67de24e4e04087642c4e0a56ff619c,3.308875,gradtts_hifigan_emotional_tts,ISSAI KazEmoTTS Grad-TTS + HiFi-GAN,KazEmoTTS source-revision-0db250b2ebd95c0de7f8fb7ccba9fd65d4815115; checkpoints-2024-03-11,kazemotts_gradtts_hifigan:M1:happy,not_applicable:pretrained-tts-no-local-voice-cloning,local_cuda_kazemotts_gradtts_hifigan,offline_neural_tts,22050,wav,none,tts_seed=2069272441,2026-08-10T00:00:00Z
ksc_derived_kk_v2_kazemotts:81506f41cc42414b,processed/ae/ae2e1e9682c34f731f7e1d4bf70bebd7d4bcc845b0a0160ae450cb12a0549639.wav,5704bc9024e5f9b2937961731e965a0401bfe380856a0b3b7276f817f2c0e916,test,spoof,kk,unknown,ksc_derived_kk_v2_kazemotts:profile:kazemotts_gradtts_hifigan:M1:neutral,ksc_derived_kk_v2_kazemotts,KSC text CC-BY-4.0; KazEmoTTS model CC-BY-4.0,Offline derivative for personal research from KSC transcript ksc_slr102:5f60dffd58eb4; KazEmoTTS dataset and model CC-BY-4.0; upstream source archive used only for local inference; no voice cloning,ksc_derived_kk_v2_kazemotts:synthetic-voice:kazemotts_gradtts_hifigan:M1:neutral,ksc_slr102:5f60dffd58eb4,340c426423bd8d9d38222f1b5e8299f08205755ecadd46d043eacdf4aae7cac9,5.421875,gradtts_hifigan_emotional_tts,ISSAI KazEmoTTS Grad-TTS + HiFi-GAN,KazEmoTTS source-revision-0db250b2ebd95c0de7f8fb7ccba9fd65d4815115; checkpoints-2024-03-11,kazemotts_gradtts_hifigan:M1:neutral,not_applicable:pretrained-tts-no-local-voice-cloning,local_cuda_kazemotts_gradtts_hifigan,offline_neural_tts,22050,wav,none,tts_seed=1522612495,2026-08-10T00:00:00Z
ksc_derived_kk_v2_kazemotts:2e431b64f2222181,processed/7c/7cd6277c344a94ce97c152f93beb8f38eb89f9180c9abf942da820d7a3450095.wav,7cf5fa3a62158c17f5a2b63d3730e491c0eec2bc657254f0bcc8767e203716c6,test,spoof,kk,unknown,ksc_derived_kk_v2_kazemotts:profile:kazemotts_gradtts_hifigan:F1:angry,ksc_derived_kk_v2_kazemotts,KSC text CC-BY-4.0; KazEmoTTS model CC-BY-4.0,Offline derivative for personal research from KSC transcript ksc_slr102:5f58c8b48fc85; KazEmoTTS dataset and model CC-BY-4.0; upstream source archive used only for local inference; no voice cloning,ksc_derived_kk_v2_kazemotts:synthetic-voice:kazemotts_gradtts_hifigan:F1:angry,ksc_slr102:5f58c8b48fc85,b73f0960bb3aad4af8e76c45ee5e056ef27d1be0b26ac4e199e54ede7e0c9b32,4.2260625,gradtts_hifigan_emotional_tts,ISSAI KazEmoTTS Grad-TTS + HiFi-GAN,KazEmoTTS source-revision-0db250b2ebd95c0de7f8fb7ccba9fd65d4815115; checkpoints-2024-03-11,kazemotts_gradtts_hifigan:F1:angry,not_applicable:pretrained-tts-no-local-voice-cloning,local_cuda_kazemotts_gradtts_hifigan,offline_neural_tts,22050,wav,none,tts_seed=1792931080,2026-08-10T00:00:00Z
ksc_derived_kk_v2_kazemotts:668ed91c0df01841,processed/34/34fc7f6820f70a5cfc65c49c0222fbaa9a100c8d690286036efe09ee5ae6222b.wav,f1e3e377aa8563a3978245345f58e4d350bf3bfacf67cc640c74a54b4088aa33,test,spoof,kk,unknown,ksc_derived_kk_v2_kazemotts:profile:kazemotts_gradtts_hifigan:F1:surprise,ksc_derived_kk_v2_kazemotts,KSC text CC-BY-4.0; KazEmoTTS model CC-BY-4.0,Offline derivative for personal research from KSC transcript ksc_slr102:5f57adc6285fe; KazEmoTTS dataset and model CC-BY-4.0; upstream source archive used only for local inference; no voice cloning,ksc_derived_kk_v2_kazemotts:synthetic-voice:kazemotts_gradtts_hifigan:F1:surprise,ksc_slr102:5f57adc6285fe,1e54aed31734c57564943d5ce21289127dcbec87f9c5d26f85caae4607840c24,3.4714375,gradtts_hifigan_emotional_tts,ISSAI KazEmoTTS Grad-TTS + HiFi-GAN,KazEmoTTS source-revision-0db250b2ebd95c0de7f8fb7ccba9fd65d4815115; checkpoints-2024-03-11,kazemotts_gradtts_hifigan:F1:surprise,not_applicable:pretrained-tts-no-local-voice-cloning,local_cuda_kazemotts_gradtts_hifigan,offline_neural_tts,22050,wav,none,tts_seed=1010902100,2026-08-10T00:00:00Z
ksc_derived_kk_v2_kazemotts:b231941b74776c01,processed/80/80fae163f129c72b2183bed01687f970d951fbfed3581e57ca3a5af507ddc7f2.wav,3c9c38f1d3ed697692b68835b37ed01366f10ed7891c437a67ad4ba86bad273c,test,spoof,kk,unknown,ksc_derived_kk_v2_kazemotts:profile:kazemotts_gradtts_hifigan:F1:fear,ksc_derived_kk_v2_kazemotts,KSC text CC-BY-4.0; KazEmoTTS model CC-BY-4.0,Offline derivative for personal research from KSC transcript ksc_slr102:5f60c50d28bcd; KazEmoTTS dataset and model CC-BY-4.0; upstream source archive used only for local inference; no voice cloning,ksc_derived_kk_v2_kazemotts:synthetic-voice:kazemotts_gradtts_hifigan:F1:fear,ksc_slr102:5f60c50d28bcd,332f83ef2ed812b81f14e6dae4cddeef0876f60c24e80ea0e6b3a40337f5ffbd,3.1579375,gradtts_hifigan_emotional_tts,ISSAI KazEmoTTS Grad-TTS + HiFi-GAN,KazEmoTTS source-revision-0db250b2ebd95c0de7f8fb7ccba9fd65d4815115; checkpoints-2024-03-11,kazemotts_gradtts_hifigan:F1:fear,not_applicable:pretrained-tts-no-local-voice-cloning,local_cuda_kazemotts_gradtts_hifigan,offline_neural_tts,22050,wav,none,tts_seed=1621861221,2026-08-10T00:00:00Z
ksc_derived_kk_v2_kazemotts:b3e464bdbeaeeb7c,processed/41/4125fad92c5c850a2855093d0cdb4ff842e04b579f724c6954f193d25e9d9780.wav,6be412b4437d4eefe38d8a576e1376d62f13e5c66bdb6c355862a007d5201cff,test,spoof,kk,unknown,ksc_derived_kk_v2_kazemotts:profile:kazemotts_gradtts_hifigan:F1:happy,ksc_derived_kk_v2_kazemotts,KSC text CC-BY-4.0; KazEmoTTS model CC-BY-4.0,Offline derivative for personal research from KSC transcript ksc_slr102:5f61016e14883; KazEmoTTS dataset and model CC-BY-4.0; upstream source archive used only for local inference; no voice cloning,ksc_derived_kk_v2_kazemotts:synthetic-voice:kazemotts_gradtts_hifigan:F1:happy,ksc_slr102:5f61016e14883,0c9dc9cea0b903ded716174fd4fb113e840842ee5ad31a3619b1e9adff348152,5.2013125,gradtts_hifigan_emotional_tts,ISSAI KazEmoTTS Grad-TTS + HiFi-GAN,KazEmoTTS source-revision-0db250b2ebd95c0de7f8fb7ccba9fd65d4815115; checkpoints-2024-03-11,kazemotts_gradtts_hifigan:F1:happy,not_applicable:pretrained-tts-no-local-voice-cloning,local_cuda_kazemotts_gradtts_hifigan,offline_neural_tts,22050,wav,none,tts_seed=894043449,2026-08-10T00:00:00Z
ksc_derived_kk_v2_kazemotts:560656cf6aa3b5b3,processed/40/400b64edfdb9ad9b8f515943a146d0ba4e8c917c5eeb48851f9021b74fba4713.wav,a2f0af147f89712bc1008845f0ee7208adc71a682ccc41509a48ec37ef7acc28,test,spoof,kk,unknown,ksc_derived_kk_v2_kazemotts:profile:kazemotts_gradtts_hifigan:F1:neutral,ksc_derived_kk_v2_kazemotts,KSC text CC-BY-4.0; KazEmoTTS model CC-BY-4.0,Offline derivative for personal research from KSC transcript ksc_slr102:5f5a57219f21a; KazEmoTTS dataset and model CC-BY-4.0; upstream source archive used only for local inference; no voice cloning,ksc_derived_kk_v2_kazemotts:synthetic-voice:kazemotts_gradtts_hifigan:F1:neutral,ksc_slr102:5f5a57219f21a,45af0f9a6846dde75f0106ebd8e02ed2e2f4a01a176fcba40343ea13112c525e,7.0356875,gradtts_hifigan_emotional_tts,ISSAI KazEmoTTS Grad-TTS + HiFi-GAN,KazEmoTTS source-revision-0db250b2ebd95c0de7f8fb7ccba9fd65d4815115; checkpoints-2024-03-11,kazemotts_gradtts_hifigan:F1:neutral,not_applicable:pretrained-tts-no-local-voice-cloning,local_cuda_kazemotts_gradtts_hifigan,offline_neural_tts,22050,wav,none,tts_seed=1986288116,2026-08-10T00:00:00Z
ksc_derived_kk_v2_kazemotts:59d29a3a83e4d38f,processed/42/42d5eca73a5869612f57c517aad7cce5bced282fff30d315c9fc39d77632b8b7.wav,ccddfeefa8e8c90f903c5baed6aa73d92ec8a67dc2b0c6b01f58386fbd5c1636,test,spoof,kk,unknown,ksc_derived_kk_v2_kazemotts:profile:kazemotts_gradtts_hifigan:F1:sad,ksc_derived_kk_v2_kazemotts,KSC text CC-BY-4.0; KazEmoTTS model CC-BY-4.0,Offline derivative for personal research from KSC transcript ksc_slr102:5f60bd257e38a; KazEmoTTS dataset and model CC-BY-4.0; upstream source archive used only for local inference; no voice cloning,ksc_derived_kk_v2_kazemotts:synthetic-voice:kazemotts_gradtts_hifigan:F1:sad,ksc_slr102:5f60bd257e38a,5d87ad1504705863d0df0a0fb513324eb4f9b54ae53791a4cfcb8c040ef2aac4,7.639375,gradtts_hifigan_emotional_tts,ISSAI KazEmoTTS Grad-TTS + HiFi-GAN,KazEmoTTS source-revision-0db250b2ebd95c0de7f8fb7ccba9fd65d4815115; checkpoints-2024-03-11,kazemotts_gradtts_hifigan:F1:sad,not_applicable:pretrained-tts-no-local-voice-cloning,local_cuda_kazemotts_gradtts_hifigan,offline_neural_tts,22050,wav,none,tts_seed=71923899,2026-08-10T00:00:00Z
ksc_derived_kk_v2_kazemotts:842af48c2617867b,processed/bc/bc3184cbce1909d5a203d4a18ef8dbee1f0aaa06e5d11c0b63d90bbe18d0bea0.wav,cc5c1c8d92e669603ca3ff72facc4a28b484679813ea5ee5696fd771de20904d,test,spoof,kk,unknown,ksc_derived_kk_v2_kazemotts:profile:kazemotts_gradtts_hifigan:M2:angry,ksc_derived_kk_v2_kazemotts,KSC text CC-BY-4.0; KazEmoTTS model CC-BY-4.0,Offline derivative for personal research from KSC transcript ksc_slr102:5f61e29dc903c; KazEmoTTS dataset and model CC-BY-4.0; upstream source archive used only for local inference; no voice cloning,ksc_derived_kk_v2_kazemotts:synthetic-voice:kazemotts_gradtts_hifigan:M2:angry,ksc_slr102:5f61e29dc903c,e2a2c9dac392048e9c77f39fb1836a4b0724aedb08c48c6caa1170a5a52d189c,4.35375,gradtts_hifigan_emotional_tts,ISSAI KazEmoTTS Grad-TTS + HiFi-GAN,KazEmoTTS source-revision-0db250b2ebd95c0de7f8fb7ccba9fd65d4815115; checkpoints-2024-03-11,kazemotts_gradtts_hifigan:M2:angry,not_applicable:pretrained-tts-no-local-voice-cloning,local_cuda_kazemotts_gradtts_hifigan,offline_neural_tts,22050,wav,none,tts_seed=75256276,2026-08-10T00:00:00Z
ksc_derived_kk_v2_kazemotts:d57d57d10c6167d6,processed/72/72441d67f2d60e069acfb52ab0505406deffbb61d1d209ddb9434a9555a4347c.wav,c9d5f7f13aaf8e84caf069da3ced6e282745ff636645af0e2f5d949be1689005,test,spoof,kk,unknown,ksc_derived_kk_v2_kazemotts:profile:kazemotts_gradtts_hifigan:M2:surprise,ksc_derived_kk_v2_kazemotts,KSC text CC-BY-4.0; KazEmoTTS model CC-BY-4.0,Offline derivative for personal research from KSC transcript ksc_slr102:5f60aaffeae12; KazEmoTTS dataset and model CC-BY-4.0; upstream source archive used only for local inference; no voice cloning,ksc_derived_kk_v2_kazemotts:synthetic-voice:kazemotts_gradtts_hifigan:M2:surprise,ksc_slr102:5f60aaffeae12,e368a66afbc2b3176b7eb0e661e17c11e7127db9111f707370f72748426f5f91,10.24,gradtts_hifigan_emotional_tts,ISSAI KazEmoTTS Grad-TTS + HiFi-GAN,KazEmoTTS source-revision-0db250b2ebd95c0de7f8fb7ccba9fd65d4815115; checkpoints-2024-03-11,kazemotts_gradtts_hifigan:M2:surprise,not_applicable:pretrained-tts-no-local-voice-cloning,local_cuda_kazemotts_gradtts_hifigan,offline_neural_tts,22050,wav,none,tts_seed=546293652,2026-08-10T00:00:00Z
ksc_derived_kk_v2_kazemotts:14af4bc1b705c68a,processed/f8/f8f876ab88998a967128f510270a46408e26ce313f4f1b5e6cb626929525e6c5.wav,1d894fcf839d7df6965e62dece68f3433e35f80be972529e85547592a7bbed6c,test,spoof,kk,unknown,ksc_derived_kk_v2_kazemotts:profile:kazemotts_gradtts_hifigan:M2:fear,ksc_derived_kk_v2_kazemotts,KSC text CC-BY-4.0; KazEmoTTS model CC-BY-4.0,Offline derivative for personal research from KSC transcript ksc_slr102:5f618894c9171; KazEmoTTS dataset and model CC-BY-4.0; upstream source archive used only for local inference; no voice cloning,ksc_derived_kk_v2_kazemotts:synthetic-voice:kazemotts_gradtts_hifigan:M2:fear,ksc_slr102:5f618894c9171,e42502eef486f04fb3edea374eabd5da59e8688a2aa54c929245a9edc0be3207,8.127,gradtts_hifigan_emotional_tts,ISSAI KazEmoTTS Grad-TTS + HiFi-GAN,KazEmoTTS source-revision-0db250b2ebd95c0de7f8fb7ccba9fd65d4815115; checkpoints-2024-03-11,kazemotts_gradtts_hifigan:M2:fear,not_applicable:pretrained-tts-no-local-voice-cloning,local_cuda_kazemotts_gradtts_hifigan,offline_neural_tts,22050,wav,none,tts_seed=306730741,2026-08-10T00:00:00Z
ksc_derived_kk_v2_kazemotts:84e807d248963630,processed/54/540adc0de1b6cf20a8e08dfb487d46f4b774315380079ac10f0099e9aeaa6898.wav,5941ce6018ee05b8ca644261b6122104a0adae2466c94e2b26607335a6dcc90f,test,spoof,kk,unknown,ksc_derived_kk_v2_kazemotts:profile:kazemotts_gradtts_hifigan:M2:happy,ksc_derived_kk_v2_kazemotts,KSC text CC-BY-4.0; KazEmoTTS model CC-BY-4.0,Offline derivative for personal research from KSC transcript ksc_slr102:5f58da4602e3b; KazEmoTTS dataset and model CC-BY-4.0; upstream source archive used only for local inference; no voice cloning,ksc_derived_kk_v2_kazemotts:synthetic-voice:kazemotts_gradtts_hifigan:M2:happy,ksc_slr102:5f58da4602e3b,d9da8a28053a594f1bc821ae4102a24c1f3a89400fdc47d17e8af4a3408ba2a7,6.7570625,gradtts_hifigan_emotional_tts,ISSAI KazEmoTTS Grad-TTS + HiFi-GAN,KazEmoTTS source-revision-0db250b2ebd95c0de7f8fb7ccba9fd65d4815115; checkpoints-2024-03-11,kazemotts_gradtts_hifigan:M2:happy,not_applicable:pretrained-tts-no-local-voice-cloning,local_cuda_kazemotts_gradtts_hifigan,offline_neural_tts,22050,wav,none,tts_seed=705268907,2026-08-10T00:00:00Z
ksc_derived_kk_v2_kazemotts:b200e5525ae387ec,processed/80/80004dcd9879c85be5a2a52240a678d1b64c2961757d33b1325e394a449b4c0b.wav,c0327dfc41b28766991d581a4b33cb15971a2bee5dc55dae40abf4bfc9bfe68c,test,spoof,kk,unknown,ksc_derived_kk_v2_kazemotts:profile:kazemotts_gradtts_hifigan:M2:neutral,ksc_derived_kk_v2_kazemotts,KSC text CC-BY-4.0; KazEmoTTS model CC-BY-4.0,Offline derivative for personal research from KSC transcript ksc_slr102:5f60c597ad990; KazEmoTTS dataset and model CC-BY-4.0; upstream source archive used only for local inference; no voice cloning,ksc_derived_kk_v2_kazemotts:synthetic-voice:kazemotts_gradtts_hifigan:M2:neutral,ksc_slr102:5f60c597ad990,2a7db736d09981e1d7f422a8d7ee8ef69019f8bb65290365ade19b66bc34a1b5,4.2260625,gradtts_hifigan_emotional_tts,ISSAI KazEmoTTS Grad-TTS + HiFi-GAN,KazEmoTTS source-revision-0db250b2ebd95c0de7f8fb7ccba9fd65d4815115; checkpoints-2024-03-11,kazemotts_gradtts_hifigan:M2:neutral,not_applicable:pretrained-tts-no-local-voice-cloning,local_cuda_kazemotts_gradtts_hifigan,offline_neural_tts,22050,wav,none,tts_seed=287664423,2026-08-10T00:00:00Z
ksc_derived_kk_v2_kazemotts:3c7a6de7dd2607ca,processed/7c/7c68f27702fea87fffdb08c257cf2a6e92100d3dae9e5f7e394994d21b8f8846.wav,60f77d85b8f81a30be41e30bf8c1b8b37eb846bdbdb95682a7a8d967d2843863,test,spoof,kk,unknown,ksc_derived_kk_v2_kazemotts:profile:kazemotts_gradtts_hifigan:M2:sad,ksc_derived_kk_v2_kazemotts,KSC text CC-BY-4.0; KazEmoTTS model CC-BY-4.0,Offline derivative for personal research from KSC transcript ksc_slr102:5f6096eb39127; KazEmoTTS dataset and model CC-BY-4.0; upstream source archive used only for local inference; no voice cloning,ksc_derived_kk_v2_kazemotts:synthetic-voice:kazemotts_gradtts_hifigan:M2:sad,ksc_slr102:5f6096eb39127,7a0c936e35c298392e0ac51969a93854719a4b2bdfebee08fb0e7d7d4ff08599,5.8630625,gradtts_hifigan_emotional_tts,ISSAI KazEmoTTS Grad-TTS + HiFi-GAN,KazEmoTTS source-revision-0db250b2ebd95c0de7f8fb7ccba9fd65d4815115; checkpoints-2024-03-11,kazemotts_gradtts_hifigan:M2:sad,not_applicable:pretrained-tts-no-local-voice-cloning,local_cuda_kazemotts_gradtts_hifigan,offline_neural_tts,22050,wav,none,tts_seed=1111733893,2026-08-10T00:00:00Z
ksc_derived_kk_v2_kazemotts:585319801de3112a,processed/1b/1bde1e289061aef305cf985b0a6b6f8460500ff6717ed2a18ae9fec31d47c098.wav,0445314f0f3d4d74f1ccf918483224d5ef95f64e72d27a979fffd72b2e5c0ece,test,spoof,kk,unknown,ksc_derived_kk_v2_kazemotts:profile:kazemotts_gradtts_hifigan:M1:angry,ksc_derived_kk_v2_kazemotts,KSC text CC-BY-4.0; KazEmoTTS model CC-BY-4.0,Offline derivative for personal research from KSC transcript ksc_slr102:5f5c51635f7b8; KazEmoTTS dataset and model CC-BY-4.0; upstream source archive used only for local inference; no voice cloning,ksc_derived_kk_v2_kazemotts:synthetic-voice:kazemotts_gradtts_hifigan:M1:angry,ksc_slr102:5f5c51635f7b8,ffc14543c08f761f862e2d150ac4f3652fa50b05cefbcc5c2819818b184adbef,3.204375,gradtts_hifigan_emotional_tts,ISSAI KazEmoTTS Grad-TTS + HiFi-GAN,KazEmoTTS source-revision-0db250b2ebd95c0de7f8fb7ccba9fd65d4815115; checkpoints-2024-03-11,kazemotts_gradtts_hifigan:M1:angry,not_applicable:pretrained-tts-no-local-voice-cloning,local_cuda_kazemotts_gradtts_hifigan,offline_neural_tts,22050,wav,none,tts_seed=1252993244,2026-08-10T00:00:00Z
ksc_derived_kk_v2_kazemotts:7abde0c85faa5031,processed/c9/c99b8b75ada1c8cfcbdd064ea0119ac6f23645d24d166798abacb3864dc768fc.wav,86d14061cc1f4fb32b09135d12a46501afa1e40bd786eb57cdf70cec99beca01,test,spoof,kk,unknown,ksc_derived_kk_v2_kazemotts:profile:kazemotts_gradtts_hifigan:M1:surprise,ksc_derived_kk_v2_kazemotts,KSC text CC-BY-4.0; KazEmoTTS model CC-BY-4.0,Offline derivative for personal research from KSC transcript ksc_slr102:5f60596e71c74; KazEmoTTS dataset and model CC-BY-4.0; upstream source archive used only for local inference; no voice cloning,ksc_derived_kk_v2_kazemotts:synthetic-voice:kazemotts_gradtts_hifigan:M1:surprise,ksc_slr102:5f60596e71c74,403a9a9d4419606cd93b2bfc9e742321041f85929457e819537fc66aedc0aaf5,2.5078125,gradtts_hifigan_emotional_tts,ISSAI KazEmoTTS Grad-TTS + HiFi-GAN,KazEmoTTS source-revision-0db250b2ebd95c0de7f8fb7ccba9fd65d4815115; checkpoints-2024-03-11,kazemotts_gradtts_hifigan:M1:surprise,not_applicable:pretrained-tts-no-local-voice-cloning,local_cuda_kazemotts_gradtts_hifigan,offline_neural_tts,22050,wav,none,tts_seed=1434015123,2026-08-10T00:00:00Z
ksc_derived_kk_v2_kazemotts:1f28605bec1ffa56,processed/c2/c26767ef5b88a3b52d1310d7c60ad4e29270272bc40b72028d2d55b904e0de04.wav,c27426281b59c08e0eda7faf25d7419c427e0a05005b3da1095a9a104e890475,test,spoof,kk,unknown,ksc_derived_kk_v2_kazemotts:profile:kazemotts_gradtts_hifigan:M1:fear,ksc_derived_kk_v2_kazemotts,KSC text CC-BY-4.0; KazEmoTTS model CC-BY-4.0,Offline derivative for personal research from KSC transcript ksc_slr102:5f57aee138978; KazEmoTTS dataset and model CC-BY-4.0; upstream source archive used only for local inference; no voice cloning,ksc_derived_kk_v2_kazemotts:synthetic-voice:kazemotts_gradtts_hifigan:M1:fear,ksc_slr102:5f57aee138978,b75b5de933d740da4a27763840c32ee6e36ab20e997ac5f43d1531d5e3ea7622,8.533375,gradtts_hifigan_emotional_tts,ISSAI KazEmoTTS Grad-TTS + HiFi-GAN,KazEmoTTS source-revision-0db250b2ebd95c0de7f8fb7ccba9fd65d4815115; checkpoints-2024-03-11,kazemotts_gradtts_hifigan:M1:fear,not_applicable:pretrained-tts-no-local-voice-cloning,local_cuda_kazemotts_gradtts_hifigan,offline_neural_tts,22050,wav,none,tts_seed=1864620530,2026-08-10T00:00:00Z
ksc_derived_kk_v2_kazemotts:2447fa4b9fa23661,processed/f7/f7edb550ff0b134084de0c27eae9ccf4f4cfbe14731b71c345b9882649c815af.wav,ff9a49c255deed062b6f7d6b4e077b5493e5fc60dc13c055cbb59d32d5466aaa,test,spoof,kk,unknown,ksc_derived_kk_v2_kazemotts:profile:kazemotts_gradtts_hifigan:M1:happy,ksc_derived_kk_v2_kazemotts,KSC text CC-BY-4.0; KazEmoTTS model CC-BY-4.0,Offline derivative for personal research from KSC transcript ksc_slr102:5f5685d7333c6; KazEmoTTS dataset and model CC-BY-4.0; upstream source archive used only for local inference; no voice cloning,ksc_derived_kk_v2_kazemotts:synthetic-voice:kazemotts_gradtts_hifigan:M1:happy,ksc_slr102:5f5685d7333c6,a55fec27a83cc92686eaa6c70dd62882ccb0035446bb0372ebafa396729c2ce7,3.4598125,gradtts_hifigan_emotional_tts,ISSAI KazEmoTTS Grad-TTS + HiFi-GAN,KazEmoTTS source-revision-0db250b2ebd95c0de7f8fb7ccba9fd65d4815115; checkpoints-2024-03-11,kazemotts_gradtts_hifigan:M1:happy,not_applicable:pretrained-tts-no-local-voice-cloning,local_cuda_kazemotts_gradtts_hifigan,offline_neural_tts,22050,wav,none,tts_seed=1457419854,2026-08-10T00:00:00Z
ksc_derived_kk_v2_kazemotts:b8f4b007016aa49e,processed/b8/b8adf97dcf71681fa605ad43164dcc9fcebca84d8c246a3ad84f49d1cf8c5b61.wav,149e5990a633211b45a874be8cb82b432ebf8d23da2af1e6b922d6a1a751b990,test,spoof,kk,unknown,ksc_derived_kk_v2_kazemotts:profile:kazemotts_gradtts_hifigan:M1:neutral,ksc_derived_kk_v2_kazemotts,KSC text CC-BY-4.0; KazEmoTTS model CC-BY-4.0,Offline derivative for personal research from KSC transcript ksc_slr102:5f60555b3f022; KazEmoTTS dataset and model CC-BY-4.0; upstream source archive used only for local inference; no voice cloning,ksc_derived_kk_v2_kazemotts:synthetic-voice:kazemotts_gradtts_hifigan:M1:neutral,ksc_slr102:5f60555b3f022,6b2266a4c8d6f6137db35435ad37fb3f48e6ad1f3de9f450c0d560a26ed48fc5,5.131625,gradtts_hifigan_emotional_tts,ISSAI KazEmoTTS Grad-TTS + HiFi-GAN,KazEmoTTS source-revision-0db250b2ebd95c0de7f8fb7ccba9fd65d4815115; checkpoints-2024-03-11,kazemotts_gradtts_hifigan:M1:neutral,not_applicable:pretrained-tts-no-local-voice-cloning,local_cuda_kazemotts_gradtts_hifigan,offline_neural_tts,22050,wav,none,tts_seed=1502825864,2026-08-10T00:00:00Z
ksc_derived_kk_v2_kazemotts:0aeb4ae7a69d19cf,processed/57/572b38f343c02799761fe4a9b31f6bbb468f468ffd26a98e05c38da6ebf6407b.wav,12099410f38ec2390c96dcd9840f8dece3890997b703d54eeaa01dbf75aa3814,test,spoof,kk,unknown,ksc_derived_kk_v2_kazemotts:profile:kazemotts_gradtts_hifigan:M1:sad,ksc_derived_kk_v2_kazemotts,KSC text CC-BY-4.0; KazEmoTTS model CC-BY-4.0,Offline derivative for personal research from KSC transcript ksc_slr102:5f61dfdfbb841; KazEmoTTS dataset and model CC-BY-4.0; upstream source archive used only for local inference; no voice cloning,ksc_derived_kk_v2_kazemotts:synthetic-voice:kazemotts_gradtts_hifigan:M1:sad,ksc_slr102:5f61dfdfbb841,3c23107d9ec8a6f6944ded61a98143230c386360bf088eaf7cbf413641b25d4f,7.186625,gradtts_hifigan_emotional_tts,ISSAI KazEmoTTS Grad-TTS + HiFi-GAN,KazEmoTTS source-revision-0db250b2ebd95c0de7f8fb7ccba9fd65d4815115; checkpoints-2024-03-11,kazemotts_gradtts_hifigan:M1:sad,not_applicable:pretrained-tts-no-local-voice-cloning,local_cuda_kazemotts_gradtts_hifigan,offline_neural_tts,22050,wav,none,tts_seed=1032599412,2026-08-10T00:00:00Z
ksc_derived_kk_v2_kazemotts:9cafbd0d9e3ca9be,processed/8e/8ece331fe2676f4d281f2d867233561e2b25ccf83ab4307b51cd7b971e6e20a5.wav,21941b3ea1717e94a93a4af006ffbec24e0a5d5b290a405160d430bb665093bc,test,spoof,kk,unknown,ksc_derived_kk_v2_kazemotts:profile:kazemotts_gradtts_hifigan:F1:angry,ksc_derived_kk_v2_kazemotts,KSC text CC-BY-4.0; KazEmoTTS model CC-BY-4.0,Offline derivative for personal research from KSC transcript ksc_slr102:5f60559dad24f; KazEmoTTS dataset and model CC-BY-4.0; upstream source archive used only for local inference; no voice cloning,ksc_derived_kk_v2_kazemotts:synthetic-voice:kazemotts_gradtts_hifigan:F1:angry,ksc_slr102:5f60559dad24f,975c07f291a2fb38c888f29ebc6aba85bb34bfd21efb93f16a495578bd1f13e7,5.4335,gradtts_hifigan_emotional_tts,ISSAI KazEmoTTS Grad-TTS + HiFi-GAN,KazEmoTTS source-revision-0db250b2ebd95c0de7f8fb7ccba9fd65d4815115; checkpoints-2024-03-11,kazemotts_gradtts_hifigan:F1:angry,not_applicable:pretrained-tts-no-local-voice-cloning,local_cuda_kazemotts_gradtts_hifigan,offline_neural_tts,22050,wav,none,tts_seed=886072134,2026-08-10T00:00:00Z
ksc_derived_kk_v2_kazemotts:fa2844e4417c6124,processed/51/514a2878147abc8b3d7f4a6b16fa2c88ffb658dbda30c2009bfaf6d172128a58.wav,00f43a256447c3fea81bac801b6daf2c4cb41eedbdf5ad04fe11b38562360d81,test,spoof,kk,unknown,ksc_derived_kk_v2_kazemotts:profile:kazemotts_gradtts_hifigan:F1:surprise,ksc_derived_kk_v2_kazemotts,KSC text CC-BY-4.0; KazEmoTTS model CC-BY-4.0,Offline derivative for personal research from KSC transcript ksc_slr102:5f61ebdcac60e; KazEmoTTS dataset and model CC-BY-4.0; upstream source archive used only for local inference; no voice cloning,ksc_derived_kk_v2_kazemotts:synthetic-voice:kazemotts_gradtts_hifigan:F1:surprise,ksc_slr102:5f61ebdcac60e,a6f76fb48f8f1168052838af14caeef168c0f87b8ebf6a8fc6eb7190bc3beacc,3.575875,gradtts_hifigan_emotional_tts,ISSAI KazEmoTTS Grad-TTS + HiFi-GAN,KazEmoTTS source-revision-0db250b2ebd95c0de7f8fb7ccba9fd65d4815115; checkpoints-2024-03-11,kazemotts_gradtts_hifigan:F1:surprise,not_applicable:pretrained-tts-no-local-voice-cloning,local_cuda_kazemotts_gradtts_hifigan,offline_neural_tts,22050,wav,none,tts_seed=96081120,2026-08-10T00:00:00Z
ksc_derived_kk_v2_kazemotts:8952b17648304129,processed/91/91d28e8a97df50665342feabc5d436397fd0af4351e1446bb62c6bd2cfd4dff3.wav,d1a7b72f0e97adfc331e07d829f0d415932df713df59a90f4fb517a7f6f2e2d3,test,spoof,kk,unknown,ksc_derived_kk_v2_kazemotts:profile:kazemotts_gradtts_hifigan:F1:fear,ksc_derived_kk_v2_kazemotts,KSC text CC-BY-4.0; KazEmoTTS model CC-BY-4.0,Offline derivative for personal research from KSC transcript ksc_slr102:5f632ed4183fc; KazEmoTTS dataset and model CC-BY-4.0; upstream source archive used only for local inference; no voice cloning,ksc_derived_kk_v2_kazemotts:synthetic-voice:kazemotts_gradtts_hifigan:F1:fear,ksc_slr102:5f632ed4183fc,bc0c144d2c98548a47674f4750fd2f92093f22f7368d22e4c2cc587d34c771f2,5.317375,gradtts_hifigan_emotional_tts,ISSAI KazEmoTTS Grad-TTS + HiFi-GAN,KazEmoTTS source-revision-0db250b2ebd95c0de7f8fb7ccba9fd65d4815115; checkpoints-2024-03-11,kazemotts_gradtts_hifigan:F1:fear,not_applicable:pretrained-tts-no-local-voice-cloning,local_cuda_kazemotts_gradtts_hifigan,offline_neural_tts,22050,wav,none,tts_seed=219171078,2026-08-10T00:00:00Z
ksc_derived_kk_v2_kazemotts:5f75fab3b2123be8,processed/28/282f31ec421ffba531b7b573f54073b19ceb499aa68fd3111f722f6b4a27b3e5.wav,02dd294e1ee64bf2d9b1ee783279897142b08522ae88e9b55b165ba2f5f1a527,test,spoof,kk,unknown,ksc_derived_kk_v2_kazemotts:profile:kazemotts_gradtts_hifigan:F1:neutral,ksc_derived_kk_v2_kazemotts,KSC text CC-BY-4.0; KazEmoTTS model CC-BY-4.0,Offline derivative for personal research from KSC transcript ksc_slr102:5f60c6cd72349; KazEmoTTS dataset and model CC-BY-4.0; upstream source archive used only for local inference; no voice cloning,ksc_derived_kk_v2_kazemotts:synthetic-voice:kazemotts_gradtts_hifigan:F1:neutral,ksc_slr102:5f60c6cd72349,023b516fcba53260a8d10bdaa6819267c8212ac280fb50c662651819e1076757,5.712125,gradtts_hifigan_emotional_tts,ISSAI KazEmoTTS Grad-TTS + HiFi-GAN,KazEmoTTS source-revision-0db250b2ebd95c0de7f8fb7ccba9fd65d4815115; checkpoints-2024-03-11,kazemotts_gradtts_hifigan:F1:neutral,not_applicable:pretrained-tts-no-local-voice-cloning,local_cuda_kazemotts_gradtts_hifigan,offline_neural_tts,22050,wav,none,tts_seed=1912170216,2026-08-10T00:00:00Z
ksc_derived_kk_v2_kazemotts:3e114aca9e5e9644,processed/19/191dd2ce449b31049828b30448d760a1b81b990ec6846a3da2458bc9107d6380.wav,f456c4b11047d7a55434f8f2a0962d72b165deeacb3e901115c9ca6a1145f547,test,spoof,kk,unknown,ksc_derived_kk_v2_kazemotts:profile:kazemotts_gradtts_hifigan:F1:sad,ksc_derived_kk_v2_kazemotts,KSC text CC-BY-4.0; KazEmoTTS model CC-BY-4.0,Offline derivative for personal research from KSC transcript ksc_slr102:5f60bc3ad473e; KazEmoTTS dataset and model CC-BY-4.0; upstream source archive used only for local inference; no voice cloning,ksc_derived_kk_v2_kazemotts:synthetic-voice:kazemotts_gradtts_hifigan:F1:sad,ksc_slr102:5f60bc3ad473e,4cc4701cf68d48e835d9949aec041360db109a4de83daeac59f15c21002c4d5a,3.0534375,gradtts_hifigan_emotional_tts,ISSAI KazEmoTTS Grad-TTS + HiFi-GAN,KazEmoTTS source-revision-0db250b2ebd95c0de7f8fb7ccba9fd65d4815115; checkpoints-2024-03-11,kazemotts_gradtts_hifigan:F1:sad,not_applicable:pretrained-tts-no-local-voice-cloning,local_cuda_kazemotts_gradtts_hifigan,offline_neural_tts,22050,wav,none,tts_seed=2132978176,2026-08-10T00:00:00Z
ksc_derived_kk_v2_kazemotts:61a2a7b1f21fc5b0,processed/c2/c280964a03034362c4cdfda65bb5a3dd92c8c65b9ac2fc9858e1f4e29ba88a70.wav,ed693c881532c78b2cf820b28215725bac4cfac455b19345f2c9fd5584e208cd,test,spoof,kk,unknown,ksc_derived_kk_v2_kazemotts:profile:kazemotts_gradtts_hifigan:M2:angry,ksc_derived_kk_v2_kazemotts,KSC text CC-BY-4.0; KazEmoTTS model CC-BY-4.0,Offline derivative for personal research from KSC transcript ksc_slr102:5f568572087c7; KazEmoTTS dataset and model CC-BY-4.0; upstream source archive used only for local inference; no voice cloning,ksc_derived_kk_v2_kazemotts:synthetic-voice:kazemotts_gradtts_hifigan:M2:angry,ksc_slr102:5f568572087c7,c4a845c151b941704be7f62bf3e1c2496aa8243860aceca675ed114d4f0f687e,4.8878125,gradtts_hifigan_emotional_tts,ISSAI KazEmoTTS Grad-TTS + HiFi-GAN,KazEmoTTS source-revision-0db250b2ebd95c0de7f8fb7ccba9fd65d4815115; checkpoints-2024-03-11,kazemotts_gradtts_hifigan:M2:angry,not_applicable:pretrained-tts-no-local-voice-cloning,local_cuda_kazemotts_gradtts_hifigan,offline_neural_tts,22050,wav,none,tts_seed=721325715,2026-08-10T00:00:00Z
ksc_derived_kk_v2_kazemotts:71f8360543d774ae,processed/18/18e4ca08ca6ad6dddb7cff59a1bdf0876b8cfec7514bb4673e150fa15d19a5a7.wav,a2ede879c7471a71db0b653101ccee09af4ff30879c42a286cca343eb9986647,test,spoof,kk,unknown,ksc_derived_kk_v2_kazemotts:profile:kazemotts_gradtts_hifigan:M2:surprise,ksc_derived_kk_v2_kazemotts,KSC text CC-BY-4.0; KazEmoTTS model CC-BY-4.0,Offline derivative for personal research from KSC transcript ksc_slr102:5f618af4e57fe; KazEmoTTS dataset and model CC-BY-4.0; upstream source archive used only for local inference; no voice cloning,ksc_derived_kk_v2_kazemotts:synthetic-voice:kazemotts_gradtts_hifigan:M2:surprise,ksc_slr102:5f618af4e57fe,edb6d0f23c068eeb5c4f35ab7fa4183d0ee5c3acbcf642b9f7cbb1fac0a57b93,5.3870625,gradtts_hifigan_emotional_tts,ISSAI KazEmoTTS Grad-TTS + HiFi-GAN,KazEmoTTS source-revision-0db250b2ebd95c0de7f8fb7ccba9fd65d4815115; checkpoints-2024-03-11,kazemotts_gradtts_hifigan:M2:surprise,not_applicable:pretrained-tts-no-local-voice-cloning,local_cuda_kazemotts_gradtts_hifigan,offline_neural_tts,22050,wav,none,tts_seed=2144998424,2026-08-10T00:00:00Z
ksc_derived_kk_v2_kazemotts:bf80f7a7acac681e,processed/db/dbb3c5c60ba1699e809bb25f1ad604669e28ebde8a046fb703e28eeed5dfda67.wav,5eb8ace15f528bf47bd63db0a85c7fc43f461f395f11bb008ce82aba2e5a3e23,test,spoof,kk,unknown,ksc_derived_kk_v2_kazemotts:profile:kazemotts_gradtts_hifigan:M2:fear,ksc_derived_kk_v2_kazemotts,KSC text CC-BY-4.0; KazEmoTTS model CC-BY-4.0,Offline derivative for personal research from KSC transcript ksc_slr102:5f5f1de8ae63c; KazEmoTTS dataset and model CC-BY-4.0; upstream source archive used only for local inference; no voice cloning,ksc_derived_kk_v2_kazemotts:synthetic-voice:kazemotts_gradtts_hifigan:M2:fear,ksc_slr102:5f5f1de8ae63c,7046e6466ac3a5c28e441e1a3876b90c87cd97701fb589da2258779f06376d0e,4.29575,gradtts_hifigan_emotional_tts,ISSAI KazEmoTTS Grad-TTS + HiFi-GAN,KazEmoTTS source-revision-0db250b2ebd95c0de7f8fb7ccba9fd65d4815115; checkpoints-2024-03-11,kazemotts_gradtts_hifigan:M2:fear,not_applicable:pretrained-tts-no-local-voice-cloning,local_cuda_kazemotts_gradtts_hifigan,offline_neural_tts,22050,wav,none,tts_seed=827373967,2026-08-10T00:00:00Z
ksc_derived_kk_v2_kazemotts:994a63039ebc4c06,processed/4c/4c8f6b71e1320944e6294997b639fedff888b65fd4834d29190240dbafa2eb16.wav,2eac0fbbb86ded626f719dbec10e85386aa535f138093f8b2b1a371e8ebdb4d0,test,spoof,kk,unknown,ksc_derived_kk_v2_kazemotts:profile:kazemotts_gradtts_hifigan:M2:happy,ksc_derived_kk_v2_kazemotts,KSC text CC-BY-4.0; KazEmoTTS model CC-BY-4.0,Offline derivative for personal research from KSC transcript ksc_slr102:5f5fab3f55865; KazEmoTTS dataset and model CC-BY-4.0; upstream source archive used only for local inference; no voice cloning,ksc_derived_kk_v2_kazemotts:synthetic-voice:kazemotts_gradtts_hifigan:M2:happy,ksc_slr102:5f5fab3f55865,3104b5fde97149aba34b86603bae55d49c970288722014238fb2f972496ecea1,2.995375,gradtts_hifigan_emotional_tts,ISSAI KazEmoTTS Grad-TTS + HiFi-GAN,KazEmoTTS source-revision-0db250b2ebd95c0de7f8fb7ccba9fd65d4815115; checkpoints-2024-03-11,kazemotts_gradtts_hifigan:M2:happy,not_applicable:pretrained-tts-no-local-voice-cloning,local_cuda_kazemotts_gradtts_hifigan,offline_neural_tts,22050,wav,none,tts_seed=2130094489,2026-08-10T00:00:00Z
ksc_derived_kk_v2_kazemotts:63da2a70bf0a04af,processed/32/3259ec1310d1261f882148de713981cba11c71d152a377f42ca5ecb5b84468a7.wav,c3311ce42fc691e9945853ce819a88d96abb3d50e8b6012b53a3a4593587c970,test,spoof,kk,unknown,ksc_derived_kk_v2_kazemotts:profile:kazemotts_gradtts_hifigan:M2:neutral,ksc_derived_kk_v2_kazemotts,KSC text CC-BY-4.0; KazEmoTTS model CC-BY-4.0,Offline derivative for personal research from KSC transcript ksc_slr102:5f618a9f927b0; KazEmoTTS dataset and model CC-BY-4.0; upstream source archive used only for local inference; no voice cloning,ksc_derived_kk_v2_kazemotts:synthetic-voice:kazemotts_gradtts_hifigan:M2:neutral,ksc_slr102:5f618a9f927b0,01e40ac455b95b337e8cb7643ab4803acf510f402985a61550f7ee4b46d3304c,7.4304375,gradtts_hifigan_emotional_tts,ISSAI KazEmoTTS Grad-TTS + HiFi-GAN,KazEmoTTS source-revision-0db250b2ebd95c0de7f8fb7ccba9fd65d4815115; checkpoints-2024-03-11,kazemotts_gradtts_hifigan:M2:neutral,not_applicable:pretrained-tts-no-local-voice-cloning,local_cuda_kazemotts_gradtts_hifigan,offline_neural_tts,22050,wav,none,tts_seed=2118614466,2026-08-10T00:00:00Z
ksc_derived_kk_v2_kazemotts:e49463461afd7f5b,processed/c0/c0062ca3f0cd14c3e5187384856005b3d136aed67febc84b1c3b2e4568d0e37f.wav,2728f53e923959c394f3e6af93938b1a5c64bf82698d58a0267f7d0ddfcaa97a,test,spoof,kk,unknown,ksc_derived_kk_v2_kazemotts:profile:kazemotts_gradtts_hifigan:M2:sad,ksc_derived_kk_v2_kazemotts,KSC text CC-BY-4.0; KazEmoTTS model CC-BY-4.0,Offline derivative for personal research from KSC transcript ksc_slr102:5f60aecc1817b; KazEmoTTS dataset and model CC-BY-4.0; upstream source archive used only for local inference; no voice cloning,ksc_derived_kk_v2_kazemotts:synthetic-voice:kazemotts_gradtts_hifigan:M2:sad,ksc_slr102:5f60aecc1817b,1a10ead924bc4aa6be951e3c31e2b1259911d47a554964c0d4a17048edefb122,11.3778125,gradtts_hifigan_emotional_tts,ISSAI KazEmoTTS Grad-TTS + HiFi-GAN,KazEmoTTS source-revision-0db250b2ebd95c0de7f8fb7ccba9fd65d4815115; checkpoints-2024-03-11,kazemotts_gradtts_hifigan:M2:sad,not_applicable:pretrained-tts-no-local-voice-cloning,local_cuda_kazemotts_gradtts_hifigan,offline_neural_tts,22050,wav,none,tts_seed=1142007678,2026-08-10T00:00:00Z
ksc_derived_kk_v2_kazemotts:f9838f5032c3541c,processed/f3/f3a33fd73e348fc2f2a90bdbed5d763e6100e759f7417faf06ba57d75eefcefa.wav,198aacd509812d716d187b70523ae566caea53df19a9388afeae570f01a93645,test,spoof,kk,unknown,ksc_derived_kk_v2_kazemotts:profile:kazemotts_gradtts_hifigan:M1:angry,ksc_derived_kk_v2_kazemotts,KSC text CC-BY-4.0; KazEmoTTS model CC-BY-4.0,Offline derivative for personal research from KSC transcript ksc_slr102:5f61992f12fc9; KazEmoTTS dataset and model CC-BY-4.0; upstream source archive used only for local inference; no voice cloning,ksc_derived_kk_v2_kazemotts:synthetic-voice:kazemotts_gradtts_hifigan:M1:angry,ksc_slr102:5f61992f12fc9,67bd57c380085277f4bb6c72f7d36fe959533b3415b82605662c7822e83c5388,9.1719375,gradtts_hifigan_emotional_tts,ISSAI KazEmoTTS Grad-TTS + HiFi-GAN,KazEmoTTS source-revision-0db250b2ebd95c0de7f8fb7ccba9fd65d4815115; checkpoints-2024-03-11,kazemotts_gradtts_hifigan:M1:angry,not_applicable:pretrained-tts-no-local-voice-cloning,local_cuda_kazemotts_gradtts_hifigan,offline_neural_tts,22050,wav,none,tts_seed=187041416,2026-08-10T00:00:00Z
ksc_derived_kk_v2_kazemotts:4a623c5f18bd405b,processed/37/37d3e9b4057ca0923eed25aff3da8103cf34e7312602d38c2c9a05272fad00f3.wav,e008886ef205835bd66e7d3bfe0dde0fa20ec8ab7664c350e863e36ad88c34d1,test,spoof,kk,unknown,ksc_derived_kk_v2_kazemotts:profile:kazemotts_gradtts_hifigan:M1:surprise,ksc_derived_kk_v2_kazemotts,KSC text CC-BY-4.0; KazEmoTTS model CC-BY-4.0,Offline derivative for personal research from KSC transcript ksc_slr102:5f60c58747c64; KazEmoTTS dataset and model CC-BY-4.0; upstream source archive used only for local inference; no voice cloning,ksc_derived_kk_v2_kazemotts:synthetic-voice:kazemotts_gradtts_hifigan:M1:surprise,ksc_slr102:5f60c58747c64,67c1941475e9b2f031ba4b314def242753f23d23071c3ee823472ed5762acc0f,5.6425,gradtts_hifigan_emotional_tts,ISSAI KazEmoTTS Grad-TTS + HiFi-GAN,KazEmoTTS source-revision-0db250b2ebd95c0de7f8fb7ccba9fd65d4815115; checkpoints-2024-03-11,kazemotts_gradtts_hifigan:M1:surprise,not_applicable:pretrained-tts-no-local-voice-cloning,local_cuda_kazemotts_gradtts_hifigan,offline_neural_tts,22050,wav,none,tts_seed=506305079,2026-08-10T00:00:00Z
ksc_derived_kk_v2_kazemotts:7ceb4b45fa2842c6,processed/88/889b1bb65354ab9954bca3f83504c3a49f4b51a711fe93f65533802d7e35813b.wav,2a6e155e6b9da8e2bd4009015b947afa96e5feddbbd2aa42105059601d2ecb4f,test,spoof,kk,unknown,ksc_derived_kk_v2_kazemotts:profile:kazemotts_gradtts_hifigan:M1:fear,ksc_derived_kk_v2_kazemotts,KSC text CC-BY-4.0; KazEmoTTS model CC-BY-4.0,Offline derivative for personal research from KSC transcript ksc_slr102:5f2b09f3139c7; KazEmoTTS dataset and model CC-BY-4.0; upstream source archive used only for local inference; no voice cloning,ksc_derived_kk_v2_kazemotts:synthetic-voice:kazemotts_gradtts_hifigan:M1:fear,ksc_slr102:5f2b09f3139c7,553c97317cb7f2ca6a4b5956900347ccd332bf1ac93d4f9af903e1431e092c1e,4.1448125,gradtts_hifigan_emotional_tts,ISSAI KazEmoTTS Grad-TTS + HiFi-GAN,KazEmoTTS source-revision-0db250b2ebd95c0de7f8fb7ccba9fd65d4815115; checkpoints-2024-03-11,kazemotts_gradtts_hifigan:M1:fear,not_applicable:pretrained-tts-no-local-voice-cloning,local_cuda_kazemotts_gradtts_hifigan,offline_neural_tts,22050,wav,none,tts_seed=872915291,2026-08-10T00:00:00Z
ksc_derived_kk_v2_kazemotts:086c75b3948a109c,processed/24/24f84b1bf84fe64576e2c205270e83974bfe614175b5d247d3c8ff4aa5a76fbf.wav,5697f44b16078af99c020f5ae1e9414e938199b2b182f55b591c3df30f2e91ca,test,spoof,kk,unknown,ksc_derived_kk_v2_kazemotts:profile:kazemotts_gradtts_hifigan:M1:happy,ksc_derived_kk_v2_kazemotts,KSC text CC-BY-4.0; KazEmoTTS model CC-BY-4.0,Offline derivative for personal research from KSC transcript ksc_slr102:5f6059d81d004; KazEmoTTS dataset and model CC-BY-4.0; upstream source archive used only for local inference; no voice cloning,ksc_derived_kk_v2_kazemotts:synthetic-voice:kazemotts_gradtts_hifigan:M1:happy,ksc_slr102:5f6059d81d004,acd3236dc92ef89500f410d6c05d2678e4e61fe9712d27955e582dd07cb2655a,4.864625,gradtts_hifigan_emotional_tts,ISSAI KazEmoTTS Grad-TTS + HiFi-GAN,KazEmoTTS source-revision-0db250b2ebd95c0de7f8fb7ccba9fd65d4815115; checkpoints-2024-03-11,kazemotts_gradtts_hifigan:M1:happy,not_applicable:pretrained-tts-no-local-voice-cloning,local_cuda_kazemotts_gradtts_hifigan,offline_neural_tts,22050,wav,none,tts_seed=1912464441,2026-08-10T00:00:00Z
ksc_derived_kk_v2_kazemotts:58538430d520fd84,processed/ff/ff85240b921a082184139d26f9294ddad6ec95aa7d8b81b83e6f3ebde7219fa5.wav,9d1e1b2b3b361b4213917783134e3bf671a85f652ba1c1d2535a46d48184b427,test,spoof,kk,unknown,ksc_derived_kk_v2_kazemotts:profile:kazemotts_gradtts_hifigan:M1:neutral,ksc_derived_kk_v2_kazemotts,KSC text CC-BY-4.0; KazEmoTTS model CC-BY-4.0,Offline derivative for personal research from KSC transcript ksc_slr102:5f61e1f22df6d; KazEmoTTS dataset and model CC-BY-4.0; upstream source archive used only for local inference; no voice cloning,ksc_derived_kk_v2_kazemotts:synthetic-voice:kazemotts_gradtts_hifigan:M1:neutral,ksc_slr102:5f61e1f22df6d,cf8f319806365ffd993ac1fef756bdf5785fb630c2e9fc270d3e2bf7ee34119c,9.856875,gradtts_hifigan_emotional_tts,ISSAI KazEmoTTS Grad-TTS + HiFi-GAN,KazEmoTTS source-revision-0db250b2ebd95c0de7f8fb7ccba9fd65d4815115; checkpoints-2024-03-11,kazemotts_gradtts_hifigan:M1:neutral,not_applicable:pretrained-tts-no-local-voice-cloning,local_cuda_kazemotts_gradtts_hifigan,offline_neural_tts,22050,wav,none,tts_seed=1901050575,2026-08-10T00:00:00Z
ksc_derived_kk_v2_kazemotts:61c6e31d7a32feb0,processed/e4/e4641e29254fd56707267e589a835c5f705c848c8af23771b4faa666dd881a06.wav,ba61b9fae5a756ae84bbe90faffffda796911fbba38abe739c2cb16463a350f1,test,spoof,kk,unknown,ksc_derived_kk_v2_kazemotts:profile:kazemotts_gradtts_hifigan:M1:sad,ksc_derived_kk_v2_kazemotts,KSC text CC-BY-4.0; KazEmoTTS model CC-BY-4.0,Offline derivative for personal research from KSC transcript ksc_slr102:5f60ca57ced88; KazEmoTTS dataset and model CC-BY-4.0; upstream source archive used only for local inference; no voice cloning,ksc_derived_kk_v2_kazemotts:synthetic-voice:kazemotts_gradtts_hifigan:M1:sad,ksc_slr102:5f60ca57ced88,22a8d87ff3e56c8a4328291439d56a6613131ae8458873fbcefce593ee4ae54c,5.4915625,gradtts_hifigan_emotional_tts,ISSAI KazEmoTTS Grad-TTS + HiFi-GAN,KazEmoTTS source-revision-0db250b2ebd95c0de7f8fb7ccba9fd65d4815115; checkpoints-2024-03-11,kazemotts_gradtts_hifigan:M1:sad,not_applicable:pretrained-tts-no-local-voice-cloning,local_cuda_kazemotts_gradtts_hifigan,offline_neural_tts,22050,wav,none,tts_seed=37353749,2026-08-10T00:00:00Z
ksc_derived_kk_v2_kazemotts:eccea402eb73fa84,processed/08/0838c34fd3d02ce8bbe6414d92bfd6807631d4ce0090bae8763ab396a184b0e6.wav,b2487927768698d989ca7afcc6dbb3aeab261079b214fe2cd89e6efe6ddd28ab,test,spoof,kk,unknown,ksc_derived_kk_v2_kazemotts:profile:kazemotts_gradtts_hifigan:F1:angry,ksc_derived_kk_v2_kazemotts,KSC text CC-BY-4.0; KazEmoTTS model CC-BY-4.0,Offline derivative for personal research from KSC transcript ksc_slr102:5f58ac50cb3d1; KazEmoTTS dataset and model CC-BY-4.0; upstream source archive used only for local inference; no voice cloning,ksc_derived_kk_v2_kazemotts:synthetic-voice:kazemotts_gradtts_hifigan:F1:angry,ksc_slr102:5f58ac50cb3d1,d1295783004b5b46d42a7501088b615d94e1b7f774cce67251c7b0abfd856536,7.3026875,gradtts_hifigan_emotional_tts,ISSAI KazEmoTTS Grad-TTS + HiFi-GAN,KazEmoTTS source-revision-0db250b2ebd95c0de7f8fb7ccba9fd65d4815115; checkpoints-2024-03-11,kazemotts_gradtts_hifigan:F1:angry,not_applicable:pretrained-tts-no-local-voice-cloning,local_cuda_kazemotts_gradtts_hifigan,offline_neural_tts,22050,wav,none,tts_seed=1424217576,2026-08-10T00:00:00Z
ksc_derived_kk_v2_kazemotts:07dfd497922491c5,processed/52/520b054002030911b1e8a4437fe829bf36a3b1a8c16317355e74afc68f489a2b.wav,73cbb065b0100fefca03a5dd30791d9ed50e0465245cea3d99f97a51b2c4afb6,test,spoof,kk,unknown,ksc_derived_kk_v2_kazemotts:profile:kazemotts_gradtts_hifigan:F1:surprise,ksc_derived_kk_v2_kazemotts,KSC text CC-BY-4.0; KazEmoTTS model CC-BY-4.0,Offline derivative for personal research from KSC transcript ksc_slr102:5f605936b93cd; KazEmoTTS dataset and model CC-BY-4.0; upstream source archive used only for local inference; no voice cloning,ksc_derived_kk_v2_kazemotts:synthetic-voice:kazemotts_gradtts_hifigan:F1:surprise,ksc_slr102:5f605936b93cd,74e65263bf14319be5638e5a921c2eadf46b369076b909c7113ed901e744ada8,3.1579375,gradtts_hifigan_emotional_tts,ISSAI KazEmoTTS Grad-TTS + HiFi-GAN,KazEmoTTS source-revision-0db250b2ebd95c0de7f8fb7ccba9fd65d4815115; checkpoints-2024-03-11,kazemotts_gradtts_hifigan:F1:surprise,not_applicable:pretrained-tts-no-local-voice-cloning,local_cuda_kazemotts_gradtts_hifigan,offline_neural_tts,22050,wav,none,tts_seed=521157816,2026-08-10T00:00:00Z
ksc_derived_kk_v2_kazemotts:e7050c989e0bd4a8,processed/5e/5ea347a724716656ec9bf8c07da58c1e337625ec798fe079a2b0dd7e187cd526.wav,085e9bbafefa4593a1189664b5b01f55893e552162b0a6ba557abb0a72118be2,test,spoof,kk,unknown,ksc_derived_kk_v2_kazemotts:profile:kazemotts_gradtts_hifigan:F1:fear,ksc_derived_kk_v2_kazemotts,KSC text CC-BY-4.0; KazEmoTTS model CC-BY-4.0,Offline derivative for personal research from KSC transcript ksc_slr102:5f58c8e126d87; KazEmoTTS dataset and model CC-BY-4.0; upstream source archive used only for local inference; no voice cloning,ksc_derived_kk_v2_kazemotts:synthetic-voice:kazemotts_gradtts_hifigan:F1:fear,ksc_slr102:5f58c8e126d87,374681bd2ffd50d19e6bc9f337d24406c0b0073cb0d00d624030fac0740d49e1,3.8313125,gradtts_hifigan_emotional_tts,ISSAI KazEmoTTS Grad-TTS + HiFi-GAN,KazEmoTTS source-revision-0db250b2ebd95c0de7f8fb7ccba9fd65d4815115; checkpoints-2024-03-11,kazemotts_gradtts_hifigan:F1:fear,not_applicable:pretrained-tts-no-local-voice-cloning,local_cuda_kazemotts_gradtts_hifigan,offline_neural_tts,22050,wav,none,tts_seed=124419705,2026-08-10T00:00:00Z
ksc_derived_kk_v2_kazemotts:3fd935444dfb9fc0,processed/49/49feb0c44cd1b6574765eca374fad66b9a907e233973c7b4743170bf647c12a4.wav,0bf62824184728a6ec954195e08ea4c5e4c752ae84f61f6c74910f38b1a0d960,test,spoof,kk,unknown,ksc_derived_kk_v2_kazemotts:profile:kazemotts_gradtts_hifigan:F1:happy,ksc_derived_kk_v2_kazemotts,KSC text CC-BY-4.0; KazEmoTTS model CC-BY-4.0,Offline derivative for personal research from KSC transcript ksc_slr102:5f58da749545f; KazEmoTTS dataset and model CC-BY-4.0; upstream source archive used only for local inference; no voice cloning,ksc_derived_kk_v2_kazemotts:synthetic-voice:kazemotts_gradtts_hifigan:F1:happy,ksc_slr102:5f58da749545f,939279c1fb2e85c52c0542dd9a4f27e4dbf067fdbafb575756e14348a6743265,5.99075,gradtts_hifigan_emotional_tts,ISSAI KazEmoTTS Grad-TTS + HiFi-GAN,KazEmoTTS source-revision-0db250b2ebd95c0de7f8fb7ccba9fd65d4815115; checkpoints-2024-03-11,kazemotts_gradtts_hifigan:F1:happy,not_applicable:pretrained-tts-no-local-voice-cloning,local_cuda_kazemotts_gradtts_hifigan,offline_neural_tts,22050,wav,none,tts_seed=157570415,2026-08-10T00:00:00Z
ksc_derived_kk_v2_kazemotts:1638574698910a68,processed/5a/5ace62f50f2a2a9e741c006b867b006a04cdb8ff097f06367032ee99638bc805.wav,4d1b9c17cfca4754d2fc4ae0c3adc9a6d284af1c4a5e944d87f7feaa4296e59e,test,spoof,kk,unknown,ksc_derived_kk_v2_kazemotts:profile:kazemotts_gradtts_hifigan:F1:neutral,ksc_derived_kk_v2_kazemotts,KSC text CC-BY-4.0; KazEmoTTS model CC-BY-4.0,Offline derivative for personal research from KSC transcript ksc_slr102:5f5f47fb1238c; KazEmoTTS dataset and model CC-BY-4.0; upstream source archive used only for local inference; no voice cloning,ksc_derived_kk_v2_kazemotts:synthetic-voice:kazemotts_gradtts_hifigan:F1:neutral,ksc_slr102:5f5f47fb1238c,1be1e1f744283168137e0e7656c8d15dedf399d034dc429f9112c80063f12902,6.606125,gradtts_hifigan_emotional_tts,ISSAI KazEmoTTS Grad-TTS + HiFi-GAN,KazEmoTTS source-revision-0db250b2ebd95c0de7f8fb7ccba9fd65d4815115; checkpoints-2024-03-11,kazemotts_gradtts_hifigan:F1:neutral,not_applicable:pretrained-tts-no-local-voice-cloning,local_cuda_kazemotts_gradtts_hifigan,offline_neural_tts,22050,wav,none,tts_seed=2101646650,2026-08-10T00:00:00Z
ksc_derived_kk_v2_kazemotts:1cd259d7f25a352e,processed/37/37b19d44ab615a216a5ea61db808108e78dd949582e9dbd34268a921432b71c6.wav,186f2871addf1efd82c36427c3fff3ff23c267b605897c36528ef144dcd52747,test,spoof,kk,unknown,ksc_derived_kk_v2_kazemotts:profile:kazemotts_gradtts_hifigan:F1:sad,ksc_derived_kk_v2_kazemotts,KSC text CC-BY-4.0; KazEmoTTS model CC-BY-4.0,Offline derivative for personal research from KSC transcript ksc_slr102:5f60e5f06f2ee; KazEmoTTS dataset and model CC-BY-4.0; upstream source archive used only for local inference; no voice cloning,ksc_derived_kk_v2_kazemotts:synthetic-voice:kazemotts_gradtts_hifigan:F1:sad,ksc_slr102:5f60e5f06f2ee,9e5799567b01fba8c7578defdb4bc8c361dce27c74a4a6cf1e5792de8fab3000,2.937375,gradtts_hifigan_emotional_tts,ISSAI KazEmoTTS Grad-TTS + HiFi-GAN,KazEmoTTS source-revision-0db250b2ebd95c0de7f8fb7ccba9fd65d4815115; checkpoints-2024-03-11,kazemotts_gradtts_hifigan:F1:sad,not_applicable:pretrained-tts-no-local-voice-cloning,local_cuda_kazemotts_gradtts_hifigan,offline_neural_tts,22050,wav,none,tts_seed=1581871655,2026-08-10T00:00:00Z
ksc_derived_kk_v2_kazemotts:1b63882dac61aebc,processed/47/472bed700f1098f53eef969d2f692cd7bbb21a23ef2da831fd2a50e7775c751b.wav,d8b3978f4a5939d49ebdb91bdf3d7336942a389106bbdebd1b1b3f780eb4054a,test,spoof,kk,unknown,ksc_derived_kk_v2_kazemotts:profile:kazemotts_gradtts_hifigan:M2:angry,ksc_derived_kk_v2_kazemotts,KSC text CC-BY-4.0; KazEmoTTS model CC-BY-4.0,Offline derivative for personal research from KSC transcript ksc_slr102:5f60e7ca1f073; KazEmoTTS dataset and model CC-BY-4.0; upstream source archive used only for local inference; no voice cloning,ksc_derived_kk_v2_kazemotts:synthetic-voice:kazemotts_gradtts_hifigan:M2:angry,ksc_slr102:5f60e7ca1f073,37919db1a1f07c8914f94b89027fb79ec4cdf05ae06a07e0c4c0c0d09630455d,4.7136875,gradtts_hifigan_emotional_tts,ISSAI KazEmoTTS Grad-TTS + HiFi-GAN,KazEmoTTS source-revision-0db250b2ebd95c0de7f8fb7ccba9fd65d4815115; checkpoints-2024-03-11,kazemotts_gradtts_hifigan:M2:angry,not_applicable:pretrained-tts-no-local-voice-cloning,local_cuda_kazemotts_gradtts_hifigan,offline_neural_tts,22050,wav,none,tts_seed=1499080485,2026-08-10T00:00:00Z
ksc_derived_kk_v2_kazemotts:7310f36d426ab4ce,processed/30/30a3b176430bf8fbd35623465cee82f3401064e88912c631ca4949bc9c19f73f.wav,1d79f1c0e522c913c1a45fdf5d81211e5033178d850d17af8edfd567fe8eb04c,test,spoof,kk,unknown,ksc_derived_kk_v2_kazemotts:profile:kazemotts_gradtts_hifigan:M2:surprise,ksc_derived_kk_v2_kazemotts,KSC text CC-BY-4.0; KazEmoTTS model CC-BY-4.0,Offline derivative for personal research from KSC transcript ksc_slr102:5f60ae5f62bd5; KazEmoTTS dataset and model CC-BY-4.0; upstream source archive used only for local inference; no voice cloning,ksc_derived_kk_v2_kazemotts:synthetic-voice:kazemotts_gradtts_hifigan:M2:surprise,ksc_slr102:5f60ae5f62bd5,0b68a941959dddc7ddeeb19f8565a843bdbc7cdd6e89a7fb959d24cec398b9c8,6.30425,gradtts_hifigan_emotional_tts,ISSAI KazEmoTTS Grad-TTS + HiFi-GAN,KazEmoTTS source-revision-0db250b2ebd95c0de7f8fb7ccba9fd65d4815115; checkpoints-2024-03-11,kazemotts_gradtts_hifigan:M2:surprise,not_applicable:pretrained-tts-no-local-voice-cloning,local_cuda_kazemotts_gradtts_hifigan,offline_neural_tts,22050,wav,none,tts_seed=380893134,2026-08-10T00:00:00Z
ksc_derived_kk_v2_kazemotts:34238b6c3f2e9150,processed/e5/e5fa024bb12cd02b5dd8d3e5f28ec3a2636617552f032770ab153b96d6e93e5f.wav,315205cb5886ad4b14d685be3fedb6e0632fb699b3ba9f4726cd3db4f7752c23,test,spoof,kk,unknown,ksc_derived_kk_v2_kazemotts:profile:kazemotts_gradtts_hifigan:M2:fear,ksc_derived_kk_v2_kazemotts,KSC text CC-BY-4.0; KazEmoTTS model CC-BY-4.0,Offline derivative for personal research from KSC transcript ksc_slr102:5f5a57b5d5641; KazEmoTTS dataset and model CC-BY-4.0; upstream source archive used only for local inference; no voice cloning,ksc_derived_kk_v2_kazemotts:synthetic-voice:kazemotts_gradtts_hifigan:M2:fear,ksc_slr102:5f5a57b5d5641,3986f05e43c51b18232c053984a3ba0ec9575bced5b156fcfa1bc88f7ff32c18,3.98225,gradtts_hifigan_emotional_tts,ISSAI KazEmoTTS Grad-TTS + HiFi-GAN,KazEmoTTS source-revision-0db250b2ebd95c0de7f8fb7ccba9fd65d4815115; checkpoints-2024-03-11,kazemotts_gradtts_hifigan:M2:fear,not_applicable:pretrained-tts-no-local-voice-cloning,local_cuda_kazemotts_gradtts_hifigan,offline_neural_tts,22050,wav,none,tts_seed=817141213,2026-08-10T00:00:00Z
ksc_derived_kk_v2_kazemotts:dd9479d4aa954d88,processed/b5/b59134c653417cdde6ff7a4cbad8b3b236247a1ee93960da2590fd7f9ffe918c.wav,343b170a5f72c00592510560a82adb8c42bc4310ec9350d240274d895bea0ed0,test,spoof,kk,unknown,ksc_derived_kk_v2_kazemotts:profile:kazemotts_gradtts_hifigan:M2:happy,ksc_derived_kk_v2_kazemotts,KSC text CC-BY-4.0; KazEmoTTS model CC-BY-4.0,Offline derivative for personal research from KSC transcript ksc_slr102:5f60c56b67dd2; KazEmoTTS dataset and model CC-BY-4.0; upstream source archive used only for local inference; no voice cloning,ksc_derived_kk_v2_kazemotts:synthetic-voice:kazemotts_gradtts_hifigan:M2:happy,ksc_slr102:5f60c56b67dd2,bb945d65a7b3e633e6530d2d2e95841ee4abe081ab096e7e90773b076ae4b52b,7.73225,gradtts_hifigan_emotional_tts,ISSAI KazEmoTTS Grad-TTS + HiFi-GAN,KazEmoTTS source-revision-0db250b2ebd95c0de7f8fb7ccba9fd65d4815115; checkpoints-2024-03-11,kazemotts_gradtts_hifigan:M2:happy,not_applicable:pretrained-tts-no-local-voice-cloning,local_cuda_kazemotts_gradtts_hifigan,offline_neural_tts,22050,wav,none,tts_seed=1388458102,2026-08-10T00:00:00Z
ksc_derived_kk_v2_kazemotts:2d65b85e8461da95,processed/08/080f3d82b20c8b97aa66082ea16a729517b9eb2646fc72ba83fc14710604c304.wav,ed0e31aa2dbc2903b4bdd715461470a392491ae77cb1070b0c0723a9c95d0a4c,test,spoof,kk,unknown,ksc_derived_kk_v2_kazemotts:profile:kazemotts_gradtts_hifigan:M2:neutral,ksc_derived_kk_v2_kazemotts,KSC text CC-BY-4.0; KazEmoTTS model CC-BY-4.0,Offline derivative for personal research from KSC transcript ksc_slr102:5f5fc19477f0c; KazEmoTTS dataset and model CC-BY-4.0; upstream source archive used only for local inference; no voice cloning,ksc_derived_kk_v2_kazemotts:synthetic-voice:kazemotts_gradtts_hifigan:M2:neutral,ksc_slr102:5f5fc19477f0c,7ef59a8e473cd3d904dd191a205378668cf38b4b32ed393689e94a81058aad9e,8.2315,gradtts_hifigan_emotional_tts,ISSAI KazEmoTTS Grad-TTS + HiFi-GAN,KazEmoTTS source-revision-0db250b2ebd95c0de7f8fb7ccba9fd65d4815115; checkpoints-2024-03-11,kazemotts_gradtts_hifigan:M2:neutral,not_applicable:pretrained-tts-no-local-voice-cloning,local_cuda_kazemotts_gradtts_hifigan,offline_neural_tts,22050,wav,none,tts_seed=1824660420,2026-08-10T00:00:00Z
ksc_derived_kk_v2_kazemotts:1da27f5aa42cfddb,processed/82/827a1c81b1f17480e9ef981053f0b40f4d03e1fab93457dd7261e39e84b453e7.wav,9fe40efda0d1b459397bc32f763df40d742ef0ad75675c2a93fe779350d8c5c5,test,spoof,kk,unknown,ksc_derived_kk_v2_kazemotts:profile:kazemotts_gradtts_hifigan:M2:sad,ksc_derived_kk_v2_kazemotts,KSC text CC-BY-4.0; KazEmoTTS model CC-BY-4.0,Offline derivative for personal research from KSC transcript ksc_slr102:5f57967816963; KazEmoTTS dataset and model CC-BY-4.0; upstream source archive used only for local inference; no voice cloning,ksc_derived_kk_v2_kazemotts:synthetic-voice:kazemotts_gradtts_hifigan:M2:sad,ksc_slr102:5f57967816963,b7d91b247684904a55511530bab7b1e94ca77a1c32c0b034196a7c9bd7af4c04,8.4753125,gradtts_hifigan_emotional_tts,ISSAI KazEmoTTS Grad-TTS + HiFi-GAN,KazEmoTTS source-revision-0db250b2ebd95c0de7f8fb7ccba9fd65d4815115; checkpoints-2024-03-11,kazemotts_gradtts_hifigan:M2:sad,not_applicable:pretrained-tts-no-local-voice-cloning,local_cuda_kazemotts_gradtts_hifigan,offline_neural_tts,22050,wav,none,tts_seed=801021296,2026-08-10T00:00:00Z
ksc_derived_kk_v2_kazemotts:9c51a2229b32fbb5,processed/2d/2d624bb63831cb31cea9b00cf6eacfa9d4423260b246786a8b4ebdc27e15406d.wav,6824c822a4713ce6f9c63393e124dc5b23da53e6ae0459d4a63d639c22f6d44b,test,spoof,kk,unknown,ksc_derived_kk_v2_kazemotts:profile:kazemotts_gradtts_hifigan:M1:angry,ksc_derived_kk_v2_kazemotts,KSC text CC-BY-4.0; KazEmoTTS model CC-BY-4.0,Offline derivative for personal research from KSC transcript ksc_slr102:5f2b0772c5706; KazEmoTTS dataset and model CC-BY-4.0; upstream source archive used only for local inference; no voice cloning,ksc_derived_kk_v2_kazemotts:synthetic-voice:kazemotts_gradtts_hifigan:M1:angry,ksc_slr102:5f2b0772c5706,e7b6680a6c75d02a29bc3134ecaddece43461f254d0862b29f3f0cd60c4657e5,6.8035,gradtts_hifigan_emotional_tts,ISSAI KazEmoTTS Grad-TTS + HiFi-GAN,KazEmoTTS source-revision-0db250b2ebd95c0de7f8fb7ccba9fd65d4815115; checkpoints-2024-03-11,kazemotts_gradtts_hifigan:M1:angry,not_applicable:pretrained-tts-no-local-voice-cloning,local_cuda_kazemotts_gradtts_hifigan,offline_neural_tts,22050,wav,none,tts_seed=340244369,2026-08-10T00:00:00Z
ksc_derived_kk_v2_kazemotts:28e15a92e3496976,processed/86/86c3a8c2c40c7b6e1c12ad3c3ed9f6f505b008c718c11a47bfc2fd993c669fc3.wav,7b473e56d3dff0f67202655f16252a14a7726813f8f81ccc4a08d88abe33c300,test,spoof,kk,unknown,ksc_derived_kk_v2_kazemotts:profile:kazemotts_gradtts_hifigan:M1:surprise,ksc_derived_kk_v2_kazemotts,KSC text CC-BY-4.0; KazEmoTTS model CC-BY-4.0,Offline derivative for personal research from KSC transcript ksc_slr102:5f2b082989846; KazEmoTTS dataset and model CC-BY-4.0; upstream source archive used only for local inference; no voice cloning,ksc_derived_kk_v2_kazemotts:synthetic-voice:kazemotts_gradtts_hifigan:M1:surprise,ksc_slr102:5f2b082989846,3256b7d3be34b15ba5ecffa625aa54b1694b561157f3b8fb455647637a6e3177,10.7740625,gradtts_hifigan_emotional_tts,ISSAI KazEmoTTS Grad-TTS + HiFi-GAN,KazEmoTTS source-revision-0db250b2ebd95c0de7f8fb7ccba9fd65d4815115; checkpoints-2024-03-11,kazemotts_gradtts_hifigan:M1:surprise,not_applicable:pretrained-tts-no-local-voice-cloning,local_cuda_kazemotts_gradtts_hifigan,offline_neural_tts,22050,wav,none,tts_seed=1000383671,2026-08-10T00:00:00Z
ksc_derived_kk_v2_kazemotts:cf080ad734132d83,processed/34/34c5c7b99d999fcde862506a6301923d13132aea2458cb05622147c23c8cfd9b.wav,03a33200abfee380a900c35894a4d1cc5763cfa2a0d8643f411b411edc43dc89,test,spoof,kk,unknown,ksc_derived_kk_v2_kazemotts:profile:kazemotts_gradtts_hifigan:M1:fear,ksc_derived_kk_v2_kazemotts,KSC text CC-BY-4.0; KazEmoTTS model CC-BY-4.0,Offline derivative for personal research from KSC transcript ksc_slr102:5f58843318562; KazEmoTTS dataset and model CC-BY-4.0; upstream source archive used only for local inference; no voice cloning,ksc_derived_kk_v2_kazemotts:synthetic-voice:kazemotts_gradtts_hifigan:M1:fear,ksc_slr102:5f58843318562,bb5478913e3e8abda83d901a6f5d969771a0d59facd7dc6530ac6cecabbf3650,8.3824375,gradtts_hifigan_emotional_tts,ISSAI KazEmoTTS Grad-TTS + HiFi-GAN,KazEmoTTS source-revision-0db250b2ebd95c0de7f8fb7ccba9fd65d4815115; checkpoints-2024-03-11,kazemotts_gradtts_hifigan:M1:fear,not_applicable:pretrained-tts-no-local-voice-cloning,local_cuda_kazemotts_gradtts_hifigan,offline_neural_tts,22050,wav,none,tts_seed=1744126187,2026-08-10T00:00:00Z
ksc_derived_kk_v2_kazemotts:22039c97bc6c79c6,processed/57/57672cf5d71d4e807d4c0833eb1b8f5eb683de341bf8ddfdd4bf24071dce2dca.wav,fa104e8f2b7bb00d1fb2146ed9c40113550bd96ea3b087d23d276bd4f199f0cb,test,spoof,kk,unknown,ksc_derived_kk_v2_kazemotts:profile:kazemotts_gradtts_hifigan:M1:neutral,ksc_derived_kk_v2_kazemotts,KSC text CC-BY-4.0; KazEmoTTS model CC-BY-4.0,Offline derivative for personal research from KSC transcript ksc_slr102:5f58c713c8512; KazEmoTTS dataset and model CC-BY-4.0; upstream source archive used only for local inference; no voice cloning,ksc_derived_kk_v2_kazemotts:synthetic-voice:kazemotts_gradtts_hifigan:M1:neutral,ksc_slr102:5f58c713c8512,efd322c7b1686743ea2d907c5213892a982b50068f75751eff228efdeffbc3e5,6.397125,gradtts_hifigan_emotional_tts,ISSAI KazEmoTTS Grad-TTS + HiFi-GAN,KazEmoTTS source-revision-0db250b2ebd95c0de7f8fb7ccba9fd65d4815115; checkpoints-2024-03-11,kazemotts_gradtts_hifigan:M1:neutral,not_applicable:pretrained-tts-no-local-voice-cloning,local_cuda_kazemotts_gradtts_hifigan,offline_neural_tts,22050,wav,none,tts_seed=1452697479,2026-08-10T00:00:00Z
ksc_derived_kk_v2_kazemotts:343864db325084d7,processed/31/3130e1dc6673ae9db7212f4a795eaa82972f238bfa831d8729bde12f5ad20ce0.wav,caec609c549d42f988bb1bf6e35e450e006245505a5d7cf994dcfb07acc7fbe4,test,spoof,kk,unknown,ksc_derived_kk_v2_kazemotts:profile:kazemotts_gradtts_hifigan:M1:sad,ksc_derived_kk_v2_kazemotts,KSC text CC-BY-4.0; KazEmoTTS model CC-BY-4.0,Offline derivative for personal research from KSC transcript ksc_slr102:5f434b23e5b59; KazEmoTTS dataset and model CC-BY-4.0; upstream source archive used only for local inference; no voice cloning,ksc_derived_kk_v2_kazemotts:synthetic-voice:kazemotts_gradtts_hifigan:M1:sad,ksc_slr102:5f434b23e5b59,0927a88ba455469c316871ad4630aecfc6d3cd12a16da0f89090acb1b56068ad,6.03725,gradtts_hifigan_emotional_tts,ISSAI KazEmoTTS Grad-TTS + HiFi-GAN,KazEmoTTS source-revision-0db250b2ebd95c0de7f8fb7ccba9fd65d4815115; checkpoints-2024-03-11,kazemotts_gradtts_hifigan:M1:sad,not_applicable:pretrained-tts-no-local-voice-cloning,local_cuda_kazemotts_gradtts_hifigan,offline_neural_tts,22050,wav,none,tts_seed=335717574,2026-08-10T00:00:00Z
ksc_derived_kk_v2_kazemotts:3b6cb206894ceead,processed/4b/4bd17ce8324e72dfc1f7af389a97fdde825dd4b02283e36e3dd006dcfc8a9276.wav,3316298b3d1ae0218fb1b45eddd76062326167ffb61ed28be1dcf76752ff1167,test,spoof,kk,unknown,ksc_derived_kk_v2_kazemotts:profile:kazemotts_gradtts_hifigan:F1:surprise,ksc_derived_kk_v2_kazemotts,KSC text CC-BY-4.0; KazEmoTTS model CC-BY-4.0,Offline derivative for personal research from KSC transcript ksc_slr102:5fa112b1e6249; KazEmoTTS dataset and model CC-BY-4.0; upstream source archive used only for local inference; no voice cloning,ksc_derived_kk_v2_kazemotts:synthetic-voice:kazemotts_gradtts_hifigan:F1:surprise,ksc_slr102:5fa112b1e6249,83c23de57ca4385a303f26d81516c8a64c95a1ee9b8d9fd9f1394d77198f01e1,4.2725,gradtts_hifigan_emotional_tts,ISSAI KazEmoTTS Grad-TTS + HiFi-GAN,KazEmoTTS source-revision-0db250b2ebd95c0de7f8fb7ccba9fd65d4815115; checkpoints-2024-03-11,kazemotts_gradtts_hifigan:F1:surprise,not_applicable:pretrained-tts-no-local-voice-cloning,local_cuda_kazemotts_gradtts_hifigan,offline_neural_tts,22050,wav,none,tts_seed=170864320,2026-08-10T00:00:00Z
ksc_derived_kk_v2_kazemotts:d04ce35a6d43174a,processed/0a/0a4010e867087cf97649d1cdd63cf58ebd359b0840212654ca87403d9327207c.wav,baa99aa641e3cad5c8d9d5811a81dacc3c49d774bd6aec04cd8b04f45fde7e83,test,spoof,kk,unknown,ksc_derived_kk_v2_kazemotts:profile:kazemotts_gradtts_hifigan:F1:fear,ksc_derived_kk_v2_kazemotts,KSC text CC-BY-4.0; KazEmoTTS model CC-BY-4.0,Offline derivative for personal research from KSC transcript ksc_slr102:5f618d62992ab; KazEmoTTS dataset and model CC-BY-4.0; upstream source archive used only for local inference; no voice cloning,ksc_derived_kk_v2_kazemotts:synthetic-voice:kazemotts_gradtts_hifigan:F1:fear,ksc_slr102:5f618d62992ab,d997ce17510c30fd59f06f7071bf2862811fe1be6e66c9c808ccc7f49b5eef13,4.93425,gradtts_hifigan_emotional_tts,ISSAI KazEmoTTS Grad-TTS + HiFi-GAN,KazEmoTTS source-revision-0db250b2ebd95c0de7f8fb7ccba9fd65d4815115; checkpoints-2024-03-11,kazemotts_gradtts_hifigan:F1:fear,not_applicable:pretrained-tts-no-local-voice-cloning,local_cuda_kazemotts_gradtts_hifigan,offline_neural_tts,22050,wav,none,tts_seed=1913992324,2026-08-10T00:00:00Z
ksc_derived_kk_v2_kazemotts:47e66b01c9707262,processed/b5/b5635663e4a557579aee43cfe696ffd5bdcf4cb44c261a17a279ae980e660fa5.wav,01ec9c3f8b54b04d985948b5ab34c7e479c646b2cadd6a5cdd6af22603cf7b1f,test,spoof,kk,unknown,ksc_derived_kk_v2_kazemotts:profile:kazemotts_gradtts_hifigan:F1:happy,ksc_derived_kk_v2_kazemotts,KSC text CC-BY-4.0; KazEmoTTS model CC-BY-4.0,Offline derivative for personal research from KSC transcript ksc_slr102:5f62c369a4248; KazEmoTTS dataset and model CC-BY-4.0; upstream source archive used only for local inference; no voice cloning,ksc_derived_kk_v2_kazemotts:synthetic-voice:kazemotts_gradtts_hifigan:F1:happy,ksc_slr102:5f62c369a4248,fa9fba7fd0d895c5d85e50f2ada8ef1a81d8af43d97e4d4a59938affca199b39,3.2740625,gradtts_hifigan_emotional_tts,ISSAI KazEmoTTS Grad-TTS + HiFi-GAN,KazEmoTTS source-revision-0db250b2ebd95c0de7f8fb7ccba9fd65d4815115; checkpoints-2024-03-11,kazemotts_gradtts_hifigan:F1:happy,not_applicable:pretrained-tts-no-local-voice-cloning,local_cuda_kazemotts_gradtts_hifigan,offline_neural_tts,22050,wav,none,tts_seed=1043270528,2026-08-10T00:00:00Z
ksc_derived_kk_v2_kazemotts:0209d3e0e18ac05f,processed/d2/d24af4f46167d5b3a50b1246fad8d9e677e84354c7fc4a81d9bcf2c5837773a2.wav,5fe75dfa61318f708b67012b54759715bbd2b81d7d87b62709f0236ed974f2f6,test,spoof,kk,unknown,ksc_derived_kk_v2_kazemotts:profile:kazemotts_gradtts_hifigan:F1:neutral,ksc_derived_kk_v2_kazemotts,KSC text CC-BY-4.0; KazEmoTTS model CC-BY-4.0,Offline derivative for personal research from KSC transcript ksc_slr102:5f60fee4adea7; KazEmoTTS dataset and model CC-BY-4.0; upstream source archive used only for local inference; no voice cloning,ksc_derived_kk_v2_kazemotts:synthetic-voice:kazemotts_gradtts_hifigan:F1:neutral,ksc_slr102:5f60fee4adea7,e60c3af67294b5546c414263e897d8271772bb2efb4b47b020e413f22d44fbd7,6.8035,gradtts_hifigan_emotional_tts,ISSAI KazEmoTTS Grad-TTS + HiFi-GAN,KazEmoTTS source-revision-0db250b2ebd95c0de7f8fb7ccba9fd65d4815115; checkpoints-2024-03-11,kazemotts_gradtts_hifigan:F1:neutral,not_applicable:pretrained-tts-no-local-voice-cloning,local_cuda_kazemotts_gradtts_hifigan,offline_neural_tts,22050,wav,none,tts_seed=1989752357,2026-08-10T00:00:00Z
ksc_derived_kk_v2_kazemotts:2ef3dbf5a978bf56,processed/a5/a51b637d73d903190276683601d2175863b0cd8f375a2c6e3999992fca9d739f.wav,48d326c27719f054af282c292434fd3b99c908873affb76b7542cf34a779ff9a,test,spoof,kk,unknown,ksc_derived_kk_v2_kazemotts:profile:kazemotts_gradtts_hifigan:F1:sad,ksc_derived_kk_v2_kazemotts,KSC text CC-BY-4.0; KazEmoTTS model CC-BY-4.0,Offline derivative for personal research from KSC transcript ksc_slr102:5f6187b106284; KazEmoTTS dataset and model CC-BY-4.0; upstream source archive used only for local inference; no voice cloning,ksc_derived_kk_v2_kazemotts:synthetic-voice:kazemotts_gradtts_hifigan:F1:sad,ksc_slr102:5f6187b106284,750367c12ce9dca66c1afe8cd3dc163103269d30f020a14fc9a7aaeaa7d5f58f,6.57125,gradtts_hifigan_emotional_tts,ISSAI KazEmoTTS Grad-TTS + HiFi-GAN,KazEmoTTS source-revision-0db250b2ebd95c0de7f8fb7ccba9fd65d4815115; checkpoints-2024-03-11,kazemotts_gradtts_hifigan:F1:sad,not_applicable:pretrained-tts-no-local-voice-cloning,local_cuda_kazemotts_gradtts_hifigan,offline_neural_tts,22050,wav,none,tts_seed=1435333232,2026-08-10T00:00:00Z
ksc_derived_kk_v2_kazemotts:d5a3dbc56e5b006c,processed/76/76ad920b5e2e2e6ea0a9c4ef0455b88448e89c668d7c0eac8bb8ee502a6aee1c.wav,162e1e5d69d6fc233cd09b22ec0a2cf4a780027833022fceca1c03afcc90e901,test,spoof,kk,unknown,ksc_derived_kk_v2_kazemotts:profile:kazemotts_gradtts_hifigan:M2:angry,ksc_derived_kk_v2_kazemotts,KSC text CC-BY-4.0; KazEmoTTS model CC-BY-4.0,Offline derivative for personal research from KSC transcript ksc_slr102:5f59edc30e7be; KazEmoTTS dataset and model CC-BY-4.0; upstream source archive used only for local inference; no voice cloning,ksc_derived_kk_v2_kazemotts:synthetic-voice:kazemotts_gradtts_hifigan:M2:angry,ksc_slr102:5f59edc30e7be,181b7a4e161828ff1a77bd0bedb22182a5b24ce578d6c33786036b1995af1fe6,7.825125,gradtts_hifigan_emotional_tts,ISSAI KazEmoTTS Grad-TTS + HiFi-GAN,KazEmoTTS source-revision-0db250b2ebd95c0de7f8fb7ccba9fd65d4815115; checkpoints-2024-03-11,kazemotts_gradtts_hifigan:M2:angry,not_applicable:pretrained-tts-no-local-voice-cloning,local_cuda_kazemotts_gradtts_hifigan,offline_neural_tts,22050,wav,none,tts_seed=293018206,2026-08-10T00:00:00Z
ksc_derived_kk_v2_kazemotts:2e9424349251d8c3,processed/87/8755a7c2dd3b330039e2ec541092a60ec2e22bbd087bca84d37bff83097e095f.wav,615f1345e07538c3d4579c2cdf9f8a067235d7a5e119869ebccd7214fe6d018a,test,spoof,kk,unknown,ksc_derived_kk_v2_kazemotts:profile:kazemotts_gradtts_hifigan:M2:surprise,ksc_derived_kk_v2_kazemotts,KSC text CC-BY-4.0; KazEmoTTS model CC-BY-4.0,Offline derivative for personal research from KSC transcript ksc_slr102:5f58e1ce1027e; KazEmoTTS dataset and model CC-BY-4.0; upstream source archive used only for local inference; no voice cloning,ksc_derived_kk_v2_kazemotts:synthetic-voice:kazemotts_gradtts_hifigan:M2:surprise,ksc_slr102:5f58e1ce1027e,047ec4b4d3efd6cbb0841d6109429c6e5017bc3e4fff49c661042e27af9f64f1,9.299625,gradtts_hifigan_emotional_tts,ISSAI KazEmoTTS Grad-TTS + HiFi-GAN,KazEmoTTS source-revision-0db250b2ebd95c0de7f8fb7ccba9fd65d4815115; checkpoints-2024-03-11,kazemotts_gradtts_hifigan:M2:surprise,not_applicable:pretrained-tts-no-local-voice-cloning,local_cuda_kazemotts_gradtts_hifigan,offline_neural_tts,22050,wav,none,tts_seed=368101639,2026-08-10T00:00:00Z
ksc_derived_kk_v2_kazemotts:93e8fec0306f2627,processed/94/94727dbdcc49a8ae6996b74435c1d4ee0f8f452bf588a70c3d79ca2270bc2a2b.wav,6bb514287052187cf64ea249c3c01380412cacc3506b908424c4a52d9e789c7c,test,spoof,kk,unknown,ksc_derived_kk_v2_kazemotts:profile:kazemotts_gradtts_hifigan:M2:fear,ksc_derived_kk_v2_kazemotts,KSC text CC-BY-4.0; KazEmoTTS model CC-BY-4.0,Offline derivative for personal research from KSC transcript ksc_slr102:5f9fc8372f252; KazEmoTTS dataset and model CC-BY-4.0; upstream source archive used only for local inference; no voice cloning,ksc_derived_kk_v2_kazemotts:synthetic-voice:kazemotts_gradtts_hifigan:M2:fear,ksc_slr102:5f9fc8372f252,de95ae16a19d2468be6756c179dd717d56cbf02ba559cb69577c62630cef2fca,12.1905,gradtts_hifigan_emotional_tts,ISSAI KazEmoTTS Grad-TTS + HiFi-GAN,KazEmoTTS source-revision-0db250b2ebd95c0de7f8fb7ccba9fd65d4815115; checkpoints-2024-03-11,kazemotts_gradtts_hifigan:M2:fear,not_applicable:pretrained-tts-no-local-voice-cloning,local_cuda_kazemotts_gradtts_hifigan,offline_neural_tts,22050,wav,none,tts_seed=2059723609,2026-08-10T00:00:00Z
ksc_derived_kk_v2_kazemotts:f8720c33f77884d2,processed/02/02b08657ed952d758057ddf75e3639d656ee97904c64fce9b5718cd0f563c402.wav,fcea7567ade5b45bc528f104f648dcfdc93cafd99acf6380766eba6b3e2f9f46,test,spoof,kk,unknown,ksc_derived_kk_v2_kazemotts:profile:kazemotts_gradtts_hifigan:M2:neutral,ksc_derived_kk_v2_kazemotts,KSC text CC-BY-4.0; KazEmoTTS model CC-BY-4.0,Offline derivative for personal research from KSC transcript ksc_slr102:5f60ff61277a3; KazEmoTTS dataset and model CC-BY-4.0; upstream source archive used only for local inference; no voice cloning,ksc_derived_kk_v2_kazemotts:synthetic-voice:kazemotts_gradtts_hifigan:M2:neutral,ksc_slr102:5f60ff61277a3,1f07a92386db749d1e2848201e9b6bfb5f0835ba10608d3f7068ffc050579607,7.3375625,gradtts_hifigan_emotional_tts,ISSAI KazEmoTTS Grad-TTS + HiFi-GAN,KazEmoTTS source-revision-0db250b2ebd95c0de7f8fb7ccba9fd65d4815115; checkpoints-2024-03-11,kazemotts_gradtts_hifigan:M2:neutral,not_applicable:pretrained-tts-no-local-voice-cloning,local_cuda_kazemotts_gradtts_hifigan,offline_neural_tts,22050,wav,none,tts_seed=1740362508,2026-08-10T00:00:00Z
ksc_derived_kk_v2_kazemotts:51254acaaab3fafc,processed/7f/7f043c947e69b84d65e6eeb925db487f471ec51c2c58b7d44048c97cde4c06ee.wav,c719ee68e0404718f2d5b370e995a959bcdc6c41803b849eb4aa7946982fdada,test,spoof,kk,unknown,ksc_derived_kk_v2_kazemotts:profile:kazemotts_gradtts_hifigan:M2:sad,ksc_derived_kk_v2_kazemotts,KSC text CC-BY-4.0; KazEmoTTS model CC-BY-4.0,Offline derivative for personal research from KSC transcript ksc_slr102:5f61e682887d8; KazEmoTTS dataset and model CC-BY-4.0; upstream source archive used only for local inference; no voice cloning,ksc_derived_kk_v2_kazemotts:synthetic-voice:kazemotts_gradtts_hifigan:M2:sad,ksc_slr102:5f61e682887d8,c1c9ea77a54c819932f5fd07e310609399a475f44a4313a3f35f7a228f6b4482,6.30425,gradtts_hifigan_emotional_tts,ISSAI KazEmoTTS Grad-TTS + HiFi-GAN,KazEmoTTS source-revision-0db250b2ebd95c0de7f8fb7ccba9fd65d4815115; checkpoints-2024-03-11,kazemotts_gradtts_hifigan:M2:sad,not_applicable:pretrained-tts-no-local-voice-cloning,local_cuda_kazemotts_gradtts_hifigan,offline_neural_tts,22050,wav,none,tts_seed=1462188253,2026-08-10T00:00:00Z
ksc_derived_kk_v2_kazemotts:db5faeded4674a5c,processed/62/62669d228107a672b8aec28295bb0c58d34d4f5e4be8f56122c4d05e1033c979.wav,e1b107e9585d280aa0eb52f7b3e8678c9772efbf7f773ef7c485cf70eb30fb8c,test,spoof,kk,unknown,ksc_derived_kk_v2_kazemotts:profile:kazemotts_gradtts_hifigan:M1:angry,ksc_derived_kk_v2_kazemotts,KSC text CC-BY-4.0; KazEmoTTS model CC-BY-4.0,Offline derivative for personal research from KSC transcript ksc_slr102:5f5a111394b6f; KazEmoTTS dataset and model CC-BY-4.0; upstream source archive used only for local inference; no voice cloning,ksc_derived_kk_v2_kazemotts:synthetic-voice:kazemotts_gradtts_hifigan:M1:angry,ksc_slr102:5f5a111394b6f,233ded3677bb3e3273e54f8511d2723ea198bb7fd301b3513c12fc53259e93f3,4.2260625,gradtts_hifigan_emotional_tts,ISSAI KazEmoTTS Grad-TTS + HiFi-GAN,KazEmoTTS source-revision-0db250b2ebd95c0de7f8fb7ccba9fd65d4815115; checkpoints-2024-03-11,kazemotts_gradtts_hifigan:M1:angry,not_applicable:pretrained-tts-no-local-voice-cloning,local_cuda_kazemotts_gradtts_hifigan,offline_neural_tts,22050,wav,none,tts_seed=1485908820,2026-08-10T00:00:00Z
ksc_derived_kk_v2_kazemotts:a4f2e0715e9f8e76,processed/af/af4d090becdb733146a924634537bee6c50722be7e1ad9a6eea519eb753318c2.wav,00349e6be1a97e194043637f04192336afb39865538724faa0a63938014d403d,test,spoof,kk,unknown,ksc_derived_kk_v2_kazemotts:profile:kazemotts_gradtts_hifigan:M1:surprise,ksc_derived_kk_v2_kazemotts,KSC text CC-BY-4.0; KazEmoTTS model CC-BY-4.0,Offline derivative for personal research from KSC transcript ksc_slr102:5f5a5c1a72ad3; KazEmoTTS dataset and model CC-BY-4.0; upstream source archive used only for local inference; no voice cloning,ksc_derived_kk_v2_kazemotts:synthetic-voice:kazemotts_gradtts_hifigan:M1:surprise,ksc_slr102:5f5a5c1a72ad3,b56a68fb57b085c83f6745ae52c1dc318cdbe55423178b959a5aa37b69db59ab,4.388625,gradtts_hifigan_emotional_tts,ISSAI KazEmoTTS Grad-TTS + HiFi-GAN,KazEmoTTS source-revision-0db250b2ebd95c0de7f8fb7ccba9fd65d4815115; checkpoints-2024-03-11,kazemotts_gradtts_hifigan:M1:surprise,not_applicable:pretrained-tts-no-local-voice-cloning,local_cuda_kazemotts_gradtts_hifigan,offline_neural_tts,22050,wav,none,tts_seed=1219565157,2026-08-10T00:00:00Z
ksc_derived_kk_v2_kazemotts:cb34a1a828a52e0d,processed/55/552c4cdf02609492c38a972c24f9562e668ee6b7e3e2c3fa02669c1d11ef5f09.wav,ccb99777477e6cf29a56a081b59ff54601525dc8e25051855586bc676fccb8b4,test,spoof,kk,unknown,ksc_derived_kk_v2_kazemotts:profile:kazemotts_gradtts_hifigan:M1:fear,ksc_derived_kk_v2_kazemotts,KSC text CC-BY-4.0; KazEmoTTS model CC-BY-4.0,Offline derivative for personal research from KSC transcript ksc_slr102:5f618b27cc16f; KazEmoTTS dataset and model CC-BY-4.0; upstream source archive used only for local inference; no voice cloning,ksc_derived_kk_v2_kazemotts:synthetic-voice:kazemotts_gradtts_hifigan:M1:fear,ksc_slr102:5f618b27cc16f,de4c88996eae1835ffbee1b8aa0afd11454080ba6eab28255f298f5b1ed1ede4,3.0766875,gradtts_hifigan_emotional_tts,ISSAI KazEmoTTS Grad-TTS + HiFi-GAN,KazEmoTTS source-revision-0db250b2ebd95c0de7f8fb7ccba9fd65d4815115; checkpoints-2024-03-11,kazemotts_gradtts_hifigan:M1:fear,not_applicable:pretrained-tts-no-local-voice-cloning,local_cuda_kazemotts_gradtts_hifigan,offline_neural_tts,22050,wav,none,tts_seed=324367345,2026-08-10T00:00:00Z
ksc_derived_kk_v2_kazemotts:c095e214719dd038,processed/0f/0fd62fa0ce47efa380ac1fc59e8ae7bd352f09831d27814c5d48629f052cf33d.wav,f14de1413621d23f91bf0d0ddb311259571305c5a6ea0aa5249347baa3445b12,test,spoof,kk,unknown,ksc_derived_kk_v2_kazemotts:profile:kazemotts_gradtts_hifigan:M1:happy,ksc_derived_kk_v2_kazemotts,KSC text CC-BY-4.0; KazEmoTTS model CC-BY-4.0,Offline derivative for personal research from KSC transcript ksc_slr102:5f60ffde7968f; KazEmoTTS dataset and model CC-BY-4.0; upstream source archive used only for local inference; no voice cloning,ksc_derived_kk_v2_kazemotts:synthetic-voice:kazemotts_gradtts_hifigan:M1:happy,ksc_slr102:5f60ffde7968f,663bf038cba6e08ee80ecef52b28c14220a285ef1e3cd6dbb269ba353c13782d,8.52175,gradtts_hifigan_emotional_tts,ISSAI KazEmoTTS Grad-TTS + HiFi-GAN,KazEmoTTS source-revision-0db250b2ebd95c0de7f8fb7ccba9fd65d4815115; checkpoints-2024-03-11,kazemotts_gradtts_hifigan:M1:happy,not_applicable:pretrained-tts-no-local-voice-cloning,local_cuda_kazemotts_gradtts_hifigan,offline_neural_tts,22050,wav,none,tts_seed=2041714058,2026-08-10T00:00:00Z
ksc_derived_kk_v2_kazemotts:28e310ec40ba2614,processed/ac/ac3b2de971e65f1548273da6ab820497adac8b4ab48d9ca4549aeb36904b20e6.wav,7d78a3484162e72c371a0ebcdfe36e0a151d82e76873c05eb9c26161e9ea3b47,test,spoof,kk,unknown,ksc_derived_kk_v2_kazemotts:profile:kazemotts_gradtts_hifigan:M1:neutral,ksc_derived_kk_v2_kazemotts,KSC text CC-BY-4.0; KazEmoTTS model CC-BY-4.0,Offline derivative for personal research from KSC transcript ksc_slr102:5f60665a0ca27; KazEmoTTS dataset and model CC-BY-4.0; upstream source archive used only for local inference; no voice cloning,ksc_derived_kk_v2_kazemotts:synthetic-voice:kazemotts_gradtts_hifigan:M1:neutral,ksc_slr102:5f60665a0ca27,f1b2fcc7385c62db5e24b1b8782a8d3d229cd80a1b75818360ec99dc23b07874,3.8776875,gradtts_hifigan_emotional_tts,ISSAI KazEmoTTS Grad-TTS + HiFi-GAN,KazEmoTTS source-revision-0db250b2ebd95c0de7f8fb7ccba9fd65d4815115; checkpoints-2024-03-11,kazemotts_gradtts_hifigan:M1:neutral,not_applicable:pretrained-tts-no-local-voice-cloning,local_cuda_kazemotts_gradtts_hifigan,offline_neural_tts,22050,wav,none,tts_seed=1152280521,2026-08-10T00:00:00Z
ksc_derived_kk_v2_kazemotts:4dc68b7b466946bc,processed/16/1685ab325d323181cea4a675c951ac9b5177956944f18bc2017da3623e413276.wav,f1edbe25fa8991134e8623c62bd61ea1a1dc5cd35d5343d4ac086ff522fa9456,test,spoof,kk,unknown,ksc_derived_kk_v2_kazemotts:profile:kazemotts_gradtts_hifigan:M1:sad,ksc_derived_kk_v2_kazemotts,KSC text CC-BY-4.0; KazEmoTTS model CC-BY-4.0,Offline derivative for personal research from KSC transcript ksc_slr102:5f58daa5645e8; KazEmoTTS dataset and model CC-BY-4.0; upstream source archive used only for local inference; no voice cloning,ksc_derived_kk_v2_kazemotts:synthetic-voice:kazemotts_gradtts_hifigan:M1:sad,ksc_slr102:5f58daa5645e8,1d7bc3bb41d6dfaa00a517f824bd0e18eefae193745c9a5ea3fd4767fcd79c44,7.7206875,gradtts_hifigan_emotional_tts,ISSAI KazEmoTTS Grad-TTS + HiFi-GAN,KazEmoTTS source-revision-0db250b2ebd95c0de7f8fb7ccba9fd65d4815115; checkpoints-2024-03-11,kazemotts_gradtts_hifigan:M1:sad,not_applicable:pretrained-tts-no-local-voice-cloning,local_cuda_kazemotts_gradtts_hifigan,offline_neural_tts,22050,wav,none,tts_seed=1648423058,2026-08-10T00:00:00Z
ksc_derived_kk_v2_kazemotts:993c607e202c6f60,processed/67/67ffabeda9a89fd5335fd2c29ebda7db9ebc8615bc5b74abdec2806d965b079d.wav,7838e16bf4203b61d95458c3db0e9ba49ab84b079ba2f0dafc78bef274865889,test,spoof,kk,unknown,ksc_derived_kk_v2_kazemotts:profile:kazemotts_gradtts_hifigan:F1:angry,ksc_derived_kk_v2_kazemotts,KSC text CC-BY-4.0; KazEmoTTS model CC-BY-4.0,Offline derivative for personal research from KSC transcript ksc_slr102:5f2b08b31c640; KazEmoTTS dataset and model CC-BY-4.0; upstream source archive used only for local inference; no voice cloning,ksc_derived_kk_v2_kazemotts:synthetic-voice:kazemotts_gradtts_hifigan:F1:angry,ksc_slr102:5f2b08b31c640,ff0f5dc6f8c003513e6790851fae3a678831121237e6b1b623eaf484a3ca0e85,7.6045625,gradtts_hifigan_emotional_tts,ISSAI KazEmoTTS Grad-TTS + HiFi-GAN,KazEmoTTS source-revision-0db250b2ebd95c0de7f8fb7ccba9fd65d4815115; checkpoints-2024-03-11,kazemotts_gradtts_hifigan:F1:angry,not_applicable:pretrained-tts-no-local-voice-cloning,local_cuda_kazemotts_gradtts_hifigan,offline_neural_tts,22050,wav,none,tts_seed=1745124576,2026-08-10T00:00:00Z
ksc_derived_kk_v2_kazemotts:5a8261f90ce19805,processed/fd/fd1c66018abd4a0baf0460422442eb0e9bf43beffd31ea2742f06e4762696b15.wav,9eb28d177ad714296287d718a60bf1602289e2d0360c358c61603599917a4c1f,test,spoof,kk,unknown,ksc_derived_kk_v2_kazemotts:profile:kazemotts_gradtts_hifigan:F1:surprise,ksc_derived_kk_v2_kazemotts,KSC text CC-BY-4.0; KazEmoTTS model CC-BY-4.0,Offline derivative for personal research from KSC transcript ksc_slr102:5f5fbd49b4ca3; KazEmoTTS dataset and model CC-BY-4.0; upstream source archive used only for local inference; no voice cloning,ksc_derived_kk_v2_kazemotts:synthetic-voice:kazemotts_gradtts_hifigan:F1:surprise,ksc_slr102:5f5fbd49b4ca3,287c8e0d83c6a64be9a7fe8ae2b52559914903f058a0faed277c427ea3c5f02d,10.15875,gradtts_hifigan_emotional_tts,ISSAI KazEmoTTS Grad-TTS + HiFi-GAN,KazEmoTTS source-revision-0db250b2ebd95c0de7f8fb7ccba9fd65d4815115; checkpoints-2024-03-11,kazemotts_gradtts_hifigan:F1:surprise,not_applicable:pretrained-tts-no-local-voice-cloning,local_cuda_kazemotts_gradtts_hifigan,offline_neural_tts,22050,wav,none,tts_seed=1348741240,2026-08-10T00:00:00Z
ksc_derived_kk_v2_kazemotts:fc528e1c0f980c28,processed/78/789156088648be992390c3a657463638f60da09f9cfb9cc6a2a8fdc0836eccea.wav,fb0381e9ff946069db84957b2177e663fd7e591dec24f41e42405bc070223ba4,test,spoof,kk,unknown,ksc_derived_kk_v2_kazemotts:profile:kazemotts_gradtts_hifigan:F1:fear,ksc_derived_kk_v2_kazemotts,KSC text CC-BY-4.0; KazEmoTTS model CC-BY-4.0,Offline derivative for personal research from KSC transcript ksc_slr102:5f61e4447b80f; KazEmoTTS dataset and model CC-BY-4.0; upstream source archive used only for local inference; no voice cloning,ksc_derived_kk_v2_kazemotts:synthetic-voice:kazemotts_gradtts_hifigan:F1:fear,ksc_slr102:5f61e4447b80f,a082ba79226b135204263265a02fc75429ff9454c4fe18018bfc58578d2132af,3.7500625,gradtts_hifigan_emotional_tts,ISSAI KazEmoTTS Grad-TTS + HiFi-GAN,KazEmoTTS source-revision-0db250b2ebd95c0de7f8fb7ccba9fd65d4815115; checkpoints-2024-03-11,kazemotts_gradtts_hifigan:F1:fear,not_applicable:pretrained-tts-no-local-voice-cloning,local_cuda_kazemotts_gradtts_hifigan,offline_neural_tts,22050,wav,none,tts_seed=2114722445,2026-08-10T00:00:00Z
ksc_derived_kk_v2_kazemotts:51b9af31f65b4e36,processed/30/3042c01a9cb9d4c9255352a8b033660a4030ebbc09b326aef3d332ae3ecd7c80.wav,c8499fe7dccff1b79e576e25822a98537f0a6454ab49897bf69d8515667531f6,test,spoof,kk,unknown,ksc_derived_kk_v2_kazemotts:profile:kazemotts_gradtts_hifigan:F1:sad,ksc_derived_kk_v2_kazemotts,KSC text CC-BY-4.0; KazEmoTTS model CC-BY-4.0,Offline derivative for personal research from KSC transcript ksc_slr102:5f579a11dbe6c; KazEmoTTS dataset and model CC-BY-4.0; upstream source archive used only for local inference; no voice cloning,ksc_derived_kk_v2_kazemotts:synthetic-voice:kazemotts_gradtts_hifigan:F1:sad,ksc_slr102:5f579a11dbe6c,d9662cde61d673c48c203d0e116e025d1cbd51b7486eb818d48af53b1abba1d5,4.4234375,gradtts_hifigan_emotional_tts,ISSAI KazEmoTTS Grad-TTS + HiFi-GAN,KazEmoTTS source-revision-0db250b2ebd95c0de7f8fb7ccba9fd65d4815115; checkpoints-2024-03-11,kazemotts_gradtts_hifigan:F1:sad,not_applicable:pretrained-tts-no-local-voice-cloning,local_cuda_kazemotts_gradtts_hifigan,offline_neural_tts,22050,wav,none,tts_seed=1275980887,2026-08-10T00:00:00Z
ksc_derived_kk_v2_kazemotts:2e38c5623f26d9ef,processed/47/47a044eeecbda4aea5ea595600f97cbb28ed799685d3f24a485a54c77ad73bbd.wav,c4a66d0bd7216b5968947f6eeeba43e8aae15fee5fde0ca8f2def6c8c3d43705,test,spoof,kk,unknown,ksc_derived_kk_v2_kazemotts:profile:kazemotts_gradtts_hifigan:M2:angry,ksc_derived_kk_v2_kazemotts,KSC text CC-BY-4.0; KazEmoTTS model CC-BY-4.0,Offline derivative for personal research from KSC transcript ksc_slr102:5f60c6927dcf9; KazEmoTTS dataset and model CC-BY-4.0; upstream source archive used only for local inference; no voice cloning,ksc_derived_kk_v2_kazemotts:synthetic-voice:kazemotts_gradtts_hifigan:M2:angry,ksc_slr102:5f60c6927dcf9,cb93e9da13d2b6d5255df211f56bb9ea700e49f67741c594281ea8887aad2fe5,7.6161875,gradtts_hifigan_emotional_tts,ISSAI KazEmoTTS Grad-TTS + HiFi-GAN,KazEmoTTS source-revision-0db250b2ebd95c0de7f8fb7ccba9fd65d4815115; checkpoints-2024-03-11,kazemotts_gradtts_hifigan:M2:angry,not_applicable:pretrained-tts-no-local-voice-cloning,local_cuda_kazemotts_gradtts_hifigan,offline_neural_tts,22050,wav,none,tts_seed=897578165,2026-08-10T00:00:00Z
ksc_derived_kk_v2_kazemotts:5df47ceeaf5951e9,processed/ce/ced678e186c26ade220fd9bd3fd94317b9cdf658e00166778b91878f148a3355.wav,7cca3ee3660bc01b568072d293cab873fae757b3b55c87ebdf0b0edc05cb730f,test,spoof,kk,unknown,ksc_derived_kk_v2_kazemotts:profile:kazemotts_gradtts_hifigan:M2:surprise,ksc_derived_kk_v2_kazemotts,KSC text CC-BY-4.0; KazEmoTTS model CC-BY-4.0,Offline derivative for personal research from KSC transcript ksc_slr102:5fa3bc6614ccc; KazEmoTTS dataset and model CC-BY-4.0; upstream source archive used only for local inference; no voice cloning,ksc_derived_kk_v2_kazemotts:synthetic-voice:kazemotts_gradtts_hifigan:M2:surprise,ksc_slr102:5fa3bc6614ccc,dc2aa038d014e662ba00a7a1b7c6a1ca0f26bf3463d272da86a4051b6d1b0173,2.6006875,gradtts_hifigan_emotional_tts,ISSAI KazEmoTTS Grad-TTS + HiFi-GAN,KazEmoTTS source-revision-0db250b2ebd95c0de7f8fb7ccba9fd65d4815115; checkpoints-2024-03-11,kazemotts_gradtts_hifigan:M2:surprise,not_applicable:pretrained-tts-no-local-voice-cloning,local_cuda_kazemotts_gradtts_hifigan,offline_neural_tts,22050,wav,none,tts_seed=714085526,2026-08-10T00:00:00Z
ksc_derived_kk_v2_kazemotts:4c5434c9dbbe0f4f,processed/5b/5b7a3b76edd50a5c353c6a5d0c8e634de9790133839d0803399d150102237ec7.wav,e0018ae73d0f77a929e32ec17272f24ecbc16dbff4bea64bc604b3022ab97deb,test,spoof,kk,unknown,ksc_derived_kk_v2_kazemotts:profile:kazemotts_gradtts_hifigan:M2:fear,ksc_derived_kk_v2_kazemotts,KSC text CC-BY-4.0; KazEmoTTS model CC-BY-4.0,Offline derivative for personal research from KSC transcript ksc_slr102:5f61863f02791; KazEmoTTS dataset and model CC-BY-4.0; upstream source archive used only for local inference; no voice cloning,ksc_derived_kk_v2_kazemotts:synthetic-voice:kazemotts_gradtts_hifigan:M2:fear,ksc_slr102:5f61863f02791,fc0a85aeba3f6a30293fde32bb5498a40f630a3f925613266fb4d20045b88d8a,5.7585625,gradtts_hifigan_emotional_tts,ISSAI KazEmoTTS Grad-TTS + HiFi-GAN,KazEmoTTS source-revision-0db250b2ebd95c0de7f8fb7ccba9fd65d4815115; checkpoints-2024-03-11,kazemotts_gradtts_hifigan:M2:fear,not_applicable:pretrained-tts-no-local-voice-cloning,local_cuda_kazemotts_gradtts_hifigan,offline_neural_tts,22050,wav,none,tts_seed=16723887,2026-08-10T00:00:00Z
ksc_derived_kk_v2_kazemotts:01d0db610e14967f,processed/68/681c7b124b3908e8ee2a57c83fbb723be4ef8f2a04a83498c7d63dba497cbd81.wav,556877adf9361b305c809eeb1a65e01812a3c3482f00a2a1e23e3b0a71e1a5df,test,spoof,kk,unknown,ksc_derived_kk_v2_kazemotts:profile:kazemotts_gradtts_hifigan:M2:happy,ksc_derived_kk_v2_kazemotts,KSC text CC-BY-4.0; KazEmoTTS model CC-BY-4.0,Offline derivative for personal research from KSC transcript ksc_slr102:5f61e241d656c; KazEmoTTS dataset and model CC-BY-4.0; upstream source archive used only for local inference; no voice cloning,ksc_derived_kk_v2_kazemotts:synthetic-voice:kazemotts_gradtts_hifigan:M2:happy,ksc_slr102:5f61e241d656c,c97001e3483a05e8acb51661a1616d31ac3368e2c557ed9739d48c0776f50572,7.7786875,gradtts_hifigan_emotional_tts,ISSAI KazEmoTTS Grad-TTS + HiFi-GAN,KazEmoTTS source-revision-0db250b2ebd95c0de7f8fb7ccba9fd65d4815115; checkpoints-2024-03-11,kazemotts_gradtts_hifigan:M2:happy,not_applicable:pretrained-tts-no-local-voice-cloning,local_cuda_kazemotts_gradtts_hifigan,offline_neural_tts,22050,wav,none,tts_seed=231898939,2026-08-10T00:00:00Z
ksc_derived_kk_v2_kazemotts:34639d8b863861fd,processed/79/79263afe633aba73ad89f73b2ab2e50b7f5d93a88d5a7d96a58380311ac62e1a.wav,82063063081357fc9f87492f5d83401e0cf321c2fb475c4a42805c354e054c78,test,spoof,kk,unknown,ksc_derived_kk_v2_kazemotts:profile:kazemotts_gradtts_hifigan:M2:neutral,ksc_derived_kk_v2_kazemotts,KSC text CC-BY-4.0; KazEmoTTS model CC-BY-4.0,Offline derivative for personal research from KSC transcript ksc_slr102:5f60adcae232f; KazEmoTTS dataset and model CC-BY-4.0; upstream source archive used only for local inference; no voice cloning,ksc_derived_kk_v2_kazemotts:synthetic-voice:kazemotts_gradtts_hifigan:M2:neutral,ksc_slr102:5f60adcae232f,bec2fb1fcbc3c05ff083472f71573af24140467c75a592a4e5c03f2ba6e5884f,3.494625,gradtts_hifigan_emotional_tts,ISSAI KazEmoTTS Grad-TTS + HiFi-GAN,KazEmoTTS source-revision-0db250b2ebd95c0de7f8fb7ccba9fd65d4815115; checkpoints-2024-03-11,kazemotts_gradtts_hifigan:M2:neutral,not_applicable:pretrained-tts-no-local-voice-cloning,local_cuda_kazemotts_gradtts_hifigan,offline_neural_tts,22050,wav,none,tts_seed=1883924877,2026-08-10T00:00:00Z
ksc_derived_kk_v2_kazemotts:1a4ada6bcc26f36a,processed/b7/b7d5b1bd65a99fa6a4953b911161672f355af94ae4c3f03a26f65c1c1c777d1b.wav,10ac6dc0daa4729b6db5b3b60d947a63e61e5fe36faf4de94af5333a85431c85,test,spoof,kk,unknown,ksc_derived_kk_v2_kazemotts:profile:kazemotts_gradtts_hifigan:M2:sad,ksc_derived_kk_v2_kazemotts,KSC text CC-BY-4.0; KazEmoTTS model CC-BY-4.0,Offline derivative for personal research from KSC transcript ksc_slr102:5f59bf2da2630; KazEmoTTS dataset and model CC-BY-4.0; upstream source archive used only for local inference; no voice cloning,ksc_derived_kk_v2_kazemotts:synthetic-voice:kazemotts_gradtts_hifigan:M2:sad,ksc_slr102:5f59bf2da2630,45fc92aafc31eb8417edc47c0dd2e220eb77f363b3bce24fee07205acd974336,6.002375,gradtts_hifigan_emotional_tts,ISSAI KazEmoTTS Grad-TTS + HiFi-GAN,KazEmoTTS source-revision-0db250b2ebd95c0de7f8fb7ccba9fd65d4815115; checkpoints-2024-03-11,kazemotts_gradtts_hifigan:M2:sad,not_applicable:pretrained-tts-no-local-voice-cloning,local_cuda_kazemotts_gradtts_hifigan,offline_neural_tts,22050,wav,none,tts_seed=105781873,2026-08-10T00:00:00Z
ksc_derived_kk_v2_kazemotts:74ba789021c38220,processed/c3/c36001cd8ca97f373c6c36c4c220a46812a10eef5b801327fd91b6d86fa7a8ce.wav,35691cfcec322947516114085b34c218c2403cfbf2cf41f8805b41e2faa1f87d,test,spoof,kk,unknown,ksc_derived_kk_v2_kazemotts:profile:kazemotts_gradtts_hifigan:M1:angry,ksc_derived_kk_v2_kazemotts,KSC text CC-BY-4.0; KazEmoTTS model CC-BY-4.0,Offline derivative for personal research from KSC transcript ksc_slr102:5f61827931549; KazEmoTTS dataset and model CC-BY-4.0; upstream source archive used only for local inference; no voice cloning,ksc_derived_kk_v2_kazemotts:synthetic-voice:kazemotts_gradtts_hifigan:M1:angry,ksc_slr102:5f61827931549,c81b47427dcd4e5f768cc3f1a7e05a4dd6e89cb01edbf95e83aa59ba0c060b59,3.50625,gradtts_hifigan_emotional_tts,ISSAI KazEmoTTS Grad-TTS + HiFi-GAN,KazEmoTTS source-revision-0db250b2ebd95c0de7f8fb7ccba9fd65d4815115; checkpoints-2024-03-11,kazemotts_gradtts_hifigan:M1:angry,not_applicable:pretrained-tts-no-local-voice-cloning,local_cuda_kazemotts_gradtts_hifigan,offline_neural_tts,22050,wav,none,tts_seed=85572097,2026-08-10T00:00:00Z
ksc_derived_kk_v2_kazemotts:bebae81e06997479,processed/75/7502962ea15bc6b7a2d4d9735b70393fe0b95f9e9e2457f4e2f613edc9fb2e44.wav,40f6201b9c16b7623014aa0e2a53c034cda0dba4dd99f2a15e5236f6288ef4d9,test,spoof,kk,unknown,ksc_derived_kk_v2_kazemotts:profile:kazemotts_gradtts_hifigan:M1:surprise,ksc_derived_kk_v2_kazemotts,KSC text CC-BY-4.0; KazEmoTTS model CC-BY-4.0,Offline derivative for personal research from KSC transcript ksc_slr102:5f5f40cb8567e; KazEmoTTS dataset and model CC-BY-4.0; upstream source archive used only for local inference; no voice cloning,ksc_derived_kk_v2_kazemotts:synthetic-voice:kazemotts_gradtts_hifigan:M1:surprise,ksc_slr102:5f5f40cb8567e,30ec2f3b0069380cfac9d5fe8d41e75ef1ae085f6a38e423a0895e8e6ce2c3d4,5.03875,gradtts_hifigan_emotional_tts,ISSAI KazEmoTTS Grad-TTS + HiFi-GAN,KazEmoTTS source-revision-0db250b2ebd95c0de7f8fb7ccba9fd65d4815115; checkpoints-2024-03-11,kazemotts_gradtts_hifigan:M1:surprise,not_applicable:pretrained-tts-no-local-voice-cloning,local_cuda_kazemotts_gradtts_hifigan,offline_neural_tts,22050,wav,none,tts_seed=105333764,2026-08-10T00:00:00Z
ksc_derived_kk_v2_kazemotts:1fbd904428380c71,processed/db/dbd8578c8f9bb0ed46e23a092c81b878d0494a901ebe9740fa6b746322967d95.wav,13e9533a295521c97a1ea3460b43b5f2f5dc3577737722c5a944776bcea86bff,test,spoof,kk,unknown,ksc_derived_kk_v2_kazemotts:profile:kazemotts_gradtts_hifigan:M1:fear,ksc_derived_kk_v2_kazemotts,KSC text CC-BY-4.0; KazEmoTTS model CC-BY-4.0,Offline derivative for personal research from KSC transcript ksc_slr102:5f60fccd073cc; KazEmoTTS dataset and model CC-BY-4.0; upstream source archive used only for local inference; no voice cloning,ksc_derived_kk_v2_kazemotts:synthetic-voice:kazemotts_gradtts_hifigan:M1:fear,ksc_slr102:5f60fccd073cc,42d552f2909b891574af2017db2424507f6d29520fb79547b92a320153213e84,8.3824375,gradtts_hifigan_emotional_tts,ISSAI KazEmoTTS Grad-TTS + HiFi-GAN,KazEmoTTS source-revision-0db250b2ebd95c0de7f8fb7ccba9fd65d4815115; checkpoints-2024-03-11,kazemotts_gradtts_hifigan:M1:fear,not_applicable:pretrained-tts-no-local-voice-cloning,local_cuda_kazemotts_gradtts_hifigan,offline_neural_tts,22050,wav,none,tts_seed=852100477,2026-08-10T00:00:00Z
ksc_derived_kk_v2_kazemotts:41b72b65c08bfb13,processed/64/640119e72abd3b655110318a917eb81a4bf66354bf45692a41ef282a93b1e4f0.wav,337665d92dda2fbfa5069e5638e64d2182d4eee3c96301f3bc488e9c2a014921,test,spoof,kk,unknown,ksc_derived_kk_v2_kazemotts:profile:kazemotts_gradtts_hifigan:M1:happy,ksc_derived_kk_v2_kazemotts,KSC text CC-BY-4.0; KazEmoTTS model CC-BY-4.0,Offline derivative for personal research from KSC transcript ksc_slr102:5f57a79429577; KazEmoTTS dataset and model CC-BY-4.0; upstream source archive used only for local inference; no voice cloning,ksc_derived_kk_v2_kazemotts:synthetic-voice:kazemotts_gradtts_hifigan:M1:happy,ksc_slr102:5f57a79429577,f5fc627b8498d13f92175027d1c13f95e3ed0131984e71b6ac48ca8cd37da634,12.3530625,gradtts_hifigan_emotional_tts,ISSAI KazEmoTTS Grad-TTS + HiFi-GAN,KazEmoTTS source-revision-0db250b2ebd95c0de7f8fb7ccba9fd65d4815115; checkpoints-2024-03-11,kazemotts_gradtts_hifigan:M1:happy,not_applicable:pretrained-tts-no-local-voice-cloning,local_cuda_kazemotts_gradtts_hifigan,offline_neural_tts,22050,wav,none,tts_seed=757769002,2026-08-10T00:00:00Z
ksc_derived_kk_v2_kazemotts:ae0f1f7be7451ef8,processed/bd/bd64e634d7a25cb82ac488bd73bd72d987a3f23bcdfd113983237f3703911d1f.wav,f508c8080a042cd5ee100a4b6e7d90f689835ee1660755780e26d2f19c965445,test,spoof,kk,unknown,ksc_derived_kk_v2_kazemotts:profile:kazemotts_gradtts_hifigan:M1:neutral,ksc_derived_kk_v2_kazemotts,KSC text CC-BY-4.0; KazEmoTTS model CC-BY-4.0,Offline derivative for personal research from KSC transcript ksc_slr102:5f579393d479b; KazEmoTTS dataset and model CC-BY-4.0; upstream source archive used only for local inference; no voice cloning,ksc_derived_kk_v2_kazemotts:synthetic-voice:kazemotts_gradtts_hifigan:M1:neutral,ksc_slr102:5f579393d479b,97ccc540909987d9a85d6b8f63deec5b839c065a7660bd8ae15459ec18aa0dd8,4.56275,gradtts_hifigan_emotional_tts,ISSAI KazEmoTTS Grad-TTS + HiFi-GAN,KazEmoTTS source-revision-0db250b2ebd95c0de7f8fb7ccba9fd65d4815115; checkpoints-2024-03-11,kazemotts_gradtts_hifigan:M1:neutral,not_applicable:pretrained-tts-no-local-voice-cloning,local_cuda_kazemotts_gradtts_hifigan,offline_neural_tts,22050,wav,none,tts_seed=1815728218,2026-08-10T00:00:00Z
ksc_derived_kk_v2_kazemotts:782968f29e30c67a,processed/8f/8fc540159b68f900678e3d2d0b5dfc395abdcc15bd446e8ee88045e2420f4608.wav,355e89045448e75b8d3444270494653571e02d06050b3cdf330916961f84d4b3,test,spoof,kk,unknown,ksc_derived_kk_v2_kazemotts:profile:kazemotts_gradtts_hifigan:F1:angry,ksc_derived_kk_v2_kazemotts,KSC text CC-BY-4.0; KazEmoTTS model CC-BY-4.0,Offline derivative for personal research from KSC transcript ksc_slr102:5f5f4552c9862; KazEmoTTS dataset and model CC-BY-4.0; upstream source archive used only for local inference; no voice cloning,ksc_derived_kk_v2_kazemotts:synthetic-voice:kazemotts_gradtts_hifigan:F1:angry,ksc_slr102:5f5f4552c9862,2f8b37bd907400a5aa40529be26f08b8fa8dd453a11375f15af1b0c680131182,2.5658125,gradtts_hifigan_emotional_tts,ISSAI KazEmoTTS Grad-TTS + HiFi-GAN,KazEmoTTS source-revision-0db250b2ebd95c0de7f8fb7ccba9fd65d4815115; checkpoints-2024-03-11,kazemotts_gradtts_hifigan:F1:angry,not_applicable:pretrained-tts-no-local-voice-cloning,local_cuda_kazemotts_gradtts_hifigan,offline_neural_tts,22050,wav,none,tts_seed=389698922,2026-08-10T00:00:00Z
ksc_derived_kk_v2_kazemotts:46878c8abf701c50,processed/1f/1fcbb5a125b07f8bfd210430c40763c19ba5695cd882e6f2128e3e77841f1581.wav,0516aa51b7acfde970e71f5cdf88b5be385dbd718655d7f3863e90bfb1e3af39,test,spoof,kk,unknown,ksc_derived_kk_v2_kazemotts:profile:kazemotts_gradtts_hifigan:F1:surprise,ksc_derived_kk_v2_kazemotts,KSC text CC-BY-4.0; KazEmoTTS model CC-BY-4.0,Offline derivative for personal research from KSC transcript ksc_slr102:5f60b00c5990e; KazEmoTTS dataset and model CC-BY-4.0; upstream source archive used only for local inference; no voice cloning,ksc_derived_kk_v2_kazemotts:synthetic-voice:kazemotts_gradtts_hifigan:F1:surprise,ksc_slr102:5f60b00c5990e,aefdc189ad8d2e766da117ea43965b624eb094320ee05deb12af0f4081cc121b,5.154875,gradtts_hifigan_emotional_tts,ISSAI KazEmoTTS Grad-TTS + HiFi-GAN,KazEmoTTS source-revision-0db250b2ebd95c0de7f8fb7ccba9fd65d4815115; checkpoints-2024-03-11,kazemotts_gradtts_hifigan:F1:surprise,not_applicable:pretrained-tts-no-local-voice-cloning,local_cuda_kazemotts_gradtts_hifigan,offline_neural_tts,22050,wav,none,tts_seed=1702857252,2026-08-10T00:00:00Z
ksc_derived_kk_v2_kazemotts:bc8c0064a297aec2,processed/e2/e2856902682d2e2280dafc25f5ee453166a85981f788ea9faf97accd70b84935.wav,956f5a50dcfe8beb03578fa1c2f19c8b896c9ac32650d3d09c19dc5179cb45a9,test,spoof,kk,unknown,ksc_derived_kk_v2_kazemotts:profile:kazemotts_gradtts_hifigan:F1:fear,ksc_derived_kk_v2_kazemotts,KSC text CC-BY-4.0; KazEmoTTS model CC-BY-4.0,Offline derivative for personal research from KSC transcript ksc_slr102:5f60ddd7ea7bc; KazEmoTTS dataset and model CC-BY-4.0; upstream source archive used only for local inference; no voice cloning,ksc_derived_kk_v2_kazemotts:synthetic-voice:kazemotts_gradtts_hifigan:F1:fear,ksc_slr102:5f60ddd7ea7bc,cbacd45261609daf6debb01594a91e612c2d800dd1ae595b5b11b65266c8eadd,3.8313125,gradtts_hifigan_emotional_tts,ISSAI KazEmoTTS Grad-TTS + HiFi-GAN,KazEmoTTS source-revision-0db250b2ebd95c0de7f8fb7ccba9fd65d4815115; checkpoints-2024-03-11,kazemotts_gradtts_hifigan:F1:fear,not_applicable:pretrained-tts-no-local-voice-cloning,local_cuda_kazemotts_gradtts_hifigan,offline_neural_tts,22050,wav,none,tts_seed=1385881267,2026-08-10T00:00:00Z
ksc_derived_kk_v2_kazemotts:cbecf153fbd16623,processed/2f/2f7f876429560632e0ad5648ef5a8e0bfb32285538c33de94356e8bd7eb16edb.wav,2d91492892c3028a8c686c3b1239c44ff0902cf535404fe26294339fd8d534e1,test,spoof,kk,unknown,ksc_derived_kk_v2_kazemotts:profile:kazemotts_gradtts_hifigan:F1:happy,ksc_derived_kk_v2_kazemotts,KSC text CC-BY-4.0; KazEmoTTS model CC-BY-4.0,Offline derivative for personal research from KSC transcript ksc_slr102:5f60e63ce1286; KazEmoTTS dataset and model CC-BY-4.0; upstream source archive used only for local inference; no voice cloning,ksc_derived_kk_v2_kazemotts:synthetic-voice:kazemotts_gradtts_hifigan:F1:happy,ksc_slr102:5f60e63ce1286,330146c436941c02977e0a8e36b40069b5dc71ca8ba9c46a6bf44f035e7ef000,5.921125,gradtts_hifigan_emotional_tts,ISSAI KazEmoTTS Grad-TTS + HiFi-GAN,KazEmoTTS source-revision-0db250b2ebd95c0de7f8fb7ccba9fd65d4815115; checkpoints-2024-03-11,kazemotts_gradtts_hifigan:F1:happy,not_applicable:pretrained-tts-no-local-voice-cloning,local_cuda_kazemotts_gradtts_hifigan,offline_neural_tts,22050,wav,none,tts_seed=457544769,2026-08-10T00:00:00Z
ksc_derived_kk_v2_kazemotts:bcdffb4ea869f71a,processed/6a/6a84dafb4132efc3742fcdb2ab8572d45b3ff7f68c5b8377aaece670e00e3595.wav,66efef41bfcd2a6861334a785dcf3b9d2b27f4833e9dbe2bfc2bd91d4ddd48ea,test,spoof,kk,unknown,ksc_derived_kk_v2_kazemotts:profile:kazemotts_gradtts_hifigan:F1:neutral,ksc_derived_kk_v2_kazemotts,KSC text CC-BY-4.0; KazEmoTTS model CC-BY-4.0,Offline derivative for personal research from KSC transcript ksc_slr102:5f5c91e18723b; KazEmoTTS dataset and model CC-BY-4.0; upstream source archive used only for local inference; no voice cloning,ksc_derived_kk_v2_kazemotts:synthetic-voice:kazemotts_gradtts_hifigan:F1:neutral,ksc_slr102:5f5c91e18723b,a9368d92b66c5c6384e52f95516d63f2f0acea07fce2562db46a54af1d27d279,6.9311875,gradtts_hifigan_emotional_tts,ISSAI KazEmoTTS Grad-TTS + HiFi-GAN,KazEmoTTS source-revision-0db250b2ebd95c0de7f8fb7ccba9fd65d4815115; checkpoints-2024-03-11,kazemotts_gradtts_hifigan:F1:neutral,not_applicable:pretrained-tts-no-local-voice-cloning,local_cuda_kazemotts_gradtts_hifigan,offline_neural_tts,22050,wav,none,tts_seed=1298892015,2026-08-10T00:00:00Z
ksc_derived_kk_v2_kazemotts:e809bbfdbf01848a,processed/0e/0ed419d60921ed4d2ae0daddaf1d6a4a25644a6c30b24ac2dab67497e59eead1.wav,512a31bd8f5eca16f7acaa6553e67a69d7d9bf2d0c4ae86d656f7071debe6366,test,spoof,kk,unknown,ksc_derived_kk_v2_kazemotts:profile:kazemotts_gradtts_hifigan:F1:sad,ksc_derived_kk_v2_kazemotts,KSC text CC-BY-4.0; KazEmoTTS model CC-BY-4.0,Offline derivative for personal research from KSC transcript ksc_slr102:5f609ac2c4cb9; KazEmoTTS dataset and model CC-BY-4.0; upstream source archive used only for local inference; no voice cloning,ksc_derived_kk_v2_kazemotts:synthetic-voice:kazemotts_gradtts_hifigan:F1:sad,ksc_slr102:5f609ac2c4cb9,7a0204c36bea7ff446f11b9940ea30e4f5359650aaf8c0e966d7561b4c61f31a,4.35375,gradtts_hifigan_emotional_tts,ISSAI KazEmoTTS Grad-TTS + HiFi-GAN,KazEmoTTS source-revision-0db250b2ebd95c0de7f8fb7ccba9fd65d4815115; checkpoints-2024-03-11,kazemotts_gradtts_hifigan:F1:sad,not_applicable:pretrained-tts-no-local-voice-cloning,local_cuda_kazemotts_gradtts_hifigan,offline_neural_tts,22050,wav,none,tts_seed=733429564,2026-08-10T00:00:00Z
ksc_derived_kk_v2_kazemotts:c6ec8f4b1ce08e39,processed/05/0588620f34e0db543c74a1b030cb6fd95d5b3dcfdb068ffb4f20c2a7ef6de82e.wav,c4d5aa27692f9191fba56004b1b2fe0c971105132d6f0dd91be2764f072b9e44,test,spoof,kk,unknown,ksc_derived_kk_v2_kazemotts:profile:kazemotts_gradtts_hifigan:M2:angry,ksc_derived_kk_v2_kazemotts,KSC text CC-BY-4.0; KazEmoTTS model CC-BY-4.0,Offline derivative for personal research from KSC transcript ksc_slr102:5f61986c0e478; KazEmoTTS dataset and model CC-BY-4.0; upstream source archive used only for local inference; no voice cloning,ksc_derived_kk_v2_kazemotts:synthetic-voice:kazemotts_gradtts_hifigan:M2:angry,ksc_slr102:5f61986c0e478,96dd510cd8449434057209efa2f2c455508cfabf9a1a2b9abdf1867f38059744,4.9110625,gradtts_hifigan_emotional_tts,ISSAI KazEmoTTS Grad-TTS + HiFi-GAN,KazEmoTTS source-revision-0db250b2ebd95c0de7f8fb7ccba9fd65d4815115; checkpoints-2024-03-11,kazemotts_gradtts_hifigan:M2:angry,not_applicable:pretrained-tts-no-local-voice-cloning,local_cuda_kazemotts_gradtts_hifigan,offline_neural_tts,22050,wav,none,tts_seed=1966429739,2026-08-10T00:00:00Z
ksc_derived_kk_v2_kazemotts:5a8b258eab5c0343,processed/e2/e2aa90823a7e746cf547a3e93a5085342709b8208174bd792542184f5a182395.wav,60daee3d181c6729dc41e84c99d6c5dd651af8674e68463189da25cc116fa8be,test,spoof,kk,unknown,ksc_derived_kk_v2_kazemotts:profile:kazemotts_gradtts_hifigan:M2:surprise,ksc_derived_kk_v2_kazemotts,KSC text CC-BY-4.0; KazEmoTTS model CC-BY-4.0,Offline derivative for personal research from KSC transcript ksc_slr102:5f609e01d22b9; KazEmoTTS dataset and model CC-BY-4.0; upstream source archive used only for local inference; no voice cloning,ksc_derived_kk_v2_kazemotts:synthetic-voice:kazemotts_gradtts_hifigan:M2:surprise,ksc_slr102:5f609e01d22b9,ef197420eb393043cb687850623ff6ecdb973086b361233ac75f919c697be539,3.494625,gradtts_hifigan_emotional_tts,ISSAI KazEmoTTS Grad-TTS + HiFi-GAN,KazEmoTTS source-revision-0db250b2ebd95c0de7f8fb7ccba9fd65d4815115; checkpoints-2024-03-11,kazemotts_gradtts_hifigan:M2:surprise,not_applicable:pretrained-tts-no-local-voice-cloning,local_cuda_kazemotts_gradtts_hifigan,offline_neural_tts,22050,wav,none,tts_seed=1014013189,2026-08-10T00:00:00Z
ksc_derived_kk_v2_kazemotts:7fe4034e2d6357db,processed/81/816f2fd4ac8f138bd5b1a9f4ac7d160096f4621d8e45f5b3b286c09658f59078.wav,c428af0d840358c72bac544b1c11f945662a4365582e9010ab18b21018c30376,test,spoof,kk,unknown,ksc_derived_kk_v2_kazemotts:profile:kazemotts_gradtts_hifigan:M2:fear,ksc_derived_kk_v2_kazemotts,KSC text CC-BY-4.0; KazEmoTTS model CC-BY-4.0,Offline derivative for personal research from KSC transcript ksc_slr102:5f6098b577944; KazEmoTTS dataset and model CC-BY-4.0; upstream source archive used only for local inference; no voice cloning,ksc_derived_kk_v2_kazemotts:synthetic-voice:kazemotts_gradtts_hifigan:M2:fear,ksc_slr102:5f6098b577944,9dd1a34081b2f5ef78d976f238c4d6b817c335854c8d8709336c7175853155b8,4.365375,gradtts_hifigan_emotional_tts,ISSAI KazEmoTTS Grad-TTS + HiFi-GAN,KazEmoTTS source-revision-0db250b2ebd95c0de7f8fb7ccba9fd65d4815115; checkpoints-2024-03-11,kazemotts_gradtts_hifigan:M2:fear,not_applicable:pretrained-tts-no-local-voice-cloning,local_cuda_kazemotts_gradtts_hifigan,offline_neural_tts,22050,wav,none,tts_seed=796239061,2026-08-10T00:00:00Z
ksc_derived_kk_v2_kazemotts:11dd8b628701109f,processed/8d/8d466f5e02223fd06173f040f384a5f8f0ab17adb4eef52096ce6591b4a64354.wav,27d1c6fc5c8dba48509b65382bbe20013a148e9b017867caae11edde9878fe7c,test,spoof,kk,unknown,ksc_derived_kk_v2_kazemotts:profile:kazemotts_gradtts_hifigan:M2:happy,ksc_derived_kk_v2_kazemotts,KSC text CC-BY-4.0; KazEmoTTS model CC-BY-4.0,Offline derivative for personal research from KSC transcript ksc_slr102:5f2b0a40751e6; KazEmoTTS dataset and model CC-BY-4.0; upstream source archive used only for local inference; no voice cloning,ksc_derived_kk_v2_kazemotts:synthetic-voice:kazemotts_gradtts_hifigan:M2:happy,ksc_slr102:5f2b0a40751e6,8098eb790016429f81be347a577daff38edf9d8ad136b2ba0662334452ae8f5d,9.31125,gradtts_hifigan_emotional_tts,ISSAI KazEmoTTS Grad-TTS + HiFi-GAN,KazEmoTTS source-revision-0db250b2ebd95c0de7f8fb7ccba9fd65d4815115; checkpoints-2024-03-11,kazemotts_gradtts_hifigan:M2:happy,not_applicable:pretrained-tts-no-local-voice-cloning,local_cuda_kazemotts_gradtts_hifigan,offline_neural_tts,22050,wav,none,tts_seed=1749813089,2026-08-10T00:00:00Z
ksc_derived_kk_v2_kazemotts:ed46cf7c31d74419,processed/30/30294cf993afa3b7a990b7b6840034835dbb760e7ed5b5c606afe76288c0085c.wav,c032cbfb4e8063b7ed2a7f4d06dd3cd6b5127972dcacc7149e09535458d8edc4,test,spoof,kk,unknown,ksc_derived_kk_v2_kazemotts:profile:kazemotts_gradtts_hifigan:M2:neutral,ksc_derived_kk_v2_kazemotts,KSC text CC-BY-4.0; KazEmoTTS model CC-BY-4.0,Offline derivative for personal research from KSC transcript ksc_slr102:5f5f1dd08633c; KazEmoTTS dataset and model CC-BY-4.0; upstream source archive used only for local inference; no voice cloning,ksc_derived_kk_v2_kazemotts:synthetic-voice:kazemotts_gradtts_hifigan:M2:neutral,ksc_slr102:5f5f1dd08633c,479f64110c96cfce84ceadf7474958e17237aaec647d318ac0f8ce2d643202e3,4.08675,gradtts_hifigan_emotional_tts,ISSAI KazEmoTTS Grad-TTS + HiFi-GAN,KazEmoTTS source-revision-0db250b2ebd95c0de7f8fb7ccba9fd65d4815115; checkpoints-2024-03-11,kazemotts_gradtts_hifigan:M2:neutral,not_applicable:pretrained-tts-no-local-voice-cloning,local_cuda_kazemotts_gradtts_hifigan,offline_neural_tts,22050,wav,none,tts_seed=129850944,2026-08-10T00:00:00Z
ksc_derived_kk_v2_kazemotts:72ebcf3ef5ae967f,processed/bc/bc4412239974b53c1c0b97a5a98fbbfe2f95afff4e4cb5e8f33c9e58b9462202.wav,2ae260468cf7baf38c78ae234648c808fd84f8de6d9734e6c466b521b27a31c6,test,spoof,kk,unknown,ksc_derived_kk_v2_kazemotts:profile:kazemotts_gradtts_hifigan:M2:sad,ksc_derived_kk_v2_kazemotts,KSC text CC-BY-4.0; KazEmoTTS model CC-BY-4.0,Offline derivative for personal research from KSC transcript ksc_slr102:5f58e0283b9a8; KazEmoTTS dataset and model CC-BY-4.0; upstream source archive used only for local inference; no voice cloning,ksc_derived_kk_v2_kazemotts:synthetic-voice:kazemotts_gradtts_hifigan:M2:sad,ksc_slr102:5f58e0283b9a8,0457ba4c7000d0a015a860bdf793c7120d977623ecddf2914a623760912b7166,7.56975,gradtts_hifigan_emotional_tts,ISSAI KazEmoTTS Grad-TTS + HiFi-GAN,KazEmoTTS source-revision-0db250b2ebd95c0de7f8fb7ccba9fd65d4815115; checkpoints-2024-03-11,kazemotts_gradtts_hifigan:M2:sad,not_applicable:pretrained-tts-no-local-voice-cloning,local_cuda_kazemotts_gradtts_hifigan,offline_neural_tts,22050,wav,none,tts_seed=872375694,2026-08-10T00:00:00Z
ksc_derived_kk_v2_kazemotts:f30d1038c2d2f839,processed/4f/4f0489667805d04d25a1d753bf7ee9c8aedd3bc6252ae8f3f7cfab8305f633b4.wav,cb1e334e298dbc3c8841d49824849e5b3439fdee8079d8eef527c94a49551d54,test,spoof,kk,unknown,ksc_derived_kk_v2_kazemotts:profile:kazemotts_gradtts_hifigan:M1:surprise,ksc_derived_kk_v2_kazemotts,KSC text CC-BY-4.0; KazEmoTTS model CC-BY-4.0,Offline derivative for personal research from KSC transcript ksc_slr102:5f568695503a7; KazEmoTTS dataset and model CC-BY-4.0; upstream source archive used only for local inference; no voice cloning,ksc_derived_kk_v2_kazemotts:synthetic-voice:kazemotts_gradtts_hifigan:M1:surprise,ksc_slr102:5f568695503a7,caef6e4eb0d385f786c10153b9a7a9046eea24a65d92a4a2e2d50f6d1f580e49,5.2709375,gradtts_hifigan_emotional_tts,ISSAI KazEmoTTS Grad-TTS + HiFi-GAN,KazEmoTTS source-revision-0db250b2ebd95c0de7f8fb7ccba9fd65d4815115; checkpoints-2024-03-11,kazemotts_gradtts_hifigan:M1:surprise,not_applicable:pretrained-tts-no-local-voice-cloning,local_cuda_kazemotts_gradtts_hifigan,offline_neural_tts,22050,wav,none,tts_seed=776442642,2026-08-10T00:00:00Z
ksc_derived_kk_v2_kazemotts:87b8f0ac7b4e3705,processed/a0/a0549bc7b4c79a7c4df1b955ee5e17d2a56fefe0468f810e1ec71adaf91b36f9.wav,8f31cd2b98f09e1dd958c2947ca31e2f9904adf735dbf6b52022373812175c58,test,spoof,kk,unknown,ksc_derived_kk_v2_kazemotts:profile:kazemotts_gradtts_hifigan:M1:fear,ksc_derived_kk_v2_kazemotts,KSC text CC-BY-4.0; KazEmoTTS model CC-BY-4.0,Offline derivative for personal research from KSC transcript ksc_slr102:5f61e00f59b33; KazEmoTTS dataset and model CC-BY-4.0; upstream source archive used only for local inference; no voice cloning,ksc_derived_kk_v2_kazemotts:synthetic-voice:kazemotts_gradtts_hifigan:M1:fear,ksc_slr102:5f61e00f59b33,f4a037f52a6221034cbfbb073136e36cd6c21683c5752353267181da2d4810c3,3.808125,gradtts_hifigan_emotional_tts,ISSAI KazEmoTTS Grad-TTS + HiFi-GAN,KazEmoTTS source-revision-0db250b2ebd95c0de7f8fb7ccba9fd65d4815115; checkpoints-2024-03-11,kazemotts_gradtts_hifigan:M1:fear,not_applicable:pretrained-tts-no-local-voice-cloning,local_cuda_kazemotts_gradtts_hifigan,offline_neural_tts,22050,wav,none,tts_seed=2056838561,2026-08-10T00:00:00Z
ksc_derived_kk_v2_kazemotts:52c85e73442398c9,processed/09/09f6b84c62a305a0eabb6462c1d3d481d21bf8537cc18b138c3f75d0e26f313c.wav,99d1ee06428a1504a74a242c2f2b47327720aea026778234fe3e02728a64db8b,test,spoof,kk,unknown,ksc_derived_kk_v2_kazemotts:profile:kazemotts_gradtts_hifigan:M1:happy,ksc_derived_kk_v2_kazemotts,KSC text CC-BY-4.0; KazEmoTTS model CC-BY-4.0,Offline derivative for personal research from KSC transcript ksc_slr102:5f60e727d4804; KazEmoTTS dataset and model CC-BY-4.0; upstream source archive used only for local inference; no voice cloning,ksc_derived_kk_v2_kazemotts:synthetic-voice:kazemotts_gradtts_hifigan:M1:happy,ksc_slr102:5f60e727d4804,be511264a747f53c2916229aec24687d0df0ed8cef1ba806f39bdf56da1a5254,3.0883125,gradtts_hifigan_emotional_tts,ISSAI KazEmoTTS Grad-TTS + HiFi-GAN,KazEmoTTS source-revision-0db250b2ebd95c0de7f8fb7ccba9fd65d4815115; checkpoints-2024-03-11,kazemotts_gradtts_hifigan:M1:happy,not_applicable:pretrained-tts-no-local-voice-cloning,local_cuda_kazemotts_gradtts_hifigan,offline_neural_tts,22050,wav,none,tts_seed=334814814,2026-08-10T00:00:00Z
ksc_derived_kk_v2_kazemotts:f92fc7db22093d35,processed/33/33a6068edfd244b386ea6b85f227b02cf094780ddbf9f3c607bbe8264e0d08d3.wav,ccbb524a5a2abd3eceea45bbb86ab21bd0cfe6ba9fd268a28a3bdfb0eb462d25,test,spoof,kk,unknown,ksc_derived_kk_v2_kazemotts:profile:kazemotts_gradtts_hifigan:M1:neutral,ksc_derived_kk_v2_kazemotts,KSC text CC-BY-4.0; KazEmoTTS model CC-BY-4.0,Offline derivative for personal research from KSC transcript ksc_slr102:5f60ae13ce335; KazEmoTTS dataset and model CC-BY-4.0; upstream source archive used only for local inference; no voice cloning,ksc_derived_kk_v2_kazemotts:synthetic-voice:kazemotts_gradtts_hifigan:M1:neutral,ksc_slr102:5f60ae13ce335,2e6447da1ff2d7d5d20d69b2155f4cfefc166f2d96ef4e40064fc0d30e697488,5.5844375,gradtts_hifigan_emotional_tts,ISSAI KazEmoTTS Grad-TTS + HiFi-GAN,KazEmoTTS source-revision-0db250b2ebd95c0de7f8fb7ccba9fd65d4815115; checkpoints-2024-03-11,kazemotts_gradtts_hifigan:M1:neutral,not_applicable:pretrained-tts-no-local-voice-cloning,local_cuda_kazemotts_gradtts_hifigan,offline_neural_tts,22050,wav,none,tts_seed=176279471,2026-08-10T00:00:00Z
ksc_derived_kk_v2_kazemotts:680d490272016b56,processed/29/299d4c53bb82bf3d98fc0cdf690e41ac0b7ac51567b4e57dbaac7f2c6f558b60.wav,838e0c6874912ab9cc6a310bcda27de6b690ca7cacbc3407f60b98d072becbea,test,spoof,kk,unknown,ksc_derived_kk_v2_kazemotts:profile:kazemotts_gradtts_hifigan:M1:sad,ksc_derived_kk_v2_kazemotts,KSC text CC-BY-4.0; KazEmoTTS model CC-BY-4.0,Offline derivative for personal research from KSC transcript ksc_slr102:5f58fd0a6861e; KazEmoTTS dataset and model CC-BY-4.0; upstream source archive used only for local inference; no voice cloning,ksc_derived_kk_v2_kazemotts:synthetic-voice:kazemotts_gradtts_hifigan:M1:sad,ksc_slr102:5f58fd0a6861e,f5e7e4469dff3276de8c6a5625ee2737b4d84c66dfe3ca55336cf63f555aaedd,8.5565625,gradtts_hifigan_emotional_tts,ISSAI KazEmoTTS Grad-TTS + HiFi-GAN,KazEmoTTS source-revision-0db250b2ebd95c0de7f8fb7ccba9fd65d4815115; checkpoints-2024-03-11,kazemotts_gradtts_hifigan:M1:sad,not_applicable:pretrained-tts-no-local-voice-cloning,local_cuda_kazemotts_gradtts_hifigan,offline_neural_tts,22050,wav,none,tts_seed=611602342,2026-08-10T00:00:00Z
