sample_id,relative_path,sha256,split,label,language,code_switch,parent_group_id,source_name,source_license,rights_basis,speaker_pseudo_id,text_id,text_hash,duration_s,generator_family,generator_name,generator_version,voice_id,clone_consent_id,device,capture_route,original_sr,codec,augmentation_chain,augmentation_seed,created_at
ml_df_it_v1:IT_4998_6241_000239_0_g,processed/f3/f33276ea38207d690dec828abfe1378c3017650327ee0df2d7beb9f494016011.wav,ef3a4248922542f119dff43899c8c596ba5bb3b53a21ebced52fae27c7635bab,ood,bonafide,other,unknown,ml_df_it_v1:target-speaker:4998,ml_df_it_v1,CC-BY-4.0,ML-DF v1 CC-BY-4.0; source MLS is CC-BY-4.0,ml_df_it_v1:target-speaker:4998,ml_df_it_v1:content:IT_4998_6241_000239_0,e8422be2f956b54f1fb97749416033ea419502b4a9d5eb66ebc3315e090e1bc9,4.937,,,,,,unknown,synthetic_ml_df,16000,wav,,,2026-08-09T04:16:22.460999Z
ml_df_it_v1:IT_4998_5411_000128_2_g,processed/57/57cdbefdf7eb0a7fc2b86032c468bc59039d048d4b00796f591b3096b875ce20.wav,ae83dc67f0f07da5a63f70de600d7ceff7a12cad42c416bfaf48009a043e9369,ood,bonafide,other,unknown,ml_df_it_v1:target-speaker:4998,ml_df_it_v1,CC-BY-4.0,ML-DF v1 CC-BY-4.0; source MLS is CC-BY-4.0,ml_df_it_v1:target-speaker:4998,ml_df_it_v1:content:IT_4998_5411_000128_2,96a0d1bb2c43491fa696a6bcadae12cd9266d1431fb752b71563f6c281d76bf3,5.098,,,,,,unknown,synthetic_ml_df,16000,wav,,,2026-08-09T04:16:22.460999Z
ml_df_it_v1:IT_4998_11418_000065_4_g,processed/83/83e8aa86ad72c303c19ac690cb0b040b5077adfb7c95d6252addb4b709a43030.wav,679ad76c29b357639bea735c43485cb1e9c5e1eaa9097b873781679494548fab,ood,bonafide,other,unknown,ml_df_it_v1:target-speaker:4998,ml_df_it_v1,CC-BY-4.0,ML-DF v1 CC-BY-4.0; source MLS is CC-BY-4.0,ml_df_it_v1:target-speaker:4998,ml_df_it_v1:content:IT_4998_11418_000065_4,d61d0d8549e92749af8010610ec98ab54d20532873533a2cb1a655bc0a7482e1,4.402,,,,,,unknown,synthetic_ml_df,16000,wav,,,2026-08-09T04:16:22.460999Z
ml_df_it_v1:IT_6807_5862_000507_0_g,processed/5b/5bdb98c4de45d800d0ff3b0dd93fd5d5f0e23b4ceaacdf37c0a5f28faa31e386.wav,a2278734bc49a1e0886206e60d63efb43a6234bbd4b4541f8f21cdbad18fec61,ood,bonafide,other,unknown,ml_df_it_v1:target-speaker:6807,ml_df_it_v1,CC-BY-4.0,ML-DF v1 CC-BY-4.0; source MLS is CC-BY-4.0,ml_df_it_v1:target-speaker:6807,ml_df_it_v1:content:IT_6807_5862_000507_0,7d7c0921c2c1ce48dcfe727ff56d70f85e73a366273269970b8f75e722830ed3,4.458,,,,,,unknown,synthetic_ml_df,16000,wav,,,2026-08-09T04:16:22.460999Z
ml_df_it_v1:IT_6807_7877_000275_2_g,processed/35/35fc8ed67b0baf5e5a42a2ffc24d5e2536b440a76cc9fe6c8fe556879da7301f.wav,fc4478f4532d044f9c4cfb218d413b8d4e9c247abcb5aea7c7690ca386742d62,ood,bonafide,other,unknown,ml_df_it_v1:target-speaker:6807,ml_df_it_v1,CC-BY-4.0,ML-DF v1 CC-BY-4.0; source MLS is CC-BY-4.0,ml_df_it_v1:target-speaker:6807,ml_df_it_v1:content:IT_6807_7877_000275_2,f70c3667bf7c2972c43b1c2831c2d1eff0cbcfc9bc85580eb4f4b55398b21c4f,5.638,,,,,,unknown,synthetic_ml_df,16000,wav,,,2026-08-09T04:16:22.460999Z
ml_df_it_v1:IT_6807_6241_000322_2_g,processed/92/928c7414afea0f265122276933c062890c96ac5a0f87eb2bb09567dee4942b05.wav,ee80f6eeb43390fb4bb460de05879d34561ee289b7ffdb32e4bbd5f6fe7b247a,ood,bonafide,other,unknown,ml_df_it_v1:target-speaker:6807,ml_df_it_v1,CC-BY-4.0,ML-DF v1 CC-BY-4.0; source MLS is CC-BY-4.0,ml_df_it_v1:target-speaker:6807,ml_df_it_v1:content:IT_6807_6241_000322_2,e91abe1dc1f2176551d8e9a58c3d33f40b6827ebff3ff170a5a6fff89c942f6b,3.409,,,,,,unknown,synthetic_ml_df,16000,wav,,,2026-08-09T04:16:22.460999Z
ml_df_it_v1:IT_4998_5568_000083_2_g,processed/67/677e511d1eea4632f6c1a2862e9bab6b80f4f873a7bcab00666d459c513a7693.wav,9bf583a61d4ab212bee825985e9a343ef633b762d551589f8ec525ff1acee2c7,ood,bonafide,other,unknown,ml_df_it_v1:target-speaker:4998,ml_df_it_v1,CC-BY-4.0,ML-DF v1 CC-BY-4.0; source MLS is CC-BY-4.0,ml_df_it_v1:target-speaker:4998,ml_df_it_v1:content:IT_4998_5568_000083_2,0d0276e382ad1fe666302501ad94baf95d92e96e9a2a6c159813c5447bae458a,4.33,,,,,,unknown,synthetic_ml_df,16000,wav,,,2026-08-09T04:16:22.460999Z
ml_df_it_v1:IT_4998_7720_000213_0_g,processed/83/83dc7ab67a0a665f65e6742382f6d8ffe5c3e9336d41fed50398551480eb7b79.wav,46aaefa6c5faaf3c430eaca5f261479f65beaae15fa1dbad1b8bbfa1ac17ce69,ood,bonafide,other,unknown,ml_df_it_v1:target-speaker:4998,ml_df_it_v1,CC-BY-4.0,ML-DF v1 CC-BY-4.0; source MLS is CC-BY-4.0,ml_df_it_v1:target-speaker:4998,ml_df_it_v1:content:IT_4998_7720_000213_0,40b0e809e4115b4acbcef0e561049c0a1c02474ef8091741550f2068ea3f312d,4.549,,,,,,unknown,synthetic_ml_df,16000,wav,,,2026-08-09T04:16:22.460999Z
ml_df_it_v1:IT_4998_7270_000231_4_g,processed/c7/c71a8fe450629803227d66d9699141aaa0add20391e0c5196c37406de23d8c98.wav,f34f9deb985279dd212e2fc0aed1df206b983c095545104e5530ebd210ae226f,ood,bonafide,other,unknown,ml_df_it_v1:target-speaker:4998,ml_df_it_v1,CC-BY-4.0,ML-DF v1 CC-BY-4.0; source MLS is CC-BY-4.0,ml_df_it_v1:target-speaker:4998,ml_df_it_v1:content:IT_4998_7270_000231_4,4229602d79974e5da1f37d7bd8e5b0d07758be3dc4dda22ce73a9fe46d59d963,3.731,,,,,,unknown,synthetic_ml_df,16000,wav,,,2026-08-09T04:16:22.460999Z
ml_df_it_v1:IT_6807_7050_001298_3_g,processed/4b/4b12b806ff604b8aa014f7a0487273d5e32e96374528811f29fd9abf70591def.wav,9f83f580d371a450af2ca39ac17a3b3d4e17285408e76dbc0e82c5f03c6128b6,ood,bonafide,other,unknown,ml_df_it_v1:target-speaker:6807,ml_df_it_v1,CC-BY-4.0,ML-DF v1 CC-BY-4.0; source MLS is CC-BY-4.0,ml_df_it_v1:target-speaker:6807,ml_df_it_v1:content:IT_6807_7050_001298_3,698d8eaef1f78f78e0bc8d8174ff04052f212b57af6d40e271d52f606838898c,4.113,,,,,,unknown,synthetic_ml_df,16000,wav,,,2026-08-09T04:16:22.460999Z
ml_df_it_v1:IT_4998_6589_000179_1_g,processed/cf/cf9321c62024f7537b5f96957bdd6c09e80d051beb8907efc27375d91578e6d4.wav,c3ee24d6176753433d9758567d9d5d35b6051690cff91cad65ff629df0d8d41c,ood,bonafide,other,unknown,ml_df_it_v1:target-speaker:4998,ml_df_it_v1,CC-BY-4.0,ML-DF v1 CC-BY-4.0; source MLS is CC-BY-4.0,ml_df_it_v1:target-speaker:4998,ml_df_it_v1:content:IT_4998_6589_000179_1,ee6d8f618d2fd9d6242a1a7f45ddb8785b167a0fc2d2b2d0d8e337cd171a540f,4.343,,,,,,unknown,synthetic_ml_df,16000,wav,,,2026-08-09T04:16:22.460999Z
ml_df_it_v1:IT_6807_7877_000061_0_g,processed/75/7552ba1f1353deb7746dcf81afeaaa7930c172248b035a178cbdf47b9acfa111.wav,b33436f72b9e115753ef3e1bb9e46e3f5b724dd0479b66435b0c739217116b57,ood,bonafide,other,unknown,ml_df_it_v1:target-speaker:6807,ml_df_it_v1,CC-BY-4.0,ML-DF v1 CC-BY-4.0; source MLS is CC-BY-4.0,ml_df_it_v1:target-speaker:6807,ml_df_it_v1:content:IT_6807_7877_000061_0,6157b782cc752c4b02dc524f1b08081ae8c16eee392f061003f44349a42ba9a1,3.676,,,,,,unknown,synthetic_ml_df,16000,wav,,,2026-08-09T04:16:22.460999Z
ml_df_it_v1:IT_4998_3829_000423_1_g,processed/c6/c65c487577dfeea8b606c88184e667d8904eb28478cccb10835e30f15694bbe5.wav,ed52aa1c9e74c3095a068b20ed49be467a1b2e57e454dbd4034413815f36c0fd,ood,bonafide,other,unknown,ml_df_it_v1:target-speaker:4998,ml_df_it_v1,CC-BY-4.0,ML-DF v1 CC-BY-4.0; source MLS is CC-BY-4.0,ml_df_it_v1:target-speaker:4998,ml_df_it_v1:content:IT_4998_3829_000423_1,b87e2d9175f9b907c871a75f5479ad7f38147a7112b5a3f4c9a88445c09420fe,4.29,,,,,,unknown,synthetic_ml_df,16000,wav,,,2026-08-09T04:16:22.460999Z
ml_df_it_v1:IT_4998_7270_000089_2_g,processed/d2/d268d57d998eea2d688ac4083c52dd606b76600d3271873f6239e799383b04de.wav,1e4c3b7a8f2b5acc2dc5ae948588e549abcf52cee74661e1aec9a665c990e064,ood,bonafide,other,unknown,ml_df_it_v1:target-speaker:4998,ml_df_it_v1,CC-BY-4.0,ML-DF v1 CC-BY-4.0; source MLS is CC-BY-4.0,ml_df_it_v1:target-speaker:4998,ml_df_it_v1:content:IT_4998_7270_000089_2,eb312822f3bcc4167df5fc4eec8df0138bfe11d5e8a833206f4bbd404af4df16,4.729,,,,,,unknown,synthetic_ml_df,16000,wav,,,2026-08-09T04:16:22.460999Z
ml_df_it_v1:IT_6807_7877_000228_2_g,processed/ed/ed0d684ae735ec12d7922e7be9da69221ddd3f1a69650b46b4adb49225fc697e.wav,f801bb6fcc7929a6d3ec00c4c899e1744eb73768e85ed9d3180783022d5df82b,ood,bonafide,other,unknown,ml_df_it_v1:target-speaker:6807,ml_df_it_v1,CC-BY-4.0,ML-DF v1 CC-BY-4.0; source MLS is CC-BY-4.0,ml_df_it_v1:target-speaker:6807,ml_df_it_v1:content:IT_6807_7877_000228_2,8a8719116b3b8c9e9f1fda4a0984830487486524cd32279e5f916f374248d6da,3.539,,,,,,unknown,synthetic_ml_df,16000,wav,,,2026-08-09T04:16:22.460999Z
ml_df_it_v1:IT_6807_5862_000504_3_g,processed/61/6142bae02e75d7b4592b73d13b27b081d08ec99ba2b1ac2a595658506483e478.wav,20837e48b072d58f6cb56b7db457e0de80af8384548efa486231be4a6f7e255e,ood,bonafide,other,unknown,ml_df_it_v1:target-speaker:6807,ml_df_it_v1,CC-BY-4.0,ML-DF v1 CC-BY-4.0; source MLS is CC-BY-4.0,ml_df_it_v1:target-speaker:6807,ml_df_it_v1:content:IT_6807_5862_000504_3,9d05881dccc4f4d5d05900b7e1ab0027e1d34dff4c98868fef821b68dfefcb04,5.358,,,,,,unknown,synthetic_ml_df,16000,wav,,,2026-08-09T04:16:22.460999Z
ml_df_it_v1:IT_6807_6589_000105_0_g,processed/b7/b74ac06c0e2fdccbdb4e632824f4cf0518ec53a03b786968251ba784dde9ec5b.wav,4cfb178b315daf1af08a3ff538fd5dedf28a2027ed069c9ffb423c8ded1598c9,ood,bonafide,other,unknown,ml_df_it_v1:target-speaker:6807,ml_df_it_v1,CC-BY-4.0,ML-DF v1 CC-BY-4.0; source MLS is CC-BY-4.0,ml_df_it_v1:target-speaker:6807,ml_df_it_v1:content:IT_6807_6589_000105_0,09272f95037aaa80e9de569e607074adbfb01045b675e308254a323ae08fd58e,4.015,,,,,,unknown,synthetic_ml_df,16000,wav,,,2026-08-09T04:16:22.460999Z
ml_df_it_v1:IT_6807_6241_000354_2_g,processed/d5/d5df9239e38381e4ef842c12e19e04931d90721662f13c4abe237c06f7dd935d.wav,a88d727c8883d308354062c3adc96bc9416714701449b15e89af6801ea855f52,ood,bonafide,other,unknown,ml_df_it_v1:target-speaker:6807,ml_df_it_v1,CC-BY-4.0,ML-DF v1 CC-BY-4.0; source MLS is CC-BY-4.0,ml_df_it_v1:target-speaker:6807,ml_df_it_v1:content:IT_6807_6241_000354_2,190ade26b6e74700ffa7227ce43d5ab5bae3232850077d1426479e5454753488,4.616,,,,,,unknown,synthetic_ml_df,16000,wav,,,2026-08-09T04:16:22.460999Z
ml_df_it_v1:IT_6807_6241_000677_1_g,processed/41/412ae9a6557dc1e4ccb99baf9cf67515718d6b92f88b3c7cf5ba1ce582891d13.wav,bf192519c7a783148a70b30582cb97c32fcc52e45110c78a8280bdada826234d,ood,bonafide,other,unknown,ml_df_it_v1:target-speaker:6807,ml_df_it_v1,CC-BY-4.0,ML-DF v1 CC-BY-4.0; source MLS is CC-BY-4.0,ml_df_it_v1:target-speaker:6807,ml_df_it_v1:content:IT_6807_6241_000677_1,ff1fd7922b602e5cacbb2ff78189b3cb39147751ce1c42d058267d54c08c3bb3,4.559,,,,,,unknown,synthetic_ml_df,16000,wav,,,2026-08-09T04:16:22.460999Z
ml_df_it_v1:IT_6807_5862_000284_1_g,processed/a1/a1b4ac20d38a6114888794cbc1ef0f06ff8a8e77c198d4ab98c92a45c9fedee5.wav,8a2e2866e9690f279e0cdf2be4f871472be5e7bce8b9f6a55f756e38bfe5b7a1,ood,bonafide,other,unknown,ml_df_it_v1:target-speaker:6807,ml_df_it_v1,CC-BY-4.0,ML-DF v1 CC-BY-4.0; source MLS is CC-BY-4.0,ml_df_it_v1:target-speaker:6807,ml_df_it_v1:content:IT_6807_5862_000284_1,73ff77ed4c7881fa2e53983d9f1620a6e4f5e3aa481700fce7fb85feb0a716c1,2.613,,,,,,unknown,synthetic_ml_df,16000,wav,,,2026-08-09T04:16:22.460999Z
ml_df_it_v1:IT_4998_10011_000184_1_g,processed/6c/6c47ac3a00b146749224234ebed329a02dd328aee4af530419feea195f03d4c1.wav,eda06fb7389e1ef91d2613547f28a19e7e75d917ae08292b1eb72439bb442835,ood,bonafide,other,unknown,ml_df_it_v1:target-speaker:4998,ml_df_it_v1,CC-BY-4.0,ML-DF v1 CC-BY-4.0; source MLS is CC-BY-4.0,ml_df_it_v1:target-speaker:4998,ml_df_it_v1:content:IT_4998_10011_000184_1,04cbf8f77d458ed1af9836fb2a16771d121d975074c467168db1f0d9474378bf,4.514,,,,,,unknown,synthetic_ml_df,16000,wav,,,2026-08-09T04:16:22.460999Z
ml_df_it_v1:IT_6807_7720_000291_2_g,processed/0c/0cc4ec00a6bbbc18442e34cfbc971f3d7002be3f88357b18bbd85e9cbeed17f2.wav,196859fba9bc1cf9cd2f27683f0c38a0ff620e219af6e4dca7f367afe6fe2599,ood,bonafide,other,unknown,ml_df_it_v1:target-speaker:6807,ml_df_it_v1,CC-BY-4.0,ML-DF v1 CC-BY-4.0; source MLS is CC-BY-4.0,ml_df_it_v1:target-speaker:6807,ml_df_it_v1:content:IT_6807_7720_000291_2,9f967912d5648292fd070f55dab9328a30ccc500597b5f0ba52430ebae6a2386,3.316,,,,,,unknown,synthetic_ml_df,16000,wav,,,2026-08-09T04:16:22.460999Z
ml_df_it_v1:IT_6807_6241_000008_3_g,processed/12/12d26213d956ac58f2389bfdeae820316ef505fe5142179956fae14e3dee0c1b.wav,a518a79945bacf7fe9c4fa45c7a7099b09c84025450aab116be7a2df1aeec55f,ood,bonafide,other,unknown,ml_df_it_v1:target-speaker:6807,ml_df_it_v1,CC-BY-4.0,ML-DF v1 CC-BY-4.0; source MLS is CC-BY-4.0,ml_df_it_v1:target-speaker:6807,ml_df_it_v1:content:IT_6807_6241_000008_3,9b11b79c02d58b244fdd7496533de89892f57eda9e2eba30db3bbfd668186a42,5.593,,,,,,unknown,synthetic_ml_df,16000,wav,,,2026-08-09T04:16:22.460999Z
ml_df_it_v1:IT_4998_7270_000059_0_g,processed/a8/a82d9a49f74a40fc4a7b755c655c426ea8bad3b6f19b34511e0db126d7b57bb9.wav,dd4c1122eba4a8180d03c866357f714d9577d9968c93ce5bb0aa95404cdca269,ood,bonafide,other,unknown,ml_df_it_v1:target-speaker:4998,ml_df_it_v1,CC-BY-4.0,ML-DF v1 CC-BY-4.0; source MLS is CC-BY-4.0,ml_df_it_v1:target-speaker:4998,ml_df_it_v1:content:IT_4998_7270_000059_0,c6ee5857a7157abdf7b4177ff99044d800a22ed9e82db377d8ad9dc80b994900,4.209,,,,,,unknown,synthetic_ml_df,16000,wav,,,2026-08-09T04:16:22.460999Z
ml_df_it_v1:IT_4998_7877_000256_2_g,processed/5e/5e062b3a12530c5cc1109cb88adaec3703c7cfcf830a3b980a744b69787f2810.wav,7617f0df2f7665df9dbbf5a1ff41e9a4a9b6bee77f80f9183a8e977bc6f7ee2c,ood,bonafide,other,unknown,ml_df_it_v1:target-speaker:4998,ml_df_it_v1,CC-BY-4.0,ML-DF v1 CC-BY-4.0; source MLS is CC-BY-4.0,ml_df_it_v1:target-speaker:4998,ml_df_it_v1:content:IT_4998_7877_000256_2,5202ccd73a00a2e094e7f7ffdb7c6395a4680de64c3082905e6f13742964a7f6,4.594,,,,,,unknown,synthetic_ml_df,16000,wav,,,2026-08-09T04:16:22.460999Z
ml_df_it_v1:IT_6807_7050_001420_1_g,processed/cc/ccde18cf38b7709859593e57afe205734b3eda370333a5684a197a3af20a66f0.wav,ef5ca3102fc1a16c9134240eb1a098f59f0e9caff6c481b60c889c16f15b53b9,ood,bonafide,other,unknown,ml_df_it_v1:target-speaker:6807,ml_df_it_v1,CC-BY-4.0,ML-DF v1 CC-BY-4.0; source MLS is CC-BY-4.0,ml_df_it_v1:target-speaker:6807,ml_df_it_v1:content:IT_6807_7050_001420_1,221e01c91042f2f83e61ec38b00a9f1ade819cf61979e94da793027b05b11b67,4.091,,,,,,unknown,synthetic_ml_df,16000,wav,,,2026-08-09T04:16:22.460999Z
ml_df_it_v1:IT_6807_6241_000413_1_g,processed/73/730fefa08b222fad8edf5fb945686a886b04aad4386fc4f75d63156ac56d1cbd.wav,369dbcfbafc1a08856c93ba6a6ee9e986d921d4653620a72f4c643dfc7b727f9,ood,bonafide,other,unknown,ml_df_it_v1:target-speaker:6807,ml_df_it_v1,CC-BY-4.0,ML-DF v1 CC-BY-4.0; source MLS is CC-BY-4.0,ml_df_it_v1:target-speaker:6807,ml_df_it_v1:content:IT_6807_6241_000413_1,5baab55333e654326571d536e8836c29b09b26c4724501292f4acfc551745cf8,3.586,,,,,,unknown,synthetic_ml_df,16000,wav,,,2026-08-09T04:16:22.460999Z
ml_df_it_v1:IT_4998_5862_000109_0_g,processed/f7/f78cdc5d1ada1543e4f3918241553a6bb95ea194328f41176a05f768d10d3f68.wav,1de4c9075f6ab2b0ecc0acd5db31af653a7ad581a40c480b015cacdf9b396e58,ood,bonafide,other,unknown,ml_df_it_v1:target-speaker:4998,ml_df_it_v1,CC-BY-4.0,ML-DF v1 CC-BY-4.0; source MLS is CC-BY-4.0,ml_df_it_v1:target-speaker:4998,ml_df_it_v1:content:IT_4998_5862_000109_0,f0a8ed77c0da1aba86613bc76bd6b0cc9cd7f93276f94ff7ed22a08b1e86dbd3,3.871,,,,,,unknown,synthetic_ml_df,16000,wav,,,2026-08-09T04:16:22.460999Z
ml_df_it_v1:IT_6807_7050_000132_2_g,processed/6a/6a2180c972f8658898d9cc8cd804caac7049f5cc3ca1a215174ee8977a0b9bf2.wav,3bc37accc324264145e2c2f7931b7c55f6895d980dae7de6f6387f5579d25a7c,ood,bonafide,other,unknown,ml_df_it_v1:target-speaker:6807,ml_df_it_v1,CC-BY-4.0,ML-DF v1 CC-BY-4.0; source MLS is CC-BY-4.0,ml_df_it_v1:target-speaker:6807,ml_df_it_v1:content:IT_6807_7050_000132_2,16fb3cfd153d69b55516e34d07b45775a3e076ec9e748a7de14e66db0a6c9a47,4.036,,,,,,unknown,synthetic_ml_df,16000,wav,,,2026-08-09T04:16:22.460999Z
ml_df_it_v1:IT_4998_7720_000033_2_g,processed/e5/e5c33d5f3fc6683694337a215a41ec883ce4347ee9ae7b67c77b78a44f784252.wav,f950c2764805b8ec1df85ce902d63d0824b756a02b9bd0805724a151bb861ea2,ood,bonafide,other,unknown,ml_df_it_v1:target-speaker:4998,ml_df_it_v1,CC-BY-4.0,ML-DF v1 CC-BY-4.0; source MLS is CC-BY-4.0,ml_df_it_v1:target-speaker:4998,ml_df_it_v1:content:IT_4998_7720_000033_2,7a7da8676b060344309fc06e97dda5ec3f43217543b6aa99d9cc669101ad8c94,3.63,,,,,,unknown,synthetic_ml_df,16000,wav,,,2026-08-09T04:16:22.460999Z
ml_df_it_v1:IT_4998_5281_000226_3_g,processed/0a/0a9c4d59649409625c315ee0a4c108c92b275de957c4982b995c3047a77f54a5.wav,6ed8358b2b05dda33b47ef85b43ceda462a281df293e115c1128e5865cb9523e,ood,bonafide,other,unknown,ml_df_it_v1:target-speaker:4998,ml_df_it_v1,CC-BY-4.0,ML-DF v1 CC-BY-4.0; source MLS is CC-BY-4.0,ml_df_it_v1:target-speaker:4998,ml_df_it_v1:content:IT_4998_5281_000226_3,ed3764717d1bf83519c5dcc1ce04fa1eaa5355bf8e3103e29b65b0c23e71f2ea,4.344,,,,,,unknown,synthetic_ml_df,16000,wav,,,2026-08-09T04:16:22.460999Z
ml_df_it_v1:IT_4998_10011_000059_0_g,processed/cb/cb1a74cf7368923aa0ca47b5287644b8b3395b646ab7318e43341e5dac11ab71.wav,133f76d2effa678ef0556aca397d9f57f0383bb8d1d1bdfa28daf5267cf496d5,ood,bonafide,other,unknown,ml_df_it_v1:target-speaker:4998,ml_df_it_v1,CC-BY-4.0,ML-DF v1 CC-BY-4.0; source MLS is CC-BY-4.0,ml_df_it_v1:target-speaker:4998,ml_df_it_v1:content:IT_4998_10011_000059_0,6dfd76839b574ea9c0427e1558167867d50ebd4b76258b0a408527cb02435298,4.696,,,,,,unknown,synthetic_ml_df,16000,wav,,,2026-08-09T04:16:22.460999Z
ml_df_it_v1:IT_4998_8610_000014_2_g,processed/6e/6ec461f13ae86a6cd67684a513786c82e969f93972a56ac24db50b505a3a45a2.wav,bcca22e29d5460ae47e112380a58f7dffe5411823efeb800585b74bc5f79fa0b,ood,bonafide,other,unknown,ml_df_it_v1:target-speaker:4998,ml_df_it_v1,CC-BY-4.0,ML-DF v1 CC-BY-4.0; source MLS is CC-BY-4.0,ml_df_it_v1:target-speaker:4998,ml_df_it_v1:content:IT_4998_8610_000014_2,99548a72a9432e1bdab8362d09d43c421cc29d8be3385f4cec9f2755690ccf7f,3.265,,,,,,unknown,synthetic_ml_df,16000,wav,,,2026-08-09T04:16:22.460999Z
ml_df_it_v1:IT_4998_4125_000065_0_g,processed/6c/6c5cd692d1126df1cd16840b704b5b46f64c36cf01332bc04a10a63eb07ebb32.wav,b2861562a7c72607ddd860b305ed2e225e9ef5c450928aa6146d3d44ba50e95c,ood,bonafide,other,unknown,ml_df_it_v1:target-speaker:4998,ml_df_it_v1,CC-BY-4.0,ML-DF v1 CC-BY-4.0; source MLS is CC-BY-4.0,ml_df_it_v1:target-speaker:4998,ml_df_it_v1:content:IT_4998_4125_000065_0,281f170877c8b550337c985d5993682e204106da6dbc3113c5e012ebd866a3c6,4.705,,,,,,unknown,synthetic_ml_df,16000,wav,,,2026-08-09T04:16:22.460999Z
ml_df_it_v1:IT_4998_3829_000505_3_g,processed/91/913a75374a9722f181681f6b02f7ddcb6f4234f43135123c5af1b80956dd2ad4.wav,8cca7b405d6b4675c6d0d2794c5e7e3e5708937c5099c09887bfa64c6a6a7c58,ood,bonafide,other,unknown,ml_df_it_v1:target-speaker:4998,ml_df_it_v1,CC-BY-4.0,ML-DF v1 CC-BY-4.0; source MLS is CC-BY-4.0,ml_df_it_v1:target-speaker:4998,ml_df_it_v1:content:IT_4998_3829_000505_3,ee54b2bfe11353ee475a810a068595a35144c29008879c51a1f848027ff37ceb,5.267,,,,,,unknown,synthetic_ml_df,16000,wav,,,2026-08-09T04:16:22.460999Z
ml_df_it_v1:IT_6807_6241_000441_6_g,processed/c5/c5ec613480bdf54b3ee8d28effd1e18b9b20135000c7e22e3fe1f1191d8b2790.wav,b4531368ec0f8ea330fb4076c082fe7b8c2553305c867bef6289bcce97e69f8e,ood,bonafide,other,unknown,ml_df_it_v1:target-speaker:6807,ml_df_it_v1,CC-BY-4.0,ML-DF v1 CC-BY-4.0; source MLS is CC-BY-4.0,ml_df_it_v1:target-speaker:6807,ml_df_it_v1:content:IT_6807_6241_000441_6,f4e8dcf39c1bee8e6bdfe151c0c1d0b33f190919de0738625c7baf41b58c85f3,2.867,,,,,,unknown,synthetic_ml_df,16000,wav,,,2026-08-09T04:16:22.460999Z
ml_df_it_v1:IT_6807_6241_000133_0_g,processed/32/32b0a3013ea4f6344c6074c5c01af1f5026a05ee2b661b7d75f445fdf027ac5f.wav,cd2af308b17535b11d16d12889ee4d8cb81533a834103b7d58d0541405f2319c,ood,bonafide,other,unknown,ml_df_it_v1:target-speaker:6807,ml_df_it_v1,CC-BY-4.0,ML-DF v1 CC-BY-4.0; source MLS is CC-BY-4.0,ml_df_it_v1:target-speaker:6807,ml_df_it_v1:content:IT_6807_6241_000133_0,ff3697efd57602c1650f0fe17b13d76f04530d2167e07676a2eafd6f85b08ecb,3.394,,,,,,unknown,synthetic_ml_df,16000,wav,,,2026-08-09T04:16:22.460999Z
ml_df_it_v1:IT_4998_3829_000535_2_g,processed/42/42ea5e442143c21400704ca539733d90e2782f9d711d6fb89797e9c37a0c5328.wav,72864a6afe16f20242438be5fe5490224798ae8be329c825ebbf88a519aaf02e,ood,bonafide,other,unknown,ml_df_it_v1:target-speaker:4998,ml_df_it_v1,CC-BY-4.0,ML-DF v1 CC-BY-4.0; source MLS is CC-BY-4.0,ml_df_it_v1:target-speaker:4998,ml_df_it_v1:content:IT_4998_3829_000535_2,78756b7fb618f6c13893111f16393bfea61d0b878d8e4a2b3b52edd7a0ab6ec0,4.341,,,,,,unknown,synthetic_ml_df,16000,wav,,,2026-08-09T04:16:22.460999Z
ml_df_it_v1:IT_6807_7050_001306_4_g,processed/af/af9b02dea83aa4b676ee9ee9b7519292e6354b783ecdb43468510f7e53020e8f.wav,01dfebe85cb504f31e6cf0dc93134edbe48a53f037c27a6ad4d84e57fda960b2,ood,bonafide,other,unknown,ml_df_it_v1:target-speaker:6807,ml_df_it_v1,CC-BY-4.0,ML-DF v1 CC-BY-4.0; source MLS is CC-BY-4.0,ml_df_it_v1:target-speaker:6807,ml_df_it_v1:content:IT_6807_7050_001306_4,07afe14b6fcc0ea1345c0c14c80b1d920f10e3806e5fc8c622e9b1f62b58c0cf,2.969,,,,,,unknown,synthetic_ml_df,16000,wav,,,2026-08-09T04:16:22.460999Z
ml_df_it_v1:IT_6807_7050_001583_0_g,processed/cf/cff5015cb3b2a8f224d28eb4e97d2e55f4b0df45d899f4cbda58c69138d42718.wav,ba0521dc404e884763ee0b6ce42eea99f84d9ecb7c7c3f60d0ec6ce5b26c15aa,ood,bonafide,other,unknown,ml_df_it_v1:target-speaker:6807,ml_df_it_v1,CC-BY-4.0,ML-DF v1 CC-BY-4.0; source MLS is CC-BY-4.0,ml_df_it_v1:target-speaker:6807,ml_df_it_v1:content:IT_6807_7050_001583_0,c47bc6c269e088fb3e4b39321e472fa168625473dd3836f0a0f98900773df768,5.323,,,,,,unknown,synthetic_ml_df,16000,wav,,,2026-08-09T04:16:22.460999Z
ml_df_it_v1:IT_6807_5862_000528_0_g,processed/df/dfa5ea23359c5727e209345816b8154d6112542f8c67825c4a5647db6e839abe.wav,13124e88dfec9be1f9ed270ae0fe64173cf71b3262512e9774bf93b45d1eea66,ood,bonafide,other,unknown,ml_df_it_v1:target-speaker:6807,ml_df_it_v1,CC-BY-4.0,ML-DF v1 CC-BY-4.0; source MLS is CC-BY-4.0,ml_df_it_v1:target-speaker:6807,ml_df_it_v1:content:IT_6807_5862_000528_0,6cd2a534e08b0c353d4ff07122785ceda2b2503716a207109aef8681d6528b8e,3.661,,,,,,unknown,synthetic_ml_df,16000,wav,,,2026-08-09T04:16:22.460999Z
ml_df_it_v1:IT_6807_7050_001342_2_g,processed/f8/f82ecf6c3a81c5715233f7f19e8efa80fa500be07fcac0f7d52a707447b9babb.wav,96fcc33585eeea906d49b9db751d3e94578e282a3ade29b65f32b5e3663c3601,ood,bonafide,other,unknown,ml_df_it_v1:target-speaker:6807,ml_df_it_v1,CC-BY-4.0,ML-DF v1 CC-BY-4.0; source MLS is CC-BY-4.0,ml_df_it_v1:target-speaker:6807,ml_df_it_v1:content:IT_6807_7050_001342_2,bc282cb65cb0553c1cbc9c00cf0c485f33bfdc4e8f19f7361d6408ae168cbf03,4.995,,,,,,unknown,synthetic_ml_df,16000,wav,,,2026-08-09T04:16:22.460999Z
ml_df_it_v1:IT_6807_7050_000064_0_g,processed/ca/ca1edbe49a8aae214dcfeae25074225129ac75d5ac609d33cc2ac36d4fea754f.wav,cdf900828db16380bbda8b29bc983ec4d87ec35e58adbef32f01791180b100b2,ood,bonafide,other,unknown,ml_df_it_v1:target-speaker:6807,ml_df_it_v1,CC-BY-4.0,ML-DF v1 CC-BY-4.0; source MLS is CC-BY-4.0,ml_df_it_v1:target-speaker:6807,ml_df_it_v1:content:IT_6807_7050_000064_0,5cdfeabd18fb14a551a69303c498c01abddb7043d203bd1a2f4ed8868df5c113,3.622,,,,,,unknown,synthetic_ml_df,16000,wav,,,2026-08-09T04:16:22.460999Z
ml_df_it_v1:IT_4998_7877_000309_2_g,processed/9a/9a6ac1a0bf6598db0711233da2dad8d36c6a2554df4a2a61ba955bf605ed0a7b.wav,3bce8eb93b96aba6b388c0adba77208d509c5c362e381640faa88c6324f42b0e,ood,bonafide,other,unknown,ml_df_it_v1:target-speaker:4998,ml_df_it_v1,CC-BY-4.0,ML-DF v1 CC-BY-4.0; source MLS is CC-BY-4.0,ml_df_it_v1:target-speaker:4998,ml_df_it_v1:content:IT_4998_7877_000309_2,3c62723bf6f16ac719ac09a2177568644bdad585427a5930930f59e5b7d10715,3.626,,,,,,unknown,synthetic_ml_df,16000,wav,,,2026-08-09T04:16:22.460999Z
ml_df_it_v1:IT_4998_8610_000066_3_g,processed/26/263df307e36f1094bde732e947fa60b5934eca703e9ead0a1653a1b4b06f4471.wav,7166ea08a8e275aa48521a1b547c8a76211e5f4faa88d2e9b2f25cfbd7a84f44,ood,bonafide,other,unknown,ml_df_it_v1:target-speaker:4998,ml_df_it_v1,CC-BY-4.0,ML-DF v1 CC-BY-4.0; source MLS is CC-BY-4.0,ml_df_it_v1:target-speaker:4998,ml_df_it_v1:content:IT_4998_8610_000066_3,a1af31a547d4f807680d0e1fc45232ff468b840a9c970be53d0f33bac3bff987,3.551,,,,,,unknown,synthetic_ml_df,16000,wav,,,2026-08-09T04:16:22.460999Z
ml_df_it_v1:IT_4998_3829_000438_1_g,processed/88/8807839d009036625a506e25e0e630928fd6185ccd3d4721a8f601930b17a483.wav,a00240bc09a4ae633b8c893521b341e502e4b23bfbaa65830dc3ea98777c2d87,ood,bonafide,other,unknown,ml_df_it_v1:target-speaker:4998,ml_df_it_v1,CC-BY-4.0,ML-DF v1 CC-BY-4.0; source MLS is CC-BY-4.0,ml_df_it_v1:target-speaker:4998,ml_df_it_v1:content:IT_4998_3829_000438_1,e598efe27341baef7949e93619ccfc8e733b9c64e64ee3f34afc13dfb03ef44f,4.696,,,,,,unknown,synthetic_ml_df,16000,wav,,,2026-08-09T04:16:22.460999Z
ml_df_it_v1:IT_4998_5568_000211_2_g,processed/48/48cbcc0d210759f24ba4d3d9a32a5f542ad4f69e59bddfe1467f6b8ea4212ffc.wav,2e5eb78e5acc07e705ea67f4526aca14241ac86f9c0c00cef257d9b4c943e08a,ood,bonafide,other,unknown,ml_df_it_v1:target-speaker:4998,ml_df_it_v1,CC-BY-4.0,ML-DF v1 CC-BY-4.0; source MLS is CC-BY-4.0,ml_df_it_v1:target-speaker:4998,ml_df_it_v1:content:IT_4998_5568_000211_2,ad7fe5bdcd815299eeae0b016ba2f8b663f74ee7786ed798cdbdde5fabbe3280,5.545,,,,,,unknown,synthetic_ml_df,16000,wav,,,2026-08-09T04:16:22.460999Z
ml_df_it_v1:IT_4998_3829_000584_0_g,processed/e4/e4fff5b53baea7e397ee1bd6149f47840c7c2bcb8ef6119445b2d87014f49560.wav,a8973410f33bb9d07c98fa81fe1ce4fbb2750a08cea92f732cabc6a908e17521,ood,bonafide,other,unknown,ml_df_it_v1:target-speaker:4998,ml_df_it_v1,CC-BY-4.0,ML-DF v1 CC-BY-4.0; source MLS is CC-BY-4.0,ml_df_it_v1:target-speaker:4998,ml_df_it_v1:content:IT_4998_3829_000584_0,b7c81ac82a3ffa46135370f40da3f4eb6518a0849d413544b93795a1904cfb86,5.658,,,,,,unknown,synthetic_ml_df,16000,wav,,,2026-08-09T04:16:22.460999Z
ml_df_it_v1:IT_4998_7270_000215_0_g,processed/d5/d50d3b1028f6ec9140bd60044bbf45b8b2894cba898a6c6aa18bf8760a0a274c.wav,256ce414291a40ae32e852721247ee837db094dd10cef4f3349136e7f334bc48,ood,bonafide,other,unknown,ml_df_it_v1:target-speaker:4998,ml_df_it_v1,CC-BY-4.0,ML-DF v1 CC-BY-4.0; source MLS is CC-BY-4.0,ml_df_it_v1:target-speaker:4998,ml_df_it_v1:content:IT_4998_7270_000215_0,1ecdd4926176935371e37df2d6cced6b604abc383330a72a2a28a5abcf98e37f,4.477,,,,,,unknown,synthetic_ml_df,16000,wav,,,2026-08-09T04:16:22.460999Z
ml_df_it_v1:IT_6807_7050_001378_2_g,processed/d8/d82f15cc7531a24fd8acc6b0d8c113274ba433f191962fe622be5e0497f4fe51.wav,fced9740499fbbbfa60b957e782e6560e74a0f73b1f84ad3fd6e5feb6ca07255,ood,bonafide,other,unknown,ml_df_it_v1:target-speaker:6807,ml_df_it_v1,CC-BY-4.0,ML-DF v1 CC-BY-4.0; source MLS is CC-BY-4.0,ml_df_it_v1:target-speaker:6807,ml_df_it_v1:content:IT_6807_7050_001378_2,5fbe150168242f37fb54b2a8805624d3b5c802ff05b407a7f4fe574e429ceb72,3.638,,,,,,unknown,synthetic_ml_df,16000,wav,,,2026-08-09T04:16:22.460999Z
ml_df_it_v1:IT_6807_7050_001003_0_g,processed/cc/cc6e2e1bc2f305980a40c936096b5eacf12272f085b42f82e5cbf13757a55efc.wav,ff9589ce549d1016189102d9a6fd7df133382ba061db56cf84a3c00c085f1a70,ood,bonafide,other,unknown,ml_df_it_v1:target-speaker:6807,ml_df_it_v1,CC-BY-4.0,ML-DF v1 CC-BY-4.0; source MLS is CC-BY-4.0,ml_df_it_v1:target-speaker:6807,ml_df_it_v1:content:IT_6807_7050_001003_0,690b48f6f9a6d813ce9592839c5c6812ec7a557db79abd3adf247b9a10f9d35a,4.01,,,,,,unknown,synthetic_ml_df,16000,wav,,,2026-08-09T04:16:22.460999Z
ml_df_it_v1:IT_4998_7720_000151_0_g,processed/88/886ce39c810003346b7935f2542d39a919213b66661816fa3ded2cdbd147fd8b.wav,d8c9326b3dd7d6d9c27a927cf69f5fbe3c4b3aaed6522a9e0cd89ebda1a16c98,ood,bonafide,other,unknown,ml_df_it_v1:target-speaker:4998,ml_df_it_v1,CC-BY-4.0,ML-DF v1 CC-BY-4.0; source MLS is CC-BY-4.0,ml_df_it_v1:target-speaker:4998,ml_df_it_v1:content:IT_4998_7720_000151_0,1c8d7b35631cc497a73278ba29a25f8632a5e4f8b41748585b223b1ed1e8de0d,4.582,,,,,,unknown,synthetic_ml_df,16000,wav,,,2026-08-09T04:16:22.460999Z
ml_df_it_v1:IT_4998_5862_000255_1_g,processed/45/45c245af1f7acc252345babf9c3fb916406592a383f745b9e93a2094112598d3.wav,a7646db45822afd721e734ed14aa69ea1c02881d3a59f2837df0c982edf5fb50,ood,bonafide,other,unknown,ml_df_it_v1:target-speaker:4998,ml_df_it_v1,CC-BY-4.0,ML-DF v1 CC-BY-4.0; source MLS is CC-BY-4.0,ml_df_it_v1:target-speaker:4998,ml_df_it_v1:content:IT_4998_5862_000255_1,1c194e9636e5d69a64d9a90f0ec38f29eed5f63e2086313af270e9e9ef92b124,3.549,,,,,,unknown,synthetic_ml_df,16000,wav,,,2026-08-09T04:16:22.460999Z
ml_df_it_v1:IT_4998_7877_000187_0_g,processed/c9/c9f4a00dfc350a775ac351f48883112765e06f266d9f2cba6bab116106c998f0.wav,6640304468672751a5c772dc04069f732f89785d373eee41adc2c5cd3c22aa1e,ood,bonafide,other,unknown,ml_df_it_v1:target-speaker:4998,ml_df_it_v1,CC-BY-4.0,ML-DF v1 CC-BY-4.0; source MLS is CC-BY-4.0,ml_df_it_v1:target-speaker:4998,ml_df_it_v1:content:IT_4998_7877_000187_0,342029fbcb67d7db770ae54b109781f2c00b19c01d27b7b35f696a25f62610ec,4.546,,,,,,unknown,synthetic_ml_df,16000,wav,,,2026-08-09T04:16:22.460999Z
ml_df_it_v1:IT_6807_7050_001346_4_g,processed/de/de378582c2777680d3adc614c1c8691e6b6cf383ec9449f802cbc38ac49a1def.wav,148a38b38c65695860c8468d1d0789e0259f9356159894c7a9bfc861bcd3f1d2,ood,bonafide,other,unknown,ml_df_it_v1:target-speaker:6807,ml_df_it_v1,CC-BY-4.0,ML-DF v1 CC-BY-4.0; source MLS is CC-BY-4.0,ml_df_it_v1:target-speaker:6807,ml_df_it_v1:content:IT_6807_7050_001346_4,93ed8fa073855a9618114d6574479c3d209b5d8b8b5132621c6e15022b8bc2f3,3.531,,,,,,unknown,synthetic_ml_df,16000,wav,,,2026-08-09T04:16:22.460999Z
ml_df_it_v1:IT_6807_7050_000865_1_g,processed/cd/cd194bbe1f3bc0c5a4b3e81b8e23ed1ed950cc68a8f214d23a2168d26aa16f19.wav,88e1fc61cfc604ea4e1007ee80de30fcd74acd5aedb8043244e8eb5b168c9198,ood,bonafide,other,unknown,ml_df_it_v1:target-speaker:6807,ml_df_it_v1,CC-BY-4.0,ML-DF v1 CC-BY-4.0; source MLS is CC-BY-4.0,ml_df_it_v1:target-speaker:6807,ml_df_it_v1:content:IT_6807_7050_000865_1,103732ac40843833ff85a1a18594f38a6a1489c84943875c8765991a4e9ce0fa,4.563,,,,,,unknown,synthetic_ml_df,16000,wav,,,2026-08-09T04:16:22.460999Z
ml_df_it_v1:IT_4998_3829_000450_3_g,processed/61/6144736349f6a12daf6dae17e1ceb3f7d5102ffe22020688df13d53db6d861a4.wav,452918d61bb770c7116f3282c523873ce948185f475c0db311877dd4e83072d1,ood,bonafide,other,unknown,ml_df_it_v1:target-speaker:4998,ml_df_it_v1,CC-BY-4.0,ML-DF v1 CC-BY-4.0; source MLS is CC-BY-4.0,ml_df_it_v1:target-speaker:4998,ml_df_it_v1:content:IT_4998_3829_000450_3,bf4a6f2d5bf3a63191747870451ff6e6d024d1022165b23b83e2cb243ad0b27a,4.679,,,,,,unknown,synthetic_ml_df,16000,wav,,,2026-08-09T04:16:22.460999Z
ml_df_it_v1:IT_4998_5568_000188_1_g,processed/f5/f57fe58681f2a219aaaa089a80a9c7fa215aeff693b88e49ebc5918425dc2bcb.wav,8f3e406afdc28b2009d56110c706bacbd5ee8e0e7485e14c29ad74e9ae54778e,ood,bonafide,other,unknown,ml_df_it_v1:target-speaker:4998,ml_df_it_v1,CC-BY-4.0,ML-DF v1 CC-BY-4.0; source MLS is CC-BY-4.0,ml_df_it_v1:target-speaker:4998,ml_df_it_v1:content:IT_4998_5568_000188_1,d2ec85171d48a971528e6e864c5a206cdb038953b8853a1cc36a41fba764b3bb,4.069,,,,,,unknown,synthetic_ml_df,16000,wav,,,2026-08-09T04:16:22.460999Z
ml_df_it_v1:IT_6807_6815_000243_2_g,processed/87/873696ffa8a4d9897d2478c1163854b69b0498e588b903db40cfb1a35336f605.wav,5c6fb31b69b0110ae19b8ddc36d0ea2f06af65c3d5024e110f1e69adf99db477,ood,bonafide,other,unknown,ml_df_it_v1:target-speaker:6807,ml_df_it_v1,CC-BY-4.0,ML-DF v1 CC-BY-4.0; source MLS is CC-BY-4.0,ml_df_it_v1:target-speaker:6807,ml_df_it_v1:content:IT_6807_6815_000243_2,326abf98b39653a8eebe612cdab9193b090b1611bcd729f9aea4081261e29c84,3.699,,,,,,unknown,synthetic_ml_df,16000,wav,,,2026-08-09T04:16:22.460999Z
ml_df_it_v1:IT_4998_7877_000367_1_g,processed/8a/8a974513ce58ea1a6be19947f602933de5ae35f4868f031f2af281bb1765c2db.wav,66321c6e763a3c400b0c1f5800c123e47ea73a3fa7136a93c7b790e46636a46f,ood,bonafide,other,unknown,ml_df_it_v1:target-speaker:4998,ml_df_it_v1,CC-BY-4.0,ML-DF v1 CC-BY-4.0; source MLS is CC-BY-4.0,ml_df_it_v1:target-speaker:4998,ml_df_it_v1:content:IT_4998_7877_000367_1,d1b68266a0361f65e14a93480dbe79cc7051274db01b9a291c3369493dec9a2f,3.944,,,,,,unknown,synthetic_ml_df,16000,wav,,,2026-08-09T04:16:22.460999Z
ml_df_it_v1:IT_4998_11418_000608_1_g,processed/21/21b0ead62e46fa1c710654541a57735f55fabd07767f3aea3082778a9ade7f3e.wav,a71784cb080214c68f9e49d3e956fecc3152786a055f83aa60811dee63cd5403,ood,bonafide,other,unknown,ml_df_it_v1:target-speaker:4998,ml_df_it_v1,CC-BY-4.0,ML-DF v1 CC-BY-4.0; source MLS is CC-BY-4.0,ml_df_it_v1:target-speaker:4998,ml_df_it_v1:content:IT_4998_11418_000608_1,400da425d746383a3c6dbeaa13523b8d73e99083ece6857ea3caf6654ceb6b4a,3.753,,,,,,unknown,synthetic_ml_df,16000,wav,,,2026-08-09T04:16:22.460999Z
ml_df_it_v1:IT_4998_6241_000223_3_g,processed/cd/cd939ea254543ef489be89b605ba7c3d2842286418ca689139b07489548d7b5e.wav,0a355f687e79710255a4a8040d233cef645ae663f6c48f5959020a5495f3baa5,ood,bonafide,other,unknown,ml_df_it_v1:target-speaker:4998,ml_df_it_v1,CC-BY-4.0,ML-DF v1 CC-BY-4.0; source MLS is CC-BY-4.0,ml_df_it_v1:target-speaker:4998,ml_df_it_v1:content:IT_4998_6241_000223_3,b4a5c09c314c137f43c3484e4978405552858d60e51cbc5591dfbfa5be07b9d4,3.349,,,,,,unknown,synthetic_ml_df,16000,wav,,,2026-08-09T04:16:22.460999Z
ml_df_it_v1:IT_4998_7720_000159_2_g,processed/11/111c7ef733d346e31d9516f203dbe0b3532167fd246ce68cc84fec9ba973ab6d.wav,e801ad4ee7d5b8aed960707451e4dcd7030aa27b8061cf557488534a81c8af11,ood,bonafide,other,unknown,ml_df_it_v1:target-speaker:4998,ml_df_it_v1,CC-BY-4.0,ML-DF v1 CC-BY-4.0; source MLS is CC-BY-4.0,ml_df_it_v1:target-speaker:4998,ml_df_it_v1:content:IT_4998_7720_000159_2,504467b714c10cce5d6248d7c0fd664fbb90e0b5a63eea45c08bc9074b1021c5,4.478,,,,,,unknown,synthetic_ml_df,16000,wav,,,2026-08-09T04:16:22.460999Z
ml_df_it_v1:IT_4998_6589_000108_0_g,processed/39/399b141a8d9e45ade0c5f75f46813b90b6d36cd7e084be807ef609193a351ea7.wav,7284a6b265f9ce80a7e9a58273574ef197eca828b5cfa5e83722c4c14dfbe1a0,ood,bonafide,other,unknown,ml_df_it_v1:target-speaker:4998,ml_df_it_v1,CC-BY-4.0,ML-DF v1 CC-BY-4.0; source MLS is CC-BY-4.0,ml_df_it_v1:target-speaker:4998,ml_df_it_v1:content:IT_4998_6589_000108_0,c5412f7baa699e74981e0980092cc00cfec08abef19460608b4e93a35ecc2f92,3.948,,,,,,unknown,synthetic_ml_df,16000,wav,,,2026-08-09T04:16:22.460999Z
ml_df_it_v1:IT_6807_7050_001044_1_g,processed/02/0271237b91f7dcb81a2d938a432b3985fffb536eca43a492576b6f4fde7e5585.wav,5b716bd0108357376f62d33039e11a8d950dc794badc7a28ac4fff4fed835cbc,ood,bonafide,other,unknown,ml_df_it_v1:target-speaker:6807,ml_df_it_v1,CC-BY-4.0,ML-DF v1 CC-BY-4.0; source MLS is CC-BY-4.0,ml_df_it_v1:target-speaker:6807,ml_df_it_v1:content:IT_6807_7050_001044_1,ad8fadecec280ea96c4ed7193de51fe1fda80cf588efe0b988337e5fbcb51b13,2.831,,,,,,unknown,synthetic_ml_df,16000,wav,,,2026-08-09T04:16:22.460999Z
ml_df_it_v1:IT_4998_11418_000608_0_g,processed/89/893980deebae3943a83bdb13ed28e8ed783ce664697ca275ff2ba941d28e95bc.wav,b94eba8df9d7882e84072df346814c83aef9650045c0c26142cdd0c934604d85,ood,bonafide,other,unknown,ml_df_it_v1:target-speaker:4998,ml_df_it_v1,CC-BY-4.0,ML-DF v1 CC-BY-4.0; source MLS is CC-BY-4.0,ml_df_it_v1:target-speaker:4998,ml_df_it_v1:content:IT_4998_11418_000608_0,faa14a75a0887c001f85e8134832abaf70e19253299eff2b2f1407bde46772c7,3.912,,,,,,unknown,synthetic_ml_df,16000,wav,,,2026-08-09T04:16:22.460999Z
ml_df_it_v1:IT_6807_7050_001567_4_g,processed/21/21e49c106f912d1cb807525a897a0da95edd5c7253f33bea454e54e1eb2ca673.wav,bbdbc4492d89349be7d51052d7d2714674f5e4ce1be04a81e2095be88c035408,ood,bonafide,other,unknown,ml_df_it_v1:target-speaker:6807,ml_df_it_v1,CC-BY-4.0,ML-DF v1 CC-BY-4.0; source MLS is CC-BY-4.0,ml_df_it_v1:target-speaker:6807,ml_df_it_v1:content:IT_6807_7050_001567_4,a2dc3307adfe1caf325dcb49eff63908c8e89ea2c4b883328407d575dbaf880f,4.024,,,,,,unknown,synthetic_ml_df,16000,wav,,,2026-08-09T04:16:22.460999Z
ml_df_it_v1:IT_6807_7877_000013_1_g,processed/db/db7416064c78d1f170444253fac2317395969d746b88ade213db19bf5f084d5f.wav,ceebcd2b903da93c5c697213934a0daaca03fe862ba04f9fb03062845ec5e2cb,ood,bonafide,other,unknown,ml_df_it_v1:target-speaker:6807,ml_df_it_v1,CC-BY-4.0,ML-DF v1 CC-BY-4.0; source MLS is CC-BY-4.0,ml_df_it_v1:target-speaker:6807,ml_df_it_v1:content:IT_6807_7877_000013_1,0c55b47e8ab7832cb1ed18859d546fe3e85eb6a52ad4e73404e6e3a9eaad3bf8,3.63,,,,,,unknown,synthetic_ml_df,16000,wav,,,2026-08-09T04:16:22.460999Z
ml_df_it_v1:IT_4998_8610_000020_1_g,processed/38/385600b0eb0ce74b4c40128b1852923b0b21b118d71ca6a1dda70d7264342c68.wav,47c55a3d44d43d0659a98ff6e937a4b4c96a42bbe835a34761e49be8193462a2,ood,bonafide,other,unknown,ml_df_it_v1:target-speaker:4998,ml_df_it_v1,CC-BY-4.0,ML-DF v1 CC-BY-4.0; source MLS is CC-BY-4.0,ml_df_it_v1:target-speaker:4998,ml_df_it_v1:content:IT_4998_8610_000020_1,c9e52868bc2c8d1c7f35f0d7c878559790b31b40f31a8c97301ad9810432d116,3.817,,,,,,unknown,synthetic_ml_df,16000,wav,,,2026-08-09T04:16:22.460999Z
ml_df_it_v1:IT_4998_7877_000273_2_g,processed/32/326e70c0702942bbe27264d3aa3e06321f8a4426f42fba6669b6d4613feea3a9.wav,2dac9f68871a9ec31dbb22b000fa625fd46ad6d2b2b1c2bf099844f6cdbbd415,ood,bonafide,other,unknown,ml_df_it_v1:target-speaker:4998,ml_df_it_v1,CC-BY-4.0,ML-DF v1 CC-BY-4.0; source MLS is CC-BY-4.0,ml_df_it_v1:target-speaker:4998,ml_df_it_v1:content:IT_4998_7877_000273_2,d43301639473e31574c0d10d1de8b2206442083f0623de5afeffa70fabc6719c,4.592,,,,,,unknown,synthetic_ml_df,16000,wav,,,2026-08-09T04:16:22.460999Z
ml_df_it_v1:IT_6807_6241_000005_1_g,processed/0f/0ff1f973c243d0b9dc478cd995e1928d0191decfdba1ae9ffd7fed5eb5130629.wav,e814f58a478c691ed479891c83a9789f443c7d1391e5573e932d8bfc34f19e9c,ood,bonafide,other,unknown,ml_df_it_v1:target-speaker:6807,ml_df_it_v1,CC-BY-4.0,ML-DF v1 CC-BY-4.0; source MLS is CC-BY-4.0,ml_df_it_v1:target-speaker:6807,ml_df_it_v1:content:IT_6807_6241_000005_1,def26efd75f0fbff69a1b324ed705c243ab05a74d3a977a8db85b9c471bfdc18,4.981,,,,,,unknown,synthetic_ml_df,16000,wav,,,2026-08-09T04:16:22.460999Z
ml_df_it_v1:IT_6807_7877_000271_2_g,processed/96/96bd0b1788bfa750893c53976708d1f75e0b7e95917b40ea3b24eb526a8c53e1.wav,a05e01dd853efdb18ae325a6f0e7c3ac12a48eb0fad1f4273796279bf036ea03,ood,bonafide,other,unknown,ml_df_it_v1:target-speaker:6807,ml_df_it_v1,CC-BY-4.0,ML-DF v1 CC-BY-4.0; source MLS is CC-BY-4.0,ml_df_it_v1:target-speaker:6807,ml_df_it_v1:content:IT_6807_7877_000271_2,6e5417d9881a3b1f2c018b091650f8a8f01b42deb2827f577cbe44060c9cf323,5.358,,,,,,unknown,synthetic_ml_df,16000,wav,,,2026-08-09T04:16:22.460999Z
ml_df_it_v1:IT_4998_11418_000120_3_g,processed/ba/bae65dda47a66608dc059694ca5f529e5d7ccf641a4c2121bb16ec28bf4876dc.wav,41e3ca6c8c8d462529cf54a6368f258d05c48d35738890e3e63df6f1156469ad,ood,bonafide,other,unknown,ml_df_it_v1:target-speaker:4998,ml_df_it_v1,CC-BY-4.0,ML-DF v1 CC-BY-4.0; source MLS is CC-BY-4.0,ml_df_it_v1:target-speaker:4998,ml_df_it_v1:content:IT_4998_11418_000120_3,d7fe5b545108d527662b27f152d944040b9f40d3b4e9712423fe3a65b694068e,4.063,,,,,,unknown,synthetic_ml_df,16000,wav,,,2026-08-09T04:16:22.460999Z
ml_df_it_v1:IT_6807_7050_001699_1_g,processed/c0/c018399c6f1f96b0da1fa7d8615f95799e7cfae14fdcc01e4ca9e1c410a4e967.wav,27b057476144bba4f04b6e2d7b0de4493740a73fb55c53b6b12d922c4da07494,ood,bonafide,other,unknown,ml_df_it_v1:target-speaker:6807,ml_df_it_v1,CC-BY-4.0,ML-DF v1 CC-BY-4.0; source MLS is CC-BY-4.0,ml_df_it_v1:target-speaker:6807,ml_df_it_v1:content:IT_6807_7050_001699_1,37f1aa24cc9ab53abe0becce16976c27e3a4c5bae89ab2d91d69461bc98ececf,4.529,,,,,,unknown,synthetic_ml_df,16000,wav,,,2026-08-09T04:16:22.460999Z
ml_df_it_v1:IT_6807_7050_000747_0_g,processed/07/0785e852d109491999638b008e36597c69c451ac9e68a2922a4ea743463ce075.wav,af34059a80d7879b387639cd4de89eb39331099d6122ababa079e65d8a8c6f3c,ood,bonafide,other,unknown,ml_df_it_v1:target-speaker:6807,ml_df_it_v1,CC-BY-4.0,ML-DF v1 CC-BY-4.0; source MLS is CC-BY-4.0,ml_df_it_v1:target-speaker:6807,ml_df_it_v1:content:IT_6807_7050_000747_0,6babaff49f2876f8b5796009ecf12215299b66ca63ecbd73b5e15abb2a23d3cc,3.271,,,,,,unknown,synthetic_ml_df,16000,wav,,,2026-08-09T04:16:22.460999Z
ml_df_it_v1:IT_6807_7050_001598_0_g,processed/6b/6b01ac1068662b929d7dc74b74a8a6b5cf24ddf0bf917f86d1a0be43ed14e84b.wav,952bb210d03128f0a288f5e6026062a3447bd7790c29f6addd62188d2360aa3f,ood,bonafide,other,unknown,ml_df_it_v1:target-speaker:6807,ml_df_it_v1,CC-BY-4.0,ML-DF v1 CC-BY-4.0; source MLS is CC-BY-4.0,ml_df_it_v1:target-speaker:6807,ml_df_it_v1:content:IT_6807_7050_001598_0,5aecd13131accb52a912b279e7a2a8ddf682f80f0b262f33aeef7906b0cf1dfe,4.078,,,,,,unknown,synthetic_ml_df,16000,wav,,,2026-08-09T04:16:22.460999Z
ml_df_it_v1:IT_6807_6241_000634_2_g,processed/5a/5aa344fdeea4548646f3d693e97165ad93c8e62d64bb0e5bc374e292cbc9de8a.wav,b4b48a8a02c4f15530ea2eb2987d4145741ad06cd93d1a7197fedad050c6dd6d,ood,bonafide,other,unknown,ml_df_it_v1:target-speaker:6807,ml_df_it_v1,CC-BY-4.0,ML-DF v1 CC-BY-4.0; source MLS is CC-BY-4.0,ml_df_it_v1:target-speaker:6807,ml_df_it_v1:content:IT_6807_6241_000634_2,7e429130f623c3d0033d4c8154b026e706a7037ae7d69c1f8b48eaff4aea1d4b,5.495,,,,,,unknown,synthetic_ml_df,16000,wav,,,2026-08-09T04:16:22.460999Z
ml_df_it_v1:IT_4998_3829_000451_1_g,processed/49/4992abeb83065dc8a248ee45c85fc4dfa0f48cc49671b3449323fe39ccc3b995.wav,2edc42e1ccd1cc72b1b644d729b89b97ad2e774932b68750d37ab3e85324d5a1,ood,bonafide,other,unknown,ml_df_it_v1:target-speaker:4998,ml_df_it_v1,CC-BY-4.0,ML-DF v1 CC-BY-4.0; source MLS is CC-BY-4.0,ml_df_it_v1:target-speaker:4998,ml_df_it_v1:content:IT_4998_3829_000451_1,e8400fdfa76a06c9ce904371bbcbab592e86e3363247f1b50956b00d9ceae49d,3.746,,,,,,unknown,synthetic_ml_df,16000,wav,,,2026-08-09T04:16:22.460999Z
ml_df_it_v1:IT_6807_7270_000062_2_g,processed/1c/1cefaaebd665190d1c99c8b5a22bd82cb0ace8f17b0247967bb94eea11f0e42d.wav,d2d638c6c1cc981ad7b94d9faaf8dd94e6495dd3d51e8a229443d3da7efb0188,ood,bonafide,other,unknown,ml_df_it_v1:target-speaker:6807,ml_df_it_v1,CC-BY-4.0,ML-DF v1 CC-BY-4.0; source MLS is CC-BY-4.0,ml_df_it_v1:target-speaker:6807,ml_df_it_v1:content:IT_6807_7270_000062_2,42a7cd4cf9d01bfa8bcd553329aeebd6b3ec3083c8b0d74a3cb1636c8a261014,4.349,,,,,,unknown,synthetic_ml_df,16000,wav,,,2026-08-09T04:16:22.460999Z
ml_df_it_v1:IT_6807_7050_001811_3_g,processed/7d/7de01b6eb13fe080450f9ce7e137adea7f62fdf00cb1dbacb32274adbd64f790.wav,f0e8592f44cdf0893a9796c7a920424dda6348dad5389ea1202eb141e6b7b6cf,ood,bonafide,other,unknown,ml_df_it_v1:target-speaker:6807,ml_df_it_v1,CC-BY-4.0,ML-DF v1 CC-BY-4.0; source MLS is CC-BY-4.0,ml_df_it_v1:target-speaker:6807,ml_df_it_v1:content:IT_6807_7050_001811_3,5f8a23c32232277589fa9c5b57579e00ff97eb04d5d890b323e6fd24e6146aeb,3.871,,,,,,unknown,synthetic_ml_df,16000,wav,,,2026-08-09T04:16:22.460999Z
ml_df_it_v1:IT_6807_7050_000385_2_g,processed/10/10c83fdf1d3bfb0e64f8ac1a9614d9236da670589993a6ea7891c0658f2b6cf4.wav,0a8c0e8d694404edea459cf85f0a6564418ea55b27171af050e316abba97cbf4,ood,bonafide,other,unknown,ml_df_it_v1:target-speaker:6807,ml_df_it_v1,CC-BY-4.0,ML-DF v1 CC-BY-4.0; source MLS is CC-BY-4.0,ml_df_it_v1:target-speaker:6807,ml_df_it_v1:content:IT_6807_7050_000385_2,ca9609d52c4198fc0affe6ab0bcb49fd37bb3a2e69c3823beb84979a9d830558,4.601,,,,,,unknown,synthetic_ml_df,16000,wav,,,2026-08-09T04:16:22.460999Z
ml_df_it_v1:IT_4998_6589_000108_3_g,processed/d1/d1574e0511dfc7d8d5c1012b4c6cb173ca0af00b657bf2f451052e4327cb2d97.wav,b76dd3b82a0f710aaee5b1c64ea531732bdab12481068e2e4ccf2b5fc695f1c7,ood,bonafide,other,unknown,ml_df_it_v1:target-speaker:4998,ml_df_it_v1,CC-BY-4.0,ML-DF v1 CC-BY-4.0; source MLS is CC-BY-4.0,ml_df_it_v1:target-speaker:4998,ml_df_it_v1:content:IT_4998_6589_000108_3,a8b36172b30ece8475f1c42a2d826f61a65686cdb5fbd3d4a198eb264c912aa5,4.674,,,,,,unknown,synthetic_ml_df,16000,wav,,,2026-08-09T04:16:22.460999Z
ml_df_it_v1:IT_6807_6241_000369_1_g,processed/56/56c590fb070211d1432287433a1b06332d23d812aa8903b29d55b464c9de3781.wav,b0f6291fb5d791f59fa54aa46f254560f3369c21eb61b4811d5e7a02363a1b4c,ood,bonafide,other,unknown,ml_df_it_v1:target-speaker:6807,ml_df_it_v1,CC-BY-4.0,ML-DF v1 CC-BY-4.0; source MLS is CC-BY-4.0,ml_df_it_v1:target-speaker:6807,ml_df_it_v1:content:IT_6807_6241_000369_1,d96bf884cf035d1fd58f67b960507f965cc32648659451e29a697a9fa0770b4c,4.107,,,,,,unknown,synthetic_ml_df,16000,wav,,,2026-08-09T04:16:22.460999Z
ml_df_it_v1:IT_6807_7720_000239_0_g,processed/90/9025a5a6d7bcfe77a437a0d49cb60c3071dce52f4da3c2cbafce8f4fd62e521e.wav,27c675dd9f9bdbb9b54b3fd1332467dacc223c318801c488d00f29638c974dcf,ood,bonafide,other,unknown,ml_df_it_v1:target-speaker:6807,ml_df_it_v1,CC-BY-4.0,ML-DF v1 CC-BY-4.0; source MLS is CC-BY-4.0,ml_df_it_v1:target-speaker:6807,ml_df_it_v1:content:IT_6807_7720_000239_0,6f06158b6175fdac38d3a101cb9836ea7ef90305fe9e41d7797496b376ece6a8,4.341,,,,,,unknown,synthetic_ml_df,16000,wav,,,2026-08-09T04:16:22.460999Z
ml_df_it_v1:IT_6807_5862_000398_0_g,processed/f3/f35587634f3d32826f31453b02a76b12820047051404845dd8921503cdb6bd92.wav,aa12ca8f5c081852e53a584e3a836330fb9c73eac581714e7d6d926cd6205cfe,ood,bonafide,other,unknown,ml_df_it_v1:target-speaker:6807,ml_df_it_v1,CC-BY-4.0,ML-DF v1 CC-BY-4.0; source MLS is CC-BY-4.0,ml_df_it_v1:target-speaker:6807,ml_df_it_v1:content:IT_6807_5862_000398_0,b64016a3b035ac7a87462832c48bc5d64daead43e9ecd6e4ea9b0adf36954db0,3.521,,,,,,unknown,synthetic_ml_df,16000,wav,,,2026-08-09T04:16:22.460999Z
ml_df_it_v1:IT_6807_7050_000689_1_g,processed/05/054e4190665854490e8a50d28aa46abefbedee30f33a0395e3dff137953b93d6.wav,b2859444110139985d5dfe09955f918d467a4c58450cebc6fcf19074fa192a77,ood,bonafide,other,unknown,ml_df_it_v1:target-speaker:6807,ml_df_it_v1,CC-BY-4.0,ML-DF v1 CC-BY-4.0; source MLS is CC-BY-4.0,ml_df_it_v1:target-speaker:6807,ml_df_it_v1:content:IT_6807_7050_000689_1,c1350c8072e0a601337c0363d4aceb330c3d8a19b74be23aa28cf9c4381b1862,3.382,,,,,,unknown,synthetic_ml_df,16000,wav,,,2026-08-09T04:16:22.460999Z
ml_df_it_v1:IT_4998_6241_000079_1_g,processed/8a/8a74ea2e185acf3b84eaab1db0c7da6d06313b8d84117df0ef016fa6f063df94.wav,17cfae7d4a3c64020f5eee1f8639c5ede5979ce2eb0cdf8f542c449c4e6cba90,ood,bonafide,other,unknown,ml_df_it_v1:target-speaker:4998,ml_df_it_v1,CC-BY-4.0,ML-DF v1 CC-BY-4.0; source MLS is CC-BY-4.0,ml_df_it_v1:target-speaker:4998,ml_df_it_v1:content:IT_4998_6241_000079_1,102ab15b152996e0e8092d38d9936f4d504967f2465d9a199179c36cc54b0375,3.602,,,,,,unknown,synthetic_ml_df,16000,wav,,,2026-08-09T04:16:22.460999Z
ml_df_it_v1:IT_4998_7720_000227_0_g,processed/69/699ffd63b47374dbe7e6b98a56d7c9c62844d48aa3a48e8d2724afc57e501573.wav,64af001d63fe0be769b05f20c1fe00b534f0ef50e33c7011faa4b0b25b1d820c,ood,bonafide,other,unknown,ml_df_it_v1:target-speaker:4998,ml_df_it_v1,CC-BY-4.0,ML-DF v1 CC-BY-4.0; source MLS is CC-BY-4.0,ml_df_it_v1:target-speaker:4998,ml_df_it_v1:content:IT_4998_7720_000227_0,aef6997ed1eb7d2616256e1c1fece5a1e3179a319b1a77f1240b8b1d9129044e,4.201,,,,,,unknown,synthetic_ml_df,16000,wav,,,2026-08-09T04:16:22.460999Z
ml_df_it_v1:IT_4998_5568_000292_0_g,processed/5a/5acea7915c5c819ff78b5e2ae82784b80d22f181622c1ce897990aefdb258af4.wav,1a4ab30e6728045e15bb290c69b6f279f9db270dd025e2d337123d58b7a57e03,ood,bonafide,other,unknown,ml_df_it_v1:target-speaker:4998,ml_df_it_v1,CC-BY-4.0,ML-DF v1 CC-BY-4.0; source MLS is CC-BY-4.0,ml_df_it_v1:target-speaker:4998,ml_df_it_v1:content:IT_4998_5568_000292_0,4b4a799ec22aee191882dbaa6a0ea6f1f794b457af926665873b6a181e513344,3.824,,,,,,unknown,synthetic_ml_df,16000,wav,,,2026-08-09T04:16:22.460999Z
ml_df_it_v1:IT_6807_7877_000322_1_g,processed/bb/bbadc2febdd84a2de71315c4f3aaa962fbd2fbadec58551b4d0e4b14ab9d454d.wav,703c8f95d3b69e6627e7da2fc5eaf8c914353476630258c10fd5a856ca9fabbc,ood,bonafide,other,unknown,ml_df_it_v1:target-speaker:6807,ml_df_it_v1,CC-BY-4.0,ML-DF v1 CC-BY-4.0; source MLS is CC-BY-4.0,ml_df_it_v1:target-speaker:6807,ml_df_it_v1:content:IT_6807_7877_000322_1,dca67f9cb208cc1bbe76983b2d4805b789db6fb815b2cbec5bae9999e65836b2,4.141,,,,,,unknown,synthetic_ml_df,16000,wav,,,2026-08-09T04:16:22.460999Z
ml_df_it_v1:IT_6807_7050_000630_2_g,processed/fa/fa87116e3bd8175c152349e09591504d2be6f78874fdcaa05ef80816b8ee32b7.wav,d1066c3333cb90062bf8a91105c8201ecb09b03a46751d9c3ac871ffbe06015f,ood,bonafide,other,unknown,ml_df_it_v1:target-speaker:6807,ml_df_it_v1,CC-BY-4.0,ML-DF v1 CC-BY-4.0; source MLS is CC-BY-4.0,ml_df_it_v1:target-speaker:6807,ml_df_it_v1:content:IT_6807_7050_000630_2,7848504e155c6bc581b3894d38f94216c2b27dd82f8cf370aa35829113abe7b7,4.43,,,,,,unknown,synthetic_ml_df,16000,wav,,,2026-08-09T04:16:22.460999Z
ml_df_it_v1:IT_4998_5568_000309_1_g,processed/05/056f0c2191cb66e3a0f643c5e8eefa6f76ba9ab24e961ba920d1dcf286dc63eb.wav,5be3ce5eae2bf5e12bca0a20337dca6d7a351738776d7a34e6b5bd018ae490ee,ood,bonafide,other,unknown,ml_df_it_v1:target-speaker:4998,ml_df_it_v1,CC-BY-4.0,ML-DF v1 CC-BY-4.0; source MLS is CC-BY-4.0,ml_df_it_v1:target-speaker:4998,ml_df_it_v1:content:IT_4998_5568_000309_1,07b13b5232aa36f62e1df719a28b117e52e276a411d0872f042535d5a7d5cc22,4.615,,,,,,unknown,synthetic_ml_df,16000,wav,,,2026-08-09T04:16:22.460999Z
ml_df_it_v1:IT_4998_10011_000310_0_g,processed/1b/1b2ba58f480af5f59a47190a50f8bc8602e0967466929f8db94b7eb7c24268b7.wav,993f8e1cd049df0f442e172f78d44116576581146029be6d3b30172acfda190e,ood,bonafide,other,unknown,ml_df_it_v1:target-speaker:4998,ml_df_it_v1,CC-BY-4.0,ML-DF v1 CC-BY-4.0; source MLS is CC-BY-4.0,ml_df_it_v1:target-speaker:4998,ml_df_it_v1:content:IT_4998_10011_000310_0,8b8f89f6404c7486649b4f39b8fc08f5518a32fcb663f6525433d0ca158fbd2b,4.059,,,,,,unknown,synthetic_ml_df,16000,wav,,,2026-08-09T04:16:22.460999Z
ml_df_it_v1:IT_6807_7050_000011_5_g,processed/a1/a19f4afbdc0a4f4131f651556b29fb50436c4f7cd4a3fcef1d453114a1f58ab6.wav,feb87905cb1eb8144a2dc7d6a6a8a1209b3888ae5b552211a695e4afa5690221,ood,bonafide,other,unknown,ml_df_it_v1:target-speaker:6807,ml_df_it_v1,CC-BY-4.0,ML-DF v1 CC-BY-4.0; source MLS is CC-BY-4.0,ml_df_it_v1:target-speaker:6807,ml_df_it_v1:content:IT_6807_7050_000011_5,ad5512af6377f0af053957f6ad69075428b04469c609b453d509a1f9ecb553ec,2.567,,,,,,unknown,synthetic_ml_df,16000,wav,,,2026-08-09T04:16:22.460999Z
ml_df_it_v1:IT_3129_529_000044_2_4998_DDDM-VC,processed/6b/6b14d2dae1097aaac1f3a57cc90af4d481dbd7739301320cd0f9361c3710f0bb.wav,574e775970f21b5acf0ce5371312dbce84af6b94c731eac05246a3c0585692bc,ood,spoof,other,unknown,ml_df_it_v1:target-speaker:4998,ml_df_it_v1,CC-BY-4.0,ML-DF v1 CC-BY-4.0; source MLS is CC-BY-4.0,ml_df_it_v1:target-speaker:4998,ml_df_it_v1:content:IT_3129_529_000044_2,da888fef6ceefc6540dfbddc2356eb60eff5a723cfbc22fa30ecba9a94194158,4.64,vc,DDDM-VC,ML-DF-v1,ml_df_it_v1:target-speaker:4998,,unknown,synthetic_ml_df,16000,wav,,,2026-08-09T04:16:22.460999Z
ml_df_it_v1:IT_280_529_000028_1_4998_DDDM-VC,processed/a4/a4995fa8d2a3d42d00256272a9929fc66abf51bcf4063f4296805566581ac2b7.wav,a23d3aaa92383c3780e2a1010764f1541951da5e1f73f19369b59e35d9832516,ood,spoof,other,unknown,ml_df_it_v1:target-speaker:4998,ml_df_it_v1,CC-BY-4.0,ML-DF v1 CC-BY-4.0; source MLS is CC-BY-4.0,ml_df_it_v1:target-speaker:4998,ml_df_it_v1:content:IT_280_529_000028_1,4a036b9eaa1f6a41936d1c9519e2a054a2a9d4cebb3deebc364ff3aaee952a83,3.76,vc,DDDM-VC,ML-DF-v1,ml_df_it_v1:target-speaker:4998,,unknown,synthetic_ml_df,16000,wav,,,2026-08-09T04:16:22.460999Z
ml_df_it_v1:IT_11247_8906_000079_4_6807_DDDM-VC,processed/c4/c4714c55b53af4bd40a2cac00258f7fd73cc86de1bff8aa1b34b6d446a880aad.wav,e4d149f2d953561d0adb8af80b3ce442e7cb8f6a7262eb2a3666824cebd3c56c,ood,spoof,other,unknown,ml_df_it_v1:target-speaker:6807,ml_df_it_v1,CC-BY-4.0,ML-DF v1 CC-BY-4.0; source MLS is CC-BY-4.0,ml_df_it_v1:target-speaker:6807,ml_df_it_v1:content:IT_11247_8906_000079_4,fe06d62dbd460be77a83492be6e68665af4bdde938ed0d00bcfe096e5084bc11,2.8,vc,DDDM-VC,ML-DF-v1,ml_df_it_v1:target-speaker:6807,,unknown,synthetic_ml_df,16000,wav,,,2026-08-09T04:16:22.460999Z
ml_df_it_v1:IT_166_529_000069_0_4998_DDDM-VC,processed/d4/d4f6fdf9358448f78242fce271ea0f27f2a5207cc9954849d90bb2ecd8cb0759.wav,2ba88d8a9d0d948354d2b4216c6f620822f1f245fb2b717911465d2c84ef6d4b,ood,spoof,other,unknown,ml_df_it_v1:target-speaker:4998,ml_df_it_v1,CC-BY-4.0,ML-DF v1 CC-BY-4.0; source MLS is CC-BY-4.0,ml_df_it_v1:target-speaker:4998,ml_df_it_v1:content:IT_166_529_000069_0,eef7ce095a2bb718529250e22ee4a063960d45b52f22c4e236b443d3a350e013,5.68,vc,DDDM-VC,ML-DF-v1,ml_df_it_v1:target-speaker:4998,,unknown,synthetic_ml_df,16000,wav,,,2026-08-09T04:16:22.460999Z
ml_df_it_v1:IT_4712_5281_000070_3_4998_DDDM-VC,processed/76/76348c304953681588d4c4857cbf7d48ffea2a604777d8e6d24c86c1dd380448.wav,594cdda239ca43da8f27fb0bdfafdd87c3b5e663cd461d5f8a5f4a7b61e746d9,ood,spoof,other,unknown,ml_df_it_v1:target-speaker:4998,ml_df_it_v1,CC-BY-4.0,ML-DF v1 CC-BY-4.0; source MLS is CC-BY-4.0,ml_df_it_v1:target-speaker:4998,ml_df_it_v1:content:IT_4712_5281_000070_3,c90b6517413a436ae7cc78166aec6bc729268c6b2d90e00f1387e5bf6939a402,3.92,vc,DDDM-VC,ML-DF-v1,ml_df_it_v1:target-speaker:4998,,unknown,synthetic_ml_df,16000,wav,,,2026-08-09T04:16:22.460999Z
ml_df_it_v1:IT_166_529_000064_6_4998_DDDM-VC,processed/75/7516462ef686ef0e286c085d989f1b242d30dda4e491770985a561680759e28c.wav,cc728ff85c7223b27fc7871179c551d0d25daf17e84fa2ce649a5d5c350f10cf,ood,spoof,other,unknown,ml_df_it_v1:target-speaker:4998,ml_df_it_v1,CC-BY-4.0,ML-DF v1 CC-BY-4.0; source MLS is CC-BY-4.0,ml_df_it_v1:target-speaker:4998,ml_df_it_v1:content:IT_166_529_000064_6,19a06c81bb2c20b34ffc5d5eed6b8fc4063aeb7a5f8fc4847d19e347dd282b95,4.08,vc,DDDM-VC,ML-DF-v1,ml_df_it_v1:target-speaker:4998,,unknown,synthetic_ml_df,16000,wav,,,2026-08-09T04:16:22.460999Z
ml_df_it_v1:IT_4712_5281_000039_2_6807_DDDM-VC,processed/5b/5bb681893731ac236038ed3c051b0975a82a2ffd4f667896e783c465685c29fc.wav,b5fa488aa66faf50d84063ac5e739637705adad783457475b734a43a49d23a97,ood,spoof,other,unknown,ml_df_it_v1:target-speaker:6807,ml_df_it_v1,CC-BY-4.0,ML-DF v1 CC-BY-4.0; source MLS is CC-BY-4.0,ml_df_it_v1:target-speaker:6807,ml_df_it_v1:content:IT_4712_5281_000039_2,1a019a4ad99f33ea353e79cc0c22cc520d688f59fcc7bdd2d408b42af5096a6e,4.48,vc,DDDM-VC,ML-DF-v1,ml_df_it_v1:target-speaker:6807,,unknown,synthetic_ml_df,16000,wav,,,2026-08-09T04:16:22.460999Z
ml_df_it_v1:IT_4712_5281_000086_0_6807_DDDM-VC,processed/dc/dc9b6060eb8227c1d67d77776726156084e447bff2c930a668eb80cc3fe09426.wav,09eef03a23089d2b53cce63ac367883a833c1027e00fee1818c64731b785f782,ood,spoof,other,unknown,ml_df_it_v1:target-speaker:6807,ml_df_it_v1,CC-BY-4.0,ML-DF v1 CC-BY-4.0; source MLS is CC-BY-4.0,ml_df_it_v1:target-speaker:6807,ml_df_it_v1:content:IT_4712_5281_000086_0,14ab198efb029fa3ca827685ab4a7bed763791a66151424c63872b255c40dd0c,4.64,vc,DDDM-VC,ML-DF-v1,ml_df_it_v1:target-speaker:6807,,unknown,synthetic_ml_df,16000,wav,,,2026-08-09T04:16:22.460999Z
ml_df_it_v1:IT_8613_7877_000045_3_6807_DDDM-VC,processed/d2/d2ead116fd20ad4aa368724e713a461c9a8b0fa285dde27606de19bc9d35953a.wav,9883e85a997b28831c419e7c5dcbf41eeaa11ad00f17891e0c7d5062b2902998,ood,spoof,other,unknown,ml_df_it_v1:target-speaker:6807,ml_df_it_v1,CC-BY-4.0,ML-DF v1 CC-BY-4.0; source MLS is CC-BY-4.0,ml_df_it_v1:target-speaker:6807,ml_df_it_v1:content:IT_8613_7877_000045_3,5a290fcd9b2047dcd85aca584a26d5fd950d1da9c8eeb54f4c1ac4b961e9a187,2.72,vc,DDDM-VC,ML-DF-v1,ml_df_it_v1:target-speaker:6807,,unknown,synthetic_ml_df,16000,wav,,,2026-08-09T04:16:22.460999Z
ml_df_it_v1:IT_13211_8906_000041_4_4998_DDDM-VC,processed/e7/e7f946533754de6ca7f6245c0cfcdde3cbde3609b840a8aca6069804b654e00f.wav,452871f752c076e7cdb4bf64860cb60d6bb8740e59ab164d7ab7415031320076,ood,spoof,other,unknown,ml_df_it_v1:target-speaker:4998,ml_df_it_v1,CC-BY-4.0,ML-DF v1 CC-BY-4.0; source MLS is CC-BY-4.0,ml_df_it_v1:target-speaker:4998,ml_df_it_v1:content:IT_13211_8906_000041_4,d309ccf169148d9563d2dcebe72b9badc76192ff3b7d03eea4bcf78c88df3bde,3.52,vc,DDDM-VC,ML-DF-v1,ml_df_it_v1:target-speaker:4998,,unknown,synthetic_ml_df,16000,wav,,,2026-08-09T04:16:22.460999Z
ml_df_it_v1:IT_646_529_000030_1_6807_DDDM-VC,processed/de/dee7affdf0c950efa3edeb19a897987d8eaf696c5b92d2a506b2a0a7a2d1a755.wav,3ed359c7a3394830016fa458e9d665186593644285e6595678735d91cc298ce4,ood,spoof,other,unknown,ml_df_it_v1:target-speaker:6807,ml_df_it_v1,CC-BY-4.0,ML-DF v1 CC-BY-4.0; source MLS is CC-BY-4.0,ml_df_it_v1:target-speaker:6807,ml_df_it_v1:content:IT_646_529_000030_1,705acb09511a677582ec6141ef0aa0c2635a81b5bd259d5fd69dc846b5582f47,4.72,vc,DDDM-VC,ML-DF-v1,ml_df_it_v1:target-speaker:6807,,unknown,synthetic_ml_df,16000,wav,,,2026-08-09T04:16:22.460999Z
ml_df_it_v1:IT_12598_9630_000036_4_6807_DDDM-VC,processed/9f/9f2aa854870099c34731b539d8dc59aaa3dbf1427c14f977e105df2dbb819f21.wav,c1ad06a7f415e6c9851094af25646b69ae93652e2903b62344182fbfea98b442,ood,spoof,other,unknown,ml_df_it_v1:target-speaker:6807,ml_df_it_v1,CC-BY-4.0,ML-DF v1 CC-BY-4.0; source MLS is CC-BY-4.0,ml_df_it_v1:target-speaker:6807,ml_df_it_v1:content:IT_12598_9630_000036_4,a54c9bc83b9715f4f67fc63e6e69df056fdf9bb3e0518d5bda300be203321a25,3.04,vc,DDDM-VC,ML-DF-v1,ml_df_it_v1:target-speaker:6807,,unknown,synthetic_ml_df,16000,wav,,,2026-08-09T04:16:22.460999Z
ml_df_it_v1:IT_1447_2532_000041_3_6807_DDDM-VC,processed/84/84c2d8104019fca981d92e92f8e3f62169dc259bd3ed5ffaf2d8cbb472cc97cb.wav,e21c79e1355dde548dbc4734860c4a2c3b9a093031c9fcd01173452062c49ca8,ood,spoof,other,unknown,ml_df_it_v1:target-speaker:6807,ml_df_it_v1,CC-BY-4.0,ML-DF v1 CC-BY-4.0; source MLS is CC-BY-4.0,ml_df_it_v1:target-speaker:6807,ml_df_it_v1:content:IT_1447_2532_000041_3,2af8dcbdf86e85f286cf82d96085741ea924d64b17540cd5d7730d09fa55aa93,4.32,vc,DDDM-VC,ML-DF-v1,ml_df_it_v1:target-speaker:6807,,unknown,synthetic_ml_df,16000,wav,,,2026-08-09T04:16:22.460999Z
ml_df_it_v1:IT_3129_529_000070_0_4998_DDDM-VC,processed/80/800468327271318af3177ca0e9ec5cf3c420da2d4d7ca3bf26e7df3ae1e40961.wav,ea3e73ea3fd49273e64aaf3f9d3722e99e3f3deb6395cc4b9287d05dd86f4dad,ood,spoof,other,unknown,ml_df_it_v1:target-speaker:4998,ml_df_it_v1,CC-BY-4.0,ML-DF v1 CC-BY-4.0; source MLS is CC-BY-4.0,ml_df_it_v1:target-speaker:4998,ml_df_it_v1:content:IT_3129_529_000070_0,05f2794d677a8d8efe148873ac20e366298f8899b6e9719dd4b6f6c8e35795e1,3.92,vc,DDDM-VC,ML-DF-v1,ml_df_it_v1:target-speaker:4998,,unknown,synthetic_ml_df,16000,wav,,,2026-08-09T04:16:22.460999Z
ml_df_it_v1:IT_12598_9630_000025_0_4998_DDDM-VC,processed/23/23db388b039ca3c41075dee8169b5b73963251afb76cd1a498962813e5db0e9b.wav,82c1576df8fa102e3235d1b656209c7026b842b21fd5f02e49163311221d6faf,ood,spoof,other,unknown,ml_df_it_v1:target-speaker:4998,ml_df_it_v1,CC-BY-4.0,ML-DF v1 CC-BY-4.0; source MLS is CC-BY-4.0,ml_df_it_v1:target-speaker:4998,ml_df_it_v1:content:IT_12598_9630_000025_0,dc7db2609c6129debc80d865c833b323f3d0766ba4296880abf3a78055a0c8bb,4.56,vc,DDDM-VC,ML-DF-v1,ml_df_it_v1:target-speaker:4998,,unknown,synthetic_ml_df,16000,wav,,,2026-08-09T04:16:22.460999Z
ml_df_it_v1:IT_646_529_000095_0_6807_DDDM-VC,processed/fe/fe6db75e1542a4c7d3a4dd1d3958740b949076e1a8b34af98597050d4e403028.wav,58506cbe8e524d4fbcec3f9f9806d177db0f2901fa65e3129ee616a37bc89a12,ood,spoof,other,unknown,ml_df_it_v1:target-speaker:6807,ml_df_it_v1,CC-BY-4.0,ML-DF v1 CC-BY-4.0; source MLS is CC-BY-4.0,ml_df_it_v1:target-speaker:6807,ml_df_it_v1:content:IT_646_529_000095_0,eebe28b802a569d58277633ebac7b86aaf63f9bdd82455a26431e24cd4320b3c,3.6,vc,DDDM-VC,ML-DF-v1,ml_df_it_v1:target-speaker:6807,,unknown,synthetic_ml_df,16000,wav,,,2026-08-09T04:16:22.460999Z
ml_df_it_v1:IT_646_529_000001_1_6807_DDDM-VC,processed/5b/5b3b9557d146c9c4be1213c6dd16c5debd41c810cc9b0a26b37cb4a4f2520f79.wav,f611936f9ed707cf04bbe5e89077ab11322ee4056ddb15e5fa26dde94a777cba,ood,spoof,other,unknown,ml_df_it_v1:target-speaker:6807,ml_df_it_v1,CC-BY-4.0,ML-DF v1 CC-BY-4.0; source MLS is CC-BY-4.0,ml_df_it_v1:target-speaker:6807,ml_df_it_v1:content:IT_646_529_000001_1,4ae0d8f942672186116ef3a138932dec54813585a4aeeb8c0ef1ef61884e143e,3.92,vc,DDDM-VC,ML-DF-v1,ml_df_it_v1:target-speaker:6807,,unknown,synthetic_ml_df,16000,wav,,,2026-08-09T04:16:22.460999Z
ml_df_it_v1:IT_166_529_000044_3_4998_DDDM-VC,processed/21/21b59df45acd7f950a951a310696a3d68a57cf63c148124cf3adcec4d9a85fd1.wav,4a3d54cda89fc5582f8ad3da145a096d6eb9ee729bc69eae6ebdfea7987f8c48,ood,spoof,other,unknown,ml_df_it_v1:target-speaker:4998,ml_df_it_v1,CC-BY-4.0,ML-DF v1 CC-BY-4.0; source MLS is CC-BY-4.0,ml_df_it_v1:target-speaker:4998,ml_df_it_v1:content:IT_166_529_000044_3,546f0963dc2ec4374ae334623dd15b3e01085a804d938e1035df04728aeb1f81,4.64,vc,DDDM-VC,ML-DF-v1,ml_df_it_v1:target-speaker:4998,,unknown,synthetic_ml_df,16000,wav,,,2026-08-09T04:16:22.460999Z
ml_df_it_v1:IT_4712_5281_000077_3_6807_DDDM-VC,processed/d9/d96219d007868877c8e4b7cb62cf3168a5dd2f0ae1fbe160957da4c99a18e245.wav,c299c98f30b67ea0e35b71fb2016a994f66c15f698cb438d977e973c6d3190a3,ood,spoof,other,unknown,ml_df_it_v1:target-speaker:6807,ml_df_it_v1,CC-BY-4.0,ML-DF v1 CC-BY-4.0; source MLS is CC-BY-4.0,ml_df_it_v1:target-speaker:6807,ml_df_it_v1:content:IT_4712_5281_000077_3,be11f8a80137a832a307366bd235240f8631bd28394d98f0291880e5cd93c626,4.16,vc,DDDM-VC,ML-DF-v1,ml_df_it_v1:target-speaker:6807,,unknown,synthetic_ml_df,16000,wav,,,2026-08-09T04:16:22.460999Z
ml_df_it_v1:IT_3129_529_000077_0_4998_DDDM-VC,processed/f2/f20675084b7b7e723ebb94f6338c97b028f5206a152561ba47a1438e502d7088.wav,1262f1304b4f4d8c0ade0c9817a053e129b3b5419ee413b57414bea0be8a041a,ood,spoof,other,unknown,ml_df_it_v1:target-speaker:4998,ml_df_it_v1,CC-BY-4.0,ML-DF v1 CC-BY-4.0; source MLS is CC-BY-4.0,ml_df_it_v1:target-speaker:4998,ml_df_it_v1:content:IT_3129_529_000077_0,4d7988581486bb90353b2720efc16414ab64f109722da9fc855d55b2b5e31b05,4.64,vc,DDDM-VC,ML-DF-v1,ml_df_it_v1:target-speaker:4998,,unknown,synthetic_ml_df,16000,wav,,,2026-08-09T04:16:22.460999Z
ml_df_it_v1:IT_7230_6241_000138_0_6807_DDDM-VC,processed/2a/2a88e3c36ccd0f27c788af56a7ad14f2cd1f5497ea70d22678bd2fa0eab933fc.wav,3c72fc5634d55011a0702805d1341d3062071e6eb033c86acba4a48969f7c2d6,ood,spoof,other,unknown,ml_df_it_v1:target-speaker:6807,ml_df_it_v1,CC-BY-4.0,ML-DF v1 CC-BY-4.0; source MLS is CC-BY-4.0,ml_df_it_v1:target-speaker:6807,ml_df_it_v1:content:IT_7230_6241_000138_0,e33db1117bd0f0f4d1e0cd0542e5eba69a42245f1ae6369775d10ba1ee3ea584,4.72,vc,DDDM-VC,ML-DF-v1,ml_df_it_v1:target-speaker:6807,,unknown,synthetic_ml_df,16000,wav,,,2026-08-09T04:16:22.460999Z
ml_df_it_v1:IT_646_529_000045_3_6807_DDDM-VC,processed/75/752ed7eca49ae136241bc404fa08543633915aadc392d8ca1f013dadb14a4c71.wav,4bfdb8761106c199d660c0578b800dd94d50a53cf2f263dcdab65cb4034834bd,ood,spoof,other,unknown,ml_df_it_v1:target-speaker:6807,ml_df_it_v1,CC-BY-4.0,ML-DF v1 CC-BY-4.0; source MLS is CC-BY-4.0,ml_df_it_v1:target-speaker:6807,ml_df_it_v1:content:IT_646_529_000045_3,1a175100200ee17939a4d140613836f31b3202fa45c0a98a7dd0bec0f39b942b,4.0,vc,DDDM-VC,ML-DF-v1,ml_df_it_v1:target-speaker:6807,,unknown,synthetic_ml_df,16000,wav,,,2026-08-09T04:16:22.460999Z
ml_df_it_v1:IT_13211_8906_000032_4_6807_DDDM-VC,processed/b2/b25901e196258afcea50fe967c9df66c46444d265d54f21999ebf53971b73609.wav,032e359dc4fea41e761aaeb6101b9c420ba619d2264178b3a5201eb57c97edc8,ood,spoof,other,unknown,ml_df_it_v1:target-speaker:6807,ml_df_it_v1,CC-BY-4.0,ML-DF v1 CC-BY-4.0; source MLS is CC-BY-4.0,ml_df_it_v1:target-speaker:6807,ml_df_it_v1:content:IT_13211_8906_000032_4,4da6190df501fe50eeb734d4a6d6537b2ef18cf1e3057ca92ff23bf2931c63d8,3.28,vc,DDDM-VC,ML-DF-v1,ml_df_it_v1:target-speaker:6807,,unknown,synthetic_ml_df,16000,wav,,,2026-08-09T04:16:22.460999Z
ml_df_it_v1:IT_646_529_000021_1_4998_DDDM-VC,processed/8b/8bf5082d2cff55f9ef2e48422e228a534bc7cbba4d6ff7e7b74e6a40d5bf02dd.wav,cee9f8f856117f2001dec07dcf85c5125a57abef3ecbdaf67725170f09a03db3,ood,spoof,other,unknown,ml_df_it_v1:target-speaker:4998,ml_df_it_v1,CC-BY-4.0,ML-DF v1 CC-BY-4.0; source MLS is CC-BY-4.0,ml_df_it_v1:target-speaker:4998,ml_df_it_v1:content:IT_646_529_000021_1,e94bd298e36bd42d9cf3570da554564c47977d862b39a046d577d10e8e4c8661,4.48,vc,DDDM-VC,ML-DF-v1,ml_df_it_v1:target-speaker:4998,,unknown,synthetic_ml_df,16000,wav,,,2026-08-09T04:16:22.460999Z
ml_df_it_v1:IT_646_529_000013_1_4998_LVC-VC,processed/e1/e18a90049601e447249519c21f766e17badcc6f12d4c6f288dbcca4f017f9f2c.wav,74dc723fb3af263c0dfe66446c86f34f50cf65eabbc3b2cdbf04df4a92676073,ood,spoof,other,unknown,ml_df_it_v1:target-speaker:4998,ml_df_it_v1,CC-BY-4.0,ML-DF v1 CC-BY-4.0; source MLS is CC-BY-4.0,ml_df_it_v1:target-speaker:4998,ml_df_it_v1:content:IT_646_529_000013_1,b3bc90f893b7f506b2965dedfecc9afca929edffc7a3916fca12abdd3f02b86b,4.24,vc,LVC-VC,ML-DF-v1,ml_df_it_v1:target-speaker:4998,,unknown,synthetic_ml_df,16000,wav,,,2026-08-09T04:16:22.460999Z
ml_df_it_v1:IT_5537_3829_000132_7_6807_LVC-VC,processed/82/824ca1b10360ffb14abd312e6473d4a22885e0dcb356026da183dc8dd31d541f.wav,d5891c6aecf97a71585f2560e04a2aa486766d7b888f04aa22b38149c6094810,ood,spoof,other,unknown,ml_df_it_v1:target-speaker:6807,ml_df_it_v1,CC-BY-4.0,ML-DF v1 CC-BY-4.0; source MLS is CC-BY-4.0,ml_df_it_v1:target-speaker:6807,ml_df_it_v1:content:IT_5537_3829_000132_7,5f904bbfe39e700f87420c630d451f67173c0e762b441eb5b97ba7a8291cb3ea,4.32,vc,LVC-VC,ML-DF-v1,ml_df_it_v1:target-speaker:6807,,unknown,synthetic_ml_df,16000,wav,,,2026-08-09T04:16:22.460999Z
ml_df_it_v1:IT_12598_9630_000026_1_4998_LVC-VC,processed/74/7406943a0163de95971d027e05d7a69754966b502ed53b101f6da2b2d33e2cff.wav,e0a8c6ce03ae6198f4611612e39de497e89c0f0cfdb543fa18495ea64665efd9,ood,spoof,other,unknown,ml_df_it_v1:target-speaker:4998,ml_df_it_v1,CC-BY-4.0,ML-DF v1 CC-BY-4.0; source MLS is CC-BY-4.0,ml_df_it_v1:target-speaker:4998,ml_df_it_v1:content:IT_12598_9630_000026_1,8de3b1728da330bf31ce6fa90c539cc2e075aab0be66fb1eff03beb331f88c94,3.64,vc,LVC-VC,ML-DF-v1,ml_df_it_v1:target-speaker:4998,,unknown,synthetic_ml_df,16000,wav,,,2026-08-09T04:16:22.460999Z
ml_df_it_v1:IT_1558_11418_000019_1_6807_LVC-VC,processed/20/201bcea32bd6805f24a1d2bd618a19338ea66bc6beb87aaa16288062df40b9c7.wav,92727d2dc06a9a4367c920fc6eecb64f2009b0064893d3aec0d36d2d09e8f66a,ood,spoof,other,unknown,ml_df_it_v1:target-speaker:6807,ml_df_it_v1,CC-BY-4.0,ML-DF v1 CC-BY-4.0; source MLS is CC-BY-4.0,ml_df_it_v1:target-speaker:6807,ml_df_it_v1:content:IT_1558_11418_000019_1,f172023930f27693a48c082e0e65555e26e79905c24c0433d2d1639dcebe6a01,4.8,vc,LVC-VC,ML-DF-v1,ml_df_it_v1:target-speaker:6807,,unknown,synthetic_ml_df,16000,wav,,,2026-08-09T04:16:22.460999Z
ml_df_it_v1:IT_3863_2532_000070_0_4998_LVC-VC,processed/29/29eec5e1ecc7f722b1101a911ce41f472a2203f7476e28bf27ff235654612dd4.wav,3aa68537474bb2fb413414814e019d94960fc648ce2ef610bc9bd1c4c26bfde0,ood,spoof,other,unknown,ml_df_it_v1:target-speaker:4998,ml_df_it_v1,CC-BY-4.0,ML-DF v1 CC-BY-4.0; source MLS is CC-BY-4.0,ml_df_it_v1:target-speaker:4998,ml_df_it_v1:content:IT_3863_2532_000070_0,df08adb634eb4fcc1e52de64ae1b107a9b6434b8882095a4e9098257413d4986,2.92,vc,LVC-VC,ML-DF-v1,ml_df_it_v1:target-speaker:4998,,unknown,synthetic_ml_df,16000,wav,,,2026-08-09T04:16:22.460999Z
ml_df_it_v1:IT_10121_9630_000010_0_6807_LVC-VC,processed/c1/c1e484e0de2fcd36b6359c87dc8d3827f5d95375434a1b58485270076a989e39.wav,99f26c526d53357e0222610cd4e691caa6b31785c65484b7241330d7ea8c48d9,ood,spoof,other,unknown,ml_df_it_v1:target-speaker:6807,ml_df_it_v1,CC-BY-4.0,ML-DF v1 CC-BY-4.0; source MLS is CC-BY-4.0,ml_df_it_v1:target-speaker:6807,ml_df_it_v1:content:IT_10121_9630_000010_0,68dc677b45768443c14929eb4b87db6c9432c27cfbdddbc367143248a97170cf,4.32,vc,LVC-VC,ML-DF-v1,ml_df_it_v1:target-speaker:6807,,unknown,synthetic_ml_df,16000,wav,,,2026-08-09T04:16:22.460999Z
ml_df_it_v1:IT_3129_529_000051_1_4998_LVC-VC,processed/8f/8f32379dd219d7b908dfc770d9440edac591e8811d48f1d212a76ddd1f07c621.wav,bc2b4a8acfeebf1fead546a01a7f28145f142ae57cb6a38faa212c9c344da21e,ood,spoof,other,unknown,ml_df_it_v1:target-speaker:4998,ml_df_it_v1,CC-BY-4.0,ML-DF v1 CC-BY-4.0; source MLS is CC-BY-4.0,ml_df_it_v1:target-speaker:4998,ml_df_it_v1:content:IT_3129_529_000051_1,ee5d024c3bbd86a73eb12bab9b90c5049d71b0a1cae3dc0701aa95ef8a8ebdaa,4.14,vc,LVC-VC,ML-DF-v1,ml_df_it_v1:target-speaker:4998,,unknown,synthetic_ml_df,16000,wav,,,2026-08-09T04:16:22.460999Z
ml_df_it_v1:IT_646_529_000095_2_4998_LVC-VC,processed/34/34805016f1a29df12644684777d563b3254cdb9ca34d3e9c322eaf549de72f5b.wav,cac85e0fc3c25cf71eba0dce4f6940a27aa175b0de502c4019b5522987dd9d5f,ood,spoof,other,unknown,ml_df_it_v1:target-speaker:4998,ml_df_it_v1,CC-BY-4.0,ML-DF v1 CC-BY-4.0; source MLS is CC-BY-4.0,ml_df_it_v1:target-speaker:4998,ml_df_it_v1:content:IT_646_529_000095_2,00f08da37a1195c34d732abef1126c9d269b68aeaf4752ad0f235db172c31e26,4.42,vc,LVC-VC,ML-DF-v1,ml_df_it_v1:target-speaker:4998,,unknown,synthetic_ml_df,16000,wav,,,2026-08-09T04:16:22.460999Z
ml_df_it_v1:IT_9657_8906_000015_1_6807_LVC-VC,processed/dd/ddbf9fb25a3615a433cc5d357d3183227dd6ed008b1887121cb569ad7b9e1bbb.wav,d7d43f4be26fe9f53b9a3efd111793b310091c7feb33510bd0d8ae7f93229ec1,ood,spoof,other,unknown,ml_df_it_v1:target-speaker:6807,ml_df_it_v1,CC-BY-4.0,ML-DF v1 CC-BY-4.0; source MLS is CC-BY-4.0,ml_df_it_v1:target-speaker:6807,ml_df_it_v1:content:IT_9657_8906_000015_1,302093975c28a6360ddaedcda5edca66875cc7033e1f182c9ad5f0bff4ae14eb,4.52,vc,LVC-VC,ML-DF-v1,ml_df_it_v1:target-speaker:6807,,unknown,synthetic_ml_df,16000,wav,,,2026-08-09T04:16:22.460999Z
ml_df_it_v1:IT_3129_529_000051_3_4998_LVC-VC,processed/50/5028de13db6bcb683ab80467369ee869eff4dfd2fe8109f56ca3d60a0c655814.wav,65aef139414a7eaf0c497fc5a2ca8d53377913b3abc9c11d89c60cad9a8c8592,ood,spoof,other,unknown,ml_df_it_v1:target-speaker:4998,ml_df_it_v1,CC-BY-4.0,ML-DF v1 CC-BY-4.0; source MLS is CC-BY-4.0,ml_df_it_v1:target-speaker:4998,ml_df_it_v1:content:IT_3129_529_000051_3,1f0fcc45d4111542b59e51a245e6cba3b18813444d13fc329f8a4229a0254561,4.28,vc,LVC-VC,ML-DF-v1,ml_df_it_v1:target-speaker:4998,,unknown,synthetic_ml_df,16000,wav,,,2026-08-09T04:16:22.460999Z
ml_df_it_v1:IT_11247_8906_000024_2_6807_LVC-VC,processed/63/63b7e40e7d4cf3eb512f6c1a572522668beff63634b979c8730d01410c45be16.wav,e095a7ebc41b6f9431f40534f546de41526a7967034f3cd243240f10fa199d25,ood,spoof,other,unknown,ml_df_it_v1:target-speaker:6807,ml_df_it_v1,CC-BY-4.0,ML-DF v1 CC-BY-4.0; source MLS is CC-BY-4.0,ml_df_it_v1:target-speaker:6807,ml_df_it_v1:content:IT_11247_8906_000024_2,1ac17e56567209c029bc0a0b604367d3f6f69ebeee4b7bf52c22cb11981521fc,3.94,vc,LVC-VC,ML-DF-v1,ml_df_it_v1:target-speaker:6807,,unknown,synthetic_ml_df,16000,wav,,,2026-08-09T04:16:22.460999Z
ml_df_it_v1:IT_5537_3829_000044_0_4998_LVC-VC,processed/4f/4fa5ec26020f30be68eed9c7de1c8c3fd6ccb5a6f91927b93786599ca42279d5.wav,da4fe101e0b4317e3439c021ef09c830fb37ad892948b8664bf3ec0cf7a983f9,ood,spoof,other,unknown,ml_df_it_v1:target-speaker:4998,ml_df_it_v1,CC-BY-4.0,ML-DF v1 CC-BY-4.0; source MLS is CC-BY-4.0,ml_df_it_v1:target-speaker:4998,ml_df_it_v1:content:IT_5537_3829_000044_0,dfe1163e4e2fd0c1e8216b479e38f709720281e4ce97065d2ec4cabb43e3e679,3.18,vc,LVC-VC,ML-DF-v1,ml_df_it_v1:target-speaker:4998,,unknown,synthetic_ml_df,16000,wav,,,2026-08-09T04:16:22.460999Z
ml_df_it_v1:IT_4712_5281_000089_0_6807_LVC-VC,processed/66/66e13d2f2db1294b214c85609068d6f93b4ed738c5db2f22852799e5624e042c.wav,dd4b38e2ad90661ad1f3ba42f9e392621da72996050beb06f6c17a36b135dca9,ood,spoof,other,unknown,ml_df_it_v1:target-speaker:6807,ml_df_it_v1,CC-BY-4.0,ML-DF v1 CC-BY-4.0; source MLS is CC-BY-4.0,ml_df_it_v1:target-speaker:6807,ml_df_it_v1:content:IT_4712_5281_000089_0,e52a854106a6bf9506a42d09b3ed9cd618e928c534e37c4f153bf2642a752475,5.94,vc,LVC-VC,ML-DF-v1,ml_df_it_v1:target-speaker:6807,,unknown,synthetic_ml_df,16000,wav,,,2026-08-09T04:16:22.460999Z
ml_df_it_v1:IT_1131_529_000082_1_6807_LVC-VC,processed/a8/a879a664dff490202a9d40190e727b0e0b1fd7095f5cd8bc11addda06daaf6e2.wav,33f5188a2929a0e391b5314c266b41ce084a17f8dfbbcc7f2b83bbf8c1f55ff0,ood,spoof,other,unknown,ml_df_it_v1:target-speaker:6807,ml_df_it_v1,CC-BY-4.0,ML-DF v1 CC-BY-4.0; source MLS is CC-BY-4.0,ml_df_it_v1:target-speaker:6807,ml_df_it_v1:content:IT_1131_529_000082_1,538db1ab8928386629be5feebf9f815e1b899220cebbb1911c9c776434c7f153,4.02,vc,LVC-VC,ML-DF-v1,ml_df_it_v1:target-speaker:6807,,unknown,synthetic_ml_df,16000,wav,,,2026-08-09T04:16:22.460999Z
ml_df_it_v1:IT_3129_529_000089_1_6807_LVC-VC,processed/d4/d493bb15f48787c2d5f33df1d151f14e859bf0d3a8d3bf1bbc9f99ae5add43cb.wav,fe8485a98794c4a46be18fb59084b7519d36f60eef32cd8c9664ba45ffe6644a,ood,spoof,other,unknown,ml_df_it_v1:target-speaker:6807,ml_df_it_v1,CC-BY-4.0,ML-DF v1 CC-BY-4.0; source MLS is CC-BY-4.0,ml_df_it_v1:target-speaker:6807,ml_df_it_v1:content:IT_3129_529_000089_1,58d30814b5140902d739c8d797ef0510078100b5abff38ef3ca1253208662cdb,4.46,vc,LVC-VC,ML-DF-v1,ml_df_it_v1:target-speaker:6807,,unknown,synthetic_ml_df,16000,wav,,,2026-08-09T04:16:22.460999Z
ml_df_it_v1:IT_6380_5411_000044_0_4998_LVC-VC,processed/35/35b800258e654c41fa5b1faf5fb225b1b8bb9b97e19e771812be5e22f1b8f6df.wav,58a19263659f5e2cd1888be5fef9caccee9844e8a751be105efa6465092023b5,ood,spoof,other,unknown,ml_df_it_v1:target-speaker:4998,ml_df_it_v1,CC-BY-4.0,ML-DF v1 CC-BY-4.0; source MLS is CC-BY-4.0,ml_df_it_v1:target-speaker:4998,ml_df_it_v1:content:IT_6380_5411_000044_0,c6fd20ab224bbf48ec0e590ce717f697402a38c19f9afec6876a7635a23fdd14,4.64,vc,LVC-VC,ML-DF-v1,ml_df_it_v1:target-speaker:4998,,unknown,synthetic_ml_df,16000,wav,,,2026-08-09T04:16:22.460999Z
ml_df_it_v1:IT_1447_4125_000062_1_4998_LVC-VC,processed/1e/1e706e9f8f372af3298d0a4921931661268bc03f421b65ca5b967a901e10202b.wav,c0a998efbc2436052ff0bd7f5389cfed0f61ea936577c95242c5746275965866,ood,spoof,other,unknown,ml_df_it_v1:target-speaker:4998,ml_df_it_v1,CC-BY-4.0,ML-DF v1 CC-BY-4.0; source MLS is CC-BY-4.0,ml_df_it_v1:target-speaker:4998,ml_df_it_v1:content:IT_1447_4125_000062_1,54d23594a2c3078bc406c07eb97d4e2e43f9b36013e253f1a2bd6c73847527d2,3.96,vc,LVC-VC,ML-DF-v1,ml_df_it_v1:target-speaker:4998,,unknown,synthetic_ml_df,16000,wav,,,2026-08-09T04:16:22.460999Z
ml_df_it_v1:IT_10362_11341_000044_3_6807_LVC-VC,processed/10/1056d3ca1502f8243242470d3f960fe80201e81c6ff03c0fab41f48c3923fd4c.wav,4c80a54e381ef161358113436ebc788ffd17bc59d566c411b066667db17d0d30,ood,spoof,other,unknown,ml_df_it_v1:target-speaker:6807,ml_df_it_v1,CC-BY-4.0,ML-DF v1 CC-BY-4.0; source MLS is CC-BY-4.0,ml_df_it_v1:target-speaker:6807,ml_df_it_v1:content:IT_10362_11341_000044_3,ea5e07d88c0f7b9af8093f43e7292887a743e36c20d5c996c4ecccc7fa75e712,3.66,vc,LVC-VC,ML-DF-v1,ml_df_it_v1:target-speaker:6807,,unknown,synthetic_ml_df,16000,wav,,,2026-08-09T04:16:22.460999Z
ml_df_it_v1:IT_3129_529_000001_0_4998_LVC-VC,processed/a2/a2cf10e9a6fa5c09fa07b7f42b2751cad8a6f52966768e4d0013fb9abdd81098.wav,5fe65a2b42f4dbeeed0a51247ab0e8364dcf77f4b1d5865cf7bdea3cf79f7789,ood,spoof,other,unknown,ml_df_it_v1:target-speaker:4998,ml_df_it_v1,CC-BY-4.0,ML-DF v1 CC-BY-4.0; source MLS is CC-BY-4.0,ml_df_it_v1:target-speaker:4998,ml_df_it_v1:content:IT_3129_529_000001_0,a3ba33da9c728a0c37e6d4f564a9447ea558612c7554d0a3e7517f1383a69733,4.52,vc,LVC-VC,ML-DF-v1,ml_df_it_v1:target-speaker:4998,,unknown,synthetic_ml_df,16000,wav,,,2026-08-09T04:16:22.460999Z
ml_df_it_v1:IT_646_529_000035_0_4998_LVC-VC,processed/59/59d3a90d6fda313421115efc697490015c40b3ae2835d91af076b06eabe66edf.wav,bbda93dc616e421bfdd6f408458e07da44a1c6111dec693e8a4a343f2f1e7faa,ood,spoof,other,unknown,ml_df_it_v1:target-speaker:4998,ml_df_it_v1,CC-BY-4.0,ML-DF v1 CC-BY-4.0; source MLS is CC-BY-4.0,ml_df_it_v1:target-speaker:4998,ml_df_it_v1:content:IT_646_529_000035_0,cb688413886074075aa109f532b1d4b3c926bb8ebdbe7c73c9cdb4c087ef2575,4.14,vc,LVC-VC,ML-DF-v1,ml_df_it_v1:target-speaker:4998,,unknown,synthetic_ml_df,16000,wav,,,2026-08-09T04:16:22.460999Z
ml_df_it_v1:IT_166_529_000052_1_4998_LVC-VC,processed/b5/b53143a6e27ddcdee9288ebcf2cb7a9de52aec2be68a84d776ca52207e60325e.wav,c3f704910c5d3d467794705718538ddbc64b66e746266ff9d525dd2cc2e46600,ood,spoof,other,unknown,ml_df_it_v1:target-speaker:4998,ml_df_it_v1,CC-BY-4.0,ML-DF v1 CC-BY-4.0; source MLS is CC-BY-4.0,ml_df_it_v1:target-speaker:4998,ml_df_it_v1:content:IT_166_529_000052_1,6fea2d478e10ccceeea808779e1b5c8fa3e17585f5f25844bed944145c00e6bf,3.8,vc,LVC-VC,ML-DF-v1,ml_df_it_v1:target-speaker:4998,,unknown,synthetic_ml_df,16000,wav,,,2026-08-09T04:16:22.460999Z
ml_df_it_v1:IT_3129_529_000059_0_6807_LVC-VC,processed/cf/cf8d0f457e8baeda241eb2a3e6869726ae26e18d499647b01cf2c0deee05febe.wav,047594cf74c89a278165125730b8190c26e90e3d867d414ea5104054b081774b,ood,spoof,other,unknown,ml_df_it_v1:target-speaker:6807,ml_df_it_v1,CC-BY-4.0,ML-DF v1 CC-BY-4.0; source MLS is CC-BY-4.0,ml_df_it_v1:target-speaker:6807,ml_df_it_v1:content:IT_3129_529_000059_0,2422708ad71daefdca6febb908c4af38244fdc9ac9083b45ae3399bd837269c8,3.96,vc,LVC-VC,ML-DF-v1,ml_df_it_v1:target-speaker:6807,,unknown,synthetic_ml_df,16000,wav,,,2026-08-09T04:16:22.460999Z
ml_df_it_v1:IT_6121_4125_000071_5_6807_LVC-VC,processed/ae/aef586c18156063a6a5d4ee71734104071bdd58ac443b1a1ac84f07e6bd252c3.wav,a32ca3c7a8e2797fdb49da3b735852bf4e663eba2f82686ad94a67703e04b2ff,ood,spoof,other,unknown,ml_df_it_v1:target-speaker:6807,ml_df_it_v1,CC-BY-4.0,ML-DF v1 CC-BY-4.0; source MLS is CC-BY-4.0,ml_df_it_v1:target-speaker:6807,ml_df_it_v1:content:IT_6121_4125_000071_5,d7f179e68e538ba637d7766d9be9571dfcd236ce82f6857a980e9a821eba07d5,2.76,vc,LVC-VC,ML-DF-v1,ml_df_it_v1:target-speaker:6807,,unknown,synthetic_ml_df,16000,wav,,,2026-08-09T04:16:22.460999Z
ml_df_it_v1:IT_4712_5281_000087_1_4998_LVC-VC,processed/01/012d087475e36794392f9326951520cf6812d5742f5b79b25accd332aea544ef.wav,cfe617ebad40b4f5c3ef7e50b500be1ef3427af00fec192179576e040abc880c,ood,spoof,other,unknown,ml_df_it_v1:target-speaker:4998,ml_df_it_v1,CC-BY-4.0,ML-DF v1 CC-BY-4.0; source MLS is CC-BY-4.0,ml_df_it_v1:target-speaker:4998,ml_df_it_v1:content:IT_4712_5281_000087_1,e78ab2905f6cacd2a1f0a6d09af24b5e3fbb7c26ba809e16075e16bd419d4dc7,4.36,vc,LVC-VC,ML-DF-v1,ml_df_it_v1:target-speaker:4998,,unknown,synthetic_ml_df,16000,wav,,,2026-08-09T04:16:22.460999Z
ml_df_it_v1:IT_9185_11418_000243_0_4998_VITS,processed/2f/2fd357587a77d52af56ec99b6d7a12f5ef7342f520dd2a4dd07022ea6d487c37.wav,8de0651a8724f4e9f23c50ca8c3629f2ab8b44382cf6b9f95531f90ba25306a2,ood,spoof,other,unknown,ml_df_it_v1:target-speaker:4998,ml_df_it_v1,CC-BY-4.0,ML-DF v1 CC-BY-4.0; source MLS is CC-BY-4.0,ml_df_it_v1:target-speaker:4998,ml_df_it_v1:content:IT_9185_11418_000243_0,2d049d664934eaa67dcb755e3fcdcc9fd2f578b74e3744b06053836a171be72b,4.001,tts,VITS,ML-DF-v1,ml_df_it_v1:target-speaker:4998,,unknown,synthetic_ml_df,16000,wav,,,2026-08-09T04:16:22.460999Z
ml_df_it_v1:IT_9185_11418_000160_4_4998_VITS,processed/69/69cbc916b436574db800527c66b3705b437d3506bb2c7794471503b845401bef.wav,eb22b59c4c66cb12e889865d0eae7411ba403266919b493b5326d3c7b9e0ef96,ood,spoof,other,unknown,ml_df_it_v1:target-speaker:4998,ml_df_it_v1,CC-BY-4.0,ML-DF v1 CC-BY-4.0; source MLS is CC-BY-4.0,ml_df_it_v1:target-speaker:4998,ml_df_it_v1:content:IT_9185_11418_000160_4,c092a062bb54bc36f1d56c6727604683905782af760bf0e7a645170abe9a397f,4.257,tts,VITS,ML-DF-v1,ml_df_it_v1:target-speaker:4998,,unknown,synthetic_ml_df,16000,wav,,,2026-08-09T04:16:22.460999Z
ml_df_it_v1:IT_7440_6815_000237_3_4998_VITS,processed/2e/2ea6caf18a0db78833e94f3a958b2e9e827826fd64c6295fb4c3c9a2bc225659.wav,0423ddc5cd19fbe229b80968d81a618c9cc68d9a8c507d3c499b89049d212c31,ood,spoof,other,unknown,ml_df_it_v1:target-speaker:4998,ml_df_it_v1,CC-BY-4.0,ML-DF v1 CC-BY-4.0; source MLS is CC-BY-4.0,ml_df_it_v1:target-speaker:4998,ml_df_it_v1:content:IT_7440_6815_000237_3,3c99fdfd2f88a4e3470cd149e69ac596ab0e422f9a9bdb79bf761997aa9ba034,4.705,tts,VITS,ML-DF-v1,ml_df_it_v1:target-speaker:4998,,unknown,synthetic_ml_df,16000,wav,,,2026-08-09T04:16:22.460999Z
ml_df_it_v1:IT_8842_8795_000092_1_4998_VITS,processed/a1/a1e4f76df489909d1901c2c439b60435c6e076c169a20027e0e20dbb5aa1dc83.wav,db95b77b0a0707e663174d3d2d2a3419683d363c2afb9fb3bf6f2161bc09063c,ood,spoof,other,unknown,ml_df_it_v1:target-speaker:4998,ml_df_it_v1,CC-BY-4.0,ML-DF v1 CC-BY-4.0; source MLS is CC-BY-4.0,ml_df_it_v1:target-speaker:4998,ml_df_it_v1:content:IT_8842_8795_000092_1,63c9733d324bd1396f1f3caa6bf58c93c6cea98db5fba2da6196db3d065f8538,4.385,tts,VITS,ML-DF-v1,ml_df_it_v1:target-speaker:4998,,unknown,synthetic_ml_df,16000,wav,,,2026-08-09T04:16:22.460999Z
ml_df_it_v1:IT_12428_11418_000012_1_4998_VITS,processed/76/760556bc561fc2feb4ede34e301e0b0548033e224dd787724448a50b38349aa5.wav,6b99de61cf64add0b8f7ca81fd56603a15146f560a816f662000b13c37f0880e,ood,spoof,other,unknown,ml_df_it_v1:target-speaker:4998,ml_df_it_v1,CC-BY-4.0,ML-DF v1 CC-BY-4.0; source MLS is CC-BY-4.0,ml_df_it_v1:target-speaker:4998,ml_df_it_v1:content:IT_12428_11418_000012_1,5402ef21335d124c3a9a02b78e8d06b95bf4dd3e843e05ab858b0d299d51c3fe,4.433,tts,VITS,ML-DF-v1,ml_df_it_v1:target-speaker:4998,,unknown,synthetic_ml_df,16000,wav,,,2026-08-09T04:16:22.460999Z
ml_df_it_v1:IT_9185_11418_000078_0_4998_VITS,processed/c9/c94451e66d214322fbe9d2dd8ffa0030f7751f92b75b7e53d01b08d484ed395d.wav,426917f10bdf2520882bc4c9c55f2fc8b3f332f6b3fe240135fdf9b52e37d990,ood,spoof,other,unknown,ml_df_it_v1:target-speaker:4998,ml_df_it_v1,CC-BY-4.0,ML-DF v1 CC-BY-4.0; source MLS is CC-BY-4.0,ml_df_it_v1:target-speaker:4998,ml_df_it_v1:content:IT_9185_11418_000078_0,61f05932c2cc369346b97679b45aba96284b051262c49870ac15b04d6097af4e,5.073,tts,VITS,ML-DF-v1,ml_df_it_v1:target-speaker:4998,,unknown,synthetic_ml_df,16000,wav,,,2026-08-09T04:16:22.460999Z
ml_df_it_v1:IT_9185_11418_000285_5_6807_VITS,processed/bd/bd987fdb6a5ff524a12f45c3772eb611d8f904ddabf80156d381c784b6757a97.wav,2dfca690522aea29d22142ee5de4d8340e8df3fa3cbeefe79ebdbbfcb5b1f6c6,ood,spoof,other,unknown,ml_df_it_v1:target-speaker:6807,ml_df_it_v1,CC-BY-4.0,ML-DF v1 CC-BY-4.0; source MLS is CC-BY-4.0,ml_df_it_v1:target-speaker:6807,ml_df_it_v1:content:IT_9185_11418_000285_5,08d6c38bb492b880b7985d712073fa60bf637f09fe63e12468c4ee551e8244e3,4.001,tts,VITS,ML-DF-v1,ml_df_it_v1:target-speaker:6807,,unknown,synthetic_ml_df,16000,wav,,,2026-08-09T04:16:22.460999Z
ml_df_it_v1:IT_8828_8842_000082_6_4998_VITS,processed/ae/ae84b3fbca133a50d0d4a5936f61ced13a1e5c44119c0c64611b1f518b4cf04a.wav,a960889c06c9489a68a9d4057c80f93abe3e60fe79248ed04340111d5e205563,ood,spoof,other,unknown,ml_df_it_v1:target-speaker:4998,ml_df_it_v1,CC-BY-4.0,ML-DF v1 CC-BY-4.0; source MLS is CC-BY-4.0,ml_df_it_v1:target-speaker:4998,ml_df_it_v1:content:IT_8828_8842_000082_6,821befb200fe009fc4f9c50f40987478c1c4cd9a3d8a8ebd2fbb9cfc566734ac,4.641,tts,VITS,ML-DF-v1,ml_df_it_v1:target-speaker:4998,,unknown,synthetic_ml_df,16000,wav,,,2026-08-09T04:16:22.460999Z
ml_df_it_v1:IT_12804_11418_000089_6_6807_VITS,processed/c6/c64f47fb4792df614b379107f3432b6100c55406e61637b63b363fcc6243bbd9.wav,d9946a270ed2c3fb2c8b670c13c979b557a64f16f92f67a258844be37b916b6c,ood,spoof,other,unknown,ml_df_it_v1:target-speaker:6807,ml_df_it_v1,CC-BY-4.0,ML-DF v1 CC-BY-4.0; source MLS is CC-BY-4.0,ml_df_it_v1:target-speaker:6807,ml_df_it_v1:content:IT_12804_11418_000089_6,f48b2cef93bca04b0ecdbb015e7ab6a2cdb2cac9a6194836e2e080cd47a1383b,4.049,tts,VITS,ML-DF-v1,ml_df_it_v1:target-speaker:6807,,unknown,synthetic_ml_df,16000,wav,,,2026-08-09T04:16:22.460999Z
ml_df_it_v1:IT_7440_7270_000101_6_4998_VITS,processed/c6/c67bebc614dd5d0f2c706ed87228b2c824c732f32d84c5074d677449e0984635.wav,dc2f19bc3fee4d5843c47e47a0b5bf908a45c0638405355756e00e4a90a5b43a,ood,spoof,other,unknown,ml_df_it_v1:target-speaker:4998,ml_df_it_v1,CC-BY-4.0,ML-DF v1 CC-BY-4.0; source MLS is CC-BY-4.0,ml_df_it_v1:target-speaker:4998,ml_df_it_v1:content:IT_7440_7270_000101_6,b8d6007f87307f5a9cf76e82e14a26f68115b32cd6e165fa8f613d9b1587b0b3,3.601,tts,VITS,ML-DF-v1,ml_df_it_v1:target-speaker:4998,,unknown,synthetic_ml_df,16000,wav,,,2026-08-09T04:16:22.460999Z
ml_df_it_v1:IT_9185_10011_000007_2_6807_VITS,processed/17/17da583f24f7c81ef046e2c6216f023c999e40157f2661bda3380f443819361e.wav,38c1106f60ba371825bffa4b457933099aa46641518465df078cddf2d8c72d75,ood,spoof,other,unknown,ml_df_it_v1:target-speaker:6807,ml_df_it_v1,CC-BY-4.0,ML-DF v1 CC-BY-4.0; source MLS is CC-BY-4.0,ml_df_it_v1:target-speaker:6807,ml_df_it_v1:content:IT_9185_10011_000007_2,cb11a14a327a012ec8883cca834596c3d34e3e73468fa4cea67165358719934b,3.617,tts,VITS,ML-DF-v1,ml_df_it_v1:target-speaker:6807,,unknown,synthetic_ml_df,16000,wav,,,2026-08-09T04:16:22.460999Z
ml_df_it_v1:IT_8842_8795_000162_3_6807_VITS,processed/34/347cf405ba7bd9d09b0b9dd320290244e68a65ee0068b8734fa8f37fff6d87bb.wav,eac5ff9309f9287d25df7eef9fb701e7b4c9c39bb47449e176d8fa0f18e64f60,ood,spoof,other,unknown,ml_df_it_v1:target-speaker:6807,ml_df_it_v1,CC-BY-4.0,ML-DF v1 CC-BY-4.0; source MLS is CC-BY-4.0,ml_df_it_v1:target-speaker:6807,ml_df_it_v1:content:IT_8842_8795_000162_3,df26ed061a7c8b415062f03047cf22e86e9dfdf945e2532d8154d5e5eb3e01da,4.049,tts,VITS,ML-DF-v1,ml_df_it_v1:target-speaker:6807,,unknown,synthetic_ml_df,16000,wav,,,2026-08-09T04:16:22.460999Z
ml_df_it_v1:IT_9185_8610_000000_6_6807_VITS,processed/2d/2d325d0af9c4efe2b0416ae4ed373f88e0dd3dfa3d941b638011d93f85668e66.wav,50f7ff849bec90fc5a991fe4a0225b9fe7a1cb1f35d90a7ad9ba12af06f0f945,ood,spoof,other,unknown,ml_df_it_v1:target-speaker:6807,ml_df_it_v1,CC-BY-4.0,ML-DF v1 CC-BY-4.0; source MLS is CC-BY-4.0,ml_df_it_v1:target-speaker:6807,ml_df_it_v1:content:IT_9185_8610_000000_6,0da96899ea015232a0a99c64d3ba869e2e893c7c4ef8706194d615414a3894be,3.985,tts,VITS,ML-DF-v1,ml_df_it_v1:target-speaker:6807,,unknown,synthetic_ml_df,16000,wav,,,2026-08-09T04:16:22.460999Z
ml_df_it_v1:IT_9185_8906_000025_0_4998_VITS,processed/64/644ed61d28c4272dcb626fc6108bd6f831ce5ef5526afbbdd4ae38fcaa620275.wav,c9d751e9721ecec04558f290fc354e9306887d096637cbf857b8f83ec75575cf,ood,spoof,other,unknown,ml_df_it_v1:target-speaker:4998,ml_df_it_v1,CC-BY-4.0,ML-DF v1 CC-BY-4.0; source MLS is CC-BY-4.0,ml_df_it_v1:target-speaker:4998,ml_df_it_v1:content:IT_9185_8906_000025_0,0c9865b5fd3472b14382f285c5e7859f8908bff5c96c5e085edf2866793a07f8,5.185,tts,VITS,ML-DF-v1,ml_df_it_v1:target-speaker:4998,,unknown,synthetic_ml_df,16000,wav,,,2026-08-09T04:16:22.460999Z
ml_df_it_v1:IT_12428_9630_000179_2_6807_VITS,processed/5b/5bccca90220de1c8bdf5d8a5f278653c581bd20e76a527ba2e1d0496afed4959.wav,879058fe2d8cd9fcfd8604c81e3ce513baacce231f63c4527802d773d2f1f3d9,ood,spoof,other,unknown,ml_df_it_v1:target-speaker:6807,ml_df_it_v1,CC-BY-4.0,ML-DF v1 CC-BY-4.0; source MLS is CC-BY-4.0,ml_df_it_v1:target-speaker:6807,ml_df_it_v1:content:IT_12428_9630_000179_2,7f712197a8b932360ae7f284e80d9144ef685f85c9f0de303e9bb5c01ff4b845,3.745,tts,VITS,ML-DF-v1,ml_df_it_v1:target-speaker:6807,,unknown,synthetic_ml_df,16000,wav,,,2026-08-09T04:16:22.460999Z
ml_df_it_v1:IT_9185_10011_000309_0_6807_VITS,processed/72/72dae22363bbae201557ff44cd18bf58636af8468552a0c456d097797eb3ec45.wav,8ee057406befdc41ed53205552ea94789b475e1c9bb68cebf93c8db8a1396c1c,ood,spoof,other,unknown,ml_df_it_v1:target-speaker:6807,ml_df_it_v1,CC-BY-4.0,ML-DF v1 CC-BY-4.0; source MLS is CC-BY-4.0,ml_df_it_v1:target-speaker:6807,ml_df_it_v1:content:IT_9185_10011_000309_0,5cfcb0fc7c73cbc1f027db6f62f84e0e80d7ced46353c7033be4a85c2e27d0b4,3.425,tts,VITS,ML-DF-v1,ml_df_it_v1:target-speaker:6807,,unknown,synthetic_ml_df,16000,wav,,,2026-08-09T04:16:22.460999Z
ml_df_it_v1:IT_8828_8610_000071_3_6807_VITS,processed/e2/e232d1ed02110b6c4dd30800c1d72448c86ec004a497eec5e2091c35f84cc245.wav,276fe08a2111b0aacff5e3a86c2f3847b12b64e1105e8ca67c8741b3779374c7,ood,spoof,other,unknown,ml_df_it_v1:target-speaker:6807,ml_df_it_v1,CC-BY-4.0,ML-DF v1 CC-BY-4.0; source MLS is CC-BY-4.0,ml_df_it_v1:target-speaker:6807,ml_df_it_v1:content:IT_8828_8610_000071_3,137ca484334dd2074122b96e10d6cbf20c1c3883a7039b376f733f3e6285456c,3.585,tts,VITS,ML-DF-v1,ml_df_it_v1:target-speaker:6807,,unknown,synthetic_ml_df,16000,wav,,,2026-08-09T04:16:22.460999Z
ml_df_it_v1:IT_7440_6815_000180_3_4998_VITS,processed/06/062b093bce89b886607edbbe49dd847a24f75b2c38e666e599179a4fac8c0390.wav,122711bc5a3b50c6f1bc0107597231bdfe32d2fffcde67d954816dbd68cfb902,ood,spoof,other,unknown,ml_df_it_v1:target-speaker:4998,ml_df_it_v1,CC-BY-4.0,ML-DF v1 CC-BY-4.0; source MLS is CC-BY-4.0,ml_df_it_v1:target-speaker:4998,ml_df_it_v1:content:IT_7440_6815_000180_3,fbb8278ca52c657b687bca7846f991944de81bac2ca7dfe4e867d267397bad05,4.897,tts,VITS,ML-DF-v1,ml_df_it_v1:target-speaker:4998,,unknown,synthetic_ml_df,16000,wav,,,2026-08-09T04:16:22.460999Z
ml_df_it_v1:IT_8842_7720_000171_0_4998_VITS,processed/02/02b562a0de36ea66815e34eb405726348496b59fa5b4737a0e5661b3e0b575f7.wav,2b3b9e86134876b5b88607c992a7b9e6e1120ca9cb93865b0ce9d97ad613e426,ood,spoof,other,unknown,ml_df_it_v1:target-speaker:4998,ml_df_it_v1,CC-BY-4.0,ML-DF v1 CC-BY-4.0; source MLS is CC-BY-4.0,ml_df_it_v1:target-speaker:4998,ml_df_it_v1:content:IT_8842_7720_000171_0,5a87f3e61999a86590fbd8e9f38992cf860f017e81ecf927f9c1452ae7fa65d4,4.849,tts,VITS,ML-DF-v1,ml_df_it_v1:target-speaker:4998,,unknown,synthetic_ml_df,16000,wav,,,2026-08-09T04:16:22.460999Z
ml_df_it_v1:IT_8181_7270_000146_4_6807_VITS,processed/57/57a61b1fe5d55e27521973d83edbb06b2743b64f8d8899df9550cb683cb0ad60.wav,6fc78dc6a36fb8b2459a772cf342900aa60096e971fa4e8753d01482ed63d4a7,ood,spoof,other,unknown,ml_df_it_v1:target-speaker:6807,ml_df_it_v1,CC-BY-4.0,ML-DF v1 CC-BY-4.0; source MLS is CC-BY-4.0,ml_df_it_v1:target-speaker:6807,ml_df_it_v1:content:IT_8181_7270_000146_4,8af457338cf9664d9d49a9044f223159da856580e3e9a4a2588bd8c88e3f8526,3.793,tts,VITS,ML-DF-v1,ml_df_it_v1:target-speaker:6807,,unknown,synthetic_ml_df,16000,wav,,,2026-08-09T04:16:22.460999Z
ml_df_it_v1:IT_8842_7720_000000_3_6807_VITS,processed/1b/1b5ce8ac3cdf368385b66ff43c217349d34f880ac325f2f24ffb22c79ec328cb.wav,433778a17f91eacdf49238f99d3cc0c71250b2fd57f0368c182a81b412d5fd54,ood,spoof,other,unknown,ml_df_it_v1:target-speaker:6807,ml_df_it_v1,CC-BY-4.0,ML-DF v1 CC-BY-4.0; source MLS is CC-BY-4.0,ml_df_it_v1:target-speaker:6807,ml_df_it_v1:content:IT_8842_7720_000000_3,f5f1d3e39cdc5fcf3522eb1461e2354a0ec720351c4e9106b44646fc62f54f90,3.793,tts,VITS,ML-DF-v1,ml_df_it_v1:target-speaker:6807,,unknown,synthetic_ml_df,16000,wav,,,2026-08-09T04:16:22.460999Z
ml_df_it_v1:IT_9185_11418_000224_4_6807_VITS,processed/52/5206407086944b274e8ec8f0085a7f8b542c0bbeaa14dac648565ff800796ed8.wav,ddd7b9d41c7bf24772b76a75094e351da841564a361f17535bbc6d81578109d4,ood,spoof,other,unknown,ml_df_it_v1:target-speaker:6807,ml_df_it_v1,CC-BY-4.0,ML-DF v1 CC-BY-4.0; source MLS is CC-BY-4.0,ml_df_it_v1:target-speaker:6807,ml_df_it_v1:content:IT_9185_11418_000224_4,b6285df19d8b1ff38d1f5ecb0b0603cbf3d258ef1dfb9667640305a72ff1c5c4,4.065,tts,VITS,ML-DF-v1,ml_df_it_v1:target-speaker:6807,,unknown,synthetic_ml_df,16000,wav,,,2026-08-09T04:16:22.460999Z
ml_df_it_v1:IT_8828_7877_000119_1_6807_VITS,processed/0d/0d182ef612808146ece71dd08d2caac65375fae8f5c26f1af6016b8f8c130caa.wav,aaf5539478e5c08baac7b8367775b89cb72a9b28dec9618f186c8000f516be8e,ood,spoof,other,unknown,ml_df_it_v1:target-speaker:6807,ml_df_it_v1,CC-BY-4.0,ML-DF v1 CC-BY-4.0; source MLS is CC-BY-4.0,ml_df_it_v1:target-speaker:6807,ml_df_it_v1:content:IT_8828_7877_000119_1,c5616b6c21b2664b69235443c1837d34810dab9b4276e58fef08731940406c5b,3.969,tts,VITS,ML-DF-v1,ml_df_it_v1:target-speaker:6807,,unknown,synthetic_ml_df,16000,wav,,,2026-08-09T04:16:22.460999Z
ml_df_it_v1:IT_8207_8610_000040_1_4998_VITS,processed/1f/1f4149ef3a0ff5ac89ce5c9c9df1228b3cd312fbcbfc57abb961a758b08a9633.wav,b29c752288035f4cf6885fb7d238b1efe2ec336cae0270a256a7009afb7bee03,ood,spoof,other,unknown,ml_df_it_v1:target-speaker:4998,ml_df_it_v1,CC-BY-4.0,ML-DF v1 CC-BY-4.0; source MLS is CC-BY-4.0,ml_df_it_v1:target-speaker:4998,ml_df_it_v1:content:IT_8207_8610_000040_1,b4389278a577f1bb9ef5187a3854d078126ea00bcb7c5818f725d496dc93d58e,5.089,tts,VITS,ML-DF-v1,ml_df_it_v1:target-speaker:4998,,unknown,synthetic_ml_df,16000,wav,,,2026-08-09T04:16:22.460999Z
ml_df_it_v1:IT_8828_7877_000042_3_4998_VITS,processed/8d/8dc8d03bce12f16c956abc8b0ccfa9f7d847aa0ccf1667d0633478f546615c04.wav,e500a9c01849926530957d4eaa641cbe3c2cdfd89639e016e55a163b7f8038e1,ood,spoof,other,unknown,ml_df_it_v1:target-speaker:4998,ml_df_it_v1,CC-BY-4.0,ML-DF v1 CC-BY-4.0; source MLS is CC-BY-4.0,ml_df_it_v1:target-speaker:4998,ml_df_it_v1:content:IT_8828_7877_000042_3,59d08f83bc81d354b84c214ff33d917ecddeeb9d808831d9eb91fa1bfb85a93b,5.073,tts,VITS,ML-DF-v1,ml_df_it_v1:target-speaker:4998,,unknown,synthetic_ml_df,16000,wav,,,2026-08-09T04:16:22.460999Z
ml_df_it_v1:IT_8828_8610_000158_3_4998_ZMM-TTS,processed/8e/8e11fda4381d885573d096647671936a95d5e40c5443f79e74f285e24c2bece7.wav,8bb16f92d57ee0ed066e92108ad06534d39a74a6cfabe955eced651caa2c9669,ood,spoof,other,unknown,ml_df_it_v1:target-speaker:4998,ml_df_it_v1,CC-BY-4.0,ML-DF v1 CC-BY-4.0; source MLS is CC-BY-4.0,ml_df_it_v1:target-speaker:4998,ml_df_it_v1:content:IT_8828_8610_000158_3,f55438123d8da1c9047a6f2332d131a7ae93f7bbfc2cdf6065e15581185beb04,3.8495,tts,ZMM-TTS,ML-DF-v1,ml_df_it_v1:target-speaker:4998,,unknown,synthetic_ml_df,16000,wav,,,2026-08-09T04:16:22.460999Z
ml_df_it_v1:IT_8842_8795_000433_3_6807_ZMM-TTS,processed/ea/eabfda312ade1aca907f60e518a4f10c065e8790e71cfce54d9a839a15e400dd.wav,ecfcb77f0857bbd8ef9f90a013bc93a16b6ffb23c79df2bd6ac00de19189d3f9,ood,spoof,other,unknown,ml_df_it_v1:target-speaker:6807,ml_df_it_v1,CC-BY-4.0,ML-DF v1 CC-BY-4.0; source MLS is CC-BY-4.0,ml_df_it_v1:target-speaker:6807,ml_df_it_v1:content:IT_8842_8795_000433_3,de981989c3ce9535fe45250294f71dcdcfdb1479b86dda1d3550ade70e97f742,3.612,tts,ZMM-TTS,ML-DF-v1,ml_df_it_v1:target-speaker:6807,,unknown,synthetic_ml_df,16000,wav,,,2026-08-09T04:16:22.460999Z
ml_df_it_v1:IT_9185_10011_000158_4_6807_ZMM-TTS,processed/83/83b880d29d80643d0324c5c77d583482c2d2069d3c331fb3dd53c3f5c67b71b0.wav,d8693fe54a7688204d7e9d2fd044f18a742a1e93d0a0287d2d9223db63551c77,ood,spoof,other,unknown,ml_df_it_v1:target-speaker:6807,ml_df_it_v1,CC-BY-4.0,ML-DF v1 CC-BY-4.0; source MLS is CC-BY-4.0,ml_df_it_v1:target-speaker:6807,ml_df_it_v1:content:IT_9185_10011_000158_4,dc6891464ffc400b96f02fec2f2db52c908671c0e1952e9194be3c515857aa2f,3.5245,tts,ZMM-TTS,ML-DF-v1,ml_df_it_v1:target-speaker:6807,,unknown,synthetic_ml_df,16000,wav,,,2026-08-09T04:16:22.460999Z
ml_df_it_v1:IT_8181_7270_000220_0_6807_ZMM-TTS,processed/85/85ef50fdb8d09c9f81ed2b0d4de6ab2f056069295fab110ae8f29a6c600dc2bd.wav,5955c6c1622dac995fa7c920a56817b73a9c317ecd3e64231cbd2086a0459ef3,ood,spoof,other,unknown,ml_df_it_v1:target-speaker:6807,ml_df_it_v1,CC-BY-4.0,ML-DF v1 CC-BY-4.0; source MLS is CC-BY-4.0,ml_df_it_v1:target-speaker:6807,ml_df_it_v1:content:IT_8181_7270_000220_0,fc26c1b712a128bb07b4c9e143e6ae9c4da8185a92f6ab73adad7af430c9dae0,4.2245,tts,ZMM-TTS,ML-DF-v1,ml_df_it_v1:target-speaker:6807,,unknown,synthetic_ml_df,16000,wav,,,2026-08-09T04:16:22.460999Z
ml_df_it_v1:IT_9185_8842_000196_2_4998_ZMM-TTS,processed/aa/aa9a2621ed5f139b219e9e96618be29b84225f7e9048b7494512b416ff181430.wav,778e79e52d824282ba714b0a55eb6fa83e77b9d7a82773eabc5c7c769bc7522d,ood,spoof,other,unknown,ml_df_it_v1:target-speaker:4998,ml_df_it_v1,CC-BY-4.0,ML-DF v1 CC-BY-4.0; source MLS is CC-BY-4.0,ml_df_it_v1:target-speaker:4998,ml_df_it_v1:content:IT_9185_8842_000196_2,a2b729311ea13bdd80ee49cf4824c0a68b1374a844ddc6b7a189f72266f447d7,3.762,tts,ZMM-TTS,ML-DF-v1,ml_df_it_v1:target-speaker:4998,,unknown,synthetic_ml_df,16000,wav,,,2026-08-09T04:16:22.460999Z
ml_df_it_v1:IT_8207_8610_000238_4_6807_ZMM-TTS,processed/21/21fdd831c308586b37b667c0ec90f93d080e8c37bfe36122a22d7ddf0890a7ad.wav,0edb692376aa336a38c7cb0ec8dfcf6fd16110a1f974a724ff14e3dd19568d92,ood,spoof,other,unknown,ml_df_it_v1:target-speaker:6807,ml_df_it_v1,CC-BY-4.0,ML-DF v1 CC-BY-4.0; source MLS is CC-BY-4.0,ml_df_it_v1:target-speaker:6807,ml_df_it_v1:content:IT_8207_8610_000238_4,6ce7cf98744336ccd7a5cb369659b91507626432d75c041298f722ebe3bcb611,4.912,tts,ZMM-TTS,ML-DF-v1,ml_df_it_v1:target-speaker:6807,,unknown,synthetic_ml_df,16000,wav,,,2026-08-09T04:16:22.460999Z
ml_df_it_v1:IT_8207_8610_000035_4_6807_ZMM-TTS,processed/34/349080838cc0cfed7c5fe776d98236fe6e81a46289661dfa5486e3ad9fcec40a.wav,52861bc69bcbf14106bb659a7e307fe72442d4c569cabc724f27c8ad851267c9,ood,spoof,other,unknown,ml_df_it_v1:target-speaker:6807,ml_df_it_v1,CC-BY-4.0,ML-DF v1 CC-BY-4.0; source MLS is CC-BY-4.0,ml_df_it_v1:target-speaker:6807,ml_df_it_v1:content:IT_8207_8610_000035_4,92f1a8c5112a9b11c2bd14e1e3d30e4eacb34a63536e4a2c7d65683932817cbe,4.3245,tts,ZMM-TTS,ML-DF-v1,ml_df_it_v1:target-speaker:6807,,unknown,synthetic_ml_df,16000,wav,,,2026-08-09T04:16:22.460999Z
ml_df_it_v1:IT_8181_7270_000219_0_6807_ZMM-TTS,processed/c7/c7ff05e556caa83c8ffa021440d2c49c17a408f72ca165eda72f3557cb458542.wav,17b276ac6e963a5862ab210a79d686c6b83225df3e6c56be5b380b71197e57f7,ood,spoof,other,unknown,ml_df_it_v1:target-speaker:6807,ml_df_it_v1,CC-BY-4.0,ML-DF v1 CC-BY-4.0; source MLS is CC-BY-4.0,ml_df_it_v1:target-speaker:6807,ml_df_it_v1:content:IT_8181_7270_000219_0,4a882ffef3b51f82a1bb111c80b6a308d9c2b2034c9ccca3e7c00de11ddb206b,3.862,tts,ZMM-TTS,ML-DF-v1,ml_df_it_v1:target-speaker:6807,,unknown,synthetic_ml_df,16000,wav,,,2026-08-09T04:16:22.460999Z
ml_df_it_v1:IT_8842_8795_000174_3_6807_ZMM-TTS,processed/4a/4a2a304c9cb7db8b7295fddb9a61dca736988a4c3fa91d6175946628fd76463b.wav,7c5321da43bc47a44a3a292bfb5b9cf890900800d103e7a1ac76ef15fcad948c,ood,spoof,other,unknown,ml_df_it_v1:target-speaker:6807,ml_df_it_v1,CC-BY-4.0,ML-DF v1 CC-BY-4.0; source MLS is CC-BY-4.0,ml_df_it_v1:target-speaker:6807,ml_df_it_v1:content:IT_8842_8795_000174_3,7258e1b1c22e7d6825f73773889f10cd9ec6405d779af010937baf0abbd13424,4.487,tts,ZMM-TTS,ML-DF-v1,ml_df_it_v1:target-speaker:6807,,unknown,synthetic_ml_df,16000,wav,,,2026-08-09T04:16:22.460999Z
ml_df_it_v1:IT_8181_7270_000116_2_6807_ZMM-TTS,processed/38/38e7cad0808e3a43d44dd423ae610958eba82255dd8348f1aa8648ccfb8d48bd.wav,b92a30bdb8077e5765cc37c86b66727761dc0e575f79bc4ee55527c951ae0be9,ood,spoof,other,unknown,ml_df_it_v1:target-speaker:6807,ml_df_it_v1,CC-BY-4.0,ML-DF v1 CC-BY-4.0; source MLS is CC-BY-4.0,ml_df_it_v1:target-speaker:6807,ml_df_it_v1:content:IT_8181_7270_000116_2,4b425e93dea737cdb771b1c251cbd79ab0608e29d569e8b23731d4a00be6ceb7,4.5245,tts,ZMM-TTS,ML-DF-v1,ml_df_it_v1:target-speaker:6807,,unknown,synthetic_ml_df,16000,wav,,,2026-08-09T04:16:22.460999Z
ml_df_it_v1:IT_8181_7877_000002_2_6807_ZMM-TTS,processed/1a/1a238af310556a698f8d4af157c24dbb998cdb6dc6f1a4af7f07e18c643aa1b8.wav,16955f30fb537e8ca1ad16809903b66007194bd6f3f6bcbb069b651296c8b224,ood,spoof,other,unknown,ml_df_it_v1:target-speaker:6807,ml_df_it_v1,CC-BY-4.0,ML-DF v1 CC-BY-4.0; source MLS is CC-BY-4.0,ml_df_it_v1:target-speaker:6807,ml_df_it_v1:content:IT_8181_7877_000002_2,838dd08e42ebedefc48792ee884f35ffa8d35f8c7a2e0deb9b8afa1e7d95871e,3.162,tts,ZMM-TTS,ML-DF-v1,ml_df_it_v1:target-speaker:6807,,unknown,synthetic_ml_df,16000,wav,,,2026-08-09T04:16:22.460999Z
ml_df_it_v1:IT_9185_10011_000323_3_4998_ZMM-TTS,processed/37/37d5efacce4a6206249b62be7842999d53c429550b378491ee2a7527ed2fae57.wav,b8bc7873d64810084e3de717e271a8d0bcd2dd086cd915636ac10cfdb45d9978,ood,spoof,other,unknown,ml_df_it_v1:target-speaker:4998,ml_df_it_v1,CC-BY-4.0,ML-DF v1 CC-BY-4.0; source MLS is CC-BY-4.0,ml_df_it_v1:target-speaker:4998,ml_df_it_v1:content:IT_9185_10011_000323_3,3d9f6dc0d7705274a4479800e7f898b86f25291de0f359df51abd857d2addc9b,5.712,tts,ZMM-TTS,ML-DF-v1,ml_df_it_v1:target-speaker:4998,,unknown,synthetic_ml_df,16000,wav,,,2026-08-09T04:16:22.460999Z
ml_df_it_v1:IT_9185_10011_000295_1_6807_ZMM-TTS,processed/75/75eb45c1ee952aa9fad6cea11d5e8c5106666bf95a977eb88da525a34a19acfb.wav,5540eab8bfec7701a6078a65e7b563eb561ba6d1e890135a308fae8f01d1b1b0,ood,spoof,other,unknown,ml_df_it_v1:target-speaker:6807,ml_df_it_v1,CC-BY-4.0,ML-DF v1 CC-BY-4.0; source MLS is CC-BY-4.0,ml_df_it_v1:target-speaker:6807,ml_df_it_v1:content:IT_9185_10011_000295_1,e5c24c49a1169eaa83e570e3850210d3362f1aa8345d06a36ebeb4adb8c780ae,3.887,tts,ZMM-TTS,ML-DF-v1,ml_df_it_v1:target-speaker:6807,,unknown,synthetic_ml_df,16000,wav,,,2026-08-09T04:16:22.460999Z
ml_df_it_v1:IT_9185_10011_000385_3_6807_ZMM-TTS,processed/96/962436b0618d7cfefbe3e5acafeb068ac508ae1edeb03d96048bdc9357f1bb4e.wav,ddddbb270a69634b7757b0d0ab3310aa0632d33864227757345ad5dbd168e9bb,ood,spoof,other,unknown,ml_df_it_v1:target-speaker:6807,ml_df_it_v1,CC-BY-4.0,ML-DF v1 CC-BY-4.0; source MLS is CC-BY-4.0,ml_df_it_v1:target-speaker:6807,ml_df_it_v1:content:IT_9185_10011_000385_3,baf9fc23ba46ca6ec1b6aa194a73594e871757f434e4e15e594f659aed66b6e1,4.6245,tts,ZMM-TTS,ML-DF-v1,ml_df_it_v1:target-speaker:6807,,unknown,synthetic_ml_df,16000,wav,,,2026-08-09T04:16:22.460999Z
ml_df_it_v1:IT_8842_8795_000228_0_4998_ZMM-TTS,processed/cd/cde37e138183e4d13f231231189d63e214e2c5a8d150f8e9a570997b0e4c5bce.wav,477ad8772084efa93d95d71b801a35e8a8adeec06ec8662ccadf4a4c149d5bad,ood,spoof,other,unknown,ml_df_it_v1:target-speaker:4998,ml_df_it_v1,CC-BY-4.0,ML-DF v1 CC-BY-4.0; source MLS is CC-BY-4.0,ml_df_it_v1:target-speaker:4998,ml_df_it_v1:content:IT_8842_8795_000228_0,b90c7946347128a60f7195e9cdad8821002d3371459b93c8fbc62f81d8d30b20,5.787,tts,ZMM-TTS,ML-DF-v1,ml_df_it_v1:target-speaker:4998,,unknown,synthetic_ml_df,16000,wav,,,2026-08-09T04:16:22.460999Z
ml_df_it_v1:IT_8842_8610_000085_3_4998_ZMM-TTS,processed/b9/b9ae9891fd83bc42ec2f4e4e0ebe3ce11b0a4ec8caa331f1f05991209d06d7b1.wav,b33ff9a84cc4624b3e237566f9e206f0d9ecd22a57d38295bdf57d5ebab380b6,ood,spoof,other,unknown,ml_df_it_v1:target-speaker:4998,ml_df_it_v1,CC-BY-4.0,ML-DF v1 CC-BY-4.0; source MLS is CC-BY-4.0,ml_df_it_v1:target-speaker:4998,ml_df_it_v1:content:IT_8842_8610_000085_3,c53dd59249b37804133e13b0bad5f2b9d4f02445ab522a0e726663b5a31dd032,3.112,tts,ZMM-TTS,ML-DF-v1,ml_df_it_v1:target-speaker:4998,,unknown,synthetic_ml_df,16000,wav,,,2026-08-09T04:16:22.460999Z
ml_df_it_v1:IT_8842_8610_000315_4_6807_ZMM-TTS,processed/c3/c31526e781e69fef54e16e42b24d595477ace01ca8aa5a8a20426b15f8661f78.wav,64753dffb8c6659194ff17f009c8cb3cd87e340c8907bfd7a2b424ff7870f80d,ood,spoof,other,unknown,ml_df_it_v1:target-speaker:6807,ml_df_it_v1,CC-BY-4.0,ML-DF v1 CC-BY-4.0; source MLS is CC-BY-4.0,ml_df_it_v1:target-speaker:6807,ml_df_it_v1:content:IT_8842_8610_000315_4,5c62d90213232ff6d6cbca8fe45e1b60b42de6ce1ccc5d0601a93699b6d05fdd,4.087,tts,ZMM-TTS,ML-DF-v1,ml_df_it_v1:target-speaker:6807,,unknown,synthetic_ml_df,16000,wav,,,2026-08-09T04:16:22.460999Z
ml_df_it_v1:IT_12804_11418_000277_1_4998_ZMM-TTS,processed/b4/b48c5649f55bf54799ac7aee5e9ea5ddefa5e0313cba340bd0d668f79ff3058a.wav,dbdc9014d18a69156fefb8ba990340d24aa9accdd877e09a9244348cb3c03bc7,ood,spoof,other,unknown,ml_df_it_v1:target-speaker:4998,ml_df_it_v1,CC-BY-4.0,ML-DF v1 CC-BY-4.0; source MLS is CC-BY-4.0,ml_df_it_v1:target-speaker:4998,ml_df_it_v1:content:IT_12804_11418_000277_1,3c6377b7d02125600219f0243366691b27e8a5aeae2cf927af251385075672d1,4.387,tts,ZMM-TTS,ML-DF-v1,ml_df_it_v1:target-speaker:4998,,unknown,synthetic_ml_df,16000,wav,,,2026-08-09T04:16:22.460999Z
ml_df_it_v1:IT_12428_9630_000149_0_4998_ZMM-TTS,processed/ad/ad840d6b85486375da910b9f5ba5d353bb54fdf1321f3f28181f996dcf923d3f.wav,4cd68f5f03f29407909e689351b2f5e865720ca81567b051adce4d360a86ffc3,ood,spoof,other,unknown,ml_df_it_v1:target-speaker:4998,ml_df_it_v1,CC-BY-4.0,ML-DF v1 CC-BY-4.0; source MLS is CC-BY-4.0,ml_df_it_v1:target-speaker:4998,ml_df_it_v1:content:IT_12428_9630_000149_0,e4602ffb70295a395d279631a8bff05ee38704f50a49251455dd322321ffe71c,3.262,tts,ZMM-TTS,ML-DF-v1,ml_df_it_v1:target-speaker:4998,,unknown,synthetic_ml_df,16000,wav,,,2026-08-09T04:16:22.460999Z
ml_df_it_v1:IT_8828_7877_000009_1_6807_ZMM-TTS,processed/c6/c61a2e0b91331e5d5b32982ec63c8862b04eeb3b9d6f5ef604c16db938c6b4c7.wav,7215548a554dc695be1b34cd6caced39b5ab4cd411646cbbbb89afff2d43e812,ood,spoof,other,unknown,ml_df_it_v1:target-speaker:6807,ml_df_it_v1,CC-BY-4.0,ML-DF v1 CC-BY-4.0; source MLS is CC-BY-4.0,ml_df_it_v1:target-speaker:6807,ml_df_it_v1:content:IT_8828_7877_000009_1,3f37688c21bab30779c197febbed87d77f000846525b6ff8c55749719157bae4,4.3245,tts,ZMM-TTS,ML-DF-v1,ml_df_it_v1:target-speaker:6807,,unknown,synthetic_ml_df,16000,wav,,,2026-08-09T04:16:22.460999Z
ml_df_it_v1:IT_12428_8906_000031_0_4998_ZMM-TTS,processed/08/08b072f2c7b6bf26a246e44bbacc93fdb2234c25b29b8015fac7e95aa5054ae3.wav,9983d70584e6301f56c85ca6ce145d6bfb4057a7f1067514b5276596a422c369,ood,spoof,other,unknown,ml_df_it_v1:target-speaker:4998,ml_df_it_v1,CC-BY-4.0,ML-DF v1 CC-BY-4.0; source MLS is CC-BY-4.0,ml_df_it_v1:target-speaker:4998,ml_df_it_v1:content:IT_12428_8906_000031_0,22239d29c10187ffccb6a5c1617c36b3e4965744194e779970786e702f67e6ab,3.287,tts,ZMM-TTS,ML-DF-v1,ml_df_it_v1:target-speaker:4998,,unknown,synthetic_ml_df,16000,wav,,,2026-08-09T04:16:22.460999Z
ml_df_it_v1:IT_9185_8842_000159_1_6807_ZMM-TTS,processed/a8/a8c63fd1c3b93e51b4f51c3061644554d99653859edf6e7d6aa5c41b61e018cb.wav,46cafb1a0139bdbed9fde951c337383509f94238f67fa09557bd1f6579c52fd4,ood,spoof,other,unknown,ml_df_it_v1:target-speaker:6807,ml_df_it_v1,CC-BY-4.0,ML-DF v1 CC-BY-4.0; source MLS is CC-BY-4.0,ml_df_it_v1:target-speaker:6807,ml_df_it_v1:content:IT_9185_8842_000159_1,ccb7b82a8ba574a86a224d4091a5bc9622a19bab587fefbeb9a6430bf35e5284,4.212,tts,ZMM-TTS,ML-DF-v1,ml_df_it_v1:target-speaker:6807,,unknown,synthetic_ml_df,16000,wav,,,2026-08-09T04:16:22.460999Z
ml_df_it_v1:IT_8842_7720_000095_3_4998_ZMM-TTS,processed/ea/ea69edabe422eb197dc948867a1f3ae1365fab4bc48ba7913cc1972dd828c95a.wav,871e8642198bc3e61e9a26f70002fb0593487474685f04cd5dbf2c34b135f0e5,ood,spoof,other,unknown,ml_df_it_v1:target-speaker:4998,ml_df_it_v1,CC-BY-4.0,ML-DF v1 CC-BY-4.0; source MLS is CC-BY-4.0,ml_df_it_v1:target-speaker:4998,ml_df_it_v1:content:IT_8842_7720_000095_3,75ce22a6a89ef67ecbca42c65eb977609b8cefeacfa35033e8797b039e6640d7,3.6245,tts,ZMM-TTS,ML-DF-v1,ml_df_it_v1:target-speaker:4998,,unknown,synthetic_ml_df,16000,wav,,,2026-08-09T04:16:22.460999Z
ml_df_it_v1:IT_12428_9630_000301_1_6807_ZMM-TTS,processed/64/6420b93e12e6332b71053f14b3a05f3db38699b5db6f0da47959b740269e3ef3.wav,d6ac07cad680d95dce66919f8c8de54f98515efc2dee238ee866830be32d468d,ood,spoof,other,unknown,ml_df_it_v1:target-speaker:6807,ml_df_it_v1,CC-BY-4.0,ML-DF v1 CC-BY-4.0; source MLS is CC-BY-4.0,ml_df_it_v1:target-speaker:6807,ml_df_it_v1:content:IT_12428_9630_000301_1,b95410746a89c102d3cae6c667fd765929d4bd9ca23f36571debd4a85cdd56e0,3.012,tts,ZMM-TTS,ML-DF-v1,ml_df_it_v1:target-speaker:6807,,unknown,synthetic_ml_df,16000,wav,,,2026-08-09T04:16:22.460999Z
ml_df_it_v1:IT_9185_11418_000092_2_4998_ZMM-TTS,processed/5c/5c60805055c33a5bdb448350229b13a2714b3fb64087269150d5d3a2d30547f9.wav,ac28fa811650e03c4270d02b869e780980cfacf38a1f621f13e21cd869f8c072,ood,spoof,other,unknown,ml_df_it_v1:target-speaker:4998,ml_df_it_v1,CC-BY-4.0,ML-DF v1 CC-BY-4.0; source MLS is CC-BY-4.0,ml_df_it_v1:target-speaker:4998,ml_df_it_v1:content:IT_9185_11418_000092_2,4d99e63c7a9c0f7580b237285453ee477e62d494bf591b70f456fa32fd8d8124,4.3245,tts,ZMM-TTS,ML-DF-v1,ml_df_it_v1:target-speaker:4998,,unknown,synthetic_ml_df,16000,wav,,,2026-08-09T04:16:22.460999Z
