sample_id,relative_path,sha256,split,label,language,code_switch,parent_group_id,source_name,source_license,rights_basis,speaker_pseudo_id,text_id,text_hash,duration_s,generator_family,generator_name,generator_version,voice_id,clone_consent_id,device,capture_route,original_sr,codec,augmentation_chain,augmentation_seed,created_at
stage_d_ru_dialogs_vits2_masha_neutral_v1:aa83c53b28911aac1f5e,raw/stage_d_ru_dialogs_vits2_masha_neutral_v1/slices/frozen_common_voice_73/d162e9bbfd8268488985-c13ae26515cb.wav,69b56c8ec3568792a2d802fc124dfa26c2eef7d8cb06b744f8ef47fcb63db340,test,spoof,ru,false,stage_d_ru_dialogs_vits2_masha_neutral_v1:fixed-profile:dialogs_ru_vits2:Masha:neutral,stage_d_ru_dialogs_vits2_masha_neutral_v1,Common Voice RU CC0-1.0; Dialogs-RU model card OpenRAIL declaration; Dialogs dataset OpenRAIL license,Offline literal-text-only derivative of common_voice_ru_v24 text f64b572244a30feff385e6dd53ae76081257cccdc2d984aa6388efd8dc08eea7; Dialogs-RU model card OpenRAIL declaration; Dialogs dataset OpenRAIL license revision e25ba617b2b56bd1dbf255d3905c51bd8da3d31f explicitly covers models trained on the dataset and their outputs; permitted for the project's personal-research scope subject to its use restrictions; fixed Masha/neutral profile; no reference audio or voice cloning; upstream basic cleaner only; language provenance is intended input text until acoustic review; tokenizer_dropped_characters=none,stage_d_ru_dialogs_vits2_masha_neutral_v1:synthetic-profile:dialogs_ru_vits2:Masha:neutral,f64b572244a30feff385e6dd53ae76081257cccdc2d984aa6388efd8dc08eea7,c13ae26515cb5e39d55d3bee77ca95064a971a6e86cd80cfe90bcce5250f589b,2.6238548752834467,vits2_emotion_conditioned_tts,Dialogs-RU Expressive Russian TTS,hf-af7eabc15d087fce701de7261190ccb747c3bc7a; checkpoint-b565b7b5311bd29102f15d2700c69ea71569605bc756fb5bb49d98afdc5e1e43; weights-only-wrapper-188ed0e0d2a8db916160b75f51462cf59fe24bce60a919e88fedd7fa76846c71,dialogs_ru_vits2_masha_neutral:dialogs_ru_vits2:Masha:neutral,not_applicable:fixed_pretrained_tts_no_reference_audio,cpu,offline_text_only_vits2_weights_only_fixed_profile,22050,wav,language_provenance=intended_input_text_only;literal_source_text_sha256=c13ae26515cb5e39d55d3bee77ca95064a971a6e86cd80cfe90bcce5250f589b;upstream_tokenizer_dropped_characters=none;rng_seed=sha256_literal_source_text,c13ae26515cb5e39,2026-08-13T13:30:00+05:00
stage_d_ru_dialogs_vits2_masha_neutral_v1:c22c9c8d9f057648ecf8,raw/stage_d_ru_dialogs_vits2_masha_neutral_v1/slices/frozen_common_voice_73/3440c8b7f8c69ccd1528-f6cb7fa79d09.wav,9a32c63e6813650d95b4bbddd3095ba913249acac4728bb0e4efb07b2e70325a,test,spoof,ru,false,stage_d_ru_dialogs_vits2_masha_neutral_v1:fixed-profile:dialogs_ru_vits2:Masha:neutral,stage_d_ru_dialogs_vits2_masha_neutral_v1,Common Voice RU CC0-1.0; Dialogs-RU model card OpenRAIL declaration; Dialogs dataset OpenRAIL license,Offline literal-text-only derivative of common_voice_ru_v24 text 033be5af636c66bac9cd81130fc19a7e7bb344d02a32c27afa27cddcc4748652; Dialogs-RU model card OpenRAIL declaration; Dialogs dataset OpenRAIL license revision e25ba617b2b56bd1dbf255d3905c51bd8da3d31f explicitly covers models trained on the dataset and their outputs; permitted for the project's personal-research scope subject to its use restrictions; fixed Masha/neutral profile; no reference audio or voice cloning; upstream basic cleaner only; language provenance is intended input text until acoustic review; tokenizer_dropped_characters=none,stage_d_ru_dialogs_vits2_masha_neutral_v1:synthetic-profile:dialogs_ru_vits2:Masha:neutral,033be5af636c66bac9cd81130fc19a7e7bb344d02a32c27afa27cddcc4748652,f6cb7fa79d09b0d8227c52a2b391c85736c1b4c93e73b4eaa0583d85b2f39f3a,4.85297052154195,vits2_emotion_conditioned_tts,Dialogs-RU Expressive Russian TTS,hf-af7eabc15d087fce701de7261190ccb747c3bc7a; checkpoint-b565b7b5311bd29102f15d2700c69ea71569605bc756fb5bb49d98afdc5e1e43; weights-only-wrapper-188ed0e0d2a8db916160b75f51462cf59fe24bce60a919e88fedd7fa76846c71,dialogs_ru_vits2_masha_neutral:dialogs_ru_vits2:Masha:neutral,not_applicable:fixed_pretrained_tts_no_reference_audio,cpu,offline_text_only_vits2_weights_only_fixed_profile,22050,wav,language_provenance=intended_input_text_only;literal_source_text_sha256=f6cb7fa79d09b0d8227c52a2b391c85736c1b4c93e73b4eaa0583d85b2f39f3a;upstream_tokenizer_dropped_characters=none;rng_seed=sha256_literal_source_text,f6cb7fa79d09b0d8,2026-08-13T13:30:00+05:00
stage_d_ru_dialogs_vits2_masha_neutral_v1:7abadb7f58fe5eefe407,raw/stage_d_ru_dialogs_vits2_masha_neutral_v1/slices/frozen_common_voice_73/d1fae443e988787c0820-e1a2272d2bd0.wav,09f11e7a2557162507f08b190fc197b966623d167463856e39bdfc6f62a36494,test,spoof,ru,false,stage_d_ru_dialogs_vits2_masha_neutral_v1:fixed-profile:dialogs_ru_vits2:Masha:neutral,stage_d_ru_dialogs_vits2_masha_neutral_v1,Common Voice RU CC0-1.0; Dialogs-RU model card OpenRAIL declaration; Dialogs dataset OpenRAIL license,Offline literal-text-only derivative of common_voice_ru_v24 text fe1243ce234619b12897f07a6e7a92b265b5c674d823f377af3b094418f5dfc9; Dialogs-RU model card OpenRAIL declaration; Dialogs dataset OpenRAIL license revision e25ba617b2b56bd1dbf255d3905c51bd8da3d31f explicitly covers models trained on the dataset and their outputs; permitted for the project's personal-research scope subject to its use restrictions; fixed Masha/neutral profile; no reference audio or voice cloning; upstream basic cleaner only; language provenance is intended input text until acoustic review; tokenizer_dropped_characters=–,stage_d_ru_dialogs_vits2_masha_neutral_v1:synthetic-profile:dialogs_ru_vits2:Masha:neutral,fe1243ce234619b12897f07a6e7a92b265b5c674d823f377af3b094418f5dfc9,e1a2272d2bd048e153923b87e1c21ac37415e1e457a5e7091b7984757ba450b3,3.378503401360544,vits2_emotion_conditioned_tts,Dialogs-RU Expressive Russian TTS,hf-af7eabc15d087fce701de7261190ccb747c3bc7a; checkpoint-b565b7b5311bd29102f15d2700c69ea71569605bc756fb5bb49d98afdc5e1e43; weights-only-wrapper-188ed0e0d2a8db916160b75f51462cf59fe24bce60a919e88fedd7fa76846c71,dialogs_ru_vits2_masha_neutral:dialogs_ru_vits2:Masha:neutral,not_applicable:fixed_pretrained_tts_no_reference_audio,cpu,offline_text_only_vits2_weights_only_fixed_profile,22050,wav,language_provenance=intended_input_text_only;literal_source_text_sha256=e1a2272d2bd048e153923b87e1c21ac37415e1e457a5e7091b7984757ba450b3;upstream_tokenizer_dropped_characters=–;rng_seed=sha256_literal_source_text,e1a2272d2bd048e1,2026-08-13T13:30:00+05:00
stage_d_ru_dialogs_vits2_masha_neutral_v1:f95aeb47cc3545263ce1,raw/stage_d_ru_dialogs_vits2_masha_neutral_v1/slices/frozen_common_voice_73/96a5458dc63a9fe30c95-b9cbd1d4fda7.wav,f232d5534d34e7cf620f73a7b276956ff0c62808355c58b9e3f212dcb41a79c5,test,spoof,ru,false,stage_d_ru_dialogs_vits2_masha_neutral_v1:fixed-profile:dialogs_ru_vits2:Masha:neutral,stage_d_ru_dialogs_vits2_masha_neutral_v1,Common Voice RU CC0-1.0; Dialogs-RU model card OpenRAIL declaration; Dialogs dataset OpenRAIL license,Offline literal-text-only derivative of common_voice_ru_v24 text 230513a612aa363d0cc22b1035214c72e5c2534abdf214517e3130e76ddab1ed; Dialogs-RU model card OpenRAIL declaration; Dialogs dataset OpenRAIL license revision e25ba617b2b56bd1dbf255d3905c51bd8da3d31f explicitly covers models trained on the dataset and their outputs; permitted for the project's personal-research scope subject to its use restrictions; fixed Masha/neutral profile; no reference audio or voice cloning; upstream basic cleaner only; language provenance is intended input text until acoustic review; tokenizer_dropped_characters=none,stage_d_ru_dialogs_vits2_masha_neutral_v1:synthetic-profile:dialogs_ru_vits2:Masha:neutral,230513a612aa363d0cc22b1035214c72e5c2534abdf214517e3130e76ddab1ed,b9cbd1d4fda7c85c5e93b5ad1fc8c03fe709f7ed624b09b2637f3d290671bdbf,2.1710657596371883,vits2_emotion_conditioned_tts,Dialogs-RU Expressive Russian TTS,hf-af7eabc15d087fce701de7261190ccb747c3bc7a; checkpoint-b565b7b5311bd29102f15d2700c69ea71569605bc756fb5bb49d98afdc5e1e43; weights-only-wrapper-188ed0e0d2a8db916160b75f51462cf59fe24bce60a919e88fedd7fa76846c71,dialogs_ru_vits2_masha_neutral:dialogs_ru_vits2:Masha:neutral,not_applicable:fixed_pretrained_tts_no_reference_audio,cpu,offline_text_only_vits2_weights_only_fixed_profile,22050,wav,language_provenance=intended_input_text_only;literal_source_text_sha256=b9cbd1d4fda7c85c5e93b5ad1fc8c03fe709f7ed624b09b2637f3d290671bdbf;upstream_tokenizer_dropped_characters=none;rng_seed=sha256_literal_source_text,b9cbd1d4fda7c85c,2026-08-13T13:30:00+05:00
stage_d_ru_dialogs_vits2_masha_neutral_v1:b793905faff4a7481f18,raw/stage_d_ru_dialogs_vits2_masha_neutral_v1/slices/frozen_common_voice_73/b25a9fdf4ba0a91ecc63-27229e0b815e.wav,50b20e7a72e9cba35de73f272e1ee75afebb364c33ae76a5bd0e343c95076599,test,spoof,ru,false,stage_d_ru_dialogs_vits2_masha_neutral_v1:fixed-profile:dialogs_ru_vits2:Masha:neutral,stage_d_ru_dialogs_vits2_masha_neutral_v1,Common Voice RU CC0-1.0; Dialogs-RU model card OpenRAIL declaration; Dialogs dataset OpenRAIL license,Offline literal-text-only derivative of common_voice_ru_v24 text 073810cd4c249b9ea251b9a4bbcb7694d01ae07d749d596ace2f966733b0d933; Dialogs-RU model card OpenRAIL declaration; Dialogs dataset OpenRAIL license revision e25ba617b2b56bd1dbf255d3905c51bd8da3d31f explicitly covers models trained on the dataset and their outputs; permitted for the project's personal-research scope subject to its use restrictions; fixed Masha/neutral profile; no reference audio or voice cloning; upstream basic cleaner only; language provenance is intended input text until acoustic review; tokenizer_dropped_characters=none,stage_d_ru_dialogs_vits2_masha_neutral_v1:synthetic-profile:dialogs_ru_vits2:Masha:neutral,073810cd4c249b9ea251b9a4bbcb7694d01ae07d749d596ace2f966733b0d933,27229e0b815e466a0408de2b4a03953b636554254987aa121087416658bd75c4,1.6950566893424037,vits2_emotion_conditioned_tts,Dialogs-RU Expressive Russian TTS,hf-af7eabc15d087fce701de7261190ccb747c3bc7a; checkpoint-b565b7b5311bd29102f15d2700c69ea71569605bc756fb5bb49d98afdc5e1e43; weights-only-wrapper-188ed0e0d2a8db916160b75f51462cf59fe24bce60a919e88fedd7fa76846c71,dialogs_ru_vits2_masha_neutral:dialogs_ru_vits2:Masha:neutral,not_applicable:fixed_pretrained_tts_no_reference_audio,cpu,offline_text_only_vits2_weights_only_fixed_profile,22050,wav,language_provenance=intended_input_text_only;literal_source_text_sha256=27229e0b815e466a0408de2b4a03953b636554254987aa121087416658bd75c4;upstream_tokenizer_dropped_characters=none;rng_seed=sha256_literal_source_text,27229e0b815e466a,2026-08-13T13:30:00+05:00
stage_d_ru_dialogs_vits2_masha_neutral_v1:c4d9769623ea63fd3c25,raw/stage_d_ru_dialogs_vits2_masha_neutral_v1/slices/frozen_common_voice_73/de606e51feb24f7ece8f-d1503abaed4f.wav,7d27ede3696d8a17567fb250ac05126fce2cc3abec5760268b1087b22dd293ed,test,spoof,ru,false,stage_d_ru_dialogs_vits2_masha_neutral_v1:fixed-profile:dialogs_ru_vits2:Masha:neutral,stage_d_ru_dialogs_vits2_masha_neutral_v1,Common Voice RU CC0-1.0; Dialogs-RU model card OpenRAIL declaration; Dialogs dataset OpenRAIL license,Offline literal-text-only derivative of common_voice_ru_v24 text 958d5ae7e20e6054d1d997d0d92851c7305bb345f695a19e5cb3c0d0bdb6cf4f; Dialogs-RU model card OpenRAIL declaration; Dialogs dataset OpenRAIL license revision e25ba617b2b56bd1dbf255d3905c51bd8da3d31f explicitly covers models trained on the dataset and their outputs; permitted for the project's personal-research scope subject to its use restrictions; fixed Masha/neutral profile; no reference audio or voice cloning; upstream basic cleaner only; language provenance is intended input text until acoustic review; tokenizer_dropped_characters=none,stage_d_ru_dialogs_vits2_masha_neutral_v1:synthetic-profile:dialogs_ru_vits2:Masha:neutral,958d5ae7e20e6054d1d997d0d92851c7305bb345f695a19e5cb3c0d0bdb6cf4f,d1503abaed4f18f5a948d23eac20ddb26b32d949ad28b72cc9482627d1226aed,4.08671201814059,vits2_emotion_conditioned_tts,Dialogs-RU Expressive Russian TTS,hf-af7eabc15d087fce701de7261190ccb747c3bc7a; checkpoint-b565b7b5311bd29102f15d2700c69ea71569605bc756fb5bb49d98afdc5e1e43; weights-only-wrapper-188ed0e0d2a8db916160b75f51462cf59fe24bce60a919e88fedd7fa76846c71,dialogs_ru_vits2_masha_neutral:dialogs_ru_vits2:Masha:neutral,not_applicable:fixed_pretrained_tts_no_reference_audio,cpu,offline_text_only_vits2_weights_only_fixed_profile,22050,wav,language_provenance=intended_input_text_only;literal_source_text_sha256=d1503abaed4f18f5a948d23eac20ddb26b32d949ad28b72cc9482627d1226aed;upstream_tokenizer_dropped_characters=none;rng_seed=sha256_literal_source_text,d1503abaed4f18f5,2026-08-13T13:30:00+05:00
stage_d_ru_dialogs_vits2_masha_neutral_v1:9b3e8c3e844bdee511e4,raw/stage_d_ru_dialogs_vits2_masha_neutral_v1/slices/frozen_common_voice_73/3b0030d1f596aca1d2fd-86ea6e26aa9e.wav,8bfd31a6f0214eb9f52421e81ea8eadf032ce4f77c25b4fd8761f42c510d32c8,test,spoof,ru,false,stage_d_ru_dialogs_vits2_masha_neutral_v1:fixed-profile:dialogs_ru_vits2:Masha:neutral,stage_d_ru_dialogs_vits2_masha_neutral_v1,Common Voice RU CC0-1.0; Dialogs-RU model card OpenRAIL declaration; Dialogs dataset OpenRAIL license,Offline literal-text-only derivative of common_voice_ru_v24 text 5aa197aa9ae92b4aca8ac2e907f995f6ebdee45c450169a717ea23c5b78d7713; Dialogs-RU model card OpenRAIL declaration; Dialogs dataset OpenRAIL license revision e25ba617b2b56bd1dbf255d3905c51bd8da3d31f explicitly covers models trained on the dataset and their outputs; permitted for the project's personal-research scope subject to its use restrictions; fixed Masha/neutral profile; no reference audio or voice cloning; upstream basic cleaner only; language provenance is intended input text until acoustic review; tokenizer_dropped_characters=none,stage_d_ru_dialogs_vits2_masha_neutral_v1:synthetic-profile:dialogs_ru_vits2:Masha:neutral,5aa197aa9ae92b4aca8ac2e907f995f6ebdee45c450169a717ea23c5b78d7713,86ea6e26aa9e0696851eab164257a37a3f1b44ceebf1a6fa84c18beb1c32e2ad,3.633922902494331,vits2_emotion_conditioned_tts,Dialogs-RU Expressive Russian TTS,hf-af7eabc15d087fce701de7261190ccb747c3bc7a; checkpoint-b565b7b5311bd29102f15d2700c69ea71569605bc756fb5bb49d98afdc5e1e43; weights-only-wrapper-188ed0e0d2a8db916160b75f51462cf59fe24bce60a919e88fedd7fa76846c71,dialogs_ru_vits2_masha_neutral:dialogs_ru_vits2:Masha:neutral,not_applicable:fixed_pretrained_tts_no_reference_audio,cpu,offline_text_only_vits2_weights_only_fixed_profile,22050,wav,language_provenance=intended_input_text_only;literal_source_text_sha256=86ea6e26aa9e0696851eab164257a37a3f1b44ceebf1a6fa84c18beb1c32e2ad;upstream_tokenizer_dropped_characters=none;rng_seed=sha256_literal_source_text,86ea6e26aa9e0696,2026-08-13T13:30:00+05:00
stage_d_ru_dialogs_vits2_masha_neutral_v1:e28ff07c13687af6e29e,raw/stage_d_ru_dialogs_vits2_masha_neutral_v1/slices/frozen_common_voice_73/bdf889fc8dec4f71c3fc-5a8f8c4b564b.wav,35dd8644dbd144cfaf7d769f4b29c00df3595d23e8010d080808a354403bd173,test,spoof,ru,false,stage_d_ru_dialogs_vits2_masha_neutral_v1:fixed-profile:dialogs_ru_vits2:Masha:neutral,stage_d_ru_dialogs_vits2_masha_neutral_v1,Common Voice RU CC0-1.0; Dialogs-RU model card OpenRAIL declaration; Dialogs dataset OpenRAIL license,Offline literal-text-only derivative of common_voice_ru_v24 text 72ef5f52739f5982641a85f9bbf43230903dd45e698a6061b53a4bca0982b187; Dialogs-RU model card OpenRAIL declaration; Dialogs dataset OpenRAIL license revision e25ba617b2b56bd1dbf255d3905c51bd8da3d31f explicitly covers models trained on the dataset and their outputs; permitted for the project's personal-research scope subject to its use restrictions; fixed Masha/neutral profile; no reference audio or voice cloning; upstream basic cleaner only; language provenance is intended input text until acoustic review; tokenizer_dropped_characters=none,stage_d_ru_dialogs_vits2_masha_neutral_v1:synthetic-profile:dialogs_ru_vits2:Masha:neutral,72ef5f52739f5982641a85f9bbf43230903dd45e698a6061b53a4bca0982b187,5a8f8c4b564bf10242ce9e074ce01b367e8e791ebe20f49a3932688c13f16791,4.96907029478458,vits2_emotion_conditioned_tts,Dialogs-RU Expressive Russian TTS,hf-af7eabc15d087fce701de7261190ccb747c3bc7a; checkpoint-b565b7b5311bd29102f15d2700c69ea71569605bc756fb5bb49d98afdc5e1e43; weights-only-wrapper-188ed0e0d2a8db916160b75f51462cf59fe24bce60a919e88fedd7fa76846c71,dialogs_ru_vits2_masha_neutral:dialogs_ru_vits2:Masha:neutral,not_applicable:fixed_pretrained_tts_no_reference_audio,cpu,offline_text_only_vits2_weights_only_fixed_profile,22050,wav,language_provenance=intended_input_text_only;literal_source_text_sha256=5a8f8c4b564bf10242ce9e074ce01b367e8e791ebe20f49a3932688c13f16791;upstream_tokenizer_dropped_characters=none;rng_seed=sha256_literal_source_text,5a8f8c4b564bf102,2026-08-13T13:30:00+05:00
stage_d_ru_dialogs_vits2_masha_neutral_v1:9da6cb06a8e3c196c035,raw/stage_d_ru_dialogs_vits2_masha_neutral_v1/slices/frozen_common_voice_73/262ff9a6d6f539a08dc1-9b5dfa1bce9a.wav,50bf9b73e9b0f318948a495f986f31ef3065cf59253df943428fca9ac031a90e,test,spoof,ru,false,stage_d_ru_dialogs_vits2_masha_neutral_v1:fixed-profile:dialogs_ru_vits2:Masha:neutral,stage_d_ru_dialogs_vits2_masha_neutral_v1,Common Voice RU CC0-1.0; Dialogs-RU model card OpenRAIL declaration; Dialogs dataset OpenRAIL license,Offline literal-text-only derivative of common_voice_ru_v24 text 70d8cc8d3409b6676699fc000a53097de7ffa0b66b6d4918e5cc73ccf796de97; Dialogs-RU model card OpenRAIL declaration; Dialogs dataset OpenRAIL license revision e25ba617b2b56bd1dbf255d3905c51bd8da3d31f explicitly covers models trained on the dataset and their outputs; permitted for the project's personal-research scope subject to its use restrictions; fixed Masha/neutral profile; no reference audio or voice cloning; upstream basic cleaner only; language provenance is intended input text until acoustic review; tokenizer_dropped_characters=none,stage_d_ru_dialogs_vits2_masha_neutral_v1:synthetic-profile:dialogs_ru_vits2:Masha:neutral,70d8cc8d3409b6676699fc000a53097de7ffa0b66b6d4918e5cc73ccf796de97,9b5dfa1bce9ab1a4ba611b75e13a4c5ff56135d36b8161f90fefa94b8246c805,4.760090702947846,vits2_emotion_conditioned_tts,Dialogs-RU Expressive Russian TTS,hf-af7eabc15d087fce701de7261190ccb747c3bc7a; checkpoint-b565b7b5311bd29102f15d2700c69ea71569605bc756fb5bb49d98afdc5e1e43; weights-only-wrapper-188ed0e0d2a8db916160b75f51462cf59fe24bce60a919e88fedd7fa76846c71,dialogs_ru_vits2_masha_neutral:dialogs_ru_vits2:Masha:neutral,not_applicable:fixed_pretrained_tts_no_reference_audio,cpu,offline_text_only_vits2_weights_only_fixed_profile,22050,wav,language_provenance=intended_input_text_only;literal_source_text_sha256=9b5dfa1bce9ab1a4ba611b75e13a4c5ff56135d36b8161f90fefa94b8246c805;upstream_tokenizer_dropped_characters=none;rng_seed=sha256_literal_source_text,9b5dfa1bce9ab1a4,2026-08-13T13:30:00+05:00
stage_d_ru_dialogs_vits2_masha_neutral_v1:cf80a78a05df6fbbdc58,raw/stage_d_ru_dialogs_vits2_masha_neutral_v1/slices/frozen_common_voice_73/cd644a01aac745eabafc-b9631065ba2d.wav,218cc201a3bf6444874e3571f8edd5a0d79a963affcc3371e4650e5d16f34c9a,test,spoof,ru,false,stage_d_ru_dialogs_vits2_masha_neutral_v1:fixed-profile:dialogs_ru_vits2:Masha:neutral,stage_d_ru_dialogs_vits2_masha_neutral_v1,Common Voice RU CC0-1.0; Dialogs-RU model card OpenRAIL declaration; Dialogs dataset OpenRAIL license,Offline literal-text-only derivative of common_voice_ru_v24 text 0290b8bd6442be0ff912089e518109330ae3f014593610ab69a2bf8d88ab8f3a; Dialogs-RU model card OpenRAIL declaration; Dialogs dataset OpenRAIL license revision e25ba617b2b56bd1dbf255d3905c51bd8da3d31f explicitly covers models trained on the dataset and their outputs; permitted for the project's personal-research scope subject to its use restrictions; fixed Masha/neutral profile; no reference audio or voice cloning; upstream basic cleaner only; language provenance is intended input text until acoustic review; tokenizer_dropped_characters=none,stage_d_ru_dialogs_vits2_masha_neutral_v1:synthetic-profile:dialogs_ru_vits2:Masha:neutral,0290b8bd6442be0ff912089e518109330ae3f014593610ab69a2bf8d88ab8f3a,b9631065ba2de14c6df01031b0dd9b24b203aa75283d0b19ee1685b149e5ce37,2.136235827664399,vits2_emotion_conditioned_tts,Dialogs-RU Expressive Russian TTS,hf-af7eabc15d087fce701de7261190ccb747c3bc7a; checkpoint-b565b7b5311bd29102f15d2700c69ea71569605bc756fb5bb49d98afdc5e1e43; weights-only-wrapper-188ed0e0d2a8db916160b75f51462cf59fe24bce60a919e88fedd7fa76846c71,dialogs_ru_vits2_masha_neutral:dialogs_ru_vits2:Masha:neutral,not_applicable:fixed_pretrained_tts_no_reference_audio,cpu,offline_text_only_vits2_weights_only_fixed_profile,22050,wav,language_provenance=intended_input_text_only;literal_source_text_sha256=b9631065ba2de14c6df01031b0dd9b24b203aa75283d0b19ee1685b149e5ce37;upstream_tokenizer_dropped_characters=none;rng_seed=sha256_literal_source_text,b9631065ba2de14c,2026-08-13T13:30:00+05:00
stage_d_ru_dialogs_vits2_masha_neutral_v1:0f5b1ede2eeec1e6bf8c,raw/stage_d_ru_dialogs_vits2_masha_neutral_v1/slices/frozen_common_voice_73/cda50eb7eaedd0eb45ec-a92bde67cb73.wav,c477740ee76eb69ffa95249137eea2263285360e926f278e95058decf0bd5f2f,test,spoof,ru,false,stage_d_ru_dialogs_vits2_masha_neutral_v1:fixed-profile:dialogs_ru_vits2:Masha:neutral,stage_d_ru_dialogs_vits2_masha_neutral_v1,Common Voice RU CC0-1.0; Dialogs-RU model card OpenRAIL declaration; Dialogs dataset OpenRAIL license,Offline literal-text-only derivative of common_voice_ru_v24 text 562f562cd712618f9248bf6c1844417baa5506e46363e42812bd2176e3ba8003; Dialogs-RU model card OpenRAIL declaration; Dialogs dataset OpenRAIL license revision e25ba617b2b56bd1dbf255d3905c51bd8da3d31f explicitly covers models trained on the dataset and their outputs; permitted for the project's personal-research scope subject to its use restrictions; fixed Masha/neutral profile; no reference audio or voice cloning; upstream basic cleaner only; language provenance is intended input text until acoustic review; tokenizer_dropped_characters=none,stage_d_ru_dialogs_vits2_masha_neutral_v1:synthetic-profile:dialogs_ru_vits2:Masha:neutral,562f562cd712618f9248bf6c1844417baa5506e46363e42812bd2176e3ba8003,a92bde67cb73b3973ed6247ff1c22ca0cca213b878915c9308707a8a8e042dd9,6.013968253968254,vits2_emotion_conditioned_tts,Dialogs-RU Expressive Russian TTS,hf-af7eabc15d087fce701de7261190ccb747c3bc7a; checkpoint-b565b7b5311bd29102f15d2700c69ea71569605bc756fb5bb49d98afdc5e1e43; weights-only-wrapper-188ed0e0d2a8db916160b75f51462cf59fe24bce60a919e88fedd7fa76846c71,dialogs_ru_vits2_masha_neutral:dialogs_ru_vits2:Masha:neutral,not_applicable:fixed_pretrained_tts_no_reference_audio,cpu,offline_text_only_vits2_weights_only_fixed_profile,22050,wav,language_provenance=intended_input_text_only;literal_source_text_sha256=a92bde67cb73b3973ed6247ff1c22ca0cca213b878915c9308707a8a8e042dd9;upstream_tokenizer_dropped_characters=none;rng_seed=sha256_literal_source_text,a92bde67cb73b397,2026-08-13T13:30:00+05:00
stage_d_ru_dialogs_vits2_masha_neutral_v1:5e0f54e6d1eae16fcb12,raw/stage_d_ru_dialogs_vits2_masha_neutral_v1/slices/frozen_common_voice_73/edbf3ffb115ae96f63d4-14e464b0c3e6.wav,8d738088162810da5a4e9968a7b3b9d3b20bb4ee7e2b01a66c2f1f50c96a99cb,test,spoof,ru,false,stage_d_ru_dialogs_vits2_masha_neutral_v1:fixed-profile:dialogs_ru_vits2:Masha:neutral,stage_d_ru_dialogs_vits2_masha_neutral_v1,Common Voice RU CC0-1.0; Dialogs-RU model card OpenRAIL declaration; Dialogs dataset OpenRAIL license,Offline literal-text-only derivative of common_voice_ru_v24 text 67be50fe67cdb619dc9856e8846bf6e8b91ff44a736c1214337dc4d9e914abed; Dialogs-RU model card OpenRAIL declaration; Dialogs dataset OpenRAIL license revision e25ba617b2b56bd1dbf255d3905c51bd8da3d31f explicitly covers models trained on the dataset and their outputs; permitted for the project's personal-research scope subject to its use restrictions; fixed Masha/neutral profile; no reference audio or voice cloning; upstream basic cleaner only; language provenance is intended input text until acoustic review; tokenizer_dropped_characters=none,stage_d_ru_dialogs_vits2_masha_neutral_v1:synthetic-profile:dialogs_ru_vits2:Masha:neutral,67be50fe67cdb619dc9856e8846bf6e8b91ff44a736c1214337dc4d9e914abed,14e464b0c3e6b7818568b9a8fd16116952f7d91d2bcf4e948b9406844c234c52,3.7384126984126986,vits2_emotion_conditioned_tts,Dialogs-RU Expressive Russian TTS,hf-af7eabc15d087fce701de7261190ccb747c3bc7a; checkpoint-b565b7b5311bd29102f15d2700c69ea71569605bc756fb5bb49d98afdc5e1e43; weights-only-wrapper-188ed0e0d2a8db916160b75f51462cf59fe24bce60a919e88fedd7fa76846c71,dialogs_ru_vits2_masha_neutral:dialogs_ru_vits2:Masha:neutral,not_applicable:fixed_pretrained_tts_no_reference_audio,cpu,offline_text_only_vits2_weights_only_fixed_profile,22050,wav,language_provenance=intended_input_text_only;literal_source_text_sha256=14e464b0c3e6b7818568b9a8fd16116952f7d91d2bcf4e948b9406844c234c52;upstream_tokenizer_dropped_characters=none;rng_seed=sha256_literal_source_text,14e464b0c3e6b781,2026-08-13T13:30:00+05:00
stage_d_ru_dialogs_vits2_masha_neutral_v1:3faed2264aa17e7fb2fb,raw/stage_d_ru_dialogs_vits2_masha_neutral_v1/slices/frozen_common_voice_73/eecff7b93c64934cb265-659906c3cc4c.wav,12ec6c94925c05d0a830cd594d3f3526200264b89ba801e42a32fc1df7f53e44,test,spoof,ru,false,stage_d_ru_dialogs_vits2_masha_neutral_v1:fixed-profile:dialogs_ru_vits2:Masha:neutral,stage_d_ru_dialogs_vits2_masha_neutral_v1,Common Voice RU CC0-1.0; Dialogs-RU model card OpenRAIL declaration; Dialogs dataset OpenRAIL license,Offline literal-text-only derivative of common_voice_ru_v24 text c119a03082b414e13002c5343760e493e15c26b4402067fa3d1cc300f1c4d971; Dialogs-RU model card OpenRAIL declaration; Dialogs dataset OpenRAIL license revision e25ba617b2b56bd1dbf255d3905c51bd8da3d31f explicitly covers models trained on the dataset and their outputs; permitted for the project's personal-research scope subject to its use restrictions; fixed Masha/neutral profile; no reference audio or voice cloning; upstream basic cleaner only; language provenance is intended input text until acoustic review; tokenizer_dropped_characters=none,stage_d_ru_dialogs_vits2_masha_neutral_v1:synthetic-profile:dialogs_ru_vits2:Masha:neutral,c119a03082b414e13002c5343760e493e15c26b4402067fa3d1cc300f1c4d971,659906c3cc4ca814be66afc0ba1b2fc001604f3c4a12b8744943522738cc529e,2.345215419501134,vits2_emotion_conditioned_tts,Dialogs-RU Expressive Russian TTS,hf-af7eabc15d087fce701de7261190ccb747c3bc7a; checkpoint-b565b7b5311bd29102f15d2700c69ea71569605bc756fb5bb49d98afdc5e1e43; weights-only-wrapper-188ed0e0d2a8db916160b75f51462cf59fe24bce60a919e88fedd7fa76846c71,dialogs_ru_vits2_masha_neutral:dialogs_ru_vits2:Masha:neutral,not_applicable:fixed_pretrained_tts_no_reference_audio,cpu,offline_text_only_vits2_weights_only_fixed_profile,22050,wav,language_provenance=intended_input_text_only;literal_source_text_sha256=659906c3cc4ca814be66afc0ba1b2fc001604f3c4a12b8744943522738cc529e;upstream_tokenizer_dropped_characters=none;rng_seed=sha256_literal_source_text,659906c3cc4ca814,2026-08-13T13:30:00+05:00
stage_d_ru_dialogs_vits2_masha_neutral_v1:3e248377a3e13d7e7a2e,raw/stage_d_ru_dialogs_vits2_masha_neutral_v1/slices/frozen_common_voice_73/15d313be435ab494f8dc-5a9f5423a401.wav,abe1c6a198e09fe8407fa598ad9f1b2a94feaf407e3c0e620bb54c9c20fb8d91,test,spoof,ru,false,stage_d_ru_dialogs_vits2_masha_neutral_v1:fixed-profile:dialogs_ru_vits2:Masha:neutral,stage_d_ru_dialogs_vits2_masha_neutral_v1,Common Voice RU CC0-1.0; Dialogs-RU model card OpenRAIL declaration; Dialogs dataset OpenRAIL license,Offline literal-text-only derivative of common_voice_ru_v24 text d57dd829592ee9615eec4eaed65bf96eda00684eafab86fdebb52c65b4ff6a69; Dialogs-RU model card OpenRAIL declaration; Dialogs dataset OpenRAIL license revision e25ba617b2b56bd1dbf255d3905c51bd8da3d31f explicitly covers models trained on the dataset and their outputs; permitted for the project's personal-research scope subject to its use restrictions; fixed Masha/neutral profile; no reference audio or voice cloning; upstream basic cleaner only; language provenance is intended input text until acoustic review; tokenizer_dropped_characters=none,stage_d_ru_dialogs_vits2_masha_neutral_v1:synthetic-profile:dialogs_ru_vits2:Masha:neutral,d57dd829592ee9615eec4eaed65bf96eda00684eafab86fdebb52c65b4ff6a69,5a9f5423a401f48f1203f321aee8da3807cfba9cd976edf00192bd13286c8eb1,2.7747845804988662,vits2_emotion_conditioned_tts,Dialogs-RU Expressive Russian TTS,hf-af7eabc15d087fce701de7261190ccb747c3bc7a; checkpoint-b565b7b5311bd29102f15d2700c69ea71569605bc756fb5bb49d98afdc5e1e43; weights-only-wrapper-188ed0e0d2a8db916160b75f51462cf59fe24bce60a919e88fedd7fa76846c71,dialogs_ru_vits2_masha_neutral:dialogs_ru_vits2:Masha:neutral,not_applicable:fixed_pretrained_tts_no_reference_audio,cpu,offline_text_only_vits2_weights_only_fixed_profile,22050,wav,language_provenance=intended_input_text_only;literal_source_text_sha256=5a9f5423a401f48f1203f321aee8da3807cfba9cd976edf00192bd13286c8eb1;upstream_tokenizer_dropped_characters=none;rng_seed=sha256_literal_source_text,5a9f5423a401f48f,2026-08-13T13:30:00+05:00
stage_d_ru_dialogs_vits2_masha_neutral_v1:ed697a740511c0cb118e,raw/stage_d_ru_dialogs_vits2_masha_neutral_v1/slices/frozen_common_voice_73/618d87663c2b993d5427-9aeea260d904.wav,cdb27dcc1c026123bfe4f9abb095ccb757da0fe128d706b5c181c29a45d38541,test,spoof,ru,false,stage_d_ru_dialogs_vits2_masha_neutral_v1:fixed-profile:dialogs_ru_vits2:Masha:neutral,stage_d_ru_dialogs_vits2_masha_neutral_v1,Common Voice RU CC0-1.0; Dialogs-RU model card OpenRAIL declaration; Dialogs dataset OpenRAIL license,Offline literal-text-only derivative of common_voice_ru_v24 text e55b7457028e6b968b6bdfa2a1a7bbfad6a9d9cf1bf7e2b8a99151f1f5107e3e; Dialogs-RU model card OpenRAIL declaration; Dialogs dataset OpenRAIL license revision e25ba617b2b56bd1dbf255d3905c51bd8da3d31f explicitly covers models trained on the dataset and their outputs; permitted for the project's personal-research scope subject to its use restrictions; fixed Masha/neutral profile; no reference audio or voice cloning; upstream basic cleaner only; language provenance is intended input text until acoustic review; tokenizer_dropped_characters=none,stage_d_ru_dialogs_vits2_masha_neutral_v1:synthetic-profile:dialogs_ru_vits2:Masha:neutral,e55b7457028e6b968b6bdfa2a1a7bbfad6a9d9cf1bf7e2b8a99151f1f5107e3e,9aeea260d9043790bab61eb95dc811d5ecee26a44f79baa7354df8c0b5cf6daf,3.575873015873016,vits2_emotion_conditioned_tts,Dialogs-RU Expressive Russian TTS,hf-af7eabc15d087fce701de7261190ccb747c3bc7a; checkpoint-b565b7b5311bd29102f15d2700c69ea71569605bc756fb5bb49d98afdc5e1e43; weights-only-wrapper-188ed0e0d2a8db916160b75f51462cf59fe24bce60a919e88fedd7fa76846c71,dialogs_ru_vits2_masha_neutral:dialogs_ru_vits2:Masha:neutral,not_applicable:fixed_pretrained_tts_no_reference_audio,cpu,offline_text_only_vits2_weights_only_fixed_profile,22050,wav,language_provenance=intended_input_text_only;literal_source_text_sha256=9aeea260d9043790bab61eb95dc811d5ecee26a44f79baa7354df8c0b5cf6daf;upstream_tokenizer_dropped_characters=none;rng_seed=sha256_literal_source_text,9aeea260d9043790,2026-08-13T13:30:00+05:00
stage_d_ru_dialogs_vits2_masha_neutral_v1:06821bfbf8bb12be8514,raw/stage_d_ru_dialogs_vits2_masha_neutral_v1/slices/frozen_common_voice_73/7dfcc1fc0e5d390a0977-93a312cfce94.wav,4cdabe4a4bff0bca36e2d36a4af79c809f77c8e5a9f01d75c36125b5acff9e67,test,spoof,ru,false,stage_d_ru_dialogs_vits2_masha_neutral_v1:fixed-profile:dialogs_ru_vits2:Masha:neutral,stage_d_ru_dialogs_vits2_masha_neutral_v1,Common Voice RU CC0-1.0; Dialogs-RU model card OpenRAIL declaration; Dialogs dataset OpenRAIL license,Offline literal-text-only derivative of common_voice_ru_v24 text e462fa1b1c66260c653e1d1f037577d90c4ccc7c5ac7926a8a25fedae954add4; Dialogs-RU model card OpenRAIL declaration; Dialogs dataset OpenRAIL license revision e25ba617b2b56bd1dbf255d3905c51bd8da3d31f explicitly covers models trained on the dataset and their outputs; permitted for the project's personal-research scope subject to its use restrictions; fixed Masha/neutral profile; no reference audio or voice cloning; upstream basic cleaner only; language provenance is intended input text until acoustic review; tokenizer_dropped_characters=none,stage_d_ru_dialogs_vits2_masha_neutral_v1:synthetic-profile:dialogs_ru_vits2:Masha:neutral,e462fa1b1c66260c653e1d1f037577d90c4ccc7c5ac7926a8a25fedae954add4,93a312cfce9443af4835ab43a578603de37c3542655c9fdeb64e260176663875,4.179591836734694,vits2_emotion_conditioned_tts,Dialogs-RU Expressive Russian TTS,hf-af7eabc15d087fce701de7261190ccb747c3bc7a; checkpoint-b565b7b5311bd29102f15d2700c69ea71569605bc756fb5bb49d98afdc5e1e43; weights-only-wrapper-188ed0e0d2a8db916160b75f51462cf59fe24bce60a919e88fedd7fa76846c71,dialogs_ru_vits2_masha_neutral:dialogs_ru_vits2:Masha:neutral,not_applicable:fixed_pretrained_tts_no_reference_audio,cpu,offline_text_only_vits2_weights_only_fixed_profile,22050,wav,language_provenance=intended_input_text_only;literal_source_text_sha256=93a312cfce9443af4835ab43a578603de37c3542655c9fdeb64e260176663875;upstream_tokenizer_dropped_characters=none;rng_seed=sha256_literal_source_text,93a312cfce9443af,2026-08-13T13:30:00+05:00
stage_d_ru_dialogs_vits2_masha_neutral_v1:a23982209264f6c84364,raw/stage_d_ru_dialogs_vits2_masha_neutral_v1/slices/frozen_common_voice_73/f43e3cc35dd949803514-5eadfc3baab2.wav,d17083cc056fb5dd3c57992896225bad55d94dcde7d869aa10baf3f2760513ec,test,spoof,ru,false,stage_d_ru_dialogs_vits2_masha_neutral_v1:fixed-profile:dialogs_ru_vits2:Masha:neutral,stage_d_ru_dialogs_vits2_masha_neutral_v1,Common Voice RU CC0-1.0; Dialogs-RU model card OpenRAIL declaration; Dialogs dataset OpenRAIL license,Offline literal-text-only derivative of common_voice_ru_v24 text e80007821fe272fcf23f3497203570c8725d97b5c859d53ff4970bf24ef8cfbb; Dialogs-RU model card OpenRAIL declaration; Dialogs dataset OpenRAIL license revision e25ba617b2b56bd1dbf255d3905c51bd8da3d31f explicitly covers models trained on the dataset and their outputs; permitted for the project's personal-research scope subject to its use restrictions; fixed Masha/neutral profile; no reference audio or voice cloning; upstream basic cleaner only; language provenance is intended input text until acoustic review; tokenizer_dropped_characters=none,stage_d_ru_dialogs_vits2_masha_neutral_v1:synthetic-profile:dialogs_ru_vits2:Masha:neutral,e80007821fe272fcf23f3497203570c8725d97b5c859d53ff4970bf24ef8cfbb,5eadfc3baab248f3187d74c6ef4f2bce746736bec1d586f7d52ada01b897e074,5.851428571428571,vits2_emotion_conditioned_tts,Dialogs-RU Expressive Russian TTS,hf-af7eabc15d087fce701de7261190ccb747c3bc7a; checkpoint-b565b7b5311bd29102f15d2700c69ea71569605bc756fb5bb49d98afdc5e1e43; weights-only-wrapper-188ed0e0d2a8db916160b75f51462cf59fe24bce60a919e88fedd7fa76846c71,dialogs_ru_vits2_masha_neutral:dialogs_ru_vits2:Masha:neutral,not_applicable:fixed_pretrained_tts_no_reference_audio,cpu,offline_text_only_vits2_weights_only_fixed_profile,22050,wav,language_provenance=intended_input_text_only;literal_source_text_sha256=5eadfc3baab248f3187d74c6ef4f2bce746736bec1d586f7d52ada01b897e074;upstream_tokenizer_dropped_characters=none;rng_seed=sha256_literal_source_text,5eadfc3baab248f3,2026-08-13T13:30:00+05:00
stage_d_ru_dialogs_vits2_masha_neutral_v1:18576780e00da2f8f1c7,raw/stage_d_ru_dialogs_vits2_masha_neutral_v1/slices/frozen_common_voice_73/b9b26e56b7ea28647025-024651605493.wav,c7f6a03964f4e91f5f060c30394c2acfdc9e4c4d63d9161447c27c8bb2dd82e3,test,spoof,ru,false,stage_d_ru_dialogs_vits2_masha_neutral_v1:fixed-profile:dialogs_ru_vits2:Masha:neutral,stage_d_ru_dialogs_vits2_masha_neutral_v1,Common Voice RU CC0-1.0; Dialogs-RU model card OpenRAIL declaration; Dialogs dataset OpenRAIL license,Offline literal-text-only derivative of common_voice_ru_v24 text f15428c57f642d4bd20e7996d0ea0a1b2bb2719f9b2eb7bb47df1580da225466; Dialogs-RU model card OpenRAIL declaration; Dialogs dataset OpenRAIL license revision e25ba617b2b56bd1dbf255d3905c51bd8da3d31f explicitly covers models trained on the dataset and their outputs; permitted for the project's personal-research scope subject to its use restrictions; fixed Masha/neutral profile; no reference audio or voice cloning; upstream basic cleaner only; language provenance is intended input text until acoustic review; tokenizer_dropped_characters=none,stage_d_ru_dialogs_vits2_masha_neutral_v1:synthetic-profile:dialogs_ru_vits2:Masha:neutral,f15428c57f642d4bd20e7996d0ea0a1b2bb2719f9b2eb7bb47df1580da225466,02465160549355a4e80dad614ca7745a9df014484658df7ba9692bc3e7073311,4.388571428571429,vits2_emotion_conditioned_tts,Dialogs-RU Expressive Russian TTS,hf-af7eabc15d087fce701de7261190ccb747c3bc7a; checkpoint-b565b7b5311bd29102f15d2700c69ea71569605bc756fb5bb49d98afdc5e1e43; weights-only-wrapper-188ed0e0d2a8db916160b75f51462cf59fe24bce60a919e88fedd7fa76846c71,dialogs_ru_vits2_masha_neutral:dialogs_ru_vits2:Masha:neutral,not_applicable:fixed_pretrained_tts_no_reference_audio,cpu,offline_text_only_vits2_weights_only_fixed_profile,22050,wav,language_provenance=intended_input_text_only;literal_source_text_sha256=02465160549355a4e80dad614ca7745a9df014484658df7ba9692bc3e7073311;upstream_tokenizer_dropped_characters=none;rng_seed=sha256_literal_source_text,02465160549355a4,2026-08-13T13:30:00+05:00
stage_d_ru_dialogs_vits2_masha_neutral_v1:3a631f860c767c4c66bc,raw/stage_d_ru_dialogs_vits2_masha_neutral_v1/slices/frozen_common_voice_73/23bfd393709acbbbe676-a598fd1ef471.wav,aca9144a43ddf3392d12ddd377af4771651c2dfd7c2af6c2cf6bdb7b6ecf4f6f,test,spoof,ru,false,stage_d_ru_dialogs_vits2_masha_neutral_v1:fixed-profile:dialogs_ru_vits2:Masha:neutral,stage_d_ru_dialogs_vits2_masha_neutral_v1,Common Voice RU CC0-1.0; Dialogs-RU model card OpenRAIL declaration; Dialogs dataset OpenRAIL license,Offline literal-text-only derivative of common_voice_ru_v24 text 00dd6a3a76ae19cd63aa2ab3179acc37fa94c9a23abc3d85297ba24291ccfcf5; Dialogs-RU model card OpenRAIL declaration; Dialogs dataset OpenRAIL license revision e25ba617b2b56bd1dbf255d3905c51bd8da3d31f explicitly covers models trained on the dataset and their outputs; permitted for the project's personal-research scope subject to its use restrictions; fixed Masha/neutral profile; no reference audio or voice cloning; upstream basic cleaner only; language provenance is intended input text until acoustic review; tokenizer_dropped_characters=none,stage_d_ru_dialogs_vits2_masha_neutral_v1:synthetic-profile:dialogs_ru_vits2:Masha:neutral,00dd6a3a76ae19cd63aa2ab3179acc37fa94c9a23abc3d85297ba24291ccfcf5,a598fd1ef4711bbda21ba5417c0bcbb29ea00d616cb51ce39ef377bb139de1bc,4.957460317460318,vits2_emotion_conditioned_tts,Dialogs-RU Expressive Russian TTS,hf-af7eabc15d087fce701de7261190ccb747c3bc7a; checkpoint-b565b7b5311bd29102f15d2700c69ea71569605bc756fb5bb49d98afdc5e1e43; weights-only-wrapper-188ed0e0d2a8db916160b75f51462cf59fe24bce60a919e88fedd7fa76846c71,dialogs_ru_vits2_masha_neutral:dialogs_ru_vits2:Masha:neutral,not_applicable:fixed_pretrained_tts_no_reference_audio,cpu,offline_text_only_vits2_weights_only_fixed_profile,22050,wav,language_provenance=intended_input_text_only;literal_source_text_sha256=a598fd1ef4711bbda21ba5417c0bcbb29ea00d616cb51ce39ef377bb139de1bc;upstream_tokenizer_dropped_characters=none;rng_seed=sha256_literal_source_text,a598fd1ef4711bbd,2026-08-13T13:30:00+05:00
stage_d_ru_dialogs_vits2_masha_neutral_v1:f206edae0c363fbe5eea,raw/stage_d_ru_dialogs_vits2_masha_neutral_v1/slices/frozen_common_voice_73/bec03925483daa862356-239e8a95ab74.wav,324a9e960dd898a80c4f485f90bf40df5acc235a7cc4741e5001485bab084793,test,spoof,ru,false,stage_d_ru_dialogs_vits2_masha_neutral_v1:fixed-profile:dialogs_ru_vits2:Masha:neutral,stage_d_ru_dialogs_vits2_masha_neutral_v1,Common Voice RU CC0-1.0; Dialogs-RU model card OpenRAIL declaration; Dialogs dataset OpenRAIL license,Offline literal-text-only derivative of common_voice_ru_v24 text 00cf38be0834f4c55f899f0505acbab74e5cb4d55126359818a01c10a34a16fa; Dialogs-RU model card OpenRAIL declaration; Dialogs dataset OpenRAIL license revision e25ba617b2b56bd1dbf255d3905c51bd8da3d31f explicitly covers models trained on the dataset and their outputs; permitted for the project's personal-research scope subject to its use restrictions; fixed Masha/neutral profile; no reference audio or voice cloning; upstream basic cleaner only; language provenance is intended input text until acoustic review; tokenizer_dropped_characters=none,stage_d_ru_dialogs_vits2_masha_neutral_v1:synthetic-profile:dialogs_ru_vits2:Masha:neutral,00cf38be0834f4c55f899f0505acbab74e5cb4d55126359818a01c10a34a16fa,239e8a95ab74f6aec8c1887fab13987ae06e587aa8c695441f5971750209adfe,5.073560090702948,vits2_emotion_conditioned_tts,Dialogs-RU Expressive Russian TTS,hf-af7eabc15d087fce701de7261190ccb747c3bc7a; checkpoint-b565b7b5311bd29102f15d2700c69ea71569605bc756fb5bb49d98afdc5e1e43; weights-only-wrapper-188ed0e0d2a8db916160b75f51462cf59fe24bce60a919e88fedd7fa76846c71,dialogs_ru_vits2_masha_neutral:dialogs_ru_vits2:Masha:neutral,not_applicable:fixed_pretrained_tts_no_reference_audio,cpu,offline_text_only_vits2_weights_only_fixed_profile,22050,wav,language_provenance=intended_input_text_only;literal_source_text_sha256=239e8a95ab74f6aec8c1887fab13987ae06e587aa8c695441f5971750209adfe;upstream_tokenizer_dropped_characters=none;rng_seed=sha256_literal_source_text,239e8a95ab74f6ae,2026-08-13T13:30:00+05:00
stage_d_ru_dialogs_vits2_masha_neutral_v1:179d343ae2978b56a391,raw/stage_d_ru_dialogs_vits2_masha_neutral_v1/slices/frozen_common_voice_73/50f1109e2a35b0ba547c-39e748873f25.wav,098ab6acfb3446fdafbd5f19746e0558c47fd25781cd0ebf988b2029ef7f03c9,test,spoof,ru,false,stage_d_ru_dialogs_vits2_masha_neutral_v1:fixed-profile:dialogs_ru_vits2:Masha:neutral,stage_d_ru_dialogs_vits2_masha_neutral_v1,Common Voice RU CC0-1.0; Dialogs-RU model card OpenRAIL declaration; Dialogs dataset OpenRAIL license,Offline literal-text-only derivative of common_voice_ru_v24 text 09f40b92ef42fdfa2c3fbf372bca3f6beea521bc141512b9e00f8bfe53ad4047; Dialogs-RU model card OpenRAIL declaration; Dialogs dataset OpenRAIL license revision e25ba617b2b56bd1dbf255d3905c51bd8da3d31f explicitly covers models trained on the dataset and their outputs; permitted for the project's personal-research scope subject to its use restrictions; fixed Masha/neutral profile; no reference audio or voice cloning; upstream basic cleaner only; language provenance is intended input text until acoustic review; tokenizer_dropped_characters=none,stage_d_ru_dialogs_vits2_masha_neutral_v1:synthetic-profile:dialogs_ru_vits2:Masha:neutral,09f40b92ef42fdfa2c3fbf372bca3f6beea521bc141512b9e00f8bfe53ad4047,39e748873f2549c81ef5ecb88c685f5e664397b5a59ea02edcd2dbee1ff47605,4.655600907029479,vits2_emotion_conditioned_tts,Dialogs-RU Expressive Russian TTS,hf-af7eabc15d087fce701de7261190ccb747c3bc7a; checkpoint-b565b7b5311bd29102f15d2700c69ea71569605bc756fb5bb49d98afdc5e1e43; weights-only-wrapper-188ed0e0d2a8db916160b75f51462cf59fe24bce60a919e88fedd7fa76846c71,dialogs_ru_vits2_masha_neutral:dialogs_ru_vits2:Masha:neutral,not_applicable:fixed_pretrained_tts_no_reference_audio,cpu,offline_text_only_vits2_weights_only_fixed_profile,22050,wav,language_provenance=intended_input_text_only;literal_source_text_sha256=39e748873f2549c81ef5ecb88c685f5e664397b5a59ea02edcd2dbee1ff47605;upstream_tokenizer_dropped_characters=none;rng_seed=sha256_literal_source_text,39e748873f2549c8,2026-08-13T13:30:00+05:00
stage_d_ru_dialogs_vits2_masha_neutral_v1:f186bc62462251fe66db,raw/stage_d_ru_dialogs_vits2_masha_neutral_v1/slices/frozen_common_voice_73/6cc1a4b071ccd9ad5886-090fe38c6c91.wav,5e1270a2c7cd39aad1bb5abc52e725361d90e3b6d7fb28a3a4eb709ffd22f3d6,test,spoof,ru,false,stage_d_ru_dialogs_vits2_masha_neutral_v1:fixed-profile:dialogs_ru_vits2:Masha:neutral,stage_d_ru_dialogs_vits2_masha_neutral_v1,Common Voice RU CC0-1.0; Dialogs-RU model card OpenRAIL declaration; Dialogs dataset OpenRAIL license,Offline literal-text-only derivative of common_voice_ru_v24 text 7acbf23f79577114a70e91409651a56ac00bf51bbd8e7ae3e1dc512bf1c6c2d6; Dialogs-RU model card OpenRAIL declaration; Dialogs dataset OpenRAIL license revision e25ba617b2b56bd1dbf255d3905c51bd8da3d31f explicitly covers models trained on the dataset and their outputs; permitted for the project's personal-research scope subject to its use restrictions; fixed Masha/neutral profile; no reference audio or voice cloning; upstream basic cleaner only; language provenance is intended input text until acoustic review; tokenizer_dropped_characters=none,stage_d_ru_dialogs_vits2_masha_neutral_v1:synthetic-profile:dialogs_ru_vits2:Masha:neutral,7acbf23f79577114a70e91409651a56ac00bf51bbd8e7ae3e1dc512bf1c6c2d6,090fe38c6c91e49baccfe0790cecdae7cb6df9018b9f26e4b09aaee4ffc16558,7.233015873015873,vits2_emotion_conditioned_tts,Dialogs-RU Expressive Russian TTS,hf-af7eabc15d087fce701de7261190ccb747c3bc7a; checkpoint-b565b7b5311bd29102f15d2700c69ea71569605bc756fb5bb49d98afdc5e1e43; weights-only-wrapper-188ed0e0d2a8db916160b75f51462cf59fe24bce60a919e88fedd7fa76846c71,dialogs_ru_vits2_masha_neutral:dialogs_ru_vits2:Masha:neutral,not_applicable:fixed_pretrained_tts_no_reference_audio,cpu,offline_text_only_vits2_weights_only_fixed_profile,22050,wav,language_provenance=intended_input_text_only;literal_source_text_sha256=090fe38c6c91e49baccfe0790cecdae7cb6df9018b9f26e4b09aaee4ffc16558;upstream_tokenizer_dropped_characters=none;rng_seed=sha256_literal_source_text,090fe38c6c91e49b,2026-08-13T13:30:00+05:00
stage_d_ru_dialogs_vits2_masha_neutral_v1:93279cbd0fb6470a9ca9,raw/stage_d_ru_dialogs_vits2_masha_neutral_v1/slices/frozen_common_voice_73/f8e2ee6cedabeefe4f03-d77495a13307.wav,2f984b4bf274f7a284178b442716057bd78c10070c6b903809f8abf1e99feaae,test,spoof,ru,false,stage_d_ru_dialogs_vits2_masha_neutral_v1:fixed-profile:dialogs_ru_vits2:Masha:neutral,stage_d_ru_dialogs_vits2_masha_neutral_v1,Common Voice RU CC0-1.0; Dialogs-RU model card OpenRAIL declaration; Dialogs dataset OpenRAIL license,Offline literal-text-only derivative of common_voice_ru_v24 text 17a51e56c360bf4b1dfcdbdbe4a8c1da39e74409f5fa695fe2c20188bcc9dc5c; Dialogs-RU model card OpenRAIL declaration; Dialogs dataset OpenRAIL license revision e25ba617b2b56bd1dbf255d3905c51bd8da3d31f explicitly covers models trained on the dataset and their outputs; permitted for the project's personal-research scope subject to its use restrictions; fixed Masha/neutral profile; no reference audio or voice cloning; upstream basic cleaner only; language provenance is intended input text until acoustic review; tokenizer_dropped_characters=none,stage_d_ru_dialogs_vits2_masha_neutral_v1:synthetic-profile:dialogs_ru_vits2:Masha:neutral,17a51e56c360bf4b1dfcdbdbe4a8c1da39e74409f5fa695fe2c20188bcc9dc5c,d77495a13307fbfbf8c0bbe53ddb35c23ac395d90fa7a3b2133469767f7a561f,3.006984126984127,vits2_emotion_conditioned_tts,Dialogs-RU Expressive Russian TTS,hf-af7eabc15d087fce701de7261190ccb747c3bc7a; checkpoint-b565b7b5311bd29102f15d2700c69ea71569605bc756fb5bb49d98afdc5e1e43; weights-only-wrapper-188ed0e0d2a8db916160b75f51462cf59fe24bce60a919e88fedd7fa76846c71,dialogs_ru_vits2_masha_neutral:dialogs_ru_vits2:Masha:neutral,not_applicable:fixed_pretrained_tts_no_reference_audio,cpu,offline_text_only_vits2_weights_only_fixed_profile,22050,wav,language_provenance=intended_input_text_only;literal_source_text_sha256=d77495a13307fbfbf8c0bbe53ddb35c23ac395d90fa7a3b2133469767f7a561f;upstream_tokenizer_dropped_characters=none;rng_seed=sha256_literal_source_text,d77495a13307fbfb,2026-08-13T13:30:00+05:00
stage_d_ru_dialogs_vits2_masha_neutral_v1:0553381304deb422fc7d,raw/stage_d_ru_dialogs_vits2_masha_neutral_v1/slices/frozen_common_voice_73/5d0491e05ec79fb1fe8c-7eb35cbe860f.wav,af7566382644ebfd686d07131e8a0b90037f654c9bb8373296f9c01dcc31c5f0,test,spoof,ru,false,stage_d_ru_dialogs_vits2_masha_neutral_v1:fixed-profile:dialogs_ru_vits2:Masha:neutral,stage_d_ru_dialogs_vits2_masha_neutral_v1,Common Voice RU CC0-1.0; Dialogs-RU model card OpenRAIL declaration; Dialogs dataset OpenRAIL license,Offline literal-text-only derivative of common_voice_ru_v24 text 3ba1350f73805d16689855c77b738aede2d2c6989df8fb4af595557b1d852f93; Dialogs-RU model card OpenRAIL declaration; Dialogs dataset OpenRAIL license revision e25ba617b2b56bd1dbf255d3905c51bd8da3d31f explicitly covers models trained on the dataset and their outputs; permitted for the project's personal-research scope subject to its use restrictions; fixed Masha/neutral profile; no reference audio or voice cloning; upstream basic cleaner only; language provenance is intended input text until acoustic review; tokenizer_dropped_characters=none,stage_d_ru_dialogs_vits2_masha_neutral_v1:synthetic-profile:dialogs_ru_vits2:Masha:neutral,3ba1350f73805d16689855c77b738aede2d2c6989df8fb4af595557b1d852f93,7eb35cbe860f3b50a99dcc2f2a83f35c14c8ca236d9326f7c448ff9dbdb344b9,3.7616326530612243,vits2_emotion_conditioned_tts,Dialogs-RU Expressive Russian TTS,hf-af7eabc15d087fce701de7261190ccb747c3bc7a; checkpoint-b565b7b5311bd29102f15d2700c69ea71569605bc756fb5bb49d98afdc5e1e43; weights-only-wrapper-188ed0e0d2a8db916160b75f51462cf59fe24bce60a919e88fedd7fa76846c71,dialogs_ru_vits2_masha_neutral:dialogs_ru_vits2:Masha:neutral,not_applicable:fixed_pretrained_tts_no_reference_audio,cpu,offline_text_only_vits2_weights_only_fixed_profile,22050,wav,language_provenance=intended_input_text_only;literal_source_text_sha256=7eb35cbe860f3b50a99dcc2f2a83f35c14c8ca236d9326f7c448ff9dbdb344b9;upstream_tokenizer_dropped_characters=none;rng_seed=sha256_literal_source_text,7eb35cbe860f3b50,2026-08-13T13:30:00+05:00
stage_d_ru_dialogs_vits2_masha_neutral_v1:b067db45ae5a781b63d9,raw/stage_d_ru_dialogs_vits2_masha_neutral_v1/slices/frozen_common_voice_73/9dd61072b7fd9b252f8b-f28c033fcf1c.wav,a737f4d6e6898acf0a6b816aed50c219b90c7df3447b95b7853e140ed381c42d,test,spoof,ru,false,stage_d_ru_dialogs_vits2_masha_neutral_v1:fixed-profile:dialogs_ru_vits2:Masha:neutral,stage_d_ru_dialogs_vits2_masha_neutral_v1,Common Voice RU CC0-1.0; Dialogs-RU model card OpenRAIL declaration; Dialogs dataset OpenRAIL license,Offline literal-text-only derivative of common_voice_ru_v24 text 2784d6f3866f7e14f04c43987431bae7c6739783a1fdc7f3085671463229b5f4; Dialogs-RU model card OpenRAIL declaration; Dialogs dataset OpenRAIL license revision e25ba617b2b56bd1dbf255d3905c51bd8da3d31f explicitly covers models trained on the dataset and their outputs; permitted for the project's personal-research scope subject to its use restrictions; fixed Masha/neutral profile; no reference audio or voice cloning; upstream basic cleaner only; language provenance is intended input text until acoustic review; tokenizer_dropped_characters=none,stage_d_ru_dialogs_vits2_masha_neutral_v1:synthetic-profile:dialogs_ru_vits2:Masha:neutral,2784d6f3866f7e14f04c43987431bae7c6739783a1fdc7f3085671463229b5f4,f28c033fcf1c401e64c2e41107eb9cad4a586a2c83e2b69f53e228018e99735b,3.4946031746031747,vits2_emotion_conditioned_tts,Dialogs-RU Expressive Russian TTS,hf-af7eabc15d087fce701de7261190ccb747c3bc7a; checkpoint-b565b7b5311bd29102f15d2700c69ea71569605bc756fb5bb49d98afdc5e1e43; weights-only-wrapper-188ed0e0d2a8db916160b75f51462cf59fe24bce60a919e88fedd7fa76846c71,dialogs_ru_vits2_masha_neutral:dialogs_ru_vits2:Masha:neutral,not_applicable:fixed_pretrained_tts_no_reference_audio,cpu,offline_text_only_vits2_weights_only_fixed_profile,22050,wav,language_provenance=intended_input_text_only;literal_source_text_sha256=f28c033fcf1c401e64c2e41107eb9cad4a586a2c83e2b69f53e228018e99735b;upstream_tokenizer_dropped_characters=none;rng_seed=sha256_literal_source_text,f28c033fcf1c401e,2026-08-13T13:30:00+05:00
stage_d_ru_dialogs_vits2_masha_neutral_v1:3481628d141e7ce438f2,raw/stage_d_ru_dialogs_vits2_masha_neutral_v1/slices/frozen_common_voice_73/d3c2ff1141f3c60bfea3-f1f67fe0de3c.wav,cec258cd1b560bc385bc9db70ff885f26abfdb3f34269ccdc33e5e199314e49b,test,spoof,ru,false,stage_d_ru_dialogs_vits2_masha_neutral_v1:fixed-profile:dialogs_ru_vits2:Masha:neutral,stage_d_ru_dialogs_vits2_masha_neutral_v1,Common Voice RU CC0-1.0; Dialogs-RU model card OpenRAIL declaration; Dialogs dataset OpenRAIL license,Offline literal-text-only derivative of common_voice_ru_v24 text ab62b01e89460d0d72a8d0ef4723b436c97aca814a9dfe4e1eaf04c0005d6f0b; Dialogs-RU model card OpenRAIL declaration; Dialogs dataset OpenRAIL license revision e25ba617b2b56bd1dbf255d3905c51bd8da3d31f explicitly covers models trained on the dataset and their outputs; permitted for the project's personal-research scope subject to its use restrictions; fixed Masha/neutral profile; no reference audio or voice cloning; upstream basic cleaner only; language provenance is intended input text until acoustic review; tokenizer_dropped_characters=none,stage_d_ru_dialogs_vits2_masha_neutral_v1:synthetic-profile:dialogs_ru_vits2:Masha:neutral,ab62b01e89460d0d72a8d0ef4723b436c97aca814a9dfe4e1eaf04c0005d6f0b,f1f67fe0de3c7d7a8e6bdff06a854c71a6a0da73968d498b968db4c55b70eb08,4.063492063492063,vits2_emotion_conditioned_tts,Dialogs-RU Expressive Russian TTS,hf-af7eabc15d087fce701de7261190ccb747c3bc7a; checkpoint-b565b7b5311bd29102f15d2700c69ea71569605bc756fb5bb49d98afdc5e1e43; weights-only-wrapper-188ed0e0d2a8db916160b75f51462cf59fe24bce60a919e88fedd7fa76846c71,dialogs_ru_vits2_masha_neutral:dialogs_ru_vits2:Masha:neutral,not_applicable:fixed_pretrained_tts_no_reference_audio,cpu,offline_text_only_vits2_weights_only_fixed_profile,22050,wav,language_provenance=intended_input_text_only;literal_source_text_sha256=f1f67fe0de3c7d7a8e6bdff06a854c71a6a0da73968d498b968db4c55b70eb08;upstream_tokenizer_dropped_characters=none;rng_seed=sha256_literal_source_text,f1f67fe0de3c7d7a,2026-08-13T13:30:00+05:00
stage_d_ru_dialogs_vits2_masha_neutral_v1:42ae261adafe8aa7d04e,raw/stage_d_ru_dialogs_vits2_masha_neutral_v1/slices/frozen_common_voice_73/c3799b43122f2e3a655e-e49b04a1bba0.wav,8078af8f9ec42eec81d6cca4dc6a112fc61d889b01dd063c28d342ed33ee0f36,test,spoof,ru,false,stage_d_ru_dialogs_vits2_masha_neutral_v1:fixed-profile:dialogs_ru_vits2:Masha:neutral,stage_d_ru_dialogs_vits2_masha_neutral_v1,Common Voice RU CC0-1.0; Dialogs-RU model card OpenRAIL declaration; Dialogs dataset OpenRAIL license,Offline literal-text-only derivative of common_voice_ru_v24 text b515b0ad06e9de951bcfdd09735808cf983db6be1d558b83f07ae7c2f53a379a; Dialogs-RU model card OpenRAIL declaration; Dialogs dataset OpenRAIL license revision e25ba617b2b56bd1dbf255d3905c51bd8da3d31f explicitly covers models trained on the dataset and their outputs; permitted for the project's personal-research scope subject to its use restrictions; fixed Masha/neutral profile; no reference audio or voice cloning; upstream basic cleaner only; language provenance is intended input text until acoustic review; tokenizer_dropped_characters=none,stage_d_ru_dialogs_vits2_masha_neutral_v1:synthetic-profile:dialogs_ru_vits2:Masha:neutral,b515b0ad06e9de951bcfdd09735808cf983db6be1d558b83f07ae7c2f53a379a,e49b04a1bba09f13386312f09214ecfd6b2a230dfea540a8c96f4403f1a48970,3.4829931972789114,vits2_emotion_conditioned_tts,Dialogs-RU Expressive Russian TTS,hf-af7eabc15d087fce701de7261190ccb747c3bc7a; checkpoint-b565b7b5311bd29102f15d2700c69ea71569605bc756fb5bb49d98afdc5e1e43; weights-only-wrapper-188ed0e0d2a8db916160b75f51462cf59fe24bce60a919e88fedd7fa76846c71,dialogs_ru_vits2_masha_neutral:dialogs_ru_vits2:Masha:neutral,not_applicable:fixed_pretrained_tts_no_reference_audio,cpu,offline_text_only_vits2_weights_only_fixed_profile,22050,wav,language_provenance=intended_input_text_only;literal_source_text_sha256=e49b04a1bba09f13386312f09214ecfd6b2a230dfea540a8c96f4403f1a48970;upstream_tokenizer_dropped_characters=none;rng_seed=sha256_literal_source_text,e49b04a1bba09f13,2026-08-13T13:30:00+05:00
stage_d_ru_dialogs_vits2_masha_neutral_v1:b540a106cf932eaee49e,raw/stage_d_ru_dialogs_vits2_masha_neutral_v1/slices/frozen_common_voice_73/452339a856d0aa624c4a-524ade737191.wav,7a145711becda8ee63d16d5d1981cd8b1902e6788e5e35fd9f958b9316e3a975,test,spoof,ru,false,stage_d_ru_dialogs_vits2_masha_neutral_v1:fixed-profile:dialogs_ru_vits2:Masha:neutral,stage_d_ru_dialogs_vits2_masha_neutral_v1,Common Voice RU CC0-1.0; Dialogs-RU model card OpenRAIL declaration; Dialogs dataset OpenRAIL license,Offline literal-text-only derivative of common_voice_ru_v24 text c07742ced8c5775dd45dbfacbeb46402448281085499c5c5f9f1a08769b448ba; Dialogs-RU model card OpenRAIL declaration; Dialogs dataset OpenRAIL license revision e25ba617b2b56bd1dbf255d3905c51bd8da3d31f explicitly covers models trained on the dataset and their outputs; permitted for the project's personal-research scope subject to its use restrictions; fixed Masha/neutral profile; no reference audio or voice cloning; upstream basic cleaner only; language provenance is intended input text until acoustic review; tokenizer_dropped_characters=none,stage_d_ru_dialogs_vits2_masha_neutral_v1:synthetic-profile:dialogs_ru_vits2:Masha:neutral,c07742ced8c5775dd45dbfacbeb46402448281085499c5c5f9f1a08769b448ba,524ade73719163b2142b036992e0071c21ee03234454a41f97a270098676ab7a,2.670294784580499,vits2_emotion_conditioned_tts,Dialogs-RU Expressive Russian TTS,hf-af7eabc15d087fce701de7261190ccb747c3bc7a; checkpoint-b565b7b5311bd29102f15d2700c69ea71569605bc756fb5bb49d98afdc5e1e43; weights-only-wrapper-188ed0e0d2a8db916160b75f51462cf59fe24bce60a919e88fedd7fa76846c71,dialogs_ru_vits2_masha_neutral:dialogs_ru_vits2:Masha:neutral,not_applicable:fixed_pretrained_tts_no_reference_audio,cpu,offline_text_only_vits2_weights_only_fixed_profile,22050,wav,language_provenance=intended_input_text_only;literal_source_text_sha256=524ade73719163b2142b036992e0071c21ee03234454a41f97a270098676ab7a;upstream_tokenizer_dropped_characters=none;rng_seed=sha256_literal_source_text,524ade73719163b2,2026-08-13T13:30:00+05:00
stage_d_ru_dialogs_vits2_masha_neutral_v1:a2575125b31eac187a94,raw/stage_d_ru_dialogs_vits2_masha_neutral_v1/slices/frozen_common_voice_73/faa0e7c3e2d2e130daf2-00d5bdaceb7e.wav,5fd73a820c84a72d9bb2ad60c8e4311c4da527e3991a2737a2ed77dff496af50,test,spoof,ru,false,stage_d_ru_dialogs_vits2_masha_neutral_v1:fixed-profile:dialogs_ru_vits2:Masha:neutral,stage_d_ru_dialogs_vits2_masha_neutral_v1,Common Voice RU CC0-1.0; Dialogs-RU model card OpenRAIL declaration; Dialogs dataset OpenRAIL license,Offline literal-text-only derivative of common_voice_ru_v24 text e105bce7102dff4f96e81051f67883b1ab0f7eea1a4e2ebbcd7a967694e74aac; Dialogs-RU model card OpenRAIL declaration; Dialogs dataset OpenRAIL license revision e25ba617b2b56bd1dbf255d3905c51bd8da3d31f explicitly covers models trained on the dataset and their outputs; permitted for the project's personal-research scope subject to its use restrictions; fixed Masha/neutral profile; no reference audio or voice cloning; upstream basic cleaner only; language provenance is intended input text until acoustic review; tokenizer_dropped_characters=none,stage_d_ru_dialogs_vits2_masha_neutral_v1:synthetic-profile:dialogs_ru_vits2:Masha:neutral,e105bce7102dff4f96e81051f67883b1ab0f7eea1a4e2ebbcd7a967694e74aac,00d5bdaceb7ed55bd319245d23bc01eeac4cfa0b22439ab7f65c480221eaac40,1.811156462585034,vits2_emotion_conditioned_tts,Dialogs-RU Expressive Russian TTS,hf-af7eabc15d087fce701de7261190ccb747c3bc7a; checkpoint-b565b7b5311bd29102f15d2700c69ea71569605bc756fb5bb49d98afdc5e1e43; weights-only-wrapper-188ed0e0d2a8db916160b75f51462cf59fe24bce60a919e88fedd7fa76846c71,dialogs_ru_vits2_masha_neutral:dialogs_ru_vits2:Masha:neutral,not_applicable:fixed_pretrained_tts_no_reference_audio,cpu,offline_text_only_vits2_weights_only_fixed_profile,22050,wav,language_provenance=intended_input_text_only;literal_source_text_sha256=00d5bdaceb7ed55bd319245d23bc01eeac4cfa0b22439ab7f65c480221eaac40;upstream_tokenizer_dropped_characters=none;rng_seed=sha256_literal_source_text,00d5bdaceb7ed55b,2026-08-13T13:30:00+05:00
stage_d_ru_dialogs_vits2_masha_neutral_v1:b9f5014ad075b20c69e9,raw/stage_d_ru_dialogs_vits2_masha_neutral_v1/slices/frozen_common_voice_73/99f29bb176fc8d815230-6bedc777d701.wav,6391c60712defb90bb36b862a2009834da1599d873fe3f074b4b594beeb1e09e,test,spoof,ru,false,stage_d_ru_dialogs_vits2_masha_neutral_v1:fixed-profile:dialogs_ru_vits2:Masha:neutral,stage_d_ru_dialogs_vits2_masha_neutral_v1,Common Voice RU CC0-1.0; Dialogs-RU model card OpenRAIL declaration; Dialogs dataset OpenRAIL license,Offline literal-text-only derivative of common_voice_ru_v24 text e8ba105e29f68e85d879be271900f5606a64b35b10b63ead0e14747dd4ab5a15; Dialogs-RU model card OpenRAIL declaration; Dialogs dataset OpenRAIL license revision e25ba617b2b56bd1dbf255d3905c51bd8da3d31f explicitly covers models trained on the dataset and their outputs; permitted for the project's personal-research scope subject to its use restrictions; fixed Masha/neutral profile; no reference audio or voice cloning; upstream basic cleaner only; language provenance is intended input text until acoustic review; tokenizer_dropped_characters=none,stage_d_ru_dialogs_vits2_masha_neutral_v1:synthetic-profile:dialogs_ru_vits2:Masha:neutral,e8ba105e29f68e85d879be271900f5606a64b35b10b63ead0e14747dd4ab5a15,6bedc777d7014ae08da0c0a1dde9f8eabbac4b54f41059c962b2b3c911658fb9,4.295691609977324,vits2_emotion_conditioned_tts,Dialogs-RU Expressive Russian TTS,hf-af7eabc15d087fce701de7261190ccb747c3bc7a; checkpoint-b565b7b5311bd29102f15d2700c69ea71569605bc756fb5bb49d98afdc5e1e43; weights-only-wrapper-188ed0e0d2a8db916160b75f51462cf59fe24bce60a919e88fedd7fa76846c71,dialogs_ru_vits2_masha_neutral:dialogs_ru_vits2:Masha:neutral,not_applicable:fixed_pretrained_tts_no_reference_audio,cpu,offline_text_only_vits2_weights_only_fixed_profile,22050,wav,language_provenance=intended_input_text_only;literal_source_text_sha256=6bedc777d7014ae08da0c0a1dde9f8eabbac4b54f41059c962b2b3c911658fb9;upstream_tokenizer_dropped_characters=none;rng_seed=sha256_literal_source_text,6bedc777d7014ae0,2026-08-13T13:30:00+05:00
stage_d_ru_dialogs_vits2_masha_neutral_v1:8ee365548efa5b36ba81,raw/stage_d_ru_dialogs_vits2_masha_neutral_v1/slices/frozen_common_voice_73/ee13590d02e44c2bbe10-52da69be8d30.wav,58a3861b959990296a3daa4a42b2dfb313f67d179143e33851b35c2b5f90abe4,test,spoof,ru,false,stage_d_ru_dialogs_vits2_masha_neutral_v1:fixed-profile:dialogs_ru_vits2:Masha:neutral,stage_d_ru_dialogs_vits2_masha_neutral_v1,Common Voice RU CC0-1.0; Dialogs-RU model card OpenRAIL declaration; Dialogs dataset OpenRAIL license,Offline literal-text-only derivative of common_voice_ru_v24 text f4bbb144e27286f1df2cd28d40e4ee03d82bc6374baed3d5a76e650bbfe0f7e7; Dialogs-RU model card OpenRAIL declaration; Dialogs dataset OpenRAIL license revision e25ba617b2b56bd1dbf255d3905c51bd8da3d31f explicitly covers models trained on the dataset and their outputs; permitted for the project's personal-research scope subject to its use restrictions; fixed Masha/neutral profile; no reference audio or voice cloning; upstream basic cleaner only; language provenance is intended input text until acoustic review; tokenizer_dropped_characters=none,stage_d_ru_dialogs_vits2_masha_neutral_v1:synthetic-profile:dialogs_ru_vits2:Masha:neutral,f4bbb144e27286f1df2cd28d40e4ee03d82bc6374baed3d5a76e650bbfe0f7e7,52da69be8d30c28958b1351830c7c9caa95c3749275adaf9b1d16c68f926a648,3.1346938775510202,vits2_emotion_conditioned_tts,Dialogs-RU Expressive Russian TTS,hf-af7eabc15d087fce701de7261190ccb747c3bc7a; checkpoint-b565b7b5311bd29102f15d2700c69ea71569605bc756fb5bb49d98afdc5e1e43; weights-only-wrapper-188ed0e0d2a8db916160b75f51462cf59fe24bce60a919e88fedd7fa76846c71,dialogs_ru_vits2_masha_neutral:dialogs_ru_vits2:Masha:neutral,not_applicable:fixed_pretrained_tts_no_reference_audio,cpu,offline_text_only_vits2_weights_only_fixed_profile,22050,wav,language_provenance=intended_input_text_only;literal_source_text_sha256=52da69be8d30c28958b1351830c7c9caa95c3749275adaf9b1d16c68f926a648;upstream_tokenizer_dropped_characters=none;rng_seed=sha256_literal_source_text,52da69be8d30c289,2026-08-13T13:30:00+05:00
stage_d_ru_dialogs_vits2_masha_neutral_v1:a05f113e14a2ecb14059,raw/stage_d_ru_dialogs_vits2_masha_neutral_v1/slices/frozen_common_voice_73/5e862b281f705631f783-6ea937f02063.wav,986c618ffba8db150145ea48478511d3eaf91ae8734478e511f88f0a3802bd0d,test,spoof,ru,false,stage_d_ru_dialogs_vits2_masha_neutral_v1:fixed-profile:dialogs_ru_vits2:Masha:neutral,stage_d_ru_dialogs_vits2_masha_neutral_v1,Common Voice RU CC0-1.0; Dialogs-RU model card OpenRAIL declaration; Dialogs dataset OpenRAIL license,Offline literal-text-only derivative of common_voice_ru_v24 text fc4781a660039fd6d5307a69b91d8b0458fe60ad35abc8b6376423dc55f85d52; Dialogs-RU model card OpenRAIL declaration; Dialogs dataset OpenRAIL license revision e25ba617b2b56bd1dbf255d3905c51bd8da3d31f explicitly covers models trained on the dataset and their outputs; permitted for the project's personal-research scope subject to its use restrictions; fixed Masha/neutral profile; no reference audio or voice cloning; upstream basic cleaner only; language provenance is intended input text until acoustic review; tokenizer_dropped_characters=none,stage_d_ru_dialogs_vits2_masha_neutral_v1:synthetic-profile:dialogs_ru_vits2:Masha:neutral,fc4781a660039fd6d5307a69b91d8b0458fe60ad35abc8b6376423dc55f85d52,6ea937f020638e097f646e2d643e7aec01a294ae9eb9a9bbef87509a16738dfb,6.664126984126984,vits2_emotion_conditioned_tts,Dialogs-RU Expressive Russian TTS,hf-af7eabc15d087fce701de7261190ccb747c3bc7a; checkpoint-b565b7b5311bd29102f15d2700c69ea71569605bc756fb5bb49d98afdc5e1e43; weights-only-wrapper-188ed0e0d2a8db916160b75f51462cf59fe24bce60a919e88fedd7fa76846c71,dialogs_ru_vits2_masha_neutral:dialogs_ru_vits2:Masha:neutral,not_applicable:fixed_pretrained_tts_no_reference_audio,cpu,offline_text_only_vits2_weights_only_fixed_profile,22050,wav,language_provenance=intended_input_text_only;literal_source_text_sha256=6ea937f020638e097f646e2d643e7aec01a294ae9eb9a9bbef87509a16738dfb;upstream_tokenizer_dropped_characters=none;rng_seed=sha256_literal_source_text,6ea937f020638e09,2026-08-13T13:30:00+05:00
stage_d_ru_dialogs_vits2_masha_neutral_v1:ba316bf3111d3bc5cbab,raw/stage_d_ru_dialogs_vits2_masha_neutral_v1/slices/frozen_common_voice_73/2ce4eaf9e6c805523ae4-502c5fb14ab5.wav,1e2b229886cca802a02e84973e7c56c0d0bf02da06fef87b6e3d27fd9567b8c5,test,spoof,ru,false,stage_d_ru_dialogs_vits2_masha_neutral_v1:fixed-profile:dialogs_ru_vits2:Masha:neutral,stage_d_ru_dialogs_vits2_masha_neutral_v1,Common Voice RU CC0-1.0; Dialogs-RU model card OpenRAIL declaration; Dialogs dataset OpenRAIL license,Offline literal-text-only derivative of common_voice_ru_v24 text 48923874a6eae794b187ff0a62aafd92a54eff7d8f2472896c899fb09ea69350; Dialogs-RU model card OpenRAIL declaration; Dialogs dataset OpenRAIL license revision e25ba617b2b56bd1dbf255d3905c51bd8da3d31f explicitly covers models trained on the dataset and their outputs; permitted for the project's personal-research scope subject to its use restrictions; fixed Masha/neutral profile; no reference audio or voice cloning; upstream basic cleaner only; language provenance is intended input text until acoustic review; tokenizer_dropped_characters=none,stage_d_ru_dialogs_vits2_masha_neutral_v1:synthetic-profile:dialogs_ru_vits2:Masha:neutral,48923874a6eae794b187ff0a62aafd92a54eff7d8f2472896c899fb09ea69350,502c5fb14ab56ea6e4b41493eda06664d91dd2a58bcfc0f1cbff3224010c8657,3.0650340136054424,vits2_emotion_conditioned_tts,Dialogs-RU Expressive Russian TTS,hf-af7eabc15d087fce701de7261190ccb747c3bc7a; checkpoint-b565b7b5311bd29102f15d2700c69ea71569605bc756fb5bb49d98afdc5e1e43; weights-only-wrapper-188ed0e0d2a8db916160b75f51462cf59fe24bce60a919e88fedd7fa76846c71,dialogs_ru_vits2_masha_neutral:dialogs_ru_vits2:Masha:neutral,not_applicable:fixed_pretrained_tts_no_reference_audio,cpu,offline_text_only_vits2_weights_only_fixed_profile,22050,wav,language_provenance=intended_input_text_only;literal_source_text_sha256=502c5fb14ab56ea6e4b41493eda06664d91dd2a58bcfc0f1cbff3224010c8657;upstream_tokenizer_dropped_characters=none;rng_seed=sha256_literal_source_text,502c5fb14ab56ea6,2026-08-13T13:30:00+05:00
stage_d_ru_dialogs_vits2_masha_neutral_v1:b620dd481a587a655faa,raw/stage_d_ru_dialogs_vits2_masha_neutral_v1/slices/frozen_common_voice_73/f36928bbf2ec92a463e8-44a6939f98e4.wav,41d41ae3d93b5248c2df3705a088f70a3f08b7095e8c0b2f591de60dc8144751,test,spoof,ru,false,stage_d_ru_dialogs_vits2_masha_neutral_v1:fixed-profile:dialogs_ru_vits2:Masha:neutral,stage_d_ru_dialogs_vits2_masha_neutral_v1,Common Voice RU CC0-1.0; Dialogs-RU model card OpenRAIL declaration; Dialogs dataset OpenRAIL license,Offline literal-text-only derivative of common_voice_ru_v24 text 54f8b61ecf6b7c0b9bf27ce8d40d9ef8f0241045df28d9d62e24348055d28aab; Dialogs-RU model card OpenRAIL declaration; Dialogs dataset OpenRAIL license revision e25ba617b2b56bd1dbf255d3905c51bd8da3d31f explicitly covers models trained on the dataset and their outputs; permitted for the project's personal-research scope subject to its use restrictions; fixed Masha/neutral profile; no reference audio or voice cloning; upstream basic cleaner only; language provenance is intended input text until acoustic review; tokenizer_dropped_characters=none,stage_d_ru_dialogs_vits2_masha_neutral_v1:synthetic-profile:dialogs_ru_vits2:Masha:neutral,54f8b61ecf6b7c0b9bf27ce8d40d9ef8f0241045df28d9d62e24348055d28aab,44a6939f98e484d1ac8a0dd483a541a8cea0da7630bf63c928d8aea5285b4f82,3.8080725623582765,vits2_emotion_conditioned_tts,Dialogs-RU Expressive Russian TTS,hf-af7eabc15d087fce701de7261190ccb747c3bc7a; checkpoint-b565b7b5311bd29102f15d2700c69ea71569605bc756fb5bb49d98afdc5e1e43; weights-only-wrapper-188ed0e0d2a8db916160b75f51462cf59fe24bce60a919e88fedd7fa76846c71,dialogs_ru_vits2_masha_neutral:dialogs_ru_vits2:Masha:neutral,not_applicable:fixed_pretrained_tts_no_reference_audio,cpu,offline_text_only_vits2_weights_only_fixed_profile,22050,wav,language_provenance=intended_input_text_only;literal_source_text_sha256=44a6939f98e484d1ac8a0dd483a541a8cea0da7630bf63c928d8aea5285b4f82;upstream_tokenizer_dropped_characters=none;rng_seed=sha256_literal_source_text,44a6939f98e484d1,2026-08-13T13:30:00+05:00
stage_d_ru_dialogs_vits2_masha_neutral_v1:5d38dfe2f736faa59893,raw/stage_d_ru_dialogs_vits2_masha_neutral_v1/slices/frozen_common_voice_73/8ef3d9b5ead5cb3a0ba6-e16e068928f4.wav,f6f1cb9dc59cf6d5d2db93e058a6566ce8c7ff83daa603c6a4392bb2fb224704,test,spoof,ru,false,stage_d_ru_dialogs_vits2_masha_neutral_v1:fixed-profile:dialogs_ru_vits2:Masha:neutral,stage_d_ru_dialogs_vits2_masha_neutral_v1,Common Voice RU CC0-1.0; Dialogs-RU model card OpenRAIL declaration; Dialogs dataset OpenRAIL license,Offline literal-text-only derivative of common_voice_ru_v24 text 643efcfc03fa5040f8f4d6675d3919ded7c151655d53cb0314f23c0d91c47f3f; Dialogs-RU model card OpenRAIL declaration; Dialogs dataset OpenRAIL license revision e25ba617b2b56bd1dbf255d3905c51bd8da3d31f explicitly covers models trained on the dataset and their outputs; permitted for the project's personal-research scope subject to its use restrictions; fixed Masha/neutral profile; no reference audio or voice cloning; upstream basic cleaner only; language provenance is intended input text until acoustic review; tokenizer_dropped_characters=none,stage_d_ru_dialogs_vits2_masha_neutral_v1:synthetic-profile:dialogs_ru_vits2:Masha:neutral,643efcfc03fa5040f8f4d6675d3919ded7c151655d53cb0314f23c0d91c47f3f,e16e068928f4f3215061d0c8264315da3fd8af0e9cf03c6126e9d91bd03e2399,0.8591383219954648,vits2_emotion_conditioned_tts,Dialogs-RU Expressive Russian TTS,hf-af7eabc15d087fce701de7261190ccb747c3bc7a; checkpoint-b565b7b5311bd29102f15d2700c69ea71569605bc756fb5bb49d98afdc5e1e43; weights-only-wrapper-188ed0e0d2a8db916160b75f51462cf59fe24bce60a919e88fedd7fa76846c71,dialogs_ru_vits2_masha_neutral:dialogs_ru_vits2:Masha:neutral,not_applicable:fixed_pretrained_tts_no_reference_audio,cpu,offline_text_only_vits2_weights_only_fixed_profile,22050,wav,language_provenance=intended_input_text_only;literal_source_text_sha256=e16e068928f4f3215061d0c8264315da3fd8af0e9cf03c6126e9d91bd03e2399;upstream_tokenizer_dropped_characters=none;rng_seed=sha256_literal_source_text,e16e068928f4f321,2026-08-13T13:30:00+05:00
stage_d_ru_dialogs_vits2_masha_neutral_v1:cfa6db3b8cdd51cc03d9,raw/stage_d_ru_dialogs_vits2_masha_neutral_v1/slices/frozen_common_voice_73/26434ff4814ea88b288b-d668e058e780.wav,b7882050bc4643a31fd9d019ae34beb2de11c91b5267035e8fbf5476832446f9,test,spoof,ru,false,stage_d_ru_dialogs_vits2_masha_neutral_v1:fixed-profile:dialogs_ru_vits2:Masha:neutral,stage_d_ru_dialogs_vits2_masha_neutral_v1,Common Voice RU CC0-1.0; Dialogs-RU model card OpenRAIL declaration; Dialogs dataset OpenRAIL license,Offline literal-text-only derivative of common_voice_ru_v24 text 1574eab4090df673b43f396d2770bf5ab7afab41d4601197efdf2f730e01a047; Dialogs-RU model card OpenRAIL declaration; Dialogs dataset OpenRAIL license revision e25ba617b2b56bd1dbf255d3905c51bd8da3d31f explicitly covers models trained on the dataset and their outputs; permitted for the project's personal-research scope subject to its use restrictions; fixed Masha/neutral profile; no reference audio or voice cloning; upstream basic cleaner only; language provenance is intended input text until acoustic review; tokenizer_dropped_characters=none,stage_d_ru_dialogs_vits2_masha_neutral_v1:synthetic-profile:dialogs_ru_vits2:Masha:neutral,1574eab4090df673b43f396d2770bf5ab7afab41d4601197efdf2f730e01a047,d668e058e780f8db8ba019b46f61cdae4c7e6e6dfefb3088bc624a607af632d3,1.4280272108843537,vits2_emotion_conditioned_tts,Dialogs-RU Expressive Russian TTS,hf-af7eabc15d087fce701de7261190ccb747c3bc7a; checkpoint-b565b7b5311bd29102f15d2700c69ea71569605bc756fb5bb49d98afdc5e1e43; weights-only-wrapper-188ed0e0d2a8db916160b75f51462cf59fe24bce60a919e88fedd7fa76846c71,dialogs_ru_vits2_masha_neutral:dialogs_ru_vits2:Masha:neutral,not_applicable:fixed_pretrained_tts_no_reference_audio,cpu,offline_text_only_vits2_weights_only_fixed_profile,22050,wav,language_provenance=intended_input_text_only;literal_source_text_sha256=d668e058e780f8db8ba019b46f61cdae4c7e6e6dfefb3088bc624a607af632d3;upstream_tokenizer_dropped_characters=none;rng_seed=sha256_literal_source_text,d668e058e780f8db,2026-08-13T13:30:00+05:00
stage_d_ru_dialogs_vits2_masha_neutral_v1:253d9cb4cefbda8629e5,raw/stage_d_ru_dialogs_vits2_masha_neutral_v1/slices/frozen_common_voice_73/85d8b4ec5a4a6d72102f-63df66fdf958.wav,1bac52c6e7f28e0993a9bdde28dcef6f924822d424215f852338a62ac2e46219,test,spoof,ru,false,stage_d_ru_dialogs_vits2_masha_neutral_v1:fixed-profile:dialogs_ru_vits2:Masha:neutral,stage_d_ru_dialogs_vits2_masha_neutral_v1,Common Voice RU CC0-1.0; Dialogs-RU model card OpenRAIL declaration; Dialogs dataset OpenRAIL license,Offline literal-text-only derivative of common_voice_ru_v24 text 0c85c557dbdbaca63a60f362bbeb171e791fa212f217d22e4d2f5ad22a392516; Dialogs-RU model card OpenRAIL declaration; Dialogs dataset OpenRAIL license revision e25ba617b2b56bd1dbf255d3905c51bd8da3d31f explicitly covers models trained on the dataset and their outputs; permitted for the project's personal-research scope subject to its use restrictions; fixed Masha/neutral profile; no reference audio or voice cloning; upstream basic cleaner only; language provenance is intended input text until acoustic review; tokenizer_dropped_characters=none,stage_d_ru_dialogs_vits2_masha_neutral_v1:synthetic-profile:dialogs_ru_vits2:Masha:neutral,0c85c557dbdbaca63a60f362bbeb171e791fa212f217d22e4d2f5ad22a392516,63df66fdf9580c7a22e2472c5f4fb71f75a2b03d003a23ab46cd39d82dc6cd29,2.589024943310658,vits2_emotion_conditioned_tts,Dialogs-RU Expressive Russian TTS,hf-af7eabc15d087fce701de7261190ccb747c3bc7a; checkpoint-b565b7b5311bd29102f15d2700c69ea71569605bc756fb5bb49d98afdc5e1e43; weights-only-wrapper-188ed0e0d2a8db916160b75f51462cf59fe24bce60a919e88fedd7fa76846c71,dialogs_ru_vits2_masha_neutral:dialogs_ru_vits2:Masha:neutral,not_applicable:fixed_pretrained_tts_no_reference_audio,cpu,offline_text_only_vits2_weights_only_fixed_profile,22050,wav,language_provenance=intended_input_text_only;literal_source_text_sha256=63df66fdf9580c7a22e2472c5f4fb71f75a2b03d003a23ab46cd39d82dc6cd29;upstream_tokenizer_dropped_characters=none;rng_seed=sha256_literal_source_text,63df66fdf9580c7a,2026-08-13T13:30:00+05:00
stage_d_ru_dialogs_vits2_masha_neutral_v1:b3eba7017ffbe3f6bd69,raw/stage_d_ru_dialogs_vits2_masha_neutral_v1/slices/frozen_common_voice_73/1dd9b77c14b87ad9b27e-a6204bd0d01d.wav,769f7b72d9e5283148f3f57026d8a644985620bf57ecc7cab1444ff59743b043,test,spoof,ru,false,stage_d_ru_dialogs_vits2_masha_neutral_v1:fixed-profile:dialogs_ru_vits2:Masha:neutral,stage_d_ru_dialogs_vits2_masha_neutral_v1,Common Voice RU CC0-1.0; Dialogs-RU model card OpenRAIL declaration; Dialogs dataset OpenRAIL license,Offline literal-text-only derivative of common_voice_ru_v24 text f4ffade4ecb6bfd7088f487c7f9d40bfc63f9e59f0b1f75d3636035837cecd6c; Dialogs-RU model card OpenRAIL declaration; Dialogs dataset OpenRAIL license revision e25ba617b2b56bd1dbf255d3905c51bd8da3d31f explicitly covers models trained on the dataset and their outputs; permitted for the project's personal-research scope subject to its use restrictions; fixed Masha/neutral profile; no reference audio or voice cloning; upstream basic cleaner only; language provenance is intended input text until acoustic review; tokenizer_dropped_characters=none,stage_d_ru_dialogs_vits2_masha_neutral_v1:synthetic-profile:dialogs_ru_vits2:Masha:neutral,f4ffade4ecb6bfd7088f487c7f9d40bfc63f9e59f0b1f75d3636035837cecd6c,a6204bd0d01dbe631f7caeaca21fce16753f088e75c3c26f62d1d8908df49071,4.040272108843538,vits2_emotion_conditioned_tts,Dialogs-RU Expressive Russian TTS,hf-af7eabc15d087fce701de7261190ccb747c3bc7a; checkpoint-b565b7b5311bd29102f15d2700c69ea71569605bc756fb5bb49d98afdc5e1e43; weights-only-wrapper-188ed0e0d2a8db916160b75f51462cf59fe24bce60a919e88fedd7fa76846c71,dialogs_ru_vits2_masha_neutral:dialogs_ru_vits2:Masha:neutral,not_applicable:fixed_pretrained_tts_no_reference_audio,cpu,offline_text_only_vits2_weights_only_fixed_profile,22050,wav,language_provenance=intended_input_text_only;literal_source_text_sha256=a6204bd0d01dbe631f7caeaca21fce16753f088e75c3c26f62d1d8908df49071;upstream_tokenizer_dropped_characters=none;rng_seed=sha256_literal_source_text,a6204bd0d01dbe63,2026-08-13T13:30:00+05:00
stage_d_ru_dialogs_vits2_masha_neutral_v1:cfa9c95448f4bcdea9c5,raw/stage_d_ru_dialogs_vits2_masha_neutral_v1/slices/frozen_common_voice_73/0747bbb189f9a94a8af9-ff93dbc941da.wav,303bf03d0d382236f6929f69bfaf9aaf292cd0f9ce38bf24b1e39461016ab51c,test,spoof,ru,false,stage_d_ru_dialogs_vits2_masha_neutral_v1:fixed-profile:dialogs_ru_vits2:Masha:neutral,stage_d_ru_dialogs_vits2_masha_neutral_v1,Common Voice RU CC0-1.0; Dialogs-RU model card OpenRAIL declaration; Dialogs dataset OpenRAIL license,Offline literal-text-only derivative of common_voice_ru_v24 text 348a8e47a2a703b5c807c9c4f5dff35a03fbf715dc142c0b7871bab43bbb4068; Dialogs-RU model card OpenRAIL declaration; Dialogs dataset OpenRAIL license revision e25ba617b2b56bd1dbf255d3905c51bd8da3d31f explicitly covers models trained on the dataset and their outputs; permitted for the project's personal-research scope subject to its use restrictions; fixed Masha/neutral profile; no reference audio or voice cloning; upstream basic cleaner only; language provenance is intended input text until acoustic review; tokenizer_dropped_characters=none,stage_d_ru_dialogs_vits2_masha_neutral_v1:synthetic-profile:dialogs_ru_vits2:Masha:neutral,348a8e47a2a703b5c807c9c4f5dff35a03fbf715dc142c0b7871bab43bbb4068,ff93dbc941da428d99ba2a5cf44f7856bc1abfc85753bfaf0ff693d68fad0d62,3.8545124716553287,vits2_emotion_conditioned_tts,Dialogs-RU Expressive Russian TTS,hf-af7eabc15d087fce701de7261190ccb747c3bc7a; checkpoint-b565b7b5311bd29102f15d2700c69ea71569605bc756fb5bb49d98afdc5e1e43; weights-only-wrapper-188ed0e0d2a8db916160b75f51462cf59fe24bce60a919e88fedd7fa76846c71,dialogs_ru_vits2_masha_neutral:dialogs_ru_vits2:Masha:neutral,not_applicable:fixed_pretrained_tts_no_reference_audio,cpu,offline_text_only_vits2_weights_only_fixed_profile,22050,wav,language_provenance=intended_input_text_only;literal_source_text_sha256=ff93dbc941da428d99ba2a5cf44f7856bc1abfc85753bfaf0ff693d68fad0d62;upstream_tokenizer_dropped_characters=none;rng_seed=sha256_literal_source_text,ff93dbc941da428d,2026-08-13T13:30:00+05:00
stage_d_ru_dialogs_vits2_masha_neutral_v1:8a2ba384d52207afcfc8,raw/stage_d_ru_dialogs_vits2_masha_neutral_v1/slices/frozen_common_voice_73/b6df92ed45f55f3e0731-62febfed91dc.wav,292ff636712f2053bd03554fb589a796a552af74221d584cb179de2355feeaf7,test,spoof,ru,false,stage_d_ru_dialogs_vits2_masha_neutral_v1:fixed-profile:dialogs_ru_vits2:Masha:neutral,stage_d_ru_dialogs_vits2_masha_neutral_v1,Common Voice RU CC0-1.0; Dialogs-RU model card OpenRAIL declaration; Dialogs dataset OpenRAIL license,Offline literal-text-only derivative of common_voice_ru_v24 text a53c4f08bc51c5429d2a667b5b551bea2ef443f67f90df31991c345994421594; Dialogs-RU model card OpenRAIL declaration; Dialogs dataset OpenRAIL license revision e25ba617b2b56bd1dbf255d3905c51bd8da3d31f explicitly covers models trained on the dataset and their outputs; permitted for the project's personal-research scope subject to its use restrictions; fixed Masha/neutral profile; no reference audio or voice cloning; upstream basic cleaner only; language provenance is intended input text until acoustic review; tokenizer_dropped_characters=none,stage_d_ru_dialogs_vits2_masha_neutral_v1:synthetic-profile:dialogs_ru_vits2:Masha:neutral,a53c4f08bc51c5429d2a667b5b551bea2ef443f67f90df31991c345994421594,62febfed91dc59b0bec736733149d67d30fedfa7b3ad253291945d3165a0db58,1.2770975056689342,vits2_emotion_conditioned_tts,Dialogs-RU Expressive Russian TTS,hf-af7eabc15d087fce701de7261190ccb747c3bc7a; checkpoint-b565b7b5311bd29102f15d2700c69ea71569605bc756fb5bb49d98afdc5e1e43; weights-only-wrapper-188ed0e0d2a8db916160b75f51462cf59fe24bce60a919e88fedd7fa76846c71,dialogs_ru_vits2_masha_neutral:dialogs_ru_vits2:Masha:neutral,not_applicable:fixed_pretrained_tts_no_reference_audio,cpu,offline_text_only_vits2_weights_only_fixed_profile,22050,wav,language_provenance=intended_input_text_only;literal_source_text_sha256=62febfed91dc59b0bec736733149d67d30fedfa7b3ad253291945d3165a0db58;upstream_tokenizer_dropped_characters=none;rng_seed=sha256_literal_source_text,62febfed91dc59b0,2026-08-13T13:30:00+05:00
stage_d_ru_dialogs_vits2_masha_neutral_v1:aca7f730762e73a82eb4,raw/stage_d_ru_dialogs_vits2_masha_neutral_v1/slices/frozen_common_voice_73/b1caa035ffc6aae1dd0c-09654939eff3.wav,db5705e9ae417800017328448c487c613e5bad635b1e85153d5005427f819119,test,spoof,ru,false,stage_d_ru_dialogs_vits2_masha_neutral_v1:fixed-profile:dialogs_ru_vits2:Masha:neutral,stage_d_ru_dialogs_vits2_masha_neutral_v1,Common Voice RU CC0-1.0; Dialogs-RU model card OpenRAIL declaration; Dialogs dataset OpenRAIL license,Offline literal-text-only derivative of common_voice_ru_v24 text 0d8127dd5df46e8482c48770f8a988d87d3b6daccfd0c52b4d38fb2c81fc0b61; Dialogs-RU model card OpenRAIL declaration; Dialogs dataset OpenRAIL license revision e25ba617b2b56bd1dbf255d3905c51bd8da3d31f explicitly covers models trained on the dataset and their outputs; permitted for the project's personal-research scope subject to its use restrictions; fixed Masha/neutral profile; no reference audio or voice cloning; upstream basic cleaner only; language provenance is intended input text until acoustic review; tokenizer_dropped_characters=none,stage_d_ru_dialogs_vits2_masha_neutral_v1:synthetic-profile:dialogs_ru_vits2:Masha:neutral,0d8127dd5df46e8482c48770f8a988d87d3b6daccfd0c52b4d38fb2c81fc0b61,09654939eff30daee07d9c217ae9cc24d8149e6182a26ca144fdfb0ebd6ede01,1.0216780045351475,vits2_emotion_conditioned_tts,Dialogs-RU Expressive Russian TTS,hf-af7eabc15d087fce701de7261190ccb747c3bc7a; checkpoint-b565b7b5311bd29102f15d2700c69ea71569605bc756fb5bb49d98afdc5e1e43; weights-only-wrapper-188ed0e0d2a8db916160b75f51462cf59fe24bce60a919e88fedd7fa76846c71,dialogs_ru_vits2_masha_neutral:dialogs_ru_vits2:Masha:neutral,not_applicable:fixed_pretrained_tts_no_reference_audio,cpu,offline_text_only_vits2_weights_only_fixed_profile,22050,wav,language_provenance=intended_input_text_only;literal_source_text_sha256=09654939eff30daee07d9c217ae9cc24d8149e6182a26ca144fdfb0ebd6ede01;upstream_tokenizer_dropped_characters=none;rng_seed=sha256_literal_source_text,09654939eff30dae,2026-08-13T13:30:00+05:00
stage_d_ru_dialogs_vits2_masha_neutral_v1:9cd021cfe2ede198fe2c,raw/stage_d_ru_dialogs_vits2_masha_neutral_v1/slices/frozen_common_voice_73/742bf92621dbd677e387-e32c38747fe4.wav,9e1c54980160c87e2e8573ccd022bea392a54dfa9da7088a7bb68262adb531d7,test,spoof,ru,false,stage_d_ru_dialogs_vits2_masha_neutral_v1:fixed-profile:dialogs_ru_vits2:Masha:neutral,stage_d_ru_dialogs_vits2_masha_neutral_v1,Common Voice RU CC0-1.0; Dialogs-RU model card OpenRAIL declaration; Dialogs dataset OpenRAIL license,Offline literal-text-only derivative of common_voice_ru_v24 text 0e607920b2760ac3b868cdea5913acd3d2d36a48710f12da5cd3fdb456ea2ffd; Dialogs-RU model card OpenRAIL declaration; Dialogs dataset OpenRAIL license revision e25ba617b2b56bd1dbf255d3905c51bd8da3d31f explicitly covers models trained on the dataset and their outputs; permitted for the project's personal-research scope subject to its use restrictions; fixed Masha/neutral profile; no reference audio or voice cloning; upstream basic cleaner only; language provenance is intended input text until acoustic review; tokenizer_dropped_characters=none,stage_d_ru_dialogs_vits2_masha_neutral_v1:synthetic-profile:dialogs_ru_vits2:Masha:neutral,0e607920b2760ac3b868cdea5913acd3d2d36a48710f12da5cd3fdb456ea2ffd,e32c38747fe47208175cee519f13d78d56281d74e8ecd14732b09b40e39cffee,5.746938775510204,vits2_emotion_conditioned_tts,Dialogs-RU Expressive Russian TTS,hf-af7eabc15d087fce701de7261190ccb747c3bc7a; checkpoint-b565b7b5311bd29102f15d2700c69ea71569605bc756fb5bb49d98afdc5e1e43; weights-only-wrapper-188ed0e0d2a8db916160b75f51462cf59fe24bce60a919e88fedd7fa76846c71,dialogs_ru_vits2_masha_neutral:dialogs_ru_vits2:Masha:neutral,not_applicable:fixed_pretrained_tts_no_reference_audio,cpu,offline_text_only_vits2_weights_only_fixed_profile,22050,wav,language_provenance=intended_input_text_only;literal_source_text_sha256=e32c38747fe47208175cee519f13d78d56281d74e8ecd14732b09b40e39cffee;upstream_tokenizer_dropped_characters=none;rng_seed=sha256_literal_source_text,e32c38747fe47208,2026-08-13T13:30:00+05:00
stage_d_ru_dialogs_vits2_masha_neutral_v1:069d9c9723901f8eeee5,raw/stage_d_ru_dialogs_vits2_masha_neutral_v1/slices/frozen_common_voice_73/29d1038bdda06261a3da-4fdf0bd8bf3d.wav,796ef51b2fa95eca595df30863413ff8fda2f4db23c6bed81230da5164937647,test,spoof,ru,false,stage_d_ru_dialogs_vits2_masha_neutral_v1:fixed-profile:dialogs_ru_vits2:Masha:neutral,stage_d_ru_dialogs_vits2_masha_neutral_v1,Common Voice RU CC0-1.0; Dialogs-RU model card OpenRAIL declaration; Dialogs dataset OpenRAIL license,Offline literal-text-only derivative of common_voice_ru_v24 text a8b0de6f2f1239a3307df321bbb4e81529becdf1f67eef58c9f6c0de2a54c703; Dialogs-RU model card OpenRAIL declaration; Dialogs dataset OpenRAIL license revision e25ba617b2b56bd1dbf255d3905c51bd8da3d31f explicitly covers models trained on the dataset and their outputs; permitted for the project's personal-research scope subject to its use restrictions; fixed Masha/neutral profile; no reference audio or voice cloning; upstream basic cleaner only; language provenance is intended input text until acoustic review; tokenizer_dropped_characters=none,stage_d_ru_dialogs_vits2_masha_neutral_v1:synthetic-profile:dialogs_ru_vits2:Masha:neutral,a8b0de6f2f1239a3307df321bbb4e81529becdf1f67eef58c9f6c0de2a54c703,4fdf0bd8bf3d4d8e67cbf3250e6e253b72d04ef31de8c81bbe356ed5584fe7d7,1.787936507936508,vits2_emotion_conditioned_tts,Dialogs-RU Expressive Russian TTS,hf-af7eabc15d087fce701de7261190ccb747c3bc7a; checkpoint-b565b7b5311bd29102f15d2700c69ea71569605bc756fb5bb49d98afdc5e1e43; weights-only-wrapper-188ed0e0d2a8db916160b75f51462cf59fe24bce60a919e88fedd7fa76846c71,dialogs_ru_vits2_masha_neutral:dialogs_ru_vits2:Masha:neutral,not_applicable:fixed_pretrained_tts_no_reference_audio,cpu,offline_text_only_vits2_weights_only_fixed_profile,22050,wav,language_provenance=intended_input_text_only;literal_source_text_sha256=4fdf0bd8bf3d4d8e67cbf3250e6e253b72d04ef31de8c81bbe356ed5584fe7d7;upstream_tokenizer_dropped_characters=none;rng_seed=sha256_literal_source_text,4fdf0bd8bf3d4d8e,2026-08-13T13:30:00+05:00
stage_d_ru_dialogs_vits2_masha_neutral_v1:3d04bd222118994b8ed4,raw/stage_d_ru_dialogs_vits2_masha_neutral_v1/slices/frozen_common_voice_73/3f6b06baecd71a3f7557-3d08e60fc38f.wav,50f140348b7190cfcca70cbc88bcd6c40af4f6c79fc0b35e6918a7f776ef9c59,test,spoof,ru,false,stage_d_ru_dialogs_vits2_masha_neutral_v1:fixed-profile:dialogs_ru_vits2:Masha:neutral,stage_d_ru_dialogs_vits2_masha_neutral_v1,Common Voice RU CC0-1.0; Dialogs-RU model card OpenRAIL declaration; Dialogs dataset OpenRAIL license,Offline literal-text-only derivative of common_voice_ru_v24 text 3bdf3c5a3fe18ad00ae4307f05071b1d8b43dd9158951ffe0f24ad67825b21a0; Dialogs-RU model card OpenRAIL declaration; Dialogs dataset OpenRAIL license revision e25ba617b2b56bd1dbf255d3905c51bd8da3d31f explicitly covers models trained on the dataset and their outputs; permitted for the project's personal-research scope subject to its use restrictions; fixed Masha/neutral profile; no reference audio or voice cloning; upstream basic cleaner only; language provenance is intended input text until acoustic review; tokenizer_dropped_characters=none,stage_d_ru_dialogs_vits2_masha_neutral_v1:synthetic-profile:dialogs_ru_vits2:Masha:neutral,3bdf3c5a3fe18ad00ae4307f05071b1d8b43dd9158951ffe0f24ad67825b21a0,3d08e60fc38f3bc991f359dc815a16006b48468a16e8d48d8a021516bebd3ec8,4.3769614512471655,vits2_emotion_conditioned_tts,Dialogs-RU Expressive Russian TTS,hf-af7eabc15d087fce701de7261190ccb747c3bc7a; checkpoint-b565b7b5311bd29102f15d2700c69ea71569605bc756fb5bb49d98afdc5e1e43; weights-only-wrapper-188ed0e0d2a8db916160b75f51462cf59fe24bce60a919e88fedd7fa76846c71,dialogs_ru_vits2_masha_neutral:dialogs_ru_vits2:Masha:neutral,not_applicable:fixed_pretrained_tts_no_reference_audio,cpu,offline_text_only_vits2_weights_only_fixed_profile,22050,wav,language_provenance=intended_input_text_only;literal_source_text_sha256=3d08e60fc38f3bc991f359dc815a16006b48468a16e8d48d8a021516bebd3ec8;upstream_tokenizer_dropped_characters=none;rng_seed=sha256_literal_source_text,3d08e60fc38f3bc9,2026-08-13T13:30:00+05:00
stage_d_ru_dialogs_vits2_masha_neutral_v1:63218f16464db77de21e,raw/stage_d_ru_dialogs_vits2_masha_neutral_v1/slices/frozen_common_voice_73/cc7901d8b00983909ff5-00d78959ddf3.wav,88946f41a4540579ffef20a42bd6149a750391822d5586b903b06c6e75227fe6,test,spoof,ru,false,stage_d_ru_dialogs_vits2_masha_neutral_v1:fixed-profile:dialogs_ru_vits2:Masha:neutral,stage_d_ru_dialogs_vits2_masha_neutral_v1,Common Voice RU CC0-1.0; Dialogs-RU model card OpenRAIL declaration; Dialogs dataset OpenRAIL license,Offline literal-text-only derivative of common_voice_ru_v24 text 3616c73e41866a26760ec2ac3856b9b948580b932c06bbac3961d2b3a33e6cd3; Dialogs-RU model card OpenRAIL declaration; Dialogs dataset OpenRAIL license revision e25ba617b2b56bd1dbf255d3905c51bd8da3d31f explicitly covers models trained on the dataset and their outputs; permitted for the project's personal-research scope subject to its use restrictions; fixed Masha/neutral profile; no reference audio or voice cloning; upstream basic cleaner only; language provenance is intended input text until acoustic review; tokenizer_dropped_characters=none,stage_d_ru_dialogs_vits2_masha_neutral_v1:synthetic-profile:dialogs_ru_vits2:Masha:neutral,3616c73e41866a26760ec2ac3856b9b948580b932c06bbac3961d2b3a33e6cd3,00d78959ddf3e53dc29a3742d53cfcfc85a1ddebf3656934216242539849ca35,3.7500226757369615,vits2_emotion_conditioned_tts,Dialogs-RU Expressive Russian TTS,hf-af7eabc15d087fce701de7261190ccb747c3bc7a; checkpoint-b565b7b5311bd29102f15d2700c69ea71569605bc756fb5bb49d98afdc5e1e43; weights-only-wrapper-188ed0e0d2a8db916160b75f51462cf59fe24bce60a919e88fedd7fa76846c71,dialogs_ru_vits2_masha_neutral:dialogs_ru_vits2:Masha:neutral,not_applicable:fixed_pretrained_tts_no_reference_audio,cpu,offline_text_only_vits2_weights_only_fixed_profile,22050,wav,language_provenance=intended_input_text_only;literal_source_text_sha256=00d78959ddf3e53dc29a3742d53cfcfc85a1ddebf3656934216242539849ca35;upstream_tokenizer_dropped_characters=none;rng_seed=sha256_literal_source_text,00d78959ddf3e53d,2026-08-13T13:30:00+05:00
stage_d_ru_dialogs_vits2_masha_neutral_v1:30346997613c0ede11cb,raw/stage_d_ru_dialogs_vits2_masha_neutral_v1/slices/frozen_common_voice_73/0d1cc26302f31539a0ae-832b453cc2b4.wav,3d1583f42127d4f6ce9fa989dfcee48905a16ae252d891f3873512a9664b71ca,test,spoof,ru,false,stage_d_ru_dialogs_vits2_masha_neutral_v1:fixed-profile:dialogs_ru_vits2:Masha:neutral,stage_d_ru_dialogs_vits2_masha_neutral_v1,Common Voice RU CC0-1.0; Dialogs-RU model card OpenRAIL declaration; Dialogs dataset OpenRAIL license,Offline literal-text-only derivative of common_voice_ru_v24 text 3ec41ce86bb56603ff42898cdead4c3e0ab912b6391e115c51f7ba8bbc1e1fb5; Dialogs-RU model card OpenRAIL declaration; Dialogs dataset OpenRAIL license revision e25ba617b2b56bd1dbf255d3905c51bd8da3d31f explicitly covers models trained on the dataset and their outputs; permitted for the project's personal-research scope subject to its use restrictions; fixed Masha/neutral profile; no reference audio or voice cloning; upstream basic cleaner only; language provenance is intended input text until acoustic review; tokenizer_dropped_characters=none,stage_d_ru_dialogs_vits2_masha_neutral_v1:synthetic-profile:dialogs_ru_vits2:Masha:neutral,3ec41ce86bb56603ff42898cdead4c3e0ab912b6391e115c51f7ba8bbc1e1fb5,832b453cc2b4ff1e8f86f20a86899c52801b3624c064dedd1308ebad4b62523e,5.085170068027211,vits2_emotion_conditioned_tts,Dialogs-RU Expressive Russian TTS,hf-af7eabc15d087fce701de7261190ccb747c3bc7a; checkpoint-b565b7b5311bd29102f15d2700c69ea71569605bc756fb5bb49d98afdc5e1e43; weights-only-wrapper-188ed0e0d2a8db916160b75f51462cf59fe24bce60a919e88fedd7fa76846c71,dialogs_ru_vits2_masha_neutral:dialogs_ru_vits2:Masha:neutral,not_applicable:fixed_pretrained_tts_no_reference_audio,cpu,offline_text_only_vits2_weights_only_fixed_profile,22050,wav,language_provenance=intended_input_text_only;literal_source_text_sha256=832b453cc2b4ff1e8f86f20a86899c52801b3624c064dedd1308ebad4b62523e;upstream_tokenizer_dropped_characters=none;rng_seed=sha256_literal_source_text,832b453cc2b4ff1e,2026-08-13T13:30:00+05:00
stage_d_ru_dialogs_vits2_masha_neutral_v1:6dac582ae49cfbf00cc3,raw/stage_d_ru_dialogs_vits2_masha_neutral_v1/slices/frozen_common_voice_73/becfa558440a3987c6a6-80ca819623d5.wav,163992ded76afde977ab0ba3bf7614bce249dac7bb977fe24dcbee9472eedf06,test,spoof,ru,false,stage_d_ru_dialogs_vits2_masha_neutral_v1:fixed-profile:dialogs_ru_vits2:Masha:neutral,stage_d_ru_dialogs_vits2_masha_neutral_v1,Common Voice RU CC0-1.0; Dialogs-RU model card OpenRAIL declaration; Dialogs dataset OpenRAIL license,Offline literal-text-only derivative of common_voice_ru_v24 text 690b45f76094409ff9fc16192385c644fdd1d7f01e450ddd68996c643d6ec939; Dialogs-RU model card OpenRAIL declaration; Dialogs dataset OpenRAIL license revision e25ba617b2b56bd1dbf255d3905c51bd8da3d31f explicitly covers models trained on the dataset and their outputs; permitted for the project's personal-research scope subject to its use restrictions; fixed Masha/neutral profile; no reference audio or voice cloning; upstream basic cleaner only; language provenance is intended input text until acoustic review; tokenizer_dropped_characters=none,stage_d_ru_dialogs_vits2_masha_neutral_v1:synthetic-profile:dialogs_ru_vits2:Masha:neutral,690b45f76094409ff9fc16192385c644fdd1d7f01e450ddd68996c643d6ec939,80ca819623d5dd9e6c2e29612495f64de787cea8e5a9033e3ad39cf8936c7103,2.0317460317460316,vits2_emotion_conditioned_tts,Dialogs-RU Expressive Russian TTS,hf-af7eabc15d087fce701de7261190ccb747c3bc7a; checkpoint-b565b7b5311bd29102f15d2700c69ea71569605bc756fb5bb49d98afdc5e1e43; weights-only-wrapper-188ed0e0d2a8db916160b75f51462cf59fe24bce60a919e88fedd7fa76846c71,dialogs_ru_vits2_masha_neutral:dialogs_ru_vits2:Masha:neutral,not_applicable:fixed_pretrained_tts_no_reference_audio,cpu,offline_text_only_vits2_weights_only_fixed_profile,22050,wav,language_provenance=intended_input_text_only;literal_source_text_sha256=80ca819623d5dd9e6c2e29612495f64de787cea8e5a9033e3ad39cf8936c7103;upstream_tokenizer_dropped_characters=none;rng_seed=sha256_literal_source_text,80ca819623d5dd9e,2026-08-13T13:30:00+05:00
stage_d_ru_dialogs_vits2_masha_neutral_v1:62643b1c6568ae720a81,raw/stage_d_ru_dialogs_vits2_masha_neutral_v1/slices/frozen_common_voice_73/eb464e2f297c01bc955e-49411a00a034.wav,060661bac10bc08b3f9fc2b21c8a5d54f88b2f88f000c6e7129dd03112ea2177,test,spoof,ru,false,stage_d_ru_dialogs_vits2_masha_neutral_v1:fixed-profile:dialogs_ru_vits2:Masha:neutral,stage_d_ru_dialogs_vits2_masha_neutral_v1,Common Voice RU CC0-1.0; Dialogs-RU model card OpenRAIL declaration; Dialogs dataset OpenRAIL license,Offline literal-text-only derivative of common_voice_ru_v24 text 8150e5c0d30646c91d09824331a97c4a8118c396a80e1e79cfc6ee95c6746634; Dialogs-RU model card OpenRAIL declaration; Dialogs dataset OpenRAIL license revision e25ba617b2b56bd1dbf255d3905c51bd8da3d31f explicitly covers models trained on the dataset and their outputs; permitted for the project's personal-research scope subject to its use restrictions; fixed Masha/neutral profile; no reference audio or voice cloning; upstream basic cleaner only; language provenance is intended input text until acoustic review; tokenizer_dropped_characters=none,stage_d_ru_dialogs_vits2_masha_neutral_v1:synthetic-profile:dialogs_ru_vits2:Masha:neutral,8150e5c0d30646c91d09824331a97c4a8118c396a80e1e79cfc6ee95c6746634,49411a00a0348526252ffc9d4d7543fb94172f6169007e7c57b739ee595eacac,3.680362811791383,vits2_emotion_conditioned_tts,Dialogs-RU Expressive Russian TTS,hf-af7eabc15d087fce701de7261190ccb747c3bc7a; checkpoint-b565b7b5311bd29102f15d2700c69ea71569605bc756fb5bb49d98afdc5e1e43; weights-only-wrapper-188ed0e0d2a8db916160b75f51462cf59fe24bce60a919e88fedd7fa76846c71,dialogs_ru_vits2_masha_neutral:dialogs_ru_vits2:Masha:neutral,not_applicable:fixed_pretrained_tts_no_reference_audio,cpu,offline_text_only_vits2_weights_only_fixed_profile,22050,wav,language_provenance=intended_input_text_only;literal_source_text_sha256=49411a00a0348526252ffc9d4d7543fb94172f6169007e7c57b739ee595eacac;upstream_tokenizer_dropped_characters=none;rng_seed=sha256_literal_source_text,49411a00a0348526,2026-08-13T13:30:00+05:00
stage_d_ru_dialogs_vits2_masha_neutral_v1:f2b6492404f5a75098a6,raw/stage_d_ru_dialogs_vits2_masha_neutral_v1/slices/frozen_common_voice_73/c4a3c41b748263093c32-fec33cee6812.wav,025468d9c0670c097b61a50d40e31c8fdf90d9de9618b8c3d8f425fc3f05a52e,test,spoof,ru,false,stage_d_ru_dialogs_vits2_masha_neutral_v1:fixed-profile:dialogs_ru_vits2:Masha:neutral,stage_d_ru_dialogs_vits2_masha_neutral_v1,Common Voice RU CC0-1.0; Dialogs-RU model card OpenRAIL declaration; Dialogs dataset OpenRAIL license,Offline literal-text-only derivative of common_voice_ru_v24 text 8c443dd57a7b9bbaa9b9f5ecec7c2368db366e2c286ea9410b9c5e0c02bc1016; Dialogs-RU model card OpenRAIL declaration; Dialogs dataset OpenRAIL license revision e25ba617b2b56bd1dbf255d3905c51bd8da3d31f explicitly covers models trained on the dataset and their outputs; permitted for the project's personal-research scope subject to its use restrictions; fixed Masha/neutral profile; no reference audio or voice cloning; upstream basic cleaner only; language provenance is intended input text until acoustic review; tokenizer_dropped_characters=none,stage_d_ru_dialogs_vits2_masha_neutral_v1:synthetic-profile:dialogs_ru_vits2:Masha:neutral,8c443dd57a7b9bbaa9b9f5ecec7c2368db366e2c286ea9410b9c5e0c02bc1016,fec33cee68128ae25c9a8548276312f1fded4e387e618a1c909d83b57650829a,5.712108843537415,vits2_emotion_conditioned_tts,Dialogs-RU Expressive Russian TTS,hf-af7eabc15d087fce701de7261190ccb747c3bc7a; checkpoint-b565b7b5311bd29102f15d2700c69ea71569605bc756fb5bb49d98afdc5e1e43; weights-only-wrapper-188ed0e0d2a8db916160b75f51462cf59fe24bce60a919e88fedd7fa76846c71,dialogs_ru_vits2_masha_neutral:dialogs_ru_vits2:Masha:neutral,not_applicable:fixed_pretrained_tts_no_reference_audio,cpu,offline_text_only_vits2_weights_only_fixed_profile,22050,wav,language_provenance=intended_input_text_only;literal_source_text_sha256=fec33cee68128ae25c9a8548276312f1fded4e387e618a1c909d83b57650829a;upstream_tokenizer_dropped_characters=none;rng_seed=sha256_literal_source_text,fec33cee68128ae2,2026-08-13T13:30:00+05:00
stage_d_ru_dialogs_vits2_masha_neutral_v1:d78382ff8f3c109b7bc4,raw/stage_d_ru_dialogs_vits2_masha_neutral_v1/slices/frozen_common_voice_73/f51ea70fe9818448847d-1f2b4be21d8c.wav,2f115dc011f2d68060ce3a37295f62a53f772495221b6843ccbcc85eea763858,test,spoof,ru,false,stage_d_ru_dialogs_vits2_masha_neutral_v1:fixed-profile:dialogs_ru_vits2:Masha:neutral,stage_d_ru_dialogs_vits2_masha_neutral_v1,Common Voice RU CC0-1.0; Dialogs-RU model card OpenRAIL declaration; Dialogs dataset OpenRAIL license,Offline literal-text-only derivative of common_voice_ru_v24 text 93e544092832ce3422c0dc10df7b19954233cd5a08969fbcf33a6f8c441006f4; Dialogs-RU model card OpenRAIL declaration; Dialogs dataset OpenRAIL license revision e25ba617b2b56bd1dbf255d3905c51bd8da3d31f explicitly covers models trained on the dataset and their outputs; permitted for the project's personal-research scope subject to its use restrictions; fixed Masha/neutral profile; no reference audio or voice cloning; upstream basic cleaner only; language provenance is intended input text until acoustic review; tokenizer_dropped_characters=none,stage_d_ru_dialogs_vits2_masha_neutral_v1:synthetic-profile:dialogs_ru_vits2:Masha:neutral,93e544092832ce3422c0dc10df7b19954233cd5a08969fbcf33a6f8c441006f4,1f2b4be21d8c43d3bf7d2602e1c736c61cf32a9a25cd5ef4249cae2e213626ae,5.224489795918367,vits2_emotion_conditioned_tts,Dialogs-RU Expressive Russian TTS,hf-af7eabc15d087fce701de7261190ccb747c3bc7a; checkpoint-b565b7b5311bd29102f15d2700c69ea71569605bc756fb5bb49d98afdc5e1e43; weights-only-wrapper-188ed0e0d2a8db916160b75f51462cf59fe24bce60a919e88fedd7fa76846c71,dialogs_ru_vits2_masha_neutral:dialogs_ru_vits2:Masha:neutral,not_applicable:fixed_pretrained_tts_no_reference_audio,cpu,offline_text_only_vits2_weights_only_fixed_profile,22050,wav,language_provenance=intended_input_text_only;literal_source_text_sha256=1f2b4be21d8c43d3bf7d2602e1c736c61cf32a9a25cd5ef4249cae2e213626ae;upstream_tokenizer_dropped_characters=none;rng_seed=sha256_literal_source_text,1f2b4be21d8c43d3,2026-08-13T13:30:00+05:00
stage_d_ru_dialogs_vits2_masha_neutral_v1:da457eeaf80cd7ae828f,raw/stage_d_ru_dialogs_vits2_masha_neutral_v1/slices/frozen_common_voice_73/a8c16fbfc12ef7ffa497-08132a582990.wav,e0df3beeb79a41ef8c0d314fcd12b9ac133e9e75a965fe0b5b8f4ee2cf90d5de,test,spoof,ru,false,stage_d_ru_dialogs_vits2_masha_neutral_v1:fixed-profile:dialogs_ru_vits2:Masha:neutral,stage_d_ru_dialogs_vits2_masha_neutral_v1,Common Voice RU CC0-1.0; Dialogs-RU model card OpenRAIL declaration; Dialogs dataset OpenRAIL license,Offline literal-text-only derivative of common_voice_ru_v24 text a35369da2bf921784e14444869aa5b9b92ba6b3791395ed627a3fa6e570080b5; Dialogs-RU model card OpenRAIL declaration; Dialogs dataset OpenRAIL license revision e25ba617b2b56bd1dbf255d3905c51bd8da3d31f explicitly covers models trained on the dataset and their outputs; permitted for the project's personal-research scope subject to its use restrictions; fixed Masha/neutral profile; no reference audio or voice cloning; upstream basic cleaner only; language provenance is intended input text until acoustic review; tokenizer_dropped_characters=none,stage_d_ru_dialogs_vits2_masha_neutral_v1:synthetic-profile:dialogs_ru_vits2:Masha:neutral,a35369da2bf921784e14444869aa5b9b92ba6b3791395ed627a3fa6e570080b5,08132a5829906d007af02d8e465064faa31dc3d3eb0f48e4a1c3683f3c31c028,3.7848526077097504,vits2_emotion_conditioned_tts,Dialogs-RU Expressive Russian TTS,hf-af7eabc15d087fce701de7261190ccb747c3bc7a; checkpoint-b565b7b5311bd29102f15d2700c69ea71569605bc756fb5bb49d98afdc5e1e43; weights-only-wrapper-188ed0e0d2a8db916160b75f51462cf59fe24bce60a919e88fedd7fa76846c71,dialogs_ru_vits2_masha_neutral:dialogs_ru_vits2:Masha:neutral,not_applicable:fixed_pretrained_tts_no_reference_audio,cpu,offline_text_only_vits2_weights_only_fixed_profile,22050,wav,language_provenance=intended_input_text_only;literal_source_text_sha256=08132a5829906d007af02d8e465064faa31dc3d3eb0f48e4a1c3683f3c31c028;upstream_tokenizer_dropped_characters=none;rng_seed=sha256_literal_source_text,08132a5829906d00,2026-08-13T13:30:00+05:00
stage_d_ru_dialogs_vits2_masha_neutral_v1:5b99e01ad7a1b996049e,raw/stage_d_ru_dialogs_vits2_masha_neutral_v1/slices/frozen_common_voice_73/cd0ff293fcd8340e32c1-c1d3237b122f.wav,8361e5a6be41760db87fa0fad68ad114b91afb86cfaecb15c1772ad9c878ca4d,test,spoof,ru,false,stage_d_ru_dialogs_vits2_masha_neutral_v1:fixed-profile:dialogs_ru_vits2:Masha:neutral,stage_d_ru_dialogs_vits2_masha_neutral_v1,Common Voice RU CC0-1.0; Dialogs-RU model card OpenRAIL declaration; Dialogs dataset OpenRAIL license,"Offline literal-text-only derivative of common_voice_ru_v24 text 2ccdd445bc6bd2cb348535fbe69ab3db469e9344095ac80dce135a1488e62ec8; Dialogs-RU model card OpenRAIL declaration; Dialogs dataset OpenRAIL license revision e25ba617b2b56bd1dbf255d3905c51bd8da3d31f explicitly covers models trained on the dataset and their outputs; permitted for the project's personal-research scope subject to its use restrictions; fixed Masha/neutral profile; no reference audio or voice cloning; upstream basic cleaner only; language provenance is intended input text until acoustic review; tokenizer_dropped_characters=–,…",stage_d_ru_dialogs_vits2_masha_neutral_v1:synthetic-profile:dialogs_ru_vits2:Masha:neutral,2ccdd445bc6bd2cb348535fbe69ab3db469e9344095ac80dce135a1488e62ec8,c1d3237b122fe54ad052535856d6dd0b4673526dd9a5ab2479dc12f67765408b,3.6687528344671203,vits2_emotion_conditioned_tts,Dialogs-RU Expressive Russian TTS,hf-af7eabc15d087fce701de7261190ccb747c3bc7a; checkpoint-b565b7b5311bd29102f15d2700c69ea71569605bc756fb5bb49d98afdc5e1e43; weights-only-wrapper-188ed0e0d2a8db916160b75f51462cf59fe24bce60a919e88fedd7fa76846c71,dialogs_ru_vits2_masha_neutral:dialogs_ru_vits2:Masha:neutral,not_applicable:fixed_pretrained_tts_no_reference_audio,cpu,offline_text_only_vits2_weights_only_fixed_profile,22050,wav,"language_provenance=intended_input_text_only;literal_source_text_sha256=c1d3237b122fe54ad052535856d6dd0b4673526dd9a5ab2479dc12f67765408b;upstream_tokenizer_dropped_characters=–,…;rng_seed=sha256_literal_source_text",c1d3237b122fe54a,2026-08-13T13:30:00+05:00
stage_d_ru_dialogs_vits2_masha_neutral_v1:832793260648ece5f20c,raw/stage_d_ru_dialogs_vits2_masha_neutral_v1/slices/frozen_common_voice_73/f2235fd5def248e61b46-d4c33de6a852.wav,22b39fffea9bd959d5233bc14244cd53d9eba32c74fdc373b154e40590cfcc1d,test,spoof,ru,false,stage_d_ru_dialogs_vits2_masha_neutral_v1:fixed-profile:dialogs_ru_vits2:Masha:neutral,stage_d_ru_dialogs_vits2_masha_neutral_v1,Common Voice RU CC0-1.0; Dialogs-RU model card OpenRAIL declaration; Dialogs dataset OpenRAIL license,Offline literal-text-only derivative of common_voice_ru_v24 text aa58fabce3d52a464f2c94393ddd662f1ff18e86457e120b51ae3509441d21b3; Dialogs-RU model card OpenRAIL declaration; Dialogs dataset OpenRAIL license revision e25ba617b2b56bd1dbf255d3905c51bd8da3d31f explicitly covers models trained on the dataset and their outputs; permitted for the project's personal-research scope subject to its use restrictions; fixed Masha/neutral profile; no reference audio or voice cloning; upstream basic cleaner only; language provenance is intended input text until acoustic review; tokenizer_dropped_characters=none,stage_d_ru_dialogs_vits2_masha_neutral_v1:synthetic-profile:dialogs_ru_vits2:Masha:neutral,aa58fabce3d52a464f2c94393ddd662f1ff18e86457e120b51ae3509441d21b3,d4c33de6a852ef6abd570af7d06699a3ef8c8cc1945544e433715d115483b848,5.537959183673469,vits2_emotion_conditioned_tts,Dialogs-RU Expressive Russian TTS,hf-af7eabc15d087fce701de7261190ccb747c3bc7a; checkpoint-b565b7b5311bd29102f15d2700c69ea71569605bc756fb5bb49d98afdc5e1e43; weights-only-wrapper-188ed0e0d2a8db916160b75f51462cf59fe24bce60a919e88fedd7fa76846c71,dialogs_ru_vits2_masha_neutral:dialogs_ru_vits2:Masha:neutral,not_applicable:fixed_pretrained_tts_no_reference_audio,cpu,offline_text_only_vits2_weights_only_fixed_profile,22050,wav,language_provenance=intended_input_text_only;literal_source_text_sha256=d4c33de6a852ef6abd570af7d06699a3ef8c8cc1945544e433715d115483b848;upstream_tokenizer_dropped_characters=none;rng_seed=sha256_literal_source_text,d4c33de6a852ef6a,2026-08-13T13:30:00+05:00
stage_d_ru_dialogs_vits2_masha_neutral_v1:56f75b25d375bdd32d95,raw/stage_d_ru_dialogs_vits2_masha_neutral_v1/slices/frozen_common_voice_73/50f906f4f34322235746-53bafb5c6a31.wav,69a3686fb352b1471764c2ad30d209cad739bf731f05a8e8f8392e5d8909e8be,test,spoof,ru,false,stage_d_ru_dialogs_vits2_masha_neutral_v1:fixed-profile:dialogs_ru_vits2:Masha:neutral,stage_d_ru_dialogs_vits2_masha_neutral_v1,Common Voice RU CC0-1.0; Dialogs-RU model card OpenRAIL declaration; Dialogs dataset OpenRAIL license,Offline literal-text-only derivative of common_voice_ru_v24 text ec144ee5ce67ebff26631f6f04ec5c24fa8c0d27b6db9b26bd2d6769df7d2db6; Dialogs-RU model card OpenRAIL declaration; Dialogs dataset OpenRAIL license revision e25ba617b2b56bd1dbf255d3905c51bd8da3d31f explicitly covers models trained on the dataset and their outputs; permitted for the project's personal-research scope subject to its use restrictions; fixed Masha/neutral profile; no reference audio or voice cloning; upstream basic cleaner only; language provenance is intended input text until acoustic review; tokenizer_dropped_characters=none,stage_d_ru_dialogs_vits2_masha_neutral_v1:synthetic-profile:dialogs_ru_vits2:Masha:neutral,ec144ee5ce67ebff26631f6f04ec5c24fa8c0d27b6db9b26bd2d6769df7d2db6,53bafb5c6a31c9014955f27b8be737704004daa919a4b8337675dd89943507ba,2.705124716553288,vits2_emotion_conditioned_tts,Dialogs-RU Expressive Russian TTS,hf-af7eabc15d087fce701de7261190ccb747c3bc7a; checkpoint-b565b7b5311bd29102f15d2700c69ea71569605bc756fb5bb49d98afdc5e1e43; weights-only-wrapper-188ed0e0d2a8db916160b75f51462cf59fe24bce60a919e88fedd7fa76846c71,dialogs_ru_vits2_masha_neutral:dialogs_ru_vits2:Masha:neutral,not_applicable:fixed_pretrained_tts_no_reference_audio,cpu,offline_text_only_vits2_weights_only_fixed_profile,22050,wav,language_provenance=intended_input_text_only;literal_source_text_sha256=53bafb5c6a31c9014955f27b8be737704004daa919a4b8337675dd89943507ba;upstream_tokenizer_dropped_characters=none;rng_seed=sha256_literal_source_text,53bafb5c6a31c901,2026-08-13T13:30:00+05:00
stage_d_ru_dialogs_vits2_masha_neutral_v1:57dc98307fcd7cf77839,raw/stage_d_ru_dialogs_vits2_masha_neutral_v1/slices/frozen_common_voice_73/beca1be2bdd8497e7d53-670423c224ca.wav,e86a335eb7f1a02b006bb1d6d74353bc843c1b3af900d78c75689d726d451686,test,spoof,ru,false,stage_d_ru_dialogs_vits2_masha_neutral_v1:fixed-profile:dialogs_ru_vits2:Masha:neutral,stage_d_ru_dialogs_vits2_masha_neutral_v1,Common Voice RU CC0-1.0; Dialogs-RU model card OpenRAIL declaration; Dialogs dataset OpenRAIL license,Offline literal-text-only derivative of common_voice_ru_v24 text edcae177e9fc9790f81344769b0ae6dfc0bfb87fa82dd3bcdc8ee100c15b3087; Dialogs-RU model card OpenRAIL declaration; Dialogs dataset OpenRAIL license revision e25ba617b2b56bd1dbf255d3905c51bd8da3d31f explicitly covers models trained on the dataset and their outputs; permitted for the project's personal-research scope subject to its use restrictions; fixed Masha/neutral profile; no reference audio or voice cloning; upstream basic cleaner only; language provenance is intended input text until acoustic review; tokenizer_dropped_characters=none,stage_d_ru_dialogs_vits2_masha_neutral_v1:synthetic-profile:dialogs_ru_vits2:Masha:neutral,edcae177e9fc9790f81344769b0ae6dfc0bfb87fa82dd3bcdc8ee100c15b3087,670423c224caba8d700ffa8eec4c1e40280c0a31aeff53861f04637d042df53f,2.449705215419501,vits2_emotion_conditioned_tts,Dialogs-RU Expressive Russian TTS,hf-af7eabc15d087fce701de7261190ccb747c3bc7a; checkpoint-b565b7b5311bd29102f15d2700c69ea71569605bc756fb5bb49d98afdc5e1e43; weights-only-wrapper-188ed0e0d2a8db916160b75f51462cf59fe24bce60a919e88fedd7fa76846c71,dialogs_ru_vits2_masha_neutral:dialogs_ru_vits2:Masha:neutral,not_applicable:fixed_pretrained_tts_no_reference_audio,cpu,offline_text_only_vits2_weights_only_fixed_profile,22050,wav,language_provenance=intended_input_text_only;literal_source_text_sha256=670423c224caba8d700ffa8eec4c1e40280c0a31aeff53861f04637d042df53f;upstream_tokenizer_dropped_characters=none;rng_seed=sha256_literal_source_text,670423c224caba8d,2026-08-13T13:30:00+05:00
stage_d_ru_dialogs_vits2_masha_neutral_v1:14d2a78b1fb0aa2f885e,raw/stage_d_ru_dialogs_vits2_masha_neutral_v1/slices/frozen_common_voice_73/3b1e9cc6da5c95118546-177d223cd941.wav,f6b5213d27321790d2c589ff6b10bc4696271a6c5241b7e7cfa9eab972cd4d92,test,spoof,ru,false,stage_d_ru_dialogs_vits2_masha_neutral_v1:fixed-profile:dialogs_ru_vits2:Masha:neutral,stage_d_ru_dialogs_vits2_masha_neutral_v1,Common Voice RU CC0-1.0; Dialogs-RU model card OpenRAIL declaration; Dialogs dataset OpenRAIL license,Offline literal-text-only derivative of common_voice_ru_v24 text 20e91f7f7cb524765c500e56d8716e57404d145bf61c821d1436881676d3394b; Dialogs-RU model card OpenRAIL declaration; Dialogs dataset OpenRAIL license revision e25ba617b2b56bd1dbf255d3905c51bd8da3d31f explicitly covers models trained on the dataset and their outputs; permitted for the project's personal-research scope subject to its use restrictions; fixed Masha/neutral profile; no reference audio or voice cloning; upstream basic cleaner only; language provenance is intended input text until acoustic review; tokenizer_dropped_characters=none,stage_d_ru_dialogs_vits2_masha_neutral_v1:synthetic-profile:dialogs_ru_vits2:Masha:neutral,20e91f7f7cb524765c500e56d8716e57404d145bf61c821d1436881676d3394b,177d223cd941f61ed2aab646619c86bf2fb35cdc3b25b9a62bcaf5301e865012,3.5874829931972787,vits2_emotion_conditioned_tts,Dialogs-RU Expressive Russian TTS,hf-af7eabc15d087fce701de7261190ccb747c3bc7a; checkpoint-b565b7b5311bd29102f15d2700c69ea71569605bc756fb5bb49d98afdc5e1e43; weights-only-wrapper-188ed0e0d2a8db916160b75f51462cf59fe24bce60a919e88fedd7fa76846c71,dialogs_ru_vits2_masha_neutral:dialogs_ru_vits2:Masha:neutral,not_applicable:fixed_pretrained_tts_no_reference_audio,cpu,offline_text_only_vits2_weights_only_fixed_profile,22050,wav,language_provenance=intended_input_text_only;literal_source_text_sha256=177d223cd941f61ed2aab646619c86bf2fb35cdc3b25b9a62bcaf5301e865012;upstream_tokenizer_dropped_characters=none;rng_seed=sha256_literal_source_text,177d223cd941f61e,2026-08-13T13:30:00+05:00
stage_d_ru_dialogs_vits2_masha_neutral_v1:c36932e188cf386fc357,raw/stage_d_ru_dialogs_vits2_masha_neutral_v1/slices/frozen_common_voice_73/eddadbb5257197950dd3-107acc650089.wav,dc40e0d38386a75d6e9b84e6c394a5f34af48bf45e85f197d94577fd4404e972,test,spoof,ru,false,stage_d_ru_dialogs_vits2_masha_neutral_v1:fixed-profile:dialogs_ru_vits2:Masha:neutral,stage_d_ru_dialogs_vits2_masha_neutral_v1,Common Voice RU CC0-1.0; Dialogs-RU model card OpenRAIL declaration; Dialogs dataset OpenRAIL license,Offline literal-text-only derivative of common_voice_ru_v24 text cbfee2978304abbc4ffaeecece9565db171d3f8abbea0bbca3eb23c919df3074; Dialogs-RU model card OpenRAIL declaration; Dialogs dataset OpenRAIL license revision e25ba617b2b56bd1dbf255d3905c51bd8da3d31f explicitly covers models trained on the dataset and their outputs; permitted for the project's personal-research scope subject to its use restrictions; fixed Masha/neutral profile; no reference audio or voice cloning; upstream basic cleaner only; language provenance is intended input text until acoustic review; tokenizer_dropped_characters=none,stage_d_ru_dialogs_vits2_masha_neutral_v1:synthetic-profile:dialogs_ru_vits2:Masha:neutral,cbfee2978304abbc4ffaeecece9565db171d3f8abbea0bbca3eb23c919df3074,107acc650089d0cd04413544f3c9ea039951d38533a7ec3c806fd37075ff8121,1.0448979591836736,vits2_emotion_conditioned_tts,Dialogs-RU Expressive Russian TTS,hf-af7eabc15d087fce701de7261190ccb747c3bc7a; checkpoint-b565b7b5311bd29102f15d2700c69ea71569605bc756fb5bb49d98afdc5e1e43; weights-only-wrapper-188ed0e0d2a8db916160b75f51462cf59fe24bce60a919e88fedd7fa76846c71,dialogs_ru_vits2_masha_neutral:dialogs_ru_vits2:Masha:neutral,not_applicable:fixed_pretrained_tts_no_reference_audio,cpu,offline_text_only_vits2_weights_only_fixed_profile,22050,wav,language_provenance=intended_input_text_only;literal_source_text_sha256=107acc650089d0cd04413544f3c9ea039951d38533a7ec3c806fd37075ff8121;upstream_tokenizer_dropped_characters=none;rng_seed=sha256_literal_source_text,107acc650089d0cd,2026-08-13T13:30:00+05:00
stage_d_ru_dialogs_vits2_masha_neutral_v1:8321f5984716b35b7edb,raw/stage_d_ru_dialogs_vits2_masha_neutral_v1/slices/frozen_common_voice_73/820b245a2ff2898001cd-feb149d1ef05.wav,a32be89505ce6c232a0bd3b94d643cc6569dd54cf7292f54866d77ab3999c61f,test,spoof,ru,false,stage_d_ru_dialogs_vits2_masha_neutral_v1:fixed-profile:dialogs_ru_vits2:Masha:neutral,stage_d_ru_dialogs_vits2_masha_neutral_v1,Common Voice RU CC0-1.0; Dialogs-RU model card OpenRAIL declaration; Dialogs dataset OpenRAIL license,Offline literal-text-only derivative of common_voice_ru_v24 text 47c6ac002570993d7ee50e81ab9a98d33fd8cdd54828b9c64af25256a82789e2; Dialogs-RU model card OpenRAIL declaration; Dialogs dataset OpenRAIL license revision e25ba617b2b56bd1dbf255d3905c51bd8da3d31f explicitly covers models trained on the dataset and their outputs; permitted for the project's personal-research scope subject to its use restrictions; fixed Masha/neutral profile; no reference audio or voice cloning; upstream basic cleaner only; language provenance is intended input text until acoustic review; tokenizer_dropped_characters=—,stage_d_ru_dialogs_vits2_masha_neutral_v1:synthetic-profile:dialogs_ru_vits2:Masha:neutral,47c6ac002570993d7ee50e81ab9a98d33fd8cdd54828b9c64af25256a82789e2,feb149d1ef05a7b91d01daf233b671f0a3f863169cb85155113e7e3d05fdad66,3.01859410430839,vits2_emotion_conditioned_tts,Dialogs-RU Expressive Russian TTS,hf-af7eabc15d087fce701de7261190ccb747c3bc7a; checkpoint-b565b7b5311bd29102f15d2700c69ea71569605bc756fb5bb49d98afdc5e1e43; weights-only-wrapper-188ed0e0d2a8db916160b75f51462cf59fe24bce60a919e88fedd7fa76846c71,dialogs_ru_vits2_masha_neutral:dialogs_ru_vits2:Masha:neutral,not_applicable:fixed_pretrained_tts_no_reference_audio,cpu,offline_text_only_vits2_weights_only_fixed_profile,22050,wav,language_provenance=intended_input_text_only;literal_source_text_sha256=feb149d1ef05a7b91d01daf233b671f0a3f863169cb85155113e7e3d05fdad66;upstream_tokenizer_dropped_characters=—;rng_seed=sha256_literal_source_text,feb149d1ef05a7b9,2026-08-13T13:30:00+05:00
stage_d_ru_dialogs_vits2_masha_neutral_v1:3ce859b46bf994a2e6fd,raw/stage_d_ru_dialogs_vits2_masha_neutral_v1/slices/frozen_common_voice_73/cc96f559a35bb294f5aa-83b36c979057.wav,30f6d59e7a6e515108cdc0eee8600fd4973b143fb1d8a138cb19633d733e137f,test,spoof,ru,false,stage_d_ru_dialogs_vits2_masha_neutral_v1:fixed-profile:dialogs_ru_vits2:Masha:neutral,stage_d_ru_dialogs_vits2_masha_neutral_v1,Common Voice RU CC0-1.0; Dialogs-RU model card OpenRAIL declaration; Dialogs dataset OpenRAIL license,Offline literal-text-only derivative of common_voice_ru_v24 text be17aa68958d54f6113e21cfbb6e95a10840b191c655c88a83373649b63e8616; Dialogs-RU model card OpenRAIL declaration; Dialogs dataset OpenRAIL license revision e25ba617b2b56bd1dbf255d3905c51bd8da3d31f explicitly covers models trained on the dataset and their outputs; permitted for the project's personal-research scope subject to its use restrictions; fixed Masha/neutral profile; no reference audio or voice cloning; upstream basic cleaner only; language provenance is intended input text until acoustic review; tokenizer_dropped_characters=none,stage_d_ru_dialogs_vits2_masha_neutral_v1:synthetic-profile:dialogs_ru_vits2:Masha:neutral,be17aa68958d54f6113e21cfbb6e95a10840b191c655c88a83373649b63e8616,83b36c97905767beaa053fb8514a1f6fded0f792896b6eb56a2a7fb3f497d7aa,1.7647165532879818,vits2_emotion_conditioned_tts,Dialogs-RU Expressive Russian TTS,hf-af7eabc15d087fce701de7261190ccb747c3bc7a; checkpoint-b565b7b5311bd29102f15d2700c69ea71569605bc756fb5bb49d98afdc5e1e43; weights-only-wrapper-188ed0e0d2a8db916160b75f51462cf59fe24bce60a919e88fedd7fa76846c71,dialogs_ru_vits2_masha_neutral:dialogs_ru_vits2:Masha:neutral,not_applicable:fixed_pretrained_tts_no_reference_audio,cpu,offline_text_only_vits2_weights_only_fixed_profile,22050,wav,language_provenance=intended_input_text_only;literal_source_text_sha256=83b36c97905767beaa053fb8514a1f6fded0f792896b6eb56a2a7fb3f497d7aa;upstream_tokenizer_dropped_characters=none;rng_seed=sha256_literal_source_text,83b36c97905767be,2026-08-13T13:30:00+05:00
stage_d_ru_dialogs_vits2_masha_neutral_v1:bf4514efd7c4a611e63f,raw/stage_d_ru_dialogs_vits2_masha_neutral_v1/slices/frozen_common_voice_73/d792c2fe872a320ccc69-548cbd72ad38.wav,c3b5f1fbd00e4681ba97f3ca4ec82aab5ee35f49a21742d46ef8e51f0a09acb5,test,spoof,ru,false,stage_d_ru_dialogs_vits2_masha_neutral_v1:fixed-profile:dialogs_ru_vits2:Masha:neutral,stage_d_ru_dialogs_vits2_masha_neutral_v1,Common Voice RU CC0-1.0; Dialogs-RU model card OpenRAIL declaration; Dialogs dataset OpenRAIL license,Offline literal-text-only derivative of common_voice_ru_v24 text 5c532e7b52fffa1def2a6e02d4e1b60cbc7f0d09db1d0e6fa46c6a26a30c9893; Dialogs-RU model card OpenRAIL declaration; Dialogs dataset OpenRAIL license revision e25ba617b2b56bd1dbf255d3905c51bd8da3d31f explicitly covers models trained on the dataset and their outputs; permitted for the project's personal-research scope subject to its use restrictions; fixed Masha/neutral profile; no reference audio or voice cloning; upstream basic cleaner only; language provenance is intended input text until acoustic review; tokenizer_dropped_characters=none,stage_d_ru_dialogs_vits2_masha_neutral_v1:synthetic-profile:dialogs_ru_vits2:Masha:neutral,5c532e7b52fffa1def2a6e02d4e1b60cbc7f0d09db1d0e6fa46c6a26a30c9893,548cbd72ad38d4271641a2ad6628d2cda67ae3fac465dd03924c03c541bfcb21,2.449705215419501,vits2_emotion_conditioned_tts,Dialogs-RU Expressive Russian TTS,hf-af7eabc15d087fce701de7261190ccb747c3bc7a; checkpoint-b565b7b5311bd29102f15d2700c69ea71569605bc756fb5bb49d98afdc5e1e43; weights-only-wrapper-188ed0e0d2a8db916160b75f51462cf59fe24bce60a919e88fedd7fa76846c71,dialogs_ru_vits2_masha_neutral:dialogs_ru_vits2:Masha:neutral,not_applicable:fixed_pretrained_tts_no_reference_audio,cpu,offline_text_only_vits2_weights_only_fixed_profile,22050,wav,language_provenance=intended_input_text_only;literal_source_text_sha256=548cbd72ad38d4271641a2ad6628d2cda67ae3fac465dd03924c03c541bfcb21;upstream_tokenizer_dropped_characters=none;rng_seed=sha256_literal_source_text,548cbd72ad38d427,2026-08-13T13:30:00+05:00
stage_d_ru_dialogs_vits2_masha_neutral_v1:4d14b3319d0fab89fd8d,raw/stage_d_ru_dialogs_vits2_masha_neutral_v1/slices/frozen_common_voice_73/497b17cb84544320ca06-1d4662357af9.wav,59eede8c317e9db856884c9780ad81be9fbeb3ec9df1a6153a68856aa38a1d1d,test,spoof,ru,false,stage_d_ru_dialogs_vits2_masha_neutral_v1:fixed-profile:dialogs_ru_vits2:Masha:neutral,stage_d_ru_dialogs_vits2_masha_neutral_v1,Common Voice RU CC0-1.0; Dialogs-RU model card OpenRAIL declaration; Dialogs dataset OpenRAIL license,Offline literal-text-only derivative of common_voice_ru_v24 text 9cb259cebbe1e343bdbebd18348befb046e909ddf7066664e81dce1a3e532323; Dialogs-RU model card OpenRAIL declaration; Dialogs dataset OpenRAIL license revision e25ba617b2b56bd1dbf255d3905c51bd8da3d31f explicitly covers models trained on the dataset and their outputs; permitted for the project's personal-research scope subject to its use restrictions; fixed Masha/neutral profile; no reference audio or voice cloning; upstream basic cleaner only; language provenance is intended input text until acoustic review; tokenizer_dropped_characters=none,stage_d_ru_dialogs_vits2_masha_neutral_v1:synthetic-profile:dialogs_ru_vits2:Masha:neutral,9cb259cebbe1e343bdbebd18348befb046e909ddf7066664e81dce1a3e532323,1d4662357af932426cf59f806702de5e18e5ac7e65c611510fe7ae43ca38d6d2,2.7980045351473923,vits2_emotion_conditioned_tts,Dialogs-RU Expressive Russian TTS,hf-af7eabc15d087fce701de7261190ccb747c3bc7a; checkpoint-b565b7b5311bd29102f15d2700c69ea71569605bc756fb5bb49d98afdc5e1e43; weights-only-wrapper-188ed0e0d2a8db916160b75f51462cf59fe24bce60a919e88fedd7fa76846c71,dialogs_ru_vits2_masha_neutral:dialogs_ru_vits2:Masha:neutral,not_applicable:fixed_pretrained_tts_no_reference_audio,cpu,offline_text_only_vits2_weights_only_fixed_profile,22050,wav,language_provenance=intended_input_text_only;literal_source_text_sha256=1d4662357af932426cf59f806702de5e18e5ac7e65c611510fe7ae43ca38d6d2;upstream_tokenizer_dropped_characters=none;rng_seed=sha256_literal_source_text,1d4662357af93242,2026-08-13T13:30:00+05:00
stage_d_ru_dialogs_vits2_masha_neutral_v1:9e72700b8b9e583ec8b8,raw/stage_d_ru_dialogs_vits2_masha_neutral_v1/slices/frozen_common_voice_73/315e97455dfacc8cf6ce-66cc280a72ca.wav,8ad2ffe2e2898655e3c9d4aa413a621618bd7c72a37a912f366139d2eacf1f35,test,spoof,ru,false,stage_d_ru_dialogs_vits2_masha_neutral_v1:fixed-profile:dialogs_ru_vits2:Masha:neutral,stage_d_ru_dialogs_vits2_masha_neutral_v1,Common Voice RU CC0-1.0; Dialogs-RU model card OpenRAIL declaration; Dialogs dataset OpenRAIL license,Offline literal-text-only derivative of common_voice_ru_v24 text e211f0cd53241093e9fa6bb55c582e0071c9bb5ad2c9c3adf25f661f5083c52b; Dialogs-RU model card OpenRAIL declaration; Dialogs dataset OpenRAIL license revision e25ba617b2b56bd1dbf255d3905c51bd8da3d31f explicitly covers models trained on the dataset and their outputs; permitted for the project's personal-research scope subject to its use restrictions; fixed Masha/neutral profile; no reference audio or voice cloning; upstream basic cleaner only; language provenance is intended input text until acoustic review; tokenizer_dropped_characters=none,stage_d_ru_dialogs_vits2_masha_neutral_v1:synthetic-profile:dialogs_ru_vits2:Masha:neutral,e211f0cd53241093e9fa6bb55c582e0071c9bb5ad2c9c3adf25f661f5083c52b,66cc280a72caac040fd3e82129cfd4fc9411e8bab4bf39478752b76794198d6a,2.9257142857142857,vits2_emotion_conditioned_tts,Dialogs-RU Expressive Russian TTS,hf-af7eabc15d087fce701de7261190ccb747c3bc7a; checkpoint-b565b7b5311bd29102f15d2700c69ea71569605bc756fb5bb49d98afdc5e1e43; weights-only-wrapper-188ed0e0d2a8db916160b75f51462cf59fe24bce60a919e88fedd7fa76846c71,dialogs_ru_vits2_masha_neutral:dialogs_ru_vits2:Masha:neutral,not_applicable:fixed_pretrained_tts_no_reference_audio,cpu,offline_text_only_vits2_weights_only_fixed_profile,22050,wav,language_provenance=intended_input_text_only;literal_source_text_sha256=66cc280a72caac040fd3e82129cfd4fc9411e8bab4bf39478752b76794198d6a;upstream_tokenizer_dropped_characters=none;rng_seed=sha256_literal_source_text,66cc280a72caac04,2026-08-13T13:30:00+05:00
stage_d_ru_dialogs_vits2_masha_neutral_v1:cd8fe1e0dfd2e6b83110,raw/stage_d_ru_dialogs_vits2_masha_neutral_v1/slices/frozen_common_voice_73/12f79464bdf45e47bf47-c6b4e6e97baa.wav,8566dff2eb2f67bb07303584e26dc06034ec72c3f12384118ffb2d6214bd04c9,test,spoof,ru,false,stage_d_ru_dialogs_vits2_masha_neutral_v1:fixed-profile:dialogs_ru_vits2:Masha:neutral,stage_d_ru_dialogs_vits2_masha_neutral_v1,Common Voice RU CC0-1.0; Dialogs-RU model card OpenRAIL declaration; Dialogs dataset OpenRAIL license,Offline literal-text-only derivative of common_voice_ru_v24 text 08463a3cf7c7411539247b6ab1e1a35f666eb6f84a006a6db8ab004852fca9a9; Dialogs-RU model card OpenRAIL declaration; Dialogs dataset OpenRAIL license revision e25ba617b2b56bd1dbf255d3905c51bd8da3d31f explicitly covers models trained on the dataset and their outputs; permitted for the project's personal-research scope subject to its use restrictions; fixed Masha/neutral profile; no reference audio or voice cloning; upstream basic cleaner only; language provenance is intended input text until acoustic review; tokenizer_dropped_characters=none,stage_d_ru_dialogs_vits2_masha_neutral_v1:synthetic-profile:dialogs_ru_vits2:Masha:neutral,08463a3cf7c7411539247b6ab1e1a35f666eb6f84a006a6db8ab004852fca9a9,c6b4e6e97baa568da0f70db833428dc2a85bbd872fe56ba9d5ad168e19bb22c0,1.4512471655328798,vits2_emotion_conditioned_tts,Dialogs-RU Expressive Russian TTS,hf-af7eabc15d087fce701de7261190ccb747c3bc7a; checkpoint-b565b7b5311bd29102f15d2700c69ea71569605bc756fb5bb49d98afdc5e1e43; weights-only-wrapper-188ed0e0d2a8db916160b75f51462cf59fe24bce60a919e88fedd7fa76846c71,dialogs_ru_vits2_masha_neutral:dialogs_ru_vits2:Masha:neutral,not_applicable:fixed_pretrained_tts_no_reference_audio,cpu,offline_text_only_vits2_weights_only_fixed_profile,22050,wav,language_provenance=intended_input_text_only;literal_source_text_sha256=c6b4e6e97baa568da0f70db833428dc2a85bbd872fe56ba9d5ad168e19bb22c0;upstream_tokenizer_dropped_characters=none;rng_seed=sha256_literal_source_text,c6b4e6e97baa568d,2026-08-13T13:30:00+05:00
stage_d_ru_dialogs_vits2_masha_neutral_v1:dcc8eec45680e1557332,raw/stage_d_ru_dialogs_vits2_masha_neutral_v1/slices/frozen_common_voice_73/71cff061ff709778bc92-be324b95bb40.wav,7820a27f18caa7c0372eead5aefb589f9a77d1da2a8df16286222a0e5c719c66,test,spoof,ru,false,stage_d_ru_dialogs_vits2_masha_neutral_v1:fixed-profile:dialogs_ru_vits2:Masha:neutral,stage_d_ru_dialogs_vits2_masha_neutral_v1,Common Voice RU CC0-1.0; Dialogs-RU model card OpenRAIL declaration; Dialogs dataset OpenRAIL license,Offline literal-text-only derivative of common_voice_ru_v24 text 0a31bdc02dd380c34eacd54b0928f83528aaf3148943fdd39ca2cf4aa9c50c70; Dialogs-RU model card OpenRAIL declaration; Dialogs dataset OpenRAIL license revision e25ba617b2b56bd1dbf255d3905c51bd8da3d31f explicitly covers models trained on the dataset and their outputs; permitted for the project's personal-research scope subject to its use restrictions; fixed Masha/neutral profile; no reference audio or voice cloning; upstream basic cleaner only; language provenance is intended input text until acoustic review; tokenizer_dropped_characters=none,stage_d_ru_dialogs_vits2_masha_neutral_v1:synthetic-profile:dialogs_ru_vits2:Masha:neutral,0a31bdc02dd380c34eacd54b0928f83528aaf3148943fdd39ca2cf4aa9c50c70,be324b95bb40d1c42c3c3825a505f9872799503faeb40bbb110a9a5b85e4f08a,2.6122448979591835,vits2_emotion_conditioned_tts,Dialogs-RU Expressive Russian TTS,hf-af7eabc15d087fce701de7261190ccb747c3bc7a; checkpoint-b565b7b5311bd29102f15d2700c69ea71569605bc756fb5bb49d98afdc5e1e43; weights-only-wrapper-188ed0e0d2a8db916160b75f51462cf59fe24bce60a919e88fedd7fa76846c71,dialogs_ru_vits2_masha_neutral:dialogs_ru_vits2:Masha:neutral,not_applicable:fixed_pretrained_tts_no_reference_audio,cpu,offline_text_only_vits2_weights_only_fixed_profile,22050,wav,language_provenance=intended_input_text_only;literal_source_text_sha256=be324b95bb40d1c42c3c3825a505f9872799503faeb40bbb110a9a5b85e4f08a;upstream_tokenizer_dropped_characters=none;rng_seed=sha256_literal_source_text,be324b95bb40d1c4,2026-08-13T13:30:00+05:00
stage_d_ru_dialogs_vits2_masha_neutral_v1:18344324b237f175f871,raw/stage_d_ru_dialogs_vits2_masha_neutral_v1/slices/frozen_common_voice_73/98aa530271f1277458ed-52d2075bb8a5.wav,3aaa8d6a3c31e111219402cb9e5f29f19917d7434365e1f32ef9d881a0a17757,test,spoof,ru,false,stage_d_ru_dialogs_vits2_masha_neutral_v1:fixed-profile:dialogs_ru_vits2:Masha:neutral,stage_d_ru_dialogs_vits2_masha_neutral_v1,Common Voice RU CC0-1.0; Dialogs-RU model card OpenRAIL declaration; Dialogs dataset OpenRAIL license,Offline literal-text-only derivative of common_voice_ru_v24 text 1cbda86a44b5e217695ae02a554d2b1a508a0d6f594e924033fe6a4870f09f50; Dialogs-RU model card OpenRAIL declaration; Dialogs dataset OpenRAIL license revision e25ba617b2b56bd1dbf255d3905c51bd8da3d31f explicitly covers models trained on the dataset and their outputs; permitted for the project's personal-research scope subject to its use restrictions; fixed Masha/neutral profile; no reference audio or voice cloning; upstream basic cleaner only; language provenance is intended input text until acoustic review; tokenizer_dropped_characters=none,stage_d_ru_dialogs_vits2_masha_neutral_v1:synthetic-profile:dialogs_ru_vits2:Masha:neutral,1cbda86a44b5e217695ae02a554d2b1a508a0d6f594e924033fe6a4870f09f50,52d2075bb8a574cadc632202bad067ebd739bee4466c3ebf5e2a01aa1e0ab39c,1.822766439909297,vits2_emotion_conditioned_tts,Dialogs-RU Expressive Russian TTS,hf-af7eabc15d087fce701de7261190ccb747c3bc7a; checkpoint-b565b7b5311bd29102f15d2700c69ea71569605bc756fb5bb49d98afdc5e1e43; weights-only-wrapper-188ed0e0d2a8db916160b75f51462cf59fe24bce60a919e88fedd7fa76846c71,dialogs_ru_vits2_masha_neutral:dialogs_ru_vits2:Masha:neutral,not_applicable:fixed_pretrained_tts_no_reference_audio,cpu,offline_text_only_vits2_weights_only_fixed_profile,22050,wav,language_provenance=intended_input_text_only;literal_source_text_sha256=52d2075bb8a574cadc632202bad067ebd739bee4466c3ebf5e2a01aa1e0ab39c;upstream_tokenizer_dropped_characters=none;rng_seed=sha256_literal_source_text,52d2075bb8a574ca,2026-08-13T13:30:00+05:00
stage_d_ru_dialogs_vits2_masha_neutral_v1:0861ac28b540f36c6a39,raw/stage_d_ru_dialogs_vits2_masha_neutral_v1/slices/frozen_common_voice_73/e889fba576284dd69044-a1f0b07e7477.wav,38e8e5175f3af2559d9e761d9b4683c5471dcc93a5220f211cab52faf51e8cb9,test,spoof,ru,false,stage_d_ru_dialogs_vits2_masha_neutral_v1:fixed-profile:dialogs_ru_vits2:Masha:neutral,stage_d_ru_dialogs_vits2_masha_neutral_v1,Common Voice RU CC0-1.0; Dialogs-RU model card OpenRAIL declaration; Dialogs dataset OpenRAIL license,Offline literal-text-only derivative of common_voice_ru_v24 text 5a8f80b40b3303ba4ecd002228769c36cebbf0c45d5820ea02fad42e10a8d2cf; Dialogs-RU model card OpenRAIL declaration; Dialogs dataset OpenRAIL license revision e25ba617b2b56bd1dbf255d3905c51bd8da3d31f explicitly covers models trained on the dataset and their outputs; permitted for the project's personal-research scope subject to its use restrictions; fixed Masha/neutral profile; no reference audio or voice cloning; upstream basic cleaner only; language provenance is intended input text until acoustic review; tokenizer_dropped_characters=none,stage_d_ru_dialogs_vits2_masha_neutral_v1:synthetic-profile:dialogs_ru_vits2:Masha:neutral,5a8f80b40b3303ba4ecd002228769c36cebbf0c45d5820ea02fad42e10a8d2cf,a1f0b07e747712de8f7b7482fae7b62926fba49db7e9641ebf630865ab1c1584,4.6788208616780045,vits2_emotion_conditioned_tts,Dialogs-RU Expressive Russian TTS,hf-af7eabc15d087fce701de7261190ccb747c3bc7a; checkpoint-b565b7b5311bd29102f15d2700c69ea71569605bc756fb5bb49d98afdc5e1e43; weights-only-wrapper-188ed0e0d2a8db916160b75f51462cf59fe24bce60a919e88fedd7fa76846c71,dialogs_ru_vits2_masha_neutral:dialogs_ru_vits2:Masha:neutral,not_applicable:fixed_pretrained_tts_no_reference_audio,cpu,offline_text_only_vits2_weights_only_fixed_profile,22050,wav,language_provenance=intended_input_text_only;literal_source_text_sha256=a1f0b07e747712de8f7b7482fae7b62926fba49db7e9641ebf630865ab1c1584;upstream_tokenizer_dropped_characters=none;rng_seed=sha256_literal_source_text,a1f0b07e747712de,2026-08-13T13:30:00+05:00
stage_d_ru_dialogs_vits2_masha_neutral_v1:b8ed8ed54f8ac81bbb84,raw/stage_d_ru_dialogs_vits2_masha_neutral_v1/slices/frozen_common_voice_73/c20a6c53d9f43f7bf7ba-7bf3dc67cc74.wav,36dc81b51ce405fdcbdf8c9c1d8618fd53014d6d423d6bd866eeb3c34fd7cf56,test,spoof,ru,false,stage_d_ru_dialogs_vits2_masha_neutral_v1:fixed-profile:dialogs_ru_vits2:Masha:neutral,stage_d_ru_dialogs_vits2_masha_neutral_v1,Common Voice RU CC0-1.0; Dialogs-RU model card OpenRAIL declaration; Dialogs dataset OpenRAIL license,Offline literal-text-only derivative of common_voice_ru_v24 text 5bd7dadc1317646a271c268c4ad7f84cac04f8b255cca74c1b1634f9a148b9a9; Dialogs-RU model card OpenRAIL declaration; Dialogs dataset OpenRAIL license revision e25ba617b2b56bd1dbf255d3905c51bd8da3d31f explicitly covers models trained on the dataset and their outputs; permitted for the project's personal-research scope subject to its use restrictions; fixed Masha/neutral profile; no reference audio or voice cloning; upstream basic cleaner only; language provenance is intended input text until acoustic review; tokenizer_dropped_characters=none,stage_d_ru_dialogs_vits2_masha_neutral_v1:synthetic-profile:dialogs_ru_vits2:Masha:neutral,5bd7dadc1317646a271c268c4ad7f84cac04f8b255cca74c1b1634f9a148b9a9,7bf3dc67cc74c5985923aff44fcdd16bfb93ec971684909dbdda79fb24a75ba4,2.1942857142857144,vits2_emotion_conditioned_tts,Dialogs-RU Expressive Russian TTS,hf-af7eabc15d087fce701de7261190ccb747c3bc7a; checkpoint-b565b7b5311bd29102f15d2700c69ea71569605bc756fb5bb49d98afdc5e1e43; weights-only-wrapper-188ed0e0d2a8db916160b75f51462cf59fe24bce60a919e88fedd7fa76846c71,dialogs_ru_vits2_masha_neutral:dialogs_ru_vits2:Masha:neutral,not_applicable:fixed_pretrained_tts_no_reference_audio,cpu,offline_text_only_vits2_weights_only_fixed_profile,22050,wav,language_provenance=intended_input_text_only;literal_source_text_sha256=7bf3dc67cc74c5985923aff44fcdd16bfb93ec971684909dbdda79fb24a75ba4;upstream_tokenizer_dropped_characters=none;rng_seed=sha256_literal_source_text,7bf3dc67cc74c598,2026-08-13T13:30:00+05:00
stage_d_ru_dialogs_vits2_masha_neutral_v1:a3e5c0ff7fcf594a2ce2,raw/stage_d_ru_dialogs_vits2_masha_neutral_v1/slices/frozen_common_voice_73/d5af4cd936917a436d65-0d74ec6d7ff7.wav,dfdef9dd261bc16822b9bf928065e5452b6b50c3946a639129797d3ee0e1a6be,test,spoof,ru,false,stage_d_ru_dialogs_vits2_masha_neutral_v1:fixed-profile:dialogs_ru_vits2:Masha:neutral,stage_d_ru_dialogs_vits2_masha_neutral_v1,Common Voice RU CC0-1.0; Dialogs-RU model card OpenRAIL declaration; Dialogs dataset OpenRAIL license,Offline literal-text-only derivative of common_voice_ru_v24 text 5bd285adea030dbc14c03a34e615e2ed28ea0921245114c5db1849bb4510328b; Dialogs-RU model card OpenRAIL declaration; Dialogs dataset OpenRAIL license revision e25ba617b2b56bd1dbf255d3905c51bd8da3d31f explicitly covers models trained on the dataset and their outputs; permitted for the project's personal-research scope subject to its use restrictions; fixed Masha/neutral profile; no reference audio or voice cloning; upstream basic cleaner only; language provenance is intended input text until acoustic review; tokenizer_dropped_characters=none,stage_d_ru_dialogs_vits2_masha_neutral_v1:synthetic-profile:dialogs_ru_vits2:Masha:neutral,5bd285adea030dbc14c03a34e615e2ed28ea0921245114c5db1849bb4510328b,0d74ec6d7ff71e383e121880b8da45ad464dac2a05647f3abcdec6992b7624ac,4.748480725623582,vits2_emotion_conditioned_tts,Dialogs-RU Expressive Russian TTS,hf-af7eabc15d087fce701de7261190ccb747c3bc7a; checkpoint-b565b7b5311bd29102f15d2700c69ea71569605bc756fb5bb49d98afdc5e1e43; weights-only-wrapper-188ed0e0d2a8db916160b75f51462cf59fe24bce60a919e88fedd7fa76846c71,dialogs_ru_vits2_masha_neutral:dialogs_ru_vits2:Masha:neutral,not_applicable:fixed_pretrained_tts_no_reference_audio,cpu,offline_text_only_vits2_weights_only_fixed_profile,22050,wav,language_provenance=intended_input_text_only;literal_source_text_sha256=0d74ec6d7ff71e383e121880b8da45ad464dac2a05647f3abcdec6992b7624ac;upstream_tokenizer_dropped_characters=none;rng_seed=sha256_literal_source_text,0d74ec6d7ff71e38,2026-08-13T13:30:00+05:00
stage_d_ru_dialogs_vits2_masha_neutral_v1:703db468a0b9ce58c6a0,raw/stage_d_ru_dialogs_vits2_masha_neutral_v1/slices/frozen_common_voice_73/e8adcdf17c9b41f33b74-38e7225e3868.wav,17b15e90f56a06d481ce93b510b1cd5ec03db1a196d937a95988c8a063acbc8e,test,spoof,ru,false,stage_d_ru_dialogs_vits2_masha_neutral_v1:fixed-profile:dialogs_ru_vits2:Masha:neutral,stage_d_ru_dialogs_vits2_masha_neutral_v1,Common Voice RU CC0-1.0; Dialogs-RU model card OpenRAIL declaration; Dialogs dataset OpenRAIL license,Offline literal-text-only derivative of common_voice_ru_v24 text 65559b9ef080efd77041c8a93835713271ed11b7182dfedba449310db9b38f37; Dialogs-RU model card OpenRAIL declaration; Dialogs dataset OpenRAIL license revision e25ba617b2b56bd1dbf255d3905c51bd8da3d31f explicitly covers models trained on the dataset and their outputs; permitted for the project's personal-research scope subject to its use restrictions; fixed Masha/neutral profile; no reference audio or voice cloning; upstream basic cleaner only; language provenance is intended input text until acoustic review; tokenizer_dropped_characters=none,stage_d_ru_dialogs_vits2_masha_neutral_v1:synthetic-profile:dialogs_ru_vits2:Masha:neutral,65559b9ef080efd77041c8a93835713271ed11b7182dfedba449310db9b38f37,38e7225e38685642740eb29c3e261feb1360ebded648670774e9e295ada73a61,4.6788208616780045,vits2_emotion_conditioned_tts,Dialogs-RU Expressive Russian TTS,hf-af7eabc15d087fce701de7261190ccb747c3bc7a; checkpoint-b565b7b5311bd29102f15d2700c69ea71569605bc756fb5bb49d98afdc5e1e43; weights-only-wrapper-188ed0e0d2a8db916160b75f51462cf59fe24bce60a919e88fedd7fa76846c71,dialogs_ru_vits2_masha_neutral:dialogs_ru_vits2:Masha:neutral,not_applicable:fixed_pretrained_tts_no_reference_audio,cpu,offline_text_only_vits2_weights_only_fixed_profile,22050,wav,language_provenance=intended_input_text_only;literal_source_text_sha256=38e7225e38685642740eb29c3e261feb1360ebded648670774e9e295ada73a61;upstream_tokenizer_dropped_characters=none;rng_seed=sha256_literal_source_text,38e7225e38685642,2026-08-13T13:30:00+05:00
stage_d_ru_dialogs_vits2_masha_neutral_v1:8a1d4f35e702bf0cacb5,raw/stage_d_ru_dialogs_vits2_masha_neutral_v1/slices/frozen_common_voice_73/60de848292036e46e52c-5578a0792763.wav,109e7f4a324978c64a0051b30229292b96ce65711bd4a1f7e1ec6c264664c605,test,spoof,ru,false,stage_d_ru_dialogs_vits2_masha_neutral_v1:fixed-profile:dialogs_ru_vits2:Masha:neutral,stage_d_ru_dialogs_vits2_masha_neutral_v1,Common Voice RU CC0-1.0; Dialogs-RU model card OpenRAIL declaration; Dialogs dataset OpenRAIL license,Offline literal-text-only derivative of common_voice_ru_v24 text 88ab7ad4614da2938ebc964e0e7ebf336b38d2304220d0f2b8a7e5a96f09edc8; Dialogs-RU model card OpenRAIL declaration; Dialogs dataset OpenRAIL license revision e25ba617b2b56bd1dbf255d3905c51bd8da3d31f explicitly covers models trained on the dataset and their outputs; permitted for the project's personal-research scope subject to its use restrictions; fixed Masha/neutral profile; no reference audio or voice cloning; upstream basic cleaner only; language provenance is intended input text until acoustic review; tokenizer_dropped_characters=–,stage_d_ru_dialogs_vits2_masha_neutral_v1:synthetic-profile:dialogs_ru_vits2:Masha:neutral,88ab7ad4614da2938ebc964e0e7ebf336b38d2304220d0f2b8a7e5a96f09edc8,5578a0792763725649d85d908e18878a4abe573fc3c21ca96d63d82dd63b6227,3.332063492063492,vits2_emotion_conditioned_tts,Dialogs-RU Expressive Russian TTS,hf-af7eabc15d087fce701de7261190ccb747c3bc7a; checkpoint-b565b7b5311bd29102f15d2700c69ea71569605bc756fb5bb49d98afdc5e1e43; weights-only-wrapper-188ed0e0d2a8db916160b75f51462cf59fe24bce60a919e88fedd7fa76846c71,dialogs_ru_vits2_masha_neutral:dialogs_ru_vits2:Masha:neutral,not_applicable:fixed_pretrained_tts_no_reference_audio,cpu,offline_text_only_vits2_weights_only_fixed_profile,22050,wav,language_provenance=intended_input_text_only;literal_source_text_sha256=5578a0792763725649d85d908e18878a4abe573fc3c21ca96d63d82dd63b6227;upstream_tokenizer_dropped_characters=–;rng_seed=sha256_literal_source_text,5578a07927637256,2026-08-13T13:30:00+05:00
stage_d_ru_dialogs_vits2_masha_neutral_v1:1603983ab86a3248e468,raw/stage_d_ru_dialogs_vits2_masha_neutral_v1/slices/frozen_common_voice_73/5126a39bcca38ce8bea3-3b2fa566fc36.wav,f9d31e64ae198ee8a03d5c765dbaef61551ec601454addb5d65340c826644378,test,spoof,ru,false,stage_d_ru_dialogs_vits2_masha_neutral_v1:fixed-profile:dialogs_ru_vits2:Masha:neutral,stage_d_ru_dialogs_vits2_masha_neutral_v1,Common Voice RU CC0-1.0; Dialogs-RU model card OpenRAIL declaration; Dialogs dataset OpenRAIL license,Offline literal-text-only derivative of common_voice_ru_v24 text a1923a3114681b6d29b4fb68c58e1a827cd7f75cf7149abb1dbaa61f889c026f; Dialogs-RU model card OpenRAIL declaration; Dialogs dataset OpenRAIL license revision e25ba617b2b56bd1dbf255d3905c51bd8da3d31f explicitly covers models trained on the dataset and their outputs; permitted for the project's personal-research scope subject to its use restrictions; fixed Masha/neutral profile; no reference audio or voice cloning; upstream basic cleaner only; language provenance is intended input text until acoustic review; tokenizer_dropped_characters=none,stage_d_ru_dialogs_vits2_masha_neutral_v1:synthetic-profile:dialogs_ru_vits2:Masha:neutral,a1923a3114681b6d29b4fb68c58e1a827cd7f75cf7149abb1dbaa61f889c026f,3b2fa566fc3661a1137114b76dae1437913c58211174f800c05bbb97c6941d6f,3.5526530612244898,vits2_emotion_conditioned_tts,Dialogs-RU Expressive Russian TTS,hf-af7eabc15d087fce701de7261190ccb747c3bc7a; checkpoint-b565b7b5311bd29102f15d2700c69ea71569605bc756fb5bb49d98afdc5e1e43; weights-only-wrapper-188ed0e0d2a8db916160b75f51462cf59fe24bce60a919e88fedd7fa76846c71,dialogs_ru_vits2_masha_neutral:dialogs_ru_vits2:Masha:neutral,not_applicable:fixed_pretrained_tts_no_reference_audio,cpu,offline_text_only_vits2_weights_only_fixed_profile,22050,wav,language_provenance=intended_input_text_only;literal_source_text_sha256=3b2fa566fc3661a1137114b76dae1437913c58211174f800c05bbb97c6941d6f;upstream_tokenizer_dropped_characters=none;rng_seed=sha256_literal_source_text,3b2fa566fc3661a1,2026-08-13T13:30:00+05:00
stage_d_ru_dialogs_vits2_masha_neutral_v1:f17c350afa26366a9149,raw/stage_d_ru_dialogs_vits2_masha_neutral_v1/slices/frozen_common_voice_73/0f96fc2d15864007581d-85bd446efecb.wav,771c926bda3f6263ffc8aa3010f2954ad12b1f9f18298bb9b4809bf6067daf17,test,spoof,ru,false,stage_d_ru_dialogs_vits2_masha_neutral_v1:fixed-profile:dialogs_ru_vits2:Masha:neutral,stage_d_ru_dialogs_vits2_masha_neutral_v1,Common Voice RU CC0-1.0; Dialogs-RU model card OpenRAIL declaration; Dialogs dataset OpenRAIL license,Offline literal-text-only derivative of common_voice_ru_v24 text bc0284f5067f1e5cfa3f6e1728c069410c9bcc0b1536ac21922b2ef4a16b34d2; Dialogs-RU model card OpenRAIL declaration; Dialogs dataset OpenRAIL license revision e25ba617b2b56bd1dbf255d3905c51bd8da3d31f explicitly covers models trained on the dataset and their outputs; permitted for the project's personal-research scope subject to its use restrictions; fixed Masha/neutral profile; no reference audio or voice cloning; upstream basic cleaner only; language provenance is intended input text until acoustic review; tokenizer_dropped_characters=none,stage_d_ru_dialogs_vits2_masha_neutral_v1:synthetic-profile:dialogs_ru_vits2:Masha:neutral,bc0284f5067f1e5cfa3f6e1728c069410c9bcc0b1536ac21922b2ef4a16b34d2,85bd446efecb453050a6a19d87c1e3c493a13755c1373d57eb04a678d948ebe9,3.7500226757369615,vits2_emotion_conditioned_tts,Dialogs-RU Expressive Russian TTS,hf-af7eabc15d087fce701de7261190ccb747c3bc7a; checkpoint-b565b7b5311bd29102f15d2700c69ea71569605bc756fb5bb49d98afdc5e1e43; weights-only-wrapper-188ed0e0d2a8db916160b75f51462cf59fe24bce60a919e88fedd7fa76846c71,dialogs_ru_vits2_masha_neutral:dialogs_ru_vits2:Masha:neutral,not_applicable:fixed_pretrained_tts_no_reference_audio,cpu,offline_text_only_vits2_weights_only_fixed_profile,22050,wav,language_provenance=intended_input_text_only;literal_source_text_sha256=85bd446efecb453050a6a19d87c1e3c493a13755c1373d57eb04a678d948ebe9;upstream_tokenizer_dropped_characters=none;rng_seed=sha256_literal_source_text,85bd446efecb4530,2026-08-13T13:30:00+05:00
stage_d_ru_dialogs_vits2_masha_neutral_v1:6ad4f8e2d391e33a2dcf,raw/stage_d_ru_dialogs_vits2_masha_neutral_v1/slices/frozen_common_voice_73/e462f71e9e4263578edf-b3eaf7451020.wav,0fe87e5f06739fbd0bdaab734325d16c91b5a0a16465acbf6c786b2d64e3797c,test,spoof,ru,false,stage_d_ru_dialogs_vits2_masha_neutral_v1:fixed-profile:dialogs_ru_vits2:Masha:neutral,stage_d_ru_dialogs_vits2_masha_neutral_v1,Common Voice RU CC0-1.0; Dialogs-RU model card OpenRAIL declaration; Dialogs dataset OpenRAIL license,Offline literal-text-only derivative of common_voice_ru_v24 text cb9474ea2d81a27a725d11dcdc3e94549a3ef0b64918f1a5fee2e0db54982022; Dialogs-RU model card OpenRAIL declaration; Dialogs dataset OpenRAIL license revision e25ba617b2b56bd1dbf255d3905c51bd8da3d31f explicitly covers models trained on the dataset and their outputs; permitted for the project's personal-research scope subject to its use restrictions; fixed Masha/neutral profile; no reference audio or voice cloning; upstream basic cleaner only; language provenance is intended input text until acoustic review; tokenizer_dropped_characters=none,stage_d_ru_dialogs_vits2_masha_neutral_v1:synthetic-profile:dialogs_ru_vits2:Masha:neutral,cb9474ea2d81a27a725d11dcdc3e94549a3ef0b64918f1a5fee2e0db54982022,b3eaf74510206a8a24fe71ae335e8a72279c9d4f91b653bf97b7e1a057cdcfa1,2.9373242630385485,vits2_emotion_conditioned_tts,Dialogs-RU Expressive Russian TTS,hf-af7eabc15d087fce701de7261190ccb747c3bc7a; checkpoint-b565b7b5311bd29102f15d2700c69ea71569605bc756fb5bb49d98afdc5e1e43; weights-only-wrapper-188ed0e0d2a8db916160b75f51462cf59fe24bce60a919e88fedd7fa76846c71,dialogs_ru_vits2_masha_neutral:dialogs_ru_vits2:Masha:neutral,not_applicable:fixed_pretrained_tts_no_reference_audio,cpu,offline_text_only_vits2_weights_only_fixed_profile,22050,wav,language_provenance=intended_input_text_only;literal_source_text_sha256=b3eaf74510206a8a24fe71ae335e8a72279c9d4f91b653bf97b7e1a057cdcfa1;upstream_tokenizer_dropped_characters=none;rng_seed=sha256_literal_source_text,b3eaf74510206a8a,2026-08-13T13:30:00+05:00
