sample_id,relative_path,sha256,split,label,language,code_switch,parent_group_id,source_name,source_license,rights_basis,speaker_pseudo_id,text_id,text_hash,duration_s,generator_family,generator_name,generator_version,voice_id,clone_consent_id,device,capture_route,original_sr,codec,augmentation_chain,augmentation_seed,created_at
voxforge_ru_mdc_qwen3_tts_customvoice_aiden_v1:8e29ae82cafb079bfeb8,raw/voxforge_ru_mdc_qwen3_tts_customvoice_aiden_v1/slices/pre_qa/059ff7359756d4943000-bbbca0513088.wav,510f6298bc695fef09b44d1610dff4095d4d5af0cc1203c18677fd2b8f46da8e,test,spoof,ru,unknown,voxforge_ru_mdc_qwen3_tts_customvoice_aiden_v1:fixed-profile:qwen3_tts_customvoice:aiden,voxforge_ru_mdc_qwen3_tts_customvoice_aiden_v1,VoxForge Russian GPL-3.0-or-later; Qwen CustomVoice/tokenizer Apache-2.0; cstr GGUF conversion Apache-2.0; CrispASR MIT,"Offline literal-text-only derivative of voxforge_ru_mdc_2026_05 text ru_0055; Apache-2.0: Qwen CustomVoice and tokenizer model cards, cstr GGUF conversion cards, and CrispASR runtime release; permitted only for this project's personal-research scope with no training, calibration, product, re-hosting, verified-speaker or speaker-independence claim; fixed documented English Aiden token; no reference audio, voice cloning, VoiceDesign or auto-download; language provenance is intended input text until acoustic/language review",voxforge_ru_mdc_qwen3_tts_customvoice_aiden_v1:synthetic-profile:qwen3_tts_customvoice:aiden,ru_0055,bbbca0513088b2174fb5c5374785740ccc8a98fd72162bc95e993716f8bc272d,10.0,qwen3_tts_customvoice_gguf,Qwen3-TTS 0.6B CustomVoice Q8_0 GGUF,talker-cstr-29094dcb46f19b0898616aa9aeb876aa9aa6e086-5227dcbc4df7c5533341d111cc469fa491a48e722b23dd10f553181b52dff2d9; codec-cstr-344e279551177654762e5c7d39e217834325f222-70dc95dbfdd9aa5d9d406236ff771d061bf17b0cda02a72513953355606e719b; crispasr-v0.8.28-99e990ae-c2413af7d5e70a166b74fe96f5afb6d7463f1414a5ac2dea7cd982da9f83f827; fixed-aiden; wrapper-f02d93fd7ee064539771a868c5033bc163bec1c94c838eb1152c52eb7eb677b7,qwen3_tts_customvoice:aiden,not_applicable:fixed_pretrained_tts_no_reference_audio,cuda:0,offline_local_gguf_qwen3_tts_customvoice_fixed_aiden,24000,wav,language_provenance=intended_input_text_only;literal_source_text_sha256=bbbca0513088b2174fb5c5374785740ccc8a98fd72162bc95e993716f8bc272d;rng_seed=3149701201;reference_audio=forbidden;voice_design=forbidden,3149701201,2026-08-13T18:35:11Z
voxforge_ru_mdc_qwen3_tts_customvoice_aiden_v1:227843c6b77722017687,raw/voxforge_ru_mdc_qwen3_tts_customvoice_aiden_v1/slices/pre_qa/bd6fd0b5d3338a6916ac-75a97bdbd3eb.wav,3f0eb3c091fffeae34e36860298f4ebc52ca65cc8b660362b29410beff530492,test,spoof,ru,unknown,voxforge_ru_mdc_qwen3_tts_customvoice_aiden_v1:fixed-profile:qwen3_tts_customvoice:aiden,voxforge_ru_mdc_qwen3_tts_customvoice_aiden_v1,VoxForge Russian GPL-3.0-or-later; Qwen CustomVoice/tokenizer Apache-2.0; cstr GGUF conversion Apache-2.0; CrispASR MIT,"Offline literal-text-only derivative of voxforge_ru_mdc_2026_05 text ru_0009; Apache-2.0: Qwen CustomVoice and tokenizer model cards, cstr GGUF conversion cards, and CrispASR runtime release; permitted only for this project's personal-research scope with no training, calibration, product, re-hosting, verified-speaker or speaker-independence claim; fixed documented English Aiden token; no reference audio, voice cloning, VoiceDesign or auto-download; language provenance is intended input text until acoustic/language review",voxforge_ru_mdc_qwen3_tts_customvoice_aiden_v1:synthetic-profile:qwen3_tts_customvoice:aiden,ru_0009,75a97bdbd3ebf02b18ddff117ae954b7ef11da546aa9ce854b5f59c98e1c2d2c,7.36,qwen3_tts_customvoice_gguf,Qwen3-TTS 0.6B CustomVoice Q8_0 GGUF,talker-cstr-29094dcb46f19b0898616aa9aeb876aa9aa6e086-5227dcbc4df7c5533341d111cc469fa491a48e722b23dd10f553181b52dff2d9; codec-cstr-344e279551177654762e5c7d39e217834325f222-70dc95dbfdd9aa5d9d406236ff771d061bf17b0cda02a72513953355606e719b; crispasr-v0.8.28-99e990ae-c2413af7d5e70a166b74fe96f5afb6d7463f1414a5ac2dea7cd982da9f83f827; fixed-aiden; wrapper-f02d93fd7ee064539771a868c5033bc163bec1c94c838eb1152c52eb7eb677b7,qwen3_tts_customvoice:aiden,not_applicable:fixed_pretrained_tts_no_reference_audio,cuda:0,offline_local_gguf_qwen3_tts_customvoice_fixed_aiden,24000,wav,language_provenance=intended_input_text_only;literal_source_text_sha256=75a97bdbd3ebf02b18ddff117ae954b7ef11da546aa9ce854b5f59c98e1c2d2c;rng_seed=1974041563;reference_audio=forbidden;voice_design=forbidden,1974041563,2026-08-13T18:35:11Z
voxforge_ru_mdc_qwen3_tts_customvoice_aiden_v1:e10c5ca3e65f1489df76,raw/voxforge_ru_mdc_qwen3_tts_customvoice_aiden_v1/slices/pre_qa/e6477d3ebfd3e50285c7-9884e454e22a.wav,15bf8781d5cb2f5bea718f213c876283432a6232842a3f3023d97f4a787389a1,test,spoof,ru,unknown,voxforge_ru_mdc_qwen3_tts_customvoice_aiden_v1:fixed-profile:qwen3_tts_customvoice:aiden,voxforge_ru_mdc_qwen3_tts_customvoice_aiden_v1,VoxForge Russian GPL-3.0-or-later; Qwen CustomVoice/tokenizer Apache-2.0; cstr GGUF conversion Apache-2.0; CrispASR MIT,"Offline literal-text-only derivative of voxforge_ru_mdc_2026_05 text ru_0062; Apache-2.0: Qwen CustomVoice and tokenizer model cards, cstr GGUF conversion cards, and CrispASR runtime release; permitted only for this project's personal-research scope with no training, calibration, product, re-hosting, verified-speaker or speaker-independence claim; fixed documented English Aiden token; no reference audio, voice cloning, VoiceDesign or auto-download; language provenance is intended input text until acoustic/language review",voxforge_ru_mdc_qwen3_tts_customvoice_aiden_v1:synthetic-profile:qwen3_tts_customvoice:aiden,ru_0062,9884e454e22a06ce7ce0ccf6e9a316d0987d5fa6b3d03e00089cf8f3fa931d98,5.04,qwen3_tts_customvoice_gguf,Qwen3-TTS 0.6B CustomVoice Q8_0 GGUF,talker-cstr-29094dcb46f19b0898616aa9aeb876aa9aa6e086-5227dcbc4df7c5533341d111cc469fa491a48e722b23dd10f553181b52dff2d9; codec-cstr-344e279551177654762e5c7d39e217834325f222-70dc95dbfdd9aa5d9d406236ff771d061bf17b0cda02a72513953355606e719b; crispasr-v0.8.28-99e990ae-c2413af7d5e70a166b74fe96f5afb6d7463f1414a5ac2dea7cd982da9f83f827; fixed-aiden; wrapper-f02d93fd7ee064539771a868c5033bc163bec1c94c838eb1152c52eb7eb677b7,qwen3_tts_customvoice:aiden,not_applicable:fixed_pretrained_tts_no_reference_audio,cuda:0,offline_local_gguf_qwen3_tts_customvoice_fixed_aiden,24000,wav,language_provenance=intended_input_text_only;literal_source_text_sha256=9884e454e22a06ce7ce0ccf6e9a316d0987d5fa6b3d03e00089cf8f3fa931d98;rng_seed=2558846036;reference_audio=forbidden;voice_design=forbidden,2558846036,2026-08-13T18:35:11Z
voxforge_ru_mdc_qwen3_tts_customvoice_aiden_v1:82a941a530ece15bf27a,raw/voxforge_ru_mdc_qwen3_tts_customvoice_aiden_v1/slices/pre_qa/5b7b4ae0d6caead5f659-e2259b7007fe.wav,834b06fadfe3620cf543e0dbc3e6d2af82cd8d0b100c90675e9094918050c07d,test,spoof,ru,unknown,voxforge_ru_mdc_qwen3_tts_customvoice_aiden_v1:fixed-profile:qwen3_tts_customvoice:aiden,voxforge_ru_mdc_qwen3_tts_customvoice_aiden_v1,VoxForge Russian GPL-3.0-or-later; Qwen CustomVoice/tokenizer Apache-2.0; cstr GGUF conversion Apache-2.0; CrispASR MIT,"Offline literal-text-only derivative of voxforge_ru_mdc_2026_05 text ru_0052; Apache-2.0: Qwen CustomVoice and tokenizer model cards, cstr GGUF conversion cards, and CrispASR runtime release; permitted only for this project's personal-research scope with no training, calibration, product, re-hosting, verified-speaker or speaker-independence claim; fixed documented English Aiden token; no reference audio, voice cloning, VoiceDesign or auto-download; language provenance is intended input text until acoustic/language review",voxforge_ru_mdc_qwen3_tts_customvoice_aiden_v1:synthetic-profile:qwen3_tts_customvoice:aiden,ru_0052,e2259b7007fef6c3106e0bd6395cedd4c1c086912fa7a17f2ce3637ba0744990,5.92,qwen3_tts_customvoice_gguf,Qwen3-TTS 0.6B CustomVoice Q8_0 GGUF,talker-cstr-29094dcb46f19b0898616aa9aeb876aa9aa6e086-5227dcbc4df7c5533341d111cc469fa491a48e722b23dd10f553181b52dff2d9; codec-cstr-344e279551177654762e5c7d39e217834325f222-70dc95dbfdd9aa5d9d406236ff771d061bf17b0cda02a72513953355606e719b; crispasr-v0.8.28-99e990ae-c2413af7d5e70a166b74fe96f5afb6d7463f1414a5ac2dea7cd982da9f83f827; fixed-aiden; wrapper-f02d93fd7ee064539771a868c5033bc163bec1c94c838eb1152c52eb7eb677b7,qwen3_tts_customvoice:aiden,not_applicable:fixed_pretrained_tts_no_reference_audio,cuda:0,offline_local_gguf_qwen3_tts_customvoice_fixed_aiden,24000,wav,language_provenance=intended_input_text_only;literal_source_text_sha256=e2259b7007fef6c3106e0bd6395cedd4c1c086912fa7a17f2ce3637ba0744990;rng_seed=3794115440;reference_audio=forbidden;voice_design=forbidden,3794115440,2026-08-13T18:35:11Z
voxforge_ru_mdc_qwen3_tts_customvoice_aiden_v1:f0cfd79e6304fb83b699,raw/voxforge_ru_mdc_qwen3_tts_customvoice_aiden_v1/slices/pre_qa/93be51a802c053c76375-933f70782c8c.wav,4d09aa5d9a4be5b5e62e9f3f6cd1f9ed371638349f418fa374c84fa90ae33679,test,spoof,ru,unknown,voxforge_ru_mdc_qwen3_tts_customvoice_aiden_v1:fixed-profile:qwen3_tts_customvoice:aiden,voxforge_ru_mdc_qwen3_tts_customvoice_aiden_v1,VoxForge Russian GPL-3.0-or-later; Qwen CustomVoice/tokenizer Apache-2.0; cstr GGUF conversion Apache-2.0; CrispASR MIT,"Offline literal-text-only derivative of voxforge_ru_mdc_2026_05 text ru_0041; Apache-2.0: Qwen CustomVoice and tokenizer model cards, cstr GGUF conversion cards, and CrispASR runtime release; permitted only for this project's personal-research scope with no training, calibration, product, re-hosting, verified-speaker or speaker-independence claim; fixed documented English Aiden token; no reference audio, voice cloning, VoiceDesign or auto-download; language provenance is intended input text until acoustic/language review",voxforge_ru_mdc_qwen3_tts_customvoice_aiden_v1:synthetic-profile:qwen3_tts_customvoice:aiden,ru_0041,933f70782c8c99fef2dfaa6959e59efd33ea928393e13121cc1936c78d0e3692,4.72,qwen3_tts_customvoice_gguf,Qwen3-TTS 0.6B CustomVoice Q8_0 GGUF,talker-cstr-29094dcb46f19b0898616aa9aeb876aa9aa6e086-5227dcbc4df7c5533341d111cc469fa491a48e722b23dd10f553181b52dff2d9; codec-cstr-344e279551177654762e5c7d39e217834325f222-70dc95dbfdd9aa5d9d406236ff771d061bf17b0cda02a72513953355606e719b; crispasr-v0.8.28-99e990ae-c2413af7d5e70a166b74fe96f5afb6d7463f1414a5ac2dea7cd982da9f83f827; fixed-aiden; wrapper-f02d93fd7ee064539771a868c5033bc163bec1c94c838eb1152c52eb7eb677b7,qwen3_tts_customvoice:aiden,not_applicable:fixed_pretrained_tts_no_reference_audio,cuda:0,offline_local_gguf_qwen3_tts_customvoice_fixed_aiden,24000,wav,language_provenance=intended_input_text_only;literal_source_text_sha256=933f70782c8c99fef2dfaa6959e59efd33ea928393e13121cc1936c78d0e3692;rng_seed=2470408312;reference_audio=forbidden;voice_design=forbidden,2470408312,2026-08-13T18:35:11Z
voxforge_ru_mdc_qwen3_tts_customvoice_aiden_v1:8d5c5906b80bdb98e8fd,raw/voxforge_ru_mdc_qwen3_tts_customvoice_aiden_v1/slices/pre_qa/3bb5ce85da39309cc65d-c5f55670a9a2.wav,1df58c55a58f4cf34a9343d093768f682a9c6d1087dbe36c1510dfe0bef374b4,test,spoof,ru,unknown,voxforge_ru_mdc_qwen3_tts_customvoice_aiden_v1:fixed-profile:qwen3_tts_customvoice:aiden,voxforge_ru_mdc_qwen3_tts_customvoice_aiden_v1,VoxForge Russian GPL-3.0-or-later; Qwen CustomVoice/tokenizer Apache-2.0; cstr GGUF conversion Apache-2.0; CrispASR MIT,"Offline literal-text-only derivative of voxforge_ru_mdc_2026_05 text ru_0003; Apache-2.0: Qwen CustomVoice and tokenizer model cards, cstr GGUF conversion cards, and CrispASR runtime release; permitted only for this project's personal-research scope with no training, calibration, product, re-hosting, verified-speaker or speaker-independence claim; fixed documented English Aiden token; no reference audio, voice cloning, VoiceDesign or auto-download; language provenance is intended input text until acoustic/language review",voxforge_ru_mdc_qwen3_tts_customvoice_aiden_v1:synthetic-profile:qwen3_tts_customvoice:aiden,ru_0003,c5f55670a9a2005d49008231c56b28d65fb15813530fe4dc549f3af0f535a727,4.4,qwen3_tts_customvoice_gguf,Qwen3-TTS 0.6B CustomVoice Q8_0 GGUF,talker-cstr-29094dcb46f19b0898616aa9aeb876aa9aa6e086-5227dcbc4df7c5533341d111cc469fa491a48e722b23dd10f553181b52dff2d9; codec-cstr-344e279551177654762e5c7d39e217834325f222-70dc95dbfdd9aa5d9d406236ff771d061bf17b0cda02a72513953355606e719b; crispasr-v0.8.28-99e990ae-c2413af7d5e70a166b74fe96f5afb6d7463f1414a5ac2dea7cd982da9f83f827; fixed-aiden; wrapper-f02d93fd7ee064539771a868c5033bc163bec1c94c838eb1152c52eb7eb677b7,qwen3_tts_customvoice:aiden,not_applicable:fixed_pretrained_tts_no_reference_audio,cuda:0,offline_local_gguf_qwen3_tts_customvoice_fixed_aiden,24000,wav,language_provenance=intended_input_text_only;literal_source_text_sha256=c5f55670a9a2005d49008231c56b28d65fb15813530fe4dc549f3af0f535a727;rng_seed=3321190000;reference_audio=forbidden;voice_design=forbidden,3321190000,2026-08-13T18:35:11Z
voxforge_ru_mdc_qwen3_tts_customvoice_aiden_v1:eec008811fc732dac863,raw/voxforge_ru_mdc_qwen3_tts_customvoice_aiden_v1/slices/pre_qa/dbce151d12ac80b06289-25a2d0b010f7.wav,0806054fe3ea4543551526c8e05342b006b07c4fe10f211bb6cffcfd35dba315,test,spoof,ru,unknown,voxforge_ru_mdc_qwen3_tts_customvoice_aiden_v1:fixed-profile:qwen3_tts_customvoice:aiden,voxforge_ru_mdc_qwen3_tts_customvoice_aiden_v1,VoxForge Russian GPL-3.0-or-later; Qwen CustomVoice/tokenizer Apache-2.0; cstr GGUF conversion Apache-2.0; CrispASR MIT,"Offline literal-text-only derivative of voxforge_ru_mdc_2026_05 text ru_0078; Apache-2.0: Qwen CustomVoice and tokenizer model cards, cstr GGUF conversion cards, and CrispASR runtime release; permitted only for this project's personal-research scope with no training, calibration, product, re-hosting, verified-speaker or speaker-independence claim; fixed documented English Aiden token; no reference audio, voice cloning, VoiceDesign or auto-download; language provenance is intended input text until acoustic/language review",voxforge_ru_mdc_qwen3_tts_customvoice_aiden_v1:synthetic-profile:qwen3_tts_customvoice:aiden,ru_0078,25a2d0b010f7bffaf8484d78ca231194697839667c1098a903bdc6cf3986c837,5.76,qwen3_tts_customvoice_gguf,Qwen3-TTS 0.6B CustomVoice Q8_0 GGUF,talker-cstr-29094dcb46f19b0898616aa9aeb876aa9aa6e086-5227dcbc4df7c5533341d111cc469fa491a48e722b23dd10f553181b52dff2d9; codec-cstr-344e279551177654762e5c7d39e217834325f222-70dc95dbfdd9aa5d9d406236ff771d061bf17b0cda02a72513953355606e719b; crispasr-v0.8.28-99e990ae-c2413af7d5e70a166b74fe96f5afb6d7463f1414a5ac2dea7cd982da9f83f827; fixed-aiden; wrapper-f02d93fd7ee064539771a868c5033bc163bec1c94c838eb1152c52eb7eb677b7,qwen3_tts_customvoice:aiden,not_applicable:fixed_pretrained_tts_no_reference_audio,cuda:0,offline_local_gguf_qwen3_tts_customvoice_fixed_aiden,24000,wav,language_provenance=intended_input_text_only;literal_source_text_sha256=25a2d0b010f7bffaf8484d78ca231194697839667c1098a903bdc6cf3986c837;rng_seed=631427248;reference_audio=forbidden;voice_design=forbidden,631427248,2026-08-13T18:35:11Z
voxforge_ru_mdc_qwen3_tts_customvoice_aiden_v1:08e42b89c2fc22cefafa,raw/voxforge_ru_mdc_qwen3_tts_customvoice_aiden_v1/slices/pre_qa/5d4fdcb0e9b37169878b-e501926c0237.wav,dd1e917c4fe21bf0cad336bfccfc5e08feccdeb01120be99a335051fd6a590a9,test,spoof,ru,unknown,voxforge_ru_mdc_qwen3_tts_customvoice_aiden_v1:fixed-profile:qwen3_tts_customvoice:aiden,voxforge_ru_mdc_qwen3_tts_customvoice_aiden_v1,VoxForge Russian GPL-3.0-or-later; Qwen CustomVoice/tokenizer Apache-2.0; cstr GGUF conversion Apache-2.0; CrispASR MIT,"Offline literal-text-only derivative of voxforge_ru_mdc_2026_05 text ru_0012; Apache-2.0: Qwen CustomVoice and tokenizer model cards, cstr GGUF conversion cards, and CrispASR runtime release; permitted only for this project's personal-research scope with no training, calibration, product, re-hosting, verified-speaker or speaker-independence claim; fixed documented English Aiden token; no reference audio, voice cloning, VoiceDesign or auto-download; language provenance is intended input text until acoustic/language review",voxforge_ru_mdc_qwen3_tts_customvoice_aiden_v1:synthetic-profile:qwen3_tts_customvoice:aiden,ru_0012,e501926c02370e6202a91c78153cc9e8ce0c6ac7887d04404834a0264f93221d,6.24,qwen3_tts_customvoice_gguf,Qwen3-TTS 0.6B CustomVoice Q8_0 GGUF,talker-cstr-29094dcb46f19b0898616aa9aeb876aa9aa6e086-5227dcbc4df7c5533341d111cc469fa491a48e722b23dd10f553181b52dff2d9; codec-cstr-344e279551177654762e5c7d39e217834325f222-70dc95dbfdd9aa5d9d406236ff771d061bf17b0cda02a72513953355606e719b; crispasr-v0.8.28-99e990ae-c2413af7d5e70a166b74fe96f5afb6d7463f1414a5ac2dea7cd982da9f83f827; fixed-aiden; wrapper-f02d93fd7ee064539771a868c5033bc163bec1c94c838eb1152c52eb7eb677b7,qwen3_tts_customvoice:aiden,not_applicable:fixed_pretrained_tts_no_reference_audio,cuda:0,offline_local_gguf_qwen3_tts_customvoice_fixed_aiden,24000,wav,language_provenance=intended_input_text_only;literal_source_text_sha256=e501926c02370e6202a91c78153cc9e8ce0c6ac7887d04404834a0264f93221d;rng_seed=3842085484;reference_audio=forbidden;voice_design=forbidden,3842085484,2026-08-13T18:35:11Z
voxforge_ru_mdc_qwen3_tts_customvoice_aiden_v1:faeff1b3814c5425bbeb,raw/voxforge_ru_mdc_qwen3_tts_customvoice_aiden_v1/slices/pre_qa/d29d500fce1dcc487cb5-27b87e5ff530.wav,59a3b1a91537de0864c66bdc917abfca76c68fcc663ee449a64e5c9950f3d6f2,test,spoof,ru,unknown,voxforge_ru_mdc_qwen3_tts_customvoice_aiden_v1:fixed-profile:qwen3_tts_customvoice:aiden,voxforge_ru_mdc_qwen3_tts_customvoice_aiden_v1,VoxForge Russian GPL-3.0-or-later; Qwen CustomVoice/tokenizer Apache-2.0; cstr GGUF conversion Apache-2.0; CrispASR MIT,"Offline literal-text-only derivative of voxforge_ru_mdc_2026_05 text ru_0084; Apache-2.0: Qwen CustomVoice and tokenizer model cards, cstr GGUF conversion cards, and CrispASR runtime release; permitted only for this project's personal-research scope with no training, calibration, product, re-hosting, verified-speaker or speaker-independence claim; fixed documented English Aiden token; no reference audio, voice cloning, VoiceDesign or auto-download; language provenance is intended input text until acoustic/language review",voxforge_ru_mdc_qwen3_tts_customvoice_aiden_v1:synthetic-profile:qwen3_tts_customvoice:aiden,ru_0084,27b87e5ff53041cef952435b211bc61ecfd6a5c91e7fb542e4e1bda0196a4f68,5.04,qwen3_tts_customvoice_gguf,Qwen3-TTS 0.6B CustomVoice Q8_0 GGUF,talker-cstr-29094dcb46f19b0898616aa9aeb876aa9aa6e086-5227dcbc4df7c5533341d111cc469fa491a48e722b23dd10f553181b52dff2d9; codec-cstr-344e279551177654762e5c7d39e217834325f222-70dc95dbfdd9aa5d9d406236ff771d061bf17b0cda02a72513953355606e719b; crispasr-v0.8.28-99e990ae-c2413af7d5e70a166b74fe96f5afb6d7463f1414a5ac2dea7cd982da9f83f827; fixed-aiden; wrapper-f02d93fd7ee064539771a868c5033bc163bec1c94c838eb1152c52eb7eb677b7,qwen3_tts_customvoice:aiden,not_applicable:fixed_pretrained_tts_no_reference_audio,cuda:0,offline_local_gguf_qwen3_tts_customvoice_fixed_aiden,24000,wav,language_provenance=intended_input_text_only;literal_source_text_sha256=27b87e5ff53041cef952435b211bc61ecfd6a5c91e7fb542e4e1bda0196a4f68;rng_seed=666402399;reference_audio=forbidden;voice_design=forbidden,666402399,2026-08-13T18:35:11Z
voxforge_ru_mdc_qwen3_tts_customvoice_aiden_v1:f17409f0ea826f55d867,raw/voxforge_ru_mdc_qwen3_tts_customvoice_aiden_v1/slices/pre_qa/1bc699faf8b12cfd9826-82e193a30845.wav,ca2ec99c5614f03d12129fd75cddd2b19adf18def96bfcce3a64527da44363a2,test,spoof,ru,unknown,voxforge_ru_mdc_qwen3_tts_customvoice_aiden_v1:fixed-profile:qwen3_tts_customvoice:aiden,voxforge_ru_mdc_qwen3_tts_customvoice_aiden_v1,VoxForge Russian GPL-3.0-or-later; Qwen CustomVoice/tokenizer Apache-2.0; cstr GGUF conversion Apache-2.0; CrispASR MIT,"Offline literal-text-only derivative of voxforge_ru_mdc_2026_05 text ru_0022; Apache-2.0: Qwen CustomVoice and tokenizer model cards, cstr GGUF conversion cards, and CrispASR runtime release; permitted only for this project's personal-research scope with no training, calibration, product, re-hosting, verified-speaker or speaker-independence claim; fixed documented English Aiden token; no reference audio, voice cloning, VoiceDesign or auto-download; language provenance is intended input text until acoustic/language review",voxforge_ru_mdc_qwen3_tts_customvoice_aiden_v1:synthetic-profile:qwen3_tts_customvoice:aiden,ru_0022,82e193a30845e7f5e6ce30cf7b7d54e3cde9ded4cf5716d45a99e99b9ca94a5c,4.48,qwen3_tts_customvoice_gguf,Qwen3-TTS 0.6B CustomVoice Q8_0 GGUF,talker-cstr-29094dcb46f19b0898616aa9aeb876aa9aa6e086-5227dcbc4df7c5533341d111cc469fa491a48e722b23dd10f553181b52dff2d9; codec-cstr-344e279551177654762e5c7d39e217834325f222-70dc95dbfdd9aa5d9d406236ff771d061bf17b0cda02a72513953355606e719b; crispasr-v0.8.28-99e990ae-c2413af7d5e70a166b74fe96f5afb6d7463f1414a5ac2dea7cd982da9f83f827; fixed-aiden; wrapper-f02d93fd7ee064539771a868c5033bc163bec1c94c838eb1152c52eb7eb677b7,qwen3_tts_customvoice:aiden,not_applicable:fixed_pretrained_tts_no_reference_audio,cuda:0,offline_local_gguf_qwen3_tts_customvoice_fixed_aiden,24000,wav,language_provenance=intended_input_text_only;literal_source_text_sha256=82e193a30845e7f5e6ce30cf7b7d54e3cde9ded4cf5716d45a99e99b9ca94a5c;rng_seed=2195821475;reference_audio=forbidden;voice_design=forbidden,2195821475,2026-08-13T18:35:11Z
voxforge_ru_mdc_qwen3_tts_customvoice_aiden_v1:d81e7c7ac0ceffc19240,raw/voxforge_ru_mdc_qwen3_tts_customvoice_aiden_v1/slices/pre_qa/801802be27b79fbec8ef-c7f27a664bf6.wav,9743126262ba5f3a7ce0f24ae1b4dfc43d12ca684b41879e15a20d849685a191,test,spoof,ru,unknown,voxforge_ru_mdc_qwen3_tts_customvoice_aiden_v1:fixed-profile:qwen3_tts_customvoice:aiden,voxforge_ru_mdc_qwen3_tts_customvoice_aiden_v1,VoxForge Russian GPL-3.0-or-later; Qwen CustomVoice/tokenizer Apache-2.0; cstr GGUF conversion Apache-2.0; CrispASR MIT,"Offline literal-text-only derivative of voxforge_ru_mdc_2026_05 text ru_0032; Apache-2.0: Qwen CustomVoice and tokenizer model cards, cstr GGUF conversion cards, and CrispASR runtime release; permitted only for this project's personal-research scope with no training, calibration, product, re-hosting, verified-speaker or speaker-independence claim; fixed documented English Aiden token; no reference audio, voice cloning, VoiceDesign or auto-download; language provenance is intended input text until acoustic/language review",voxforge_ru_mdc_qwen3_tts_customvoice_aiden_v1:synthetic-profile:qwen3_tts_customvoice:aiden,ru_0032,c7f27a664bf689206a491808c99d548552fc5c0bfe2fabc6971e653728102da3,5.6,qwen3_tts_customvoice_gguf,Qwen3-TTS 0.6B CustomVoice Q8_0 GGUF,talker-cstr-29094dcb46f19b0898616aa9aeb876aa9aa6e086-5227dcbc4df7c5533341d111cc469fa491a48e722b23dd10f553181b52dff2d9; codec-cstr-344e279551177654762e5c7d39e217834325f222-70dc95dbfdd9aa5d9d406236ff771d061bf17b0cda02a72513953355606e719b; crispasr-v0.8.28-99e990ae-c2413af7d5e70a166b74fe96f5afb6d7463f1414a5ac2dea7cd982da9f83f827; fixed-aiden; wrapper-f02d93fd7ee064539771a868c5033bc163bec1c94c838eb1152c52eb7eb677b7,qwen3_tts_customvoice:aiden,not_applicable:fixed_pretrained_tts_no_reference_audio,cuda:0,offline_local_gguf_qwen3_tts_customvoice_fixed_aiden,24000,wav,language_provenance=intended_input_text_only;literal_source_text_sha256=c7f27a664bf689206a491808c99d548552fc5c0bfe2fabc6971e653728102da3;rng_seed=3354557030;reference_audio=forbidden;voice_design=forbidden,3354557030,2026-08-13T18:35:11Z
voxforge_ru_mdc_qwen3_tts_customvoice_aiden_v1:389e8bcaa6a6ccff700e,raw/voxforge_ru_mdc_qwen3_tts_customvoice_aiden_v1/slices/pre_qa/81bf264ed77678bfd351-da308253aab9.wav,e1cf5fdabb505c933be01941d40a585e2c32d36e308b3a6c6573d3a869a70d2d,test,spoof,ru,unknown,voxforge_ru_mdc_qwen3_tts_customvoice_aiden_v1:fixed-profile:qwen3_tts_customvoice:aiden,voxforge_ru_mdc_qwen3_tts_customvoice_aiden_v1,VoxForge Russian GPL-3.0-or-later; Qwen CustomVoice/tokenizer Apache-2.0; cstr GGUF conversion Apache-2.0; CrispASR MIT,"Offline literal-text-only derivative of voxforge_ru_mdc_2026_05 text ru_0027; Apache-2.0: Qwen CustomVoice and tokenizer model cards, cstr GGUF conversion cards, and CrispASR runtime release; permitted only for this project's personal-research scope with no training, calibration, product, re-hosting, verified-speaker or speaker-independence claim; fixed documented English Aiden token; no reference audio, voice cloning, VoiceDesign or auto-download; language provenance is intended input text until acoustic/language review",voxforge_ru_mdc_qwen3_tts_customvoice_aiden_v1:synthetic-profile:qwen3_tts_customvoice:aiden,ru_0027,da308253aab90d5d753f1beacee0625a501ccae6a70e10fee426a2e475866a14,4.56,qwen3_tts_customvoice_gguf,Qwen3-TTS 0.6B CustomVoice Q8_0 GGUF,talker-cstr-29094dcb46f19b0898616aa9aeb876aa9aa6e086-5227dcbc4df7c5533341d111cc469fa491a48e722b23dd10f553181b52dff2d9; codec-cstr-344e279551177654762e5c7d39e217834325f222-70dc95dbfdd9aa5d9d406236ff771d061bf17b0cda02a72513953355606e719b; crispasr-v0.8.28-99e990ae-c2413af7d5e70a166b74fe96f5afb6d7463f1414a5ac2dea7cd982da9f83f827; fixed-aiden; wrapper-f02d93fd7ee064539771a868c5033bc163bec1c94c838eb1152c52eb7eb677b7,qwen3_tts_customvoice:aiden,not_applicable:fixed_pretrained_tts_no_reference_audio,cuda:0,offline_local_gguf_qwen3_tts_customvoice_fixed_aiden,24000,wav,language_provenance=intended_input_text_only;literal_source_text_sha256=da308253aab90d5d753f1beacee0625a501ccae6a70e10fee426a2e475866a14;rng_seed=3660612179;reference_audio=forbidden;voice_design=forbidden,3660612179,2026-08-13T18:35:11Z
voxforge_ru_mdc_qwen3_tts_customvoice_aiden_v1:8e658ed2d7fbb8618eda,raw/voxforge_ru_mdc_qwen3_tts_customvoice_aiden_v1/slices/pre_qa/b7e9fd7ebdc882fdcd17-7d4e89671802.wav,c06bb657283eae71594efcc01ae74b60aee3cffcbff61b8d048f3c3a0a73971c,test,spoof,ru,unknown,voxforge_ru_mdc_qwen3_tts_customvoice_aiden_v1:fixed-profile:qwen3_tts_customvoice:aiden,voxforge_ru_mdc_qwen3_tts_customvoice_aiden_v1,VoxForge Russian GPL-3.0-or-later; Qwen CustomVoice/tokenizer Apache-2.0; cstr GGUF conversion Apache-2.0; CrispASR MIT,"Offline literal-text-only derivative of voxforge_ru_mdc_2026_05 text ru_0014; Apache-2.0: Qwen CustomVoice and tokenizer model cards, cstr GGUF conversion cards, and CrispASR runtime release; permitted only for this project's personal-research scope with no training, calibration, product, re-hosting, verified-speaker or speaker-independence claim; fixed documented English Aiden token; no reference audio, voice cloning, VoiceDesign or auto-download; language provenance is intended input text until acoustic/language review",voxforge_ru_mdc_qwen3_tts_customvoice_aiden_v1:synthetic-profile:qwen3_tts_customvoice:aiden,ru_0014,7d4e89671802658713e39df7281f4bb22291d2f707447701bf4c10b2ff6754df,5.76,qwen3_tts_customvoice_gguf,Qwen3-TTS 0.6B CustomVoice Q8_0 GGUF,talker-cstr-29094dcb46f19b0898616aa9aeb876aa9aa6e086-5227dcbc4df7c5533341d111cc469fa491a48e722b23dd10f553181b52dff2d9; codec-cstr-344e279551177654762e5c7d39e217834325f222-70dc95dbfdd9aa5d9d406236ff771d061bf17b0cda02a72513953355606e719b; crispasr-v0.8.28-99e990ae-c2413af7d5e70a166b74fe96f5afb6d7463f1414a5ac2dea7cd982da9f83f827; fixed-aiden; wrapper-f02d93fd7ee064539771a868c5033bc163bec1c94c838eb1152c52eb7eb677b7,qwen3_tts_customvoice:aiden,not_applicable:fixed_pretrained_tts_no_reference_audio,cuda:0,offline_local_gguf_qwen3_tts_customvoice_fixed_aiden,24000,wav,language_provenance=intended_input_text_only;literal_source_text_sha256=7d4e89671802658713e39df7281f4bb22291d2f707447701bf4c10b2ff6754df;rng_seed=2102298983;reference_audio=forbidden;voice_design=forbidden,2102298983,2026-08-13T18:35:11Z
voxforge_ru_mdc_qwen3_tts_customvoice_aiden_v1:c67d8f470d0fb90d8e22,raw/voxforge_ru_mdc_qwen3_tts_customvoice_aiden_v1/slices/pre_qa/3cf5e45027ee768611fe-9f67f74f3952.wav,d9477e1f945b43c70699ff15035602ea5f21cb1ba1e0a6c42b1747c6643447db,test,spoof,ru,unknown,voxforge_ru_mdc_qwen3_tts_customvoice_aiden_v1:fixed-profile:qwen3_tts_customvoice:aiden,voxforge_ru_mdc_qwen3_tts_customvoice_aiden_v1,VoxForge Russian GPL-3.0-or-later; Qwen CustomVoice/tokenizer Apache-2.0; cstr GGUF conversion Apache-2.0; CrispASR MIT,"Offline literal-text-only derivative of voxforge_ru_mdc_2026_05 text ru_0034; Apache-2.0: Qwen CustomVoice and tokenizer model cards, cstr GGUF conversion cards, and CrispASR runtime release; permitted only for this project's personal-research scope with no training, calibration, product, re-hosting, verified-speaker or speaker-independence claim; fixed documented English Aiden token; no reference audio, voice cloning, VoiceDesign or auto-download; language provenance is intended input text until acoustic/language review",voxforge_ru_mdc_qwen3_tts_customvoice_aiden_v1:synthetic-profile:qwen3_tts_customvoice:aiden,ru_0034,9f67f74f3952768ae15d904ddb769dfa398f0e1ac789f9b6408b1f4bcda65ddf,7.28,qwen3_tts_customvoice_gguf,Qwen3-TTS 0.6B CustomVoice Q8_0 GGUF,talker-cstr-29094dcb46f19b0898616aa9aeb876aa9aa6e086-5227dcbc4df7c5533341d111cc469fa491a48e722b23dd10f553181b52dff2d9; codec-cstr-344e279551177654762e5c7d39e217834325f222-70dc95dbfdd9aa5d9d406236ff771d061bf17b0cda02a72513953355606e719b; crispasr-v0.8.28-99e990ae-c2413af7d5e70a166b74fe96f5afb6d7463f1414a5ac2dea7cd982da9f83f827; fixed-aiden; wrapper-f02d93fd7ee064539771a868c5033bc163bec1c94c838eb1152c52eb7eb677b7,qwen3_tts_customvoice:aiden,not_applicable:fixed_pretrained_tts_no_reference_audio,cuda:0,offline_local_gguf_qwen3_tts_customvoice_fixed_aiden,24000,wav,language_provenance=intended_input_text_only;literal_source_text_sha256=9f67f74f3952768ae15d904ddb769dfa398f0e1ac789f9b6408b1f4bcda65ddf;rng_seed=2674390863;reference_audio=forbidden;voice_design=forbidden,2674390863,2026-08-13T18:35:11Z
voxforge_ru_mdc_qwen3_tts_customvoice_aiden_v1:4e7f689e86b6867e8554,raw/voxforge_ru_mdc_qwen3_tts_customvoice_aiden_v1/slices/pre_qa/ddeb230556879c5d8df3-0e679c0c7629.wav,5d067e9d2fdad012688ab03ffffba829e033e1c5f6d4eeddba31ea76b284bad3,test,spoof,ru,unknown,voxforge_ru_mdc_qwen3_tts_customvoice_aiden_v1:fixed-profile:qwen3_tts_customvoice:aiden,voxforge_ru_mdc_qwen3_tts_customvoice_aiden_v1,VoxForge Russian GPL-3.0-or-later; Qwen CustomVoice/tokenizer Apache-2.0; cstr GGUF conversion Apache-2.0; CrispASR MIT,"Offline literal-text-only derivative of voxforge_ru_mdc_2026_05 text ru_0025; Apache-2.0: Qwen CustomVoice and tokenizer model cards, cstr GGUF conversion cards, and CrispASR runtime release; permitted only for this project's personal-research scope with no training, calibration, product, re-hosting, verified-speaker or speaker-independence claim; fixed documented English Aiden token; no reference audio, voice cloning, VoiceDesign or auto-download; language provenance is intended input text until acoustic/language review",voxforge_ru_mdc_qwen3_tts_customvoice_aiden_v1:synthetic-profile:qwen3_tts_customvoice:aiden,ru_0025,0e679c0c762905542b7fde0bdabaec6e88dbdc217b78fd6c624866da120db5cf,4.16,qwen3_tts_customvoice_gguf,Qwen3-TTS 0.6B CustomVoice Q8_0 GGUF,talker-cstr-29094dcb46f19b0898616aa9aeb876aa9aa6e086-5227dcbc4df7c5533341d111cc469fa491a48e722b23dd10f553181b52dff2d9; codec-cstr-344e279551177654762e5c7d39e217834325f222-70dc95dbfdd9aa5d9d406236ff771d061bf17b0cda02a72513953355606e719b; crispasr-v0.8.28-99e990ae-c2413af7d5e70a166b74fe96f5afb6d7463f1414a5ac2dea7cd982da9f83f827; fixed-aiden; wrapper-f02d93fd7ee064539771a868c5033bc163bec1c94c838eb1152c52eb7eb677b7,qwen3_tts_customvoice:aiden,not_applicable:fixed_pretrained_tts_no_reference_audio,cuda:0,offline_local_gguf_qwen3_tts_customvoice_fixed_aiden,24000,wav,language_provenance=intended_input_text_only;literal_source_text_sha256=0e679c0c762905542b7fde0bdabaec6e88dbdc217b78fd6c624866da120db5cf;rng_seed=241671180;reference_audio=forbidden;voice_design=forbidden,241671180,2026-08-13T18:35:11Z
voxforge_ru_mdc_qwen3_tts_customvoice_aiden_v1:5f1e809e8e6b71b22666,raw/voxforge_ru_mdc_qwen3_tts_customvoice_aiden_v1/slices/pre_qa/9bf7c5ff9792e0efcb42-03e27fb4aaef.wav,1ead31819d9f8c5bce1df6a4a1b7b73f8da9dd923457c197cc4285f55d0af6a3,test,spoof,ru,unknown,voxforge_ru_mdc_qwen3_tts_customvoice_aiden_v1:fixed-profile:qwen3_tts_customvoice:aiden,voxforge_ru_mdc_qwen3_tts_customvoice_aiden_v1,VoxForge Russian GPL-3.0-or-later; Qwen CustomVoice/tokenizer Apache-2.0; cstr GGUF conversion Apache-2.0; CrispASR MIT,"Offline literal-text-only derivative of voxforge_ru_mdc_2026_05 text ru_0037; Apache-2.0: Qwen CustomVoice and tokenizer model cards, cstr GGUF conversion cards, and CrispASR runtime release; permitted only for this project's personal-research scope with no training, calibration, product, re-hosting, verified-speaker or speaker-independence claim; fixed documented English Aiden token; no reference audio, voice cloning, VoiceDesign or auto-download; language provenance is intended input text until acoustic/language review",voxforge_ru_mdc_qwen3_tts_customvoice_aiden_v1:synthetic-profile:qwen3_tts_customvoice:aiden,ru_0037,03e27fb4aaef118ebde94b602a917c86d9dee8f8f0b33160ea27103fcdc81920,5.44,qwen3_tts_customvoice_gguf,Qwen3-TTS 0.6B CustomVoice Q8_0 GGUF,talker-cstr-29094dcb46f19b0898616aa9aeb876aa9aa6e086-5227dcbc4df7c5533341d111cc469fa491a48e722b23dd10f553181b52dff2d9; codec-cstr-344e279551177654762e5c7d39e217834325f222-70dc95dbfdd9aa5d9d406236ff771d061bf17b0cda02a72513953355606e719b; crispasr-v0.8.28-99e990ae-c2413af7d5e70a166b74fe96f5afb6d7463f1414a5ac2dea7cd982da9f83f827; fixed-aiden; wrapper-f02d93fd7ee064539771a868c5033bc163bec1c94c838eb1152c52eb7eb677b7,qwen3_tts_customvoice:aiden,not_applicable:fixed_pretrained_tts_no_reference_audio,cuda:0,offline_local_gguf_qwen3_tts_customvoice_fixed_aiden,24000,wav,language_provenance=intended_input_text_only;literal_source_text_sha256=03e27fb4aaef118ebde94b602a917c86d9dee8f8f0b33160ea27103fcdc81920;rng_seed=65175476;reference_audio=forbidden;voice_design=forbidden,65175476,2026-08-13T18:35:11Z
voxforge_ru_mdc_qwen3_tts_customvoice_aiden_v1:d3234788813d744de24e,raw/voxforge_ru_mdc_qwen3_tts_customvoice_aiden_v1/slices/pre_qa/1bb172b852c02c59e453-17b42c6b88db.wav,f2396789eb0e2896eda1dbc2c108a966b40136d26cf56d8b71c29d2e8fa7ef30,test,spoof,ru,unknown,voxforge_ru_mdc_qwen3_tts_customvoice_aiden_v1:fixed-profile:qwen3_tts_customvoice:aiden,voxforge_ru_mdc_qwen3_tts_customvoice_aiden_v1,VoxForge Russian GPL-3.0-or-later; Qwen CustomVoice/tokenizer Apache-2.0; cstr GGUF conversion Apache-2.0; CrispASR MIT,"Offline literal-text-only derivative of voxforge_ru_mdc_2026_05 text ru_0071; Apache-2.0: Qwen CustomVoice and tokenizer model cards, cstr GGUF conversion cards, and CrispASR runtime release; permitted only for this project's personal-research scope with no training, calibration, product, re-hosting, verified-speaker or speaker-independence claim; fixed documented English Aiden token; no reference audio, voice cloning, VoiceDesign or auto-download; language provenance is intended input text until acoustic/language review",voxforge_ru_mdc_qwen3_tts_customvoice_aiden_v1:synthetic-profile:qwen3_tts_customvoice:aiden,ru_0071,17b42c6b88dbec6781dfd75a95515ed8b5cc79d84b87c3f8514500ea95485d20,5.44,qwen3_tts_customvoice_gguf,Qwen3-TTS 0.6B CustomVoice Q8_0 GGUF,talker-cstr-29094dcb46f19b0898616aa9aeb876aa9aa6e086-5227dcbc4df7c5533341d111cc469fa491a48e722b23dd10f553181b52dff2d9; codec-cstr-344e279551177654762e5c7d39e217834325f222-70dc95dbfdd9aa5d9d406236ff771d061bf17b0cda02a72513953355606e719b; crispasr-v0.8.28-99e990ae-c2413af7d5e70a166b74fe96f5afb6d7463f1414a5ac2dea7cd982da9f83f827; fixed-aiden; wrapper-f02d93fd7ee064539771a868c5033bc163bec1c94c838eb1152c52eb7eb677b7,qwen3_tts_customvoice:aiden,not_applicable:fixed_pretrained_tts_no_reference_audio,cuda:0,offline_local_gguf_qwen3_tts_customvoice_fixed_aiden,24000,wav,language_provenance=intended_input_text_only;literal_source_text_sha256=17b42c6b88dbec6781dfd75a95515ed8b5cc79d84b87c3f8514500ea95485d20;rng_seed=397683819;reference_audio=forbidden;voice_design=forbidden,397683819,2026-08-13T18:35:11Z
voxforge_ru_mdc_qwen3_tts_customvoice_aiden_v1:af6979d1d43baf851320,raw/voxforge_ru_mdc_qwen3_tts_customvoice_aiden_v1/slices/pre_qa/be96339168d570da3602-e7dab8ad7b1a.wav,1a5737979c69dbbede8a245cc17631f708421a2ca605207cb52e9dab938ee121,test,spoof,ru,unknown,voxforge_ru_mdc_qwen3_tts_customvoice_aiden_v1:fixed-profile:qwen3_tts_customvoice:aiden,voxforge_ru_mdc_qwen3_tts_customvoice_aiden_v1,VoxForge Russian GPL-3.0-or-later; Qwen CustomVoice/tokenizer Apache-2.0; cstr GGUF conversion Apache-2.0; CrispASR MIT,"Offline literal-text-only derivative of voxforge_ru_mdc_2026_05 text ru_0001; Apache-2.0: Qwen CustomVoice and tokenizer model cards, cstr GGUF conversion cards, and CrispASR runtime release; permitted only for this project's personal-research scope with no training, calibration, product, re-hosting, verified-speaker or speaker-independence claim; fixed documented English Aiden token; no reference audio, voice cloning, VoiceDesign or auto-download; language provenance is intended input text until acoustic/language review",voxforge_ru_mdc_qwen3_tts_customvoice_aiden_v1:synthetic-profile:qwen3_tts_customvoice:aiden,ru_0001,e7dab8ad7b1ad1813e718b208879e8268ad9376e6f6fddef9d258a5af02107f2,10.16,qwen3_tts_customvoice_gguf,Qwen3-TTS 0.6B CustomVoice Q8_0 GGUF,talker-cstr-29094dcb46f19b0898616aa9aeb876aa9aa6e086-5227dcbc4df7c5533341d111cc469fa491a48e722b23dd10f553181b52dff2d9; codec-cstr-344e279551177654762e5c7d39e217834325f222-70dc95dbfdd9aa5d9d406236ff771d061bf17b0cda02a72513953355606e719b; crispasr-v0.8.28-99e990ae-c2413af7d5e70a166b74fe96f5afb6d7463f1414a5ac2dea7cd982da9f83f827; fixed-aiden; wrapper-f02d93fd7ee064539771a868c5033bc163bec1c94c838eb1152c52eb7eb677b7,qwen3_tts_customvoice:aiden,not_applicable:fixed_pretrained_tts_no_reference_audio,cuda:0,offline_local_gguf_qwen3_tts_customvoice_fixed_aiden,24000,wav,language_provenance=intended_input_text_only;literal_source_text_sha256=e7dab8ad7b1ad1813e718b208879e8268ad9376e6f6fddef9d258a5af02107f2;rng_seed=3889871021;reference_audio=forbidden;voice_design=forbidden,3889871021,2026-08-13T18:35:11Z
voxforge_ru_mdc_qwen3_tts_customvoice_aiden_v1:cbfcf502482392d16214,raw/voxforge_ru_mdc_qwen3_tts_customvoice_aiden_v1/slices/pre_qa/c1f383d5c233cb4da77e-cc903ab7c86b.wav,94c7e3669b2423c556cf6bf423104b556ff9959960e3966840c0c53dfc137bf1,test,spoof,ru,unknown,voxforge_ru_mdc_qwen3_tts_customvoice_aiden_v1:fixed-profile:qwen3_tts_customvoice:aiden,voxforge_ru_mdc_qwen3_tts_customvoice_aiden_v1,VoxForge Russian GPL-3.0-or-later; Qwen CustomVoice/tokenizer Apache-2.0; cstr GGUF conversion Apache-2.0; CrispASR MIT,"Offline literal-text-only derivative of voxforge_ru_mdc_2026_05 text ru_0051; Apache-2.0: Qwen CustomVoice and tokenizer model cards, cstr GGUF conversion cards, and CrispASR runtime release; permitted only for this project's personal-research scope with no training, calibration, product, re-hosting, verified-speaker or speaker-independence claim; fixed documented English Aiden token; no reference audio, voice cloning, VoiceDesign or auto-download; language provenance is intended input text until acoustic/language review",voxforge_ru_mdc_qwen3_tts_customvoice_aiden_v1:synthetic-profile:qwen3_tts_customvoice:aiden,ru_0051,cc903ab7c86b5c8213bf37d0de4373f2577fb1d119678409b25dc2d984901c0b,4.32,qwen3_tts_customvoice_gguf,Qwen3-TTS 0.6B CustomVoice Q8_0 GGUF,talker-cstr-29094dcb46f19b0898616aa9aeb876aa9aa6e086-5227dcbc4df7c5533341d111cc469fa491a48e722b23dd10f553181b52dff2d9; codec-cstr-344e279551177654762e5c7d39e217834325f222-70dc95dbfdd9aa5d9d406236ff771d061bf17b0cda02a72513953355606e719b; crispasr-v0.8.28-99e990ae-c2413af7d5e70a166b74fe96f5afb6d7463f1414a5ac2dea7cd982da9f83f827; fixed-aiden; wrapper-f02d93fd7ee064539771a868c5033bc163bec1c94c838eb1152c52eb7eb677b7,qwen3_tts_customvoice:aiden,not_applicable:fixed_pretrained_tts_no_reference_audio,cuda:0,offline_local_gguf_qwen3_tts_customvoice_fixed_aiden,24000,wav,language_provenance=intended_input_text_only;literal_source_text_sha256=cc903ab7c86b5c8213bf37d0de4373f2577fb1d119678409b25dc2d984901c0b;rng_seed=3432004279;reference_audio=forbidden;voice_design=forbidden,3432004279,2026-08-13T18:35:11Z
voxforge_ru_mdc_qwen3_tts_customvoice_aiden_v1:c5d51615b9eca4d7bb75,raw/voxforge_ru_mdc_qwen3_tts_customvoice_aiden_v1/slices/pre_qa/d9828b88edb498407549-7fb393ecba16.wav,bc42e92c2177ab20d016ca96629a2e0556567e8a59d2c4f7bcbd3322b34e76d3,test,spoof,ru,unknown,voxforge_ru_mdc_qwen3_tts_customvoice_aiden_v1:fixed-profile:qwen3_tts_customvoice:aiden,voxforge_ru_mdc_qwen3_tts_customvoice_aiden_v1,VoxForge Russian GPL-3.0-or-later; Qwen CustomVoice/tokenizer Apache-2.0; cstr GGUF conversion Apache-2.0; CrispASR MIT,"Offline literal-text-only derivative of voxforge_ru_mdc_2026_05 text ru_0059; Apache-2.0: Qwen CustomVoice and tokenizer model cards, cstr GGUF conversion cards, and CrispASR runtime release; permitted only for this project's personal-research scope with no training, calibration, product, re-hosting, verified-speaker or speaker-independence claim; fixed documented English Aiden token; no reference audio, voice cloning, VoiceDesign or auto-download; language provenance is intended input text until acoustic/language review",voxforge_ru_mdc_qwen3_tts_customvoice_aiden_v1:synthetic-profile:qwen3_tts_customvoice:aiden,ru_0059,7fb393ecba16af6004df4a3e5e8a78222f3850c8b54d7e5e8fc92a54771cb43c,6.8,qwen3_tts_customvoice_gguf,Qwen3-TTS 0.6B CustomVoice Q8_0 GGUF,talker-cstr-29094dcb46f19b0898616aa9aeb876aa9aa6e086-5227dcbc4df7c5533341d111cc469fa491a48e722b23dd10f553181b52dff2d9; codec-cstr-344e279551177654762e5c7d39e217834325f222-70dc95dbfdd9aa5d9d406236ff771d061bf17b0cda02a72513953355606e719b; crispasr-v0.8.28-99e990ae-c2413af7d5e70a166b74fe96f5afb6d7463f1414a5ac2dea7cd982da9f83f827; fixed-aiden; wrapper-f02d93fd7ee064539771a868c5033bc163bec1c94c838eb1152c52eb7eb677b7,qwen3_tts_customvoice:aiden,not_applicable:fixed_pretrained_tts_no_reference_audio,cuda:0,offline_local_gguf_qwen3_tts_customvoice_fixed_aiden,24000,wav,language_provenance=intended_input_text_only;literal_source_text_sha256=7fb393ecba16af6004df4a3e5e8a78222f3850c8b54d7e5e8fc92a54771cb43c;rng_seed=2142475244;reference_audio=forbidden;voice_design=forbidden,2142475244,2026-08-13T18:35:11Z
voxforge_ru_mdc_qwen3_tts_customvoice_aiden_v1:de4d6ef8ca2777afdeb9,raw/voxforge_ru_mdc_qwen3_tts_customvoice_aiden_v1/slices/pre_qa/22ef4b435f7ba6e0b13f-d6b672f415b9.wav,0b30dbf13d13eecaa108c26341792f7a44a7d497185119875a61d07ead3e8fb2,test,spoof,ru,unknown,voxforge_ru_mdc_qwen3_tts_customvoice_aiden_v1:fixed-profile:qwen3_tts_customvoice:aiden,voxforge_ru_mdc_qwen3_tts_customvoice_aiden_v1,VoxForge Russian GPL-3.0-or-later; Qwen CustomVoice/tokenizer Apache-2.0; cstr GGUF conversion Apache-2.0; CrispASR MIT,"Offline literal-text-only derivative of voxforge_ru_mdc_2026_05 text ru_0070; Apache-2.0: Qwen CustomVoice and tokenizer model cards, cstr GGUF conversion cards, and CrispASR runtime release; permitted only for this project's personal-research scope with no training, calibration, product, re-hosting, verified-speaker or speaker-independence claim; fixed documented English Aiden token; no reference audio, voice cloning, VoiceDesign or auto-download; language provenance is intended input text until acoustic/language review",voxforge_ru_mdc_qwen3_tts_customvoice_aiden_v1:synthetic-profile:qwen3_tts_customvoice:aiden,ru_0070,d6b672f415b9cc11b195a7d417c851f06b0fd412fce28a0584b25110103eacf0,4.96,qwen3_tts_customvoice_gguf,Qwen3-TTS 0.6B CustomVoice Q8_0 GGUF,talker-cstr-29094dcb46f19b0898616aa9aeb876aa9aa6e086-5227dcbc4df7c5533341d111cc469fa491a48e722b23dd10f553181b52dff2d9; codec-cstr-344e279551177654762e5c7d39e217834325f222-70dc95dbfdd9aa5d9d406236ff771d061bf17b0cda02a72513953355606e719b; crispasr-v0.8.28-99e990ae-c2413af7d5e70a166b74fe96f5afb6d7463f1414a5ac2dea7cd982da9f83f827; fixed-aiden; wrapper-f02d93fd7ee064539771a868c5033bc163bec1c94c838eb1152c52eb7eb677b7,qwen3_tts_customvoice:aiden,not_applicable:fixed_pretrained_tts_no_reference_audio,cuda:0,offline_local_gguf_qwen3_tts_customvoice_fixed_aiden,24000,wav,language_provenance=intended_input_text_only;literal_source_text_sha256=d6b672f415b9cc11b195a7d417c851f06b0fd412fce28a0584b25110103eacf0;rng_seed=3602281204;reference_audio=forbidden;voice_design=forbidden,3602281204,2026-08-13T18:35:11Z
voxforge_ru_mdc_qwen3_tts_customvoice_aiden_v1:e806519d214d8823ee92,raw/voxforge_ru_mdc_qwen3_tts_customvoice_aiden_v1/slices/pre_qa/7c2930dc260872368f2c-0ba49054de08.wav,4a2758f52c8850be8761fe879f07d7502f5407c8c4c46fca3b78ae65c0d7aa37,test,spoof,ru,unknown,voxforge_ru_mdc_qwen3_tts_customvoice_aiden_v1:fixed-profile:qwen3_tts_customvoice:aiden,voxforge_ru_mdc_qwen3_tts_customvoice_aiden_v1,VoxForge Russian GPL-3.0-or-later; Qwen CustomVoice/tokenizer Apache-2.0; cstr GGUF conversion Apache-2.0; CrispASR MIT,"Offline literal-text-only derivative of voxforge_ru_mdc_2026_05 text ru_0094; Apache-2.0: Qwen CustomVoice and tokenizer model cards, cstr GGUF conversion cards, and CrispASR runtime release; permitted only for this project's personal-research scope with no training, calibration, product, re-hosting, verified-speaker or speaker-independence claim; fixed documented English Aiden token; no reference audio, voice cloning, VoiceDesign or auto-download; language provenance is intended input text until acoustic/language review",voxforge_ru_mdc_qwen3_tts_customvoice_aiden_v1:synthetic-profile:qwen3_tts_customvoice:aiden,ru_0094,0ba49054de08c4e46bd7f89d3c1c9fe40841e3b8c96179d4bd6145e45edffbc2,8.8,qwen3_tts_customvoice_gguf,Qwen3-TTS 0.6B CustomVoice Q8_0 GGUF,talker-cstr-29094dcb46f19b0898616aa9aeb876aa9aa6e086-5227dcbc4df7c5533341d111cc469fa491a48e722b23dd10f553181b52dff2d9; codec-cstr-344e279551177654762e5c7d39e217834325f222-70dc95dbfdd9aa5d9d406236ff771d061bf17b0cda02a72513953355606e719b; crispasr-v0.8.28-99e990ae-c2413af7d5e70a166b74fe96f5afb6d7463f1414a5ac2dea7cd982da9f83f827; fixed-aiden; wrapper-f02d93fd7ee064539771a868c5033bc163bec1c94c838eb1152c52eb7eb677b7,qwen3_tts_customvoice:aiden,not_applicable:fixed_pretrained_tts_no_reference_audio,cuda:0,offline_local_gguf_qwen3_tts_customvoice_fixed_aiden,24000,wav,language_provenance=intended_input_text_only;literal_source_text_sha256=0ba49054de08c4e46bd7f89d3c1c9fe40841e3b8c96179d4bd6145e45edffbc2;rng_seed=195334228;reference_audio=forbidden;voice_design=forbidden,195334228,2026-08-13T18:35:11Z
voxforge_ru_mdc_qwen3_tts_customvoice_aiden_v1:8e8384691579b29f4263,raw/voxforge_ru_mdc_qwen3_tts_customvoice_aiden_v1/slices/pre_qa/ad9521465a38d7d81eaa-9927b4d18c75.wav,3430a76367570525cd9124cc30cede4b0eb8c8f454d89c4b4701ff00e03343ea,test,spoof,ru,unknown,voxforge_ru_mdc_qwen3_tts_customvoice_aiden_v1:fixed-profile:qwen3_tts_customvoice:aiden,voxforge_ru_mdc_qwen3_tts_customvoice_aiden_v1,VoxForge Russian GPL-3.0-or-later; Qwen CustomVoice/tokenizer Apache-2.0; cstr GGUF conversion Apache-2.0; CrispASR MIT,"Offline literal-text-only derivative of voxforge_ru_mdc_2026_05 text ru_0080; Apache-2.0: Qwen CustomVoice and tokenizer model cards, cstr GGUF conversion cards, and CrispASR runtime release; permitted only for this project's personal-research scope with no training, calibration, product, re-hosting, verified-speaker or speaker-independence claim; fixed documented English Aiden token; no reference audio, voice cloning, VoiceDesign or auto-download; language provenance is intended input text until acoustic/language review",voxforge_ru_mdc_qwen3_tts_customvoice_aiden_v1:synthetic-profile:qwen3_tts_customvoice:aiden,ru_0080,9927b4d18c75e34f81fcee14802dbe116e6612854e9555c06441beaf3dda9034,10.8,qwen3_tts_customvoice_gguf,Qwen3-TTS 0.6B CustomVoice Q8_0 GGUF,talker-cstr-29094dcb46f19b0898616aa9aeb876aa9aa6e086-5227dcbc4df7c5533341d111cc469fa491a48e722b23dd10f553181b52dff2d9; codec-cstr-344e279551177654762e5c7d39e217834325f222-70dc95dbfdd9aa5d9d406236ff771d061bf17b0cda02a72513953355606e719b; crispasr-v0.8.28-99e990ae-c2413af7d5e70a166b74fe96f5afb6d7463f1414a5ac2dea7cd982da9f83f827; fixed-aiden; wrapper-f02d93fd7ee064539771a868c5033bc163bec1c94c838eb1152c52eb7eb677b7,qwen3_tts_customvoice:aiden,not_applicable:fixed_pretrained_tts_no_reference_audio,cuda:0,offline_local_gguf_qwen3_tts_customvoice_fixed_aiden,24000,wav,language_provenance=intended_input_text_only;literal_source_text_sha256=9927b4d18c75e34f81fcee14802dbe116e6612854e9555c06441beaf3dda9034;rng_seed=2569516241;reference_audio=forbidden;voice_design=forbidden,2569516241,2026-08-13T18:35:11Z
voxforge_ru_mdc_qwen3_tts_customvoice_aiden_v1:c8ab44bd8651b2e8d61d,raw/voxforge_ru_mdc_qwen3_tts_customvoice_aiden_v1/slices/pre_qa/a906c6503c750c574f44-c96d675335a5.wav,09bef7fc6b8dd42ef3fa848cd65d9b6b05136dda637f48199b5bc79782f26af6,test,spoof,ru,unknown,voxforge_ru_mdc_qwen3_tts_customvoice_aiden_v1:fixed-profile:qwen3_tts_customvoice:aiden,voxforge_ru_mdc_qwen3_tts_customvoice_aiden_v1,VoxForge Russian GPL-3.0-or-later; Qwen CustomVoice/tokenizer Apache-2.0; cstr GGUF conversion Apache-2.0; CrispASR MIT,"Offline literal-text-only derivative of voxforge_ru_mdc_2026_05 text ru_0056; Apache-2.0: Qwen CustomVoice and tokenizer model cards, cstr GGUF conversion cards, and CrispASR runtime release; permitted only for this project's personal-research scope with no training, calibration, product, re-hosting, verified-speaker or speaker-independence claim; fixed documented English Aiden token; no reference audio, voice cloning, VoiceDesign or auto-download; language provenance is intended input text until acoustic/language review",voxforge_ru_mdc_qwen3_tts_customvoice_aiden_v1:synthetic-profile:qwen3_tts_customvoice:aiden,ru_0056,c96d675335a5b527fbf3a73b6359dfff16f9cb665ce43f6918f01e1b85c615c8,5.84,qwen3_tts_customvoice_gguf,Qwen3-TTS 0.6B CustomVoice Q8_0 GGUF,talker-cstr-29094dcb46f19b0898616aa9aeb876aa9aa6e086-5227dcbc4df7c5533341d111cc469fa491a48e722b23dd10f553181b52dff2d9; codec-cstr-344e279551177654762e5c7d39e217834325f222-70dc95dbfdd9aa5d9d406236ff771d061bf17b0cda02a72513953355606e719b; crispasr-v0.8.28-99e990ae-c2413af7d5e70a166b74fe96f5afb6d7463f1414a5ac2dea7cd982da9f83f827; fixed-aiden; wrapper-f02d93fd7ee064539771a868c5033bc163bec1c94c838eb1152c52eb7eb677b7,qwen3_tts_customvoice:aiden,not_applicable:fixed_pretrained_tts_no_reference_audio,cuda:0,offline_local_gguf_qwen3_tts_customvoice_fixed_aiden,24000,wav,language_provenance=intended_input_text_only;literal_source_text_sha256=c96d675335a5b527fbf3a73b6359dfff16f9cb665ce43f6918f01e1b85c615c8;rng_seed=3379390291;reference_audio=forbidden;voice_design=forbidden,3379390291,2026-08-13T18:35:11Z
voxforge_ru_mdc_qwen3_tts_customvoice_aiden_v1:3cb7361e2d0051486990,raw/voxforge_ru_mdc_qwen3_tts_customvoice_aiden_v1/slices/pre_qa/4b88f706a346def8474d-c00912f52abe.wav,9528249903ca27acca9637643c723dd91c4f121de9076cd64415ed93473e3fed,test,spoof,ru,unknown,voxforge_ru_mdc_qwen3_tts_customvoice_aiden_v1:fixed-profile:qwen3_tts_customvoice:aiden,voxforge_ru_mdc_qwen3_tts_customvoice_aiden_v1,VoxForge Russian GPL-3.0-or-later; Qwen CustomVoice/tokenizer Apache-2.0; cstr GGUF conversion Apache-2.0; CrispASR MIT,"Offline literal-text-only derivative of voxforge_ru_mdc_2026_05 text ru_0054; Apache-2.0: Qwen CustomVoice and tokenizer model cards, cstr GGUF conversion cards, and CrispASR runtime release; permitted only for this project's personal-research scope with no training, calibration, product, re-hosting, verified-speaker or speaker-independence claim; fixed documented English Aiden token; no reference audio, voice cloning, VoiceDesign or auto-download; language provenance is intended input text until acoustic/language review",voxforge_ru_mdc_qwen3_tts_customvoice_aiden_v1:synthetic-profile:qwen3_tts_customvoice:aiden,ru_0054,c00912f52abe2516888b66043d4dcc12f4b77010356a3b895aca698dfae61ccd,3.52,qwen3_tts_customvoice_gguf,Qwen3-TTS 0.6B CustomVoice Q8_0 GGUF,talker-cstr-29094dcb46f19b0898616aa9aeb876aa9aa6e086-5227dcbc4df7c5533341d111cc469fa491a48e722b23dd10f553181b52dff2d9; codec-cstr-344e279551177654762e5c7d39e217834325f222-70dc95dbfdd9aa5d9d406236ff771d061bf17b0cda02a72513953355606e719b; crispasr-v0.8.28-99e990ae-c2413af7d5e70a166b74fe96f5afb6d7463f1414a5ac2dea7cd982da9f83f827; fixed-aiden; wrapper-f02d93fd7ee064539771a868c5033bc163bec1c94c838eb1152c52eb7eb677b7,qwen3_tts_customvoice:aiden,not_applicable:fixed_pretrained_tts_no_reference_audio,cuda:0,offline_local_gguf_qwen3_tts_customvoice_fixed_aiden,24000,wav,language_provenance=intended_input_text_only;literal_source_text_sha256=c00912f52abe2516888b66043d4dcc12f4b77010356a3b895aca698dfae61ccd;rng_seed=3221820149;reference_audio=forbidden;voice_design=forbidden,3221820149,2026-08-13T18:35:11Z
voxforge_ru_mdc_qwen3_tts_customvoice_aiden_v1:9f1c2791e1aecb233250,raw/voxforge_ru_mdc_qwen3_tts_customvoice_aiden_v1/slices/pre_qa/533ccc5552c36079dd66-015a1134b736.wav,f49c0ad624577fad196d3f6beb08b19516bae17a75eb4848af0aa2ab5f921fc9,test,spoof,ru,unknown,voxforge_ru_mdc_qwen3_tts_customvoice_aiden_v1:fixed-profile:qwen3_tts_customvoice:aiden,voxforge_ru_mdc_qwen3_tts_customvoice_aiden_v1,VoxForge Russian GPL-3.0-or-later; Qwen CustomVoice/tokenizer Apache-2.0; cstr GGUF conversion Apache-2.0; CrispASR MIT,"Offline literal-text-only derivative of voxforge_ru_mdc_2026_05 text ru_0082; Apache-2.0: Qwen CustomVoice and tokenizer model cards, cstr GGUF conversion cards, and CrispASR runtime release; permitted only for this project's personal-research scope with no training, calibration, product, re-hosting, verified-speaker or speaker-independence claim; fixed documented English Aiden token; no reference audio, voice cloning, VoiceDesign or auto-download; language provenance is intended input text until acoustic/language review",voxforge_ru_mdc_qwen3_tts_customvoice_aiden_v1:synthetic-profile:qwen3_tts_customvoice:aiden,ru_0082,015a1134b7366e048694b683ad700ddd0f81c705298569853f35f73121920935,6.0,qwen3_tts_customvoice_gguf,Qwen3-TTS 0.6B CustomVoice Q8_0 GGUF,talker-cstr-29094dcb46f19b0898616aa9aeb876aa9aa6e086-5227dcbc4df7c5533341d111cc469fa491a48e722b23dd10f553181b52dff2d9; codec-cstr-344e279551177654762e5c7d39e217834325f222-70dc95dbfdd9aa5d9d406236ff771d061bf17b0cda02a72513953355606e719b; crispasr-v0.8.28-99e990ae-c2413af7d5e70a166b74fe96f5afb6d7463f1414a5ac2dea7cd982da9f83f827; fixed-aiden; wrapper-f02d93fd7ee064539771a868c5033bc163bec1c94c838eb1152c52eb7eb677b7,qwen3_tts_customvoice:aiden,not_applicable:fixed_pretrained_tts_no_reference_audio,cuda:0,offline_local_gguf_qwen3_tts_customvoice_fixed_aiden,24000,wav,language_provenance=intended_input_text_only;literal_source_text_sha256=015a1134b7366e048694b683ad700ddd0f81c705298569853f35f73121920935;rng_seed=22679860;reference_audio=forbidden;voice_design=forbidden,22679860,2026-08-13T18:35:11Z
voxforge_ru_mdc_qwen3_tts_customvoice_aiden_v1:2e554e38e796def9bff9,raw/voxforge_ru_mdc_qwen3_tts_customvoice_aiden_v1/slices/pre_qa/820871884fdc10b3b58c-2fb07fa78b8c.wav,f85ab7f7790d6c7d7b1a5516908a47a36698a118b935cecd3de1a45c9eba1eb3,test,spoof,ru,unknown,voxforge_ru_mdc_qwen3_tts_customvoice_aiden_v1:fixed-profile:qwen3_tts_customvoice:aiden,voxforge_ru_mdc_qwen3_tts_customvoice_aiden_v1,VoxForge Russian GPL-3.0-or-later; Qwen CustomVoice/tokenizer Apache-2.0; cstr GGUF conversion Apache-2.0; CrispASR MIT,"Offline literal-text-only derivative of voxforge_ru_mdc_2026_05 text ru_0093; Apache-2.0: Qwen CustomVoice and tokenizer model cards, cstr GGUF conversion cards, and CrispASR runtime release; permitted only for this project's personal-research scope with no training, calibration, product, re-hosting, verified-speaker or speaker-independence claim; fixed documented English Aiden token; no reference audio, voice cloning, VoiceDesign or auto-download; language provenance is intended input text until acoustic/language review",voxforge_ru_mdc_qwen3_tts_customvoice_aiden_v1:synthetic-profile:qwen3_tts_customvoice:aiden,ru_0093,2fb07fa78b8cc40b49e23990400f9613ab10d99f8c864a9c2122d3f31dfdc6b1,7.36,qwen3_tts_customvoice_gguf,Qwen3-TTS 0.6B CustomVoice Q8_0 GGUF,talker-cstr-29094dcb46f19b0898616aa9aeb876aa9aa6e086-5227dcbc4df7c5533341d111cc469fa491a48e722b23dd10f553181b52dff2d9; codec-cstr-344e279551177654762e5c7d39e217834325f222-70dc95dbfdd9aa5d9d406236ff771d061bf17b0cda02a72513953355606e719b; crispasr-v0.8.28-99e990ae-c2413af7d5e70a166b74fe96f5afb6d7463f1414a5ac2dea7cd982da9f83f827; fixed-aiden; wrapper-f02d93fd7ee064539771a868c5033bc163bec1c94c838eb1152c52eb7eb677b7,qwen3_tts_customvoice:aiden,not_applicable:fixed_pretrained_tts_no_reference_audio,cuda:0,offline_local_gguf_qwen3_tts_customvoice_fixed_aiden,24000,wav,language_provenance=intended_input_text_only;literal_source_text_sha256=2fb07fa78b8cc40b49e23990400f9613ab10d99f8c864a9c2122d3f31dfdc6b1;rng_seed=800096167;reference_audio=forbidden;voice_design=forbidden,800096167,2026-08-13T18:35:11Z
voxforge_ru_mdc_qwen3_tts_customvoice_aiden_v1:eb73f81cb49b58d771cc,raw/voxforge_ru_mdc_qwen3_tts_customvoice_aiden_v1/slices/pre_qa/2e6fc5667ceae3be805b-3d597365c359.wav,64e9d182ab0963ffa436ee4088c05b02be5bdd7fa7358adb3205b21555555f2d,test,spoof,ru,unknown,voxforge_ru_mdc_qwen3_tts_customvoice_aiden_v1:fixed-profile:qwen3_tts_customvoice:aiden,voxforge_ru_mdc_qwen3_tts_customvoice_aiden_v1,VoxForge Russian GPL-3.0-or-later; Qwen CustomVoice/tokenizer Apache-2.0; cstr GGUF conversion Apache-2.0; CrispASR MIT,"Offline literal-text-only derivative of voxforge_ru_mdc_2026_05 text ru_0085; Apache-2.0: Qwen CustomVoice and tokenizer model cards, cstr GGUF conversion cards, and CrispASR runtime release; permitted only for this project's personal-research scope with no training, calibration, product, re-hosting, verified-speaker or speaker-independence claim; fixed documented English Aiden token; no reference audio, voice cloning, VoiceDesign or auto-download; language provenance is intended input text until acoustic/language review",voxforge_ru_mdc_qwen3_tts_customvoice_aiden_v1:synthetic-profile:qwen3_tts_customvoice:aiden,ru_0085,3d597365c359fec931bb87e7c6dafec022cbe79a19c5305b1549c2eb88b8a3f6,6.64,qwen3_tts_customvoice_gguf,Qwen3-TTS 0.6B CustomVoice Q8_0 GGUF,talker-cstr-29094dcb46f19b0898616aa9aeb876aa9aa6e086-5227dcbc4df7c5533341d111cc469fa491a48e722b23dd10f553181b52dff2d9; codec-cstr-344e279551177654762e5c7d39e217834325f222-70dc95dbfdd9aa5d9d406236ff771d061bf17b0cda02a72513953355606e719b; crispasr-v0.8.28-99e990ae-c2413af7d5e70a166b74fe96f5afb6d7463f1414a5ac2dea7cd982da9f83f827; fixed-aiden; wrapper-f02d93fd7ee064539771a868c5033bc163bec1c94c838eb1152c52eb7eb677b7,qwen3_tts_customvoice:aiden,not_applicable:fixed_pretrained_tts_no_reference_audio,cuda:0,offline_local_gguf_qwen3_tts_customvoice_fixed_aiden,24000,wav,language_provenance=intended_input_text_only;literal_source_text_sha256=3d597365c359fec931bb87e7c6dafec022cbe79a19c5305b1549c2eb88b8a3f6;rng_seed=1029272421;reference_audio=forbidden;voice_design=forbidden,1029272421,2026-08-13T18:35:11Z
voxforge_ru_mdc_qwen3_tts_customvoice_aiden_v1:aa804f6359e391398a61,raw/voxforge_ru_mdc_qwen3_tts_customvoice_aiden_v1/slices/pre_qa/08ee8d65903e8512e418-00c277db7c60.wav,300d718daeb226afa429bb5498284c09d7f548fb578d81c77f96d260f5c351b9,test,spoof,ru,unknown,voxforge_ru_mdc_qwen3_tts_customvoice_aiden_v1:fixed-profile:qwen3_tts_customvoice:aiden,voxforge_ru_mdc_qwen3_tts_customvoice_aiden_v1,VoxForge Russian GPL-3.0-or-later; Qwen CustomVoice/tokenizer Apache-2.0; cstr GGUF conversion Apache-2.0; CrispASR MIT,"Offline literal-text-only derivative of voxforge_ru_mdc_2026_05 text ru_0036; Apache-2.0: Qwen CustomVoice and tokenizer model cards, cstr GGUF conversion cards, and CrispASR runtime release; permitted only for this project's personal-research scope with no training, calibration, product, re-hosting, verified-speaker or speaker-independence claim; fixed documented English Aiden token; no reference audio, voice cloning, VoiceDesign or auto-download; language provenance is intended input text until acoustic/language review",voxforge_ru_mdc_qwen3_tts_customvoice_aiden_v1:synthetic-profile:qwen3_tts_customvoice:aiden,ru_0036,00c277db7c60609c7fa5930f0b04f9b4383cc75b3668635cf8873d50025da117,14.8,qwen3_tts_customvoice_gguf,Qwen3-TTS 0.6B CustomVoice Q8_0 GGUF,talker-cstr-29094dcb46f19b0898616aa9aeb876aa9aa6e086-5227dcbc4df7c5533341d111cc469fa491a48e722b23dd10f553181b52dff2d9; codec-cstr-344e279551177654762e5c7d39e217834325f222-70dc95dbfdd9aa5d9d406236ff771d061bf17b0cda02a72513953355606e719b; crispasr-v0.8.28-99e990ae-c2413af7d5e70a166b74fe96f5afb6d7463f1414a5ac2dea7cd982da9f83f827; fixed-aiden; wrapper-f02d93fd7ee064539771a868c5033bc163bec1c94c838eb1152c52eb7eb677b7,qwen3_tts_customvoice:aiden,not_applicable:fixed_pretrained_tts_no_reference_audio,cuda:0,offline_local_gguf_qwen3_tts_customvoice_fixed_aiden,24000,wav,language_provenance=intended_input_text_only;literal_source_text_sha256=00c277db7c60609c7fa5930f0b04f9b4383cc75b3668635cf8873d50025da117;rng_seed=12744667;reference_audio=forbidden;voice_design=forbidden,12744667,2026-08-13T18:35:11Z
voxforge_ru_mdc_qwen3_tts_customvoice_aiden_v1:2e0f500ffdf3491c4f8d,raw/voxforge_ru_mdc_qwen3_tts_customvoice_aiden_v1/slices/pre_qa/6bc3d32dbb129ac2d20e-29d3f0b98584.wav,3efdcaceec806853c1b6e7dd4591865afb2affd793203a8dfdb81a0b304b16c4,test,spoof,ru,unknown,voxforge_ru_mdc_qwen3_tts_customvoice_aiden_v1:fixed-profile:qwen3_tts_customvoice:aiden,voxforge_ru_mdc_qwen3_tts_customvoice_aiden_v1,VoxForge Russian GPL-3.0-or-later; Qwen CustomVoice/tokenizer Apache-2.0; cstr GGUF conversion Apache-2.0; CrispASR MIT,"Offline literal-text-only derivative of voxforge_ru_mdc_2026_05 text ru_0004; Apache-2.0: Qwen CustomVoice and tokenizer model cards, cstr GGUF conversion cards, and CrispASR runtime release; permitted only for this project's personal-research scope with no training, calibration, product, re-hosting, verified-speaker or speaker-independence claim; fixed documented English Aiden token; no reference audio, voice cloning, VoiceDesign or auto-download; language provenance is intended input text until acoustic/language review",voxforge_ru_mdc_qwen3_tts_customvoice_aiden_v1:synthetic-profile:qwen3_tts_customvoice:aiden,ru_0004,29d3f0b98584fa601e2a45e4714fe370315148dd2842fb294e5c45f4f16eeff3,7.92,qwen3_tts_customvoice_gguf,Qwen3-TTS 0.6B CustomVoice Q8_0 GGUF,talker-cstr-29094dcb46f19b0898616aa9aeb876aa9aa6e086-5227dcbc4df7c5533341d111cc469fa491a48e722b23dd10f553181b52dff2d9; codec-cstr-344e279551177654762e5c7d39e217834325f222-70dc95dbfdd9aa5d9d406236ff771d061bf17b0cda02a72513953355606e719b; crispasr-v0.8.28-99e990ae-c2413af7d5e70a166b74fe96f5afb6d7463f1414a5ac2dea7cd982da9f83f827; fixed-aiden; wrapper-f02d93fd7ee064539771a868c5033bc163bec1c94c838eb1152c52eb7eb677b7,qwen3_tts_customvoice:aiden,not_applicable:fixed_pretrained_tts_no_reference_audio,cuda:0,offline_local_gguf_qwen3_tts_customvoice_fixed_aiden,24000,wav,language_provenance=intended_input_text_only;literal_source_text_sha256=29d3f0b98584fa601e2a45e4714fe370315148dd2842fb294e5c45f4f16eeff3;rng_seed=701755577;reference_audio=forbidden;voice_design=forbidden,701755577,2026-08-13T18:35:11Z
voxforge_ru_mdc_qwen3_tts_customvoice_aiden_v1:622ad9cf714400089e68,raw/voxforge_ru_mdc_qwen3_tts_customvoice_aiden_v1/slices/pre_qa/3ebf2672a101c7cffcd1-cee5a0689f27.wav,d43f68093c3bd89c92a9304b7b5bc8f000d4edbf8d9a6db4c56deb3f046e4e96,test,spoof,ru,unknown,voxforge_ru_mdc_qwen3_tts_customvoice_aiden_v1:fixed-profile:qwen3_tts_customvoice:aiden,voxforge_ru_mdc_qwen3_tts_customvoice_aiden_v1,VoxForge Russian GPL-3.0-or-later; Qwen CustomVoice/tokenizer Apache-2.0; cstr GGUF conversion Apache-2.0; CrispASR MIT,"Offline literal-text-only derivative of voxforge_ru_mdc_2026_05 text ru_0033; Apache-2.0: Qwen CustomVoice and tokenizer model cards, cstr GGUF conversion cards, and CrispASR runtime release; permitted only for this project's personal-research scope with no training, calibration, product, re-hosting, verified-speaker or speaker-independence claim; fixed documented English Aiden token; no reference audio, voice cloning, VoiceDesign or auto-download; language provenance is intended input text until acoustic/language review",voxforge_ru_mdc_qwen3_tts_customvoice_aiden_v1:synthetic-profile:qwen3_tts_customvoice:aiden,ru_0033,cee5a0689f271ea4ac1cf2d8575afaf53f78349df198a662788902b7560ba442,9.76,qwen3_tts_customvoice_gguf,Qwen3-TTS 0.6B CustomVoice Q8_0 GGUF,talker-cstr-29094dcb46f19b0898616aa9aeb876aa9aa6e086-5227dcbc4df7c5533341d111cc469fa491a48e722b23dd10f553181b52dff2d9; codec-cstr-344e279551177654762e5c7d39e217834325f222-70dc95dbfdd9aa5d9d406236ff771d061bf17b0cda02a72513953355606e719b; crispasr-v0.8.28-99e990ae-c2413af7d5e70a166b74fe96f5afb6d7463f1414a5ac2dea7cd982da9f83f827; fixed-aiden; wrapper-f02d93fd7ee064539771a868c5033bc163bec1c94c838eb1152c52eb7eb677b7,qwen3_tts_customvoice:aiden,not_applicable:fixed_pretrained_tts_no_reference_audio,cuda:0,offline_local_gguf_qwen3_tts_customvoice_fixed_aiden,24000,wav,language_provenance=intended_input_text_only;literal_source_text_sha256=cee5a0689f271ea4ac1cf2d8575afaf53f78349df198a662788902b7560ba442;rng_seed=3471155304;reference_audio=forbidden;voice_design=forbidden,3471155304,2026-08-13T18:35:11Z
voxforge_ru_mdc_qwen3_tts_customvoice_aiden_v1:887c22bad0e4682b052b,raw/voxforge_ru_mdc_qwen3_tts_customvoice_aiden_v1/slices/pre_qa/1296f852b2dd924a54d2-0c15ca56883a.wav,e6fee92e8d50dd407fe6f966403c051c52197ff6a7c6208a9bd37edc898308a9,test,spoof,ru,unknown,voxforge_ru_mdc_qwen3_tts_customvoice_aiden_v1:fixed-profile:qwen3_tts_customvoice:aiden,voxforge_ru_mdc_qwen3_tts_customvoice_aiden_v1,VoxForge Russian GPL-3.0-or-later; Qwen CustomVoice/tokenizer Apache-2.0; cstr GGUF conversion Apache-2.0; CrispASR MIT,"Offline literal-text-only derivative of voxforge_ru_mdc_2026_05 text ru_0063; Apache-2.0: Qwen CustomVoice and tokenizer model cards, cstr GGUF conversion cards, and CrispASR runtime release; permitted only for this project's personal-research scope with no training, calibration, product, re-hosting, verified-speaker or speaker-independence claim; fixed documented English Aiden token; no reference audio, voice cloning, VoiceDesign or auto-download; language provenance is intended input text until acoustic/language review",voxforge_ru_mdc_qwen3_tts_customvoice_aiden_v1:synthetic-profile:qwen3_tts_customvoice:aiden,ru_0063,0c15ca56883ab04e02dcf6bd1904342abbf6bb60545248d39bb4d5ad93e8f668,3.6,qwen3_tts_customvoice_gguf,Qwen3-TTS 0.6B CustomVoice Q8_0 GGUF,talker-cstr-29094dcb46f19b0898616aa9aeb876aa9aa6e086-5227dcbc4df7c5533341d111cc469fa491a48e722b23dd10f553181b52dff2d9; codec-cstr-344e279551177654762e5c7d39e217834325f222-70dc95dbfdd9aa5d9d406236ff771d061bf17b0cda02a72513953355606e719b; crispasr-v0.8.28-99e990ae-c2413af7d5e70a166b74fe96f5afb6d7463f1414a5ac2dea7cd982da9f83f827; fixed-aiden; wrapper-f02d93fd7ee064539771a868c5033bc163bec1c94c838eb1152c52eb7eb677b7,qwen3_tts_customvoice:aiden,not_applicable:fixed_pretrained_tts_no_reference_audio,cuda:0,offline_local_gguf_qwen3_tts_customvoice_fixed_aiden,24000,wav,language_provenance=intended_input_text_only;literal_source_text_sha256=0c15ca56883ab04e02dcf6bd1904342abbf6bb60545248d39bb4d5ad93e8f668;rng_seed=202754646;reference_audio=forbidden;voice_design=forbidden,202754646,2026-08-13T18:35:11Z
voxforge_ru_mdc_qwen3_tts_customvoice_aiden_v1:bbc1693d420261b63c63,raw/voxforge_ru_mdc_qwen3_tts_customvoice_aiden_v1/slices/pre_qa/aca15996c0053d82d5ee-ac182ebe981e.wav,265acb67dd67dd95e2b690bd2bd11bc925d2027298409572b3e8b89be90bfe5f,test,spoof,ru,unknown,voxforge_ru_mdc_qwen3_tts_customvoice_aiden_v1:fixed-profile:qwen3_tts_customvoice:aiden,voxforge_ru_mdc_qwen3_tts_customvoice_aiden_v1,VoxForge Russian GPL-3.0-or-later; Qwen CustomVoice/tokenizer Apache-2.0; cstr GGUF conversion Apache-2.0; CrispASR MIT,"Offline literal-text-only derivative of voxforge_ru_mdc_2026_05 text ru_0060; Apache-2.0: Qwen CustomVoice and tokenizer model cards, cstr GGUF conversion cards, and CrispASR runtime release; permitted only for this project's personal-research scope with no training, calibration, product, re-hosting, verified-speaker or speaker-independence claim; fixed documented English Aiden token; no reference audio, voice cloning, VoiceDesign or auto-download; language provenance is intended input text until acoustic/language review",voxforge_ru_mdc_qwen3_tts_customvoice_aiden_v1:synthetic-profile:qwen3_tts_customvoice:aiden,ru_0060,ac182ebe981e0bcca10e52fe3206cb47332dd50cb53ad51251c055e8abe58739,4.4,qwen3_tts_customvoice_gguf,Qwen3-TTS 0.6B CustomVoice Q8_0 GGUF,talker-cstr-29094dcb46f19b0898616aa9aeb876aa9aa6e086-5227dcbc4df7c5533341d111cc469fa491a48e722b23dd10f553181b52dff2d9; codec-cstr-344e279551177654762e5c7d39e217834325f222-70dc95dbfdd9aa5d9d406236ff771d061bf17b0cda02a72513953355606e719b; crispasr-v0.8.28-99e990ae-c2413af7d5e70a166b74fe96f5afb6d7463f1414a5ac2dea7cd982da9f83f827; fixed-aiden; wrapper-f02d93fd7ee064539771a868c5033bc163bec1c94c838eb1152c52eb7eb677b7,qwen3_tts_customvoice:aiden,not_applicable:fixed_pretrained_tts_no_reference_audio,cuda:0,offline_local_gguf_qwen3_tts_customvoice_fixed_aiden,24000,wav,language_provenance=intended_input_text_only;literal_source_text_sha256=ac182ebe981e0bcca10e52fe3206cb47332dd50cb53ad51251c055e8abe58739;rng_seed=2887265982;reference_audio=forbidden;voice_design=forbidden,2887265982,2026-08-13T18:35:11Z
voxforge_ru_mdc_qwen3_tts_customvoice_aiden_v1:1d5320aacd2560d5bf8a,raw/voxforge_ru_mdc_qwen3_tts_customvoice_aiden_v1/slices/pre_qa/bbf4c2bbf5e630d6fcde-f032ace3e593.wav,cfcd122b914c6fe89033c6248dbedbb44911e1815fab0dbd66bdb272253ed960,test,spoof,ru,unknown,voxforge_ru_mdc_qwen3_tts_customvoice_aiden_v1:fixed-profile:qwen3_tts_customvoice:aiden,voxforge_ru_mdc_qwen3_tts_customvoice_aiden_v1,VoxForge Russian GPL-3.0-or-later; Qwen CustomVoice/tokenizer Apache-2.0; cstr GGUF conversion Apache-2.0; CrispASR MIT,"Offline literal-text-only derivative of voxforge_ru_mdc_2026_05 text ru_0006; Apache-2.0: Qwen CustomVoice and tokenizer model cards, cstr GGUF conversion cards, and CrispASR runtime release; permitted only for this project's personal-research scope with no training, calibration, product, re-hosting, verified-speaker or speaker-independence claim; fixed documented English Aiden token; no reference audio, voice cloning, VoiceDesign or auto-download; language provenance is intended input text until acoustic/language review",voxforge_ru_mdc_qwen3_tts_customvoice_aiden_v1:synthetic-profile:qwen3_tts_customvoice:aiden,ru_0006,f032ace3e5930871ca9b71ec3f175f23bada28e3dcf41f4414b99b2229d9d380,4.8,qwen3_tts_customvoice_gguf,Qwen3-TTS 0.6B CustomVoice Q8_0 GGUF,talker-cstr-29094dcb46f19b0898616aa9aeb876aa9aa6e086-5227dcbc4df7c5533341d111cc469fa491a48e722b23dd10f553181b52dff2d9; codec-cstr-344e279551177654762e5c7d39e217834325f222-70dc95dbfdd9aa5d9d406236ff771d061bf17b0cda02a72513953355606e719b; crispasr-v0.8.28-99e990ae-c2413af7d5e70a166b74fe96f5afb6d7463f1414a5ac2dea7cd982da9f83f827; fixed-aiden; wrapper-f02d93fd7ee064539771a868c5033bc163bec1c94c838eb1152c52eb7eb677b7,qwen3_tts_customvoice:aiden,not_applicable:fixed_pretrained_tts_no_reference_audio,cuda:0,offline_local_gguf_qwen3_tts_customvoice_fixed_aiden,24000,wav,language_provenance=intended_input_text_only;literal_source_text_sha256=f032ace3e5930871ca9b71ec3f175f23bada28e3dcf41f4414b99b2229d9d380;rng_seed=4029852899;reference_audio=forbidden;voice_design=forbidden,4029852899,2026-08-13T18:35:11Z
voxforge_ru_mdc_qwen3_tts_customvoice_aiden_v1:0d1ffbcb16ada9af6f40,raw/voxforge_ru_mdc_qwen3_tts_customvoice_aiden_v1/slices/pre_qa/86d88e82d6fc7da1335c-a31d839d7908.wav,3c82c25bf523c287b60ef59563ee951e9a58d7e06f9a18e80aa6a9e99cf18c27,test,spoof,ru,unknown,voxforge_ru_mdc_qwen3_tts_customvoice_aiden_v1:fixed-profile:qwen3_tts_customvoice:aiden,voxforge_ru_mdc_qwen3_tts_customvoice_aiden_v1,VoxForge Russian GPL-3.0-or-later; Qwen CustomVoice/tokenizer Apache-2.0; cstr GGUF conversion Apache-2.0; CrispASR MIT,"Offline literal-text-only derivative of voxforge_ru_mdc_2026_05 text ru_0077; Apache-2.0: Qwen CustomVoice and tokenizer model cards, cstr GGUF conversion cards, and CrispASR runtime release; permitted only for this project's personal-research scope with no training, calibration, product, re-hosting, verified-speaker or speaker-independence claim; fixed documented English Aiden token; no reference audio, voice cloning, VoiceDesign or auto-download; language provenance is intended input text until acoustic/language review",voxforge_ru_mdc_qwen3_tts_customvoice_aiden_v1:synthetic-profile:qwen3_tts_customvoice:aiden,ru_0077,a31d839d7908e49b34ea47243410d8fbc5f8b1552fa6bb0d32a748617e8c5ac5,9.76,qwen3_tts_customvoice_gguf,Qwen3-TTS 0.6B CustomVoice Q8_0 GGUF,talker-cstr-29094dcb46f19b0898616aa9aeb876aa9aa6e086-5227dcbc4df7c5533341d111cc469fa491a48e722b23dd10f553181b52dff2d9; codec-cstr-344e279551177654762e5c7d39e217834325f222-70dc95dbfdd9aa5d9d406236ff771d061bf17b0cda02a72513953355606e719b; crispasr-v0.8.28-99e990ae-c2413af7d5e70a166b74fe96f5afb6d7463f1414a5ac2dea7cd982da9f83f827; fixed-aiden; wrapper-f02d93fd7ee064539771a868c5033bc163bec1c94c838eb1152c52eb7eb677b7,qwen3_tts_customvoice:aiden,not_applicable:fixed_pretrained_tts_no_reference_audio,cuda:0,offline_local_gguf_qwen3_tts_customvoice_fixed_aiden,24000,wav,language_provenance=intended_input_text_only;literal_source_text_sha256=a31d839d7908e49b34ea47243410d8fbc5f8b1552fa6bb0d32a748617e8c5ac5;rng_seed=2736620445;reference_audio=forbidden;voice_design=forbidden,2736620445,2026-08-13T18:35:11Z
voxforge_ru_mdc_qwen3_tts_customvoice_aiden_v1:79964597dd354d2d5ec6,raw/voxforge_ru_mdc_qwen3_tts_customvoice_aiden_v1/slices/pre_qa/fea4f224284044f86fb6-71ded13536a7.wav,a4948df51bd05412a15a8d2620545620f4c6921ddbd412384fd6d0dbd1312bcc,test,spoof,ru,unknown,voxforge_ru_mdc_qwen3_tts_customvoice_aiden_v1:fixed-profile:qwen3_tts_customvoice:aiden,voxforge_ru_mdc_qwen3_tts_customvoice_aiden_v1,VoxForge Russian GPL-3.0-or-later; Qwen CustomVoice/tokenizer Apache-2.0; cstr GGUF conversion Apache-2.0; CrispASR MIT,"Offline literal-text-only derivative of voxforge_ru_mdc_2026_05 text ru_0049; Apache-2.0: Qwen CustomVoice and tokenizer model cards, cstr GGUF conversion cards, and CrispASR runtime release; permitted only for this project's personal-research scope with no training, calibration, product, re-hosting, verified-speaker or speaker-independence claim; fixed documented English Aiden token; no reference audio, voice cloning, VoiceDesign or auto-download; language provenance is intended input text until acoustic/language review",voxforge_ru_mdc_qwen3_tts_customvoice_aiden_v1:synthetic-profile:qwen3_tts_customvoice:aiden,ru_0049,71ded13536a7ebbff6a1f4617c9c6c1ccf554e0d3023295efe865975957dfd94,3.28,qwen3_tts_customvoice_gguf,Qwen3-TTS 0.6B CustomVoice Q8_0 GGUF,talker-cstr-29094dcb46f19b0898616aa9aeb876aa9aa6e086-5227dcbc4df7c5533341d111cc469fa491a48e722b23dd10f553181b52dff2d9; codec-cstr-344e279551177654762e5c7d39e217834325f222-70dc95dbfdd9aa5d9d406236ff771d061bf17b0cda02a72513953355606e719b; crispasr-v0.8.28-99e990ae-c2413af7d5e70a166b74fe96f5afb6d7463f1414a5ac2dea7cd982da9f83f827; fixed-aiden; wrapper-f02d93fd7ee064539771a868c5033bc163bec1c94c838eb1152c52eb7eb677b7,qwen3_tts_customvoice:aiden,not_applicable:fixed_pretrained_tts_no_reference_audio,cuda:0,offline_local_gguf_qwen3_tts_customvoice_fixed_aiden,24000,wav,language_provenance=intended_input_text_only;literal_source_text_sha256=71ded13536a7ebbff6a1f4617c9c6c1ccf554e0d3023295efe865975957dfd94;rng_seed=1910427957;reference_audio=forbidden;voice_design=forbidden,1910427957,2026-08-13T18:35:11Z
voxforge_ru_mdc_qwen3_tts_customvoice_aiden_v1:05cd514b815e7d910732,raw/voxforge_ru_mdc_qwen3_tts_customvoice_aiden_v1/slices/pre_qa/2c4506e425f4d461c8d4-286614b3819c.wav,ee61586f524403b08a8d14009320f62eb99cfc45c61fafa2077c18092bf0460d,test,spoof,ru,unknown,voxforge_ru_mdc_qwen3_tts_customvoice_aiden_v1:fixed-profile:qwen3_tts_customvoice:aiden,voxforge_ru_mdc_qwen3_tts_customvoice_aiden_v1,VoxForge Russian GPL-3.0-or-later; Qwen CustomVoice/tokenizer Apache-2.0; cstr GGUF conversion Apache-2.0; CrispASR MIT,"Offline literal-text-only derivative of voxforge_ru_mdc_2026_05 text ru_0018; Apache-2.0: Qwen CustomVoice and tokenizer model cards, cstr GGUF conversion cards, and CrispASR runtime release; permitted only for this project's personal-research scope with no training, calibration, product, re-hosting, verified-speaker or speaker-independence claim; fixed documented English Aiden token; no reference audio, voice cloning, VoiceDesign or auto-download; language provenance is intended input text until acoustic/language review",voxforge_ru_mdc_qwen3_tts_customvoice_aiden_v1:synthetic-profile:qwen3_tts_customvoice:aiden,ru_0018,286614b3819c9eb4188c30460b1c8dc4762b6bda439f7244374251831082144a,3.92,qwen3_tts_customvoice_gguf,Qwen3-TTS 0.6B CustomVoice Q8_0 GGUF,talker-cstr-29094dcb46f19b0898616aa9aeb876aa9aa6e086-5227dcbc4df7c5533341d111cc469fa491a48e722b23dd10f553181b52dff2d9; codec-cstr-344e279551177654762e5c7d39e217834325f222-70dc95dbfdd9aa5d9d406236ff771d061bf17b0cda02a72513953355606e719b; crispasr-v0.8.28-99e990ae-c2413af7d5e70a166b74fe96f5afb6d7463f1414a5ac2dea7cd982da9f83f827; fixed-aiden; wrapper-f02d93fd7ee064539771a868c5033bc163bec1c94c838eb1152c52eb7eb677b7,qwen3_tts_customvoice:aiden,not_applicable:fixed_pretrained_tts_no_reference_audio,cuda:0,offline_local_gguf_qwen3_tts_customvoice_fixed_aiden,24000,wav,language_provenance=intended_input_text_only;literal_source_text_sha256=286614b3819c9eb4188c30460b1c8dc4762b6bda439f7244374251831082144a;rng_seed=677778611;reference_audio=forbidden;voice_design=forbidden,677778611,2026-08-13T18:35:11Z
voxforge_ru_mdc_qwen3_tts_customvoice_aiden_v1:89bb1cb02a67a288ab62,raw/voxforge_ru_mdc_qwen3_tts_customvoice_aiden_v1/slices/pre_qa/9c436713d7a4f9738b40-e7248db87c91.wav,168280e026e3689a9a42b38985ce04e639f693c7145966d0218e74f845ec805a,test,spoof,ru,unknown,voxforge_ru_mdc_qwen3_tts_customvoice_aiden_v1:fixed-profile:qwen3_tts_customvoice:aiden,voxforge_ru_mdc_qwen3_tts_customvoice_aiden_v1,VoxForge Russian GPL-3.0-or-later; Qwen CustomVoice/tokenizer Apache-2.0; cstr GGUF conversion Apache-2.0; CrispASR MIT,"Offline literal-text-only derivative of voxforge_ru_mdc_2026_05 text ru_0074; Apache-2.0: Qwen CustomVoice and tokenizer model cards, cstr GGUF conversion cards, and CrispASR runtime release; permitted only for this project's personal-research scope with no training, calibration, product, re-hosting, verified-speaker or speaker-independence claim; fixed documented English Aiden token; no reference audio, voice cloning, VoiceDesign or auto-download; language provenance is intended input text until acoustic/language review",voxforge_ru_mdc_qwen3_tts_customvoice_aiden_v1:synthetic-profile:qwen3_tts_customvoice:aiden,ru_0074,e7248db87c91831fcc43bf245ca2f16e591b8e859ed71d95e910a0457e47bacf,4.16,qwen3_tts_customvoice_gguf,Qwen3-TTS 0.6B CustomVoice Q8_0 GGUF,talker-cstr-29094dcb46f19b0898616aa9aeb876aa9aa6e086-5227dcbc4df7c5533341d111cc469fa491a48e722b23dd10f553181b52dff2d9; codec-cstr-344e279551177654762e5c7d39e217834325f222-70dc95dbfdd9aa5d9d406236ff771d061bf17b0cda02a72513953355606e719b; crispasr-v0.8.28-99e990ae-c2413af7d5e70a166b74fe96f5afb6d7463f1414a5ac2dea7cd982da9f83f827; fixed-aiden; wrapper-f02d93fd7ee064539771a868c5033bc163bec1c94c838eb1152c52eb7eb677b7,qwen3_tts_customvoice:aiden,not_applicable:fixed_pretrained_tts_no_reference_audio,cuda:0,offline_local_gguf_qwen3_tts_customvoice_fixed_aiden,24000,wav,language_provenance=intended_input_text_only;literal_source_text_sha256=e7248db87c91831fcc43bf245ca2f16e591b8e859ed71d95e910a0457e47bacf;rng_seed=3877932472;reference_audio=forbidden;voice_design=forbidden,3877932472,2026-08-13T18:35:11Z
voxforge_ru_mdc_qwen3_tts_customvoice_aiden_v1:f5d9c75a0f868c824bc6,raw/voxforge_ru_mdc_qwen3_tts_customvoice_aiden_v1/slices/pre_qa/796760d36bbb1734ca0b-9a173921f0cd.wav,89a85ede3f83ad57f5200846aea63c3d21da3985303c03a966bb3742c32578f3,test,spoof,ru,unknown,voxforge_ru_mdc_qwen3_tts_customvoice_aiden_v1:fixed-profile:qwen3_tts_customvoice:aiden,voxforge_ru_mdc_qwen3_tts_customvoice_aiden_v1,VoxForge Russian GPL-3.0-or-later; Qwen CustomVoice/tokenizer Apache-2.0; cstr GGUF conversion Apache-2.0; CrispASR MIT,"Offline literal-text-only derivative of voxforge_ru_mdc_2026_05 text ru_0073; Apache-2.0: Qwen CustomVoice and tokenizer model cards, cstr GGUF conversion cards, and CrispASR runtime release; permitted only for this project's personal-research scope with no training, calibration, product, re-hosting, verified-speaker or speaker-independence claim; fixed documented English Aiden token; no reference audio, voice cloning, VoiceDesign or auto-download; language provenance is intended input text until acoustic/language review",voxforge_ru_mdc_qwen3_tts_customvoice_aiden_v1:synthetic-profile:qwen3_tts_customvoice:aiden,ru_0073,9a173921f0cdb179f2abd90d8c7a2477c3b9e30b1176fb5dfe3aa4b4c3709941,7.12,qwen3_tts_customvoice_gguf,Qwen3-TTS 0.6B CustomVoice Q8_0 GGUF,talker-cstr-29094dcb46f19b0898616aa9aeb876aa9aa6e086-5227dcbc4df7c5533341d111cc469fa491a48e722b23dd10f553181b52dff2d9; codec-cstr-344e279551177654762e5c7d39e217834325f222-70dc95dbfdd9aa5d9d406236ff771d061bf17b0cda02a72513953355606e719b; crispasr-v0.8.28-99e990ae-c2413af7d5e70a166b74fe96f5afb6d7463f1414a5ac2dea7cd982da9f83f827; fixed-aiden; wrapper-f02d93fd7ee064539771a868c5033bc163bec1c94c838eb1152c52eb7eb677b7,qwen3_tts_customvoice:aiden,not_applicable:fixed_pretrained_tts_no_reference_audio,cuda:0,offline_local_gguf_qwen3_tts_customvoice_fixed_aiden,24000,wav,language_provenance=intended_input_text_only;literal_source_text_sha256=9a173921f0cdb179f2abd90d8c7a2477c3b9e30b1176fb5dfe3aa4b4c3709941;rng_seed=2585213217;reference_audio=forbidden;voice_design=forbidden,2585213217,2026-08-13T18:35:11Z
voxforge_ru_mdc_qwen3_tts_customvoice_aiden_v1:2f2a23436adc2e70653f,raw/voxforge_ru_mdc_qwen3_tts_customvoice_aiden_v1/slices/pre_qa/1b460eb613f7ecb2d278-832fa9cf05a6.wav,affe4265074b2579aafb6613272e4e65a94eab0b673608916972f8a8e16ad837,test,spoof,ru,unknown,voxforge_ru_mdc_qwen3_tts_customvoice_aiden_v1:fixed-profile:qwen3_tts_customvoice:aiden,voxforge_ru_mdc_qwen3_tts_customvoice_aiden_v1,VoxForge Russian GPL-3.0-or-later; Qwen CustomVoice/tokenizer Apache-2.0; cstr GGUF conversion Apache-2.0; CrispASR MIT,"Offline literal-text-only derivative of voxforge_ru_mdc_2026_05 text ru_0024; Apache-2.0: Qwen CustomVoice and tokenizer model cards, cstr GGUF conversion cards, and CrispASR runtime release; permitted only for this project's personal-research scope with no training, calibration, product, re-hosting, verified-speaker or speaker-independence claim; fixed documented English Aiden token; no reference audio, voice cloning, VoiceDesign or auto-download; language provenance is intended input text until acoustic/language review",voxforge_ru_mdc_qwen3_tts_customvoice_aiden_v1:synthetic-profile:qwen3_tts_customvoice:aiden,ru_0024,832fa9cf05a6e5ceee1bc8c94f285a07ee7974406efbcf225ca27965a84e7b93,5.36,qwen3_tts_customvoice_gguf,Qwen3-TTS 0.6B CustomVoice Q8_0 GGUF,talker-cstr-29094dcb46f19b0898616aa9aeb876aa9aa6e086-5227dcbc4df7c5533341d111cc469fa491a48e722b23dd10f553181b52dff2d9; codec-cstr-344e279551177654762e5c7d39e217834325f222-70dc95dbfdd9aa5d9d406236ff771d061bf17b0cda02a72513953355606e719b; crispasr-v0.8.28-99e990ae-c2413af7d5e70a166b74fe96f5afb6d7463f1414a5ac2dea7cd982da9f83f827; fixed-aiden; wrapper-f02d93fd7ee064539771a868c5033bc163bec1c94c838eb1152c52eb7eb677b7,qwen3_tts_customvoice:aiden,not_applicable:fixed_pretrained_tts_no_reference_audio,cuda:0,offline_local_gguf_qwen3_tts_customvoice_fixed_aiden,24000,wav,language_provenance=intended_input_text_only;literal_source_text_sha256=832fa9cf05a6e5ceee1bc8c94f285a07ee7974406efbcf225ca27965a84e7b93;rng_seed=2200938959;reference_audio=forbidden;voice_design=forbidden,2200938959,2026-08-13T18:35:11Z
voxforge_ru_mdc_qwen3_tts_customvoice_aiden_v1:d31af336a941b5bb2812,raw/voxforge_ru_mdc_qwen3_tts_customvoice_aiden_v1/slices/pre_qa/8424fdef0c2cac39532a-02f2a226fffc.wav,ad0a4e1238ac268fb029c6f63e1832e93b51333d77ca2c01ac7a8265a2e4adab,test,spoof,ru,unknown,voxforge_ru_mdc_qwen3_tts_customvoice_aiden_v1:fixed-profile:qwen3_tts_customvoice:aiden,voxforge_ru_mdc_qwen3_tts_customvoice_aiden_v1,VoxForge Russian GPL-3.0-or-later; Qwen CustomVoice/tokenizer Apache-2.0; cstr GGUF conversion Apache-2.0; CrispASR MIT,"Offline literal-text-only derivative of voxforge_ru_mdc_2026_05 text ru_0043; Apache-2.0: Qwen CustomVoice and tokenizer model cards, cstr GGUF conversion cards, and CrispASR runtime release; permitted only for this project's personal-research scope with no training, calibration, product, re-hosting, verified-speaker or speaker-independence claim; fixed documented English Aiden token; no reference audio, voice cloning, VoiceDesign or auto-download; language provenance is intended input text until acoustic/language review",voxforge_ru_mdc_qwen3_tts_customvoice_aiden_v1:synthetic-profile:qwen3_tts_customvoice:aiden,ru_0043,02f2a226fffc0a3c60dd02f9f4f1adee5136aa922b4ff65e003b0fd11a2c16bf,5.6,qwen3_tts_customvoice_gguf,Qwen3-TTS 0.6B CustomVoice Q8_0 GGUF,talker-cstr-29094dcb46f19b0898616aa9aeb876aa9aa6e086-5227dcbc4df7c5533341d111cc469fa491a48e722b23dd10f553181b52dff2d9; codec-cstr-344e279551177654762e5c7d39e217834325f222-70dc95dbfdd9aa5d9d406236ff771d061bf17b0cda02a72513953355606e719b; crispasr-v0.8.28-99e990ae-c2413af7d5e70a166b74fe96f5afb6d7463f1414a5ac2dea7cd982da9f83f827; fixed-aiden; wrapper-f02d93fd7ee064539771a868c5033bc163bec1c94c838eb1152c52eb7eb677b7,qwen3_tts_customvoice:aiden,not_applicable:fixed_pretrained_tts_no_reference_audio,cuda:0,offline_local_gguf_qwen3_tts_customvoice_fixed_aiden,24000,wav,language_provenance=intended_input_text_only;literal_source_text_sha256=02f2a226fffc0a3c60dd02f9f4f1adee5136aa922b4ff65e003b0fd11a2c16bf;rng_seed=49455654;reference_audio=forbidden;voice_design=forbidden,49455654,2026-08-13T18:35:11Z
voxforge_ru_mdc_qwen3_tts_customvoice_aiden_v1:acb55cb3ca55324cbea2,raw/voxforge_ru_mdc_qwen3_tts_customvoice_aiden_v1/slices/pre_qa/37e636302bd4bd981fa4-ff5fa09d83d2.wav,6a51fecf2ebc5770f2e60819920afd518cef6353320a5c0af235e660e9e386f1,test,spoof,ru,unknown,voxforge_ru_mdc_qwen3_tts_customvoice_aiden_v1:fixed-profile:qwen3_tts_customvoice:aiden,voxforge_ru_mdc_qwen3_tts_customvoice_aiden_v1,VoxForge Russian GPL-3.0-or-later; Qwen CustomVoice/tokenizer Apache-2.0; cstr GGUF conversion Apache-2.0; CrispASR MIT,"Offline literal-text-only derivative of voxforge_ru_mdc_2026_05 text ru_0087; Apache-2.0: Qwen CustomVoice and tokenizer model cards, cstr GGUF conversion cards, and CrispASR runtime release; permitted only for this project's personal-research scope with no training, calibration, product, re-hosting, verified-speaker or speaker-independence claim; fixed documented English Aiden token; no reference audio, voice cloning, VoiceDesign or auto-download; language provenance is intended input text until acoustic/language review",voxforge_ru_mdc_qwen3_tts_customvoice_aiden_v1:synthetic-profile:qwen3_tts_customvoice:aiden,ru_0087,ff5fa09d83d28397669ab1932464a7066485643014a14c3575ef957b496f0bf1,6.08,qwen3_tts_customvoice_gguf,Qwen3-TTS 0.6B CustomVoice Q8_0 GGUF,talker-cstr-29094dcb46f19b0898616aa9aeb876aa9aa6e086-5227dcbc4df7c5533341d111cc469fa491a48e722b23dd10f553181b52dff2d9; codec-cstr-344e279551177654762e5c7d39e217834325f222-70dc95dbfdd9aa5d9d406236ff771d061bf17b0cda02a72513953355606e719b; crispasr-v0.8.28-99e990ae-c2413af7d5e70a166b74fe96f5afb6d7463f1414a5ac2dea7cd982da9f83f827; fixed-aiden; wrapper-f02d93fd7ee064539771a868c5033bc163bec1c94c838eb1152c52eb7eb677b7,qwen3_tts_customvoice:aiden,not_applicable:fixed_pretrained_tts_no_reference_audio,cuda:0,offline_local_gguf_qwen3_tts_customvoice_fixed_aiden,24000,wav,language_provenance=intended_input_text_only;literal_source_text_sha256=ff5fa09d83d28397669ab1932464a7066485643014a14c3575ef957b496f0bf1;rng_seed=4284457117;reference_audio=forbidden;voice_design=forbidden,4284457117,2026-08-13T18:35:11Z
voxforge_ru_mdc_qwen3_tts_customvoice_aiden_v1:2468fff83ae4c258cd17,raw/voxforge_ru_mdc_qwen3_tts_customvoice_aiden_v1/slices/pre_qa/e2d6458aeacafe561127-05a4c32e8a68.wav,1b81289a056f7b47575d9312b14b95e86d2b1b15cfc58a6e97a76986a29b6313,test,spoof,ru,unknown,voxforge_ru_mdc_qwen3_tts_customvoice_aiden_v1:fixed-profile:qwen3_tts_customvoice:aiden,voxforge_ru_mdc_qwen3_tts_customvoice_aiden_v1,VoxForge Russian GPL-3.0-or-later; Qwen CustomVoice/tokenizer Apache-2.0; cstr GGUF conversion Apache-2.0; CrispASR MIT,"Offline literal-text-only derivative of voxforge_ru_mdc_2026_05 text ru_0081; Apache-2.0: Qwen CustomVoice and tokenizer model cards, cstr GGUF conversion cards, and CrispASR runtime release; permitted only for this project's personal-research scope with no training, calibration, product, re-hosting, verified-speaker or speaker-independence claim; fixed documented English Aiden token; no reference audio, voice cloning, VoiceDesign or auto-download; language provenance is intended input text until acoustic/language review",voxforge_ru_mdc_qwen3_tts_customvoice_aiden_v1:synthetic-profile:qwen3_tts_customvoice:aiden,ru_0081,05a4c32e8a6833c589dddb3eb627e0ec22a5419bb12e7ebf8efbc24a86c6a75e,5.36,qwen3_tts_customvoice_gguf,Qwen3-TTS 0.6B CustomVoice Q8_0 GGUF,talker-cstr-29094dcb46f19b0898616aa9aeb876aa9aa6e086-5227dcbc4df7c5533341d111cc469fa491a48e722b23dd10f553181b52dff2d9; codec-cstr-344e279551177654762e5c7d39e217834325f222-70dc95dbfdd9aa5d9d406236ff771d061bf17b0cda02a72513953355606e719b; crispasr-v0.8.28-99e990ae-c2413af7d5e70a166b74fe96f5afb6d7463f1414a5ac2dea7cd982da9f83f827; fixed-aiden; wrapper-f02d93fd7ee064539771a868c5033bc163bec1c94c838eb1152c52eb7eb677b7,qwen3_tts_customvoice:aiden,not_applicable:fixed_pretrained_tts_no_reference_audio,cuda:0,offline_local_gguf_qwen3_tts_customvoice_fixed_aiden,24000,wav,language_provenance=intended_input_text_only;literal_source_text_sha256=05a4c32e8a6833c589dddb3eb627e0ec22a5419bb12e7ebf8efbc24a86c6a75e;rng_seed=94683950;reference_audio=forbidden;voice_design=forbidden,94683950,2026-08-13T18:35:11Z
voxforge_ru_mdc_qwen3_tts_customvoice_aiden_v1:125cac71d34c91d2908c,raw/voxforge_ru_mdc_qwen3_tts_customvoice_aiden_v1/slices/pre_qa/d6134937e56a3417cf59-6cbf385566de.wav,c2db1eec5b9ae16cdf5c26f3adb111b53c3c4430bb7d7d58ec0d17fd6c530516,test,spoof,ru,unknown,voxforge_ru_mdc_qwen3_tts_customvoice_aiden_v1:fixed-profile:qwen3_tts_customvoice:aiden,voxforge_ru_mdc_qwen3_tts_customvoice_aiden_v1,VoxForge Russian GPL-3.0-or-later; Qwen CustomVoice/tokenizer Apache-2.0; cstr GGUF conversion Apache-2.0; CrispASR MIT,"Offline literal-text-only derivative of voxforge_ru_mdc_2026_05 text ru_0015; Apache-2.0: Qwen CustomVoice and tokenizer model cards, cstr GGUF conversion cards, and CrispASR runtime release; permitted only for this project's personal-research scope with no training, calibration, product, re-hosting, verified-speaker or speaker-independence claim; fixed documented English Aiden token; no reference audio, voice cloning, VoiceDesign or auto-download; language provenance is intended input text until acoustic/language review",voxforge_ru_mdc_qwen3_tts_customvoice_aiden_v1:synthetic-profile:qwen3_tts_customvoice:aiden,ru_0015,6cbf385566deef9216dba8d96b52613d7dc3cbe52ad79631237c672891525f83,8.48,qwen3_tts_customvoice_gguf,Qwen3-TTS 0.6B CustomVoice Q8_0 GGUF,talker-cstr-29094dcb46f19b0898616aa9aeb876aa9aa6e086-5227dcbc4df7c5533341d111cc469fa491a48e722b23dd10f553181b52dff2d9; codec-cstr-344e279551177654762e5c7d39e217834325f222-70dc95dbfdd9aa5d9d406236ff771d061bf17b0cda02a72513953355606e719b; crispasr-v0.8.28-99e990ae-c2413af7d5e70a166b74fe96f5afb6d7463f1414a5ac2dea7cd982da9f83f827; fixed-aiden; wrapper-f02d93fd7ee064539771a868c5033bc163bec1c94c838eb1152c52eb7eb677b7,qwen3_tts_customvoice:aiden,not_applicable:fixed_pretrained_tts_no_reference_audio,cuda:0,offline_local_gguf_qwen3_tts_customvoice_fixed_aiden,24000,wav,language_provenance=intended_input_text_only;literal_source_text_sha256=6cbf385566deef9216dba8d96b52613d7dc3cbe52ad79631237c672891525f83;rng_seed=1824471125;reference_audio=forbidden;voice_design=forbidden,1824471125,2026-08-13T18:35:11Z
voxforge_ru_mdc_qwen3_tts_customvoice_aiden_v1:d08972d67819472d08b5,raw/voxforge_ru_mdc_qwen3_tts_customvoice_aiden_v1/slices/pre_qa/012a0aec92cdce38100c-66dd409823dc.wav,1fe71eaba341d1f74235f4b753bbd0523003dc195c381f4a2b89332eb9ef2870,test,spoof,ru,unknown,voxforge_ru_mdc_qwen3_tts_customvoice_aiden_v1:fixed-profile:qwen3_tts_customvoice:aiden,voxforge_ru_mdc_qwen3_tts_customvoice_aiden_v1,VoxForge Russian GPL-3.0-or-later; Qwen CustomVoice/tokenizer Apache-2.0; cstr GGUF conversion Apache-2.0; CrispASR MIT,"Offline literal-text-only derivative of voxforge_ru_mdc_2026_05 text ru_0013; Apache-2.0: Qwen CustomVoice and tokenizer model cards, cstr GGUF conversion cards, and CrispASR runtime release; permitted only for this project's personal-research scope with no training, calibration, product, re-hosting, verified-speaker or speaker-independence claim; fixed documented English Aiden token; no reference audio, voice cloning, VoiceDesign or auto-download; language provenance is intended input text until acoustic/language review",voxforge_ru_mdc_qwen3_tts_customvoice_aiden_v1:synthetic-profile:qwen3_tts_customvoice:aiden,ru_0013,66dd409823dc9dcfb242cb52369ec1e38d5960d0d427ef204c5ed11cf9bddabf,8.16,qwen3_tts_customvoice_gguf,Qwen3-TTS 0.6B CustomVoice Q8_0 GGUF,talker-cstr-29094dcb46f19b0898616aa9aeb876aa9aa6e086-5227dcbc4df7c5533341d111cc469fa491a48e722b23dd10f553181b52dff2d9; codec-cstr-344e279551177654762e5c7d39e217834325f222-70dc95dbfdd9aa5d9d406236ff771d061bf17b0cda02a72513953355606e719b; crispasr-v0.8.28-99e990ae-c2413af7d5e70a166b74fe96f5afb6d7463f1414a5ac2dea7cd982da9f83f827; fixed-aiden; wrapper-f02d93fd7ee064539771a868c5033bc163bec1c94c838eb1152c52eb7eb677b7,qwen3_tts_customvoice:aiden,not_applicable:fixed_pretrained_tts_no_reference_audio,cuda:0,offline_local_gguf_qwen3_tts_customvoice_fixed_aiden,24000,wav,language_provenance=intended_input_text_only;literal_source_text_sha256=66dd409823dc9dcfb242cb52369ec1e38d5960d0d427ef204c5ed11cf9bddabf;rng_seed=1725776024;reference_audio=forbidden;voice_design=forbidden,1725776024,2026-08-13T18:35:11Z
voxforge_ru_mdc_qwen3_tts_customvoice_aiden_v1:001bf24ad6e91aa21b2d,raw/voxforge_ru_mdc_qwen3_tts_customvoice_aiden_v1/slices/pre_qa/aa298a1b6dc650285c8c-5212eb0fb22d.wav,9a1ef9c2cd2b65dd8c5152705c8d9bc3ec03de9327906d95b948b5ff8f8c9d0d,test,spoof,ru,unknown,voxforge_ru_mdc_qwen3_tts_customvoice_aiden_v1:fixed-profile:qwen3_tts_customvoice:aiden,voxforge_ru_mdc_qwen3_tts_customvoice_aiden_v1,VoxForge Russian GPL-3.0-or-later; Qwen CustomVoice/tokenizer Apache-2.0; cstr GGUF conversion Apache-2.0; CrispASR MIT,"Offline literal-text-only derivative of voxforge_ru_mdc_2026_05 text ru_0068; Apache-2.0: Qwen CustomVoice and tokenizer model cards, cstr GGUF conversion cards, and CrispASR runtime release; permitted only for this project's personal-research scope with no training, calibration, product, re-hosting, verified-speaker or speaker-independence claim; fixed documented English Aiden token; no reference audio, voice cloning, VoiceDesign or auto-download; language provenance is intended input text until acoustic/language review",voxforge_ru_mdc_qwen3_tts_customvoice_aiden_v1:synthetic-profile:qwen3_tts_customvoice:aiden,ru_0068,5212eb0fb22dbd4d23781f2127e25b13fc13e80b121cbb2abe58ff0754f52066,5.2,qwen3_tts_customvoice_gguf,Qwen3-TTS 0.6B CustomVoice Q8_0 GGUF,talker-cstr-29094dcb46f19b0898616aa9aeb876aa9aa6e086-5227dcbc4df7c5533341d111cc469fa491a48e722b23dd10f553181b52dff2d9; codec-cstr-344e279551177654762e5c7d39e217834325f222-70dc95dbfdd9aa5d9d406236ff771d061bf17b0cda02a72513953355606e719b; crispasr-v0.8.28-99e990ae-c2413af7d5e70a166b74fe96f5afb6d7463f1414a5ac2dea7cd982da9f83f827; fixed-aiden; wrapper-f02d93fd7ee064539771a868c5033bc163bec1c94c838eb1152c52eb7eb677b7,qwen3_tts_customvoice:aiden,not_applicable:fixed_pretrained_tts_no_reference_audio,cuda:0,offline_local_gguf_qwen3_tts_customvoice_fixed_aiden,24000,wav,language_provenance=intended_input_text_only;literal_source_text_sha256=5212eb0fb22dbd4d23781f2127e25b13fc13e80b121cbb2abe58ff0754f52066;rng_seed=1376971535;reference_audio=forbidden;voice_design=forbidden,1376971535,2026-08-13T18:35:11Z
voxforge_ru_mdc_qwen3_tts_customvoice_aiden_v1:3b063d83f11fce5586b4,raw/voxforge_ru_mdc_qwen3_tts_customvoice_aiden_v1/slices/pre_qa/51aaa21c2330c736d023-8f4e0f69ac1a.wav,62114e4b53520ac5542c34b92b198c65625aedd35ee68254be28a3da579dae5e,test,spoof,ru,unknown,voxforge_ru_mdc_qwen3_tts_customvoice_aiden_v1:fixed-profile:qwen3_tts_customvoice:aiden,voxforge_ru_mdc_qwen3_tts_customvoice_aiden_v1,VoxForge Russian GPL-3.0-or-later; Qwen CustomVoice/tokenizer Apache-2.0; cstr GGUF conversion Apache-2.0; CrispASR MIT,"Offline literal-text-only derivative of voxforge_ru_mdc_2026_05 text ru_0086; Apache-2.0: Qwen CustomVoice and tokenizer model cards, cstr GGUF conversion cards, and CrispASR runtime release; permitted only for this project's personal-research scope with no training, calibration, product, re-hosting, verified-speaker or speaker-independence claim; fixed documented English Aiden token; no reference audio, voice cloning, VoiceDesign or auto-download; language provenance is intended input text until acoustic/language review",voxforge_ru_mdc_qwen3_tts_customvoice_aiden_v1:synthetic-profile:qwen3_tts_customvoice:aiden,ru_0086,8f4e0f69ac1adab6327cfe9e59bf3e75a5b69a37dc84149fefa1d20aacabbbde,7.84,qwen3_tts_customvoice_gguf,Qwen3-TTS 0.6B CustomVoice Q8_0 GGUF,talker-cstr-29094dcb46f19b0898616aa9aeb876aa9aa6e086-5227dcbc4df7c5533341d111cc469fa491a48e722b23dd10f553181b52dff2d9; codec-cstr-344e279551177654762e5c7d39e217834325f222-70dc95dbfdd9aa5d9d406236ff771d061bf17b0cda02a72513953355606e719b; crispasr-v0.8.28-99e990ae-c2413af7d5e70a166b74fe96f5afb6d7463f1414a5ac2dea7cd982da9f83f827; fixed-aiden; wrapper-f02d93fd7ee064539771a868c5033bc163bec1c94c838eb1152c52eb7eb677b7,qwen3_tts_customvoice:aiden,not_applicable:fixed_pretrained_tts_no_reference_audio,cuda:0,offline_local_gguf_qwen3_tts_customvoice_fixed_aiden,24000,wav,language_provenance=intended_input_text_only;literal_source_text_sha256=8f4e0f69ac1adab6327cfe9e59bf3e75a5b69a37dc84149fefa1d20aacabbbde;rng_seed=2404257641;reference_audio=forbidden;voice_design=forbidden,2404257641,2026-08-13T18:35:11Z
voxforge_ru_mdc_qwen3_tts_customvoice_aiden_v1:ee1ed772bd6c6b3371ae,raw/voxforge_ru_mdc_qwen3_tts_customvoice_aiden_v1/slices/pre_qa/824701eb2a827ab032d6-f2c3126412f6.wav,30bfae9074727fcd7c561398ea5b721c0a16d8a015dd306f67c09ed9976dc134,test,spoof,ru,unknown,voxforge_ru_mdc_qwen3_tts_customvoice_aiden_v1:fixed-profile:qwen3_tts_customvoice:aiden,voxforge_ru_mdc_qwen3_tts_customvoice_aiden_v1,VoxForge Russian GPL-3.0-or-later; Qwen CustomVoice/tokenizer Apache-2.0; cstr GGUF conversion Apache-2.0; CrispASR MIT,"Offline literal-text-only derivative of voxforge_ru_mdc_2026_05 text ru_0016; Apache-2.0: Qwen CustomVoice and tokenizer model cards, cstr GGUF conversion cards, and CrispASR runtime release; permitted only for this project's personal-research scope with no training, calibration, product, re-hosting, verified-speaker or speaker-independence claim; fixed documented English Aiden token; no reference audio, voice cloning, VoiceDesign or auto-download; language provenance is intended input text until acoustic/language review",voxforge_ru_mdc_qwen3_tts_customvoice_aiden_v1:synthetic-profile:qwen3_tts_customvoice:aiden,ru_0016,f2c3126412f64494c9edf7e3128d71c0cd4e225ec005f3fad3b76756e561bd47,5.52,qwen3_tts_customvoice_gguf,Qwen3-TTS 0.6B CustomVoice Q8_0 GGUF,talker-cstr-29094dcb46f19b0898616aa9aeb876aa9aa6e086-5227dcbc4df7c5533341d111cc469fa491a48e722b23dd10f553181b52dff2d9; codec-cstr-344e279551177654762e5c7d39e217834325f222-70dc95dbfdd9aa5d9d406236ff771d061bf17b0cda02a72513953355606e719b; crispasr-v0.8.28-99e990ae-c2413af7d5e70a166b74fe96f5afb6d7463f1414a5ac2dea7cd982da9f83f827; fixed-aiden; wrapper-f02d93fd7ee064539771a868c5033bc163bec1c94c838eb1152c52eb7eb677b7,qwen3_tts_customvoice:aiden,not_applicable:fixed_pretrained_tts_no_reference_audio,cuda:0,offline_local_gguf_qwen3_tts_customvoice_fixed_aiden,24000,wav,language_provenance=intended_input_text_only;literal_source_text_sha256=f2c3126412f64494c9edf7e3128d71c0cd4e225ec005f3fad3b76756e561bd47;rng_seed=4072870500;reference_audio=forbidden;voice_design=forbidden,4072870500,2026-08-13T18:35:11Z
voxforge_ru_mdc_qwen3_tts_customvoice_aiden_v1:8d16737f7060a93af517,raw/voxforge_ru_mdc_qwen3_tts_customvoice_aiden_v1/slices/pre_qa/ca1dd4f9154175af0bdd-8a0cf255b24d.wav,7bf0a6111e0c985a110c503de1f6552fe51ba6b79443e98f9dfabc62aaad48f1,test,spoof,ru,unknown,voxforge_ru_mdc_qwen3_tts_customvoice_aiden_v1:fixed-profile:qwen3_tts_customvoice:aiden,voxforge_ru_mdc_qwen3_tts_customvoice_aiden_v1,VoxForge Russian GPL-3.0-or-later; Qwen CustomVoice/tokenizer Apache-2.0; cstr GGUF conversion Apache-2.0; CrispASR MIT,"Offline literal-text-only derivative of voxforge_ru_mdc_2026_05 text ru_0088; Apache-2.0: Qwen CustomVoice and tokenizer model cards, cstr GGUF conversion cards, and CrispASR runtime release; permitted only for this project's personal-research scope with no training, calibration, product, re-hosting, verified-speaker or speaker-independence claim; fixed documented English Aiden token; no reference audio, voice cloning, VoiceDesign or auto-download; language provenance is intended input text until acoustic/language review",voxforge_ru_mdc_qwen3_tts_customvoice_aiden_v1:synthetic-profile:qwen3_tts_customvoice:aiden,ru_0088,8a0cf255b24de364f14537864bc5ab8ee094668c74dbb2c9c279b7a574973f97,6.96,qwen3_tts_customvoice_gguf,Qwen3-TTS 0.6B CustomVoice Q8_0 GGUF,talker-cstr-29094dcb46f19b0898616aa9aeb876aa9aa6e086-5227dcbc4df7c5533341d111cc469fa491a48e722b23dd10f553181b52dff2d9; codec-cstr-344e279551177654762e5c7d39e217834325f222-70dc95dbfdd9aa5d9d406236ff771d061bf17b0cda02a72513953355606e719b; crispasr-v0.8.28-99e990ae-c2413af7d5e70a166b74fe96f5afb6d7463f1414a5ac2dea7cd982da9f83f827; fixed-aiden; wrapper-f02d93fd7ee064539771a868c5033bc163bec1c94c838eb1152c52eb7eb677b7,qwen3_tts_customvoice:aiden,not_applicable:fixed_pretrained_tts_no_reference_audio,cuda:0,offline_local_gguf_qwen3_tts_customvoice_fixed_aiden,24000,wav,language_provenance=intended_input_text_only;literal_source_text_sha256=8a0cf255b24de364f14537864bc5ab8ee094668c74dbb2c9c279b7a574973f97;rng_seed=2316104277;reference_audio=forbidden;voice_design=forbidden,2316104277,2026-08-13T18:35:11Z
voxforge_ru_mdc_qwen3_tts_customvoice_aiden_v1:42cad56edbb62f9c9bbb,raw/voxforge_ru_mdc_qwen3_tts_customvoice_aiden_v1/slices/pre_qa/b1c00dd62475b22b70b4-a136a92fa2c4.wav,c0a96b098e2188f710a6f302cd711e2116ce007a9224dd67bedc1fe7c0c66f16,test,spoof,ru,unknown,voxforge_ru_mdc_qwen3_tts_customvoice_aiden_v1:fixed-profile:qwen3_tts_customvoice:aiden,voxforge_ru_mdc_qwen3_tts_customvoice_aiden_v1,VoxForge Russian GPL-3.0-or-later; Qwen CustomVoice/tokenizer Apache-2.0; cstr GGUF conversion Apache-2.0; CrispASR MIT,"Offline literal-text-only derivative of voxforge_ru_mdc_2026_05 text ru_0011; Apache-2.0: Qwen CustomVoice and tokenizer model cards, cstr GGUF conversion cards, and CrispASR runtime release; permitted only for this project's personal-research scope with no training, calibration, product, re-hosting, verified-speaker or speaker-independence claim; fixed documented English Aiden token; no reference audio, voice cloning, VoiceDesign or auto-download; language provenance is intended input text until acoustic/language review",voxforge_ru_mdc_qwen3_tts_customvoice_aiden_v1:synthetic-profile:qwen3_tts_customvoice:aiden,ru_0011,a136a92fa2c422d8607d769be2e121b0e8e9203e87c59d8a4c5f5e58c755ca0d,12.0,qwen3_tts_customvoice_gguf,Qwen3-TTS 0.6B CustomVoice Q8_0 GGUF,talker-cstr-29094dcb46f19b0898616aa9aeb876aa9aa6e086-5227dcbc4df7c5533341d111cc469fa491a48e722b23dd10f553181b52dff2d9; codec-cstr-344e279551177654762e5c7d39e217834325f222-70dc95dbfdd9aa5d9d406236ff771d061bf17b0cda02a72513953355606e719b; crispasr-v0.8.28-99e990ae-c2413af7d5e70a166b74fe96f5afb6d7463f1414a5ac2dea7cd982da9f83f827; fixed-aiden; wrapper-f02d93fd7ee064539771a868c5033bc163bec1c94c838eb1152c52eb7eb677b7,qwen3_tts_customvoice:aiden,not_applicable:fixed_pretrained_tts_no_reference_audio,cuda:0,offline_local_gguf_qwen3_tts_customvoice_fixed_aiden,24000,wav,language_provenance=intended_input_text_only;literal_source_text_sha256=a136a92fa2c422d8607d769be2e121b0e8e9203e87c59d8a4c5f5e58c755ca0d;rng_seed=2704714031;reference_audio=forbidden;voice_design=forbidden,2704714031,2026-08-13T18:35:11Z
voxforge_ru_mdc_qwen3_tts_customvoice_aiden_v1:716d5105922079585065,raw/voxforge_ru_mdc_qwen3_tts_customvoice_aiden_v1/slices/pre_qa/c063a25c7696cdf57bac-b90c10d1a2fb.wav,8b411b7a83015707f108b3870ae0dc77d31a1076cf4a88bb02ca8281b6765bad,test,spoof,ru,unknown,voxforge_ru_mdc_qwen3_tts_customvoice_aiden_v1:fixed-profile:qwen3_tts_customvoice:aiden,voxforge_ru_mdc_qwen3_tts_customvoice_aiden_v1,VoxForge Russian GPL-3.0-or-later; Qwen CustomVoice/tokenizer Apache-2.0; cstr GGUF conversion Apache-2.0; CrispASR MIT,"Offline literal-text-only derivative of voxforge_ru_mdc_2026_05 text ru_0079; Apache-2.0: Qwen CustomVoice and tokenizer model cards, cstr GGUF conversion cards, and CrispASR runtime release; permitted only for this project's personal-research scope with no training, calibration, product, re-hosting, verified-speaker or speaker-independence claim; fixed documented English Aiden token; no reference audio, voice cloning, VoiceDesign or auto-download; language provenance is intended input text until acoustic/language review",voxforge_ru_mdc_qwen3_tts_customvoice_aiden_v1:synthetic-profile:qwen3_tts_customvoice:aiden,ru_0079,b90c10d1a2fb9d483fd33f9a6c2b4b6afc3972f1d335f97c1c9400968317baa7,5.52,qwen3_tts_customvoice_gguf,Qwen3-TTS 0.6B CustomVoice Q8_0 GGUF,talker-cstr-29094dcb46f19b0898616aa9aeb876aa9aa6e086-5227dcbc4df7c5533341d111cc469fa491a48e722b23dd10f553181b52dff2d9; codec-cstr-344e279551177654762e5c7d39e217834325f222-70dc95dbfdd9aa5d9d406236ff771d061bf17b0cda02a72513953355606e719b; crispasr-v0.8.28-99e990ae-c2413af7d5e70a166b74fe96f5afb6d7463f1414a5ac2dea7cd982da9f83f827; fixed-aiden; wrapper-f02d93fd7ee064539771a868c5033bc163bec1c94c838eb1152c52eb7eb677b7,qwen3_tts_customvoice:aiden,not_applicable:fixed_pretrained_tts_no_reference_audio,cuda:0,offline_local_gguf_qwen3_tts_customvoice_fixed_aiden,24000,wav,language_provenance=intended_input_text_only;literal_source_text_sha256=b90c10d1a2fb9d483fd33f9a6c2b4b6afc3972f1d335f97c1c9400968317baa7;rng_seed=3104575697;reference_audio=forbidden;voice_design=forbidden,3104575697,2026-08-13T18:35:11Z
voxforge_ru_mdc_qwen3_tts_customvoice_aiden_v1:24b9ead716ba1791ea1f,raw/voxforge_ru_mdc_qwen3_tts_customvoice_aiden_v1/slices/pre_qa/fbe2f129e9d26ebf9a91-1d3321395e14.wav,65c16246f472bdb10882ec70643b3c05be1d77a86ab5aa4fe97fdf70051a4c8a,test,spoof,ru,unknown,voxforge_ru_mdc_qwen3_tts_customvoice_aiden_v1:fixed-profile:qwen3_tts_customvoice:aiden,voxforge_ru_mdc_qwen3_tts_customvoice_aiden_v1,VoxForge Russian GPL-3.0-or-later; Qwen CustomVoice/tokenizer Apache-2.0; cstr GGUF conversion Apache-2.0; CrispASR MIT,"Offline literal-text-only derivative of voxforge_ru_mdc_2026_05 text ru_0010; Apache-2.0: Qwen CustomVoice and tokenizer model cards, cstr GGUF conversion cards, and CrispASR runtime release; permitted only for this project's personal-research scope with no training, calibration, product, re-hosting, verified-speaker or speaker-independence claim; fixed documented English Aiden token; no reference audio, voice cloning, VoiceDesign or auto-download; language provenance is intended input text until acoustic/language review",voxforge_ru_mdc_qwen3_tts_customvoice_aiden_v1:synthetic-profile:qwen3_tts_customvoice:aiden,ru_0010,1d3321395e14f6cf4dd80204e2e80181721f9fb68689edbd4d5f9fcc8cfc3bba,7.36,qwen3_tts_customvoice_gguf,Qwen3-TTS 0.6B CustomVoice Q8_0 GGUF,talker-cstr-29094dcb46f19b0898616aa9aeb876aa9aa6e086-5227dcbc4df7c5533341d111cc469fa491a48e722b23dd10f553181b52dff2d9; codec-cstr-344e279551177654762e5c7d39e217834325f222-70dc95dbfdd9aa5d9d406236ff771d061bf17b0cda02a72513953355606e719b; crispasr-v0.8.28-99e990ae-c2413af7d5e70a166b74fe96f5afb6d7463f1414a5ac2dea7cd982da9f83f827; fixed-aiden; wrapper-f02d93fd7ee064539771a868c5033bc163bec1c94c838eb1152c52eb7eb677b7,qwen3_tts_customvoice:aiden,not_applicable:fixed_pretrained_tts_no_reference_audio,cuda:0,offline_local_gguf_qwen3_tts_customvoice_fixed_aiden,24000,wav,language_provenance=intended_input_text_only;literal_source_text_sha256=1d3321395e14f6cf4dd80204e2e80181721f9fb68689edbd4d5f9fcc8cfc3bba;rng_seed=489890105;reference_audio=forbidden;voice_design=forbidden,489890105,2026-08-13T18:35:11Z
voxforge_ru_mdc_qwen3_tts_customvoice_aiden_v1:bedf22bee2a7b0599364,raw/voxforge_ru_mdc_qwen3_tts_customvoice_aiden_v1/slices/pre_qa/fc147694ce56636797e6-badaef8270a2.wav,26f80010b99472b4c731efec6929e5def94c4029fbbba28bb055159c6059da0f,test,spoof,ru,unknown,voxforge_ru_mdc_qwen3_tts_customvoice_aiden_v1:fixed-profile:qwen3_tts_customvoice:aiden,voxforge_ru_mdc_qwen3_tts_customvoice_aiden_v1,VoxForge Russian GPL-3.0-or-later; Qwen CustomVoice/tokenizer Apache-2.0; cstr GGUF conversion Apache-2.0; CrispASR MIT,"Offline literal-text-only derivative of voxforge_ru_mdc_2026_05 text ru_0008; Apache-2.0: Qwen CustomVoice and tokenizer model cards, cstr GGUF conversion cards, and CrispASR runtime release; permitted only for this project's personal-research scope with no training, calibration, product, re-hosting, verified-speaker or speaker-independence claim; fixed documented English Aiden token; no reference audio, voice cloning, VoiceDesign or auto-download; language provenance is intended input text until acoustic/language review",voxforge_ru_mdc_qwen3_tts_customvoice_aiden_v1:synthetic-profile:qwen3_tts_customvoice:aiden,ru_0008,badaef8270a22d017c41d4d66a44e6b18b2d65f8c613d51b93845ffcaedb246b,9.28,qwen3_tts_customvoice_gguf,Qwen3-TTS 0.6B CustomVoice Q8_0 GGUF,talker-cstr-29094dcb46f19b0898616aa9aeb876aa9aa6e086-5227dcbc4df7c5533341d111cc469fa491a48e722b23dd10f553181b52dff2d9; codec-cstr-344e279551177654762e5c7d39e217834325f222-70dc95dbfdd9aa5d9d406236ff771d061bf17b0cda02a72513953355606e719b; crispasr-v0.8.28-99e990ae-c2413af7d5e70a166b74fe96f5afb6d7463f1414a5ac2dea7cd982da9f83f827; fixed-aiden; wrapper-f02d93fd7ee064539771a868c5033bc163bec1c94c838eb1152c52eb7eb677b7,qwen3_tts_customvoice:aiden,not_applicable:fixed_pretrained_tts_no_reference_audio,cuda:0,offline_local_gguf_qwen3_tts_customvoice_fixed_aiden,24000,wav,language_provenance=intended_input_text_only;literal_source_text_sha256=badaef8270a22d017c41d4d66a44e6b18b2d65f8c613d51b93845ffcaedb246b;rng_seed=3134910338;reference_audio=forbidden;voice_design=forbidden,3134910338,2026-08-13T18:35:11Z
voxforge_ru_mdc_qwen3_tts_customvoice_aiden_v1:6772917e8e515af3d684,raw/voxforge_ru_mdc_qwen3_tts_customvoice_aiden_v1/slices/pre_qa/055b045e0d66d94a684d-7bd6b96aeaf9.wav,1642d20d524d70a63e87c4d28415d6c2bde5f722bce8866dfacad83dd3cfcc60,test,spoof,ru,unknown,voxforge_ru_mdc_qwen3_tts_customvoice_aiden_v1:fixed-profile:qwen3_tts_customvoice:aiden,voxforge_ru_mdc_qwen3_tts_customvoice_aiden_v1,VoxForge Russian GPL-3.0-or-later; Qwen CustomVoice/tokenizer Apache-2.0; cstr GGUF conversion Apache-2.0; CrispASR MIT,"Offline literal-text-only derivative of voxforge_ru_mdc_2026_05 text ru_0069; Apache-2.0: Qwen CustomVoice and tokenizer model cards, cstr GGUF conversion cards, and CrispASR runtime release; permitted only for this project's personal-research scope with no training, calibration, product, re-hosting, verified-speaker or speaker-independence claim; fixed documented English Aiden token; no reference audio, voice cloning, VoiceDesign or auto-download; language provenance is intended input text until acoustic/language review",voxforge_ru_mdc_qwen3_tts_customvoice_aiden_v1:synthetic-profile:qwen3_tts_customvoice:aiden,ru_0069,7bd6b96aeaf9a714f282070c39b34f95fa5d527651df86098734d723fa701447,5.52,qwen3_tts_customvoice_gguf,Qwen3-TTS 0.6B CustomVoice Q8_0 GGUF,talker-cstr-29094dcb46f19b0898616aa9aeb876aa9aa6e086-5227dcbc4df7c5533341d111cc469fa491a48e722b23dd10f553181b52dff2d9; codec-cstr-344e279551177654762e5c7d39e217834325f222-70dc95dbfdd9aa5d9d406236ff771d061bf17b0cda02a72513953355606e719b; crispasr-v0.8.28-99e990ae-c2413af7d5e70a166b74fe96f5afb6d7463f1414a5ac2dea7cd982da9f83f827; fixed-aiden; wrapper-f02d93fd7ee064539771a868c5033bc163bec1c94c838eb1152c52eb7eb677b7,qwen3_tts_customvoice:aiden,not_applicable:fixed_pretrained_tts_no_reference_audio,cuda:0,offline_local_gguf_qwen3_tts_customvoice_fixed_aiden,24000,wav,language_provenance=intended_input_text_only;literal_source_text_sha256=7bd6b96aeaf9a714f282070c39b34f95fa5d527651df86098734d723fa701447;rng_seed=2077669738;reference_audio=forbidden;voice_design=forbidden,2077669738,2026-08-13T18:35:11Z
voxforge_ru_mdc_qwen3_tts_customvoice_aiden_v1:3eec7731452954ac636b,raw/voxforge_ru_mdc_qwen3_tts_customvoice_aiden_v1/slices/pre_qa/27a20dd3bad6dcfbcab7-8c94caf31d1f.wav,12204c92e5831c98e3d02c3f345154ea640ac57cedaac6ab2f29df9051bbcd22,test,spoof,ru,unknown,voxforge_ru_mdc_qwen3_tts_customvoice_aiden_v1:fixed-profile:qwen3_tts_customvoice:aiden,voxforge_ru_mdc_qwen3_tts_customvoice_aiden_v1,VoxForge Russian GPL-3.0-or-later; Qwen CustomVoice/tokenizer Apache-2.0; cstr GGUF conversion Apache-2.0; CrispASR MIT,"Offline literal-text-only derivative of voxforge_ru_mdc_2026_05 text ru_0050; Apache-2.0: Qwen CustomVoice and tokenizer model cards, cstr GGUF conversion cards, and CrispASR runtime release; permitted only for this project's personal-research scope with no training, calibration, product, re-hosting, verified-speaker or speaker-independence claim; fixed documented English Aiden token; no reference audio, voice cloning, VoiceDesign or auto-download; language provenance is intended input text until acoustic/language review",voxforge_ru_mdc_qwen3_tts_customvoice_aiden_v1:synthetic-profile:qwen3_tts_customvoice:aiden,ru_0050,8c94caf31d1fa9382315e39434ba9e2789d70b071e5bb0dc6030d5115cfa2d70,5.28,qwen3_tts_customvoice_gguf,Qwen3-TTS 0.6B CustomVoice Q8_0 GGUF,talker-cstr-29094dcb46f19b0898616aa9aeb876aa9aa6e086-5227dcbc4df7c5533341d111cc469fa491a48e722b23dd10f553181b52dff2d9; codec-cstr-344e279551177654762e5c7d39e217834325f222-70dc95dbfdd9aa5d9d406236ff771d061bf17b0cda02a72513953355606e719b; crispasr-v0.8.28-99e990ae-c2413af7d5e70a166b74fe96f5afb6d7463f1414a5ac2dea7cd982da9f83f827; fixed-aiden; wrapper-f02d93fd7ee064539771a868c5033bc163bec1c94c838eb1152c52eb7eb677b7,qwen3_tts_customvoice:aiden,not_applicable:fixed_pretrained_tts_no_reference_audio,cuda:0,offline_local_gguf_qwen3_tts_customvoice_fixed_aiden,24000,wav,language_provenance=intended_input_text_only;literal_source_text_sha256=8c94caf31d1fa9382315e39434ba9e2789d70b071e5bb0dc6030d5115cfa2d70;rng_seed=2358561523;reference_audio=forbidden;voice_design=forbidden,2358561523,2026-08-13T18:35:11Z
voxforge_ru_mdc_qwen3_tts_customvoice_aiden_v1:41e60fac2f163a4d376f,raw/voxforge_ru_mdc_qwen3_tts_customvoice_aiden_v1/slices/pre_qa/0f32beaa94adfd97429f-bfa4ce54fc99.wav,5ce84fa02ce8e0b0a45de95ed8dcffbeaa551957ad0f586734b47a40d2f4dd3f,test,spoof,ru,unknown,voxforge_ru_mdc_qwen3_tts_customvoice_aiden_v1:fixed-profile:qwen3_tts_customvoice:aiden,voxforge_ru_mdc_qwen3_tts_customvoice_aiden_v1,VoxForge Russian GPL-3.0-or-later; Qwen CustomVoice/tokenizer Apache-2.0; cstr GGUF conversion Apache-2.0; CrispASR MIT,"Offline literal-text-only derivative of voxforge_ru_mdc_2026_05 text ru_0099; Apache-2.0: Qwen CustomVoice and tokenizer model cards, cstr GGUF conversion cards, and CrispASR runtime release; permitted only for this project's personal-research scope with no training, calibration, product, re-hosting, verified-speaker or speaker-independence claim; fixed documented English Aiden token; no reference audio, voice cloning, VoiceDesign or auto-download; language provenance is intended input text until acoustic/language review",voxforge_ru_mdc_qwen3_tts_customvoice_aiden_v1:synthetic-profile:qwen3_tts_customvoice:aiden,ru_0099,bfa4ce54fc99232f374cf7059b6005b5ac19d6ab2b4bb7d1145f90d9f6ba45f5,4.8,qwen3_tts_customvoice_gguf,Qwen3-TTS 0.6B CustomVoice Q8_0 GGUF,talker-cstr-29094dcb46f19b0898616aa9aeb876aa9aa6e086-5227dcbc4df7c5533341d111cc469fa491a48e722b23dd10f553181b52dff2d9; codec-cstr-344e279551177654762e5c7d39e217834325f222-70dc95dbfdd9aa5d9d406236ff771d061bf17b0cda02a72513953355606e719b; crispasr-v0.8.28-99e990ae-c2413af7d5e70a166b74fe96f5afb6d7463f1414a5ac2dea7cd982da9f83f827; fixed-aiden; wrapper-f02d93fd7ee064539771a868c5033bc163bec1c94c838eb1152c52eb7eb677b7,qwen3_tts_customvoice:aiden,not_applicable:fixed_pretrained_tts_no_reference_audio,cuda:0,offline_local_gguf_qwen3_tts_customvoice_fixed_aiden,24000,wav,language_provenance=intended_input_text_only;literal_source_text_sha256=bfa4ce54fc99232f374cf7059b6005b5ac19d6ab2b4bb7d1145f90d9f6ba45f5;rng_seed=3215248980;reference_audio=forbidden;voice_design=forbidden,3215248980,2026-08-13T18:35:11Z
voxforge_ru_mdc_qwen3_tts_customvoice_aiden_v1:9c263fddb8602100236d,raw/voxforge_ru_mdc_qwen3_tts_customvoice_aiden_v1/slices/pre_qa/0fc8946d7cd0a041e809-09f3b1605aa5.wav,b790a875881f3e7e947fad914c4a8adf4c4d87e55d12b8c616f8b0606dd0d544,test,spoof,ru,unknown,voxforge_ru_mdc_qwen3_tts_customvoice_aiden_v1:fixed-profile:qwen3_tts_customvoice:aiden,voxforge_ru_mdc_qwen3_tts_customvoice_aiden_v1,VoxForge Russian GPL-3.0-or-later; Qwen CustomVoice/tokenizer Apache-2.0; cstr GGUF conversion Apache-2.0; CrispASR MIT,"Offline literal-text-only derivative of voxforge_ru_mdc_2026_05 text ru_0031; Apache-2.0: Qwen CustomVoice and tokenizer model cards, cstr GGUF conversion cards, and CrispASR runtime release; permitted only for this project's personal-research scope with no training, calibration, product, re-hosting, verified-speaker or speaker-independence claim; fixed documented English Aiden token; no reference audio, voice cloning, VoiceDesign or auto-download; language provenance is intended input text until acoustic/language review",voxforge_ru_mdc_qwen3_tts_customvoice_aiden_v1:synthetic-profile:qwen3_tts_customvoice:aiden,ru_0031,09f3b1605aa5a29e6ae6f1eb5c38be6c0999d7580a90c30069d88ba1308fafaa,5.2,qwen3_tts_customvoice_gguf,Qwen3-TTS 0.6B CustomVoice Q8_0 GGUF,talker-cstr-29094dcb46f19b0898616aa9aeb876aa9aa6e086-5227dcbc4df7c5533341d111cc469fa491a48e722b23dd10f553181b52dff2d9; codec-cstr-344e279551177654762e5c7d39e217834325f222-70dc95dbfdd9aa5d9d406236ff771d061bf17b0cda02a72513953355606e719b; crispasr-v0.8.28-99e990ae-c2413af7d5e70a166b74fe96f5afb6d7463f1414a5ac2dea7cd982da9f83f827; fixed-aiden; wrapper-f02d93fd7ee064539771a868c5033bc163bec1c94c838eb1152c52eb7eb677b7,qwen3_tts_customvoice:aiden,not_applicable:fixed_pretrained_tts_no_reference_audio,cuda:0,offline_local_gguf_qwen3_tts_customvoice_fixed_aiden,24000,wav,language_provenance=intended_input_text_only;literal_source_text_sha256=09f3b1605aa5a29e6ae6f1eb5c38be6c0999d7580a90c30069d88ba1308fafaa;rng_seed=166965600;reference_audio=forbidden;voice_design=forbidden,166965600,2026-08-13T18:35:11Z
voxforge_ru_mdc_qwen3_tts_customvoice_aiden_v1:fcd89cc4ac2a233ac07b,raw/voxforge_ru_mdc_qwen3_tts_customvoice_aiden_v1/slices/pre_qa/0d65d8533a6f47f33270-5813e5d263dc.wav,5c266969910b6f42aa6c3996c3516ee00d5fc30daf677db685a21dc1957412b9,test,spoof,ru,unknown,voxforge_ru_mdc_qwen3_tts_customvoice_aiden_v1:fixed-profile:qwen3_tts_customvoice:aiden,voxforge_ru_mdc_qwen3_tts_customvoice_aiden_v1,VoxForge Russian GPL-3.0-or-later; Qwen CustomVoice/tokenizer Apache-2.0; cstr GGUF conversion Apache-2.0; CrispASR MIT,"Offline literal-text-only derivative of voxforge_ru_mdc_2026_05 text ru_0002; Apache-2.0: Qwen CustomVoice and tokenizer model cards, cstr GGUF conversion cards, and CrispASR runtime release; permitted only for this project's personal-research scope with no training, calibration, product, re-hosting, verified-speaker or speaker-independence claim; fixed documented English Aiden token; no reference audio, voice cloning, VoiceDesign or auto-download; language provenance is intended input text until acoustic/language review",voxforge_ru_mdc_qwen3_tts_customvoice_aiden_v1:synthetic-profile:qwen3_tts_customvoice:aiden,ru_0002,5813e5d263dc78bd7f6ea27b22877e0aa4551fd50ff4384358b10efdb1e8fbe1,6.32,qwen3_tts_customvoice_gguf,Qwen3-TTS 0.6B CustomVoice Q8_0 GGUF,talker-cstr-29094dcb46f19b0898616aa9aeb876aa9aa6e086-5227dcbc4df7c5533341d111cc469fa491a48e722b23dd10f553181b52dff2d9; codec-cstr-344e279551177654762e5c7d39e217834325f222-70dc95dbfdd9aa5d9d406236ff771d061bf17b0cda02a72513953355606e719b; crispasr-v0.8.28-99e990ae-c2413af7d5e70a166b74fe96f5afb6d7463f1414a5ac2dea7cd982da9f83f827; fixed-aiden; wrapper-f02d93fd7ee064539771a868c5033bc163bec1c94c838eb1152c52eb7eb677b7,qwen3_tts_customvoice:aiden,not_applicable:fixed_pretrained_tts_no_reference_audio,cuda:0,offline_local_gguf_qwen3_tts_customvoice_fixed_aiden,24000,wav,language_provenance=intended_input_text_only;literal_source_text_sha256=5813e5d263dc78bd7f6ea27b22877e0aa4551fd50ff4384358b10efdb1e8fbe1;rng_seed=1477699026;reference_audio=forbidden;voice_design=forbidden,1477699026,2026-08-13T18:35:11Z
voxforge_ru_mdc_qwen3_tts_customvoice_aiden_v1:ca501bb63dc98188f915,raw/voxforge_ru_mdc_qwen3_tts_customvoice_aiden_v1/slices/pre_qa/4104c465aae38ec5a816-6a4e6616041d.wav,52cf1dc474cedef0c8eef5a2dda23737237c9154228d73249aca0c276869aea7,test,spoof,ru,unknown,voxforge_ru_mdc_qwen3_tts_customvoice_aiden_v1:fixed-profile:qwen3_tts_customvoice:aiden,voxforge_ru_mdc_qwen3_tts_customvoice_aiden_v1,VoxForge Russian GPL-3.0-or-later; Qwen CustomVoice/tokenizer Apache-2.0; cstr GGUF conversion Apache-2.0; CrispASR MIT,"Offline literal-text-only derivative of voxforge_ru_mdc_2026_05 text ru_0017; Apache-2.0: Qwen CustomVoice and tokenizer model cards, cstr GGUF conversion cards, and CrispASR runtime release; permitted only for this project's personal-research scope with no training, calibration, product, re-hosting, verified-speaker or speaker-independence claim; fixed documented English Aiden token; no reference audio, voice cloning, VoiceDesign or auto-download; language provenance is intended input text until acoustic/language review",voxforge_ru_mdc_qwen3_tts_customvoice_aiden_v1:synthetic-profile:qwen3_tts_customvoice:aiden,ru_0017,6a4e6616041d4bd992e610faa136f8292474a422e53bbb581c18ece388f1507f,7.68,qwen3_tts_customvoice_gguf,Qwen3-TTS 0.6B CustomVoice Q8_0 GGUF,talker-cstr-29094dcb46f19b0898616aa9aeb876aa9aa6e086-5227dcbc4df7c5533341d111cc469fa491a48e722b23dd10f553181b52dff2d9; codec-cstr-344e279551177654762e5c7d39e217834325f222-70dc95dbfdd9aa5d9d406236ff771d061bf17b0cda02a72513953355606e719b; crispasr-v0.8.28-99e990ae-c2413af7d5e70a166b74fe96f5afb6d7463f1414a5ac2dea7cd982da9f83f827; fixed-aiden; wrapper-f02d93fd7ee064539771a868c5033bc163bec1c94c838eb1152c52eb7eb677b7,qwen3_tts_customvoice:aiden,not_applicable:fixed_pretrained_tts_no_reference_audio,cuda:0,offline_local_gguf_qwen3_tts_customvoice_fixed_aiden,24000,wav,language_provenance=intended_input_text_only;literal_source_text_sha256=6a4e6616041d4bd992e610faa136f8292474a422e53bbb581c18ece388f1507f;rng_seed=1783522838;reference_audio=forbidden;voice_design=forbidden,1783522838,2026-08-13T18:35:11Z
voxforge_ru_mdc_qwen3_tts_customvoice_aiden_v1:c4c731b26af198731e36,raw/voxforge_ru_mdc_qwen3_tts_customvoice_aiden_v1/slices/pre_qa/23f31e5b6e01929d9e8c-9905646c2970.wav,f5dafa9d236927c3e38494e1736ad8d00ebda1c8159875311dd399b76b3008bd,test,spoof,ru,unknown,voxforge_ru_mdc_qwen3_tts_customvoice_aiden_v1:fixed-profile:qwen3_tts_customvoice:aiden,voxforge_ru_mdc_qwen3_tts_customvoice_aiden_v1,VoxForge Russian GPL-3.0-or-later; Qwen CustomVoice/tokenizer Apache-2.0; cstr GGUF conversion Apache-2.0; CrispASR MIT,"Offline literal-text-only derivative of voxforge_ru_mdc_2026_05 text ru_0064; Apache-2.0: Qwen CustomVoice and tokenizer model cards, cstr GGUF conversion cards, and CrispASR runtime release; permitted only for this project's personal-research scope with no training, calibration, product, re-hosting, verified-speaker or speaker-independence claim; fixed documented English Aiden token; no reference audio, voice cloning, VoiceDesign or auto-download; language provenance is intended input text until acoustic/language review",voxforge_ru_mdc_qwen3_tts_customvoice_aiden_v1:synthetic-profile:qwen3_tts_customvoice:aiden,ru_0064,9905646c2970641a4ff60b68e6dded1e563ce70c2d6fef09b99e30bb7db8fa30,10.88,qwen3_tts_customvoice_gguf,Qwen3-TTS 0.6B CustomVoice Q8_0 GGUF,talker-cstr-29094dcb46f19b0898616aa9aeb876aa9aa6e086-5227dcbc4df7c5533341d111cc469fa491a48e722b23dd10f553181b52dff2d9; codec-cstr-344e279551177654762e5c7d39e217834325f222-70dc95dbfdd9aa5d9d406236ff771d061bf17b0cda02a72513953355606e719b; crispasr-v0.8.28-99e990ae-c2413af7d5e70a166b74fe96f5afb6d7463f1414a5ac2dea7cd982da9f83f827; fixed-aiden; wrapper-f02d93fd7ee064539771a868c5033bc163bec1c94c838eb1152c52eb7eb677b7,qwen3_tts_customvoice:aiden,not_applicable:fixed_pretrained_tts_no_reference_audio,cuda:0,offline_local_gguf_qwen3_tts_customvoice_fixed_aiden,24000,wav,language_provenance=intended_input_text_only;literal_source_text_sha256=9905646c2970641a4ff60b68e6dded1e563ce70c2d6fef09b99e30bb7db8fa30;rng_seed=2567267436;reference_audio=forbidden;voice_design=forbidden,2567267436,2026-08-13T18:35:11Z
voxforge_ru_mdc_qwen3_tts_customvoice_aiden_v1:f6cf0aa78b748bfb592a,raw/voxforge_ru_mdc_qwen3_tts_customvoice_aiden_v1/slices/pre_qa/50bb4cda8eae16cfe986-793a393e7cb9.wav,41849fdd1ceb3ec80a7c19ef4008378ec7f0f4cf821280fdf6ffe2f9447e9b81,test,spoof,ru,unknown,voxforge_ru_mdc_qwen3_tts_customvoice_aiden_v1:fixed-profile:qwen3_tts_customvoice:aiden,voxforge_ru_mdc_qwen3_tts_customvoice_aiden_v1,VoxForge Russian GPL-3.0-or-later; Qwen CustomVoice/tokenizer Apache-2.0; cstr GGUF conversion Apache-2.0; CrispASR MIT,"Offline literal-text-only derivative of voxforge_ru_mdc_2026_05 text ru_0044; Apache-2.0: Qwen CustomVoice and tokenizer model cards, cstr GGUF conversion cards, and CrispASR runtime release; permitted only for this project's personal-research scope with no training, calibration, product, re-hosting, verified-speaker or speaker-independence claim; fixed documented English Aiden token; no reference audio, voice cloning, VoiceDesign or auto-download; language provenance is intended input text until acoustic/language review",voxforge_ru_mdc_qwen3_tts_customvoice_aiden_v1:synthetic-profile:qwen3_tts_customvoice:aiden,ru_0044,793a393e7cb9ac2885eaf11fac28aece840360415750df5df604a8d287470df0,4.72,qwen3_tts_customvoice_gguf,Qwen3-TTS 0.6B CustomVoice Q8_0 GGUF,talker-cstr-29094dcb46f19b0898616aa9aeb876aa9aa6e086-5227dcbc4df7c5533341d111cc469fa491a48e722b23dd10f553181b52dff2d9; codec-cstr-344e279551177654762e5c7d39e217834325f222-70dc95dbfdd9aa5d9d406236ff771d061bf17b0cda02a72513953355606e719b; crispasr-v0.8.28-99e990ae-c2413af7d5e70a166b74fe96f5afb6d7463f1414a5ac2dea7cd982da9f83f827; fixed-aiden; wrapper-f02d93fd7ee064539771a868c5033bc163bec1c94c838eb1152c52eb7eb677b7,qwen3_tts_customvoice:aiden,not_applicable:fixed_pretrained_tts_no_reference_audio,cuda:0,offline_local_gguf_qwen3_tts_customvoice_fixed_aiden,24000,wav,language_provenance=intended_input_text_only;literal_source_text_sha256=793a393e7cb9ac2885eaf11fac28aece840360415750df5df604a8d287470df0;rng_seed=2033858878;reference_audio=forbidden;voice_design=forbidden,2033858878,2026-08-13T18:35:11Z
voxforge_ru_mdc_qwen3_tts_customvoice_aiden_v1:bc1fc828d1ab15feaa9c,raw/voxforge_ru_mdc_qwen3_tts_customvoice_aiden_v1/slices/pre_qa/5e24f2d4911e9ccaca94-a47ba0dbf58d.wav,619e1b3820a57cb454048d3810f79e07e7244a00f51ce3bd60e37124007ce9fe,test,spoof,ru,unknown,voxforge_ru_mdc_qwen3_tts_customvoice_aiden_v1:fixed-profile:qwen3_tts_customvoice:aiden,voxforge_ru_mdc_qwen3_tts_customvoice_aiden_v1,VoxForge Russian GPL-3.0-or-later; Qwen CustomVoice/tokenizer Apache-2.0; cstr GGUF conversion Apache-2.0; CrispASR MIT,"Offline literal-text-only derivative of voxforge_ru_mdc_2026_05 text ru_0058; Apache-2.0: Qwen CustomVoice and tokenizer model cards, cstr GGUF conversion cards, and CrispASR runtime release; permitted only for this project's personal-research scope with no training, calibration, product, re-hosting, verified-speaker or speaker-independence claim; fixed documented English Aiden token; no reference audio, voice cloning, VoiceDesign or auto-download; language provenance is intended input text until acoustic/language review",voxforge_ru_mdc_qwen3_tts_customvoice_aiden_v1:synthetic-profile:qwen3_tts_customvoice:aiden,ru_0058,a47ba0dbf58d105aeb3a119fa43b8db0ad29be247612d7b4faeee5f6c97a78cd,4.08,qwen3_tts_customvoice_gguf,Qwen3-TTS 0.6B CustomVoice Q8_0 GGUF,talker-cstr-29094dcb46f19b0898616aa9aeb876aa9aa6e086-5227dcbc4df7c5533341d111cc469fa491a48e722b23dd10f553181b52dff2d9; codec-cstr-344e279551177654762e5c7d39e217834325f222-70dc95dbfdd9aa5d9d406236ff771d061bf17b0cda02a72513953355606e719b; crispasr-v0.8.28-99e990ae-c2413af7d5e70a166b74fe96f5afb6d7463f1414a5ac2dea7cd982da9f83f827; fixed-aiden; wrapper-f02d93fd7ee064539771a868c5033bc163bec1c94c838eb1152c52eb7eb677b7,qwen3_tts_customvoice:aiden,not_applicable:fixed_pretrained_tts_no_reference_audio,cuda:0,offline_local_gguf_qwen3_tts_customvoice_fixed_aiden,24000,wav,language_provenance=intended_input_text_only;literal_source_text_sha256=a47ba0dbf58d105aeb3a119fa43b8db0ad29be247612d7b4faeee5f6c97a78cd;rng_seed=2759565531;reference_audio=forbidden;voice_design=forbidden,2759565531,2026-08-13T18:35:11Z
voxforge_ru_mdc_qwen3_tts_customvoice_aiden_v1:beff52efe893c42514da,raw/voxforge_ru_mdc_qwen3_tts_customvoice_aiden_v1/slices/pre_qa/0fca9c070d0503d5002a-a3bb152d6847.wav,809e0d8728a47c0741182d13b1dd1e3897d6f71264262678c59dbd775416053c,test,spoof,ru,unknown,voxforge_ru_mdc_qwen3_tts_customvoice_aiden_v1:fixed-profile:qwen3_tts_customvoice:aiden,voxforge_ru_mdc_qwen3_tts_customvoice_aiden_v1,VoxForge Russian GPL-3.0-or-later; Qwen CustomVoice/tokenizer Apache-2.0; cstr GGUF conversion Apache-2.0; CrispASR MIT,"Offline literal-text-only derivative of voxforge_ru_mdc_2026_05 text ru_0042; Apache-2.0: Qwen CustomVoice and tokenizer model cards, cstr GGUF conversion cards, and CrispASR runtime release; permitted only for this project's personal-research scope with no training, calibration, product, re-hosting, verified-speaker or speaker-independence claim; fixed documented English Aiden token; no reference audio, voice cloning, VoiceDesign or auto-download; language provenance is intended input text until acoustic/language review",voxforge_ru_mdc_qwen3_tts_customvoice_aiden_v1:synthetic-profile:qwen3_tts_customvoice:aiden,ru_0042,a3bb152d6847e5ffbcca56059d62004bafe22b46e02f93db6f7a9d9d2db4e788,5.28,qwen3_tts_customvoice_gguf,Qwen3-TTS 0.6B CustomVoice Q8_0 GGUF,talker-cstr-29094dcb46f19b0898616aa9aeb876aa9aa6e086-5227dcbc4df7c5533341d111cc469fa491a48e722b23dd10f553181b52dff2d9; codec-cstr-344e279551177654762e5c7d39e217834325f222-70dc95dbfdd9aa5d9d406236ff771d061bf17b0cda02a72513953355606e719b; crispasr-v0.8.28-99e990ae-c2413af7d5e70a166b74fe96f5afb6d7463f1414a5ac2dea7cd982da9f83f827; fixed-aiden; wrapper-f02d93fd7ee064539771a868c5033bc163bec1c94c838eb1152c52eb7eb677b7,qwen3_tts_customvoice:aiden,not_applicable:fixed_pretrained_tts_no_reference_audio,cuda:0,offline_local_gguf_qwen3_tts_customvoice_fixed_aiden,24000,wav,language_provenance=intended_input_text_only;literal_source_text_sha256=a3bb152d6847e5ffbcca56059d62004bafe22b46e02f93db6f7a9d9d2db4e788;rng_seed=2746946861;reference_audio=forbidden;voice_design=forbidden,2746946861,2026-08-13T18:35:11Z
voxforge_ru_mdc_qwen3_tts_customvoice_aiden_v1:eecc7d873ee549fdf6ad,raw/voxforge_ru_mdc_qwen3_tts_customvoice_aiden_v1/slices/pre_qa/3986b454f9f97d750013-9224f19e6387.wav,56422da18f4a921ab5747f4ecab4d91b21cbb67339afbfcdb6aa04ba9a02d9c9,test,spoof,ru,unknown,voxforge_ru_mdc_qwen3_tts_customvoice_aiden_v1:fixed-profile:qwen3_tts_customvoice:aiden,voxforge_ru_mdc_qwen3_tts_customvoice_aiden_v1,VoxForge Russian GPL-3.0-or-later; Qwen CustomVoice/tokenizer Apache-2.0; cstr GGUF conversion Apache-2.0; CrispASR MIT,"Offline literal-text-only derivative of voxforge_ru_mdc_2026_05 text ru_0100; Apache-2.0: Qwen CustomVoice and tokenizer model cards, cstr GGUF conversion cards, and CrispASR runtime release; permitted only for this project's personal-research scope with no training, calibration, product, re-hosting, verified-speaker or speaker-independence claim; fixed documented English Aiden token; no reference audio, voice cloning, VoiceDesign or auto-download; language provenance is intended input text until acoustic/language review",voxforge_ru_mdc_qwen3_tts_customvoice_aiden_v1:synthetic-profile:qwen3_tts_customvoice:aiden,ru_0100,9224f19e638722550a950fa63b66a5fcb20c11d6c6d50897bdac3f493ef421a9,5.68,qwen3_tts_customvoice_gguf,Qwen3-TTS 0.6B CustomVoice Q8_0 GGUF,talker-cstr-29094dcb46f19b0898616aa9aeb876aa9aa6e086-5227dcbc4df7c5533341d111cc469fa491a48e722b23dd10f553181b52dff2d9; codec-cstr-344e279551177654762e5c7d39e217834325f222-70dc95dbfdd9aa5d9d406236ff771d061bf17b0cda02a72513953355606e719b; crispasr-v0.8.28-99e990ae-c2413af7d5e70a166b74fe96f5afb6d7463f1414a5ac2dea7cd982da9f83f827; fixed-aiden; wrapper-f02d93fd7ee064539771a868c5033bc163bec1c94c838eb1152c52eb7eb677b7,qwen3_tts_customvoice:aiden,not_applicable:fixed_pretrained_tts_no_reference_audio,cuda:0,offline_local_gguf_qwen3_tts_customvoice_fixed_aiden,24000,wav,language_provenance=intended_input_text_only;literal_source_text_sha256=9224f19e638722550a950fa63b66a5fcb20c11d6c6d50897bdac3f493ef421a9;rng_seed=2451894686;reference_audio=forbidden;voice_design=forbidden,2451894686,2026-08-13T18:35:11Z
voxforge_ru_mdc_qwen3_tts_customvoice_aiden_v1:0fd672dfcfc80551c4d9,raw/voxforge_ru_mdc_qwen3_tts_customvoice_aiden_v1/slices/pre_qa/e41464117cc450256f9d-7ae0052a1f22.wav,f0d311b3c2b16b233f8bcfb0536131e78007211512708f78f3af5277c3c3144b,test,spoof,ru,unknown,voxforge_ru_mdc_qwen3_tts_customvoice_aiden_v1:fixed-profile:qwen3_tts_customvoice:aiden,voxforge_ru_mdc_qwen3_tts_customvoice_aiden_v1,VoxForge Russian GPL-3.0-or-later; Qwen CustomVoice/tokenizer Apache-2.0; cstr GGUF conversion Apache-2.0; CrispASR MIT,"Offline literal-text-only derivative of voxforge_ru_mdc_2026_05 text ru_0030; Apache-2.0: Qwen CustomVoice and tokenizer model cards, cstr GGUF conversion cards, and CrispASR runtime release; permitted only for this project's personal-research scope with no training, calibration, product, re-hosting, verified-speaker or speaker-independence claim; fixed documented English Aiden token; no reference audio, voice cloning, VoiceDesign or auto-download; language provenance is intended input text until acoustic/language review",voxforge_ru_mdc_qwen3_tts_customvoice_aiden_v1:synthetic-profile:qwen3_tts_customvoice:aiden,ru_0030,7ae0052a1f22bb0946cc1731f369ee4a56c8cf52599f2b158c617fe4e279cc95,6.48,qwen3_tts_customvoice_gguf,Qwen3-TTS 0.6B CustomVoice Q8_0 GGUF,talker-cstr-29094dcb46f19b0898616aa9aeb876aa9aa6e086-5227dcbc4df7c5533341d111cc469fa491a48e722b23dd10f553181b52dff2d9; codec-cstr-344e279551177654762e5c7d39e217834325f222-70dc95dbfdd9aa5d9d406236ff771d061bf17b0cda02a72513953355606e719b; crispasr-v0.8.28-99e990ae-c2413af7d5e70a166b74fe96f5afb6d7463f1414a5ac2dea7cd982da9f83f827; fixed-aiden; wrapper-f02d93fd7ee064539771a868c5033bc163bec1c94c838eb1152c52eb7eb677b7,qwen3_tts_customvoice:aiden,not_applicable:fixed_pretrained_tts_no_reference_audio,cuda:0,offline_local_gguf_qwen3_tts_customvoice_fixed_aiden,24000,wav,language_provenance=intended_input_text_only;literal_source_text_sha256=7ae0052a1f22bb0946cc1731f369ee4a56c8cf52599f2b158c617fe4e279cc95;rng_seed=2061501738;reference_audio=forbidden;voice_design=forbidden,2061501738,2026-08-13T18:35:11Z
voxforge_ru_mdc_qwen3_tts_customvoice_aiden_v1:7f00684d7f0c670f701c,raw/voxforge_ru_mdc_qwen3_tts_customvoice_aiden_v1/slices/pre_qa/80627ac6674bc2132829-7073ee8e9bd4.wav,5e00e2fefcd8b7bb2e7b973204682c0c5c47027940e4203da29a7ee2fb058583,test,spoof,ru,unknown,voxforge_ru_mdc_qwen3_tts_customvoice_aiden_v1:fixed-profile:qwen3_tts_customvoice:aiden,voxforge_ru_mdc_qwen3_tts_customvoice_aiden_v1,VoxForge Russian GPL-3.0-or-later; Qwen CustomVoice/tokenizer Apache-2.0; cstr GGUF conversion Apache-2.0; CrispASR MIT,"Offline literal-text-only derivative of voxforge_ru_mdc_2026_05 text ru_0065; Apache-2.0: Qwen CustomVoice and tokenizer model cards, cstr GGUF conversion cards, and CrispASR runtime release; permitted only for this project's personal-research scope with no training, calibration, product, re-hosting, verified-speaker or speaker-independence claim; fixed documented English Aiden token; no reference audio, voice cloning, VoiceDesign or auto-download; language provenance is intended input text until acoustic/language review",voxforge_ru_mdc_qwen3_tts_customvoice_aiden_v1:synthetic-profile:qwen3_tts_customvoice:aiden,ru_0065,7073ee8e9bd41a26ecea54d10d82180ed427f562a33c3f14c71d36801d3ae21a,13.52,qwen3_tts_customvoice_gguf,Qwen3-TTS 0.6B CustomVoice Q8_0 GGUF,talker-cstr-29094dcb46f19b0898616aa9aeb876aa9aa6e086-5227dcbc4df7c5533341d111cc469fa491a48e722b23dd10f553181b52dff2d9; codec-cstr-344e279551177654762e5c7d39e217834325f222-70dc95dbfdd9aa5d9d406236ff771d061bf17b0cda02a72513953355606e719b; crispasr-v0.8.28-99e990ae-c2413af7d5e70a166b74fe96f5afb6d7463f1414a5ac2dea7cd982da9f83f827; fixed-aiden; wrapper-f02d93fd7ee064539771a868c5033bc163bec1c94c838eb1152c52eb7eb677b7,qwen3_tts_customvoice:aiden,not_applicable:fixed_pretrained_tts_no_reference_audio,cuda:0,offline_local_gguf_qwen3_tts_customvoice_fixed_aiden,24000,wav,language_provenance=intended_input_text_only;literal_source_text_sha256=7073ee8e9bd41a26ecea54d10d82180ed427f562a33c3f14c71d36801d3ae21a;rng_seed=1886645902;reference_audio=forbidden;voice_design=forbidden,1886645902,2026-08-13T18:35:11Z
voxforge_ru_mdc_qwen3_tts_customvoice_aiden_v1:b77a389dca24388de7ec,raw/voxforge_ru_mdc_qwen3_tts_customvoice_aiden_v1/slices/pre_qa/cf4b836343acece0e0fd-d907bc6aeb68.wav,3fb57fd69cf4b36aff28aa268eb6f8d0a885075c08def2351ae3b0ce93e46c60,test,spoof,ru,unknown,voxforge_ru_mdc_qwen3_tts_customvoice_aiden_v1:fixed-profile:qwen3_tts_customvoice:aiden,voxforge_ru_mdc_qwen3_tts_customvoice_aiden_v1,VoxForge Russian GPL-3.0-or-later; Qwen CustomVoice/tokenizer Apache-2.0; cstr GGUF conversion Apache-2.0; CrispASR MIT,"Offline literal-text-only derivative of voxforge_ru_mdc_2026_05 text ru_0046; Apache-2.0: Qwen CustomVoice and tokenizer model cards, cstr GGUF conversion cards, and CrispASR runtime release; permitted only for this project's personal-research scope with no training, calibration, product, re-hosting, verified-speaker or speaker-independence claim; fixed documented English Aiden token; no reference audio, voice cloning, VoiceDesign or auto-download; language provenance is intended input text until acoustic/language review",voxforge_ru_mdc_qwen3_tts_customvoice_aiden_v1:synthetic-profile:qwen3_tts_customvoice:aiden,ru_0046,d907bc6aeb680a814d75e55ca0378b8581d34167213cad72449dd255f2c6ea75,7.04,qwen3_tts_customvoice_gguf,Qwen3-TTS 0.6B CustomVoice Q8_0 GGUF,talker-cstr-29094dcb46f19b0898616aa9aeb876aa9aa6e086-5227dcbc4df7c5533341d111cc469fa491a48e722b23dd10f553181b52dff2d9; codec-cstr-344e279551177654762e5c7d39e217834325f222-70dc95dbfdd9aa5d9d406236ff771d061bf17b0cda02a72513953355606e719b; crispasr-v0.8.28-99e990ae-c2413af7d5e70a166b74fe96f5afb6d7463f1414a5ac2dea7cd982da9f83f827; fixed-aiden; wrapper-f02d93fd7ee064539771a868c5033bc163bec1c94c838eb1152c52eb7eb677b7,qwen3_tts_customvoice:aiden,not_applicable:fixed_pretrained_tts_no_reference_audio,cuda:0,offline_local_gguf_qwen3_tts_customvoice_fixed_aiden,24000,wav,language_provenance=intended_input_text_only;literal_source_text_sha256=d907bc6aeb680a814d75e55ca0378b8581d34167213cad72449dd255f2c6ea75;rng_seed=3641162858;reference_audio=forbidden;voice_design=forbidden,3641162858,2026-08-13T18:35:11Z
voxforge_ru_mdc_qwen3_tts_customvoice_aiden_v1:c7e3fe4296f3c4f0dc5e,raw/voxforge_ru_mdc_qwen3_tts_customvoice_aiden_v1/slices/pre_qa/6a6247461d1cadff0ea5-9c60ef21d2ee.wav,e2a0fdccb4fd1d5ed8c6e5879f11e5ad84aa5eb40a00671ee3200f8cc42c7cf1,test,spoof,ru,unknown,voxforge_ru_mdc_qwen3_tts_customvoice_aiden_v1:fixed-profile:qwen3_tts_customvoice:aiden,voxforge_ru_mdc_qwen3_tts_customvoice_aiden_v1,VoxForge Russian GPL-3.0-or-later; Qwen CustomVoice/tokenizer Apache-2.0; cstr GGUF conversion Apache-2.0; CrispASR MIT,"Offline literal-text-only derivative of voxforge_ru_mdc_2026_05 text ru_0035; Apache-2.0: Qwen CustomVoice and tokenizer model cards, cstr GGUF conversion cards, and CrispASR runtime release; permitted only for this project's personal-research scope with no training, calibration, product, re-hosting, verified-speaker or speaker-independence claim; fixed documented English Aiden token; no reference audio, voice cloning, VoiceDesign or auto-download; language provenance is intended input text until acoustic/language review",voxforge_ru_mdc_qwen3_tts_customvoice_aiden_v1:synthetic-profile:qwen3_tts_customvoice:aiden,ru_0035,9c60ef21d2ee4e019dc70c2d454b1b0f5d1442956e62b4831ec349abe6814441,7.12,qwen3_tts_customvoice_gguf,Qwen3-TTS 0.6B CustomVoice Q8_0 GGUF,talker-cstr-29094dcb46f19b0898616aa9aeb876aa9aa6e086-5227dcbc4df7c5533341d111cc469fa491a48e722b23dd10f553181b52dff2d9; codec-cstr-344e279551177654762e5c7d39e217834325f222-70dc95dbfdd9aa5d9d406236ff771d061bf17b0cda02a72513953355606e719b; crispasr-v0.8.28-99e990ae-c2413af7d5e70a166b74fe96f5afb6d7463f1414a5ac2dea7cd982da9f83f827; fixed-aiden; wrapper-f02d93fd7ee064539771a868c5033bc163bec1c94c838eb1152c52eb7eb677b7,qwen3_tts_customvoice:aiden,not_applicable:fixed_pretrained_tts_no_reference_audio,cuda:0,offline_local_gguf_qwen3_tts_customvoice_fixed_aiden,24000,wav,language_provenance=intended_input_text_only;literal_source_text_sha256=9c60ef21d2ee4e019dc70c2d454b1b0f5d1442956e62b4831ec349abe6814441;rng_seed=2623598369;reference_audio=forbidden;voice_design=forbidden,2623598369,2026-08-13T18:35:11Z
voxforge_ru_mdc_qwen3_tts_customvoice_aiden_v1:3ff851efa84f3ef706c3,raw/voxforge_ru_mdc_qwen3_tts_customvoice_aiden_v1/slices/pre_qa/0d38c171c17021792a15-2dcd7c286a4d.wav,fa8d7948e00ca66e8376364dc505d3c1a6d24ad32778dbdc8a4c38915f67fc8a,test,spoof,ru,unknown,voxforge_ru_mdc_qwen3_tts_customvoice_aiden_v1:fixed-profile:qwen3_tts_customvoice:aiden,voxforge_ru_mdc_qwen3_tts_customvoice_aiden_v1,VoxForge Russian GPL-3.0-or-later; Qwen CustomVoice/tokenizer Apache-2.0; cstr GGUF conversion Apache-2.0; CrispASR MIT,"Offline literal-text-only derivative of voxforge_ru_mdc_2026_05 text ru_0053; Apache-2.0: Qwen CustomVoice and tokenizer model cards, cstr GGUF conversion cards, and CrispASR runtime release; permitted only for this project's personal-research scope with no training, calibration, product, re-hosting, verified-speaker or speaker-independence claim; fixed documented English Aiden token; no reference audio, voice cloning, VoiceDesign or auto-download; language provenance is intended input text until acoustic/language review",voxforge_ru_mdc_qwen3_tts_customvoice_aiden_v1:synthetic-profile:qwen3_tts_customvoice:aiden,ru_0053,2dcd7c286a4db8382029dabf15375c1380e6dd9f1ac106877827e456b419a5f2,9.04,qwen3_tts_customvoice_gguf,Qwen3-TTS 0.6B CustomVoice Q8_0 GGUF,talker-cstr-29094dcb46f19b0898616aa9aeb876aa9aa6e086-5227dcbc4df7c5533341d111cc469fa491a48e722b23dd10f553181b52dff2d9; codec-cstr-344e279551177654762e5c7d39e217834325f222-70dc95dbfdd9aa5d9d406236ff771d061bf17b0cda02a72513953355606e719b; crispasr-v0.8.28-99e990ae-c2413af7d5e70a166b74fe96f5afb6d7463f1414a5ac2dea7cd982da9f83f827; fixed-aiden; wrapper-f02d93fd7ee064539771a868c5033bc163bec1c94c838eb1152c52eb7eb677b7,qwen3_tts_customvoice:aiden,not_applicable:fixed_pretrained_tts_no_reference_audio,cuda:0,offline_local_gguf_qwen3_tts_customvoice_fixed_aiden,24000,wav,language_provenance=intended_input_text_only;literal_source_text_sha256=2dcd7c286a4db8382029dabf15375c1380e6dd9f1ac106877827e456b419a5f2;rng_seed=768441384;reference_audio=forbidden;voice_design=forbidden,768441384,2026-08-13T18:35:11Z
voxforge_ru_mdc_qwen3_tts_customvoice_aiden_v1:b5a773c342afb2b9d5b9,raw/voxforge_ru_mdc_qwen3_tts_customvoice_aiden_v1/slices/pre_qa/bc6fb9b1c593586241d7-e3f838634e87.wav,41646b6619700a6555fee584c117d73cb3726742051c50cc13cec018869805af,test,spoof,ru,unknown,voxforge_ru_mdc_qwen3_tts_customvoice_aiden_v1:fixed-profile:qwen3_tts_customvoice:aiden,voxforge_ru_mdc_qwen3_tts_customvoice_aiden_v1,VoxForge Russian GPL-3.0-or-later; Qwen CustomVoice/tokenizer Apache-2.0; cstr GGUF conversion Apache-2.0; CrispASR MIT,"Offline literal-text-only derivative of voxforge_ru_mdc_2026_05 text ru_0039; Apache-2.0: Qwen CustomVoice and tokenizer model cards, cstr GGUF conversion cards, and CrispASR runtime release; permitted only for this project's personal-research scope with no training, calibration, product, re-hosting, verified-speaker or speaker-independence claim; fixed documented English Aiden token; no reference audio, voice cloning, VoiceDesign or auto-download; language provenance is intended input text until acoustic/language review",voxforge_ru_mdc_qwen3_tts_customvoice_aiden_v1:synthetic-profile:qwen3_tts_customvoice:aiden,ru_0039,e3f838634e87143f549b2154f71221981e44d036ce601a2faf7090e2dcf3b790,3.76,qwen3_tts_customvoice_gguf,Qwen3-TTS 0.6B CustomVoice Q8_0 GGUF,talker-cstr-29094dcb46f19b0898616aa9aeb876aa9aa6e086-5227dcbc4df7c5533341d111cc469fa491a48e722b23dd10f553181b52dff2d9; codec-cstr-344e279551177654762e5c7d39e217834325f222-70dc95dbfdd9aa5d9d406236ff771d061bf17b0cda02a72513953355606e719b; crispasr-v0.8.28-99e990ae-c2413af7d5e70a166b74fe96f5afb6d7463f1414a5ac2dea7cd982da9f83f827; fixed-aiden; wrapper-f02d93fd7ee064539771a868c5033bc163bec1c94c838eb1152c52eb7eb677b7,qwen3_tts_customvoice:aiden,not_applicable:fixed_pretrained_tts_no_reference_audio,cuda:0,offline_local_gguf_qwen3_tts_customvoice_fixed_aiden,24000,wav,language_provenance=intended_input_text_only;literal_source_text_sha256=e3f838634e87143f549b2154f71221981e44d036ce601a2faf7090e2dcf3b790;rng_seed=3824695395;reference_audio=forbidden;voice_design=forbidden,3824695395,2026-08-13T18:35:11Z
voxforge_ru_mdc_qwen3_tts_customvoice_aiden_v1:17f662a5c09aab1e5d40,raw/voxforge_ru_mdc_qwen3_tts_customvoice_aiden_v1/slices/pre_qa/48de4af902678856630a-98a460c44832.wav,a75b6cb385e2246f074a658d1612e98c1c9642f3e8966ca49208cb570c2a168b,test,spoof,ru,unknown,voxforge_ru_mdc_qwen3_tts_customvoice_aiden_v1:fixed-profile:qwen3_tts_customvoice:aiden,voxforge_ru_mdc_qwen3_tts_customvoice_aiden_v1,VoxForge Russian GPL-3.0-or-later; Qwen CustomVoice/tokenizer Apache-2.0; cstr GGUF conversion Apache-2.0; CrispASR MIT,"Offline literal-text-only derivative of voxforge_ru_mdc_2026_05 text ru_0075; Apache-2.0: Qwen CustomVoice and tokenizer model cards, cstr GGUF conversion cards, and CrispASR runtime release; permitted only for this project's personal-research scope with no training, calibration, product, re-hosting, verified-speaker or speaker-independence claim; fixed documented English Aiden token; no reference audio, voice cloning, VoiceDesign or auto-download; language provenance is intended input text until acoustic/language review",voxforge_ru_mdc_qwen3_tts_customvoice_aiden_v1:synthetic-profile:qwen3_tts_customvoice:aiden,ru_0075,98a460c44832da8b47da1b280091a98abfd6051cff470b77e4d9003aa579c0ac,8.24,qwen3_tts_customvoice_gguf,Qwen3-TTS 0.6B CustomVoice Q8_0 GGUF,talker-cstr-29094dcb46f19b0898616aa9aeb876aa9aa6e086-5227dcbc4df7c5533341d111cc469fa491a48e722b23dd10f553181b52dff2d9; codec-cstr-344e279551177654762e5c7d39e217834325f222-70dc95dbfdd9aa5d9d406236ff771d061bf17b0cda02a72513953355606e719b; crispasr-v0.8.28-99e990ae-c2413af7d5e70a166b74fe96f5afb6d7463f1414a5ac2dea7cd982da9f83f827; fixed-aiden; wrapper-f02d93fd7ee064539771a868c5033bc163bec1c94c838eb1152c52eb7eb677b7,qwen3_tts_customvoice:aiden,not_applicable:fixed_pretrained_tts_no_reference_audio,cuda:0,offline_local_gguf_qwen3_tts_customvoice_fixed_aiden,24000,wav,language_provenance=intended_input_text_only;literal_source_text_sha256=98a460c44832da8b47da1b280091a98abfd6051cff470b77e4d9003aa579c0ac;rng_seed=2560909508;reference_audio=forbidden;voice_design=forbidden,2560909508,2026-08-13T18:35:11Z
voxforge_ru_mdc_qwen3_tts_customvoice_aiden_v1:9587e0efacd3c6ad6a7c,raw/voxforge_ru_mdc_qwen3_tts_customvoice_aiden_v1/slices/pre_qa/1f89c8720084b1dc7cae-8f7df5c51ee6.wav,8d52bffea60563dca20f32759924521b160dab9affbf2922e5cf13ce11a4a67d,test,spoof,ru,unknown,voxforge_ru_mdc_qwen3_tts_customvoice_aiden_v1:fixed-profile:qwen3_tts_customvoice:aiden,voxforge_ru_mdc_qwen3_tts_customvoice_aiden_v1,VoxForge Russian GPL-3.0-or-later; Qwen CustomVoice/tokenizer Apache-2.0; cstr GGUF conversion Apache-2.0; CrispASR MIT,"Offline literal-text-only derivative of voxforge_ru_mdc_2026_05 text ru_0067; Apache-2.0: Qwen CustomVoice and tokenizer model cards, cstr GGUF conversion cards, and CrispASR runtime release; permitted only for this project's personal-research scope with no training, calibration, product, re-hosting, verified-speaker or speaker-independence claim; fixed documented English Aiden token; no reference audio, voice cloning, VoiceDesign or auto-download; language provenance is intended input text until acoustic/language review",voxforge_ru_mdc_qwen3_tts_customvoice_aiden_v1:synthetic-profile:qwen3_tts_customvoice:aiden,ru_0067,8f7df5c51ee628af08533c2cca6111c2e4ce6774c999af4c4614920a3e8891d6,7.6,qwen3_tts_customvoice_gguf,Qwen3-TTS 0.6B CustomVoice Q8_0 GGUF,talker-cstr-29094dcb46f19b0898616aa9aeb876aa9aa6e086-5227dcbc4df7c5533341d111cc469fa491a48e722b23dd10f553181b52dff2d9; codec-cstr-344e279551177654762e5c7d39e217834325f222-70dc95dbfdd9aa5d9d406236ff771d061bf17b0cda02a72513953355606e719b; crispasr-v0.8.28-99e990ae-c2413af7d5e70a166b74fe96f5afb6d7463f1414a5ac2dea7cd982da9f83f827; fixed-aiden; wrapper-f02d93fd7ee064539771a868c5033bc163bec1c94c838eb1152c52eb7eb677b7,qwen3_tts_customvoice:aiden,not_applicable:fixed_pretrained_tts_no_reference_audio,cuda:0,offline_local_gguf_qwen3_tts_customvoice_fixed_aiden,24000,wav,language_provenance=intended_input_text_only;literal_source_text_sha256=8f7df5c51ee628af08533c2cca6111c2e4ce6774c999af4c4614920a3e8891d6;rng_seed=2407396805;reference_audio=forbidden;voice_design=forbidden,2407396805,2026-08-13T18:35:11Z
voxforge_ru_mdc_qwen3_tts_customvoice_aiden_v1:1ff16a88d7ca837b4018,raw/voxforge_ru_mdc_qwen3_tts_customvoice_aiden_v1/slices/pre_qa/8fcdb39714253c763852-106caab715c1.wav,c1d81391d4ab116a0251d36b5779e7158ea54657fb6b545c128fa4e4bb0c4ae7,test,spoof,ru,unknown,voxforge_ru_mdc_qwen3_tts_customvoice_aiden_v1:fixed-profile:qwen3_tts_customvoice:aiden,voxforge_ru_mdc_qwen3_tts_customvoice_aiden_v1,VoxForge Russian GPL-3.0-or-later; Qwen CustomVoice/tokenizer Apache-2.0; cstr GGUF conversion Apache-2.0; CrispASR MIT,"Offline literal-text-only derivative of voxforge_ru_mdc_2026_05 text ru_0040; Apache-2.0: Qwen CustomVoice and tokenizer model cards, cstr GGUF conversion cards, and CrispASR runtime release; permitted only for this project's personal-research scope with no training, calibration, product, re-hosting, verified-speaker or speaker-independence claim; fixed documented English Aiden token; no reference audio, voice cloning, VoiceDesign or auto-download; language provenance is intended input text until acoustic/language review",voxforge_ru_mdc_qwen3_tts_customvoice_aiden_v1:synthetic-profile:qwen3_tts_customvoice:aiden,ru_0040,106caab715c1f19d383221b3772066f21c25a10e497b9123e3d41fa40a5e4bc3,4.4,qwen3_tts_customvoice_gguf,Qwen3-TTS 0.6B CustomVoice Q8_0 GGUF,talker-cstr-29094dcb46f19b0898616aa9aeb876aa9aa6e086-5227dcbc4df7c5533341d111cc469fa491a48e722b23dd10f553181b52dff2d9; codec-cstr-344e279551177654762e5c7d39e217834325f222-70dc95dbfdd9aa5d9d406236ff771d061bf17b0cda02a72513953355606e719b; crispasr-v0.8.28-99e990ae-c2413af7d5e70a166b74fe96f5afb6d7463f1414a5ac2dea7cd982da9f83f827; fixed-aiden; wrapper-f02d93fd7ee064539771a868c5033bc163bec1c94c838eb1152c52eb7eb677b7,qwen3_tts_customvoice:aiden,not_applicable:fixed_pretrained_tts_no_reference_audio,cuda:0,offline_local_gguf_qwen3_tts_customvoice_fixed_aiden,24000,wav,language_provenance=intended_input_text_only;literal_source_text_sha256=106caab715c1f19d383221b3772066f21c25a10e497b9123e3d41fa40a5e4bc3;rng_seed=275557047;reference_audio=forbidden;voice_design=forbidden,275557047,2026-08-13T18:35:11Z
voxforge_ru_mdc_qwen3_tts_customvoice_aiden_v1:ad8fcbd02440119148cc,raw/voxforge_ru_mdc_qwen3_tts_customvoice_aiden_v1/slices/pre_qa/2a81c441fdbb6cae6646-59f1df8f58f0.wav,2fcc135cc40b6318dd69df3b57d5367801381138ba6723196b02e525833e5084,test,spoof,ru,unknown,voxforge_ru_mdc_qwen3_tts_customvoice_aiden_v1:fixed-profile:qwen3_tts_customvoice:aiden,voxforge_ru_mdc_qwen3_tts_customvoice_aiden_v1,VoxForge Russian GPL-3.0-or-later; Qwen CustomVoice/tokenizer Apache-2.0; cstr GGUF conversion Apache-2.0; CrispASR MIT,"Offline literal-text-only derivative of voxforge_ru_mdc_2026_05 text ru_0066; Apache-2.0: Qwen CustomVoice and tokenizer model cards, cstr GGUF conversion cards, and CrispASR runtime release; permitted only for this project's personal-research scope with no training, calibration, product, re-hosting, verified-speaker or speaker-independence claim; fixed documented English Aiden token; no reference audio, voice cloning, VoiceDesign or auto-download; language provenance is intended input text until acoustic/language review",voxforge_ru_mdc_qwen3_tts_customvoice_aiden_v1:synthetic-profile:qwen3_tts_customvoice:aiden,ru_0066,59f1df8f58f0a704302786b5c02c46a442dedc63d03cec4a28e05cae2416c59a,6.0,qwen3_tts_customvoice_gguf,Qwen3-TTS 0.6B CustomVoice Q8_0 GGUF,talker-cstr-29094dcb46f19b0898616aa9aeb876aa9aa6e086-5227dcbc4df7c5533341d111cc469fa491a48e722b23dd10f553181b52dff2d9; codec-cstr-344e279551177654762e5c7d39e217834325f222-70dc95dbfdd9aa5d9d406236ff771d061bf17b0cda02a72513953355606e719b; crispasr-v0.8.28-99e990ae-c2413af7d5e70a166b74fe96f5afb6d7463f1414a5ac2dea7cd982da9f83f827; fixed-aiden; wrapper-f02d93fd7ee064539771a868c5033bc163bec1c94c838eb1152c52eb7eb677b7,qwen3_tts_customvoice:aiden,not_applicable:fixed_pretrained_tts_no_reference_audio,cuda:0,offline_local_gguf_qwen3_tts_customvoice_fixed_aiden,24000,wav,language_provenance=intended_input_text_only;literal_source_text_sha256=59f1df8f58f0a704302786b5c02c46a442dedc63d03cec4a28e05cae2416c59a;rng_seed=1509023631;reference_audio=forbidden;voice_design=forbidden,1509023631,2026-08-13T18:35:11Z
voxforge_ru_mdc_qwen3_tts_customvoice_aiden_v1:41477972f5ea644635ab,raw/voxforge_ru_mdc_qwen3_tts_customvoice_aiden_v1/slices/pre_qa/5cb973c08feabc63422e-f8799fd853a9.wav,940536f9b7a88c73c209c5f82a1c56215f01ca4f7efe8cad616456b5674c271b,test,spoof,ru,unknown,voxforge_ru_mdc_qwen3_tts_customvoice_aiden_v1:fixed-profile:qwen3_tts_customvoice:aiden,voxforge_ru_mdc_qwen3_tts_customvoice_aiden_v1,VoxForge Russian GPL-3.0-or-later; Qwen CustomVoice/tokenizer Apache-2.0; cstr GGUF conversion Apache-2.0; CrispASR MIT,"Offline literal-text-only derivative of voxforge_ru_mdc_2026_05 text ru_0005; Apache-2.0: Qwen CustomVoice and tokenizer model cards, cstr GGUF conversion cards, and CrispASR runtime release; permitted only for this project's personal-research scope with no training, calibration, product, re-hosting, verified-speaker or speaker-independence claim; fixed documented English Aiden token; no reference audio, voice cloning, VoiceDesign or auto-download; language provenance is intended input text until acoustic/language review",voxforge_ru_mdc_qwen3_tts_customvoice_aiden_v1:synthetic-profile:qwen3_tts_customvoice:aiden,ru_0005,f8799fd853a9313a976569882abab1a17617918d46fb9cd8a0850e28118957d4,7.68,qwen3_tts_customvoice_gguf,Qwen3-TTS 0.6B CustomVoice Q8_0 GGUF,talker-cstr-29094dcb46f19b0898616aa9aeb876aa9aa6e086-5227dcbc4df7c5533341d111cc469fa491a48e722b23dd10f553181b52dff2d9; codec-cstr-344e279551177654762e5c7d39e217834325f222-70dc95dbfdd9aa5d9d406236ff771d061bf17b0cda02a72513953355606e719b; crispasr-v0.8.28-99e990ae-c2413af7d5e70a166b74fe96f5afb6d7463f1414a5ac2dea7cd982da9f83f827; fixed-aiden; wrapper-f02d93fd7ee064539771a868c5033bc163bec1c94c838eb1152c52eb7eb677b7,qwen3_tts_customvoice:aiden,not_applicable:fixed_pretrained_tts_no_reference_audio,cuda:0,offline_local_gguf_qwen3_tts_customvoice_fixed_aiden,24000,wav,language_provenance=intended_input_text_only;literal_source_text_sha256=f8799fd853a9313a976569882abab1a17617918d46fb9cd8a0850e28118957d4;rng_seed=4168720344;reference_audio=forbidden;voice_design=forbidden,4168720344,2026-08-13T18:35:11Z
voxforge_ru_mdc_qwen3_tts_customvoice_aiden_v1:a43b15b29d340a0cd53a,raw/voxforge_ru_mdc_qwen3_tts_customvoice_aiden_v1/slices/pre_qa/c7efd098d9b689dc9624-ad9886d653ff.wav,9936119124fd43031c19956eabb0f749e1320daa4297c150c9aae05505d4fdd0,test,spoof,ru,unknown,voxforge_ru_mdc_qwen3_tts_customvoice_aiden_v1:fixed-profile:qwen3_tts_customvoice:aiden,voxforge_ru_mdc_qwen3_tts_customvoice_aiden_v1,VoxForge Russian GPL-3.0-or-later; Qwen CustomVoice/tokenizer Apache-2.0; cstr GGUF conversion Apache-2.0; CrispASR MIT,"Offline literal-text-only derivative of voxforge_ru_mdc_2026_05 text ru_0095; Apache-2.0: Qwen CustomVoice and tokenizer model cards, cstr GGUF conversion cards, and CrispASR runtime release; permitted only for this project's personal-research scope with no training, calibration, product, re-hosting, verified-speaker or speaker-independence claim; fixed documented English Aiden token; no reference audio, voice cloning, VoiceDesign or auto-download; language provenance is intended input text until acoustic/language review",voxforge_ru_mdc_qwen3_tts_customvoice_aiden_v1:synthetic-profile:qwen3_tts_customvoice:aiden,ru_0095,ad9886d653ff552c0c88cd48f4b3b65d03650f845a21b346dc7a07953a3dd4be,4.56,qwen3_tts_customvoice_gguf,Qwen3-TTS 0.6B CustomVoice Q8_0 GGUF,talker-cstr-29094dcb46f19b0898616aa9aeb876aa9aa6e086-5227dcbc4df7c5533341d111cc469fa491a48e722b23dd10f553181b52dff2d9; codec-cstr-344e279551177654762e5c7d39e217834325f222-70dc95dbfdd9aa5d9d406236ff771d061bf17b0cda02a72513953355606e719b; crispasr-v0.8.28-99e990ae-c2413af7d5e70a166b74fe96f5afb6d7463f1414a5ac2dea7cd982da9f83f827; fixed-aiden; wrapper-f02d93fd7ee064539771a868c5033bc163bec1c94c838eb1152c52eb7eb677b7,qwen3_tts_customvoice:aiden,not_applicable:fixed_pretrained_tts_no_reference_audio,cuda:0,offline_local_gguf_qwen3_tts_customvoice_fixed_aiden,24000,wav,language_provenance=intended_input_text_only;literal_source_text_sha256=ad9886d653ff552c0c88cd48f4b3b65d03650f845a21b346dc7a07953a3dd4be;rng_seed=2912454358;reference_audio=forbidden;voice_design=forbidden,2912454358,2026-08-13T18:35:11Z
voxforge_ru_mdc_qwen3_tts_customvoice_aiden_v1:03badf9ad3763f1daf7d,raw/voxforge_ru_mdc_qwen3_tts_customvoice_aiden_v1/slices/pre_qa/c7475e8e0879eec6aecd-51f49e40ff35.wav,ed7ca69a022e74aab2d48574266a7de268f6fce78508226a76ea75edc69ea012,test,spoof,ru,unknown,voxforge_ru_mdc_qwen3_tts_customvoice_aiden_v1:fixed-profile:qwen3_tts_customvoice:aiden,voxforge_ru_mdc_qwen3_tts_customvoice_aiden_v1,VoxForge Russian GPL-3.0-or-later; Qwen CustomVoice/tokenizer Apache-2.0; cstr GGUF conversion Apache-2.0; CrispASR MIT,"Offline literal-text-only derivative of voxforge_ru_mdc_2026_05 text ru_0061; Apache-2.0: Qwen CustomVoice and tokenizer model cards, cstr GGUF conversion cards, and CrispASR runtime release; permitted only for this project's personal-research scope with no training, calibration, product, re-hosting, verified-speaker or speaker-independence claim; fixed documented English Aiden token; no reference audio, voice cloning, VoiceDesign or auto-download; language provenance is intended input text until acoustic/language review",voxforge_ru_mdc_qwen3_tts_customvoice_aiden_v1:synthetic-profile:qwen3_tts_customvoice:aiden,ru_0061,51f49e40ff35268f3deaba5947d47f94be79a53f8572fe4b9239fba76960943c,6.48,qwen3_tts_customvoice_gguf,Qwen3-TTS 0.6B CustomVoice Q8_0 GGUF,talker-cstr-29094dcb46f19b0898616aa9aeb876aa9aa6e086-5227dcbc4df7c5533341d111cc469fa491a48e722b23dd10f553181b52dff2d9; codec-cstr-344e279551177654762e5c7d39e217834325f222-70dc95dbfdd9aa5d9d406236ff771d061bf17b0cda02a72513953355606e719b; crispasr-v0.8.28-99e990ae-c2413af7d5e70a166b74fe96f5afb6d7463f1414a5ac2dea7cd982da9f83f827; fixed-aiden; wrapper-f02d93fd7ee064539771a868c5033bc163bec1c94c838eb1152c52eb7eb677b7,qwen3_tts_customvoice:aiden,not_applicable:fixed_pretrained_tts_no_reference_audio,cuda:0,offline_local_gguf_qwen3_tts_customvoice_fixed_aiden,24000,wav,language_provenance=intended_input_text_only;literal_source_text_sha256=51f49e40ff35268f3deaba5947d47f94be79a53f8572fe4b9239fba76960943c;rng_seed=1374985792;reference_audio=forbidden;voice_design=forbidden,1374985792,2026-08-13T18:35:11Z
voxforge_ru_mdc_qwen3_tts_customvoice_aiden_v1:5361030f28fb1500b994,raw/voxforge_ru_mdc_qwen3_tts_customvoice_aiden_v1/slices/pre_qa/7c0d0395043e2a47d6cb-7d9dcdbb3d56.wav,f262ec9472fcc75275f5490f217ba447e7242a4eae5e620d1b4ed60aaba8eb6c,test,spoof,ru,unknown,voxforge_ru_mdc_qwen3_tts_customvoice_aiden_v1:fixed-profile:qwen3_tts_customvoice:aiden,voxforge_ru_mdc_qwen3_tts_customvoice_aiden_v1,VoxForge Russian GPL-3.0-or-later; Qwen CustomVoice/tokenizer Apache-2.0; cstr GGUF conversion Apache-2.0; CrispASR MIT,"Offline literal-text-only derivative of voxforge_ru_mdc_2026_05 text ru_0038; Apache-2.0: Qwen CustomVoice and tokenizer model cards, cstr GGUF conversion cards, and CrispASR runtime release; permitted only for this project's personal-research scope with no training, calibration, product, re-hosting, verified-speaker or speaker-independence claim; fixed documented English Aiden token; no reference audio, voice cloning, VoiceDesign or auto-download; language provenance is intended input text until acoustic/language review",voxforge_ru_mdc_qwen3_tts_customvoice_aiden_v1:synthetic-profile:qwen3_tts_customvoice:aiden,ru_0038,7d9dcdbb3d568f0fd47492434849cdaafd24bffc10d4ceb0628bc1d65c5e2db8,6.64,qwen3_tts_customvoice_gguf,Qwen3-TTS 0.6B CustomVoice Q8_0 GGUF,talker-cstr-29094dcb46f19b0898616aa9aeb876aa9aa6e086-5227dcbc4df7c5533341d111cc469fa491a48e722b23dd10f553181b52dff2d9; codec-cstr-344e279551177654762e5c7d39e217834325f222-70dc95dbfdd9aa5d9d406236ff771d061bf17b0cda02a72513953355606e719b; crispasr-v0.8.28-99e990ae-c2413af7d5e70a166b74fe96f5afb6d7463f1414a5ac2dea7cd982da9f83f827; fixed-aiden; wrapper-f02d93fd7ee064539771a868c5033bc163bec1c94c838eb1152c52eb7eb677b7,qwen3_tts_customvoice:aiden,not_applicable:fixed_pretrained_tts_no_reference_audio,cuda:0,offline_local_gguf_qwen3_tts_customvoice_fixed_aiden,24000,wav,language_provenance=intended_input_text_only;literal_source_text_sha256=7d9dcdbb3d568f0fd47492434849cdaafd24bffc10d4ceb0628bc1d65c5e2db8;rng_seed=2107493819;reference_audio=forbidden;voice_design=forbidden,2107493819,2026-08-13T18:35:11Z
voxforge_ru_mdc_qwen3_tts_customvoice_aiden_v1:6160432224675a1c42f8,raw/voxforge_ru_mdc_qwen3_tts_customvoice_aiden_v1/slices/pre_qa/97c3715e35c38e95ea35-032ca5e9a515.wav,c53d08bc6e6c1f596ccd95d91258f4ed627b988d45b860437573bc6c8ddc600b,test,spoof,ru,unknown,voxforge_ru_mdc_qwen3_tts_customvoice_aiden_v1:fixed-profile:qwen3_tts_customvoice:aiden,voxforge_ru_mdc_qwen3_tts_customvoice_aiden_v1,VoxForge Russian GPL-3.0-or-later; Qwen CustomVoice/tokenizer Apache-2.0; cstr GGUF conversion Apache-2.0; CrispASR MIT,"Offline literal-text-only derivative of voxforge_ru_mdc_2026_05 text ru_0045; Apache-2.0: Qwen CustomVoice and tokenizer model cards, cstr GGUF conversion cards, and CrispASR runtime release; permitted only for this project's personal-research scope with no training, calibration, product, re-hosting, verified-speaker or speaker-independence claim; fixed documented English Aiden token; no reference audio, voice cloning, VoiceDesign or auto-download; language provenance is intended input text until acoustic/language review",voxforge_ru_mdc_qwen3_tts_customvoice_aiden_v1:synthetic-profile:qwen3_tts_customvoice:aiden,ru_0045,032ca5e9a5158ae437074ad928a40d019e66aa4f04ad21f2a3ef5acd35d1029e,4.8,qwen3_tts_customvoice_gguf,Qwen3-TTS 0.6B CustomVoice Q8_0 GGUF,talker-cstr-29094dcb46f19b0898616aa9aeb876aa9aa6e086-5227dcbc4df7c5533341d111cc469fa491a48e722b23dd10f553181b52dff2d9; codec-cstr-344e279551177654762e5c7d39e217834325f222-70dc95dbfdd9aa5d9d406236ff771d061bf17b0cda02a72513953355606e719b; crispasr-v0.8.28-99e990ae-c2413af7d5e70a166b74fe96f5afb6d7463f1414a5ac2dea7cd982da9f83f827; fixed-aiden; wrapper-f02d93fd7ee064539771a868c5033bc163bec1c94c838eb1152c52eb7eb677b7,qwen3_tts_customvoice:aiden,not_applicable:fixed_pretrained_tts_no_reference_audio,cuda:0,offline_local_gguf_qwen3_tts_customvoice_fixed_aiden,24000,wav,language_provenance=intended_input_text_only;literal_source_text_sha256=032ca5e9a5158ae437074ad928a40d019e66aa4f04ad21f2a3ef5acd35d1029e;rng_seed=53257705;reference_audio=forbidden;voice_design=forbidden,53257705,2026-08-13T18:35:11Z
